timestamp_us,x_g,y_g,z_g
4208274617,0.133057,0.016357,1.999939
4208284617,0.150146,0.187012,0.906982
4208289617,0.177246,0.279541,0.996826
4208294617,0.263428,0.300537,1.448975
4208299617,-1.256592,-0.15625,-2.0
4208304617,-0.180664,1.949707,1.325928
4208309617,0.431885,0.314209,0.435547
4208314617,0.456787,-0.000488,0.406982
4208319617,0.103516,0.010254,0.32959
4208324617,0.164307,0.34668,1.434082
4208329617,0.192139,0.280518,1.235107
4208334617,0.238525,0.323242,1.118896
4208339617,0.164307,0.309082,1.083496
4208344617,-1.44165,0.399414,1.999939
4208349617,-0.401611,0.304199,0.976562
4208354617,0.275391,0.273682,1.012207
4208359617,-0.078857,0.164062,1.361816
4208364617,0.058105,0.349854,1.496094
4208369617,0.208008,0.241943,0.939941
4208374617,0.179199,0.209229,1.040283
4208379617,0.196777,0.168213,0.963379
4208384617,0.124512,0.173096,0.882568
4208389617,0.206055,0.195312,0.996582
4208394617,0.13916,0.24292,0.985352
4208399617,0.170166,0.237549,1.031982
4208404617,0.192871,0.205811,0.982178
4208409617,0.218018,0.144531,1.047607
4208414617,0.188477,0.102051,0.951904
4208419617,0.18457,0.146729,0.950439
4208424617,0.165039,0.300293,1.576416
4208429617,0.187256,0.275146,0.997314
4208434617,0.236328,0.352783,1.653564
4208439617,0.182129,0.133545,0.980225
4208444617,0.189209,0.220947,1.100098
4208449617,0.160889,0.269531,1.105713
4208454617,0.157715,0.309814,1.078613
4208459617,0.193604,0.284668,1.074707
4208464617,0.142822,0.23877,0.973145
4208469617,0.126465,0.248535,0.942627
4208474617,0.169678,0.242187,1.016602
4208479617,0.150635,0.232178,0.995605
4208484617,0.185059,0.21875,1.045166
4208489617,0.189453,0.207275,1.047852
4208494617,0.182373,0.208252,1.028809
4208499617,0.173828,0.189941,1.010742
4208504617,0.171875,0.202393,0.989258
4208509617,0.168457,0.197754,0.964844
4208514617,0.1875,0.198486,0.990234
4208519617,0.19043,0.183838,0.998535
4208524617,0.176758,0.232422,1.105469
4208529617,0.124756,0.208008,0.950684
4208534617,0.200439,0.136475,1.045654
4208539617,0.205322,0.167725,1.014893
4208544617,0.233887,0.243652,1.102539
4208549617,0.188721,0.246094,1.052734
4208554617,0.190918,0.249268,1.083984
4208559617,0.187988,0.294922,1.095459
4208564617,0.123047,0.283203,0.946777
4208569617,0.153076,0.230957,0.94751
4208574617,0.169189,0.240234,1.020752
4208579617,0.148437,0.249756,1.001465
4208584617,0.17041,0.276367,1.063477
4208589617,0.166992,0.262207,1.084961
4208594617,0.164551,0.196533,1.010986
4208599617,0.175781,0.152832,0.987305
4208604617,0.182129,0.184814,0.988037
4208609617,0.18335,0.219727,0.993164
4208614617,-0.096191,-0.264404,1.088135
4208619617,0.284912,0.26123,1.015137
4208624617,0.058594,0.179687,0.969238
4208629617,0.315674,0.195801,1.195068
4208634617,0.209473,0.236572,1.055908
4208639617,0.264404,0.259277,1.388428
4208644617,0.226318,0.164062,1.466309
4208649617,0.146729,0.390625,0.953857
4208654617,0.150146,0.239502,0.999512
4208659617,0.14209,0.27832,0.953613
4208664617,0.086914,0.226318,0.949707
4208669617,0.224365,0.238525,0.995605
4208674617,0.146484,0.203613,1.036133
4208679617,0.225586,0.208252,0.914307
4208684617,0.194092,0.210449,1.030273
4208689617,0.164307,0.220215,1.041992
4208694617,0.190674,0.240234,1.02417
4208699617,0.168701,0.226562,1.036621
4208704617,0.1604,0.210693,1.00415
4208709617,0.198975,0.182129,1.0
4208714617,0.158203,0.187988,0.979248
4208719617,0.180176,0.191895,1.01123
4208724617,0.187744,0.208252,1.022217
4208729617,0.162842,0.211182,1.016602
4211309617,0.171875,0.215332,1.010742
4211314617,0.161377,0.212402,1.0
4211319617,0.175293,0.216064,1.008057
4211324617,0.167236,0.214111,1.014648
4211329617,0.169678,0.221191,1.011475
4211334617,0.172119,0.215332,1.014404
4211339617,0.172119,0.220459,1.010254
4211344617,0.170654,0.217041,1.00415
4211349617,0.169189,0.220703,1.009521
4211354617,0.175537,0.224609,1.015137
4211359617,0.172363,0.220947,1.013184
4211364617,0.169922,0.223389,1.018555
4211369617,0.165771,0.223877,1.009766
4211374617,0.172119,0.220703,1.00708
4211379617,0.168945,0.220215,1.006592
4211384617,0.172119,0.216553,1.015625
4211389617,0.171875,0.2229,1.011719
4211394617,0.168457,0.213135,1.008301
4211399617,0.166992,0.21875,1.004883
4211404617,0.172607,0.215576,1.005615
4211409617,0.168945,0.218506,1.009521
4211414617,0.167725,0.221436,1.012207
4211419617,0.173096,0.222412,1.019287
4211424617,0.170654,0.220215,1.01001
4211429617,0.171143,0.224609,1.006104
4211434617,0.172363,0.220947,1.011475
4211439617,0.16748,0.223633,1.013672
4211444617,0.172363,0.223633,1.012451
4211449617,0.170898,0.216797,1.011475
4211454617,0.170898,0.219482,1.009521
4211459617,0.173584,0.220703,1.017334
4211464617,0.17334,0.218506,1.004395
4211469617,0.168945,0.220459,1.011475
4211474617,0.171387,0.220947,1.010742
4211479617,0.16626,0.214111,1.014404
4211484617,0.147461,0.210937,1.023438
4211489617,0.134521,0.20459,1.015869
4211494617,0.143311,0.207764,1.01709
4211499617,0.157227,0.211914,1.013672
4211504617,0.191895,0.227539,1.005615
4211509617,0.213623,0.242187,1.044434
4211514617,0.20874,0.236816,0.974365
4211519617,0.206299,0.236084,0.973633
4211524617,0.227051,0.25,1.026855
4211529617,0.199463,0.227051,1.009277
4211534617,0.190186,0.219727,0.998047
4211539617,0.169678,0.204346,1.000244
4211544617,0.151855,0.208984,1.017334
4211549617,0.142578,0.2146,1.030518
4211554617,0.125488,0.201172,1.013184
4211559617,0.129883,0.203369,1.023193
4211564617,0.136719,0.206055,1.033447
4211569617,0.149414,0.209961,1.029541
4211574617,0.156006,0.2146,1.0
4211579617,0.164062,0.223877,1.001221
4211584617,0.19458,0.236328,1.021484
4211589617,0.196533,0.233643,1.017334
4211594617,0.207764,0.240723,1.003174
4211599617,0.20752,0.231689,0.994385
4211604617,0.196777,0.224854,0.994873
4211609617,0.194092,0.2229,1.00293
4211614617,0.184326,0.216797,1.003174
4211619617,0.166016,0.218018,1.010498
4211624617,0.163574,0.20874,1.017334
4211629617,0.141846,0.20166,1.016357
4211634617,0.141357,0.199219,1.010742
4211639617,0.152832,0.204346,1.022949
4211644617,0.128906,0.200684,0.995361
4211649617,0.153564,0.229248,1.019775
4211654617,0.181396,0.242432,1.039307
4211659617,0.165039,0.215576,0.975586
4211664617,0.181396,0.23584,1.001953
4211669617,0.193359,0.231689,1.031006
4211674617,0.200439,0.226318,1.006836
4211679617,0.186768,0.226318,0.999268
4211684617,0.188477,0.225098,1.007813
4211689617,0.179932,0.224854,1.008057
4211694617,0.165039,0.217285,0.999023
4211699617,0.167725,0.206787,1.003174
4211704617,0.161377,0.206299,1.022949
4211709617,0.156494,0.20752,1.030762
4211714617,0.152588,0.212891,1.020264
4211719617,0.151123,0.215088,1.01001
4211724617,0.154053,0.220459,1.009521
4211729617,0.164551,0.224609,1.014893
4211734617,0.170654,0.225342,1.019287
4211739617,0.181396,0.231201,1.009521
4211744617,0.178711,0.223633,1.0
4211749617,0.195312,0.227051,1.018066
4211754617,0.192383,0.228516,1.018311
4211759617,0.175781,0.224365,0.993408
4211764617,-0.956299,1.999939,-2.0
4211769617,-0.987305,0.366943,0.123779
4211774617,-1.678711,0.973389,0.781006
4211779617,-1.439941,0.008301,-2.0
4211784617,-2.0,1.999939,-2.0
4211789617,-1.985107,0.969482,-2.0
4211794617,-1.189941,0.132568,-2.0
4211799617,-2.0,1.498779,-2.0
4211804617,-1.207275,1.999939,1.036865
4211809617,-1.925293,1.790039,1.263916
4211814617,-0.469727,1.113037,-0.913574
4211819617,0.549561,-0.614746,-1.938721
4211824617,0.20874,0.872314,-0.157959
4211829617,0.053467,0.144775,0.760742
4211834617,0.316895,0.268799,1.041504
4211839617,0.079834,0.313477,1.128174
4211844617,0.252686,0.174316,0.676025
4211849617,0.378418,0.294189,1.134766
4211854617,0.129883,0.528076,1.777588
4211859617,0.348145,0.17334,1.065674
4211864617,0.093506,0.259521,0.899902
4211869617,0.141113,0.235107,0.939209
4211874617,0.187744,0.271729,1.050781
4211879617,0.174805,0.204346,1.091309
4211884617,0.173828,0.245605,0.971924
4211889617,0.167969,0.177979,1.045166
4211894617,0.19043,0.253906,1.098145
4211899617,0.191406,0.17749,1.006836
4211904617,0.195801,0.1875,0.994385
4211909617,0.218262,0.216064,0.946777
4211914617,0.238037,0.120361,1.078125
4211919617,0.548584,0.362305,0.365723
4211924617,0.103516,0.161133,0.995361
4211929617,0.189209,0.180908,0.912598
4211934617,0.194824,0.279785,1.09082
4211939617,0.1521,0.252441,1.041748
4211944617,0.14209,0.223877,1.017334
4211949617,0.169678,0.237061,1.065186
4211954617,0.171875,0.237793,1.029053
4211959617,0.15918,0.259277,1.021973
4211964617,0.140625,0.255371,0.995117
4211969617,0.141846,0.171143,1.21582
4211974617,0.122803,0.245361,0.988525
4211979617,-0.528564,0.929199,0.134277
4211984617,0.283203,0.229492,0.644043
4211989617,0.141846,0.243164,1.092773
4211994617,0.296143,0.18457,1.04248
4211999617,0.152588,0.184326,0.948242
4212004617,0.207031,0.225586,1.006104
4212009617,0.165283,0.216064,1.078369
4212014617,0.161621,0.226074,0.993896
4212019617,0.173584,0.206055,1.049316
4212024617,0.165039,0.206787,1.00293
4212029617,0.166504,0.210449,0.98584
4212034617,0.143311,0.235596,0.991699
4212039617,0.16626,0.236328,1.025635
4212044617,0.16626,0.245605,1.044678
4212049617,0.172852,0.243164,1.028564
4212054617,0.18457,0.240723,1.032227
4212059617,0.16748,0.231201,1.013184
4212064617,0.172363,0.22168,0.985107
4212069617,0.165527,0.231689,1.005615
4212074617,0.178711,0.220215,1.025146
4212079617,0.171875,0.218018,1.03418
4212084617,0.171631,0.214111,1.0271
4212089617,0.17334,0.20166,1.010742
4212094617,0.168945,0.193848,1.007568
4212099617,0.167236,0.202148,0.996094
4212104617,0.159912,0.203369,1.000488
4212109617,0.166748,0.218506,1.005127
4212114617,0.173828,0.221436,1.028076
4212119617,0.174072,0.227783,1.012695
4212124617,0.175781,0.223877,1.015625
4212129617,0.172363,0.216064,1.003418
4212134617,0.173096,0.225342,0.989258
4212139617,0.165771,0.234863,1.005859
4212144617,0.170898,0.233643,1.016357
4212149617,0.175293,0.232666,1.033447
4212154617,0.172607,0.229248,1.030518
4212159617,0.166016,0.223877,1.00293
4212164617,0.170166,0.217773,1.002441
4212169617,0.165527,0.212402,1.008301
4212174617,0.150635,0.211914,0.991699
4212179617,0.172363,0.218506,1.014648
4212184617,0.171387,0.219482,1.025391
4212189617,0.173096,0.207275,1.021484
4212194617,0.17749,0.208252,1.01001
4212199617,0.155273,0.203857,0.996094
4212204617,0.199219,0.225098,1.018066
4212209617,0.166504,0.214111,1.000244
4212214617,0.172607,0.234131,1.004639
4212219617,0.178711,0.222656,1.029053
4212224617,0.17749,0.227051,1.018799
4212229617,0.179687,0.217041,1.018555
4212234617,0.155518,0.218506,1.004395
4212239617,0.172852,0.230225,1.007324
4212244617,0.157959,0.218506,0.996338
4212249617,0.161865,0.230957,1.019287
4212254617,0.164551,0.219238,1.021484
4212259617,0.163574,0.214111,1.011963
4212264617,0.175781,0.219971,1.021729
4212269617,0.164551,0.214844,1.013428
4212274617,0.165283,0.219482,0.997803
4212279617,0.169434,0.223633,1.007324
4212284617,0.171387,0.222168,1.008057
4212289617,0.174316,0.218262,1.014893
4212294617,0.17749,0.219971,1.022705
4212299617,0.174316,0.216797,1.012939
4212304617,0.166016,0.222412,0.993652
4212309617,0.169678,0.222656,1.011719
4212314617,0.169678,0.222656,1.012695
4212319617,0.164795,0.224854,1.01416
4212324617,0.168945,0.220215,1.013916
4212329617,0.168457,0.22168,1.023193
4212334617,0.16626,0.216797,1.022461
4212339617,0.16748,0.219727,1.005615
4212344617,0.172852,0.224854,1.02002
4212349617,0.167969,0.218994,1.01416
4212354617,0.167236,0.220215,1.014404
4212359617,0.174316,0.219238,1.013916
4212364617,0.174316,0.219971,1.012695
4212369617,0.169922,0.222656,1.003906
4212374617,0.175049,0.220703,1.002197
4212379617,0.173584,0.21875,1.020996
4212384617,0.173584,0.225098,1.015381
4212389617,0.176758,0.223633,1.004639
4212394617,0.174316,0.218018,1.015869
4212399617,0.171631,0.218262,1.01001
4212404617,0.166748,0.220459,1.01416
4212409617,0.162109,0.217529,1.005371
4212414617,0.168945,0.223389,1.015381
4212419617,0.168457,0.221924,1.01123
4212424617,0.168701,0.222168,1.016357
4212429617,0.169434,0.219727,1.018066
4212434617,0.171631,0.221924,1.004395
4212439617,0.174805,0.220215,1.011963
4212444617,0.174072,0.22168,1.0
4212449617,0.172119,0.220215,1.009277
4212454617,0.174561,0.223145,1.014893
4212459617,0.168945,0.218506,1.006592
4212464617,0.17041,0.222168,1.007324
4212469617,0.17041,0.220215,1.01123
4212474617,0.172852,0.220947,1.015869
4212479617,0.165771,0.220215,1.016357
4212484617,0.168213,0.218994,1.006592
4212489617,0.165527,0.220703,1.011963
4212494617,0.167236,0.219238,1.012451
4212499617,0.168701,0.219971,1.006836
4212504617,0.172363,0.220947,1.014893
4212509617,0.171631,0.218262,1.013428
4212514617,0.168701,0.220703,1.006104
4212519617,0.166992,0.221924,1.008057
4212524617,0.173584,0.216797,1.008301
4212529617,0.170898,0.218018,1.012695
4212534617,0.16626,0.21875,1.015381
4212539617,0.172607,0.220215,1.008057
4212544617,0.165771,0.219971,1.014648
4212549617,0.166016,0.220703,1.01416
4212554617,0.169434,0.2146,1.001465
4212559617,0.168945,0.220947,1.009033
4212564617,0.178955,0.22583,1.025879
4212569617,0.169434,0.21582,1.016846
4212574617,0.167236,0.218262,1.010254
4212579617,0.169678,0.221924,1.01123
4212584617,0.172607,0.219238,1.010742
4212589617,0.174561,0.219238,1.011475
4212594617,0.168457,0.219971,1.01123
4212599617,0.168701,0.219238,1.010986
4212604617,0.169434,0.219482,1.014893
4212609617,0.169434,0.225586,1.01123
4212614617,0.168213,0.221191,1.009521
4212619617,0.167725,0.223877,1.014404
4212624617,0.165771,0.224121,1.01709
4212629617,0.169922,0.220215,1.013916
4212634617,0.172363,0.217773,1.011475
4212639617,0.175293,0.220703,1.012451
4212644617,0.171875,0.222656,1.018555
4212649617,0.172607,0.214844,1.005859
4212654617,0.169434,0.214844,1.007568
4212659617,0.168213,0.216797,1.008545
4212664617,0.172119,0.217041,1.011963
4212669617,0.166748,0.220947,1.018799
4212674617,0.171387,0.220947,1.01123
4212679617,0.168945,0.217041,1.008057
4212684617,0.164795,0.223633,1.009766
4212689617,0.168213,0.221924,1.016357
4212694617,0.166992,0.219727,1.010986
4212699617,0.169678,0.220459,1.008545
4212704617,0.169678,0.221436,1.006348
4212709617,0.167725,0.21875,1.004883
4212714617,0.170654,0.222412,1.008301
4212719617,0.174805,0.222168,1.016357
4212724617,0.175049,0.221436,1.011963
4212729617,0.172119,0.217285,1.010742
4212734617,0.17041,0.219971,1.006104
4212739617,0.171143,0.219238,1.006592
4212744617,0.169189,0.221191,1.005371
4212749617,0.168701,0.218262,1.014648
4212754617,0.171387,0.217529,1.015869
4212759617,0.173828,0.217529,1.011475
4212764617,0.171143,0.217529,1.013184
4212769617,0.173828,0.221191,1.016113
4212774617,0.17041,0.220947,1.002686
4212779617,0.170166,0.227295,1.011963
4212784617,0.169922,0.222412,1.010498
4212789617,0.170898,0.217773,1.005859
4212794617,0.173828,0.221924,1.010254
4212799617,0.171143,0.22168,1.006104
4212804617,0.168701,0.220459,1.001709
4212809617,0.177002,0.215332,1.016357
4212814617,0.166748,0.224121,1.005615
4212819617,0.166992,0.21875,1.015137
4212824617,0.166504,0.220703,1.009033
4212829617,0.172852,0.222168,1.01123
4212834617,0.169678,0.219971,1.013916
4212839617,0.171631,0.225586,1.012695
4212844617,0.169922,0.220947,1.006348
4212849617,0.173096,0.22168,1.01123
4212854617,0.169922,0.217529,1.004639
4212859617,0.171875,0.22168,1.01123
4212864617,0.172607,0.22168,1.009277
4212869617,0.168945,0.221436,1.005371
4212874617,0.175293,0.212891,1.012451
4212879617,0.17749,0.21582,1.010254
4212884617,0.169922,0.222168,1.017822
4212889617,0.165771,0.224609,1.022217
4212894617,0.165527,0.216064,1.010254
4212899617,0.169434,0.220215,1.022949
4212904617,0.163574,0.223389,0.998535
4212909617,0.176758,0.217773,1.00708
4212914617,0.169189,0.216797,1.014404
4212919617,0.174072,0.227051,1.00708
4212924617,0.170166,0.2229,1.023926
4212929617,0.169434,0.217285,1.015137
4212934617,0.170166,0.222168,1.015869
4212939617,0.172607,0.222656,1.016113
4212944617,0.174316,0.216797,1.014404
4212949617,0.175049,0.216797,1.017334
4212954617,0.165771,0.221436,1.017334
4212959617,0.171875,0.219482,1.009766
4212964617,0.171143,0.219971,1.000244
4212969617,0.174561,0.221191,1.008545
4212974617,0.172363,0.220215,1.009277
4212979617,0.172363,0.225098,1.011719
4212984617,0.172607,0.224365,1.009033
4212989617,0.175293,0.21875,1.013428
4212994617,0.171631,0.223633,1.008545
4212999617,0.170898,0.218018,1.01001
4213004617,0.171143,0.218506,1.01123
4213009617,0.172852,0.221924,1.015869
4213014617,0.172363,0.222168,1.010986
4213019617,0.174072,0.21875,1.012451
4213024617,0.168457,0.220947,1.005859
4213029617,0.175049,0.220459,1.010498
4213034617,0.169434,0.2229,1.017822
4213039617,0.172363,0.219727,1.015137
4213044617,0.171875,0.221924,1.012451
4213049617,0.171387,0.218018,1.015869
4213054617,0.170654,0.221436,1.013428
4213059617,0.165527,0.221436,1.013428
4213064617,0.165283,0.219238,1.013672
4213069617,0.173584,0.216553,1.009033
4213074617,0.168457,0.219482,1.016602
4213079617,0.165771,0.223145,1.011475
4213084617,0.174805,0.217285,1.007324
4213089617,0.172119,0.219238,1.009521
4213094617,0.169678,0.21875,1.012939
4213099617,0.166992,0.22168,1.008545
4213104617,0.168457,0.22168,1.005127
4213109617,0.175049,0.219238,1.009277
4213114617,0.171143,0.218994,1.010498
4213119617,0.165527,0.224121,1.011963
4213124617,0.174316,0.2229,1.009766
4213129617,0.173828,0.222168,1.004639
4213134617,0.17334,0.221924,1.012695
4213139617,0.171631,0.222412,1.015869
4213144617,0.171875,0.217773,1.007568
4213149617,0.169678,0.222656,1.014893
4213154617,0.171143,0.217285,1.011719
4213159617,0.173096,0.218994,1.015869
4213164617,0.172363,0.219727,1.00708
4213169617,0.171875,0.224365,1.010254
4213174617,0.172119,0.223389,1.006592
4213179617,0.17334,0.219238,1.009277
4213184617,0.17334,0.220459,1.011719
4213189617,0.170166,0.221436,1.012207
4213194617,0.170654,0.220947,1.006836
4213199617,0.172852,0.22168,1.010498
4213204617,0.177002,0.222412,1.014404
4213209617,0.170166,0.220459,1.010986
4213214617,0.170166,0.218506,1.007568
4213219617,0.170898,0.219238,1.018799
4213224617,0.168457,0.217529,1.009521
4213229617,0.170654,0.218262,1.012939
4213234617,0.169189,0.219971,1.004395
4213239617,0.171387,0.216064,1.011963
4213244617,0.172607,0.218262,1.007813
4213249617,0.171875,0.223389,1.007568
4213254617,0.174561,0.220947,1.01416
4213259617,0.17334,0.222656,1.005127
4213264617,0.172119,0.221924,1.007813
4213269617,0.170654,0.216797,1.009277
4213274617,0.170898,0.21875,1.008789
4213279617,0.170898,0.2229,1.012451
4213284617,0.174316,0.219971,1.00708
4213289617,0.172852,0.216309,1.015869
4213294617,0.172119,0.221436,1.006348
4213299617,0.171631,0.219727,1.006836
4213304617,0.170654,0.220215,1.013184
4213309617,0.17334,0.222656,1.012695
4213314617,0.176025,0.223389,1.015381
4213319617,0.17041,0.226562,1.009033
4213324617,0.166504,0.224365,1.010498
4213329617,0.174072,0.223877,1.008789
4213334617,0.177246,0.223633,1.020508
4213339617,0.174316,0.222656,1.015625
4213344617,0.171387,0.221191,1.01001
4213349617,0.171875,0.22168,1.010254
4213354617,0.169678,0.222656,1.007324
4213359617,0.177246,0.219727,1.008301
4213364617,0.171875,0.22168,1.016357
4213369617,0.168945,0.216797,1.008057
4213374617,0.172363,0.21875,1.01001
4213379617,0.168457,0.216309,1.007324
4213384617,0.169189,0.218994,1.008789
4213389617,0.167236,0.222656,1.003662
4213394617,0.170166,0.221191,1.012939
4213399617,0.170898,0.227295,1.022217
4213404617,0.174072,0.224365,1.022949
4213409617,0.171143,0.220703,1.007813
4213414617,0.166504,0.221924,1.013428
4213419617,0.171387,0.22168,1.009766
4213424617,0.168945,0.221191,1.01416
4213429617,0.170654,0.220215,1.016113
4213434617,0.166748,0.218018,1.009277
4213439617,0.172852,0.216797,1.012695
4213444617,0.171631,0.215088,1.008789
4213449617,0.171875,0.217285,1.008545
4213454617,0.174072,0.220947,1.012451
4213459617,0.171387,0.221191,1.013428
4213464617,0.169922,0.222412,1.013184
4213469617,0.171387,0.222412,1.005127
4213474617,0.171387,0.223877,1.014404
4213479617,0.169434,0.227783,1.018555
4213484617,0.169922,0.226074,1.01709
4213489617,0.167236,0.220703,1.007568
4213494617,0.169922,0.221924,1.019775
4213499617,0.171143,0.224121,1.019043
4213504617,0.170166,0.2229,1.016113
4213509617,0.167725,0.21875,1.012207
4213514617,0.167236,0.218262,1.007324
4213519617,0.169922,0.215576,1.010498
4213524617,0.169189,0.220459,1.00415
4213529617,0.168457,0.218262,1.009277
4213534617,0.174805,0.214844,1.004883
4213539617,0.172119,0.218506,1.010254
4213544617,0.17041,0.216553,1.009766
4213549617,0.171387,0.217529,1.011719
4213554617,0.174805,0.215332,1.007324
4213559617,0.169434,0.219727,1.008789
4213564617,0.172607,0.226318,1.01709
4213569617,0.170166,0.223389,1.018555
4213574617,0.174316,0.22168,1.012695
4213579617,0.169189,0.226807,1.010742
4213584617,0.171631,0.220215,1.013916
4213589617,0.167236,0.223633,1.006348
4213594617,0.16748,0.218506,1.01123
4213599617,0.166016,0.218506,1.015625
4213604617,0.166992,0.217285,1.007568
4213609617,0.165039,0.221436,1.011719
4213614617,0.166504,0.218262,1.005859
4213619617,0.172119,0.218506,1.011475
4213624617,0.172607,0.216064,1.008545
4213629617,0.172607,0.219482,1.010742
4213634617,0.168213,0.220703,1.004639
4213639617,0.169434,0.215088,1.013428
4213644617,0.172607,0.223145,1.01123
4213649617,0.172363,0.225098,1.015381
4213654617,0.170654,0.222412,1.010254
4213659617,0.172852,0.219482,1.010498
4213664617,0.173584,0.223633,1.01416
4213669617,0.171387,0.217773,1.013184
4213674617,0.172363,0.2229,1.009277
4213679617,0.169434,0.220703,1.012207
4213684617,0.169189,0.2229,1.009277
4213689617,0.165039,0.213623,1.019043
4213694617,0.165283,0.216553,1.009277
4213699617,0.16748,0.218994,1.011719
4213704617,0.169189,0.211426,1.013672
4213709617,0.170166,0.219482,1.01416
4213714617,0.164062,0.216309,1.013428
4213719617,0.17041,0.222168,1.005127
4213724617,0.168701,0.221924,1.003662
4213729617,0.170654,0.229248,1.007568
4213734617,0.173828,0.231201,1.011475
4213739617,0.175781,0.22998,1.008789
4213744617,0.174072,0.229492,1.014404
4213749617,0.171143,0.230957,1.013184
4213754617,0.171875,0.224854,1.018066
4213759617,0.169189,0.227539,1.010498
4213764617,0.165283,0.218262,1.010986
4213769617,0.172852,0.219727,1.020264
4213774617,0.169189,0.217285,1.011963
4213779617,0.167725,0.217529,1.008789
4213784617,0.169678,0.218506,1.011475
4213789617,0.167725,0.216309,1.006592
4213794617,0.17041,0.213867,1.010254
4213799617,0.173584,0.220947,1.008301
4213804617,0.173828,0.216797,1.008057
4213809617,0.171143,0.217773,1.009521
4213814617,0.167236,0.220703,1.008057
4213819617,0.174561,0.217041,1.017822
4213824617,0.16748,0.220215,1.010986
4213829617,0.169434,0.222412,1.007813
4213834617,0.165527,0.224609,1.012939
4213839617,0.174561,0.221436,1.010742
4213844617,0.171143,0.225098,1.009521
4213849617,0.171631,0.223145,1.01709
4213854617,0.174561,0.220459,1.02002
4213859617,0.17334,0.219482,1.008545
4213864617,0.171387,0.224609,1.004883
4213869617,0.172119,0.226318,1.011963
4213874617,0.172607,0.220947,1.009521
4213879617,0.171143,0.219727,1.016113
4213884617,0.171387,0.219482,1.013672
4213889617,0.170898,0.221191,1.010742
4213894617,0.172607,0.216797,1.01123
4213899617,0.172607,0.214355,1.016846
4213904617,0.172852,0.219482,1.019043
4213909617,0.172607,0.215332,1.016846
4213914617,0.171387,0.216797,1.009521
4213919617,0.170654,0.216553,1.010986
4213924617,0.168945,0.217529,1.006592
4213929617,0.165283,0.219238,1.004883
4213934617,0.167236,0.2229,1.01709
4213939617,0.172119,0.218994,1.010742
4213944617,0.166016,0.221924,1.016113
4213949617,0.170898,0.226318,1.012939
4213954617,0.17334,0.219482,1.003174
4213959617,0.172119,0.22168,1.004395
4213964617,0.173828,0.22168,1.016846
4213969617,0.177002,0.224365,1.012207
4213974617,0.167969,0.223633,1.012451
4213979617,0.17334,0.218994,1.008789
4213984617,0.173096,0.214844,1.011719
4213989617,0.174072,0.217529,1.013184
4213994617,0.169434,0.223145,1.006836
4213999617,0.174316,0.221924,1.009033
4214004617,0.165283,0.217529,1.014648
4214009617,0.164307,0.222412,1.013184
4214014617,0.167969,0.219238,1.010498
4214019617,0.171631,0.221436,1.017334
4214024617,0.167236,0.222412,1.014893
4214029617,0.167969,0.218018,1.008057
4214034617,0.17041,0.220215,1.015137
4214039617,0.16748,0.219727,1.010986
4214044617,0.174805,0.219971,1.007324
4214049617,0.176514,0.219238,1.012695
4214054617,0.175537,0.220459,1.012451
4214059617,0.171875,0.220459,1.008545
4214064617,0.172607,0.220459,1.002197
4214069617,0.170654,0.219238,1.01001
4214074617,0.171875,0.224121,1.010986
4214079617,0.169678,0.22168,1.013916
4214084617,0.167236,0.22168,1.009033
4214089617,0.164307,0.225098,1.013672
4214094617,0.168701,0.224609,1.019287
4214099617,0.165527,0.219482,1.020996
4214104617,0.166016,0.21875,1.019531
4214109617,0.168457,0.224854,1.013184
4214114617,0.168457,0.218994,1.017334
4214119617,0.177734,0.223145,1.008301
4214124617,0.176025,0.215576,1.009033
4214129617,0.178467,0.223145,0.999512
4214134617,0.17749,0.218994,1.006592
4214139617,0.177002,0.220703,1.01123
4214144617,0.174316,0.220947,1.009766
4214149617,0.172607,0.217529,1.017334
4214154617,0.167236,0.217285,1.008545
4214159617,0.167725,0.223633,1.008545
4214164617,0.16626,0.218994,1.010986
4214169617,0.163086,0.217041,1.014404
4214174617,0.167725,0.223633,1.016846
4214179617,0.171631,0.220947,1.016846
4214184617,0.168457,0.22168,1.01123
4214189617,0.166748,0.219727,1.014648
4214194617,0.168457,0.222168,1.012207
4214199617,0.171875,0.221191,1.016846
4214204617,0.17041,0.219727,1.010498
4214209617,0.171631,0.216064,1.010498
4214214617,0.174316,0.218262,1.012939
4214219617,0.171143,0.217285,1.009033
4214224617,0.173584,0.217773,1.003906
4214229617,0.171631,0.218262,1.008545
4214234617,0.170898,0.223633,1.010498
4214239617,0.177246,0.22168,1.008057
4214244617,0.173584,0.221924,1.011719
4214249617,0.172607,0.223145,1.012939
4214254617,0.173096,0.222412,1.001465
4214259617,0.170898,0.222412,1.013428
4214264617,0.17041,0.2229,1.01709
4214269617,0.166504,0.220703,1.015381
4214274617,0.167236,0.219727,1.01709
4214279617,0.170654,0.220947,1.009766
4214284617,0.166748,0.220947,1.010742
4214289617,0.171387,0.217041,1.015137
4214294617,0.166016,0.217285,1.009033
4214299617,0.169434,0.221191,1.016113
4214304617,0.175537,0.21875,1.013672
4214309617,0.169434,0.219482,1.016113
4214314617,0.16748,0.216553,1.01123
4214319617,0.170654,0.218506,1.010742
4214324617,0.173584,0.217041,1.007324
4214329617,0.170166,0.220215,1.014404
4214334617,0.174805,0.219238,1.007324
4214339617,0.17749,0.217041,1.013672
4214344617,0.172607,0.219971,1.001953
4214349617,0.175781,0.219727,1.018311
4214354617,0.171875,0.220703,1.010742
4214359617,0.17627,0.224854,1.012695
4214364617,0.17334,0.224121,1.013672
4214369617,0.173584,0.21875,1.009277
4214374617,0.172607,0.223389,1.016602
4214379617,0.171631,0.2229,1.014404
4214384617,0.166748,0.217041,1.013672
4214389617,0.170166,0.216797,1.014893
4214394617,0.166504,0.218506,1.01416
4214399617,0.168701,0.217529,1.011963
4214404617,0.16748,0.221191,1.013672
4214409617,0.169678,0.221436,1.009033
4214414617,0.174316,0.220703,1.008057
4214419617,0.176514,0.223877,1.015137
4214424617,0.171631,0.221436,1.012451
4214429617,0.169189,0.224609,1.009033
4214434617,0.171875,0.221436,1.005127
4214439617,0.169678,0.218506,1.014404
4214444617,0.170654,0.217773,1.01123
4214449617,0.168213,0.222168,1.016113
4214454617,0.176514,0.217773,1.01709
4214459617,0.173096,0.223633,1.014893
4214464617,0.169678,0.217529,1.011475
4214469617,0.168701,0.219971,1.004639
4214474617,0.167969,0.216064,1.001465
4214479617,0.174805,0.222412,1.010498
4214484617,0.174316,0.218994,1.004639
4214489617,0.172363,0.220947,1.014893
4214494617,0.172119,0.218018,1.015381
4214499617,0.169434,0.218506,1.012451
4214504617,0.17334,0.219971,1.011963
4214509617,1.054688,0.501221,-0.232178
4214514617,-2.0,-0.307129,-1.424316
4214519617,1.999939,1.999939,-2.0
4214524617,-0.386719,1.999939,-2.0
4214529617,-1.712891,0.161621,-2.0
4214534617,-1.179443,1.999939,-2.0
4214539617,1.335938,1.421387,-2.0
4214544617,0.048828,1.756348,-2.0
4214549617,-0.702148,1.360107,-2.0
4214554617,-0.224854,1.29834,1.999939
4214559617,-2.0,1.999939,-2.0
4214564617,0.657471,0.513184,-0.139893
4214569617,0.36792,0.173096,0.706055
4214574617,0.04126,0.462402,1.655518
4214579617,0.453613,0.317627,1.277588
4214584617,0.021484,0.342285,1.081299
4214589617,0.175293,0.176514,0.679443
4214594617,0.222656,0.219727,1.202393
4214599617,0.084961,0.208008,1.026367
4214604617,0.225342,0.293457,1.037842
4214609617,0.118652,0.340088,1.017334
4214614617,0.07959,0.331787,0.949463
4214619617,0.113525,0.297363,0.878174
4214624617,0.135742,0.131592,1.018066
4214629617,0.19165,0.106934,0.838623
4214634617,0.127441,0.084961,0.698486
4214639617,0.303467,0.415039,-2.0
4214644617,-1.341553,0.259033,1.426514
4214649617,-0.901123,0.214355,1.279541
4214654617,0.174805,0.210449,1.038818
4214659617,0.198486,0.14209,1.082031
4214664617,0.100098,0.23999,0.105469
4214669617,0.137207,0.034912,0.561035
4214674617,0.220459,0.22583,1.150635
4214679617,0.112793,0.283691,0.956055
4214684617,0.188721,0.240723,0.97583
4214689617,0.154541,0.241943,0.960937
4214694617,0.165283,0.260254,0.895264
4214699617,0.187744,0.233887,1.113037
4214704617,0.232178,0.21582,1.055664
4214709617,0.156738,0.269043,1.013672
4214714617,0.158447,0.267334,1.032227
4214719617,0.155762,0.334473,1.123779
4214724617,0.195557,0.22876,1.088867
4214729617,0.173584,0.147949,0.962158
4214734617,0.216309,0.13501,0.975342
4214739617,0.181152,0.185059,0.978516
4214744617,0.167969,0.164307,0.898926
4214749617,0.151611,0.227295,0.921143
4214754617,0.165039,0.221436,1.009033
4214759617,0.150879,0.220947,0.987793
4214764617,0.180664,0.205078,1.047852
4214769617,0.186279,0.188965,1.008057
4214774617,0.152832,0.223145,1.013428
4214779617,0.174805,0.250732,1.026855
4214784617,0.163574,0.264893,1.023438
4214789617,0.136719,0.284424,1.002686
4214794617,0.164551,0.256348,1.022705
4214799617,0.177734,0.226318,1.017822
4214804617,0.156982,0.2229,1.013672
4214809617,0.1521,0.2146,0.96875
4214814617,0.175049,0.225586,1.008789
4214819617,0.15918,0.239258,1.013184
4214824617,0.174316,0.222656,1.000244
4214829617,0.19165,0.194336,1.015137
4214834617,0.168701,0.194336,1.000732
4214839617,0.179199,0.17627,0.978271
4214844617,0.171143,0.195068,0.990234
4214849617,0.160156,0.24707,1.026611
4214854617,0.168457,0.227783,1.020752
4214859617,0.168701,0.241211,1.013428
4214864617,0.16626,0.229004,1.0271
4214869617,0.17334,0.216064,0.999268
4214874617,0.193115,0.207764,1.062744
4214879617,0.156982,0.25708,1.04126
4214884617,0.150146,0.258057,0.969971
4214889617,0.161865,0.243652,1.009521
4214894617,0.177246,0.231934,1.032715
4214899617,0.168945,0.213379,1.009766
4214904617,0.168213,0.201172,0.985596
4214909617,0.174072,0.189453,0.999023
4214914617,0.172607,0.17627,0.986084
4214919617,0.172363,0.213867,0.994873
4214924617,0.185303,0.219238,1.028564
4214929617,0.208984,0.260498,1.001221
4214934617,0.160156,0.09668,1.02832
4214939617,0.246826,0.174805,1.048096
4214944617,0.133057,0.190674,1.01123
4214949617,0.204102,0.222412,1.010742
4214954617,0.144775,0.214844,1.01123
4214959617,0.151123,0.224121,0.952637
4214964617,0.173096,0.218506,0.955078
4214969617,0.128418,0.257568,1.000488
4214974617,0.154541,0.284424,0.988525
4214979617,0.138672,0.296631,1.009277
4214984617,0.145264,0.32666,1.012207
4214989617,0.15625,0.318604,1.109619
4214994617,0.11084,0.251953,1.031738
4214999617,0.181152,0.287109,1.017578
4215004617,0.142334,0.276855,1.02002
4215009617,0.149414,0.254883,1.007568
4215014617,0.179199,0.235352,0.973145
4215019617,0.162598,0.175537,1.011475
4215024617,0.198975,0.156738,1.041504
4215029617,0.143066,0.191162,1.010498
4215034617,0.1875,0.227295,1.023926
4215039617,0.178955,0.174316,1.016846
4215044617,0.19873,0.141113,0.957764
4215049617,0.208252,0.141357,0.959473
4215054617,0.190918,0.190674,1.034424
4215059617,0.181396,0.201416,1.031982
4215064617,0.16748,0.215576,1.002686
4215069617,0.162354,0.252686,1.033936
4215074617,0.163818,0.234131,1.011719
4215079617,0.152588,0.244629,1.015381
4215084617,0.139648,0.263672,1.020996
4215089617,0.153564,0.255127,1.020996
4215094617,0.134033,0.287354,1.021729
4215099617,0.154541,0.286865,1.024414
4215104617,0.143311,0.270996,1.028809
4215109617,0.160889,0.255859,1.025146
4215114617,0.170898,0.234863,1.01416
4215119617,0.182861,0.215576,1.026123
4215124617,0.165771,0.209961,1.024902
4215129617,0.176514,0.208984,0.997803
4215134617,0.188477,0.181396,0.996826
4215139617,0.174805,0.176758,0.977539
4215144617,0.171875,0.159912,0.962891
4215149617,0.18042,0.180908,0.994873
4215154617,0.181641,0.187256,1.012695
4215159617,0.158203,0.225342,1.019775
4215164617,0.160889,0.248047,1.029297
4215169617,0.146484,0.245361,0.984863
4215174617,0.149414,0.205322,0.921875
4215179617,0.161377,0.281006,1.0625
4215184617,0.161621,0.241943,1.054199
4215189617,0.156982,0.295898,1.181152
4215194617,0.264648,0.205566,1.100098
4215199617,0.121338,0.192139,0.957031
4215204617,0.18042,0.243896,1.071289
4215209617,0.166992,0.226318,0.986816
4215214617,0.153076,0.218018,1.007568
4215219617,0.17041,0.223633,1.014404
4215224617,0.172607,0.198242,1.00415
4215229617,0.166992,0.217285,1.011719
4215234617,0.152832,0.234375,1.006592
4215239617,0.165283,0.265137,1.052246
4215244617,0.146729,0.263428,1.010742
4215249617,0.144287,0.235596,0.992432
4215254617,0.143799,0.267822,0.986328
4215259617,0.152588,0.237305,0.997559
4215264617,0.151855,0.229004,1.016602
4215269617,0.164307,0.244629,1.012207
4215274617,0.168701,0.234131,1.013428
4215279617,0.157715,0.216553,1.00293
4215284617,0.17041,0.217041,1.006348
4215289617,0.174805,0.20166,1.01001
4215294617,0.168213,0.206543,1.020752
4215299617,0.166016,0.219238,1.007568
4215304617,0.156738,0.224854,1.004883
4215309617,0.156982,0.25415,1.024902
4215314617,0.133057,0.243652,0.993896
4215319617,0.173584,0.238525,0.996338
4215324617,0.171387,0.239014,1.020264
4215329617,0.160889,0.234619,1.019531
4215334617,0.158447,0.226074,1.018066
4215339617,0.155273,0.243896,0.999023
4215344617,0.167236,0.241943,1.008789
4215349617,0.159912,0.226807,1.010498
4215354617,0.159912,0.218994,1.001709
4215359617,0.166504,0.215576,1.013672
4215364617,0.164795,0.227051,1.017578
4215369617,0.153809,0.248779,1.02002
4215374617,0.158447,0.253662,1.016846
4215379617,0.15918,0.235596,1.009521
4215384617,0.158936,0.229248,1.004395
4215389617,0.166016,0.220459,1.00293
4215394617,0.158691,0.213379,1.00293
4215399617,0.15918,0.229492,0.998291
4215404617,0.149414,0.242187,1.000244
4215409617,0.148682,0.227783,0.983887
4215414617,0.150635,0.245361,0.992432
4215419617,0.160645,0.24585,1.030518
4215424617,0.133301,0.226074,1.040771
4215429617,0.169189,0.254639,1.030273
4215434617,0.173828,0.222168,1.009033
4215439617,0.176514,0.23584,1.014893
4215444617,0.168945,0.273438,1.01416
4215449617,0.143799,0.198975,0.993408
4215454617,0.1604,0.270264,1.068359
4215459617,0.171875,0.222412,1.009277
4215464617,0.164551,0.203857,0.993408
4215469617,0.157959,0.251221,1.02002
4215474617,0.148926,0.276611,1.054199
4215479617,0.177246,0.286133,1.087158
4215484617,0.165527,0.262451,1.037842
4215489617,0.108643,0.222168,0.919434
4215494617,0.145996,0.304932,1.078125
4215499617,0.086914,0.385986,0.997559
4215504617,0.238281,0.143066,0.899902
4215509617,0.069824,-0.203369,-0.264893
4215514617,0.37085,1.258789,0.416504
4215519617,0.313477,0.297852,1.661865
4215524617,0.271484,0.262207,1.253418
4215529617,0.226562,0.172119,1.067383
4215534617,0.201172,0.166504,0.995605
4215539617,0.18042,0.184326,0.996094
4215544617,0.167969,0.168457,1.000244
4215549617,0.166504,0.179199,0.947754
4215554617,0.175049,0.181152,1.003174
4215559617,0.18042,0.195312,1.013672
4215564617,0.17627,0.183105,1.006836
4215569617,0.172119,0.199951,1.011475
4215574617,0.170898,0.195557,0.990234
4215579617,0.174316,0.206543,0.998535
4215584617,0.165039,0.239014,1.02832
4215589617,0.157471,0.247314,1.032227
4215594617,0.161865,0.269287,1.059814
4215599617,0.152588,0.267822,1.011719
4215604617,0.150391,0.273682,1.027832
4215609617,0.148926,0.272461,1.033203
4215614617,0.153076,0.264893,1.010986
4215619617,0.1604,0.249268,1.023682
4215624617,0.164062,0.244873,1.037109
4215629617,0.166504,0.23291,1.042236
4215634617,0.172607,0.210205,1.01123
4215639617,0.164795,0.200684,1.007813
4215644617,0.169434,0.195557,0.991211
4215649617,0.174316,0.182617,0.995605
4215654617,0.173584,0.19165,0.99585
4215659617,0.17334,0.193604,1.000488
4215664617,0.172607,0.19751,1.010742
4215669617,0.175049,0.191895,1.010254
4215674617,0.17627,0.195801,0.996094
4215679617,0.172363,0.194824,0.993408
4215684617,0.177979,0.199219,1.003174
4215689617,0.171631,0.20166,1.005371
4215694617,0.16626,0.217041,1.021973
4215699617,0.164795,0.236572,1.025391
4215704617,0.157227,0.239014,1.022949
4215709617,0.153564,0.24707,1.020996
4215714617,0.1521,0.25708,1.019775
4215719617,0.1521,0.261719,1.020508
4215724617,0.153076,0.263428,1.03125
4215729617,0.160889,0.252441,1.030762
4215734617,0.160156,0.245117,1.028564
4215739617,0.155273,0.241211,1.027832
4215744617,0.162109,0.226562,1.015381
4215749617,0.166504,0.205322,1.001465
4215754617,0.168457,0.20874,1.004639
4215759617,0.176025,0.202881,0.997803
4215764617,0.174561,0.199219,1.008789
4215769617,0.171875,0.19873,1.003174
4215774617,0.171387,0.195312,0.999756
4215779617,0.165771,0.196045,1.00708
4215784617,0.175781,0.201172,1.009766
4215789617,0.172363,0.201904,1.000732
4215794617,0.170654,0.206299,1.006592
4215799617,0.171875,0.221924,1.016113
4215804617,0.160645,0.22876,1.018311
4215809617,0.141113,0.220703,0.991943
4215814617,0.172363,0.235352,1.020752
4215819617,0.186279,0.266602,1.101074
4215824617,0.137207,0.233154,0.946045
4215829617,0.178467,0.234375,0.995361
4215834617,0.166748,0.261475,1.078125
4215839617,0.165771,0.237305,1.025635
4215844617,0.17041,0.218994,0.979248
4215849617,0.154297,0.230957,1.012207
4215854617,0.181641,0.219971,1.03125
4215859617,0.156006,0.202881,0.999268
4215864617,0.169922,0.211426,1.000732
4215869617,0.165771,0.200439,1.007813
4215874617,0.166504,0.215332,1.016357
4215879617,0.162109,0.201172,1.004639
4215884617,0.163818,0.204346,0.997559
4215889617,0.164062,0.209229,0.998779
4215894617,0.17041,0.213135,1.01709
4215899617,0.171631,0.220947,1.024902
4215904617,0.168945,0.228027,1.022705
4215909617,0.162109,0.233154,1.012207
4215914617,0.165771,0.233154,0.996582
4215919617,0.170166,0.239258,1.016602
4215924617,0.166016,0.235352,1.018555
4215929617,0.165527,0.238037,1.012939
4215934617,0.164551,0.232666,1.019287
4215939617,0.159668,0.232422,1.023193
4215944617,0.159912,0.226074,1.013672
4215949617,0.165527,0.226318,1.010742
4215954617,0.1604,0.216553,1.007813
4215959617,0.162842,0.212646,1.009033
4215964617,0.166504,0.215332,1.014893
4215969617,0.166748,0.215332,1.012695
4215974617,0.17334,0.215332,1.006836
4215979617,0.171875,0.213135,1.013672
4215984617,0.161621,0.217773,1.007324
4215989617,0.169434,0.223145,1.014404
4215994617,0.174561,0.228027,1.027344
4215999617,0.167725,0.220703,1.009521
4216004617,0.168701,0.22168,0.994873
4216009617,0.175781,0.226318,1.014893
4216014617,0.164795,0.229004,1.016357
4216019617,0.166748,0.227295,1.016846
4216024617,0.167236,0.224121,1.009277
4216029617,0.1604,0.225586,1.009277
4216034617,0.164307,0.226562,1.024414
4216039617,0.147949,0.239502,1.016846
4216044617,0.156982,0.22583,1.009277
4216049617,0.162842,0.212402,1.003906
4216054617,0.166504,0.222656,1.016846
4216059617,0.16626,0.222656,1.011475
4216064617,0.164795,0.215332,1.01416
4216069617,0.165039,0.218262,1.01416
4216074617,0.176758,0.216797,1.014404
4216079617,0.17041,0.218262,1.011963
4216084617,0.170166,0.21875,1.010986
4216089617,0.171875,0.219482,1.008545
4216094617,0.166016,0.219727,1.012451
4216099617,0.166992,0.222412,1.022705
4216104617,0.163086,0.2229,1.011963
4216109617,0.164307,0.220459,1.014648
4216114617,0.16333,0.221924,1.004639
4216119617,0.161865,0.227539,1.009033
4216124617,0.161377,0.221924,0.996582
4216129617,0.177979,0.218506,1.028076
4216134617,0.157471,0.226807,1.016357
4216139617,0.164795,0.224365,1.010986
4216144617,0.156494,0.225586,1.013672
4216149617,0.181885,0.219727,1.022705
4216154617,0.161377,0.213379,1.005859
4216159617,0.164795,0.22876,1.002197
4216164617,0.169678,0.22168,1.012695
4216169617,0.162354,0.227051,1.008545
4216174617,0.165039,0.225586,1.018555
4216179617,0.152588,0.244629,1.004639
4216184617,0.153809,0.231445,0.989502
4216189617,0.17749,0.208252,1.029541
4216194617,0.167725,0.220459,1.029297
4216199617,0.154541,0.230225,1.012939
4216204617,0.147949,0.224365,1.01001
4216209617,0.160889,0.221924,1.0354
4216214617,0.162109,0.226318,1.012207
4216219617,0.162598,0.218994,1.00708
4216224617,0.175781,0.222168,1.006592
4216229617,0.173828,0.22168,1.020508
4216234617,0.156738,0.218994,1.00708
4216239617,0.168701,0.223145,1.016846
4216244617,0.161865,0.225098,0.99585
4216249617,0.156494,0.230469,1.002197
4216254617,0.186768,0.216553,1.046387
4216259617,0.163574,0.218262,0.99707
4216264617,0.159668,0.220459,0.998291
4216269617,0.169922,0.226074,1.02832
4216274617,0.165283,0.220947,1.02417
4216279617,0.160889,0.22583,1.020508
4216284617,0.159424,0.224609,1.003906
4216289617,0.160156,0.222168,1.014648
4216294617,0.172607,0.22168,1.015381
4216299617,0.158203,0.229248,1.006104
4216304617,0.171143,0.223389,1.008545
4216309617,0.169922,0.222656,1.018066
4216314617,0.166504,0.223633,1.004883
4216319617,0.167725,0.226807,1.004395
4216324617,0.167725,0.218262,1.005127
4216329617,0.167725,0.216797,1.009033
4216334617,0.160889,0.222656,1.025879
4216339617,0.164062,0.229492,1.015137
4216344617,0.163574,0.2229,1.004395
4216349617,0.167236,0.21582,1.015137
4216354617,0.15918,0.220459,1.00293
4216359617,0.167236,0.226074,1.019043
4216364617,0.165283,0.227295,1.020264
4216369617,0.164062,0.220703,1.006836
4216374617,0.167236,0.223145,1.013916
4216379617,0.164795,0.223145,1.007568
4216384617,0.169922,0.224121,1.012451
4216389617,0.167725,0.225098,1.010498
4216394617,0.165039,0.221924,1.018066
4216399617,0.167969,0.222656,1.014893
4216404617,0.169189,0.218262,1.01001
4216409617,0.168457,0.219482,1.015381
4216414617,0.166016,0.221924,1.00708
4216419617,0.166748,0.220215,1.007568
4216424617,0.162842,0.22168,1.008789
4216429617,0.167725,0.219238,1.018555
4216434617,0.170166,0.218018,1.020752
4216439617,0.159912,0.221924,1.015137
4216444617,0.164307,0.216797,1.003174
4216449617,0.171143,0.215576,1.017334
4216454617,0.156982,0.224121,1.001709
4216459617,0.146729,0.244873,1.019287
4216464617,0.18335,0.235596,1.012451
4216469617,0.178955,0.200928,0.969727
4216474617,0.169922,0.227539,1.014648
4216479617,0.175537,0.224121,1.047852
4216484617,0.169922,0.221436,0.997803
4216489617,0.161133,0.221436,1.00293
4216494617,0.165283,0.218018,1.010986
4216499617,0.175781,0.21875,1.022217
4216504617,0.159424,0.221924,1.003662
4216509617,0.162842,0.205811,0.989258
4216514617,0.16748,0.221436,1.016602
4216519617,0.164795,0.223877,1.019043
4216524617,0.166504,0.226318,1.009033
4216529617,0.162842,0.224609,1.003174
4216534617,0.159912,0.218994,1.009521
4216539617,0.166016,0.226807,1.019531
4216544617,0.16333,0.227051,1.022949
4216549617,0.164307,0.220215,1.013428
4216554617,0.164307,0.219727,1.008789
4216559617,0.161133,0.22876,1.005371
4216564617,0.177002,0.226562,1.027344
4216569617,0.164307,0.219482,1.009521
4216574617,0.166504,0.2146,0.998535
4216579617,0.173096,0.21875,1.012207
4216584617,0.16626,0.225098,1.020508
4216589617,0.160889,0.223145,1.003906
4216594617,0.161377,0.222412,1.013184
4216599617,0.168945,0.21875,1.012451
4216604617,0.159668,0.221191,1.003662
4216609617,0.171631,0.222656,1.014893
4216614617,0.173096,0.231934,1.035645
4216619617,0.154541,0.220459,0.987061
4216624617,0.171387,0.218994,0.992432
4216629617,0.169922,0.233398,1.042969
4216634617,0.163574,0.221436,1.013916
4216639617,0.174072,0.224365,0.999268
4216644617,0.162109,0.216309,1.005371
4216649617,0.174805,0.224609,1.022705
4216654617,0.15918,0.222412,1.017334
4216659617,0.169189,0.220215,1.004883
4216664617,0.165771,0.213135,1.01416
4216669617,0.157227,0.223389,1.022461
4216674617,0.167725,0.219971,1.015625
4216679617,0.1604,0.220703,1.00293
4216684617,0.159668,0.217041,1.008057
4216689617,0.164062,0.223877,1.015869
4216694617,0.170166,0.226807,1.018799
4216699617,0.164551,0.225342,1.017334
4216704617,0.164062,0.223877,1.006104
4216709617,0.166992,0.220947,1.00708
4216714617,0.167236,0.228027,1.01001
4216719617,0.166016,0.226318,1.009766
4216724617,0.166992,0.223145,1.011963
4216729617,0.166016,0.224609,1.019531
4216734617,0.163086,0.220459,1.008057
4216739617,0.175537,0.219482,1.012695
4216744617,0.164062,0.222168,1.015381
4216749617,0.168213,0.216553,1.004395
4216754617,0.165527,0.216064,1.004639
4216759617,0.16626,0.220459,1.010498
4216764617,0.164795,0.222412,1.013184
4216769617,0.16333,0.220703,1.022217
4216774617,0.168945,0.223145,1.013184
4216779617,0.163818,0.221924,1.013672
4216784617,0.168213,0.223145,1.013428
4216789617,0.163574,0.220947,1.009277
4216794617,0.164795,0.224121,1.01709
4216799617,0.164551,0.22583,1.016602
4216804617,0.167236,0.223389,1.020752
4216809617,0.165283,0.221924,1.014648
4216814617,0.163574,0.219238,1.015381
4216819617,0.166504,0.219482,1.009766
4216824617,0.164307,0.218994,1.008057
4216829617,0.172607,0.219238,1.011719
4216834617,0.165527,0.222412,1.00708
4216839617,0.167725,0.222656,1.015869
4216844617,0.168457,0.218994,1.01123
4216849617,0.168701,0.218262,1.011475
4216854617,0.166016,0.221924,1.006592
4216859617,0.166504,0.221191,1.014893
4216864617,0.163574,0.223145,1.015137
4216869617,0.165771,0.225098,1.010986
4216874617,0.16333,0.222656,1.011963
4216879617,0.165527,0.223389,1.014404
4216884617,0.168945,0.221191,1.01416
4216889617,0.165771,0.220215,1.009277
4216894617,0.162109,0.225098,1.01123
4216899617,0.166016,0.219971,1.010986
4216904617,0.16626,0.214355,1.01416
4216909617,0.165771,0.221191,1.006592
4216914617,0.166504,0.21875,1.010742
4216919617,0.162842,0.218018,1.008301
4216924617,0.16626,0.219238,1.012939
4216929617,0.164551,0.223389,1.006592
4216934617,0.169678,0.222412,1.012939
4216939617,0.165039,0.219482,1.017822
4216944617,0.16626,0.224365,1.012695
4216949617,0.169678,0.223633,1.005127
4216954617,0.166992,0.224609,1.017822
4216959617,0.164307,0.223389,1.014648
4216964617,0.168457,0.219727,1.012695
4216969617,0.163574,0.222412,1.010498
4216974617,0.162354,0.223877,1.013916
4216979617,0.164795,0.222412,1.014404
4216984617,0.163574,0.223145,1.010986
4216989617,0.16748,0.221924,1.015869
4216994617,0.165283,0.220703,1.01001
4216999617,0.16626,0.221436,1.015625
4217004617,0.165527,0.22168,1.012207
4217009617,0.168945,0.219971,1.015381
4217014617,0.165283,0.220947,1.012451
4217019617,0.164795,0.221436,1.007813
4217024617,0.161865,0.223389,1.01123
4217029617,0.163086,0.221191,1.01709
4217034617,0.161133,0.219971,1.00708
4217039617,0.161621,0.218994,1.017822
4217044617,0.164307,0.220947,1.006592
4217049617,0.167725,0.217041,1.015625
4217054617,0.156738,0.226562,1.010986
4217059617,0.169189,0.221924,0.997314
4217064617,0.171631,0.236816,1.034912
4217069617,0.154541,0.228516,1.012695
4217074617,0.172852,0.199463,0.945312
4217079617,0.162598,0.228271,1.04126
4217084617,0.18042,0.233643,1.045166
4217089617,0.164062,0.205566,0.977539
4217094617,0.163818,0.230225,1.015137
4217099617,0.164795,0.220459,1.018555
4217104617,0.166016,0.224365,1.018311
4217109617,0.162842,0.227051,1.008545
4217114617,0.158203,0.213379,0.993652
4217119617,0.16748,0.230225,1.029541
4217124617,0.164551,0.221924,1.022217
4217129617,0.161377,0.22583,1.010742
4217134617,0.158936,0.225342,1.005371
4217139617,0.162354,0.223877,1.010254
4217144617,0.168945,0.223145,1.014404
4217149617,0.169434,0.227783,1.024414
4217154617,0.169189,0.226074,1.013184
4217159617,0.173096,0.215576,1.00415
4217164617,0.174316,0.217285,1.007324
4217169617,0.17041,0.221436,1.017334
4217174617,0.173096,0.217041,1.015137
4217179617,0.163818,0.212158,1.006104
4217184617,0.161377,0.219482,1.008545
4217189617,0.164551,0.219971,1.021729
4217194617,0.161377,0.221191,1.010986
4217199617,0.169434,0.218018,1.013428
4217204617,0.153076,0.218262,1.004395
4217209617,0.163818,0.230469,1.020264
4217214617,0.174805,0.225098,1.027588
4217219617,0.138428,0.219971,0.990479
4217224617,0.184814,0.228271,1.011475
4217229617,0.161133,0.220947,1.025879
4217234617,0.169678,0.232178,1.024658
4217239617,0.166748,0.210693,0.996338
4217244617,0.16748,0.224121,1.00708
4217249617,0.178467,0.220215,1.01123
4217254617,0.163086,0.211426,1.008789
4217259617,0.174072,0.222412,1.010742
4217264617,0.166748,0.215088,1.012695
4217269617,0.166748,0.224365,1.010254
4217274617,0.162842,0.220215,1.009521
4217279617,0.157959,0.220947,0.998291
4217284617,0.161621,0.227051,1.015869
4217289617,0.162598,0.223633,1.021973
4217294617,0.162598,0.230469,1.006592
4217299617,0.169189,0.230713,1.016846
4217304617,0.165039,0.22876,1.012451
4217309617,0.165039,0.223145,1.013184
4217314617,0.163086,0.2229,1.011475
4217319617,0.168701,0.221924,1.015381
4217324617,0.169434,0.22168,1.012939
4217329617,0.168213,0.217773,1.005859
4217334617,0.169678,0.219238,1.003174
4217339617,0.1604,0.217529,1.005615
4217344617,0.165771,0.221436,1.010742
4217349617,0.166748,0.217773,1.006836
4217354617,0.156738,0.220703,0.999268
4217359617,0.17334,0.223633,1.022949
4217364617,0.162109,0.22168,1.017334
4217369617,0.158691,0.221191,0.999512
4217374617,0.158936,0.220459,1.000977
4217379617,0.163818,0.221191,1.022461
4217384617,0.165039,0.225586,1.01123
4217389617,0.17041,0.220947,1.021973
4217394617,0.168945,0.220947,1.010254
4217399617,0.166504,0.219238,1.000732
4217404617,0.169434,0.223633,1.023682
4217409617,0.165283,0.217529,1.007568
4217414617,0.159424,0.217529,1.003418
4217419617,0.162842,0.22583,1.003174
4217424617,0.168213,0.218018,1.019043
4217429617,0.164795,0.221924,1.019775
4217434617,0.168701,0.222412,1.022217
4217439617,0.163574,0.224121,1.013916
4217444617,0.165039,0.218018,1.014893
4217449617,0.166016,0.222412,1.013184
4217454617,0.161133,0.223877,1.010986
4217459617,1.830078,-0.633545,1.999939
4217464617,1.999939,0.458252,-2.0
4217469617,0.814697,1.999939,-2.0
4217474617,-1.347656,-2.0,1.999939
4217479617,-1.702881,-2.0,0.261719
4217484617,-0.619141,1.999939,-2.0
4217489617,-0.044678,1.806396,-1.996582
4217494617,-0.381836,0.799316,-0.779541
4217499617,-0.668701,0.51709,1.686035
4217504617,-0.78125,0.064697,1.999939
4217509617,-0.916748,0.22583,1.279053
4217514617,-0.4104,-0.156006,1.446533
4217519617,0.234131,-0.0271,0.804687
4217524617,0.039063,0.158936,0.577637
4217529617,0.0625,0.345215,1.102051
4217534617,0.241699,0.281006,0.93457
4217539617,0.392334,0.403076,1.748291
4217544617,0.071045,0.159424,0.932617
4217549617,0.175049,0.174072,0.739746
4217554617,0.140869,0.332764,1.052002
4217559617,-2.0,1.999939,1.999939
4217564617,-2.0,1.513672,-2.0
4217569617,-1.2854,1.999939,0.026855
4217574617,-1.866211,1.999939,-2.0
4217579617,-0.525879,0.070801,1.323242
4217584617,-0.383789,0.303467,0.920898
4217589617,0.139893,0.33374,0.953369
4217594617,0.143066,0.194824,0.844727
4217599617,0.195557,0.166504,0.988281
4217604617,0.16333,0.220215,1.087891
4217609617,0.232178,0.247803,1.19165
4217614617,0.102783,0.261719,0.963135
4217619617,0.171875,0.213379,0.885986
4217624617,0.154541,0.166016,0.891602
4217629617,0.146973,0.196045,0.960205
4217634617,0.181396,0.214111,1.035889
4217639617,0.179199,0.241211,1.036133
4217644617,0.144043,0.241943,0.994629
4217649617,0.198975,0.281982,1.140869
4217654617,0.09375,0.234375,0.958496
4217659617,0.229004,0.200928,0.997803
4217664617,0.160645,0.209229,1.026123
4217669617,0.209229,0.223633,1.074951
4217674617,0.185791,0.302246,1.203369
4217679617,0.129395,0.27002,1.016357
4217684617,0.18042,0.210205,0.995605
4217689617,0.167725,0.174072,1.075439
4217694617,0.179443,0.24707,1.013428
4217699617,0.157227,0.225098,1.020996
4217704617,0.197998,0.264648,1.120605
4217709617,0.161133,0.228027,1.046387
4217714617,0.175537,0.166504,1.005859
4217719617,0.161621,0.187744,0.963135
4217724617,0.132324,0.197754,0.878174
4217729617,0.175293,0.233398,1.040283
4217734617,0.136719,0.197266,1.02417
4217739617,0.219238,0.22876,1.179199
4217744617,0.16626,0.163086,1.051514
4217749617,0.181396,0.373535,-0.270996
4217754617,0.162598,0.301025,0.880615
4217759617,-0.003906,0.318848,1.09668
4217764617,0.292969,0.259766,1.039063
4217769617,0.183838,0.531494,1.255859
4217774617,0.223145,0.374512,1.122559
4217779617,0.242432,0.208496,1.020264
4217784617,0.177002,0.148926,0.904541
4217789617,0.175049,0.244385,0.961182
4217794617,0.138184,0.246094,0.996094
4217799617,0.144287,0.246338,1.000977
4217804617,0.07373,0.280518,1.030518
4217809617,-0.016357,0.162598,1.025391
4217814617,0.154053,0.276123,1.010498
4217819617,0.201172,0.240234,1.015137
4217824617,0.147217,0.183594,0.966553
4217829617,0.172607,0.203857,0.996094
4217834617,0.362305,0.118652,-0.599121
4217839617,-0.098633,0.204834,-0.46582
4217844617,-0.800537,0.267578,1.038086
4217849617,-0.183838,0.288818,1.212646
4217854617,0.135254,0.284424,1.045166
4217859617,0.198242,0.271484,1.141357
4217864617,0.126465,0.249023,1.054443
4217869617,0.169922,0.180176,0.932617
4217874617,0.180908,0.223389,1.028564
4217879617,0.177002,0.248779,1.026123
4217884617,0.155029,0.231201,0.986084
4217889617,0.185059,0.186035,0.996826
4217894617,0.177002,0.177002,0.982422
4217899617,0.169678,0.178711,1.00415
4217904617,0.191162,0.199219,1.056641
4217909617,0.167725,0.211426,1.005371
4217914617,0.157471,0.215088,0.977783
4217919617,0.16626,0.220459,0.979248
4217924617,0.157715,0.223145,1.000732
4217929617,0.152588,0.23291,1.008301
4217934617,0.174805,0.225342,1.041504
4217939617,0.175781,0.237549,1.049805
4217944617,0.150146,0.24585,1.021973
4217949617,0.153076,0.245361,1.003174
4217954617,0.153076,0.250244,0.998535
4217959617,0.152588,0.229248,0.993896
4217964617,0.17041,0.220215,1.003418
4217969617,0.174561,0.208008,1.010742
4217974617,0.170166,0.203857,1.016357
4217979617,0.174561,0.208252,1.02417
4217984617,0.16333,0.210449,0.994873
4217989617,0.164307,0.207031,0.9729
4217994617,0.172607,0.211426,0.995361
4217999617,0.169434,0.215332,1.008301
4218004617,0.169922,0.211914,1.016357
4218009617,0.171631,0.225586,1.0354
4218014617,0.170654,0.241455,1.034424
4218019617,0.154541,0.244385,1.016602
4218024617,0.157715,0.245605,1.002197
4218029617,0.153564,0.237061,0.995605
4218034617,0.159668,0.22998,1.006836
4218039617,0.167969,0.228516,1.020752
4218044617,0.175049,0.231201,1.022705
4218049617,0.16626,0.225586,1.018066
4218054617,0.163818,0.225342,1.007324
4218059617,0.163818,0.212402,0.995361
4218064617,0.163818,0.21167,0.987549
4218069617,0.169189,0.208008,0.998779
4218074617,0.17749,0.20874,1.024658
4218079617,0.169922,0.217041,1.014404
4218084617,0.162109,0.220703,1.019531
4218089617,0.167969,0.229248,1.023438
4218094617,0.153809,0.230469,0.982666
4218099617,0.161377,0.229736,1.011475
4218104617,0.168213,0.223389,1.003906
4218109617,0.160889,0.224854,1.021729
4218114617,0.167236,0.232422,1.0271
4218119617,0.173828,0.237549,1.029785
4218124617,0.161133,0.232178,1.00708
4218129617,0.164795,0.2229,0.999756
4218134617,0.166016,0.214111,0.996094
4218139617,0.166992,0.215088,0.995117
4218144617,0.173096,0.213135,1.011475
4218149617,0.176025,0.215576,1.022949
4218154617,0.161377,0.218994,1.013672
4218159617,0.170898,0.219727,1.02002
4218164617,0.169922,0.2229,0.998779
4218169617,0.161865,0.224854,0.997803
4218174617,0.163818,0.223633,1.007568
4218179617,0.167236,0.227295,1.019775
4218184617,0.166016,0.231934,1.017578
4218189617,0.167969,0.230225,1.029785
4218194617,0.171631,0.22998,1.018555
4218199617,0.164307,0.231445,1.007568
4218204617,0.166504,0.216309,1.001221
4218209617,0.171143,0.220947,1.005127
4218214617,0.165283,0.213867,1.00293
4218219617,0.172119,0.220459,1.021729
4218224617,0.172363,0.2229,1.019531
4218229617,0.165039,0.222656,1.011963
4218234617,0.165771,0.220703,1.01001
4218239617,0.16626,0.223633,1.003418
4218244617,0.158691,0.222168,0.992432
4218249617,0.169434,0.224609,1.016357
4218254617,0.165527,0.22583,1.021973
4218259617,0.164551,0.22998,1.024414
4218264617,0.165283,0.22998,1.015381
4218269617,0.168701,0.2229,1.010254
4218274617,0.161621,0.220947,1.001709
4218279617,0.16748,0.215088,1.000732
4218284617,0.172607,0.219971,1.01123
4218289617,0.167969,0.215332,1.012451
4218294617,0.171875,0.219971,1.022705
4218299617,0.171875,0.224609,1.013672
4218304617,0.160645,0.21875,1.006104
4218309617,0.163086,0.213623,1.002686
4218314617,0.167236,0.219482,1.008057
4218319617,0.165283,0.229736,1.013672
4218324617,0.177002,0.230469,1.01001
4218329617,0.170166,0.188232,1.007324
4218334617,0.203369,0.184326,1.040527
4218339617,0.146484,0.213379,1.031006
4218344617,0.16748,0.238525,1.004395
4218349617,0.158203,0.231934,0.976562
4218354617,0.176025,0.228271,0.958496
4218359617,0.164307,0.230225,0.98877
4218364617,0.161377,0.212158,0.99585
4218369617,0.154541,0.273682,1.070068
4218374617,0.138184,0.295898,1.056152
4218379617,0.156738,0.284912,1.008301
4218384617,0.161621,0.243164,1.02002
4218389617,0.149658,0.223389,0.991943
4218394617,0.148682,0.209473,1.012451
4218399617,0.156982,0.286865,1.06665
4218404617,0.05957,0.392578,0.98291
4218409617,0.18335,0.210205,1.016357
4218414617,0.199707,0.277588,1.161377
4218419617,0.231201,0.216309,1.042725
4218424617,0.127441,0.179443,0.93042
4218429617,0.150635,0.255859,0.982178
4218434617,0.117188,0.271729,1.048828
4218439617,-0.545898,0.45874,-0.365723
4218444617,-0.969727,0.458252,0.870605
4218449617,0.173584,1.810303,1.136963
4218454617,0.169678,1.833496,0.969238
4218459617,0.213623,1.696533,0.993896
4218464617,0.214844,1.054199,1.288086
4218469617,0.176514,0.238525,1.052002
4218474617,0.153076,0.063232,0.310791
4218479617,-0.37085,0.034912,0.868164
4218484617,0.150879,0.21582,0.7771
4218489617,0.167236,0.185059,0.950684
4218494617,0.139893,0.245605,1.021729
4218499617,0.157227,0.195557,0.994629
4218504617,0.19043,0.259766,1.074219
4218509617,0.181152,0.240723,1.101318
4218514617,0.183105,0.243896,1.055664
4218519617,0.180908,0.234863,1.045654
4218524617,0.166016,0.23877,1.013428
4218529617,0.163818,0.220947,0.97876
4218534617,0.158203,0.24707,1.011719
4218539617,0.164551,0.226562,1.008057
4218544617,0.16626,0.218018,0.996582
4218549617,0.164307,0.217285,0.99585
4218554617,0.167969,0.215088,1.012939
4218559617,0.168945,0.216064,0.997314
4218564617,0.168213,0.212891,0.997803
4218569617,0.175293,0.208984,0.998779
4218574617,0.175049,0.204834,1.009033
4218579617,0.173584,0.215576,1.011719
4218584617,0.167969,0.207275,1.010498
4218589617,0.169189,0.222168,1.00708
4218594617,0.163818,0.219971,1.006836
4218599617,0.163818,0.229492,1.002441
4218604617,0.163818,0.233887,1.010986
4218609617,0.161377,0.235596,1.012451
4218614617,0.161621,0.236328,1.013916
4218619617,0.164062,0.23584,1.009277
4218624617,0.159912,0.22876,1.009521
4218629617,0.16626,0.234863,1.023926
4218634617,0.166504,0.227783,1.015625
4218639617,0.172119,0.223145,1.001709
4218644617,0.167236,0.219482,1.003662
4218649617,0.173828,0.2229,1.016113
4218654617,0.164795,0.209473,0.997803
4218659617,0.171143,0.213867,1.002441
4218664617,0.175537,0.218506,1.01123
4218669617,0.172607,0.214844,1.011475
4218674617,0.166504,0.221436,1.013672
4218679617,0.166016,0.219482,1.00708
4218684617,0.164551,0.222412,1.01001
4218689617,0.161377,0.224365,1.016357
4218694617,0.162842,0.228516,1.011963
4218699617,0.161377,0.232178,1.011719
4218704617,0.165039,0.232666,1.020996
4218709617,0.167725,0.227051,1.015137
4218714617,0.163086,0.225098,1.012207
4218719617,0.164062,0.222656,1.016113
4218724617,0.169922,0.221191,1.014893
4218729617,0.166016,0.215576,1.007324
4218734617,0.172852,0.220215,1.015625
4218739617,0.168457,0.218506,1.01123
4218744617,0.169678,0.218018,1.004883
4218749617,0.167725,0.213867,1.006836
4218754617,0.17041,0.214111,1.001221
4218759617,0.169922,0.216309,1.003418
4218764617,0.168701,0.220459,1.018799
4218769617,0.165771,0.224609,1.007813
4218774617,0.163574,0.221924,1.011719
4218779617,0.164795,0.225586,1.014893
4218784617,0.161865,0.230225,1.01001
4218789617,0.165039,0.214844,1.004395
4218794617,0.158691,0.141357,0.987549
4218799617,0.182373,0.172119,0.999268
4218804617,0.168457,0.216064,1.061768
4218809617,0.199463,0.163574,1.049805
4218814617,0.147949,0.209473,1.001709
4218819617,0.158203,0.205078,0.946045
4218824617,0.193359,0.208496,0.937256
4218829617,0.151855,0.300049,0.995117
4218834617,0.154297,0.295166,1.020996
4218839617,0.128662,0.34082,1.09082
4218844617,0.093018,0.389893,1.099609
4218849617,0.162598,0.297363,0.992432
4218854617,0.156738,0.265381,1.00415
4218859617,0.148926,0.253418,1.034668
4218864617,0.148193,0.257324,1.019531
4218869617,0.146484,0.278809,1.020752
4218874617,0.20459,0.199219,1.036865
4218879617,0.165771,0.134521,0.986572
4218884617,0.218506,0.047852,0.922852
4218889617,0.166748,0.114014,0.943604
4218894617,0.210449,0.201172,0.985596
4218899617,0.164062,0.187256,1.015625
4218904617,0.177979,0.223389,1.015869
4218909617,0.184326,0.196289,0.996582
4218914617,0.181152,0.192383,1.000488
4218919617,0.171143,0.223145,1.030273
4218924617,0.160645,0.250732,1.033447
4218929617,0.147217,0.337402,1.077148
4218934617,0.122803,0.290527,1.05127
4218939617,0.140137,0.300781,1.038086
4218944617,0.160156,0.238281,1.004395
4218949617,0.161621,0.197998,1.003906
4218954617,0.169678,0.23999,1.017334
4218959617,0.147949,0.258057,1.031738
4218964617,0.138672,0.260742,1.017822
4218969617,0.151611,0.26709,0.987793
4218974617,0.153564,0.202881,0.949951
4218979617,0.164307,0.157227,0.927002
4218984617,0.169189,0.183105,0.937256
4218989617,0.16626,0.20459,0.974854
4218994617,0.184814,0.252197,1.038086
4218999617,0.185791,0.315186,1.206543
4219004617,0.111328,0.286133,1.023193
4219009617,0.169189,0.233643,0.986816
4219014617,0.148437,0.200684,1.001221
4219019617,0.14502,0.22583,0.990967
4219024617,0.151367,0.270996,1.002441
4219029617,0.17627,0.267578,1.030029
4219034617,0.161133,0.233154,1.003418
4219039617,0.15918,0.223389,0.988281
4219044617,0.166504,0.209473,0.984131
4219049617,0.155762,0.248535,1.015381
4219054617,0.158203,0.295898,1.048584
4219059617,0.135986,0.256348,1.052002
4219064617,0.148926,0.290771,1.004639
4219069617,0.152344,0.28418,1.010986
4219074617,0.152832,0.219238,1.018311
4219079617,0.162109,0.242676,0.997559
4219084617,0.193359,0.205566,0.94165
4219089617,0.127441,0.193115,1.011963
4219094617,0.187012,0.216797,0.990723
4219099617,0.166504,0.199219,1.0271
4219104617,0.187988,0.168457,1.00708
4219109617,0.187256,0.141602,0.975586
4219114617,0.186035,0.1521,0.968262
4219119617,0.187012,0.173584,0.97583
4219124617,0.179687,0.200195,0.992187
4219129617,0.173584,0.197021,1.00293
4219134617,0.188965,0.163086,0.98999
4219139617,0.184814,0.165771,0.971436
4219144617,0.179443,0.174316,1.001221
4219149617,0.174561,0.208984,1.005371
4219154617,0.170898,0.214844,0.991211
4219159617,0.160156,0.233398,1.020508
4219164617,0.161865,0.232178,1.041748
4219169617,0.154785,0.286377,1.058838
4219174617,0.157227,0.278076,1.008057
4219179617,0.15332,0.295166,1.031982
4219184617,0.136719,0.290283,1.047607
4219189617,0.147461,0.273193,1.020752
4219194617,0.151611,0.275635,1.028809
4219199617,0.162354,0.276123,1.036621
4219204617,0.151855,0.24585,1.044189
4219209617,0.161621,0.228516,1.034668
4219214617,0.172852,0.197754,0.999512
4219219617,0.168457,0.192627,0.995117
4219224617,0.185547,0.189697,0.994629
4219229617,0.177246,0.184326,0.989502
4219234617,0.181152,0.186523,0.996582
4219239617,0.179199,0.187988,0.994873
4219244617,0.177979,0.186279,0.993164
4219249617,0.179443,0.189209,0.990479
4219254617,0.180176,0.190674,0.984863
4219259617,0.174561,0.187988,0.992187
4219264617,0.178223,0.195312,0.996582
4219269617,0.177246,0.197266,1.0
4219274617,0.178711,0.202148,1.002686
4219279617,0.166992,0.220703,1.020752
4219284617,0.159424,0.236328,1.022461
4219289617,0.154785,0.247559,1.050049
4219294617,0.156982,0.269287,1.037842
4219299617,0.152588,0.271729,1.022217
4219304617,0.138184,0.274658,1.03125
4219309617,0.147461,0.276123,1.030762
4219314617,0.162354,0.262451,1.014893
4219319617,0.156738,0.24707,1.029053
4219324617,0.162842,0.240479,1.028564
4219329617,0.173096,0.223633,1.005615
4219334617,0.178711,0.205566,1.00708
4219339617,0.177734,0.197998,1.008545
4219344617,0.172363,0.184326,0.984619
4219349617,0.17627,0.188232,0.99585
4219354617,0.177979,0.196289,1.003174
4219359617,0.172363,0.192383,1.000488
4219364617,0.173584,0.198486,1.001709
4219369617,0.173584,0.198242,0.995117
4219374617,0.174805,0.196777,1.001709
4219379617,0.169189,0.200928,0.99585
4219384617,0.170654,0.204834,1.001221
4219389617,0.164795,0.213379,1.012451
4219394617,0.162109,0.226807,1.018066
4219399617,0.160645,0.233643,1.018555
4219404617,0.15625,0.251221,1.033691
4219409617,0.158447,0.264404,1.031738
4219414617,0.1604,0.263916,1.014404
4219419617,0.157471,0.256836,1.027344
4219424617,0.161377,0.246094,1.020996
4219429617,0.161621,0.241943,1.026611
4219434617,0.162354,0.237549,1.027344
4219439617,0.166016,0.228027,1.013672
4219444617,0.16748,0.215576,1.007324
4219449617,0.17334,0.209961,1.008057
4219454617,0.170898,0.195801,0.99707
4219459617,0.171631,0.199463,0.999023
4219464617,0.173828,0.200195,1.001221
4219469617,0.171387,0.202393,1.001709
4219474617,0.171143,0.201416,0.999512
4219479617,0.170166,0.20752,1.00415
4219484617,0.168457,0.206055,1.004883
4219489617,0.171631,0.213379,1.004639
4219494617,0.172607,0.212158,1.011475
4219499617,0.16748,0.219482,1.010986
4219504617,0.16748,0.230713,1.023926
4219509617,0.16333,0.242676,1.020752
4219514617,0.162109,0.24585,1.029541
4219519617,0.161865,0.249023,1.02124
4219524617,0.158203,0.244385,1.016357
4219529617,0.160645,0.241211,1.022461
4219534617,0.164795,0.234131,1.018066
4219539617,0.162354,0.233154,1.020264
4219544617,0.161865,0.227051,1.016602
4219549617,0.16626,0.221436,1.015869
4219554617,0.172119,0.21582,1.017578
4219559617,0.169678,0.207275,1.009277
4219564617,0.171875,0.205078,1.009766
4219569617,0.170898,0.202148,0.998535
4219574617,0.170166,0.206055,1.001953
4219579617,0.173096,0.209961,1.005127
4219584617,0.170166,0.216797,1.00293
4219589617,0.166992,0.214844,1.001465
4219594617,0.170166,0.216797,1.008789
4219599617,0.166016,0.217041,1.005859
4219604617,0.168213,0.224121,1.01123
4219609617,0.16333,0.230713,1.016602
4219614617,0.163818,0.234375,1.020996
4219619617,0.161621,0.232178,1.02417
4219624617,0.157227,0.234375,1.019775
4219629617,0.166992,0.235596,1.010986
4219634617,0.170166,0.227539,1.017578
4219639617,0.156006,0.226074,1.006348
4219644617,0.165527,0.232178,1.014893
4219649617,0.175537,0.232422,1.017822
4219654617,0.155029,0.217773,1.014893
4219659617,0.159424,0.225586,1.001465
4219664617,0.19165,0.216309,1.017822
4219669617,0.15332,0.203613,1.01416
4219674617,0.168213,0.218506,0.992432
4219679617,0.195557,0.215088,1.014648
4219684617,0.156738,0.212891,1.01709
4219689617,0.17334,0.223877,1.003418
4219694617,0.187012,0.216064,1.016602
4219699617,0.157227,0.214844,1.009277
4219704617,0.174561,0.227295,1.003418
4219709617,0.180176,0.218262,1.023682
4219714617,0.159668,0.227783,1.009277
4219719617,0.162354,0.226318,1.006104
4219724617,0.174316,0.232178,1.012451
4219729617,0.159912,0.22168,1.019775
4219734617,0.167969,0.233154,1.013428
4219739617,0.165039,0.222412,1.008789
4219744617,0.164062,0.226318,1.018799
4219749617,0.168457,0.227783,1.013184
4219754617,0.172607,0.229736,1.012451
4219759617,0.162354,0.220215,1.018311
4219764617,0.160156,0.227783,0.997314
4219769617,0.185059,0.225098,1.014648
4219774617,0.154541,0.209229,1.010742
4219779617,0.164551,0.226318,0.998779
4219784617,0.193604,0.224854,1.008301
4219789617,0.151367,0.216309,1.016357
4219794617,0.174316,0.232178,1.002441
4219799617,0.188721,0.218506,1.016846
4219804617,0.152344,0.219238,1.014893
4219809617,0.170166,0.226807,1.006348
4219814617,0.17749,0.222656,1.014404
4219819617,0.158936,0.220215,1.018066
4219824617,0.168457,0.233643,1.00415
4219829617,0.181885,0.229248,1.013428
4219834617,0.156494,0.214844,1.017822
4219839617,0.166992,0.239014,1.014648
4219844617,0.185303,0.227051,1.012207
4219849617,0.162842,0.221436,1.02002
4219854617,0.153564,0.22168,1.011719
4219859617,0.184814,0.22168,0.999268
4219864617,0.170654,0.211914,1.017822
4219869617,0.160889,0.218506,1.006592
4219874617,0.189941,0.220459,1.014648
4219879617,0.166748,0.210449,1.028076
4219884617,0.155518,0.224609,1.003662
4219889617,0.176514,0.224609,1.008789
4219894617,0.161621,0.220215,1.02124
4219899617,0.15625,0.222412,1.002686
4219904617,0.168213,0.219482,1.011719
4219909617,0.163086,0.223633,1.012939
4219914617,0.162354,0.221191,1.015869
4219919617,0.16333,0.229004,1.014893
4219924617,0.162842,0.224365,1.016357
4219929617,0.162109,0.229736,1.008057
4219934617,0.171387,0.22168,1.013672
4219939617,0.168457,0.223145,1.010986
4219944617,0.161377,0.21875,1.010742
4219949617,0.176025,0.223145,1.014893
4219954617,0.17041,0.22168,1.014648
4219959617,0.164551,0.22168,1.013916
4219964617,0.167725,0.221436,1.005371
4219969617,0.165527,0.216553,1.017334
4219974617,0.17041,0.219482,1.011475
4219979617,0.166992,0.220215,1.009766
4219984617,0.169678,0.222168,1.011963
4219989617,0.166748,0.22168,1.01001
4219994617,0.162354,0.219971,1.01416
4219999617,0.166992,0.223145,1.012695
4220004617,0.168945,0.221191,1.010986
4220009617,0.167236,0.220947,1.012451
4220014617,0.165527,0.225098,1.008057
4220019617,0.168457,0.223389,1.01123
4220024617,0.171143,0.228027,1.015381
4220029617,0.166504,0.22876,1.009033
4220034617,0.167969,0.221924,1.012939
4220039617,0.164795,0.219238,1.011963
4220044617,0.162109,0.225098,1.006104
4220049617,0.168701,0.221436,1.01416
4220054617,0.168213,0.223877,1.01123
4220059617,0.160645,0.2229,1.009766
4220064617,0.167725,0.220703,1.012695
4220069617,0.162842,0.219727,1.017578
4220074617,0.166992,0.219238,1.011719
4220079617,0.168701,0.220703,1.014893
4220084617,0.164307,0.222656,1.007568
4220089617,0.166504,0.222656,1.01416
4220094617,0.165771,0.221924,1.01123
4220099617,0.167969,0.220703,1.010742
4220104617,0.168701,0.226074,1.013672
4220109617,0.163574,0.223389,1.006836
4220114617,0.168945,0.219727,1.017822
4220119617,0.168457,0.219727,1.016357
4220124617,0.162109,0.219482,1.013916
4220129617,0.165771,0.22168,1.011719
4220134617,0.162842,0.2229,1.015625
4220139617,0.166748,0.223877,1.012939
4220144617,0.164551,0.227539,1.012451
4220149617,0.171387,0.225586,1.007568
4220154617,0.169189,0.221191,1.019287
4220159617,0.16748,0.227051,1.01001
4220164617,0.167969,0.222656,1.013916
4220169617,0.167969,0.219727,1.006348
4220174617,0.169922,0.219238,1.010742
4220179617,0.168213,0.220703,1.010742
4220184617,0.169189,0.220215,1.006836
4220189617,0.169678,0.2229,1.007324
4220194617,0.165527,0.220459,1.007324
4220199617,0.167969,0.222412,1.01001
4220204617,0.165771,0.222168,1.01001
4220209617,0.164062,0.223145,1.010254
4220214617,0.164795,0.2229,1.017822
4220219617,0.167725,0.224365,1.007813
4220224617,0.164551,0.2229,1.011963
4220229617,0.165771,0.225098,1.010986
4220234617,0.166016,0.220947,1.008789
4220239617,0.16333,0.221191,1.015381
4220244617,0.166016,0.22168,1.017334
4220249617,0.166504,0.222168,1.012939
4220254617,0.164551,0.219971,1.007568
4220259617,0.164551,0.220947,1.009766
4220264617,0.168701,0.218994,1.010986
4220269617,0.166992,0.222412,1.006104
4220274617,0.164551,0.216797,1.006348
4220279617,0.164307,0.219971,1.01001
4220284617,0.166504,0.222412,1.010742
4220289617,0.16626,0.227783,1.011719
4220294617,0.164795,0.223389,1.010498
4220299617,0.161377,0.223145,1.010986
4220304617,0.166016,0.228027,1.015625
4220309617,0.168213,0.223145,1.018066
4220314617,0.172119,0.22168,1.015869
4220319617,0.168945,0.222168,1.013184
4220324617,0.167969,0.219727,1.01001
4220329617,0.167236,0.219727,1.007324
4220334617,0.169434,0.219238,1.005371
4220339617,0.168213,0.222656,1.014648
4220344617,0.168945,0.220703,1.009766
4220349617,0.17041,0.218994,1.013916
4220354617,0.164062,0.220459,1.013672
4220359617,0.168213,0.222656,1.01123
4220364617,0.164795,0.218506,1.010254
4220369617,0.160889,0.221924,1.023682
4220374617,0.168457,0.22168,1.016357
4220379617,0.165039,0.222412,1.008545
4220384617,0.16748,0.22583,1.011963
4220389617,0.164062,0.219482,1.019287
4220394617,0.167969,0.221436,1.012939
4220399617,0.166504,0.227295,1.011475
4220404617,0.166504,0.222168,1.009033
4220409617,0.166992,0.221436,1.013916
4220414617,0.166504,0.225342,1.010254
4220419617,0.168213,0.225098,1.009033
4220424617,0.163086,0.224854,1.008301
4220429617,0.163086,0.217529,1.015381
4220434617,0.165527,0.219238,1.005127
4220439617,0.161377,0.222168,1.010498
4220444617,0.16626,0.223877,1.01123
4220449617,0.165039,0.221191,1.011963
4220454617,0.162598,0.22583,1.012695
4220459617,0.167236,0.227295,1.010742
4220464617,0.166748,0.2229,1.010742
4220469617,0.169922,0.224365,1.013672
4220474617,0.16748,0.22583,1.009766
4220479617,0.166748,0.226562,1.010498
4220484617,0.166016,0.227295,1.009766
4220489617,0.168457,0.223145,1.008789
4220494617,0.162354,0.223145,1.006104
4220499617,0.166992,0.223145,1.016357
4220504617,0.170898,0.219482,1.01001
4220509617,0.16748,0.221191,1.014404
4220514617,0.169189,0.222656,1.010986
4220519617,0.164795,0.220215,1.009521
4220524617,0.166504,0.2229,1.013184
4220529617,0.169922,0.219971,1.013184
4220534617,0.16748,0.222168,1.006104
4220539617,0.166748,0.221191,1.008789
4220544617,0.166016,0.224365,1.016846
4220549617,0.169678,0.224121,1.009277
4220554617,0.170654,0.225098,1.014404
4220559617,0.166504,0.220703,1.009033
4220564617,0.16626,0.221924,1.004395
4220569617,0.166504,0.228271,1.02002
4220574617,0.16748,0.224365,1.018311
4220579617,0.166748,0.224854,1.012207
4220584617,0.162109,0.221436,1.010986
4220589617,0.165771,0.22168,1.009033
4220594617,0.166748,0.220215,1.01416
4220599617,0.165283,0.223877,1.012207
4220604617,0.164551,0.218506,1.004639
4220609617,0.164795,0.221436,1.019043
4220614617,0.167236,0.226074,1.009521
4220619617,0.165039,0.221924,1.008789
4220624617,0.169678,0.220703,1.011963
4220629617,0.164307,0.223633,1.018799
4220634617,0.16748,0.22876,1.009033
4220639617,0.168945,0.223877,1.002686
4220644617,0.170898,0.222168,1.015625
4220649617,0.16333,0.219971,1.007813
4220654617,0.162842,0.223877,1.009521
4220659617,0.165771,0.225586,1.01123
4220664617,0.170166,0.218506,1.010742
4220669617,0.163574,0.222656,1.013916
4220674617,0.170166,0.220459,1.009521
4220679617,0.165771,0.220459,1.005371
4220684617,0.167236,0.222412,1.012207
4220689617,0.162598,0.224121,1.014648
4220694617,0.165039,0.225342,1.017334
4220699617,0.168945,0.22583,1.016602
4220704617,0.168457,0.223633,0.999023
4220709617,0.166016,0.227539,1.009521
4220714617,0.166748,0.223633,1.010986
4220719617,0.168213,0.22583,1.000488
4220724617,0.170166,0.223389,1.009521
4220729617,0.169678,0.222168,1.010986
4220734617,0.166992,0.223389,1.008301
4220739617,0.158936,0.223145,1.002441
4220744617,0.165283,0.217773,1.004395
4220749617,0.162354,0.219971,1.011475
4220754617,0.168213,0.225342,1.010498
4220759617,0.165039,0.223877,1.015381
4220764617,0.165527,0.222656,1.009277
4220769617,0.168701,0.220703,1.018311
4220774617,0.167969,0.223633,1.018311
4220779617,0.16626,0.225586,1.014648
4220784617,0.164062,0.224121,1.008301
4220789617,0.171143,0.222656,1.02124
4220794617,0.166992,0.224121,1.01001
4220799617,0.169922,0.222412,1.005371
4220804617,0.167969,0.218506,1.013184
4220809617,0.165283,0.220215,1.010254
4220814617,0.165771,0.221191,1.013916
4220819617,0.168945,0.219482,1.015381
4220824617,0.173096,0.22168,1.019531
4220829617,0.165527,0.222656,1.01001
4220834617,0.165527,0.221924,1.003418
4220839617,0.168945,0.220703,1.01123
4220844617,0.169922,0.225586,1.010742
4220849617,0.164062,0.2229,1.004883
4220854617,0.164062,0.227295,1.019287
4220859617,0.162842,0.218994,1.01001
4220864617,0.166016,0.222412,1.022461
4220869617,0.17041,0.225098,1.018799
4220874617,0.163574,0.2229,1.019531
4220879617,0.164795,0.223633,1.015137
4220884617,0.170898,0.223389,1.019775
4220889617,0.162109,0.219971,1.009033
4220894617,0.167969,0.22168,1.007813
4220899617,0.168213,0.21875,1.008545
4220904617,0.163574,0.21875,1.009521
4220909617,0.164795,0.225586,1.008789
4220914617,0.166992,0.222656,1.021484
4220919617,0.165771,0.220947,1.011475
4220924617,0.166992,0.227051,1.015381
4220929617,0.168945,0.224609,1.012451
4220934617,0.168457,0.227539,1.012939
4220939617,0.17041,0.219727,1.012939
4220944617,0.169434,0.224121,1.010254
4220949617,0.16748,0.222656,1.014404
4220954617,0.166992,0.22168,1.005615
4220959617,0.170898,0.220703,1.017334
4220964617,0.166016,0.224365,1.004883
4220969617,0.165527,0.221436,1.00708
4220974617,0.164551,0.2229,1.012939
4220979617,0.166748,0.222656,1.006592
4220984617,0.166992,0.220703,1.010254
4220989617,0.166992,0.223389,1.009277
4220994617,0.169434,0.2229,1.016113
4220999617,0.166016,0.220947,1.010986
4221004617,0.165527,0.226074,1.009277
4221009617,0.169678,0.224854,1.004395
4221014617,0.164551,0.224121,1.004883
4221019617,0.173096,0.226318,1.014648
4221024617,0.168945,0.224121,1.013428
4221029617,0.169922,0.224365,1.008301
4221034617,0.16748,0.225586,1.011719
4221039617,0.169922,0.216309,1.01123
4221044617,0.168457,0.223389,1.017334
4221049617,0.16626,0.221191,1.019775
4221054617,0.168213,0.221191,1.012695
4221059617,0.16626,0.22168,1.010254
4221064617,0.161377,0.217773,1.009766
4221069617,0.164307,0.220703,1.007813
4221074617,0.166992,0.223145,1.010742
4221079617,0.170898,0.222168,1.011963
4221084617,0.168213,0.220215,1.015381
4221089617,0.164062,0.220459,1.011963
4221094617,0.168945,0.221924,1.01001
4221099617,0.164551,0.223389,1.014648
4221104617,0.164307,0.222412,1.016357
4221109617,0.16626,0.220947,1.008545
4221114617,0.166016,0.225586,1.014893
4221119617,0.163574,0.221436,1.013916
4221124617,0.167725,0.223389,1.008789
4221129617,0.171143,0.224121,1.006836
4221134617,0.165039,0.219238,1.010254
4221139617,0.166748,0.223877,1.009033
4221144617,0.166992,0.222412,1.014404
4221149617,0.166992,0.221924,1.004883
4221154617,0.168457,0.220703,1.023682
4221159617,0.168701,0.224121,1.001709
4221164617,0.16626,0.228027,1.005615
4221169617,0.167969,0.226318,1.016846
4221174617,0.165039,0.224365,1.008057
4221179617,0.166992,0.220459,1.008789
4221184617,0.166504,0.22583,1.015869
4221189617,0.164062,0.2229,1.014404
4221194617,0.162842,0.227783,1.003418
4221199617,0.169678,0.224609,1.007324
4221204617,0.164795,0.222412,1.012451
4221209617,0.163574,0.225586,1.010742
4221214617,0.16626,0.225098,1.01123
4221219617,0.165039,0.223877,1.009766
4221224617,0.169678,0.223389,1.007813
4221229617,0.168701,0.221191,1.019043
4221234617,0.161133,0.219971,1.016846
4221239617,0.169189,0.224609,1.008301
4221244617,0.166992,0.224609,1.010742
4221249617,0.165771,0.227051,1.015625
4221254617,0.16333,0.220215,1.015625
4221259617,0.167969,0.222412,1.016113
4221264617,0.161865,0.220947,1.014893
4221269617,0.164062,0.219971,1.015137
4221274617,0.162842,0.224609,1.011719
4221279617,0.17041,0.223633,1.013428
4221284617,0.167725,0.224365,1.00708
4221289617,0.171387,0.218262,1.015137
4221294617,0.170166,0.220947,1.011719
4221299617,0.164551,0.220947,1.005859
4221304617,0.168701,0.221191,1.006348
4221309617,0.169434,0.216553,1.010254
4221314617,0.16748,0.22583,1.007813
4221319617,0.168213,0.220215,1.006592
4221324617,0.167969,0.228027,1.013916
4221329617,0.171875,0.227783,1.00293
4221334617,0.174072,0.222656,1.012451
4221339617,0.165527,0.225586,1.013428
4221344617,0.169922,0.224365,1.008301
4221349617,0.16748,0.216309,1.009766
4221354617,0.161621,0.225586,1.013672
4221359617,0.166748,0.221191,1.013428
4221364617,0.157715,0.219482,1.00708
4221369617,0.165283,0.223389,1.014404
4221374617,0.162598,0.226318,1.01416
4221379617,0.160645,0.223145,1.015137
4221384617,0.161377,0.225342,1.004639
4221389617,0.166504,0.225098,1.016602
4221394617,0.165283,0.221924,1.007813
4221399617,0.171387,0.224609,1.01001
4221404617,0.172607,0.222412,1.015381
4221409617,0.169189,0.219482,1.009277
4221414617,0.172119,0.217773,1.008545
4221419617,0.172607,0.222656,1.012451
4221424617,0.168213,0.222656,1.004395
4221429617,0.168945,0.21582,1.004883
4221434617,0.169678,0.222412,1.01001
4221439617,0.16626,0.221191,1.003662
4221444617,0.164551,0.222168,1.005859
4221449617,0.163818,0.225586,1.016113
4221454617,0.162354,0.221924,1.006836
4221459617,0.165771,0.226074,1.007568
4221464617,0.162354,0.228027,1.016846
4221469617,0.165283,0.224854,1.013428
4221474617,0.166992,0.226562,1.012207
4221479617,0.174072,0.223877,1.015625
4221484617,0.175049,0.219971,1.015381
4221489617,0.166748,0.223145,1.016602
4221494617,0.17334,0.223633,1.01001
4221499617,0.172363,0.218262,1.006836
4221504617,0.169434,0.216797,1.01123
4221509617,0.167969,0.217529,1.007568
4221514617,0.167725,0.219727,1.012939
4221519617,0.165771,0.214844,1.009277
4221524617,0.168457,0.225342,1.01001
4221529617,0.164062,0.220215,1.019043
4221534617,0.159912,0.223633,1.013672
4221539617,0.164062,0.225586,1.013672
4221544617,0.16748,0.223145,1.015625
4221549617,0.161865,0.222656,1.010254
4221554617,0.167969,0.22583,1.016602
4221559617,0.166504,0.224854,1.018799
4221564617,0.166748,0.227295,1.018066
4221569617,0.171875,0.220947,1.012939
4221574617,0.169189,0.219971,1.010498
4221579617,0.172852,0.219482,1.007568
4221584617,0.167969,0.21875,1.009766
4221589617,0.167969,0.219971,1.008057
4221594617,0.166992,0.21875,1.010742
4221599617,0.169678,0.216553,1.010498
4221604617,0.161133,0.216309,1.011475
4221609617,0.164062,0.217529,1.011719
4221614617,0.16626,0.21875,1.010742
4221619617,0.168701,0.222412,1.01123
4221624617,0.170898,0.229004,1.012451
4221629617,0.170166,0.226074,1.006592
4221634617,0.171143,0.227783,1.007568
4221639617,0.168213,0.223389,1.017578
4221644617,0.168701,0.224121,1.009521
4221649617,0.168213,0.227539,1.013184
4221654617,0.164307,0.224121,1.009277
4221659617,0.163818,0.224854,1.006592
4221664617,0.166748,0.22168,1.009033
4221669617,0.165283,0.221191,1.012451
4221674617,0.165283,0.219482,1.007568
4221679617,0.163818,0.223389,1.010986
4221684617,0.166992,0.221191,1.007568
4221689617,0.168213,0.22168,1.016113
4221694617,0.170898,0.220703,1.013672
4221699617,0.169189,0.21875,1.01123
4221704617,0.170166,0.221436,1.011719
4221709617,0.168457,0.222412,1.009277
4221714617,0.168945,0.220459,1.011475
4221719617,0.172119,0.223633,1.015137
4221724617,0.168945,0.222412,1.01123
4221729617,0.169678,0.227783,1.008545
4221734617,0.16626,0.221924,1.012451
4221739617,0.167725,0.22583,1.010254
4221744617,0.168457,0.225342,1.011963
4221749617,0.167725,0.222168,1.008057
4221754617,0.164307,0.221191,1.012451
4221759617,0.169434,0.219971,1.01709
4221764617,0.163574,0.222412,1.014404
4221769617,0.162842,0.219727,1.017822
4221774617,0.169434,0.220947,1.012207
4221779617,0.168945,0.219238,1.003418
4221784617,0.171387,0.21875,1.016602
4221789617,0.168945,0.222656,1.010742
4221794617,0.166992,0.221924,1.010254
4221799617,0.172119,0.220459,1.01001
4221804617,0.168945,0.220947,1.008545
4221809617,0.167725,0.222412,1.010986
4221814617,0.167969,0.224854,1.01123
4221819617,0.164795,0.222656,1.019043
4221824617,0.166016,0.222412,1.01416
4221829617,0.16626,0.224854,1.006104
4221834617,0.16333,0.220947,1.01709
4221839617,0.167969,0.21582,1.012451
4221844617,0.164307,0.22168,1.013916
4221849617,0.159912,0.224121,1.008057
4221854617,0.169434,0.223145,1.009766
4221859617,0.169922,0.222656,1.012695
4221864617,0.169434,0.221436,1.01123
4221869617,0.168213,0.2229,1.011475
4221874617,0.166748,0.217285,1.013428
4221879617,0.167969,0.224854,1.009033
4221884617,0.168457,0.217285,1.006592
4221889617,0.169678,0.222656,1.016357
4221894617,0.167969,0.220703,1.012451
4221899617,0.166016,0.222656,1.009521
4221904617,0.164062,0.223877,1.018555
4221909617,0.16748,0.221924,1.019043
4221914617,0.167236,0.218994,1.015137
4221919617,0.167969,0.22876,1.011963
4221924617,0.167969,0.22583,1.011719
4221929617,0.167725,0.223877,1.011719
4221934617,0.171143,0.226562,1.016602
4221939617,0.171387,0.227539,1.012207
4221944617,0.16626,0.222412,1.016357
4221949617,0.165039,0.220215,1.011719
4221954617,0.170654,0.219238,1.010742
4221959617,0.168945,0.2229,1.016357
4221964617,0.168213,0.224121,1.006836
4221969617,0.168457,0.223877,1.005615
4221974617,0.168213,0.2229,1.013916
4221979617,0.164551,0.225586,1.011719
4221984617,0.166016,0.220459,1.011963
4221989617,0.167969,0.220703,1.017822
4221994617,0.165527,0.227051,1.014893
4221999617,0.164795,0.225098,1.005859
4222004617,0.168457,0.2229,1.009521
4222009617,0.166504,0.223389,1.016357
4222014617,0.170898,0.22168,1.015869
4222019617,0.166992,0.226562,1.004639
4222024617,0.165283,0.22168,1.008545
4222029617,0.168945,0.222168,1.013184
4222034617,0.166504,0.220459,1.012939
4222039617,0.16748,0.224121,1.008545
4222044617,0.165527,0.223145,1.009277
4222049617,0.166992,0.218262,1.009033
4222054617,0.172363,0.218994,1.01123
4222059617,0.167969,0.222412,1.015625
4222064617,0.164795,0.219482,1.010254
4222069617,0.167236,0.220459,1.005127
4222074617,0.169922,0.228027,1.009033
4222079617,0.166992,0.223877,1.008545
4222084617,0.168701,0.222168,1.013428
4222089617,0.169434,0.222168,1.017578
4222094617,0.165771,0.223389,1.011963
4222099617,0.169678,0.224854,1.009521
4222104617,0.168701,0.218262,1.015869
4222109617,0.167236,0.218018,1.013428
4222114617,0.166748,0.225342,1.010986
4222119617,0.166748,0.221436,1.014893
4222124617,0.168945,0.221191,1.010254
4222129617,0.165039,0.223877,1.009277
4222134617,0.165527,0.223145,1.007813
4222139617,0.166748,0.21875,1.00708
4222144617,0.166992,0.227051,1.009766
4222149617,0.163086,0.225586,1.012207
4222154617,0.167725,0.223877,1.012939
4222159617,0.171143,0.224854,1.014648
4222164617,0.165283,0.224854,1.018311
4222169617,0.166504,0.2229,1.010254
4222174617,0.166748,0.219727,1.01123
4222179617,0.16333,0.220459,1.008545
4222184617,0.166992,0.224365,1.009033
4222189617,0.16626,0.218506,1.005127
4222194617,0.171143,0.224365,1.007813
4222199617,0.164551,0.218506,1.009277
4222204617,0.166504,0.223145,1.01123
4222209617,0.169434,0.222656,1.007568
4222214617,0.169678,0.222412,1.009766
4222219617,0.168701,0.2229,1.014648
4222224617,0.167236,0.226318,1.010254
4222229617,0.163818,0.222412,1.011719
4222234617,0.168457,0.223389,1.009033
4222239617,0.164551,0.224609,1.014648
4222244617,0.168213,0.223877,1.010254
4222249617,0.16748,0.2229,1.010742
4222254617,0.166748,0.224854,1.018555
4222259617,0.165771,0.217529,1.006592
4222264617,0.167236,0.219238,1.01001
4222269617,0.169678,0.2229,1.009033
4222274617,0.169678,0.224609,1.01123
4222279617,0.169678,0.224121,1.013916
4222284617,0.168457,0.223389,1.014893
4222289617,0.165283,0.219971,1.003906
4222294617,0.172607,0.219238,1.011963
4222299617,0.165771,0.226074,1.010498
4222304617,0.167236,0.224121,1.013672
4222309617,0.165039,0.22168,1.009033
4222314617,0.167236,0.219971,1.010742
4222319617,0.169678,0.22583,1.011963
4222324617,0.168213,0.221924,1.011963
4222329617,0.166016,0.220703,1.011475
4222334617,0.165039,0.223145,1.011475
4222339617,0.165283,0.217529,1.01123
4222344617,0.16748,0.218994,1.01123
4222349617,0.169434,0.224365,1.009521
4222354617,0.162842,0.222412,1.015381
4222359617,0.169922,0.224365,1.016602
4222364617,0.169434,0.220703,1.012695
4222369617,0.165283,0.224854,1.010986
4222374617,0.169678,0.225342,1.011719
4222379617,0.165771,0.223633,1.004883
4222384617,0.169434,0.223633,1.011719
4222389617,0.168945,0.223145,1.013672
4222394617,0.165771,0.225342,1.016113
4222399617,0.169678,0.219482,1.015869
4222404617,0.169678,0.217285,1.011963
4222409617,0.163818,0.21875,1.010742
4222414617,0.16748,0.215332,1.014893
4222419617,0.166504,0.216797,1.003662
4222424617,0.166504,0.222656,1.01416
4222429617,0.166504,0.219727,1.012207
4222434617,0.166992,0.2229,1.006104
4222439617,0.166748,0.224365,1.016602
4222444617,0.165771,0.223145,1.012207
4222449617,0.162598,0.223633,1.013184
4222454617,0.164795,0.225342,1.010742
4222459617,0.16748,0.227539,1.013672
4222464617,0.169678,0.228516,1.012695
4222469617,0.165039,0.224121,1.009033
4222474617,0.168457,0.227051,1.01416
4222479617,0.171631,0.219482,1.01416
4222484617,0.168213,0.223633,1.007568
4222489617,0.163086,0.222412,1.006104
4222494617,0.169189,0.225342,1.011963
4222499617,0.167969,0.220947,1.008545
4222504617,0.165039,0.218994,1.005859
4222509617,0.163574,0.221436,1.007324
4222514617,-2.0,-2.0,-1.184814
4222519617,1.999939,1.999939,-2.0
4222524617,0.462646,1.656006,-2.0
4222529617,1.999939,-2.0,-2.0
4222534617,0.841797,1.999939,-2.0
4222539617,-2.0,1.999939,-2.0
4222544617,-0.025146,-0.649658,-2.0
4222549617,-0.373047,0.548096,-2.0
4222554617,-0.126709,1.999939,-0.961426
4222559617,-1.053223,1.999939,1.999939
4222564617,-0.301025,0.380127,-2.0
4222569617,-0.467773,1.175293,-2.0
4222574617,-1.076172,1.999939,1.999939
4222579617,-1.417236,1.088867,-0.478516
4222584617,0.145508,1.746826,1.313965
4222589617,0.279053,0.0979,1.094238
4222594617,-1.632813,1.999939,-1.897949
4222599617,-0.835693,1.639648,-2.0
4222604617,-0.521484,1.979492,-0.42627
4222609617,-1.038818,0.77832,-1.72998
4222614617,-1.01416,0.429687,0.773437
4222619617,-0.80542,0.694092,1.875977
4222624617,-0.952881,0.739746,1.325928
4222629617,-0.203857,0.833496,0.928711
4222634617,0.049316,0.30957,0.605225
4222639617,0.157959,0.286865,1.225342
4222644617,0.177734,0.242432,1.085693
4222649617,-0.751465,1.999939,1.474609
4222654617,-0.166504,1.0979,1.149658
4222659617,0.185791,0.890625,1.00415
4222664617,0.020508,0.602295,1.035156
4222669617,0.343994,0.932373,-0.852295
4222674617,-0.133057,1.999939,-2.0
4222679617,-0.712891,1.999939,-0.020996
4222684617,-0.344971,0.182373,0.915527
4222689617,0.162842,1.492188,0.797119
4222694617,0.295898,0.382813,0.80542
4222699617,0.082764,0.386475,1.261963
4222704617,0.063232,0.188232,0.701172
4222709617,0.188965,0.280273,1.026611
4222714617,0.155518,0.321289,1.335205
4222719617,0.077148,0.207275,0.974609
4222724617,0.361084,1.372803,0.878418
4222729617,0.273438,1.845459,1.050537
4222734617,0.125,0.245361,0.764648
4222739617,0.197998,0.226562,1.219482
4222744617,0.171143,0.205811,0.970459
4222749617,0.106201,0.190186,0.932617
4222754617,0.120117,1.008545,0.996826
4222759617,0.060059,0.149902,0.006348
4222764617,-0.145508,1.999939,0.904297
4222769617,0.254395,1.999939,0.942383
4222774617,-0.743896,1.723389,-1.222168
4222779617,-0.449463,1.026123,0.76709
4222784617,0.248535,0.915527,0.677002
4222789617,0.246826,1.944824,1.591064
4222794617,-0.218506,1.999939,-2.0
4222799617,-0.440186,0.9729,1.999939
4222804617,-1.068604,0.919922,1.246582
4222809617,-0.317383,1.641357,1.060791
4222814617,0.19751,1.698486,1.024658
4222819617,0.178223,0.216797,0.937012
4222824617,0.228516,0.292725,1.310547
4222829617,0.110352,0.252197,1.059326
4222834617,0.185303,0.179199,0.906006
4222839617,0.128174,0.233154,1.06958
4222844617,0.247803,0.177734,1.140381
4222849617,0.139404,0.288818,1.027588
4222854617,0.112305,0.229248,0.912109
4222859617,0.145996,0.220215,1.0
4222864617,0.115234,0.278076,0.905518
4222869617,0.137207,0.231934,0.971436
4222874617,0.198975,0.243164,1.060791
4222879617,0.137695,0.186279,0.990967
4222884617,0.157959,0.239014,1.010986
4222889617,0.15918,0.257324,1.024414
4222894617,0.142578,0.248779,1.0
4222899617,0.150635,0.206787,0.992187
4222904617,0.186523,0.162598,0.958496
4222909617,0.161377,0.168701,0.976562
4222914617,0.161133,0.203125,1.044434
4222919617,0.171875,0.258301,1.076172
4222924617,0.148193,0.265625,1.012939
4222929617,0.144775,0.239502,0.989258
4222934617,0.163818,0.222412,0.990234
4222939617,0.155762,0.210937,0.986328
4222944617,0.166748,0.213623,1.035645
4222949617,0.179932,0.23999,1.064941
4222954617,0.151855,0.256836,1.028076
4222959617,0.148682,0.253418,1.01001
4222964617,0.155273,0.234619,0.998047
4222969617,0.159912,0.203613,0.972412
4222974617,0.172119,0.18335,0.997559
4222979617,0.187256,0.195801,1.030273
4222984617,0.159668,0.218018,1.015625
4222989617,0.151611,0.241699,1.024658
4222994617,0.151855,0.248779,1.019043
4222999617,0.147705,0.229004,0.980469
4223004617,0.15625,0.2146,0.995361
4223009617,0.171387,0.211182,1.022461
4223014617,0.160645,0.227783,1.025391
4223019617,0.153076,0.241699,1.040283
4223024617,0.159912,0.255859,1.035645
4223029617,0.147949,0.249023,0.981201
4223034617,0.156982,0.229492,0.991211
4223039617,0.175537,0.211914,1.006104
4223044617,0.171143,0.19873,1.005859
4223049617,0.162842,0.209473,1.02417
4223054617,0.171631,0.233887,1.034668
4223059617,0.154541,0.242187,1.00293
4223064617,0.14624,0.231445,0.995605
4223069617,0.164795,0.219482,1.011475
4223074617,0.156494,0.217285,1.000488
4223079617,0.151855,0.218262,1.012451
4223084617,0.168701,0.232178,1.037109
4223089617,0.155518,0.245117,1.015381
4223094617,0.147461,0.244141,1.006592
4223099617,0.162109,0.237793,1.01001
4223104617,0.153564,0.22168,0.98877
4223109617,0.154541,0.206055,1.000977
4223114617,0.179443,0.2146,1.036133
4223119617,0.165039,0.224609,1.018066
4223124617,0.150391,0.228516,1.010986
4223129617,0.161377,0.236328,1.02002
4223134617,0.151611,0.229248,0.995605
4223139617,0.150635,0.21167,0.988281
4223144617,0.176514,0.21582,1.029053
4223149617,0.158691,0.225586,1.014648
4223154617,0.148437,0.232422,1.010254
4223159617,0.164307,0.238037,1.030029
4223164617,0.147461,0.237793,0.993408
4223169617,0.146484,0.222412,0.996582
4223174617,0.173828,0.220215,1.031494
4223179617,0.161621,0.220947,1.012939
4223184617,0.153564,0.225098,1.009521
4223189617,0.168213,0.234863,1.032471
4223194617,0.155273,0.236816,1.003418
4223199617,0.157227,0.228027,0.960449
4223204617,0.206543,0.061035,0.98877
4223209617,0.197754,0.095215,1.167969
4223214617,0.224609,0.202148,1.053955
4223219617,0.123291,0.29834,1.016113
4223224617,0.147217,0.306885,1.059082
4223229617,0.241943,0.290039,0.902832
4223234617,0.046143,0.231445,0.968262
4223239617,0.160889,0.218506,0.899658
4223244617,0.03418,0.355713,0.956787
4223249617,0.177002,0.400391,0.974609
4223254617,0.019287,0.353516,0.990723
4223259617,0.144775,0.402832,1.044922
4223264617,0.129883,0.22583,0.893799
4223269617,0.225586,0.213867,1.035645
4223274617,0.106934,0.199707,1.033203
4223279617,0.231689,0.134033,0.982422
4223284617,0.145996,0.179199,0.957275
4223289617,0.165527,0.16333,0.947266
4223294617,0.189941,0.103516,0.925781
4223299617,0.172363,0.137451,0.942627
4223304617,0.160645,0.088623,1.020264
4223309617,0.179443,0.154053,1.004883
4223314617,0.148193,0.173096,1.016357
4223319617,0.156494,0.210205,1.097412
4223324617,0.187988,0.35791,1.137695
4223329617,0.108398,0.310791,1.096436
4223334617,0.129639,0.35498,1.090088
4223339617,0.130371,0.287598,1.049072
4223344617,0.124512,0.253662,1.048584
4223349617,0.145752,0.291992,1.012939
4223354617,0.124512,0.279297,1.008057
4223359617,0.125977,0.277344,1.000488
4223364617,0.138428,0.264404,0.996094
4223369617,0.1604,0.23291,0.96582
4223374617,0.161133,0.193848,0.970459
4223379617,0.162598,0.17627,0.962646
4223384617,0.165527,0.199707,0.979492
4223389617,0.146729,0.22168,1.020752
4223394617,0.164795,0.257813,1.03125
4223399617,0.151611,0.261719,1.049316
4223404617,0.148682,0.210449,1.036133
4223409617,0.162598,0.219238,1.025635
4223414617,0.155518,0.246094,1.021973
4223419617,0.143799,0.248047,1.012695
4223424617,0.127686,0.304688,1.002441
4223429617,0.11377,0.296875,0.955322
4223434617,0.105713,0.289795,0.956787
4223439617,0.11792,0.257813,0.94458
4223444617,0.144043,0.241211,0.956787
4223449617,0.176514,0.226318,0.965332
4223454617,0.123047,0.155518,1.049805
4223459617,0.169189,0.485107,1.338867
4223464617,0.050049,0.272461,1.019531
4223469617,0.249756,0.292236,0.920898
4223474617,0.154053,0.178223,1.062012
4223479617,0.2146,0.087158,0.970215
4223484617,0.089111,0.185547,0.898437
4223489617,0.237061,0.256836,1.118652
4223494617,0.154297,0.270996,1.112305
4223499617,0.172852,0.169922,0.960693
4223504617,0.196045,0.116699,0.949951
4223509617,0.178223,0.157715,0.978027
4223514617,0.164795,0.186035,0.996826
4223519617,0.166504,0.210449,1.025879
4223524617,0.171631,0.196045,1.008545
4223529617,0.164062,0.198242,0.975098
4223534617,0.167236,0.190918,0.990234
4223539617,0.173096,0.200684,1.018555
4223544617,0.155518,0.208984,0.994385
4223549617,0.162109,0.221924,1.031494
4223554617,0.149658,0.294678,1.090088
4223559617,0.140869,0.296143,1.014893
4223564617,0.135986,0.29541,1.017578
4223569617,0.132568,0.290283,1.045166
4223574617,0.136475,0.270264,1.025391
4223579617,0.153564,0.254395,1.022217
4223584617,0.157227,0.248535,1.029785
4223589617,0.145264,0.238281,1.03125
4223594617,0.156006,0.23291,1.025879
4223599617,0.160889,0.222168,1.010498
4223604617,0.161621,0.202393,0.996826
4223609617,0.171387,0.17334,0.992187
4223614617,0.17749,0.171387,0.986816
4223619617,0.165039,0.184326,0.995117
4223624617,0.170166,0.196533,1.003662
4223629617,0.16748,0.205078,1.007568
4223634617,0.161377,0.21167,0.992676
4223639617,0.16626,0.19873,1.000244
4223644617,0.173828,0.19165,0.998535
4223649617,0.16748,0.187012,0.996826
4223654617,0.161865,0.208496,1.020996
4223659617,0.155029,0.239746,1.038086
4223664617,0.138916,0.274414,1.041992
4223669617,0.143066,0.2771,1.031494
4223674617,0.150635,0.271973,1.022461
4223679617,0.143799,0.26001,1.029785
4223684617,0.145752,0.243408,1.022705
4223689617,0.156494,0.248047,1.022705
4223694617,0.148926,0.245117,1.019043
4223699617,0.150635,0.245361,1.030762
4223704617,0.162109,0.237061,1.008545
4223709617,0.158936,0.209717,1.007813
4223714617,0.171631,0.191895,0.993408
4223719617,0.174805,0.181885,0.990967
4223724617,0.165039,0.19165,0.988281
4223729617,0.164062,0.204102,0.999756
4223734617,0.164795,0.215576,1.010986
4223739617,0.154297,0.216797,1.001465
4223744617,0.161377,0.209717,1.011475
4223749617,0.166748,0.205566,1.009033
4223754617,0.156494,0.207031,1.000732
4223759617,0.150146,0.228027,1.024414
4223764617,0.151123,0.259766,1.034912
4223769617,0.146484,0.272461,1.02002
4223774617,0.149902,0.269775,1.023682
4223779617,0.155518,0.258057,1.02832
4223784617,0.156494,0.236572,1.009766
4223789617,0.157959,0.220459,1.012939
4223794617,0.157959,0.228516,1.019531
4223799617,0.164551,0.231689,1.024902
4223804617,0.151611,0.230469,1.008057
4223809617,0.162354,0.214844,1.005615
4223814617,0.167236,0.202637,1.006836
4223819617,0.161133,0.190674,0.981445
4223824617,0.163086,0.19458,0.99292
4223829617,0.16626,0.210205,1.006104
4223834617,0.158691,0.223389,1.018555
4223839617,0.150146,0.231934,1.017822
4223844617,0.161621,0.232666,1.013916
4223849617,0.158203,0.220947,1.004639
4223854617,0.161865,0.222412,1.011475
4223859617,0.165283,0.235352,1.022705
4223864617,0.154053,0.247559,1.014893
4223869617,0.144043,0.258057,1.019531
4223874617,0.157715,0.252686,1.016602
4223879617,0.152832,0.234863,1.019775
4223884617,0.154297,0.221436,1.009033
4223889617,0.168701,0.215332,1.004883
4223894617,0.159912,0.21582,1.004639
4223899617,0.158936,0.220947,1.012939
4223904617,0.162354,0.226318,1.017334
4223909617,0.159668,0.218994,1.007324
4223914617,0.156982,0.211914,1.00293
4223919617,0.162842,0.208984,1.000488
4223924617,0.168457,0.211182,1.002686
4223929617,0.154053,0.21875,1.014404
4223934617,0.1604,0.231689,1.031006
4223939617,0.162109,0.24707,1.020996
4223944617,0.160156,0.234619,1.018799
4223949617,0.162354,0.235107,1.017334
4223954617,0.158691,0.233643,1.000488
4223959617,0.156738,0.225586,1.003906
4223964617,0.156738,0.232422,1.014893
4223969617,0.156738,0.239746,1.013428
4223974617,0.146729,0.233643,1.009033
4223979617,0.156494,0.22583,1.007324
4223984617,0.159668,0.223145,1.011475
4223989617,0.160889,0.216553,1.00415
4223994617,0.161621,0.215332,0.999756
4223999617,0.160156,0.21875,1.01123
4224004617,0.164307,0.214355,1.03125
4224009617,0.140869,0.232422,0.990967
4224014617,0.177979,0.204102,1.003418
4224019617,0.171143,0.212158,0.997314
4224024617,0.157227,0.217773,1.002197
4224029617,0.167725,0.231201,1.017822
4224034617,0.153564,0.225342,1.014893
4224039617,0.149902,0.243408,1.022217
4224044617,0.158936,0.243652,1.025146
4224049617,0.155518,0.232666,1.026367
4224054617,0.156738,0.228516,1.015137
4224059617,0.16333,0.222656,1.029785
4224064617,0.158203,0.226074,1.022949
4224069617,0.161133,0.228516,1.002441
4224074617,0.158691,0.229248,0.999512
4224079617,0.153809,0.219238,0.986572
4224084617,0.161377,0.219238,1.016113
4224089617,0.158203,0.215088,0.999756
4224094617,0.166504,0.21875,1.028076
4224099617,0.159912,0.220703,1.014893
4224104617,0.154785,0.235352,1.005859
4224109617,0.160889,0.235352,1.001465
4224114617,0.159912,0.22876,1.016846
4224119617,0.155518,0.230713,1.005371
4224124617,0.154297,0.231934,1.010986
4224129617,0.159424,0.226318,1.016602
4224134617,0.15918,0.229248,1.019775
4224139617,0.14624,0.232178,1.001709
4224144617,0.163574,0.229004,1.026855
4224149617,0.157715,0.227295,1.004883
4224154617,0.154297,0.218018,1.019531
4224159617,0.165283,0.221436,1.014648
4224164617,0.164062,0.22168,1.010986
4224169617,0.157227,0.220459,1.008057
4224174617,0.162354,0.229248,1.010498
4224179617,0.161133,0.226562,1.010986
4224184617,0.156738,0.221436,1.010254
4224189617,0.165039,0.224365,1.015381
4224194617,0.160889,0.22583,1.004639
4224199617,0.162354,0.221436,1.015137
4224204617,0.158936,0.231689,1.014893
4224209617,0.157471,0.234131,1.016602
4224214617,0.154785,0.225098,1.02124
4224219617,0.153809,0.225342,1.01709
4224224617,0.156982,0.226074,1.007568
4224229617,0.157715,0.226807,1.010742
4224234617,0.15332,0.223633,1.027344
4224239617,0.155029,0.233887,1.01001
4224244617,0.150391,0.22583,1.003174
4224249617,0.15918,0.228027,1.016113
4224254617,0.157227,0.226074,1.011719
4224259617,0.15918,0.223633,0.997803
4224264617,0.165527,0.215576,1.012695
4224269617,0.167236,0.230713,1.004639
4224274617,0.165527,0.219482,1.012939
4224279617,0.159912,0.230957,1.019531
4224284617,0.160889,0.229004,1.017822
4224289617,0.161133,0.231445,1.019775
4224294617,0.158691,0.222168,1.019775
4224299617,0.158447,0.229004,1.018311
4224304617,0.150391,0.229004,0.999023
4224309617,0.156982,0.225342,1.011719
4224314617,0.161865,0.226562,1.020752
4224319617,0.157227,0.223877,1.010254
4224324617,0.163818,0.220947,1.019531
4224329617,0.156738,0.221436,1.018799
4224334617,0.152588,0.226318,0.999512
4224339617,0.154785,0.227783,1.009521
4224344617,0.157471,0.231934,1.025391
4224349617,0.154297,0.229248,1.017334
4224354617,0.156006,0.228271,1.015381
4224359617,0.155273,0.224609,1.013672
4224364617,0.151123,0.223633,1.014404
4224369617,0.15625,0.227295,1.006592
4224374617,0.159668,0.224365,1.011475
4224379617,0.157715,0.227783,1.009277
4224384617,0.158447,0.223877,1.008057
4224389617,0.155518,0.229492,1.009521
4224394617,0.166016,0.224854,1.022217
4224399617,0.158447,0.226074,1.009277
4224404617,0.158936,0.224365,1.011719
4224409617,0.158936,0.225586,1.02417
4224414617,0.162842,0.22583,1.016113
4224419617,0.158447,0.228027,1.012695
4224424617,0.156982,0.222412,1.007568
4224429617,0.161621,0.228271,1.011963
4224434617,0.158203,0.221924,1.014648
4224439617,0.15918,0.223633,1.010986
4224444617,0.15918,0.227051,1.016113
4224449617,0.15625,0.226318,1.011475
4224454617,0.15625,0.219971,1.021729
4224459617,0.159668,0.22998,1.01123
4224464617,0.157227,0.226318,1.013916
4224469617,0.157959,0.229004,1.004639
4224474617,0.160645,0.225098,1.019287
4224479617,0.162109,0.227051,1.008789
4224484617,0.158203,0.225342,1.015625
4224489617,0.155273,0.223877,1.005127
4224494617,0.161865,0.222412,1.020752
4224499617,0.160156,0.225098,1.004883
4224504617,0.160645,0.224854,1.01709
4224509617,0.156982,0.227783,1.003662
4224514617,0.156738,0.22583,1.011475
4224519617,0.155518,0.228516,1.008301
4224524617,0.157959,0.228027,1.019287
4224529617,0.156006,0.221191,1.008789
4224534617,0.161377,0.225342,1.017334
4224539617,0.159424,0.226562,1.018311
4224544617,0.156982,0.226318,1.016113
4224549617,0.15918,0.226074,1.01416
4224554617,0.155762,0.22876,1.010986
4224559617,0.158447,0.231201,1.01001
4224564617,0.161377,0.226074,1.020752
4224569617,0.157227,0.222656,1.009277
4224574617,0.159912,0.228271,1.013428
4224579617,0.162354,0.228027,1.006836
4224584617,0.1604,0.226318,1.011475
4224589617,0.158936,0.228027,1.008301
4224594617,0.156006,0.224365,1.010986
4224599617,0.160645,0.225098,1.01001
4224604617,0.157715,0.22876,1.008789
4224609617,0.156982,0.223145,1.01709
4224614617,0.156982,0.224121,1.014404
4224619617,0.155029,0.22876,1.007568
4224624617,0.160645,0.226074,1.00293
4224629617,0.157227,0.226562,1.014648
4224634617,0.158936,0.224365,1.006104
4224639617,0.158691,0.231689,1.010986
4224644617,0.165039,0.229248,1.012451
4224649617,0.163574,0.227539,1.008545
4224654617,0.158936,0.228516,1.005859
4224659617,0.161621,0.227539,1.006104
4224664617,0.164307,0.222412,1.009033
4224669617,0.16333,0.225342,1.010742
4224674617,0.158936,0.228271,1.017822
4224679617,0.157227,0.226807,1.012451
4224684617,0.155029,0.224365,1.013916
4224689617,0.157471,0.22168,1.010498
4224694617,0.1521,0.222656,1.011719
4224699617,0.152832,0.224609,1.015381
4224704617,0.15918,0.225586,1.015137
4224709617,0.158691,0.228027,1.013428
4224714617,0.157471,0.228271,1.007568
4224719617,0.163086,0.226807,1.010742
4224724617,0.159912,0.228271,1.012695
4224729617,0.158691,0.226074,1.001953
4224734617,0.160156,0.231445,1.015381
4224739617,0.162354,0.227783,1.014893
4224744617,0.157959,0.228271,1.010254
4224749617,0.159424,0.2229,1.006592
4224754617,0.159912,0.221191,1.011475
4224759617,0.161621,0.224854,1.016113
4224764617,0.159424,0.223145,1.015137
4224769617,0.159424,0.225342,1.012451
4224774617,0.156982,0.224121,1.017334
4224779617,0.157227,0.224365,1.007813
4224784617,0.156738,0.226807,1.009521
4224789617,0.151855,0.228516,1.005127
4224794617,0.160645,0.220459,1.011963
4224799617,0.156738,0.223877,1.014648
4224804617,0.157959,0.231201,1.017334
4224809617,0.160156,0.227539,1.012451
4224814617,0.162354,0.225342,1.011475
4224819617,0.158447,0.228027,1.008301
4224824617,0.157227,0.223877,1.01001
4224829617,0.158203,0.225342,1.012207
4224834617,0.153564,0.227539,1.011719
4224839617,0.163574,0.220459,1.020752
4224844617,0.15918,0.225342,1.010986
4224849617,0.1604,0.226562,1.017578
4224854617,0.164551,0.223633,1.020264
4224859617,0.157227,0.228027,1.01416
4224864617,0.151123,0.228027,1.00708
4224869617,0.158203,0.224854,1.008057
4224874617,0.158691,0.229492,1.018311
4224879617,0.156494,0.226562,1.01001
4224884617,0.161865,0.227295,1.020264
4224889617,0.159668,0.223145,1.01416
4224894617,0.160156,0.227539,1.018066
4224899617,0.161133,0.223145,1.012939
4224904617,0.159912,0.229736,1.018555
4224909617,0.162598,0.229736,1.017578
4224914617,0.157715,0.22876,1.005615
4224919617,0.155273,0.224121,1.005127
4224924617,0.157227,0.22583,1.009277
4224929617,0.164551,0.22583,1.023193
4224934617,0.154053,0.229736,1.012207
4224939617,0.158447,0.22876,1.016602
4224944617,0.160889,0.228027,1.008545
4224949617,0.162109,0.227051,1.012451
4224954617,0.152588,0.227295,1.001709
4224959617,0.157715,0.227051,1.011475
4224964617,0.153564,0.229004,1.004639
4224969617,0.161133,0.22583,1.00708
4224974617,0.154297,0.224854,1.001709
4224979617,0.159668,0.220215,1.011719
4224984617,0.157959,0.225342,1.018066
4224989617,0.158203,0.222656,1.010498
4224994617,0.159668,0.224609,1.015381
4224999617,0.155762,0.227295,1.009521
4225004617,0.162354,0.22583,1.020752
4225009617,0.1604,0.227783,1.010498
4225014617,0.154541,0.224609,1.00708
4225019617,0.15918,0.223633,1.013184
4225024617,0.158447,0.231201,1.012939
4225029617,0.156738,0.22583,1.014893
4225034617,0.15625,0.226562,1.016357
4225039617,0.159668,0.223389,1.010986
4225044617,0.160645,0.226562,1.012939
4225049617,0.162842,0.228027,1.012451
4225054617,0.159424,0.22876,1.006348
4225059617,0.162354,0.224121,1.012939
4225064617,0.158691,0.228027,1.01416
4225069617,0.156738,0.228271,1.009033
4225074617,0.159668,0.225342,1.015381
4225079617,0.156738,0.226807,1.011475
4225084617,0.155518,0.224609,1.009033
4225089617,0.158936,0.225098,1.013916
4225094617,0.158447,0.226807,1.008789
4225099617,0.158447,0.226562,1.01001
4225104617,0.157715,0.220947,1.010986
4225109617,0.160889,0.221436,1.016602
4225114617,0.160889,0.230225,1.01123
4225119617,0.157959,0.227295,1.017822
4225124617,0.15625,0.229004,1.013916
4225129617,0.16333,0.227539,1.018555
4225134617,0.157959,0.229492,1.014404
4225139617,0.161133,0.227295,1.016357
4225144617,0.159912,0.231201,1.011475
4225149617,0.160156,0.228516,1.012207
4225154617,0.158447,0.22583,1.012695
4225159617,0.16333,0.226562,1.012207
4225164617,0.157715,0.229248,1.014648
4225169617,0.159424,0.226807,1.013672
4225174617,0.160645,0.222656,1.013916
4225179617,0.158936,0.223145,1.018066
4225184617,0.163086,0.225342,1.009766
4225189617,0.155762,0.223633,1.01001
4225194617,0.158936,0.226074,0.999023
4225199617,0.157715,0.226562,1.008789
4225204617,0.158203,0.226562,1.012207
4225209617,0.160889,0.226318,1.012695
4225214617,0.157959,0.225586,1.014404
4225219617,0.153076,0.227783,1.012451
4225224617,0.15625,0.227051,1.01709
4225229617,0.158203,0.229736,1.010986
4225234617,0.155029,0.226074,1.013428
4225239617,0.160156,0.227783,1.016846
4225244617,0.155762,0.224365,1.009277
4225249617,0.158936,0.223877,1.012207
4225254617,0.15918,0.2229,1.010986
4225259617,0.156494,0.22583,1.014404
4225264617,0.161133,0.223633,1.013184
4225269617,0.155518,0.221924,1.016113
4225274617,0.155762,0.225098,1.014404
4225279617,0.151367,0.222656,1.007813
4225284617,0.157471,0.228516,1.006348
4225289617,0.157715,0.227539,1.013672
4225294617,0.162354,0.226074,1.024658
4225299617,0.158447,0.228027,1.023193
4225304617,0.164551,0.227539,1.017822
4225309617,0.156982,0.227783,1.014648
4225314617,0.15918,0.223877,1.016602
4225319617,0.15918,0.225098,1.007324
4225324617,0.163086,0.223145,1.00708
4225329617,0.162842,0.224854,1.018799
4225334617,0.163574,0.225342,1.014893
4225339617,0.161377,0.228027,1.018066
4225344617,0.164551,0.22583,1.012939
4225349617,0.15625,0.227783,1.013184
4225354617,0.155029,0.229248,1.007813
4225359617,0.159668,0.22998,1.009033
4225364617,0.163574,0.231689,1.023926
4225369617,0.156494,0.227783,1.011963
4225374617,0.155029,0.227783,1.01001
4225379617,0.160889,0.225586,1.007813
4225384617,0.156494,0.224365,1.009521
4225389617,0.157227,0.226318,1.005859
4225394617,0.160156,0.221436,1.017334
4225399617,0.160156,0.223389,1.013672
4225404617,0.163086,0.226562,1.014648
4225409617,0.160156,0.225342,1.016113
4225414617,0.164307,0.227051,1.017578
4225419617,0.161133,0.230713,1.014893
4225424617,0.158691,0.22998,1.01001
4225429617,0.165039,0.230469,1.017334
4225434617,0.162109,0.229736,1.015625
4225439617,0.162354,0.226807,1.019287
4225444617,0.161133,0.223877,1.009521
4225449617,0.156982,0.227539,1.015869
4225454617,0.156006,0.226807,1.006104
4225459617,0.159424,0.22583,1.007813
4225464617,0.155518,0.22583,1.005127
4225469617,0.157471,0.22583,1.009521
4225474617,0.15625,0.223145,1.001953
4225479617,0.155518,0.222168,1.01416
4225484617,0.158203,0.232666,1.009277
4225489617,0.155273,0.229248,1.008057
4225494617,0.158936,0.229004,1.020752
4225499617,0.159424,0.226807,1.018066
4225504617,0.157959,0.226074,1.009277
4225509617,0.156738,0.22583,1.015137
4225514617,0.155273,0.225342,1.010742
4225519617,0.155029,0.218994,1.010498
4225524617,0.161133,0.222656,1.015869
4225529617,0.156494,0.221924,1.00293
4225534617,0.158691,0.220703,1.005371
4225539617,0.161865,0.223389,1.013672
4225544617,0.156494,0.222412,1.017578
4225549617,0.155273,0.224609,1.014648
4225554617,0.1604,0.230469,1.017578
4225559617,0.151855,0.230957,1.014893
4225564617,0.152832,0.229248,1.01416
4225569617,0.155762,0.229736,1.013916
4225574617,0.156494,0.224854,1.012695
4225579617,0.157471,0.229248,1.021729
4225584617,0.157715,0.227051,1.01123
4225589617,0.158447,0.228027,1.018311
4225594617,0.156738,0.224609,1.011475
4225599617,0.162354,0.229004,1.00708
4225604617,0.162598,0.221924,1.01416
4225609617,0.160645,0.224365,1.013184
4225614617,0.15918,0.224365,1.010254
4225619617,0.157715,0.228516,1.006836
4225624617,0.15918,0.230225,1.007568
4225629617,0.154053,0.229492,1.013672
4225634617,0.159424,0.234131,1.013184
4225639617,0.160889,0.229492,1.01123
4225644617,0.158447,0.224121,1.02002
4225649617,0.159424,0.225098,1.006836
4225654617,0.154785,0.230225,1.012939
4225659617,0.157715,0.224854,1.006592
4225664617,0.164307,0.223633,1.007568
4225669617,0.159668,0.222412,1.012695
4225674617,0.164307,0.222412,1.013428
4225679617,0.157471,0.226074,1.009766
4225684617,0.161133,0.221924,1.009277
4225689617,0.158447,0.229736,1.010986
4225694617,0.157227,0.22876,1.016846
4225699617,0.155518,0.23584,1.011963
4225704617,0.151123,0.228516,1.01001
4225709617,0.159424,0.229736,1.012451
4225714617,0.155273,0.227295,1.016357
4225719617,0.156006,0.229004,1.016357
4225724617,0.15918,0.227539,1.01416
4225729617,0.156738,0.228027,1.009766
4225734617,0.158691,0.224121,1.015137
4225739617,0.157959,0.222412,1.017578
4225744617,0.15918,0.219971,1.005371
4225749617,0.154541,0.223145,1.005859
4225754617,0.154785,0.222656,1.005615
4225759617,0.158447,0.231201,1.011719
4225764617,0.156738,0.22876,1.014404
4225769617,0.154297,0.230469,1.014404
4225774617,0.150391,0.232178,1.012939
4225779617,0.15625,0.230469,1.014893
4225784617,0.156006,0.230957,1.01416
4225789617,0.156738,0.226074,1.008789
4225794617,0.157959,0.224365,1.009521
4225799617,0.154785,0.219727,1.013672
4225804617,0.15625,0.22168,1.009766
4225809617,0.162598,0.223877,1.015137
4225814617,0.163574,0.220947,1.012695
4225819617,0.160156,0.218994,1.010986
4225824617,0.156006,0.225098,1.010254
4225829617,0.161133,0.224854,1.008301
4225834617,0.161621,0.233154,1.013672
4225839617,0.156982,0.230469,1.013672
4225844617,0.153809,0.230469,1.01123
4225849617,0.159668,0.226318,1.01416
4225854617,0.156006,0.227295,1.017822
4225859617,0.15918,0.228271,1.01416
4225864617,0.157227,0.229004,1.019043
4225869617,0.158203,0.228271,1.011475
4225874617,0.158447,0.232178,1.016846
4225879617,0.160156,0.2229,1.005371
4225884617,0.15918,0.22168,1.010254
4225889617,0.159668,0.223145,1.014404
4225894617,0.16333,0.225342,1.006592
4225899617,0.158691,0.226562,1.009277
4225904617,0.162354,0.232178,1.016602
4225909617,0.163574,0.230225,1.015137
4225914617,0.158936,0.230713,1.01123
4225919617,0.154297,0.229492,1.010986
4225924617,0.1604,0.232422,1.012695
4225929617,0.154785,0.229004,1.005371
4225934617,0.160156,0.228271,1.01709
4225939617,0.154297,0.228271,1.010254
4225944617,0.152588,0.2229,1.005127
4225949617,0.159668,0.225342,1.011963
4225954617,0.158691,0.220947,1.01709
4225959617,0.157227,0.223389,1.006348
4225964617,0.158203,0.224854,1.00708
4225969617,0.158691,0.221436,1.013428
4225974617,0.15918,0.223389,1.009277
4225979617,0.159668,0.226562,1.010742
4225984617,0.157227,0.227295,1.015869
4225989617,0.161865,0.228027,1.010986
4225994617,0.159668,0.234863,1.011963
4225999617,0.158936,0.228516,1.008057
4226004617,0.157471,0.228027,1.020508
4226009617,0.156006,0.231689,1.020752
4226014617,0.157471,0.226807,1.016602
4226019617,0.159424,0.222412,1.012451
4226024617,0.155762,0.221191,1.01123
4226029617,0.157715,0.218262,1.010498
4226034617,0.153809,0.221191,1.013184
4226039617,0.153564,0.216064,1.015625
4226044617,0.156982,0.222168,1.014404
4226049617,0.156006,0.2229,1.010742
4226054617,0.155029,0.227051,1.012207
4226059617,0.158691,0.227539,1.008789
4226064617,0.160645,0.229004,1.015381
4226069617,0.159912,0.232178,1.012939
4226074617,0.152832,0.22998,1.01001
4226079617,0.159668,0.228271,1.020508
4226084617,0.160645,0.230469,1.014893
4226089617,0.159912,0.229248,1.015381
4226094617,0.157471,0.224854,1.013916
4226099617,0.160156,0.225342,1.012939
4226104617,0.158203,0.223633,1.011475
4226109617,0.15625,0.221436,1.02124
4226114617,0.152344,0.218018,1.016602
4226119617,0.154785,0.226807,1.013184
4226124617,1.999939,1.999939,-2.0
4226129617,-1.147949,0.575439,-2.0
4226134617,-0.722412,0.951904,-2.0
4226139617,1.999939,0.393066,-2.0
4226144617,1.999939,1.999939,-2.0
4226149617,-0.171143,1.999939,-2.0
4226154617,-0.851562,1.809082,-2.0
4226159617,-1.240967,0.658691,-1.049561
4226164617,-0.22583,1.999939,-2.0
4226169617,-1.045654,0.570312,-2.0
4226174617,-0.662842,0.438721,0.9729
4226179617,-0.354004,1.273438,0.317383
4226184617,0.016113,0.367676,-1.621094
4226189617,-0.291992,1.493408,-2.0
4226194617,-0.752686,1.976563,0.230713
4226199617,-0.070312,1.999939,1.455322
4226204617,0.436035,0.400146,0.20166
4226209617,0.111572,0.487793,0.794922
4226214617,0.080811,0.166748,1.383545
4226219617,0.220215,0.344971,1.126709
4226224617,0.092773,0.243408,1.006836
4226229617,-0.974854,1.633789,-0.830322
4226234617,-0.767334,1.803711,0.427002
4226239617,-0.773682,0.41626,1.564209
4226244617,0.406738,0.093262,-2.0
4226249617,-0.867676,1.131104,-0.357422
4226254617,0.140137,0.794189,1.455811
4226259617,0.200928,0.541504,1.05127
4226264617,0.135498,0.371094,1.189941
4226269617,0.097168,0.209717,0.88916
4226274617,0.19165,0.475586,1.018555
4226279617,0.047363,0.132812,0.790527
4226284617,0.206543,1.008789,0.911377
4226289617,0.163086,0.462158,1.081787
4226294617,0.253418,0.281006,1.263428
4226299617,0.130371,0.172363,1.125977
4226304617,0.239746,0.004395,0.815918
4226309617,0.117676,0.165527,0.914795
4226314617,0.185059,0.209473,0.917969
4226319617,0.174316,0.456055,1.099365
4226324617,0.043701,0.479736,0.992187
4226329617,0.280518,0.423828,1.28418
4226334617,-0.003906,0.157227,1.079346
4226339617,0.103516,0.37915,1.046143
4226344617,0.137207,0.261963,1.125244
4226349617,-0.122559,0.786621,0.435791
4226354617,0.08667,1.999939,1.29834
4226359617,-0.595459,0.409668,0.239746
4226364617,0.20459,0.254395,1.351563
4226369617,0.158447,0.393066,1.185791
4226374617,0.087158,0.382324,0.985352
4226379617,0.072998,0.218506,0.904297
4226384617,0.242432,0.378662,1.175049
4226389617,0.200439,0.244141,1.097656
4226394617,0.083984,0.243896,0.906738
4226399617,0.18042,0.260254,1.109619
4226404617,0.026855,0.119873,1.188721
4226409617,0.097412,0.188477,0.990479
4226414617,0.264404,0.057129,0.890869
4226419617,0.099609,0.122559,0.671143
4226424617,0.121338,1.999939,-0.93042
4226429617,0.080322,0.245605,0.548584
4226434617,0.004639,0.272705,1.141113
4226439617,0.119141,0.337891,1.323486
4226444617,0.241943,0.394043,1.156738
4226449617,0.185059,0.24707,0.969727
4226454617,0.135986,0.259277,1.084961
4226459617,0.156006,0.322754,1.202148
4226464617,0.108398,0.323242,1.04834
4226469617,0.154541,0.323242,1.107422
4226474617,0.210205,0.277588,1.065674
4226479617,0.125732,0.200928,0.969971
4226484617,0.149902,0.226562,1.018799
4226489617,0.145264,0.171387,0.977539
4226494617,0.178223,0.189453,1.027344
4226499617,0.149658,0.194092,1.041748
4226504617,0.357178,0.266602,1.46167
4226509617,0.139893,0.180664,1.479004
4226514617,0.187744,0.182129,1.052979
4226519617,0.191895,0.168945,0.975586
4226524617,0.144043,0.204102,0.993408
4226529617,0.142334,0.269531,1.015381
4226534617,0.13501,0.276367,1.077393
4226539617,0.132324,0.316162,1.093506
4226544617,0.148682,0.289307,1.044434
4226549617,0.162109,0.279541,0.96875
4226554617,0.1604,0.229492,0.934814
4226559617,0.250732,0.207031,1.244629
4226564617,0.184326,0.23877,0.958984
4226569617,0.25,0.248291,0.808594
4226574617,0.234131,0.27832,1.128174
4226579617,0.203125,0.196045,0.982422
4226584617,0.067871,0.143311,1.008545
4226589617,-0.873779,1.999939,1.700439
4226594617,-0.73877,0.943115,0.682617
4226599617,0.015869,0.287842,1.003906
4226604617,0.204346,0.213379,1.034668
4226609617,0.23999,0.079834,0.9646
4226614617,0.13501,0.291016,1.151855
4226619617,0.119141,0.281006,0.947266
4226624617,0.108154,0.24585,1.060791
4226629617,0.168213,0.224121,0.98291
4226634617,0.155273,0.308838,1.028809
4226639617,0.134033,0.359375,1.031738
4226644617,0.148682,0.327881,1.042969
4226649617,0.129395,0.318848,1.016113
4226654617,0.121094,0.282959,1.019531
4226659617,0.137451,0.259033,0.994873
4226664617,0.139893,0.230225,0.995117
4226669617,0.211914,0.254395,1.088623
4226674617,0.166748,0.142578,1.010254
4226679617,0.199951,0.078369,0.946533
4226684617,0.164307,0.13623,0.937012
4226689617,0.176514,0.116699,0.934814
4226694617,0.202637,0.075439,0.921387
4226699617,0.170898,0.163818,1.017578
4226704617,0.184326,0.249756,1.095459
4226709617,0.162598,0.220947,0.99292
4226714617,0.14502,0.226074,1.007324
4226719617,0.145264,0.258545,1.032959
4226724617,0.138916,0.343506,1.061768
4226729617,0.107178,0.338135,1.032959
4226734617,0.104736,0.330078,1.032959
4226739617,0.13208,0.280273,1.005859
4226744617,0.134277,0.235352,1.008057
4226749617,0.151123,0.23877,1.003418
4226754617,0.152588,0.243164,1.038086
4226759617,0.16748,0.205566,1.018311
4226764617,0.177002,0.174316,0.987793
4226769617,0.184326,0.177734,0.975586
4226774617,0.170654,0.166016,0.976807
4226779617,0.154785,0.206787,1.017334
4226784617,0.167725,0.251709,1.041504
4226789617,0.136475,0.24585,1.040283
4226794617,0.136475,0.276611,1.018799
4226799617,0.114502,0.269043,0.992676
4226804617,0.117188,0.275391,0.977539
4226809617,0.118896,0.294678,1.01709
4226814617,0.132812,0.285156,1.020996
4226819617,0.134766,0.296387,1.031982
4226824617,0.163818,0.224121,1.019287
4226829617,0.154785,0.222656,1.049072
4226834617,0.168457,0.254395,1.028564
4226839617,0.139893,0.20459,0.989502
4226844617,0.147705,0.258057,1.030273
4226849617,0.168213,0.25,1.022949
4226854617,0.160645,0.202637,1.014893
4226859617,0.170654,0.169189,1.006592
4226864617,0.153076,0.240234,1.014893
4226869617,0.152588,0.200195,1.010254
4226874617,0.154541,0.246826,1.019775
4226879617,0.177979,0.189209,0.983887
4226884617,0.170654,0.181152,0.964844
4226889617,0.161621,0.193604,1.004883
4226894617,0.162598,0.195801,1.005615
4226899617,0.166016,0.198975,0.998779
4226904617,0.151855,0.212158,1.005615
4226909617,0.155029,0.251465,1.017334
4226914617,0.147461,0.252441,1.041748
4226919617,0.1521,0.251709,1.03125
4226924617,0.152344,0.231445,1.01709
4226929617,0.150391,0.232178,1.006348
4226934617,0.144531,0.251221,1.02002
4226939617,0.139404,0.260742,1.028076
4226944617,0.14209,0.25415,1.017822
4226949617,0.154785,0.242676,1.035889
4226954617,0.167969,0.215332,1.012451
4226959617,0.17334,0.206787,0.989014
4226964617,0.173828,0.205811,0.998291
4226969617,0.178711,0.206055,0.997803
4226974617,0.179687,0.219727,1.003906
4226979617,0.172607,0.234375,1.014648
4226984617,0.169189,0.22583,1.016357
4226989617,0.166992,0.215576,1.009033
4226994617,0.15625,0.210449,1.006104
4226999617,0.146729,0.217041,1.012939
4227004617,0.138428,0.236328,1.025146
4227009617,0.135742,0.249268,1.032715
4227014617,0.132812,0.255127,1.025391
4227019617,0.129883,0.247559,1.025146
4227024617,0.140381,0.231201,1.015137
4227029617,0.147217,0.218994,1.006104
4227034617,0.155029,0.221191,1.006104
4227039617,0.158691,0.225098,1.008057
4227044617,0.171143,0.231445,1.014893
4227049617,0.169678,0.232666,1.008301
4227054617,0.172363,0.223877,1.009033
4227059617,0.172607,0.21582,1.001465
4227064617,0.169189,0.214111,0.999268
4227069617,0.158691,0.214355,1.014893
4227074617,0.154785,0.228027,1.016357
4227079617,0.144775,0.239746,1.02124
4227084617,0.142578,0.238525,1.022705
4227089617,0.140137,0.234619,1.013428
4227094617,0.142334,0.226807,1.014648
4227099617,0.148193,0.227539,1.014893
4227104617,0.145752,0.230225,1.012695
4227109617,0.155273,0.237793,1.019287
4227114617,0.160645,0.236572,1.016357
4227119617,0.160645,0.23291,1.015137
4227124617,0.167725,0.219727,1.008545
4227129617,0.172363,0.218262,1.002441
4227134617,0.170166,0.216309,1.001709
4227139617,0.162842,0.221924,1.006104
4227144617,0.162109,0.227783,1.010498
4227149617,0.157959,0.232178,1.011475
4227154617,0.151855,0.228271,1.014893
4227159617,0.14502,0.223633,1.015381
4227164617,0.148193,0.225098,1.012695
4227169617,0.143555,0.22876,1.019043
4227174617,0.145996,0.233398,1.020264
4227179617,0.14624,0.235107,1.01709
4227184617,0.147705,0.238037,1.021484
4227189617,0.154785,0.230713,1.017822
4227194617,0.159668,0.223633,1.00415
4227199617,0.165771,0.219482,1.006592
4227204617,0.163574,0.22583,1.006592
4227209617,0.167725,0.223145,1.011719
4227214617,0.166504,0.227295,1.010498
4227219617,0.158447,0.230225,1.010254
4227224617,0.162109,0.224121,1.014648
4227229617,0.156006,0.224121,1.010986
4227234617,0.151855,0.228516,1.010742
4227239617,0.152832,0.22998,1.013428
4227244617,0.151611,0.236572,1.020508
4227249617,0.148193,0.231201,1.023193
4227254617,0.147705,0.230469,1.020752
4227259617,0.15332,0.227295,1.012207
4227264617,0.155029,0.226074,1.007324
4227269617,0.158447,0.226074,1.013672
4227274617,0.157471,0.224121,1.014404
4227279617,0.163574,0.226562,1.012695
4227284617,0.161133,0.224609,1.012207
4227289617,0.162354,0.22583,1.006836
4227294617,0.160156,0.225342,1.007568
4227299617,0.159912,0.228027,1.009277
4227304617,0.156738,0.22876,1.008301
4227309617,0.1521,0.230957,1.012695
4227314617,0.151123,0.233398,1.018066
4227319617,0.150635,0.229004,1.020996
4227324617,0.148926,0.231689,1.018311
4227329617,0.148437,0.225342,1.007568
4227334617,0.149902,0.226562,1.008301
4227339617,0.153564,0.227295,1.015869
4227344617,0.164307,0.22876,1.024658
4227349617,0.154297,0.228271,1.010498
4227354617,0.162598,0.232666,1.024658
4227359617,0.159912,0.224854,1.006592
4227364617,0.163086,0.227051,1.01709
4227369617,0.159424,0.226074,1.012695
4227374617,0.1521,0.234619,1.003662
4227379617,0.15625,0.23584,1.020996
4227384617,0.15918,0.241943,1.023926
4227389617,0.154541,0.236084,1.010498
4227394617,0.146484,0.225098,0.996582
4227399617,0.157227,0.224854,1.039307
4227404617,0.153564,0.225098,1.008301
4227409617,0.151123,0.225342,1.003662
4227414617,0.151367,0.230713,1.003174
4227419617,0.154053,0.227295,1.016846
4227424617,0.160156,0.230957,1.01416
4227429617,0.159912,0.223389,1.013916
4227434617,0.155518,0.229492,1.006592
4227439617,0.162109,0.227783,1.015625
4227444617,0.15918,0.229248,1.003418
4227449617,0.158936,0.232422,1.024658
4227454617,0.156494,0.22876,1.001953
4227459617,0.15625,0.227295,1.01709
4227464617,0.148926,0.226562,0.999512
4227469617,0.156738,0.225586,1.027344
4227474617,0.151123,0.226318,1.005371
4227479617,0.158203,0.22998,1.018066
4227484617,0.15332,0.227539,1.005859
4227489617,0.153809,0.226807,1.014893
4227494617,0.1604,0.227051,1.012207
4227499617,0.158691,0.223145,1.009521
4227504617,0.158691,0.228271,1.022949
4227509617,0.14917,0.227539,1.004883
4227514617,0.15918,0.245605,1.013184
4227519617,0.166016,0.101563,1.049561
4227524617,0.270264,0.219482,1.257813
4227529617,0.324463,0.179932,1.110596
4227534617,0.182861,0.367432,0.914795
4227539617,0.194336,-0.185791,0.888428
4227544617,0.114746,0.545654,1.028564
4227549617,0.29834,0.073242,1.080078
4227554617,-0.028076,0.231934,0.960205
4227559617,0.139404,0.271729,0.906738
4227564617,0.039307,0.311035,0.928711
4227569617,0.129639,0.388428,0.954834
4227574617,0.074463,0.2854,0.998047
4227579617,0.10376,0.370605,1.018066
4227584617,0.131592,0.318115,1.044189
4227589617,0.117676,0.261719,1.076904
4227594617,0.234619,0.237549,1.032471
4227599617,0.093506,0.267822,1.115723
4227604617,0.209961,0.280518,1.068359
4227609617,0.151611,0.16748,1.061523
4227614617,0.17041,0.10791,1.027832
4227619617,0.262207,-0.004395,0.87915
4227624617,0.132568,0.130371,0.992432
4227629617,0.196289,0.2229,0.969238
4227634617,0.122803,0.223877,1.061768
4227639617,0.181641,0.249756,1.018066
4227644617,0.15918,0.188477,1.019043
4227649617,0.154053,0.168213,1.012451
4227654617,0.168701,0.204102,1.023193
4227659617,0.114502,0.337891,1.123779
4227664617,0.182129,0.341064,1.041504
4227669617,0.089111,0.30957,1.06543
4227674617,0.18335,0.290283,0.983398
4227679617,0.140869,0.272705,1.02417
4227684617,0.150635,0.228516,0.988037
4227689617,0.131348,0.286133,1.015381
4227694617,0.137939,0.284668,1.038086
4227699617,0.13623,0.30957,1.04541
4227704617,0.173096,0.205811,1.008301
4227709617,0.179932,0.170654,1.004639
4227714617,0.157471,0.165039,0.98584
4227719617,0.157715,0.213867,0.981934
4227724617,0.12793,0.251709,1.007813
4227729617,0.129883,0.267334,0.995361
4227734617,0.125732,0.283936,1.004883
4227739617,0.136475,0.207275,0.979248
4227744617,0.153564,0.162109,0.941406
4227749617,0.144287,0.221191,0.987793
4227754617,0.13208,0.258789,1.017578
4227759617,0.130859,0.284424,1.018066
4227764617,0.141846,0.279785,1.028564
4227769617,0.147461,0.229004,1.017334
4227774617,0.137451,0.197998,0.996582
4227779617,0.129395,0.208496,1.008789
4227784617,0.128662,0.233154,1.026855
4227789617,0.134766,0.266602,1.028564
4227794617,0.125977,0.258789,1.039063
4227799617,0.137451,0.254395,1.030273
4227804617,0.136963,0.237061,1.011963
4227809617,0.134521,0.242676,1.008545
4227814617,0.152344,0.242676,1.010986
4227819617,0.151123,0.266357,1.012207
4227824617,0.143555,0.295654,1.00708
4227829617,0.130615,0.263428,1.014893
4227834617,0.143799,0.244629,1.008789
4227839617,0.149902,0.224365,1.003174
4227844617,0.157959,0.213867,1.003418
4227849617,0.174316,0.234131,0.988037
4227854617,0.138184,0.274414,1.105957
4227859617,0.158936,0.248779,1.033447
4227864617,0.167725,0.23999,0.986816
4227869617,0.159424,0.23584,1.000488
4227874617,0.144287,0.230225,0.987793
4227879617,0.132568,0.235107,0.973877
4227884617,0.110352,0.252441,0.987061
4227889617,0.106689,0.284424,0.986572
4227894617,0.112305,0.277588,0.960693
4227899617,0.118652,0.237061,0.9646
4227904617,0.145996,0.224365,0.979004
4227909617,0.153564,0.218506,0.976318
4227914617,0.15625,0.236816,1.009521
4227919617,0.159424,0.219971,1.031006
4227924617,0.157959,0.269287,1.043213
4227929617,0.160156,0.261963,1.043945
4227934617,0.157959,0.2229,1.039551
4227939617,0.15918,0.253906,1.030762
4227944617,0.158691,0.242432,1.034668
4227949617,0.148437,0.266357,1.04248
4227954617,0.143799,0.280518,1.028076
4227959617,0.135498,0.263428,1.00708
4227964617,0.13208,0.269531,1.011719
4227969617,0.147949,0.237061,0.985352
4227974617,0.162842,0.259521,0.998291
4227979617,0.157715,0.216064,1.000488
4227984617,0.14209,0.263916,1.010498
4227989617,0.158936,0.251221,1.003174
4227994617,0.14624,0.240234,1.040283
4227999617,0.169678,0.263428,1.05542
4228004617,0.159424,0.255127,1.068115
4228009617,0.158447,0.200684,1.011963
4228014617,0.164551,0.186035,0.983398
4228019617,0.19043,0.182129,0.980713
4228024617,0.15332,0.156738,0.988525
4228029617,0.180664,0.224609,1.012207
4228034617,0.177979,0.235596,1.004639
4228039617,0.149902,0.223145,1.00708
4228044617,0.165283,0.219727,1.018799
4228049617,0.078125,0.290771,1.020508
4228054617,0.13208,0.404541,1.04834
4228059617,0.08374,0.331543,1.075928
4228064617,0.199951,0.205322,1.073486
4228069617,0.144287,0.223877,0.998779
4228074617,0.156982,0.204102,0.933838
4228079617,0.167969,0.223633,1.031738
4228084617,0.151611,0.236328,1.045166
4228089617,0.170898,0.182617,0.97998
4228094617,0.170898,0.181885,0.984375
4228099617,0.169922,0.18457,0.994385
4228104617,0.169678,0.200439,0.994629
4228109617,0.163086,0.220703,1.010742
4228114617,0.163574,0.212402,1.014648
4228119617,0.17041,0.198486,0.994385
4228124617,0.166504,0.192871,0.983398
4228129617,0.166748,0.198242,0.995117
4228134617,0.16333,0.211182,1.021729
4228139617,0.158691,0.241211,1.028564
4228144617,0.145264,0.260254,1.029053
4228149617,0.146484,0.275635,1.041748
4228154617,0.150146,0.273438,1.020996
4228159617,0.14624,0.266357,1.020264
4228164617,0.148926,0.258789,1.032227
4228169617,0.1521,0.256348,1.025879
4228174617,0.151611,0.251465,1.022217
4228179617,0.149658,0.246094,1.029541
4228184617,0.154053,0.237549,1.01709
4228189617,0.1604,0.217285,1.012207
4228194617,0.167725,0.202148,1.002686
4228199617,0.166504,0.192139,0.991455
4228204617,0.165039,0.19458,0.991943
4228209617,0.161377,0.204346,0.995361
4228214617,0.163086,0.217529,1.007324
4228219617,0.161865,0.217041,1.010498
4228224617,0.163574,0.21167,1.003662
4228229617,0.164795,0.205811,1.000488
4228234617,0.1604,0.209473,1.003662
4228239617,0.158203,0.215576,1.010986
4228244617,0.157715,0.233887,1.02124
4228249617,0.148926,0.258057,1.02832
4228254617,0.149902,0.266602,1.033203
4228259617,0.149414,0.263916,1.02002
4228264617,0.15332,0.250244,1.016846
4228269617,0.153564,0.234375,1.019531
4228274617,0.153076,0.236816,1.014648
4228279617,0.155762,0.23999,1.022705
4228284617,0.152832,0.237061,1.013428
4228289617,0.156494,0.239014,1.011963
4228294617,0.15332,0.22168,1.00708
4228299617,0.161865,0.206787,0.998535
4228304617,0.167969,0.198486,0.997559
4228309617,0.16626,0.202637,0.999268
4228314617,0.15625,0.213379,1.007324
4228319617,0.15625,0.227051,1.008789
4228324617,0.158447,0.230469,1.009766
4228329617,0.158936,0.222412,1.008057
4228334617,0.156494,0.21875,1.008057
4228339617,0.158447,0.218018,1.014648
4228344617,0.15625,0.227783,1.02002
4228349617,0.146729,0.243164,1.028809
4228354617,0.150879,0.256592,1.033203
4228359617,0.148926,0.25415,1.020508
4228364617,0.159424,0.240234,1.013428
4228369617,0.156738,0.232666,1.017334
4228374617,0.161133,0.225098,1.005127
4228379617,0.158447,0.22998,1.005615
4228384617,0.15332,0.232178,1.010498
4228389617,0.157227,0.229736,1.008057
4228394617,0.1604,0.219971,1.010254
4228399617,0.15918,0.217529,1.004883
4228404617,0.166748,0.211182,1.005127
4228409617,0.160645,0.20752,1.000244
4228414617,0.162354,0.222412,1.008301
4228419617,0.155518,0.223633,1.011963
4228424617,0.158936,0.232666,1.012695
4228429617,0.157715,0.230713,1.013184
4228434617,0.155762,0.230225,1.003418
4228439617,0.156738,0.226074,1.018555
4228444617,0.154785,0.232422,1.015137
4228449617,0.158936,0.237549,1.019531
4228454617,0.154297,0.245605,1.018311
4228459617,0.151855,0.239258,1.01709
4228464617,0.155518,0.233887,1.01709
4228469617,0.15918,0.229736,1.009033
4228474617,0.156738,0.219482,1.008545
4228479617,0.157959,0.224121,1.009033
4228484617,0.161865,0.220947,1.015381
4228489617,0.154297,0.229492,1.011963
4228494617,0.158447,0.230225,1.006592
4228499617,0.155762,0.223877,1.008789
4228504617,0.155029,0.22168,1.004395
4228509617,0.15625,0.221436,1.007568
4228514617,0.156738,0.222412,1.011475
4228519617,0.156982,0.229248,1.013184
4228524617,0.155273,0.235596,1.020996
4228529617,0.155762,0.233643,1.019287
4228534617,0.155273,0.23291,1.022461
4228539617,0.157471,0.227783,1.012939
4228544617,0.155029,0.225098,1.010742
4228549617,0.156982,0.226807,1.015869
4228554617,0.156006,0.230957,1.009277
4228559617,0.155762,0.233887,1.008301
4228564617,0.159912,0.229492,1.01001
4228569617,0.156006,0.233643,1.009521
4228574617,0.155029,0.224609,1.002197
4228579617,0.160645,0.222656,1.006592
4228584617,0.159668,0.227783,1.015381
4228589617,0.157227,0.231445,1.017578
4228594617,0.156982,0.229004,1.012939
4228599617,0.157715,0.229492,1.015381
4228604617,0.155518,0.230469,1.01001
4228609617,0.1604,0.227051,1.016846
4228614617,0.161621,0.227539,1.010986
4228619617,0.158203,0.23291,1.012695
4228624617,0.155762,0.230225,1.012695
4228629617,0.158203,0.232666,1.00415
4228634617,0.161133,0.228271,1.007813
4228639617,0.153564,0.228027,1.010498
4228644617,0.157959,0.225586,1.012939
4228649617,0.153809,0.227295,1.01001
4228654617,0.156738,0.229736,1.014648
4228659617,0.154785,0.230713,1.013916
4228664617,0.157715,0.226318,1.020996
4228669617,0.157959,0.224121,1.008789
4228674617,0.162842,0.226074,1.008545
4228679617,0.15625,0.223877,1.008545
4228684617,0.156738,0.22168,1.009277
4228689617,0.160645,0.231689,1.014893
4228694617,0.155029,0.233398,1.01416
4228699617,0.156738,0.231689,1.009766
4228704617,0.151367,0.229248,1.010986
4228709617,0.158936,0.226807,1.006348
4228714617,0.157227,0.222656,1.010742
4228719617,0.158936,0.230957,1.005615
4228724617,0.158447,0.226807,1.011963
4228729617,0.154541,0.231201,1.019043
4228734617,0.15625,0.223145,1.014404
4228739617,0.152588,0.226562,1.009766
4228744617,0.154785,0.2229,1.011963
4228749617,0.15918,0.223145,1.004883
4228754617,0.158447,0.224609,1.012451
4228759617,0.1604,0.229004,1.019287
4228764617,0.153564,0.232178,1.00708
4228769617,0.159424,0.230469,1.007324
4228774617,0.15625,0.226562,1.017822
4228779617,0.155029,0.226562,1.014648
4228784617,0.155273,0.229492,1.008301
4228789617,0.154297,0.22876,1.009033
4228794617,0.154785,0.22998,1.010254
4228799617,0.156738,0.228516,1.004395
4228804617,0.156006,0.228027,1.019287
4228809617,0.155762,0.224121,1.013428
4228814617,0.15918,0.223633,1.013428
4228819617,0.160156,0.221191,1.011475
4228824617,0.154297,0.227295,1.011963
4228829617,0.1604,0.230713,1.010498
4228834617,0.155029,0.224365,1.013916
4228839617,0.154297,0.22583,1.004395
4228844617,0.156982,0.229492,1.012695
4228849617,0.152344,0.228516,1.009521
4228854617,0.15625,0.227295,1.019531
4228859617,0.155762,0.229004,1.012451
4228864617,0.154541,0.231445,1.015137
4228869617,0.154541,0.231934,1.015869
4228874617,0.159668,0.229492,1.014648
4228879617,0.160645,0.226074,1.018555
4228884617,0.160889,0.227539,1.017822
4228889617,0.157471,0.226074,1.01001
4228894617,0.152588,0.230713,1.012451
4228899617,0.152832,0.224121,1.014893
4228904617,0.154297,0.227539,1.010986
4228909617,0.162842,0.225586,1.004883
4228914617,0.161865,0.2229,1.011719
4228919617,0.160889,0.227783,1.00708
4228924617,0.161621,0.225342,1.01416
4228929617,0.160156,0.234863,1.01709
4228934617,0.156738,0.231445,1.020264
4228939617,0.157715,0.228271,1.020264
4228944617,0.155518,0.232178,1.013428
4228949617,0.160645,0.231689,1.010742
4228954617,0.162354,0.227051,1.012451
4228959617,0.165039,0.226562,1.015625
4228964617,0.155273,0.233398,1.014648
4228969617,0.155518,0.230713,1.007324
4228974617,0.15918,0.228271,1.013184
4228979617,0.156494,0.228027,1.009766
4228984617,0.155029,0.227051,1.005371
4228989617,0.154053,0.224609,1.017578
4228994617,0.160156,0.227539,1.015137
4228999617,0.154541,0.226318,1.008545
4229004617,0.160156,0.230469,1.01709
4229009617,0.157715,0.230713,1.009766
4229014617,0.156006,0.228271,1.015869
4229019617,0.157715,0.226807,1.015137
4229024617,0.150391,0.227783,1.012695
4229029617,0.148926,0.229492,1.014648
4229034617,0.158691,0.228516,1.015381
4229039617,0.15625,0.228027,1.012695
4229044617,0.158203,0.226074,1.015869
4229049617,0.159668,0.22876,1.018555
4229054617,0.153076,0.223633,1.010498
4229059617,0.159668,0.224854,1.010742
4229064617,0.156982,0.230225,1.014893
4229069617,0.154541,0.228271,1.013184
4229074617,0.157715,0.228516,1.013672
4229079617,0.160156,0.232666,1.006836
4229084617,0.157959,0.227783,1.011719
4229089617,0.1604,0.231201,1.010742
4229094617,0.15332,0.233154,1.015869
4229099617,0.156494,0.232422,1.019043
4229104617,0.156738,0.227783,1.016113
4229109617,0.158203,0.227051,1.020264
4229114617,0.158936,0.223633,1.012451
4229119617,0.157227,0.22583,1.014893
4229124617,0.156006,0.225342,1.013916
4229129617,0.156982,0.228516,1.01416
4229134617,0.152344,0.226807,1.008545
4229139617,0.157227,0.229248,1.016602
4229144617,0.155273,0.230713,1.012939
4229149617,0.151367,0.226074,1.01123
4229154617,0.160645,0.231201,1.011719
4229159617,0.156494,0.226562,1.009033
4229164617,0.155273,0.231201,1.015137
4229169617,0.158691,0.226318,1.013428
4229174617,0.155029,0.228027,1.015137
4229179617,0.160889,0.226318,1.015869
4229184617,0.1604,0.229492,1.018311
4229189617,0.157227,0.224121,1.012939
4229194617,0.159424,0.228271,1.009521
4229199617,0.159912,0.227051,1.00708
4229204617,0.15332,0.226807,1.013184
4229209617,0.157227,0.228516,1.011475
4229214617,0.158447,0.230469,1.01416
4229219617,0.158203,0.228027,1.008301
4229224617,0.156006,0.228271,1.016602
4229229617,0.154053,0.23291,1.015869
4229234617,0.154785,0.229492,1.017334
4229239617,0.159668,0.229248,1.012207
4229244617,0.157471,0.22998,1.016846
4229249617,0.159424,0.229004,1.01001
4229254617,0.154053,0.227051,1.013428
4229259617,0.162598,0.229248,1.010986
4229264617,0.15918,0.226807,1.008545
4229269617,0.156738,0.225586,1.008545
4229274617,0.157471,0.223145,1.010742
4229279617,0.155518,0.223633,1.013916
4229284617,0.154297,0.228271,1.008057
4229289617,0.156006,0.230225,1.009033
4229294617,0.166016,0.23291,1.028076
4229299617,0.13916,0.228271,1.006836
4229304617,0.144531,0.229004,0.999512
4229309617,0.18042,0.242432,1.024414
4229314617,0.132568,0.213135,1.003906
4229319617,0.164307,0.244385,1.011475
4229324617,0.167725,0.216064,1.015381
4229329617,0.153809,0.229736,1.009033
4229334617,0.154297,0.213623,0.994873
4229339617,0.166748,0.221191,1.018799
4229344617,0.169922,0.232422,1.02124
4229349617,0.145752,0.216309,0.999512
4229354617,0.163086,0.227051,1.009277
4229359617,0.160156,0.230469,1.016357
4229364617,0.156738,0.22876,1.01123
4229369617,0.155273,0.229004,1.006592
4229374617,0.159424,0.232178,1.017822
4229379617,0.155518,0.232422,1.010498
4229384617,0.152588,0.22998,1.020508
4229389617,0.159424,0.231445,1.015869
4229394617,0.155518,0.230957,1.018311
4229399617,0.157715,0.229736,1.016113
4229404617,0.158203,0.227051,1.015625
4229409617,0.156982,0.225342,1.011963
4229414617,0.160156,0.227051,1.007324
4229419617,0.158936,0.227051,1.014404
4229424617,0.162354,0.226318,1.008545
4229429617,0.162842,0.22998,1.008301
4229434617,0.159912,0.223877,1.01001
4229439617,0.161865,0.22876,1.010254
4229444617,0.15918,0.227295,1.009766
4229449617,0.15625,0.228516,1.010742
4229454617,0.15918,0.230957,1.015137
4229459617,0.160156,0.227783,1.018799
4229464617,0.152588,0.226318,1.016357
4229469617,0.157471,0.229248,1.015381
4229474617,0.157471,0.22583,1.013672
4229479617,0.154297,0.229004,1.014404
4229484617,0.156494,0.226074,1.008301
4229489617,0.158203,0.224365,1.014893
4229494617,0.157227,0.226562,1.01001
4229499617,0.158447,0.224854,1.008301
4229504617,0.156494,0.226807,1.005615
4229509617,0.152832,0.227783,1.008301
4229514617,0.153809,0.229736,1.012451
4229519617,0.154053,0.232666,1.019043
4229524617,0.156982,0.229004,1.020752
4229529617,0.158447,0.231201,1.018311
4229534617,0.156006,0.230957,1.015381
4229539617,0.156982,0.23291,1.013184
4229544617,0.149414,0.229492,1.013428
4229549617,0.15918,0.228027,1.017822
4229554617,0.157715,0.230225,1.016113
4229559617,0.156982,0.228271,1.015137
4229564617,0.162109,0.227783,1.007324
4229569617,0.156006,0.226074,1.006104
4229574617,0.162842,0.223633,1.007568
4229579617,0.158447,0.224121,1.017334
4229584617,0.155762,0.225586,1.01123
4229589617,0.157959,0.228271,1.012451
4229594617,0.155762,0.227539,1.012939
4229599617,0.151123,0.229492,1.011719
4229604617,0.155029,0.228271,1.013184
4229609617,0.1521,0.234131,1.011963
4229614617,0.150635,0.231689,1.010986
4229619617,0.160889,0.235107,1.020508
4229624617,0.155762,0.230469,1.022217
4229629617,0.155518,0.234375,1.016113
4229634617,0.160889,0.22998,1.015381
4229639617,0.156006,0.226562,1.010254
4229644617,0.155762,0.226807,0.991943
4229649617,0.152588,0.22168,0.992676
4229654617,0.1521,0.223389,1.001953
4229659617,0.152832,0.21875,1.008301
4229664617,0.154297,0.218994,1.026123
4229669617,0.160645,0.2229,1.019775
4229674617,0.167725,0.220947,1.03125
4229679617,0.164795,0.229492,1.031494
4229684617,0.162354,0.231201,1.023682
4229689617,0.156494,0.233887,1.025146
4229694617,0.154053,0.23877,1.029541
4229699617,0.160889,0.23584,1.023682
4229704617,0.156494,0.238525,1.03125
4229709617,0.155273,0.237793,1.020508
4229714617,0.161133,0.232422,1.023193
4229719617,0.153809,0.230957,1.012939
4229724617,0.157959,0.226074,1.006104
4229729617,0.158936,0.22168,1.013916
4229734617,0.153564,0.224365,0.996338
4229739617,0.160889,0.223389,1.012451
4229744617,0.153564,0.224609,1.002686
4229749617,0.154297,0.227051,1.007813
4229754617,0.161377,0.222412,1.016602
4229759617,0.154541,0.226318,1.00415
4229764617,0.156982,0.229004,1.012939
4229769617,0.158691,0.231689,1.006836
4229774617,0.158447,0.234375,1.018066
4229779617,0.153809,0.235352,1.015137
4229784617,0.158691,0.236572,1.015625
4229789617,0.153809,0.233154,1.013428
4229794617,0.152344,0.230957,1.012695
4229799617,0.158203,0.232666,1.008301
4229804617,0.159424,0.229248,1.012451
4229809617,0.155762,0.225098,1.004883
4229814617,0.152344,0.222656,1.002686
4229819617,0.157959,0.220947,1.009033
4229824617,0.152344,0.220459,1.000244
4229829617,0.150146,0.226807,1.00415
4229834617,0.155273,0.223145,1.010254
4229839617,0.156006,0.224609,1.019287
4229844617,0.156494,0.230469,1.01123
4229849617,0.158691,0.231201,1.026367
4229854617,0.155029,0.230225,1.014648
4229859617,0.15625,0.231201,1.020996
4229864617,0.161621,0.232178,1.018799
4229869617,0.158691,0.231201,1.014648
4229874617,0.158447,0.227295,1.012207
4229879617,0.15625,0.228027,1.010498
4229884617,0.162109,0.22876,1.013672
4229889617,0.158203,0.227051,1.007813
4229894617,0.160156,0.225098,1.008057
4229899617,0.155762,0.22583,1.006592
4229904617,0.154053,0.2229,1.007813
4229909617,0.156738,0.223877,1.012451
4229914617,0.156738,0.227051,1.010254
4229919617,0.151855,0.231445,0.995361
4229924617,0.149902,0.231445,1.010498
4229929617,0.15918,0.227051,1.031494
4229934617,0.161621,0.228516,1.017822
4229939617,0.154297,0.230469,1.004395
4229944617,0.159668,0.233643,1.013184
4229949617,0.163086,0.230469,1.019531
4229954617,0.157959,0.226807,1.018066
4229959617,0.158936,0.22583,1.009521
4229964617,0.15918,0.22876,1.011475
4229969617,0.157471,0.223877,1.010498
4229974617,0.158691,0.227783,1.015625
4229979617,0.155762,0.224365,1.008057
4229984617,0.154053,0.230957,1.006348
4229989617,0.153809,0.230713,1.007324
4229994617,0.156982,0.222168,1.014404
4229999617,0.157227,0.230469,1.007324
4230004617,0.158447,0.227051,1.010742
4230009617,0.153564,0.227539,1.014893
4230014617,0.159668,0.226318,1.017822
4230019617,0.154297,0.227295,1.012207
4230024617,0.154053,0.224854,1.019531
4230029617,0.165283,0.228027,1.016846
4230034617,0.156738,0.230225,1.010254
4230039617,0.155518,0.230469,1.003906
4230044617,0.159424,0.230713,1.013672
4230049617,0.158203,0.230957,1.012207
4230054617,0.154541,0.231934,1.011963
4230059617,0.153564,0.233154,1.015381
4230064617,0.157715,0.22998,1.019775
4230069617,0.156494,0.225098,1.011475
4230074617,0.156738,0.218262,1.015137
4230079617,0.152344,0.225342,1.003906
4230084617,0.154297,0.22583,1.016113
4230089617,0.154053,0.219727,1.013428
4230094617,0.158203,0.225586,1.01123
4230099617,0.162109,0.226562,1.007813
4230104617,0.157471,0.224609,1.011719
4230109617,0.16333,0.228516,1.010498
4230114617,0.155029,0.228271,1.006104
4230119617,0.157959,0.230713,1.006836
4230124617,0.159912,0.235596,1.01709
4230129617,0.158691,0.235107,1.016846
4230134617,0.153564,0.23291,1.016113
4230139617,0.15332,0.228516,1.01416
4230144617,0.157471,0.22998,1.015381
4230149617,0.156738,0.223877,1.014648
4230154617,0.154053,0.228271,1.017822
4230159617,0.152588,0.222656,1.01001
4230164617,0.157227,0.224609,1.006592
4230169617,0.159424,0.221924,1.009277
4230174617,0.156738,0.223633,1.015625
4230179617,0.158447,0.228027,1.011475
4230184617,0.156494,0.22876,1.008789
4230189617,0.158203,0.233643,1.018311
4230194617,0.155029,0.23584,1.014404
4230199617,0.152588,0.23291,1.011475
4230204617,0.159424,0.233154,1.018799
4230209617,0.156494,0.229492,1.012695
4230214617,0.160889,0.22998,1.016113
4230219617,0.155762,0.22876,1.005859
4230224617,0.155762,0.228027,1.007813
4230229617,0.153809,0.22583,1.001953
4230234617,0.157715,0.218994,1.003662
4230239617,0.154785,0.220947,1.011475
4230244617,0.159424,0.221191,1.006836
4230249617,0.161621,0.222412,1.016113
4230254617,0.158936,0.225342,1.020752
4230259617,0.157715,0.233887,1.013184
4230264617,0.160645,0.235352,1.005859
4230269617,0.153809,0.232666,1.012939
4230274617,0.15625,0.233154,1.010742
4230279617,0.161377,0.23291,1.020996
4230284617,0.157471,0.231934,1.013672
4230289617,0.161621,0.230469,1.00415
4230294617,0.155273,0.226562,1.012695
4230299617,0.154785,0.226807,1.010254
4230304617,0.164551,0.225098,1.012939
4230309617,0.152832,0.220947,1.013916
4230314617,0.160889,0.222168,1.01001
4230319617,0.155518,0.224609,1.01001
4230324617,0.153076,0.229004,1.004883
4230329617,0.154785,0.22998,1.007813
4230334617,0.156494,0.228027,1.014648
4230339617,0.156494,0.229736,1.014648
4230344617,0.157227,0.22998,1.015381
4230349617,0.154297,0.231689,1.016846
4230354617,0.151611,0.229736,1.011475
4230359617,0.154541,0.227539,1.011475
4230364617,0.153809,0.228027,1.013672
4230369617,0.159668,0.226074,1.016602
4230374617,0.156982,0.225342,1.017578
4230379617,0.157959,0.224365,1.018555
4230384617,0.15918,0.219971,1.011719
4230389617,0.158691,0.231201,1.008301
4230394617,0.15918,0.225342,1.008789
4230399617,0.163086,0.231689,1.008057
4230404617,0.156738,0.226318,1.009766
4230409617,0.157959,0.234375,1.01001
4230414617,0.151611,0.226562,1.013428
4230419617,0.158203,0.229248,1.015137
4230424617,0.154541,0.230225,1.010986
4230429617,0.154541,0.230713,1.017334
4230434617,0.157227,0.226562,1.01416
4230439617,0.157959,0.225342,1.014893
4230444617,0.158691,0.229736,1.010986
4230449617,0.153564,0.226074,1.00708
4230454617,0.15625,0.220947,1.010498
4230459617,0.153809,0.222168,1.011475
4230464617,0.154541,0.228516,1.009277
4230469617,0.155273,0.228271,1.013916
4230474617,0.152832,0.22998,1.01709
4230479617,0.151367,0.230957,1.011719
4230484617,0.150879,0.22998,1.017334
4230489617,0.151123,0.230957,1.013428
4230494617,0.149902,0.234131,1.015625
4230499617,0.150391,0.231201,1.012451
4230504617,0.15625,0.234131,1.010742
4230509617,0.1521,0.228271,1.010742
4230514617,0.154297,0.231445,1.012939
4230519617,0.159912,0.231445,1.010498
4230524617,0.159668,0.225586,1.006836
4230529617,0.159668,0.227783,1.006592
4230534617,0.165771,0.230469,1.013184
4230539617,0.155029,0.233643,1.007324
4230544617,0.152832,0.231934,1.015381
4230549617,0.158203,0.22998,1.017578
4230554617,0.15625,0.228027,1.025879
4230559617,0.159424,0.222412,1.022949
4230564617,0.158936,0.218994,1.019043
4230569617,0.156738,0.2146,1.018555
4230574617,0.159668,0.214844,1.013672
4230579617,0.160156,0.213867,1.014404
4230584617,0.158203,0.21875,1.012451
4230589617,0.16333,0.227295,1.004883
4230594617,0.156982,0.227539,1.012451
4230599617,0.157959,0.231934,1.007813
4230604617,0.15625,0.233398,1.003174
4230609617,0.1521,0.243652,1.005127
4230614617,0.154053,0.246094,1.013428
4230619617,0.152588,0.25,1.023926
4230624617,0.155518,0.247559,1.021973
4230629617,0.155518,0.239014,1.016846
4230634617,0.159424,0.228516,1.02124
4230639617,0.160889,0.221924,1.017822
4230644617,0.161621,0.219971,1.019043
4230649617,0.157227,0.216553,1.012451
4230654617,0.157959,0.212402,1.005371
4230659617,0.159912,0.213135,1.005615
4230664617,0.161865,0.213623,1.001221
4230669617,0.16333,0.214844,0.994873
4230674617,0.156738,0.223145,0.992676
4230679617,0.160156,0.228271,0.998535
4230684617,0.161621,0.240234,0.99707
4230689617,0.157227,0.243652,1.013428
4230694617,0.1604,0.245361,1.031738
4230699617,0.157715,0.245605,1.023193
4230704617,0.155029,0.241699,1.012207
4230709617,0.159424,0.239258,1.036865
4230714617,0.155762,0.234619,1.020752
4230719617,0.152832,0.231689,1.005127
4230724617,0.161377,0.226562,1.037354
4230729617,0.154541,0.220215,0.995117
4230734617,0.161377,0.214111,1.013428
4230739617,0.157715,0.213379,0.99585
4230744617,0.169189,0.209473,1.026367
4230749617,0.154541,0.229248,1.003418
4230754617,0.156738,0.228271,1.008301
4230759617,0.158203,0.229248,1.001465
4230764617,0.156494,0.226807,1.009766
4230769617,0.15332,0.229736,1.007324
4230774617,0.151367,0.23584,1.016357
4230779617,0.161377,0.231445,1.024902
4230784617,0.160156,0.239746,1.005371
4230789617,0.155273,0.235107,1.010498
4230794617,0.158691,0.23291,1.026855
4230799617,0.156738,0.229492,1.003906
4230804617,0.156494,0.230469,1.015137
4230809617,0.157471,0.226318,1.01001
4230814617,0.157715,0.218262,1.006592
4230819617,0.154541,0.220703,0.99585
4230824617,0.154053,0.225342,1.013916
4230829617,0.155762,0.227295,1.012939
4230834617,0.157959,0.224854,1.009033
4230839617,0.156494,0.228516,1.014404
4230844617,0.15625,0.227783,1.007813
4230849617,0.161133,0.229492,1.019531
