timestamp_us,x_g,y_g,z_g
997289606,0.093018,0.158447,1.040283
997294606,0.088135,0.164307,1.032471
997299606,0.085693,0.162354,1.039551
997304606,0.090088,0.15918,1.033203
997309606,0.094971,0.162598,1.040771
997314606,0.0896,0.156738,1.035156
997319606,0.093018,0.156494,1.033936
997324606,0.094727,0.159912,1.037354
997329606,0.097412,0.159912,1.038086
997334606,0.092285,0.165039,1.03125
997339606,0.095459,0.169678,1.035645
997344606,0.0896,0.168945,1.036865
997349606,0.089355,0.169189,1.029785
997354606,0.08667,0.174561,1.038574
997359606,0.084473,0.167725,1.034668
997364606,0.088623,0.168945,1.03833
997369606,0.085449,0.16626,1.040771
997374606,0.088867,0.162109,1.035156
997379606,0.094971,0.163574,1.038086
997384606,0.09375,0.161865,1.035889
997389606,0.086426,0.164795,1.025391
997394606,0.087158,0.155762,1.033203
997399606,0.098389,0.15625,1.041748
997404606,0.098633,0.155518,1.041992
997409606,0.096191,0.154297,1.041016
997414606,0.095947,0.156738,1.037109
997419606,0.097412,0.159424,1.036133
997424606,0.088135,0.160156,1.034424
997429606,0.088623,0.164062,1.034912
997434606,0.088623,0.159912,1.035645
997439606,0.087891,0.160156,1.03833
997444606,0.088623,0.162598,1.0339063
1000299606,0.090576,0.163818,1.033203
1000304606,0.086914,0.163086,1.029297
1000309606,0.093262,0.160889,1.04126
1000314606,0.092285,0.165771,1.032471
1000319606,0.093262,0.163086,1.035645
1000324606,0.093262,0.166504,1.035645
1000329606,0.091309,0.164062,1.037598
1000334606,0.095947,0.16333,1.04126
1000339606,0.093506,0.158936,1.040771
1000344606,0.091797,0.162109,1.032471
1000349606,0.088623,0.161865,1.035645
1000354606,0.085449,0.161865,1.029785
1000359606,0.087402,0.163574,1.032959
1000364606,0.087891,0.161865,1.027832
1000369606,0.0896,0.15918,1.038574
1000374606,0.088867,0.165527,1.03418
1000379606,0.089111,0.164551,1.033936
1000384606,0.094482,0.163818,1.041504
1000389606,0.095459,0.164062,1.037354
1000394606,0.088135,0.163818,1.032227
1000399606,0.091064,0.161865,1.032715
1000404606,0.0896,0.16333,1.02832
1000409606,0.089844,0.161865,1.036865
1000414606,0.091797,0.159668,1.0354
1000419606,0.087158,0.164062,1.037354
1000424606,0.089355,0.164551,1.039307
1000429606,0.087891,0.1604,1.036377
1000434606,0.089844,0.162842,1.044922
1000439606,0.093262,0.161377,1.034424
1000444606,0.086182,0.166748,1.0354
1000449606,0.089844,0.162354,1.031738
1000454606,0.09082,0.161865,1.033203
1000459606,0.091797,0.160645,1.032227
1000464606,0.091309,0.165527,1.033203
1000469606,0.090332,0.161865,1.030273
1000474606,0.09375,0.162842,1.043457
1000479606,0.089355,0.165283,1.03418
1000484606,0.0896,0.161133,1.036621
1000489606,0.085693,0.158691,1.030273
1000494606,0.091797,0.159668,1.033447
1000499606,0.090332,0.165527,1.034424
1000504606,0.088135,0.165283,1.037109
1000509606,0.08374,0.164307,1.037598
1000514606,0.088135,0.159668,1.031738
1000519606,0.094482,0.162842,1.037842
1000524606,0.0896,0.158691,1.033691
1000529606,0.085449,0.164062,1.0271
1000534606,0.093994,0.164795,1.039307
1000539606,0.093018,0.168457,1.035156
1000544606,0.093994,0.165527,1.036377
1000549606,0.093018,0.1604,1.038086
1000554606,0.090332,0.163818,1.033203
1000559606,0.090088,0.16333,1.038818
1000564606,0.091553,0.16626,1.039551
1000569606,0.089844,0.161865,1.041016
1000574606,0.089355,0.165283,1.041992
1000579606,0.089111,0.163574,1.036621
1000584606,0.092041,0.167969,1.038574
1000589606,0.093018,0.160889,1.033691
1000594606,0.085449,0.159668,1.034668
1000599606,0.094727,0.164795,1.026123
1000604606,0.089355,0.160645,1.043945
1000609606,0.091064,0.165039,1.034668
1000614606,0.089111,0.165771,1.033936
1000619606,0.095215,0.162354,1.03418
1000624606,0.094482,0.164551,1.039551
1000629606,0.093506,0.166504,1.041016
1000634606,0.091309,0.168945,1.034424
1000639606,0.08374,0.162842,1.02832
1000644606,0.088623,0.161377,1.033936
1000649606,0.089111,0.1604,1.032959
1000654606,0.092773,0.166504,1.031982
1000659606,0.088867,0.1604,1.035889
1000664606,0.088135,0.160645,1.038086
1000669606,0.091797,0.162109,1.031006
1000674606,0.093262,0.165283,1.036133
1000679606,0.09668,0.167725,1.03833
1000684606,0.087891,0.160889,1.030762
1000689606,0.086914,0.161621,1.030029
1000694606,0.09375,0.162354,1.041504
1000699606,0.092529,0.164307,1.032227
1000704606,0.08667,0.159668,1.034424
1000709606,0.087158,0.164307,1.03125
1000714606,0.089844,0.165039,1.035645
1000719606,0.096191,0.164551,1.036865
1000724606,0.093262,0.166504,1.041748
1000729606,0.087646,0.16748,1.033936
1000734606,0.0896,0.161377,1.040039
1000739606,0.090576,0.158691,1.032227
1000744606,0.0896,0.162598,1.033936
1000749606,0.090332,0.164307,1.032715
1000754606,0.092041,0.159668,1.025146
1000759606,0.087402,0.160889,1.033691
1000764606,0.0896,0.160889,1.037109
1000769606,0.088867,0.160645,1.035889
1000774606,0.090332,0.163574,1.03418
1000779606,0.089111,0.162109,1.037109
1000784606,0.089355,0.159424,1.039551
1000789606,0.091309,0.157959,1.029297
1000794606,0.088623,0.157715,1.032471
1000799606,0.089844,0.1604,1.02832
1000804606,0.088867,0.162842,1.033203
1000809606,0.0896,0.161133,1.035889
1000814606,0.0896,0.160645,1.03418
1000819606,0.089355,0.166016,1.027588
1000824606,0.089111,0.160156,1.033691
1000829606,0.0896,0.162598,1.035156
1000834606,0.090088,0.159668,1.028564
1000839606,0.0896,0.162354,1.033447
1000844606,0.091309,0.162598,1.033936
1000849606,0.092041,0.162354,1.029053
1000854606,0.087891,0.162354,1.033691
1000859606,0.090576,0.1604,1.032227
1000864606,0.088379,0.164551,1.033447
1000869606,0.087646,0.158203,1.036133
1000874606,0.090332,0.163818,1.035156
1000879606,0.091064,0.159668,1.0354
1000884606,0.089355,0.161133,1.038818
1000889606,0.090088,0.159912,1.031738
1000894606,0.088379,0.1604,1.032715
1000899606,0.090088,0.159668,1.037598
1000904606,0.092529,0.161377,1.0354
1000909606,0.089355,0.160156,1.028564
1000914606,0.086914,0.162842,1.031738
1000919606,0.092041,0.1604,1.039063
1000924606,0.090332,0.159912,1.029541
1000929606,0.090332,0.166748,1.037598
1000934606,0.090576,0.165771,1.034912
1000939606,0.089355,0.165283,1.039307
1000944606,0.091309,0.164307,1.037109
1000949606,0.09082,0.163086,1.027344
1000954606,0.094238,0.162598,1.03125
1000959606,0.087646,0.163818,1.040039
1000964606,0.089355,0.159668,1.034424
1000969606,0.090332,0.160156,1.033691
1000974606,0.091553,0.161377,1.037109
1000979606,0.092773,0.163086,1.037598
1000984606,0.0896,0.160889,1.031494
1000989606,0.088623,0.170166,1.035889
1000994606,0.091309,0.167236,1.038818
1000999606,0.091064,0.164062,1.042725
1001004606,0.093506,0.162354,1.034668
1001009606,0.090332,0.161865,1.031982
1001014606,0.091553,0.160156,1.031006
1001019606,0.089355,0.157959,1.031738
1001024606,0.092041,0.159912,1.040771
1001029606,0.092041,0.161865,1.036133
1001034606,0.091553,0.158691,1.035645
1001039606,0.092285,0.162354,1.032227
1001044606,0.086426,0.163574,1.029541
1001049606,0.084473,0.162598,1.033203
1001054606,0.085937,0.161865,1.033936
1001059606,0.09082,0.162842,1.029541
1001064606,0.093018,0.158936,1.038086
1001069606,0.092773,0.162842,1.036377
1001074606,0.091553,0.161865,1.029785
1001079606,0.088135,0.164062,1.031738
1001084606,0.091309,0.164307,1.035156
1001089606,0.088379,0.163818,1.037842
1001094606,0.090332,0.163574,1.037109
1001099606,0.090332,0.161621,1.029053
1001104606,0.088379,0.162354,1.033203
1001109606,0.090088,0.160889,1.034424
1001114606,0.094482,0.159668,1.036865
1001119606,0.092773,0.161377,1.035889
1001124606,0.09082,0.163574,1.034668
1001129606,0.096436,0.163086,1.033936
1001134606,0.089844,0.160156,1.036621
1001139606,0.090332,0.16626,1.030273
1001144606,0.09082,0.166016,1.03833
1001149606,0.089355,0.165039,1.036377
1001154606,0.087158,0.162354,1.036865
1001159606,0.088867,0.162598,1.033691
1001164606,0.092041,0.156006,1.031982
1001169606,0.089844,0.16333,1.033447
1001174606,0.090576,0.164551,1.032959
1001179606,0.088623,0.160645,1.03125
1001184606,0.092773,0.163574,1.031738
1001189606,0.087891,0.165039,1.031494
1001194606,0.092529,0.163818,1.032715
1001199606,0.090332,0.164062,1.0354
1001204606,0.090576,0.164551,1.04126
1001209606,0.091309,0.161133,1.037842
1001214606,0.092773,0.165283,1.040771
1001219606,0.096191,0.167236,1.037354
1001224606,0.090576,0.161865,1.035889
1001229606,0.090332,0.164062,1.037354
1001234606,0.092041,0.164795,1.034912
1001239606,0.08667,0.160156,1.038086
1001244606,0.092285,0.161377,1.028076
1001249606,0.085693,0.162354,1.034912
1001254606,0.092529,0.164307,1.036865
1001259606,0.089111,0.163086,1.039063
1001264606,0.086914,0.162598,1.027344
1001269606,0.093994,0.163086,1.038818
1001274606,0.086426,0.165527,1.035889
1001279606,0.091064,0.160889,1.033936
1001284606,0.086182,0.163574,1.03418
1001289606,0.0896,0.158936,1.037354
1001294606,0.088379,0.162598,1.036377
1001299606,0.088867,0.163086,1.038086
1001304606,0.090576,0.163818,1.037109
1001309606,0.091064,0.159424,1.040283
1001314606,0.091553,0.166992,1.032227
1001319606,0.091064,0.16333,1.027832
1001324606,0.091797,0.161621,1.037598
1001329606,0.091309,0.162842,1.033203
1001334606,0.092285,0.159668,1.034912
1001339606,0.091309,0.164307,1.036865
1001344606,0.092529,0.1604,1.031494
1001349606,0.087891,0.164307,1.032227
1001354606,0.091309,0.165283,1.035889
1001359606,0.084717,0.164307,1.038086
1001364606,0.091797,0.16626,1.038818
1001369606,0.09375,0.159424,1.038086
1001374606,0.088623,0.163086,1.032959
1001379606,0.094482,0.16626,1.035645
1001384606,0.090332,0.165771,1.03418
1001389606,0.091064,0.161377,1.033447
1001394606,0.086426,0.165527,1.031006
1001399606,0.087646,0.161377,1.037598
1001404606,0.091064,0.160889,1.042969
1001409606,0.092285,0.164551,1.032227
1001414606,0.090332,0.164062,1.036133
1001419606,0.091064,0.161133,1.035645
1001424606,0.089844,0.161133,1.041992
1001429606,0.087646,0.164795,1.038086
1001434606,0.092285,0.163086,1.037842
1001439606,0.09082,0.160156,1.036133
1001444606,0.089111,0.163574,1.0354
1001449606,0.092773,0.162842,1.036865
1001454606,0.090576,0.163086,1.036377
1001459606,0.091797,0.161377,1.031006
1001464606,0.092041,0.1604,1.031738
1001469606,0.090576,0.162842,1.0354
1001474606,0.090576,0.159912,1.039795
1001479606,0.093506,0.159668,1.036865
1001484606,0.088623,0.162598,1.031494
1001489606,0.091553,0.159668,1.032227
1001494606,0.09082,0.161377,1.032959
1001499606,0.088623,0.160645,1.035889
1001504606,0.086182,0.160889,1.033936
1001509606,0.0896,0.166748,1.0354
1001514606,0.089111,0.161621,1.031006
1001519606,0.090088,0.161865,1.02832
1001524606,0.088623,0.162598,1.029541
1001529606,0.088867,0.161133,1.03418
1001534606,0.091064,0.161621,1.032471
1001539606,0.094238,0.165527,1.033691
1001544606,0.09082,0.165039,1.032959
1001549606,0.094238,0.166504,1.03418
1001554606,0.092773,0.165527,1.037354
1001559606,1.967041,-1.730469,-4.0
1001564606,2.266113,1.344238,3.947998
1001569606,-2.867432,2.343018,-2.717041
1001574606,-0.19165,2.151855,-4.0
1001579606,-0.128418,0.932129,-4.0
1001584606,-0.64502,1.994873,-4.0
1001589606,0.071777,0.746826,-2.814209
1001594606,-0.131592,0.519043,0.76709
1001599606,-0.206299,0.340332,1.116699
1001604606,0.165771,0.255615,1.626953
1001609606,0.213623,0.057861,1.103271
1001614606,0.053955,0.176758,0.990723
1001619606,0.074707,0.160645,0.845703
1001624606,0.084961,0.218506,1.265137
1001629606,0.087402,0.1875,1.018311
1001634606,0.076172,0.143799,0.925537
1001639606,0.077637,0.092285,1.064697
1001644606,0.07251,0.126953,1.044189
1001649606,0.116211,0.133057,1.03833
1001654606,0.075928,0.164795,0.990234
1001659606,0.133789,0.100098,1.110107
1001664606,0.07251,0.206299,1.060547
1001669606,0.074707,0.187256,1.016357
1001674606,0.056641,0.196289,1.111572
1001679606,0.088379,0.164551,1.070068
1001684606,0.12207,0.109619,0.999023
1001689606,0.095459,0.119385,1.008301
1001694606,0.084473,0.165039,1.026855
1001699606,0.06543,0.228516,1.101807
1001704606,0.079834,0.193604,1.053467
1001709606,0.088135,0.14917,1.025391
1001714606,0.113281,0.10791,1.012451
1001719606,0.098145,0.128418,1.017822
1001724606,0.094971,0.147949,1.028076
1001729606,-1.952148,3.007813,-3.187988
1001734606,-2.633545,-0.098145,-1.193604
1001739606,0.496826,2.404541,-3.36499
1001744606,0.03418,0.562012,-2.755371
1001749606,0.305176,0.880859,-3.330566
1001754606,-0.441406,2.166016,-1.887207
1001759606,-1.091797,0.10376,-0.187012
1001764606,-0.548096,0.109131,1.044678
1001769606,-0.717285,0.203857,-1.307373
1001774606,0.108643,0.256592,1.227295
1001779606,0.142334,0.128906,1.347656
1001784606,-0.789307,0.153076,-1.835205
1001789606,-1.396484,0.255859,0.262695
1001794606,0.155762,0.061035,0.922852
1001799606,-0.007568,0.183838,0.792969
1001804606,0.083008,0.13501,1.079102
1001809606,0.061523,0.20874,1.138672
1001814606,0.112061,0.125732,1.047852
1001819606,0.304932,0.071777,0.063965
1001824606,0.091553,0.209961,1.052734
1001829606,0.126953,0.229248,1.226807
1001834606,0.071533,0.185791,1.108398
1001839606,-0.022705,0.103027,0.598877
1001844606,-0.874023,0.266357,1.097168
1001849606,0.160645,0.109863,1.164307
1001854606,0.079346,0.183105,1.114014
1001859606,0.098145,0.153076,1.019775
1001864606,0.071045,0.186768,1.053467
1001869606,0.110596,0.158691,1.040283
1001874606,0.08252,0.149658,1.044434
1001879606,0.083496,0.138672,1.020264
1001884606,0.074463,0.137451,0.999268
1001889606,0.08374,0.14624,1.02124
1001894606,0.096924,0.162109,1.041504
1001899606,0.095947,0.168457,1.050293
1001904606,0.085693,0.161621,1.046631
1001909606,0.077148,0.152832,1.035156
1001914606,0.073242,0.145508,1.008545
1001919606,0.079102,0.151855,1.029541
1001924606,0.098145,0.16626,1.052734
1001929606,0.086914,0.177246,1.057861
1001934606,0.083252,0.168945,1.041748
1001939606,0.080078,0.156494,1.031738
1001944606,0.083496,0.147949,1.015869
1001949606,0.096191,0.148682,1.03125
1001954606,0.099854,0.158447,1.043457
1001959606,0.088867,0.166992,1.045898
1001964606,0.07666,0.162109,1.042969
1001969606,0.079102,0.15918,1.037109
1001974606,0.086426,0.145752,1.018555
1001979606,0.091064,0.148437,1.034424
1001984606,0.093506,0.159424,1.043945
1001989606,0.082031,0.163574,1.037842
1001994606,0.08374,0.166504,1.039307
1001999606,0.082031,0.1604,1.034668
1002004606,0.083008,0.154297,1.027832
1002009606,0.098389,0.150391,1.044189
1002014606,0.092041,0.157959,1.038818
1002019606,0.08252,0.161377,1.042236
1002024606,0.078125,0.158203,1.038574
1002029606,0.084229,0.158203,1.032471
1002034606,0.085449,0.1521,1.03418
1002039606,0.0896,0.149658,1.034424
1002044606,0.088623,0.157959,1.036621
1002049606,0.082031,0.157959,1.037842
1002054606,0.080566,0.161865,1.03833
1002059606,0.087402,0.160889,1.037598
1002064606,0.087158,0.157959,1.028564
1002069606,0.090088,0.15625,1.033447
1002074606,0.087646,0.152344,1.030518
1002079606,0.085937,0.154297,1.037842
1002084606,0.086182,0.161377,1.03833
1002089606,0.088135,0.157471,1.033203
1002094606,0.088867,0.15332,1.035645
1002099606,0.088135,0.157715,1.037354
1002104606,0.083984,0.15625,1.034424
1002109606,0.088867,0.158447,1.034424
1002114606,0.086182,0.161377,1.039795
1002119606,0.084473,0.159668,1.035645
1002124606,0.085937,0.162354,1.03833
1002129606,0.086914,0.156494,1.038818
1002134606,0.090088,0.157227,1.038818
1002139606,0.089111,0.1604,1.031006
1002144606,0.081787,0.156494,1.033936
1002149606,0.086914,0.1604,1.03833
1002154606,0.087402,0.155762,1.043701
1002159606,0.089111,0.15918,1.038086
1002164606,0.091309,0.15625,1.045898
1002169606,0.082764,0.156982,1.023682
1002174606,0.088623,0.154053,1.039307
1002179606,0.089844,0.15625,1.052002
1002184606,0.084717,0.161377,1.030518
1002189606,0.082031,0.16333,1.024414
1002194606,0.085449,0.157715,1.038574
1002199606,0.085205,0.153809,1.039795
1002204606,0.087402,0.158691,1.041504
1002209606,0.083496,0.164307,1.026855
1002214606,0.081543,0.160645,1.024658
1002219606,0.090088,0.1604,1.040527
1002224606,0.085205,0.158203,1.037598
1002229606,0.086182,0.155762,1.029053
1002234606,0.085205,0.157715,1.036621
1002239606,0.084961,0.15918,1.037109
1002244606,0.084229,0.155518,1.03833
1002249606,0.085693,0.15918,1.034912
1002254606,0.088379,0.164551,1.031738
1002259606,0.083984,0.158691,1.040771
1002264606,0.085449,0.156006,1.033203
1002269606,0.090576,0.159912,1.04126
1002274606,0.085937,0.158936,1.044189
1002279606,0.088379,0.159668,1.042236
1002284606,0.087158,0.165039,1.036621
1002289606,0.083008,0.161133,1.03418
1002294606,0.085449,0.157715,1.033936
1002299606,0.087402,0.159668,1.040283
1002304606,0.093506,0.158447,1.041748
1002309606,0.089844,0.158691,1.04834
1002314606,0.087891,0.162109,1.03833
1002319606,0.09375,0.155273,1.041748
1002324606,0.086914,0.158936,1.040527
1002329606,0.084229,0.155518,1.027832
1002334606,0.087891,0.161133,1.039795
1002339606,0.084717,0.162842,1.031494
1002344606,0.086182,0.157227,1.03418
1002349606,0.088623,0.159424,1.032715
1002354606,0.09082,0.158447,1.035645
1002359606,0.087646,0.1604,1.033691
1002364606,0.088623,0.160156,1.037354
1002369606,0.087891,0.163818,1.038818
1002374606,0.087646,0.161621,1.036133
1002379606,0.085205,0.162842,1.035156
1002384606,0.088135,0.154785,1.03125
1002389606,0.086426,0.153076,1.031982
1002394606,0.083496,0.155029,1.037598
1002399606,0.088379,0.159912,1.031982
1002404606,0.082764,0.161133,1.036133
1002409606,0.085693,0.159912,1.027832
1002414606,0.085449,0.157227,1.033203
1002419606,0.08667,0.155273,1.046143
1002424606,0.089844,0.159668,1.041016
1002429606,0.081787,0.162842,1.036133
1002434606,0.083496,0.158936,1.035889
1002439606,0.085693,0.154053,1.027588
1002444606,0.088135,0.152588,1.029785
1002449606,0.086182,0.156982,1.038086
1002454606,0.089844,0.15918,1.039307
1002459606,0.086914,0.161377,1.040771
1002464606,0.085693,0.161377,1.030518
1002469606,0.08667,0.158203,1.038574
1002474606,0.081299,0.15332,1.03125
1002479606,0.091064,0.153809,1.033691
1002484606,0.083252,0.157471,1.031738
1002489606,0.085693,0.153076,1.032715
1002494606,0.086426,0.154053,1.041504
1002499606,0.086426,0.155029,1.039063
1002504606,0.086426,0.162598,1.035156
1002509606,0.086426,0.163818,1.042969
1002514606,0.086182,0.159668,1.041992
1002519606,0.085449,0.15625,1.030029
1002524606,0.087402,0.157471,1.032227
1002529606,0.088379,0.150391,1.031982
1002534606,0.080811,0.150635,1.027588
1002539606,0.087402,0.155518,1.033447
1002544606,0.089111,0.156982,1.0354
1002549606,0.087402,0.159668,1.033447
1002554606,0.084473,0.158691,1.027588
1002559606,0.086914,0.159668,1.034668
1002564606,0.083252,0.158691,1.032715
1002569606,0.088379,0.15918,1.039795
1002574606,0.08252,0.152344,1.028076
1002579606,0.079346,0.156738,1.030762
1002584606,0.080566,0.154541,1.037354
1002589606,0.083496,0.155029,1.029053
1002594606,0.081055,0.158447,1.039551
1002599606,0.084717,0.157959,1.03833
1002604606,0.086914,0.160889,1.041992
1002609606,0.089355,0.157471,1.042725
1002614606,0.088135,0.158203,1.034668
1002619606,0.083984,0.154785,1.030518
1002624606,0.086914,0.160156,1.033936
1002629606,0.085449,0.156494,1.03125
1002634606,0.084229,0.157227,1.028564
1002639606,0.083984,0.152344,1.031494
1002644606,0.086426,0.149658,1.029053
1002649606,0.087158,0.155273,1.034912
1002654606,0.087646,0.157227,1.035889
1002659606,0.089111,0.151611,1.032959
1002664606,0.092285,0.162109,1.03418
1002669606,0.085937,0.161133,1.036133
1002674606,0.088867,0.157959,1.043457
1002679606,0.084717,0.157471,1.034424
1002684606,0.084229,0.162354,1.038086
1002689606,0.087402,0.158691,1.04126
1002694606,0.087158,0.161133,1.036621
1002699606,0.090088,0.156982,1.039795
1002704606,0.088867,0.157471,1.04248
1002709606,0.087158,0.1604,1.040283
1002714606,0.08667,0.160156,1.043213
1002719606,0.0896,0.159668,1.036377
1002724606,0.088867,0.161865,1.046143
1002729606,0.091064,0.164307,1.042236
1002734606,0.094238,0.164062,1.044922
1002739606,0.088623,0.164795,1.042236
1002744606,0.084961,0.164307,1.039307
1002749606,0.089111,0.160889,1.041504
1002754606,0.088135,0.160156,1.038818
1002759606,0.084473,0.157715,1.040039
1002764606,0.085449,0.151367,1.029053
1002769606,0.083984,0.154785,1.033203
1002774606,0.084961,0.152832,1.038086
1002779606,0.08667,0.157715,1.033447
1002784606,0.08374,0.157959,1.031982
1002789606,0.087158,0.15625,1.035889
1002794606,0.086426,0.160156,1.03125
1002799606,0.085693,0.158447,1.038818
1002804606,0.085449,0.155518,1.028564
1002809606,0.088379,0.158691,1.029053
1002814606,0.088379,0.162109,1.034668
1002819606,0.089844,0.157715,1.0354
1002824606,0.085205,0.158691,1.030029
1002829606,0.087646,0.155273,1.040283
1002834606,0.084717,0.161133,1.041992
1002839606,0.083496,0.155762,1.036133
1002844606,0.087402,0.158691,1.04126
1002849606,0.090576,0.158203,1.036377
1002854606,0.086182,0.157471,1.039795
1002859606,0.087158,0.156494,1.035156
1002864606,0.084473,0.160645,1.038574
1002869606,0.085205,0.159912,1.040039
1002874606,0.087158,0.162109,1.036865
1002879606,0.087646,0.163818,1.037598
1002884606,0.087158,0.158447,1.032959
1002889606,0.086182,0.159424,1.040527
1002894606,0.088623,0.156006,1.040771
1002899606,0.085449,0.158936,1.032715
1002904606,0.085205,0.155762,1.040771
1002909606,0.083984,0.156494,1.031006
1002914606,0.086914,0.155762,1.03418
1002919606,0.084473,0.15332,1.0354
1002924606,0.086426,0.157227,1.033447
1002929606,0.084961,0.1521,1.032471
1002934606,0.085937,0.15332,1.034668
1002939606,0.081299,0.15332,1.035889
1002944606,0.084229,0.157959,1.037354
1002949606,0.084717,0.162598,1.033691
1002954606,0.084717,0.1604,1.034668
1002959606,0.084229,0.1604,1.032471
1002964606,0.087891,0.1604,1.039551
1002969606,0.086914,0.161133,1.034912
1002974606,0.088623,0.158447,1.038574
1002979606,0.085693,0.15625,1.036621
1002984606,0.086914,0.156982,1.037842
1002989606,0.087646,0.157959,1.0354
1002994606,0.088135,0.165039,1.040283
1002999606,0.085449,0.158936,1.033936
1003004606,0.088135,0.158203,1.036133
1003009606,0.089355,0.156006,1.040527
1003014606,0.084717,0.161621,1.034912
1003019606,0.084229,0.158203,1.039307
1003024606,0.088135,0.15625,1.038818
1003029606,0.087646,0.160156,1.031494
1003034606,0.08667,0.158691,1.031982
1003039606,0.088135,0.15332,1.0354
1003044606,0.087646,0.155762,1.04126
1003049606,0.085205,0.156982,1.028809
1003054606,0.086182,0.156982,1.036865
1003059606,0.085449,0.159912,1.033691
1003064606,0.085937,0.154053,1.031738
1003069606,0.086914,0.154297,1.034668
1003074606,0.088135,0.158447,1.034424
1003079606,0.084229,0.159424,1.043701
1003084606,0.085937,0.158203,1.038086
1003089606,0.087402,0.158447,1.033691
1003094606,0.086182,0.157959,1.034668
1003099606,0.083984,0.158203,1.044678
1003104606,0.087891,0.158691,1.040283
1003109606,0.084229,0.15918,1.039551
1003114606,0.088623,0.154297,1.034668
1003119606,0.084229,0.158936,1.039307
1003124606,0.084473,0.155762,1.041992
1003129606,0.088867,0.158691,1.036621
1003134606,0.088135,0.159912,1.034912
1003139606,0.083984,0.158203,1.034912
1003144606,0.086426,0.158447,1.039307
1003149606,0.083252,0.160889,1.036865
1003154606,0.086426,0.159424,1.038086
1003159606,0.086426,0.158203,1.038086
1003164606,0.084229,0.156982,1.032227
1003169606,0.086182,0.156494,1.031738
1003174606,0.086914,0.153564,1.027344
1003179606,0.08667,0.152588,1.032471
1003184606,0.086426,0.153564,1.037842
1003189606,0.081543,0.151611,1.037598
1003194606,0.084961,0.154297,1.0354
1003199606,0.083008,0.159912,1.037354
1003204606,0.082764,0.162109,1.042236
1003209606,0.081055,0.167969,1.03418
1003214606,0.085449,0.166016,1.032715
1003219606,0.086914,0.163086,1.027344
1003224606,0.091553,0.169678,1.035156
1003229606,0.096924,0.162109,1.04126
1003234606,0.095215,0.161377,1.036133
1003239606,0.094482,0.158936,1.038574
1003244606,0.087891,0.154297,1.029297
1003249606,0.088379,0.145264,1.036133
1003254606,0.089355,0.143799,1.031494
1003259606,0.084229,0.147949,1.041016
1003264606,0.081055,0.148193,1.037598
1003269606,0.082031,0.156006,1.033936
1003274606,0.081299,0.155273,1.027344
1003279606,0.080078,0.159912,1.041016
1003284606,0.080811,0.162598,1.039551
1003289606,0.07959,0.171875,1.039063
1003294606,0.082031,0.172852,1.03833
1003299606,0.084717,0.163818,1.039795
1003304606,0.088867,0.16626,1.039551
1003309606,0.092041,0.161377,1.035645
1003314606,0.093994,0.154785,1.037598
1003319606,0.08667,0.156982,1.029785
1003324606,0.092285,0.148193,1.035645
1003329606,0.089111,0.154053,1.031494
1003334606,0.085205,0.155029,1.03418
1003339606,0.087158,0.148437,1.029297
1003344606,0.082764,0.15332,1.032471
1003349606,0.087646,0.15332,1.028564
1003354606,0.088379,0.157715,1.034912
1003359606,0.085937,0.16626,1.039307
1003364606,0.084229,0.163086,1.04541
1003369606,0.088135,0.163818,1.033203
1003374606,0.088379,0.162354,1.035889
1003379606,0.088867,0.161621,1.037842
1003384606,0.090088,0.159668,1.040771
1003389606,0.091309,0.158447,1.032959
1003394606,0.090088,0.156494,1.031738
1003399606,0.08667,0.158691,1.034424
1003404606,0.086426,0.154297,1.038818
1003409606,0.088379,0.156738,1.040527
1003414606,0.08374,0.155029,1.042725
1003419606,0.082275,0.154297,1.033203
1003424606,0.085449,0.159424,1.039307
1003429606,0.084229,0.157715,1.042969
1003434606,0.082031,0.164307,1.030029
1003439606,0.085937,0.161377,1.040283
1003444606,0.0896,0.157715,1.037598
1003449606,0.084717,0.158691,1.036133
1003454606,0.084961,0.156738,1.035889
1003459606,0.090088,0.157227,1.034668
1003464606,0.089111,0.157471,1.038818
1003469606,0.088379,0.154541,1.0354
1003474606,0.089355,0.154297,1.027344
1003479606,0.0896,0.156494,1.030518
1003484606,0.088623,0.157227,1.033936
1003489606,0.085205,0.15918,1.036621
1003494606,0.086914,0.157471,1.044434
1003499606,0.085449,0.159912,1.042725
1003504606,0.085937,0.156982,1.043213
1003509606,0.083496,0.157227,1.032959
1003514606,0.083496,0.156494,1.039063
1003519606,0.081787,0.157471,1.034912
1003524606,0.08374,0.157227,1.032715
1003529606,0.090332,0.155029,1.034424
1003534606,0.086914,0.155273,1.029297
1003539606,0.088379,0.158203,1.03418
1003544606,0.090088,0.159668,1.040527
1003549606,0.090088,0.161621,1.04126
1003554606,0.084229,0.15625,1.029297
1003559606,0.084473,0.159912,1.034912
1003564606,0.088867,0.157959,1.029541
1003569606,0.083252,0.16333,1.038574
1003574606,0.088379,0.156982,1.037598
1003579606,0.08374,0.159912,1.028809
1003584606,0.08667,0.158936,1.039795
1003589606,0.083252,0.157715,1.036377
1003594606,0.082031,0.156494,1.029053
1003599606,0.083496,0.160156,1.035645
1003604606,0.081543,0.158691,1.032715
1003609606,0.088867,0.15918,1.03418
1003614606,0.088623,0.156738,1.032959
1003619606,0.089111,0.155762,1.037598
1003624606,0.089355,0.159912,1.036133
1003629606,0.088379,0.156006,1.035889
1003634606,0.083984,0.163574,1.027588
1003639606,0.081543,0.160156,1.023926
1003644606,0.083496,0.1604,1.044434
1003649606,0.086914,0.159424,1.037598
1003654606,0.085937,0.158936,1.033203
1003659606,0.087158,0.158447,1.0354
1003664606,0.084473,0.158447,1.02417
1003669606,0.088623,0.156494,1.033936
1003674606,0.091064,0.157959,1.044922
1003679606,0.086182,0.163086,1.034668
1003684606,0.086182,0.164307,1.034668
1003689606,0.091797,0.159912,1.035156
1003694606,-4.0,-2.542725,2.726074
1003699606,0.842041,3.047852,2.603027
1003704606,-1.710693,1.25415,0.186279
1003709606,-0.50293,1.669189,3.999878
1003714606,-2.027588,2.062256,-4.0
1003719606,-0.19165,0.433838,-2.970215
1003724606,-1.570313,2.61499,0.755615
1003729606,-0.875488,1.855469,-4.0
1003734606,-0.387695,1.660156,0.495605
1003739606,-0.039795,0.166016,1.229492
1003744606,0.095459,0.061279,0.874512
1003749606,0.059082,0.095947,1.051025
1003754606,0.133301,0.149658,1.057861
1003759606,0.046387,0.256592,1.086426
1003764606,0.06665,0.237305,1.083008
1003769606,0.076904,0.174561,1.046387
1003774606,0.094971,0.085449,0.996582
1003779606,0.11377,0.063965,0.979492
1003784606,0.111816,0.119629,1.041504
1003789606,0.083496,0.161865,1.054688
1003794606,0.070312,0.225098,1.072266
1003799606,0.079834,0.185059,1.046143
1003804606,-0.6521,-0.162109,-4.0
1003809606,-1.85498,-1.172852,-0.250488
1003814606,0.171875,-0.377197,-4.0
1003819606,-1.246582,1.225098,-0.469971
1003824606,-1.079102,0.050781,1.162109
1003829606,0.003418,0.31958,1.214111
1003834606,0.094971,0.169922,1.006104
1003839606,0.076416,0.228516,1.105469
1003844606,0.0896,0.128662,1.042969
1003849606,-0.295898,0.143555,1.333984
1003854606,-0.114014,0.052979,1.087402
1003859606,-0.000244,0.228516,0.844482
1003864606,0.026123,0.116455,0.830566
1003869606,0.1604,0.17627,1.152344
1003874606,0.09668,0.131836,0.933105
1003879606,0.0625,0.159668,1.007568
1003884606,0.051025,0.12915,1.007568
1003889606,0.082764,0.165771,0.971436
1003894606,0.032227,0.223877,0.911133
1003899606,0.089355,0.189941,1.040283
1003904606,0.076416,0.185059,1.058838
1003909606,-1.724365,1.948486,-4.0
1003914606,-0.922852,0.25708,1.228271
1003919606,-0.032959,0.190918,1.111816
1003924606,-0.420654,0.137939,1.337646
1003929606,-0.244873,0.284424,1.025146
1003934606,0.129395,0.213379,1.093994
1003939606,0.054687,0.187988,1.021484
1003944606,0.070801,0.108154,1.110596
1003949606,-0.047119,0.202393,0.989746
1003954606,0.0354,0.174805,0.932617
1003959606,0.12207,0.153564,1.071289
1003964606,0.077881,0.16748,1.086914
1003969606,0.105957,0.104492,1.046387
1003974606,0.092041,0.133545,1.036865
1003979606,0.0979,0.113037,1.028564
1003984606,0.07959,0.161133,1.033691
1003989606,0.066162,0.163818,1.008789
1003994606,0.079346,0.184082,1.042236
1003999606,0.10791,0.155029,1.012451
1004004606,0.191406,0.092041,1.074707
1004009606,0.025635,0.118408,0.901611
1004014606,0.050537,0.155762,0.905273
1004019606,-0.011719,0.274414,1.135742
1004024606,0.159668,0.151855,1.031982
1004029606,0.085449,0.213379,1.062256
1004034606,0.10498,0.11792,1.025391
1004039606,0.105469,0.141602,1.106934
1004044606,0.083008,0.174805,1.043945
1004049606,0.051758,0.193115,1.016602
1004054606,0.106445,0.17749,1.071533
1004059606,0.11377,0.127686,1.018799
1004064606,0.06665,0.137207,1.04541
1004069606,0.106689,0.114258,1.040283
1004074606,0.106201,0.140869,1.053711
1004079606,0.012939,0.169922,0.978271
1004084606,0.088135,0.149414,0.976807
1004089606,0.077393,0.171875,1.068115
1004094606,0.069336,0.145264,1.022949
1004099606,0.094971,0.111328,1.071533
1004104606,0.091309,0.151123,1.054688
1004109606,0.082031,0.165039,1.015869
1004114606,0.068848,0.189697,1.061035
1004119606,0.090088,0.166748,1.018555
1004124606,0.069092,0.12793,1.009521
1004129606,0.076904,0.141113,1.045166
1004134606,0.077148,0.147461,1.037354
1004139606,0.078369,0.141113,1.027344
1004144606,0.076416,0.17041,1.036133
1004149606,0.082031,0.174316,1.030762
1004154606,0.057617,0.163086,1.036865
1004159606,0.078125,0.148193,1.049072
1004164606,0.08252,0.143311,1.020752
1004169606,0.08252,0.133789,1.05127
1004174606,0.076172,0.162598,1.041504
1004179606,0.075928,0.175293,1.041504
1004184606,0.084473,0.169434,1.054688
1004189606,0.085937,0.148437,1.047852
1004194606,0.077881,0.156006,1.040039
1004199606,0.077637,0.142334,1.024902
1004204606,0.082031,0.146484,1.050781
1004209606,0.088379,0.160156,1.044922
1004214606,0.066406,0.169678,1.036377
1004219606,0.077148,0.162354,1.041748
1004224606,0.084717,0.154297,1.03125
1004229606,0.081787,0.139893,1.018066
1004234606,0.083496,0.155273,1.031494
1004239606,0.089111,0.157227,1.039063
1004244606,0.081543,0.161865,1.033936
1004249606,0.082031,0.16748,1.040039
1004254606,0.076172,0.158203,1.030029
1004259606,0.085205,0.150391,1.032471
1004264606,0.075195,0.147461,1.02417
1004269606,0.083252,0.152344,1.023682
1004274606,0.078857,0.162598,1.041748
1004279606,0.080322,0.162109,1.040283
1004284606,0.086182,0.163818,1.043945
1004289606,0.080811,0.155762,1.04248
1004294606,0.081055,0.149902,1.035645
1004299606,0.083008,0.151367,1.03125
1004304606,0.080078,0.151611,1.028076
1004309606,0.083984,0.163818,1.034668
1004314606,0.081787,0.165527,1.041992
1004319606,0.083252,0.155518,1.032471
1004324606,0.08667,0.1521,1.030273
1004329606,0.084473,0.155273,1.03125
1004334606,0.087646,0.152588,1.032227
1004339606,0.083496,0.155762,1.03418
1004344606,0.079102,0.162109,1.042236
1004349606,0.080566,0.163086,1.033447
1004354606,0.081787,0.156494,1.036377
1004359606,0.083252,0.148926,1.042725
1004364606,0.085693,0.156738,1.032471
1004369606,0.080322,0.155518,1.043213
1004374606,0.083496,0.162842,1.04126
1004379606,0.080078,0.158936,1.041992
1004384606,0.084473,0.156006,1.033447
1004389606,0.084961,0.152588,1.035645
1004394606,0.086426,0.154785,1.041748
1004399606,0.08374,0.160889,1.039795
1004404606,0.080566,0.159424,1.033203
1004409606,0.076416,0.155029,1.036621
1004414606,0.083252,0.15625,1.042725
1004419606,0.083252,0.156982,1.036133
1004424606,0.07959,0.15332,1.034424
1004429606,0.087646,0.155762,1.03125
1004434606,0.078857,0.154053,1.03125
1004439606,0.080322,0.154785,1.034668
1004444606,0.081055,0.157227,1.040039
1004449606,0.081543,0.159668,1.030273
1004454606,0.081543,0.156006,1.037842
1004459606,0.085449,0.160156,1.033447
1004464606,0.08374,0.155762,1.037109
1004469606,0.084717,0.157227,1.037354
1004474606,0.083984,0.157715,1.038086
1004479606,0.080078,0.157715,1.031738
1004484606,0.08252,0.15625,1.036865
1004489606,0.085205,0.158691,1.035889
1004494606,0.078125,0.151123,1.032959
1004499606,0.086914,0.152832,1.043213
1004504606,0.083984,0.159668,1.037842
1004509606,0.082764,0.1604,1.031982
1004514606,0.086182,0.153564,1.038086
1004519606,0.082031,0.155029,1.043213
1004524606,0.080078,0.155273,1.038086
1004529606,0.081543,0.155762,1.035156
1004534606,0.079346,0.155029,1.035156
1004539606,0.078369,0.157471,1.032471
1004544606,0.079834,0.156006,1.035889
1004549606,0.082275,0.156494,1.031738
1004554606,0.084717,0.15918,1.035645
1004559606,0.083984,0.154297,1.042236
1004564606,0.080566,0.156982,1.038818
1004569606,0.077393,0.154297,1.032471
1004574606,0.082275,0.156738,1.039307
1004579606,0.080322,0.156982,1.038086
1004584606,0.081055,0.156006,1.034668
1004589606,0.082031,0.158203,1.041748
1004594606,0.081299,0.153809,1.030029
1004599606,0.083008,0.160645,1.036865
1004604606,0.079834,0.156738,1.039795
1004609606,0.078857,0.158936,1.028809
1004614606,0.082031,0.154053,1.030518
1004619606,0.080811,0.154297,1.043457
1004624606,0.082031,0.155273,1.037109
1004629606,0.078857,0.1604,1.0354
1004634606,0.080322,0.15332,1.033691
1004639606,0.081055,0.150635,1.036865
1004644606,0.079834,0.152588,1.041992
1004649606,0.081787,0.152344,1.040039
1004654606,0.07959,0.153076,1.035645
1004659606,0.082031,0.150146,1.034912
1004664606,0.08252,0.155273,1.040283
1004669606,0.083984,0.157471,1.032471
1004674606,0.082031,0.158203,1.030273
1004679606,0.077393,0.160645,1.023926
1004684606,0.081787,0.15918,1.037109
1004689606,0.077148,0.153809,1.030273
1004694606,0.084229,0.15625,1.035889
1004699606,0.083008,0.15918,1.041992
1004704606,0.079346,0.158203,1.038086
1004709606,0.083252,0.156494,1.03418
1004714606,0.084717,0.154785,1.036377
1004719606,0.08374,0.156738,1.034668
1004724606,0.083252,0.160156,1.034912
1004729606,0.080566,0.156738,1.043213
1004734606,0.082275,0.156494,1.036865
1004739606,0.081299,0.154785,1.040527
1004744606,0.07959,0.155273,1.039795
1004749606,0.078369,0.159912,1.030029
1004754606,0.082764,0.1604,1.042236
1004759606,0.082031,0.154541,1.0354
1004764606,0.083008,0.154297,1.030518
1004769606,0.083252,0.155762,1.044434
1004774606,0.079834,0.155029,1.039551
1004779606,0.081787,0.156738,1.03418
1004784606,0.084473,0.157959,1.039551
1004789606,0.085205,0.157471,1.040771
1004794606,0.082031,0.159424,1.037842
1004799606,0.081543,0.154053,1.043945
1004804606,0.076416,0.156006,1.039307
1004809606,0.080566,0.15918,1.032227
1004814606,0.078613,0.154785,1.0354
1004819606,0.083252,0.156006,1.037354
1004824606,0.081543,0.157959,1.034668
1004829606,0.082764,0.157471,1.038818
1004834606,0.08667,0.155518,1.035889
1004839606,0.081787,0.154297,1.03418
1004844606,0.08252,0.157471,1.038818
1004849606,0.082764,0.15625,1.037842
1004854606,0.079834,0.156006,1.027588
1004859606,0.079834,0.15332,1.039307
1004864606,0.082275,0.152588,1.037842
1004869606,0.084961,0.156006,1.034668
1004874606,0.081055,0.159668,1.038574
1004879606,0.078125,0.157227,1.032715
1004884606,0.079102,0.159912,1.039063
1004889606,0.082764,0.154785,1.035889
1004894606,0.083252,0.158691,1.041504
1004899606,0.077881,0.158447,1.033447
1004904606,0.077637,0.160645,1.036377
1004909606,0.081787,0.159424,1.042969
1004914606,0.081543,0.161377,1.030029
1004919606,0.086426,0.157227,1.039551
1004924606,0.08252,0.15625,1.033447
1004929606,0.082764,0.154785,1.029785
1004934606,0.08374,0.154053,1.033447
1004939606,0.081787,0.155273,1.033447
1004944606,0.084473,0.159668,1.038574
1004949606,0.08252,0.15332,1.030518
1004954606,0.07959,0.15625,1.034912
1004959606,0.080566,0.153809,1.031494
1004964606,0.08374,0.157959,1.034912
1004969606,0.081299,0.156738,1.039795
1004974606,0.082275,0.1604,1.035645
1004979606,0.07666,0.157227,1.034912
1004984606,0.083984,0.156494,1.033447
1004989606,0.084717,0.156006,1.039795
1004994606,0.08252,0.15625,1.032959
1004999606,0.083008,0.15625,1.033936
1005004606,0.085693,0.15918,1.032471
1005009606,0.084229,0.156738,1.033447
1005014606,0.081543,0.156738,1.0354
1005019606,0.080078,0.161133,1.035645
1005024606,0.080811,0.156738,1.035889
1005029606,0.082275,0.158203,1.036133
1005034606,0.08374,0.156494,1.036377
1005039606,0.083008,0.163574,1.02832
1005044606,0.081055,0.152832,1.034424
1005049606,0.08252,0.155518,1.0354
1005054606,0.082275,0.155518,1.033691
1005059606,0.080566,0.152832,1.034912
1005064606,0.079102,0.155762,1.039063
1005069606,0.079834,0.160645,1.030029
1005074606,0.088623,0.157471,1.038574
1005079606,0.083984,0.156982,1.035156
1005084606,0.083008,0.158691,1.031982
1005089606,0.081787,0.162354,1.031982
1005094606,0.080811,0.156982,1.034668
1005099606,0.079346,0.159912,1.03833
1005104606,0.079102,0.157227,1.032959
1005109606,0.085937,0.156738,1.034668
1005114606,0.086426,0.156494,1.038086
1005119606,0.081055,0.154297,1.035156
1005124606,0.078125,0.157471,1.038574
1005129606,0.081543,0.15625,1.040283
1005134606,0.080811,0.15625,1.037109
1005139606,0.07959,0.154053,1.039795
1005144606,0.08252,0.156494,1.037109
1005149606,0.080811,0.156494,1.037842
1005154606,0.083252,0.15918,1.037354
1005159606,0.080811,0.157227,1.032959
1005164606,0.081787,0.155762,1.041992
1005169606,0.082031,0.15625,1.041016
1005174606,0.080322,0.160645,1.036621
1005179606,0.079834,0.158203,1.044189
1005184606,0.081055,0.156006,1.038086
1005189606,0.081299,0.153809,1.040039
1005194606,0.08374,0.157715,1.0354
1005199606,0.082275,0.157959,1.039307
1005204606,0.085449,0.155518,1.046387
1005209606,0.08374,0.156494,1.032959
1005214606,0.081543,0.158691,1.034668
1005219606,0.075195,0.155029,1.042725
1005224606,0.085205,0.154541,1.043945
1005229606,0.083984,0.155273,1.038818
1005234606,0.07959,0.159424,1.036377
1005239606,0.084229,0.158203,1.035889
1005244606,0.084473,0.156982,1.032715
1005249606,0.084717,0.15625,1.035156
1005254606,0.086426,0.155518,1.037842
1005259606,0.084473,0.155273,1.04126
1005264606,0.080322,0.158447,1.036133
1005269606,0.08667,0.154297,1.038574
1005274606,0.080811,0.15918,1.039063
1005279606,0.081299,0.155762,1.036377
1005284606,0.080078,0.158447,1.04248
1005289606,0.080078,0.157471,1.040771
1005294606,0.083252,0.157471,1.035889
1005299606,0.077393,0.158691,1.044189
1005304606,0.082764,0.157227,1.033691
1005309606,0.081787,0.15918,1.0354
1005314606,0.080811,0.153809,1.036133
1005319606,0.080078,0.153076,1.04248
1005324606,0.081543,0.157227,1.032959
1005329606,0.084961,0.160156,1.041748
1005334606,0.079346,0.158447,1.033447
1005339606,0.083496,0.157227,1.03833
1005344606,0.085693,0.154785,1.037354
1005349606,0.080811,0.159668,1.043457
1005354606,0.082764,0.154053,1.038086
1005359606,0.080566,0.159912,1.040283
1005364606,0.082031,0.155029,1.040527
1005369606,0.078613,0.156982,1.03418
1005374606,0.080566,0.157715,1.035889
1005379606,0.080078,0.152588,1.02832
1005384606,0.077148,0.156494,1.032715
1005389606,0.079102,0.160156,1.038818
1005394606,0.088867,0.161621,1.058594
1005399606,0.083496,0.15332,1.025635
1005404606,0.07251,0.153809,1.036621
1005409606,0.081299,0.154053,1.041016
1005414606,0.081299,0.151611,1.030029
1005419606,0.083984,0.158203,1.043945
1005424606,0.084961,0.156006,1.036621
1005429606,0.087158,0.147949,1.033936
1005434606,0.084961,0.152344,1.035645
1005439606,0.085449,0.149414,1.040283
1005444606,0.087158,0.150391,1.0354
1005449606,0.085205,0.153564,1.034668
1005454606,0.083252,0.155029,1.039063
1005459606,0.07959,0.158447,1.027588
1005464606,0.079102,0.158203,1.040771
1005469606,0.080566,0.162598,1.046143
1005474606,0.073242,0.159668,1.036621
1005479606,0.075928,0.163574,1.036621
1005484606,0.078857,0.155762,1.030273
1005489606,0.085449,0.163818,1.062988
1005494606,0.073975,0.153564,1.016357
1005499606,0.082275,0.155762,1.037842
1005504606,0.081055,0.162354,1.039795
1005509606,0.086182,0.141602,1.033936
1005514606,0.080811,0.155518,1.053955
1005519606,0.085693,0.146484,1.041504
1005524606,0.083008,0.14624,1.039551
1005529606,0.084717,0.150879,1.030518
1005534606,0.081787,0.150635,1.032715
1005539606,0.083252,0.157227,1.041748
1005544606,0.083496,0.162598,1.04126
1005549606,0.075195,0.16626,1.036377
1005554606,0.075439,0.160645,1.030029
1005559606,0.080078,0.163574,1.038574
1005564606,0.080078,0.159668,1.038574
1005569606,0.079834,0.158691,1.04834
1005574606,0.083008,0.157471,1.046631
1005579606,0.080322,0.150635,1.032959
1005584606,0.081543,0.149658,1.029297
1005589606,0.086426,0.148193,1.038574
1005594606,0.087158,0.148437,1.040527
1005599606,0.087646,0.148193,1.037354
1005604606,0.084473,0.155762,1.0354
1005609606,0.08252,0.156738,1.036621
1005614606,0.085205,0.152344,1.03418
1005619606,0.082275,0.164551,1.037109
1005624606,0.077637,0.160645,1.039551
1005629606,0.074463,0.159668,1.036865
1005634606,0.075195,0.162598,1.035645
1005639606,0.077637,0.160645,1.040283
1005644606,0.079834,0.158936,1.037109
1005649606,0.082275,0.158691,1.038574
1005654606,0.081543,0.15332,1.044922
1005659606,0.084473,0.149414,1.034912
1005664606,0.08374,0.148926,1.029785
1005669606,0.083984,0.1521,1.037354
1005674606,0.084473,0.148926,1.033203
1005679606,0.081787,0.157227,1.029541
1005684606,0.082275,0.154541,1.039063
1005689606,0.082031,0.15918,1.037598
1005694606,0.077637,0.162109,1.0354
1005699606,0.07959,0.163818,1.038086
1005704606,0.080566,0.161377,1.039795
1005709606,0.075684,0.161133,1.035889
1005714606,0.077148,0.157959,1.037354
1005719606,0.080566,0.152588,1.038818
1005724606,0.083008,0.156494,1.034668
1005729606,0.081787,0.15332,1.043945
1005734606,0.078125,0.151611,1.032715
1005739606,2.90625,1.945557,3.765869
1005744606,0.724609,2.289307,-4.0
1005749606,0.129883,0.389648,-3.538574
1005754606,-0.518311,2.097168,-1.864746
1005759606,-1.213379,1.925293,0.97168
1005764606,-1.723389,1.166016,-2.598633
1005769606,-0.916504,0.337158,1.249512
1005774606,0.087646,0.072754,1.146729
1005779606,0.096436,0.156494,1.000732
1005784606,0.049316,0.102539,0.835693
1005789606,0.046387,0.156738,0.971436
1005794606,0.07959,0.15918,1.049316
1005799606,0.090088,0.247314,1.053711
1005804606,-1.125,2.235107,3.18457
1005809606,-1.886475,0.539062,-0.156494
1005814606,-0.12793,0.383545,1.187744
1005819606,0.154785,0.068604,1.001465
1005824606,0.050293,0.184082,1.063477
1005829606,-0.028564,0.049316,-0.227539
1005834606,-0.304688,0.225342,1.18457
1005839606,0.087402,0.073242,0.983398
1005844606,-0.998291,1.417969,-1.775879
1005849606,-0.597412,1.435547,-0.542969
1005854606,-1.172363,1.6521,1.138184
1005859606,-0.260742,0.115967,1.021973
1005864606,0.044678,0.158936,1.065918
1005869606,0.07373,0.173828,1.026367
1005874606,0.063965,0.17334,1.027832
1005879606,0.090088,0.155273,1.025146
1005884606,0.092041,0.119141,1.018799
1005889606,0.080322,0.174316,1.044434
1005894606,0.098389,0.111572,1.004395
1005899606,0.082031,0.135742,1.046143
1005904606,0.097168,0.137451,1.014648
1005909606,0.077148,0.17334,1.05249
1005914606,0.081787,0.174316,1.059082
1005919606,0.083008,0.165771,1.044189
1005924606,0.085449,0.150879,1.043945
1005929606,0.076904,0.145752,1.080811
1005934606,0.177002,0.138428,1.088379
1005939606,0.023682,1.48999,-2.594727
1005944606,-1.814453,0.120361,1.041504
1005949606,-0.478027,0.130371,1.088623
1005954606,0.049805,0.181885,1.009033
1005959606,0.124756,0.180664,1.10083
1005964606,0.066895,0.15625,1.043457
1005969606,0.101563,0.095215,1.005371
1005974606,0.09375,0.172363,1.02832
1005979606,0.072754,0.177979,1.053223
1005984606,0.063477,0.20166,1.078369
1005989606,0.094727,0.142334,1.029785
1005994606,0.094238,0.126709,1.017578
1005999606,0.092773,0.122559,1.021484
1006004606,0.0896,0.161621,1.046875
1006009606,0.061523,0.149902,1.010254
1006014606,-0.26416,0.243408,0.196289
1006019606,-1.150391,2.442139,0.377441
1006024606,0.146973,1.154785,0.88916
1006029606,0.047607,0.283447,1.071777
1006034606,0.144287,0.164795,1.142578
1006039606,0.054932,0.20166,1.053467
1006044606,0.103516,0.096436,1.033691
1006049606,0.088623,0.178711,1.031006
1006054606,0.089111,0.179199,1.037109
1006059606,0.056396,0.184082,1.072998
1006064606,0.081543,0.135254,1.013428
1006069606,0.078613,0.020508,0.838623
1006074606,0.134277,0.29126,0.802979
1006079606,0.078613,0.066406,0.986816
1006084606,-0.007324,0.305176,1.181885
1006089606,0.125,0.154785,1.010498
1006094606,0.063965,0.192871,1.062988
1006099606,0.101318,0.096436,0.98291
1006104606,0.064453,0.150635,1.087402
1006109606,0.048096,0.178955,1.134521
1006114606,0.077393,0.110596,-1.719971
1006119606,-0.144287,1.997559,1.160645
1006124606,0.078125,0.489258,1.005127
1006129606,0.072266,0.163574,1.106934
1006134606,0.11084,0.123779,1.024902
1006139606,0.096191,0.108154,1.028564
1006144606,0.104736,0.150879,1.080811
1006149606,0.023926,0.184814,1.083496
1006154606,0.133789,1.027344,1.166748
1006159606,0.092773,0.113037,1.0
1006164606,0.090088,0.176514,1.054932
1006169606,0.071533,0.175049,1.021973
1006174606,0.095459,0.119385,1.037354
1006179606,0.110596,0.186768,1.19043
1006184606,0.084229,0.211182,1.043701
1006189606,0.045654,0.204102,1.00293
1006194606,0.128174,0.183105,1.114014
1006199606,0.069336,0.162598,0.969238
1006204606,0.096191,0.110596,1.078369
1006209606,0.153076,0.147705,1.115723
1006214606,0.087158,0.12915,1.029541
1006219606,0.067627,0.536865,1.09668
1006224606,0.078613,0.186768,1.023926
1006229606,0.074951,0.153809,1.030273
1006234606,0.092773,0.130371,1.018799
1006239606,0.070557,0.13501,1.020752
1006244606,0.084717,0.123291,1.015625
1006249606,0.080322,0.174561,1.043701
1006254606,0.08374,0.161621,1.039795
1006259606,0.062012,0.172119,1.04541
1006264606,0.089844,0.156738,1.030762
1006269606,0.088623,0.134521,1.027344
1006274606,0.076904,0.140625,1.030029
1006279606,0.083252,0.140137,1.025879
1006284606,0.074219,0.17749,1.046631
1006289606,0.081787,0.161865,1.030518
1006294606,0.065186,0.167236,1.041016
1006299606,0.091064,0.153564,1.025391
1006304606,0.081787,0.142334,1.028564
1006309606,0.082275,0.138916,1.033447
1006314606,0.079834,0.143799,1.031738
1006319606,0.078125,0.171143,1.041992
1006324606,0.076904,0.160156,1.039795
1006329606,0.075684,0.164795,1.038818
1006334606,0.085937,0.156006,1.0271
1006339606,0.077148,0.147949,1.043213
1006344606,0.086182,0.145264,1.031494
1006349606,0.080078,0.151611,1.033936
1006354606,0.081543,0.162354,1.039795
1006359606,0.080322,0.157715,1.045166
1006364606,0.077637,0.162842,1.040771
1006369606,0.084229,0.154297,1.034912
1006374606,0.080566,0.156738,1.041016
1006379606,0.086182,0.153076,1.035889
1006384606,0.078857,0.161865,1.047363
1006389606,0.086426,0.160156,1.040527
1006394606,0.078857,0.156982,1.035645
1006399606,0.079102,0.15625,1.037354
1006404606,0.081543,0.15332,1.029541
1006409606,0.081299,0.149902,1.038086
1006414606,0.081299,0.147949,1.0271
1006419606,0.082031,0.156982,1.034912
1006424606,0.080322,0.157959,1.036133
1006429606,0.079346,0.156494,1.0354
1006434606,0.082275,0.154053,1.035645
1006439606,0.079102,0.156982,1.03418
1006444606,0.076416,0.151123,1.034912
1006449606,0.077148,0.154053,1.034912
1006454606,0.076904,0.155029,1.037842
1006459606,0.078857,0.154785,1.040771
1006464606,0.081787,0.154297,1.036377
1006469606,0.077393,0.154785,1.041748
1006474606,0.081787,0.1521,1.03833
1006479606,0.084717,0.154053,1.032715
1006484606,0.080566,0.152588,1.035156
1006489606,0.081055,0.158203,1.04126
1006494606,0.078613,0.155518,1.042236
1006499606,0.083496,0.161865,1.036621
1006504606,0.08252,0.158203,1.045898
1006509606,0.081543,0.157471,1.040527
1006514606,0.08252,0.157471,1.034668
1006519606,0.079102,0.159912,1.033691
1006524606,0.081543,0.157227,1.027588
1006529606,0.080322,0.155762,1.039307
1006534606,0.082764,0.153076,1.044678
1006539606,0.078125,0.155029,1.032471
1006544606,0.084229,0.153809,1.036377
1006549606,0.079346,0.156006,1.042969
1006554606,0.079346,0.159668,1.037354
1006559606,0.079102,0.162109,1.039551
1006564606,0.07959,0.158691,1.041504
1006569606,0.084229,0.157959,1.041504
1006574606,0.082031,0.159424,1.033691
1006579606,0.084961,0.156006,1.036865
1006584606,0.080078,0.156738,1.036377
1006589606,0.082031,0.155518,1.032227
1006594606,0.078125,0.155762,1.045898
1006599606,0.078125,0.155762,1.037109
1006604606,0.082031,0.155029,1.041504
1006609606,0.080566,0.153809,1.039063
1006614606,0.080322,0.1521,1.030518
1006619606,0.081299,0.149902,1.041504
1006624606,0.080322,0.152588,1.03833
1006629606,0.083984,0.153564,1.037109
1006634606,0.079834,0.149414,1.034912
1006639606,0.084961,0.155518,1.033203
1006644606,0.083008,0.157227,1.033936
1006649606,0.084717,0.155518,1.038574
1006654606,0.079346,0.158691,1.037109
1006659606,0.080078,0.158691,1.041504
1006664606,0.083252,0.156494,1.038574
1006669606,0.078613,0.15332,1.038818
1006674606,0.082275,0.15332,1.034912
1006679606,0.081787,0.150635,1.034668
1006684606,0.081787,0.150879,1.036133
1006689606,0.083496,0.155518,1.039063
1006694606,0.07666,0.154297,1.037109
1006699606,0.07959,0.154541,1.033691
1006704606,0.080078,0.156738,1.038086
1006709606,0.078857,0.155518,1.035889
1006714606,0.079834,0.157959,1.039307
1006719606,0.083252,0.154785,1.04126
1006724606,0.08252,0.155273,1.033936
1006729606,0.085937,0.153564,1.039063
1006734606,0.084961,0.155518,1.03833
1006739606,0.081299,0.156738,1.044434
1006744606,0.080078,0.156738,1.037354
1006749606,0.080078,0.154785,1.037842
1006754606,0.078613,0.154541,1.032959
1006759606,0.08252,0.154785,1.033203
1006764606,0.078857,0.155762,1.033447
1006769606,0.07959,0.157959,1.033203
1006774606,0.087891,0.156006,1.031982
1006779606,0.077637,0.151367,1.030518
1006784606,0.080811,0.155518,1.033203
1006789606,0.079102,0.154297,1.036377
1006794606,0.083984,0.155518,1.035889
1006799606,0.083252,0.155273,1.040771
1006804606,0.082031,0.153809,1.047852
1006809606,0.082275,0.15625,1.032471
1006814606,0.082275,0.154053,1.037598
1006819606,0.081543,0.154785,1.040039
1006824606,0.081787,0.157227,1.037109
1006829606,0.07959,0.157471,1.042969
1006834606,0.080811,0.155273,1.032715
1006839606,0.080566,0.156738,1.038574
1006844606,0.079102,0.153076,1.036133
1006849606,0.083496,0.157715,1.04248
1006854606,0.079834,0.152344,1.036133
1006859606,0.079834,0.155762,1.034668
1006864606,0.083008,0.157959,1.036865
1006869606,0.07666,0.155518,1.032715
1006874606,0.081543,0.154053,1.039307
1006879606,0.07373,0.156982,1.038086
1006884606,0.078613,0.155518,1.038574
1006889606,0.078369,0.152588,1.037598
1006894606,0.080811,0.154053,1.036133
1006899606,0.083252,0.151855,1.035645
1006904606,0.079834,0.15625,1.035889
1006909606,0.082275,0.154053,1.037109
1006914606,0.079834,0.157715,1.038086
1006919606,0.084717,0.159424,1.037354
1006924606,0.080078,0.158447,1.032715
1006929606,0.086914,0.159424,1.04248
1006934606,0.083984,0.156006,1.035645
1006939606,0.085937,0.156494,1.035889
1006944606,0.083984,0.160645,1.044922
1006949606,0.081543,0.158936,1.037354
1006954606,0.083984,0.154541,1.047607
1006959606,0.086914,0.158936,1.041748
1006964606,0.087646,0.154053,1.044678
1006969606,0.085693,0.155029,1.041748
1006974606,0.083984,0.155518,1.042969
1006979606,0.082275,0.156982,1.034668
1006984606,0.079346,0.157227,1.037598
1006989606,0.07666,0.159912,1.030518
1006994606,0.084961,0.1521,1.047363
1006999606,0.082031,0.151123,1.048096
1007004606,0.084229,0.156738,1.03418
1007009606,0.082275,0.1604,1.039063
1007014606,0.081543,0.158203,1.039795
1007019606,0.077881,0.158447,1.036865
1007024606,0.077881,0.157227,1.033447
1007029606,0.082764,0.155762,1.036865
1007034606,0.081787,0.155273,1.040039
1007039606,0.080566,0.1521,1.033203
1007044606,0.082764,0.157959,1.035645
1007049606,0.084473,0.153809,1.036865
1007054606,0.085205,0.1521,1.035156
1007059606,0.083252,0.159668,1.038818
1007064606,0.081055,0.155273,1.045166
1007069606,0.077637,0.157227,1.045654
1007074606,0.081299,0.155029,1.036865
1007079606,0.078125,0.153564,1.037598
1007084606,0.082031,0.157471,1.038086
1007089606,0.080322,0.155029,1.029785
1007094606,0.076904,0.152832,1.03833
1007099606,0.081543,0.157959,1.041504
1007104606,0.086426,0.155518,1.034424
1007109606,0.080566,0.157715,1.041016
1007114606,0.081543,0.157471,1.037842
1007119606,0.081787,0.155273,1.035156
1007124606,0.080811,0.156738,1.036133
1007129606,0.084229,0.159424,1.046143
1007134606,-0.147217,2.864502,3.999878
1007139606,-0.084961,1.584961,3.999878
1007144606,0.194336,2.362793,0.978027
1007149606,-0.672852,2.531006,-4.0
1007154606,-0.025146,1.94458,-2.322754
1007159606,-0.790771,-0.018555,1.345703
1007164606,-1.242676,0.111572,-2.707275
1007169606,-0.578369,0.21167,1.0354
1007174606,0.110596,0.127441,0.913818
1007179606,0.019775,0.107178,0.947266
1007184606,0.115723,0.112305,1.048828
1007189606,0.0625,0.246094,1.068359
1007194606,0.687744,1.56665,-2.069092
1007199606,-0.051514,0.343506,0.90918
1007204606,-0.073242,0.187744,1.093018
1007209606,0.112549,0.054443,0.989746
1007214606,0.095459,0.155029,1.050781
1007219606,-0.491455,0.156982,-2.091309
1007224606,-1.373291,0.51001,-0.806641
1007229606,-1.593262,2.309326,1.014648
1007234606,-0.081055,0.825928,1.138428
1007239606,0.123779,0.203613,0.985596
1007244606,0.075195,0.0354,0.963379
1007249606,0.02832,0.355957,1.2854
1007254606,0.11792,0.095703,0.995117
1007259606,0.054932,0.198975,1.091553
1007264606,0.110596,0.12915,1.009033
1007269606,0.080566,0.125732,1.029541
1007274606,0.05835,0.21582,1.094971
1007279606,0.093018,0.154297,1.040039
1007284606,0.085693,0.141602,1.022217
1007289606,0.090332,0.127197,0.997803
1007294606,0.084229,0.165283,1.044922
1007299606,0.091064,0.13501,1.043701
1007304606,0.087402,0.170654,1.056396
1007309606,0.083496,0.171387,0.996582
1007314606,0.01709,0.157227,0.977295
1007319606,0.156982,0.17334,0.406006
1007324606,-1.4104,2.389404,1.050049
1007329606,0.000977,0.075928,1.030029
1007334606,0.084229,0.166748,1.008057
1007339606,0.088867,0.134766,1.006104
1007344606,0.046387,0.20874,1.084229
1007349606,0.098877,0.174316,1.022217
1007354606,0.090088,0.125977,1.018066
1007359606,0.091553,0.133301,1.01123
1007364606,0.084229,0.153809,1.042725
1007369606,0.065186,0.171631,1.061523
1007374606,0.083496,0.194824,1.064209
1007379606,0.072754,0.156006,1.040039
1007384606,0.077637,0.154541,1.031494
1007389606,0.090088,0.174561,1.016846
1007394606,0.093262,0.141113,1.106445
1007399606,-1.05249,1.367188,0.615234
1007404606,-1.042969,0.387939,1.224854
1007409606,0.067627,0.190186,1.029053
1007414606,0.088379,0.176758,1.008057
1007419606,0.084229,0.111572,0.988281
1007424606,0.074707,0.200928,1.079102
1007429606,0.108398,0.129395,1.044922
1007434606,0.066162,0.158936,1.043457
1007439606,0.090576,0.165283,1.037598
1007444606,0.075928,0.16626,1.038574
1007449606,0.070312,0.162109,1.017578
1007454606,0.104004,0.143066,1.064941
1007459606,0.053223,0.138428,1.032227
1007464606,0.176025,0.797119,1.244629
1007469606,0.002197,0.290039,-0.446289
1007474606,0.125,0.248535,1.163818
1007479606,0.056152,0.141113,1.023682
1007484606,0.071533,0.160645,0.97168
1007489606,0.0979,0.098389,1.023438
1007494606,0.061523,0.227783,1.08667
1007499606,0.093262,0.150635,1.011475
1007504606,0.084229,0.154297,1.063965
1007509606,0.098145,0.14624,1.048096
1007514606,0.070068,0.161377,1.05542
1007519606,0.074707,0.138672,1.110352
1007524606,0.094971,0.138428,1.058838
1007529606,0.110107,0.222656,1.135498
1007534606,-0.017822,0.89917,0.951416
1007539606,0.070801,0.180908,0.999756
1007544606,0.065674,1.310303,1.009521
1007549606,0.120605,0.229004,0.988037
1007554606,0.060059,0.150635,1.041504
1007559606,0.080566,0.18042,1.061035
1007564606,0.083008,0.141357,1.005127
1007569606,0.087646,0.12207,1.061035
1007574606,0.071289,0.152344,1.018799
1007579606,0.065186,0.212646,1.075684
1007584606,0.085449,0.152832,1.032959
1007589606,0.105957,0.432617,1.197021
1007594606,0.100098,0.448486,1.061279
1007599606,0.086182,0.138428,1.104248
1007604606,0.089355,0.163574,0.991211
1007609606,0.067871,0.157471,1.042236
1007614606,0.076904,0.170654,1.045654
1007619606,0.085449,0.141113,1.0354
1007624606,0.103027,0.159424,1.047363
1007629606,0.081055,0.157715,1.023926
1007634606,0.193848,0.114014,1.09375
1007639606,0.06665,1.932617,1.016602
1007644606,0.103027,0.155518,1.092285
1007649606,0.080078,0.167725,1.023682
1007654606,0.109619,0.147217,1.043945
1007659606,0.077393,0.157715,1.029541
1007664606,0.082031,0.144043,1.013428
1007669606,0.087158,0.150391,1.047607
1007674606,0.100586,0.145996,1.083496
1007679606,0.092041,0.763672,1.217529
1007684606,-0.150391,0.179687,1.146973
1007689606,-0.04248,0.140625,1.011719
1007694606,0.099609,0.155518,1.013428
1007699606,0.088135,0.133789,1.006592
1007704606,0.077148,0.162354,1.035645
1007709606,0.090088,0.147217,1.006836
1007714606,0.074463,0.15918,1.035889
1007719606,0.12085,0.279053,1.112305
1007724606,0.080078,0.449707,1.192871
1007729606,0.080322,0.556152,1.046875
1007734606,0.095947,0.165283,1.039063
1007739606,0.096191,0.153076,1.074219
1007744606,0.095459,0.188721,1.052246
1007749606,-0.009277,0.166748,0.820557
1007754606,-0.03418,0.144775,0.973877
1007759606,0.067139,0.123535,0.952881
1007764606,0.102783,0.139648,1.008789
1007769606,0.109375,0.125,1.020996
1007774606,0.05835,0.146484,0.991699
1007779606,0.127686,0.297363,1.026855
1007784606,0.085693,0.138672,1.045166
1007789606,0.100098,0.157471,1.046875
1007794606,0.034424,0.117188,1.157471
1007799606,0.135498,0.091064,1.061523
1007804606,0.111328,0.144043,1.052246
1007809606,0.078369,0.155762,1.022705
1007814606,0.104004,0.154785,1.042969
1007819606,0.083252,0.156982,1.027832
1007824606,0.092285,0.148926,1.031982
1007829606,0.086914,0.151855,1.031738
1007834606,0.087158,0.153076,1.031982
1007839606,0.086182,0.165039,1.040527
1007844606,0.083008,0.176758,1.04541
1007849606,0.078125,0.178223,1.041992
1007854606,0.073975,0.16748,1.036133
1007859606,0.083252,0.164551,1.038818
1007864606,0.078369,0.168213,1.043213
1007869606,0.077148,0.162109,1.043701
1007874606,0.082031,0.169434,1.05127
1007879606,0.08252,0.155029,1.037842
1007884606,0.087402,0.162598,1.037598
1007889606,0.092285,0.141602,1.033691
1007894606,0.102783,0.170166,1.056641
1007899606,0.088135,0.134521,1.031738
1007904606,0.097412,0.153809,1.052002
1007909606,0.103271,0.1604,1.039063
1007914606,0.093262,0.168213,1.026855
1007919606,0.083008,0.151855,1.042969
1007924606,0.084961,0.163818,1.043945
1007929606,0.08667,0.147705,1.040039
1007934606,0.087646,0.156494,1.046631
1007939606,0.087158,0.152588,1.040771
1007944606,0.087646,0.163086,1.045898
1007949606,0.08667,0.159424,1.047852
1007954606,0.088379,0.154541,1.038818
1007959606,0.093994,0.14624,1.034912
1007964606,0.087646,0.154297,1.023682
1007969606,0.089844,0.136719,1.02417
1007974606,0.0896,0.134521,1.021973
1007979606,0.092285,0.155273,1.044678
1007984606,0.0896,0.155029,1.044922
1007989606,0.083984,0.155273,1.045166
1007994606,0.089844,0.154297,1.037842
1007999606,0.086182,0.155029,1.053223
1008004606,0.081787,0.156982,1.048096
1008009606,0.083252,0.161377,1.049316
1008014606,0.083252,0.168701,1.050049
1008019606,0.076904,0.171387,1.056641
1008024606,0.076904,0.165771,1.04834
1008029606,0.086426,0.153076,1.033691
1008034606,0.084473,0.152832,1.042969
1008039606,0.08667,0.155273,1.042969
1008044606,0.088867,0.151855,1.041504
1008049606,0.082031,0.157227,1.038818
1008054606,0.090332,0.146484,1.036865
1008059606,0.084717,0.157715,1.023926
1008064606,0.084473,0.147705,1.014648
1008069606,0.086914,0.142578,1.020508
1008074606,0.09375,0.148437,1.015137
1008079606,0.090332,0.150391,1.016602
1008084606,0.095459,0.146484,1.014648
1008089606,0.100342,0.130859,1.029541
1008094606,0.104248,0.114502,0.997803
1008099606,0.088623,0.13623,1.018555
1008104606,0.094727,0.148926,1.033936
1008109606,0.097656,0.145996,1.031982
1008114606,0.087402,0.141602,1.039551
1008119606,0.08252,0.165527,1.047363
1008124606,0.077393,0.178955,1.0625
1008129606,0.071045,0.183105,1.061768
1008134606,0.079834,0.180908,1.052246
1008139606,0.077148,0.185059,1.039551
1008144606,0.080322,0.177002,1.046143
1008149606,0.081055,0.158936,1.031738
1008154606,0.090576,0.151123,1.036621
1008159606,0.089111,0.151611,1.033691
1008164606,0.091553,0.147949,1.035889
1008169606,0.095459,0.13501,1.034424
1008174606,0.099609,0.132812,1.027344
1008179606,0.095703,0.133057,1.030029
1008184606,0.094971,0.137695,1.028809
1008189606,0.0896,0.141846,1.029541
1008194606,0.100098,0.133301,1.02124
1008199606,0.102783,0.12085,1.006592
1008204606,0.109619,0.12207,1.004639
1008209606,0.103027,0.12085,1.018066
1008214606,0.097656,0.125488,1.020996
1008219606,0.093994,0.14209,1.02832
1008224606,0.090088,0.147217,1.036621
1008229606,0.105713,0.147217,1.031494
1008234606,0.060303,0.197021,1.075195
1008239606,0.02002,0.27832,1.0896
1008244606,0.088867,0.15918,0.98999
1008249606,0.075439,0.208984,1.061035
1008254606,0.074707,0.169189,1.030029
1008259606,0.070312,0.165039,1.054199
1008264606,0.075195,0.17749,1.062012
1008269606,0.097412,0.170898,1.020264
1008274606,0.115234,0.144531,1.062256
1008279606,0.104248,0.108154,1.013184
1008284606,0.118408,0.086426,0.984863
1008289606,0.105713,0.106934,1.000977
1008294606,0.091553,0.156494,1.038086
1008299606,0.077148,0.183594,1.05957
1008304606,0.084961,0.17041,1.041748
1008309606,0.092773,0.150146,1.030273
1008314606,0.097412,0.13916,1.02124
1008319606,0.086182,0.151855,1.031982
1008324606,0.075439,0.174316,1.054199
1008329606,0.068848,0.22583,1.070313
1008334606,0.084473,0.193115,1.045654
1008339606,0.06665,0.195557,1.068848
1008344606,0.098877,0.132568,1.031494
1008349606,0.087891,0.14917,1.041016
1008354606,0.096924,0.14209,1.029785
1008359606,0.087646,0.162354,1.04541
1008364606,0.087402,0.164795,1.039307
1008369606,0.091064,0.158691,1.0354
1008374606,0.094238,0.133057,1.023438
1008379606,0.104248,0.126709,1.015625
1008384606,0.093018,0.136963,1.022217
1008389606,0.094727,0.147217,1.024902
1008394606,0.077881,0.169189,1.049316
1008399606,0.081055,0.171631,1.045654
1008404606,0.083252,0.165527,1.046387
1008409606,0.087158,0.155273,1.035889
1008414606,0.088623,0.148193,1.02417
1008419606,0.085693,0.157715,1.035889
1008424606,0.082764,0.172119,1.047363
1008429606,0.078857,0.172852,1.042236
1008434606,0.080078,0.169678,1.042725
1008439606,0.086426,0.157227,1.039063
1008444606,0.094482,0.144043,1.033936
1008449606,0.095703,0.144775,1.02417
1008454606,0.088867,0.154297,1.027344
1008459606,0.08667,0.16333,1.042236
1008464606,0.088867,0.162109,1.040283
1008469606,0.087646,0.161377,1.033447
1008474606,0.083984,0.150391,1.028564
1008479606,0.090576,0.148193,1.0271
1008484606,0.089844,0.152344,1.028076
1008489606,0.086914,0.1604,1.039307
1008494606,0.084717,0.167236,1.038818
1008499606,0.084229,0.1604,1.044189
1008504606,0.093018,0.155273,1.03833
1008509606,0.091309,0.154541,1.033936
1008514606,0.093018,0.1521,1.034668
1008519606,0.09082,0.157959,1.032959
1008524606,0.084473,0.16333,1.034424
1008529606,0.087402,0.162598,1.037598
1008534606,0.086914,0.156982,1.035645
1008539606,0.086182,0.1521,1.033691
1008544606,0.094727,0.15332,1.030518
1008549606,0.090088,0.158203,1.033203
1008554606,0.085937,0.163818,1.039795
1008559606,0.089355,0.161621,1.043457
1008564606,0.088135,0.160889,1.037598
1008569606,0.089111,0.155762,1.031006
1008574606,0.0896,0.152588,1.032959
1008579606,0.090332,0.153809,1.032471
1008584606,0.088135,0.153564,1.043457
1008589606,0.083984,0.160645,1.037354
1008594606,0.087158,0.156494,1.04248
1008599606,0.087402,0.155029,1.037354
1008604606,0.091309,0.151855,1.030273
1008609606,0.086426,0.156494,1.027588
1008614606,0.086914,0.158936,1.035645
1008619606,0.087891,0.162109,1.036377
1008624606,0.083008,0.155518,1.033936
1008629606,0.083984,0.155518,1.0354
1008634606,0.088135,0.150391,1.031006
1008639606,0.087158,0.154785,1.032227
1008644606,0.086914,0.150879,1.032715
1008649606,0.088135,0.154053,1.037354
1008654606,0.084961,0.158691,1.038818
1008659606,0.091797,0.161377,1.035645
1008664606,0.086182,0.157227,1.042236
1008669606,0.089111,0.154297,1.035156
1008674606,0.086182,0.157715,1.033203
1008679606,0.09082,0.158203,1.04248
1008684606,0.0896,0.161865,1.037842
1008689606,0.086182,0.156494,1.036133
1008694606,0.089844,0.158936,1.030518
1008699606,0.090088,0.153076,1.03125
1008704606,0.088379,0.155762,1.036621
1008709606,0.089844,0.156006,1.031738
1008714606,0.089111,0.158203,1.038818
1008719606,0.091309,0.157471,1.040771
1008724606,0.09082,0.15918,1.033936
1008729606,0.090332,0.157227,1.032959
1008734606,0.09082,0.157227,1.032959
1008739606,0.088623,0.159424,1.038574
1008744606,0.084229,0.159424,1.037354
1008749606,0.090088,0.162109,1.037842
1008754606,0.085693,0.159912,1.039795
1008759606,0.088135,0.159424,1.03418
1008764606,0.093018,0.161377,1.043701
1008769606,0.087402,0.157715,1.037354
1008774606,0.091309,0.165771,1.033447
1008779606,0.088623,0.159668,1.036621
1008784606,0.086426,0.158447,1.039307
1008789606,0.087402,0.156982,1.041748
1008794606,0.094727,0.162842,1.049805
1008799606,0.089844,0.156982,1.041016
1008804606,0.094727,0.156738,1.04126
1008809606,0.092773,0.159668,1.047852
1008814606,0.089844,0.157227,1.038574
1008819606,0.089355,0.157715,1.044434
1008824606,0.094238,0.158203,1.033203
1008829606,0.087402,0.157227,1.036865
1008834606,0.084961,0.15625,1.039795
1008839606,0.085693,0.158203,1.042969
1008844606,0.091064,0.157959,1.037842
1008849606,0.091797,0.156006,1.036865
1008854606,0.088867,0.160889,1.031006
1008859606,0.090332,0.156738,1.030029
1008864606,0.094727,0.15332,1.030518
1008869606,0.086182,0.155029,1.032959
1008874606,0.088379,0.154785,1.031006
1008879606,0.089111,0.157227,1.029541
1008884606,0.090088,0.158203,1.031494
1008889606,0.088623,0.158936,1.034912
1008894606,0.086426,0.158447,1.0354
1008899606,0.086182,0.159424,1.039307
1008904606,0.086182,0.162109,1.033936
1008909606,0.087646,0.160889,1.034668
1008914606,0.089355,0.15918,1.03418
1008919606,0.091797,0.159668,1.036133
1008924606,0.089844,0.161133,1.036621
1008929606,0.089844,0.157959,1.040283
1008934606,0.08667,0.156006,1.039307
1008939606,0.090332,0.157959,1.035645
1008944606,0.095459,0.158203,1.033936
1008949606,0.087158,0.155273,1.036377
1008954606,0.090576,0.151611,1.03418
1008959606,0.086182,0.15625,1.033691
1008964606,0.087646,0.152588,1.037598
1008969606,0.083252,0.158936,1.033447
1008974606,0.08374,0.157227,1.030273
1008979606,0.082275,0.156738,1.031982
1008984606,0.087646,0.156494,1.034424
1008989606,0.088623,0.15625,1.036377
1008994606,0.088867,0.156006,1.03833
1008999606,0.090576,0.158447,1.033691
1009004606,0.088379,0.158691,1.031738
1009009606,0.090332,0.155029,1.033447
1009014606,0.088379,0.155762,1.03833
1009019606,0.091797,0.155518,1.039307
1009024606,0.091797,0.160156,1.038818
1009029606,0.089111,0.157715,1.034668
1009034606,0.089355,0.159668,1.037109
1009039606,0.084717,0.156982,1.037109
1009044606,0.08667,0.15625,1.038574
1009049606,0.088867,0.15918,1.039551
1009054606,0.091553,0.162842,1.033203
1009059606,0.085449,0.160889,1.035889
1009064606,0.092529,0.157227,1.040283
1009069606,0.09082,0.157227,1.039063
1009074606,0.090332,0.156738,1.03418
1009079606,0.092529,0.158447,1.033203
1009084606,0.090332,0.155029,1.033936
1009089606,0.088135,0.154541,1.033447
1009094606,0.090088,0.15625,1.028076
1009099606,0.088867,0.156982,1.027588
1009104606,0.087402,0.157227,1.038086
1009109606,0.086914,0.156006,1.033203
1009114606,0.084229,0.15625,1.03418
1009119606,0.084717,0.155762,1.034912
1009124606,0.083496,0.153564,1.038818
1009129606,0.087158,0.156738,1.035156
1009134606,0.087891,0.15918,1.037354
1009139606,0.088623,0.15625,1.0354
1009144606,0.085693,0.158936,1.034912
1009149606,0.087158,0.156006,1.032959
1009154606,0.090576,0.158936,1.035645
1009159606,0.086426,0.159912,1.034424
1009164606,0.088867,0.163086,1.038818
1009169606,0.091309,0.156006,1.031494
1009174606,0.087646,0.157471,1.036621
1009179606,0.0896,0.155762,1.037842
1009184606,0.09082,0.15625,1.03125
1009189606,0.087402,0.156738,1.031006
1009194606,0.086426,0.155029,1.039551
1009199606,0.086914,0.150635,1.034424
1009204606,0.091553,0.154785,1.031006
1009209606,0.088867,0.155273,1.034668
1009214606,0.087402,0.156006,1.032471
1009219606,0.083496,0.155762,1.034668
1009224606,0.088623,0.158203,1.030518
1009229606,0.084473,0.161377,1.034912
1009234606,0.087158,0.157471,1.035645
1009239606,0.087402,0.159912,1.038086
1009244606,0.087891,0.162109,1.035645
1009249606,0.088623,0.1604,1.032715
1009254606,0.08667,0.157959,1.035889
1009259606,0.089844,0.162842,1.037354
1009264606,0.090088,0.157471,1.033691
1009269606,0.087402,0.156982,1.036865
1009274606,2.880859,-0.591309,3.999878
1009279606,-1.320313,1.15332,2.874023
1009284606,-1.897949,2.960205,-0.527344
1009289606,-0.910645,1.575195,-2.149658
1009294606,-1.86792,1.75,3.999878
1009299606,0.866699,1.823975,3.999878
1009304606,-1.736572,2.578125,3.999878
1009309606,-0.729736,2.034912,0.30835
1009314606,-1.834473,0.670898,-2.006836
1009319606,-0.971191,1.435791,-1.118408
1009324606,-1.200439,1.539551,1.509277
1009329606,-1.075195,0.573975,-0.289307
1009334606,-0.491699,0.184326,1.424072
1009339606,-0.023437,0.231689,0.977051
1009344606,0.056641,0.21875,0.913086
1009349606,0.186768,0.326172,1.370361
1009354606,0.139893,0.091309,1.031982
1009359606,-1.039551,0.99707,1.836914
1009364606,0.107178,0.868164,1.284668
1009369606,0.532715,1.415527,-1.956787
1009374606,-0.172363,0.480957,0.128906
1009379606,-0.178955,0.277832,1.281006
1009384606,0.078613,0.104248,0.897217
1009389606,0.084229,0.009277,0.925537
1009394606,0.043701,0.25708,1.102051
1009399606,0.07959,0.143066,1.019287
1009404606,0.097168,0.165771,1.04834
1009409606,0.090332,0.14624,0.982178
1009414606,0.054199,0.160156,1.049072
1009419606,0.018066,0.162842,1.095703
1009424606,0.030273,0.205566,-0.19751
1009429606,0.074951,0.119873,0.958984
1009434606,0.075928,0.150391,0.975098
1009439606,0.096436,0.174072,1.058105
1009444606,0.063721,0.161377,1.047607
1009449606,0.091309,0.145752,1.032715
1009454606,0.119141,0.138916,1.022705
1009459606,0.105225,0.106201,1.234863
1009464606,-0.967529,0.283447,1.283203
1009469606,-0.425781,0.096436,1.047363
1009474606,0.094238,0.187988,0.992432
1009479606,0.091064,0.165527,1.013672
1009484606,0.057373,0.1604,1.000244
1009489606,0.085449,0.165283,0.834229
1009494606,0.094727,0.143799,1.037598
1009499606,0.083252,0.16333,1.040283
1009504606,0.112793,0.178467,1.015625
1009509606,0.062988,0.180908,1.0354
1009514606,0.086426,0.170654,1.065918
1009519606,0.072754,0.14917,1.018555
1009524606,0.092773,0.149902,1.009277
1009529606,0.080811,0.153076,1.02417
1009534606,0.091797,0.134277,1.01123
1009539606,0.083496,0.167725,1.043457
1009544606,0.088135,0.161133,1.041992
1009549606,0.082764,0.157471,1.038818
1009554606,0.097168,0.147461,1.021973
1009559606,0.093506,0.151855,1.033691
1009564606,0.094727,0.154785,1.03418
1009569606,0.088867,0.16333,1.049072
1009574606,0.087891,0.177246,1.051514
1009579606,0.081787,0.174072,1.042725
1009584606,0.084473,0.164062,1.03833
1009589606,0.087158,0.157959,1.037598
1009594606,0.08667,0.15918,1.04126
1009599606,0.092285,0.162598,1.040283
1009604606,0.090576,0.166748,1.046143
1009609606,0.084717,0.17041,1.037109
1009614606,0.088135,0.159668,1.038086
1009619606,0.09082,0.148926,1.030518
1009624606,0.084961,0.148193,1.035156
1009629606,0.086182,0.15332,1.029541
1009634606,0.085937,0.159912,1.032959
1009639606,0.083008,0.165771,1.035156
1009644606,0.080566,0.163574,1.038574
1009649606,0.082764,0.154541,1.029541
1009654606,0.084229,0.154297,1.023682
1009659606,0.083008,0.155518,1.029053
1009664606,0.081787,0.156738,1.029297
1009669606,0.085449,0.160889,1.037598
1009674606,0.08374,0.159912,1.033936
1009679606,0.087891,0.152832,1.025635
1009684606,0.086426,0.156738,1.033447
1009689606,0.090576,0.155273,1.040283
1009694606,0.088623,0.158936,1.032715
1009699606,0.085937,0.165527,1.039795
1009704606,0.089111,0.163574,1.036865
1009709606,0.089111,0.162354,1.045654
1009714606,0.087891,0.158447,1.040527
1009719606,0.092773,0.162598,1.040283
1009724606,0.092285,0.162109,1.03833
1009729606,0.085693,0.160889,1.040283
1009734606,0.086914,0.159668,1.041504
1009739606,0.087646,0.156006,1.034668
1009744606,0.084229,0.154785,1.041016
1009749606,0.089111,0.156738,1.0354
1009754606,0.088135,0.156494,1.030029
1009759606,0.08667,0.158447,1.037354
1009764606,0.089355,0.1604,1.040527
1009769606,0.088623,0.161865,1.033936
1009774606,0.087646,0.161133,1.039795
1009779606,0.091553,0.163086,1.040771
1009784606,0.091797,0.162598,1.030518
1009789606,0.087891,0.169922,1.032227
1009794606,0.083252,0.156494,1.031006
1009799606,0.085449,0.163818,1.02832
1009804606,0.085693,0.157715,1.038086
1009809606,0.084717,0.150879,1.022705
1009814606,0.085937,0.151855,1.033447
1009819606,0.083496,0.144531,1.016357
1009824606,0.088135,0.130615,1.013184
1009829606,0.11499,0.078125,1.009277
1009834606,0.025635,0.312256,1.17627
1009839606,0.131348,0.183105,0.977539
1009844606,0.031006,0.202393,1.041016
1009849606,0.120361,0.122803,1.002686
1009854606,0.033203,0.156982,0.992187
1009859606,0.096191,0.095459,1.008789
1009864606,0.089111,0.228027,1.071289
1009869606,0.109131,0.118408,1.012939
1009874606,0.074951,0.170166,1.04834
1009879606,0.080566,0.158447,1.011475
1009884606,0.093018,0.117676,1.006348
1009889606,0.08252,0.175293,1.055908
1009894606,0.095459,0.186523,1.053467
1009899606,0.058838,0.192627,1.033691
1009904606,0.082275,0.174805,1.064453
1009909606,0.084717,0.133789,0.989014
1009914606,0.084473,0.131348,1.013428
1009919606,0.103271,0.126953,1.033447
1009924606,0.09668,0.130371,1.030518
1009929606,0.093018,0.144775,1.030518
1009934606,0.084961,0.163086,1.044189
1009939606,0.067383,0.186279,1.046631
1009944606,0.085449,0.171875,1.028809
1009949606,0.081787,0.161621,1.033691
1009954606,0.085449,0.154785,1.026611
1009959606,0.087891,0.15332,1.032715
1009964606,0.080811,0.16626,1.037354
1009969606,0.091064,0.143066,1.028564
1009974606,0.084961,0.155029,1.027588
1009979606,0.093994,0.141602,1.022705
1009984606,0.083252,0.158691,1.047363
1009989606,0.090088,0.150391,1.03125
1009994606,0.093262,0.149414,1.036133
1009999606,0.083252,0.157471,1.036377
1010004606,0.08374,0.160889,1.046143
1010009606,0.085937,0.160156,1.037354
1010014606,0.081055,0.166748,1.025146
1010019606,0.077148,0.167725,1.0271
1010024606,0.084717,0.17334,1.034668
1010029606,0.081543,0.165283,1.035645
1010034606,0.07666,0.177246,1.030029
1010039606,0.080811,0.15918,1.034668
1010044606,0.085205,0.1604,1.043457
1010049606,0.088867,0.161621,1.041992
1010054606,0.085693,0.167236,1.038086
1010059606,0.088867,0.164551,1.037598
1010064606,0.085449,0.154297,1.033203
1010069606,0.083252,0.155029,1.04126
1010074606,0.083496,0.156982,1.039551
1010079606,0.088135,0.150879,1.032471
1010084606,0.08374,0.156494,1.036865
1010089606,0.088867,0.164062,1.031006
1010094606,0.083252,0.160156,1.032227
1010099606,0.086426,0.156006,1.023438
1010104606,0.083984,0.159912,1.033936
1010109606,0.080078,0.168945,1.036865
1010114606,0.080566,0.173828,1.037598
1010119606,0.068848,0.172607,1.043701
1010124606,0.068848,0.201904,1.017822
1010129606,0.080322,0.165039,1.033936
1010134606,0.070557,0.184326,1.017578
1010139606,0.101074,0.162598,1.048828
1010144606,0.070557,0.218994,1.037109
1010149606,-0.004639,0.210449,0.949219
1010154606,0.038818,0.223145,1.000977
1010159606,0.037109,0.277344,0.990234
1010164606,0.08252,0.234863,1.065674
1010169606,0.082275,0.169922,1.086182
1010174606,0.073242,0.127686,0.916504
1010179606,0.087402,0.145752,0.991699
1010184606,0.1521,0.201904,1.106201
1010189606,0.128174,0.208984,1.094971
1010194606,0.112793,0.208252,1.010986
1010199606,0.091064,0.178223,0.989502
1010204606,0.297607,0.181641,0.994629
1010209606,0.10498,0.184814,1.033447
1010214606,0.109375,0.10376,1.0354
1010219606,0.10498,0.086914,1.018066
1010224606,0.096191,0.107178,1.039063
1010229606,0.052979,0.086426,1.130615
1010234606,0.077637,0.097168,1.037109
1010239606,0.091309,0.115967,1.016357
1010244606,0.10376,0.148193,1.078369
1010249606,0.133057,0.185303,1.054932
1010254606,0.121826,0.192383,1.100342
1010259606,0.098877,0.189941,1.054443
1010264606,0.10498,0.172852,1.056885
1010269606,0.095703,0.122803,1.013916
1010274606,0.117676,0.075195,1.037354
1010279606,0.152344,0.14502,1.008789
1010284606,0.116943,0.188965,1.03125
1010289606,0.077148,0.141113,0.982666
1010294606,0.122314,0.066406,0.943115
1010299606,0.124512,0.133301,0.989014
1010304606,0.137207,0.141357,1.03125
1010309606,0.12915,0.166504,1.011475
1010314606,0.111572,0.14209,1.023438
1010319606,0.110107,0.131104,1.01709
1010324606,0.131104,0.154541,1.03125
1010329606,0.132812,0.178223,1.053955
1010334606,0.121094,0.184814,1.051758
1010339606,0.109131,0.192139,1.046631
1010344606,0.109863,0.183594,1.049805
1010349606,0.113281,0.174561,1.040771
1010354606,0.112793,0.177734,1.040283
1010359606,0.113525,0.177002,1.046875
1010364606,0.105713,0.188965,1.064941
1010369606,0.111572,0.185547,1.060303
1010374606,0.11084,0.176514,1.050781
1010379606,0.108887,0.161377,1.033447
1010384606,0.113525,0.150391,1.019775
1010389606,0.11084,0.157471,1.024414
1010394606,0.106201,0.169678,1.031738
1010399606,0.105225,0.175537,1.043945
1010404606,0.101074,0.168457,1.048096
1010409606,0.098877,0.142578,1.03833
1010414606,0.069336,0.160645,1.027344
1010419606,0.064697,0.134033,1.036133
1010424606,0.060303,0.137695,1.047119
1010429606,0.08374,0.133545,1.041748
1010434606,0.083252,0.184814,1.033203
1010439606,0.059082,0.114502,1.062744
1010444606,0.070801,0.147705,1.060791
1010449606,0.064697,0.134033,1.120605
1010454606,0.083008,0.119385,0.964355
1010459606,0.081299,0.148926,1.039307
1010464606,0.105957,0.144775,1.060059
1010469606,0.114258,0.154297,1.068604
1010474606,0.130371,0.139648,1.037598
1010479606,0.136475,0.140869,1.028809
1010484606,0.148926,0.100586,1.042969
1010489606,0.155029,0.157227,1.027832
1010494606,0.165771,0.205566,1.040771
1010499606,0.155762,0.204346,1.01123
1010504606,0.170898,0.194092,1.018311
1010509606,0.136719,0.25,1.035645
1010514606,0.143066,0.249268,1.018311
1010519606,0.162842,0.225342,1.002686
1010524606,0.142822,0.178711,1.041992
1010529606,0.07666,0.159912,1.072021
1010534606,0.050537,0.140137,1.084229
1010539606,0.053223,0.121826,1.060059
1010544606,0.052979,0.088623,1.036621
1010549606,0.063965,0.058594,1.062256
1010554606,0.113037,0.052979,1.041992
1010559606,0.158447,0.074219,1.047363
1010564606,0.174561,0.0979,0.989746
1010569606,0.174561,0.115723,1.010498
1010574606,0.172852,0.121826,0.986572
1010579606,0.1604,0.17627,1.007568
1010584606,0.183594,0.188965,0.959717
1010589606,0.192383,0.19043,0.968262
1010594606,0.181641,0.167969,0.9729
1010599606,0.134277,0.144287,0.959717
1010604606,0.138428,0.166992,0.959961
1010609606,0.127441,0.19751,0.944824
1010614606,0.239746,0.206299,1.153809
1010619606,0.11377,0.203369,0.928955
1010624606,0.126221,0.229736,0.985107
1010629606,0.132324,0.26416,1.033203
1010634606,0.122559,0.268311,1.014893
1010639606,0.144287,0.232178,0.99585
1010644606,0.160889,0.218994,1.000732
1010649606,0.169189,0.225586,1.081543
1010654606,0.130615,0.270508,1.117188
1010659606,0.142334,0.143799,1.109863
1010664606,0.126709,0.120361,1.062012
1010669606,0.004883,-0.177734,1.086914
1010674606,0.049316,0.013916,0.812744
1010679606,0.140869,-0.023437,1.095215
1010684606,0.110596,-0.087891,1.099365
1010689606,0.077148,0.006592,1.088379
1010694606,0.055176,0.021973,1.17627
1010699606,0.058838,0.051025,1.044678
1010704606,0.119385,0.193359,1.0271
1010709606,0.116455,0.202881,1.080811
1010714606,0.09375,0.201172,1.062256
1010719606,0.104492,0.20459,1.0625
1010724606,0.113525,0.163818,1.020264
1010729606,0.124512,0.146973,1.020508
1010734606,0.114746,0.161133,1.040283
1010739606,0.116699,0.176514,1.047607
1010744606,0.119385,0.175781,1.047852
1010749606,0.115234,0.170898,1.026367
1010754606,0.109619,0.157715,1.023926
1010759606,0.121826,0.146484,1.01709
1010764606,0.128906,0.139893,1.016113
1010769606,0.127197,0.143799,1.027588
1010774606,0.122559,0.150391,1.021484
1010779606,0.120117,0.160156,1.034668
1010784606,0.112305,0.172852,1.037598
1010789606,0.108643,0.193848,1.063721
1010794606,0.0896,0.218018,1.042236
1010799606,0.09668,0.208984,1.010986
1010804606,0.075195,0.20874,1.052979
1010809606,0.083008,0.198975,1.056641
1010814606,0.095947,0.203857,1.048828
1010819606,0.093018,0.200439,1.052246
1010824606,0.095459,0.184326,1.04126
1010829606,0.105713,0.156738,1.021729
1010834606,0.120117,0.13623,1.018066
1010839606,0.123535,0.139404,1.023193
1010844606,0.117432,0.147705,1.017822
1010849606,0.119629,0.153076,1.026611
1010854606,0.118408,0.156494,1.03418
1010859606,0.116455,0.151123,1.018311
1010864606,0.119141,0.149902,1.027588
1010869606,0.113281,0.151855,1.026367
1010874606,0.116455,0.159912,1.031006
1010879606,0.113037,0.175293,1.040527
1010884606,0.105713,0.1875,1.039551
1010889606,0.097168,0.192871,1.036133
1010894606,0.098145,0.188965,1.024414
1010899606,0.108154,0.171387,1.031982
1010904606,0.107666,0.165283,1.021973
1010909606,0.101807,0.168457,1.025635
1010914606,0.099609,0.164307,1.019531
1010919606,0.121094,0.169189,1.0625
1010924606,0.114014,0.143555,1.060059
1010929606,0.101563,0.131836,1.032227
1010934606,0.105469,0.095459,1.049072
1010939606,0.099365,0.093506,1.052734
1010944606,0.100098,0.176025,1.054688
1010949606,0.122314,0.140381,1.04541
1010954606,0.114258,0.134521,1.044678
1010959606,0.109131,0.128174,1.038818
1010964606,0.10791,0.145996,1.000977
1010969606,0.133545,0.129883,0.977539
1010974606,0.128174,0.146973,1.035156
1010979606,0.124023,0.157227,0.998047
1010984606,0.119629,0.174561,1.008789
1010989606,0.128418,0.178223,1.022217
1010994606,0.128906,0.191162,0.997559
1010999606,0.122314,0.19043,1.005859
1011004606,0.133789,0.203125,1.044678
1011009606,0.100342,0.206543,1.031982
1011014606,0.106934,0.185791,1.092285
1011019606,0.129639,0.116455,1.000488
1011024606,0.100098,0.171143,1.022949
1011029606,0.080811,0.210449,1.076416
1011034606,0.080322,0.227295,1.071777
1011039606,0.086426,0.190918,1.045898
1011044606,0.107422,0.154297,1.023682
1011049606,0.095703,0.175537,1.049805
1011054606,0.095215,0.189209,1.056152
1011059606,0.097656,0.176514,1.044922
1011064606,0.118896,0.135742,1.011963
1011069606,0.121338,0.127441,1.008545
1011074606,0.118164,0.127686,1.007568
1011079606,0.122314,0.120605,0.997314
1011084606,0.126953,0.114014,1.004883
1011089606,0.123291,0.118408,1.009521
1011094606,0.110352,0.141602,1.032959
1011099606,0.104736,0.147461,1.036133
1011104606,0.103271,0.166992,1.040283
1011109606,0.089111,0.181396,1.054932
1011114606,0.088623,0.22583,1.129395
1011119606,0.100098,0.203125,1.001709
1011124606,0.075928,0.226074,1.04248
1011129606,0.072021,0.205078,1.042236
1011134606,0.087891,0.214111,1.047607
1011139606,0.084717,0.199219,1.063965
1011144606,0.105469,0.176514,1.0354
1011149606,0.110107,0.146973,1.022461
1011154606,0.117432,0.12793,1.007813
1011159606,0.116943,0.129883,1.009766
1011164606,0.12207,0.128906,1.016846
1011169606,0.114014,0.139648,1.018311
1011174606,0.107178,0.148193,1.020752
1011179606,0.105713,0.152344,1.026367
1011184606,0.106934,0.149658,1.024902
1011189606,0.109619,0.146484,1.023438
1011194606,0.103516,0.160889,1.033203
1011199606,0.098145,0.177246,1.05542
1011204606,0.088135,0.194824,1.048828
1011209606,0.088135,0.200439,1.036621
1011214606,0.097412,0.188965,1.042236
1011219606,0.103271,0.171631,1.047363
1011224606,0.102539,0.168701,1.035645
1011229606,0.105469,0.173828,1.031494
1011234606,0.102783,0.172363,1.028564
1011239606,0.0979,0.173096,1.034912
1011244606,0.105957,0.161377,1.028076
1011249606,0.112305,0.147461,1.030762
1011254606,0.11499,0.136475,1.016357
1011259606,0.113525,0.140137,1.01709
1011264606,0.106201,0.14624,1.027344
1011269606,0.104736,0.158203,1.026855
1011274606,0.098145,0.165527,1.039307
1011279606,0.10376,0.162109,1.039551
1011284606,0.101074,0.1604,1.030518
1011289606,0.100586,0.162842,1.032227
1011294606,0.099365,0.165771,1.034668
1011299606,0.093018,0.180908,1.038818
1011304606,0.092529,0.18335,1.040527
1011309606,0.100098,0.178955,1.047852
1011314606,0.105957,0.170166,1.038574
1011319606,0.109619,0.161865,1.026367
1011324606,0.107422,0.153809,1.017822
1011329606,0.106689,0.160889,1.026123
1011334606,0.105469,0.161865,1.028564
1011339606,0.102783,0.158936,1.032227
1011344606,0.104004,0.156494,1.031738
1011349606,0.103516,0.150146,1.023438
1011354606,0.108154,0.153564,1.030029
1011359606,-0.043213,0.056152,0.344238
1011364606,0.109131,0.084229,1.02124
1011369606,0.089844,0.157227,0.935303
1011374606,0.093262,0.167969,1.028809
1011379606,0.128174,0.125977,1.030518
1011384606,0.091064,0.185303,1.048828
1011389606,0.110596,0.192871,1.083008
1011394606,0.0979,0.205566,1.063477
1011399606,0.102783,0.177979,1.029785
1011404606,0.059326,0.179687,0.965332
1011409606,0.077148,0.162598,1.0271
1011414606,0.114258,0.158203,1.089355
1011419606,0.144287,0.156738,1.054932
1011424606,0.129883,0.170166,1.116943
1011429606,0.104248,0.173096,1.066162
1011434606,0.050049,0.163818,0.921387
1011439606,0.124756,0.156738,1.040283
1011444606,0.078369,0.147705,1.041992
1011449606,0.100586,0.147217,1.029785
1011454606,0.100586,0.149902,0.999268
1011459606,0.128174,0.166504,1.044922
1011464606,0.060059,0.149414,0.767578
1011469606,0.153076,0.172607,1.226563
1011474606,0.098145,0.216797,1.046143
1011479606,0.068848,0.196533,0.977295
1011484606,0.107178,0.089355,0.842285
1011489606,0.0354,0.181152,0.659912
1011494606,-0.033936,0.01709,0.686279
1011499606,0.079834,0.154541,1.240967
1011504606,0.133057,0.191895,1.121094
1011509606,0.081299,0.193848,1.053467
1011514606,0.103027,0.144531,0.994873
1011519606,0.103271,0.143311,1.0
1011524606,0.116211,0.159912,1.090576
1011529606,0.086182,0.191895,1.031982
1011534606,0.090088,0.194824,1.018799
1011539606,0.091553,0.236816,1.06958
1011544606,0.09375,0.19873,1.053955
1011549606,0.094971,0.155029,0.987061
1011554606,0.083008,0.152588,0.988037
1011559606,0.093262,0.135498,0.992187
1011564606,0.104004,0.142334,1.008057
1011569606,0.116943,0.143555,1.037598
1011574606,0.124023,0.125488,0.998291
1011579606,0.111572,0.125977,1.006104
1011584606,0.133057,0.116455,1.036377
1011589606,0.105957,0.153564,1.02002
1011594606,0.103271,0.16626,1.047852
1011599606,0.094971,0.194336,1.054443
1011604606,0.087891,0.208984,1.057861
1011609606,0.097412,0.195801,1.058838
1011614606,0.103027,0.177734,1.052002
1011619606,0.096924,0.181152,1.05249
1011624606,0.086914,0.183105,1.049316
1011629606,0.085449,0.184814,1.042969
1011634606,0.073975,0.207764,1.012451
1011639606,0.104492,0.154297,1.025879
1011644606,0.109131,0.129639,0.99585
1011649606,0.105225,0.126709,1.010498
1011654606,0.101318,0.14502,1.005127
1011659606,0.102783,0.145264,1.021973
1011664606,0.11084,0.148682,1.014404
1011669606,0.112061,0.141602,1.025391
1011674606,0.110596,0.1521,1.022705
1011679606,0.10791,0.155029,1.04126
1011684606,0.107422,0.171387,1.032227
1011689606,0.100586,0.185791,1.055664
1011694606,0.101563,0.180176,1.040527
1011699606,0.114502,0.183838,1.067139
1011704606,0.081787,0.18335,1.043457
1011709606,0.098145,0.170166,1.015869
1011714606,0.09375,0.208984,1.050537
1011719606,0.10791,0.187012,1.027344
1011724606,0.094482,0.179443,1.027832
1011729606,0.11499,0.159424,1.034668
1011734606,0.119141,0.1604,1.03125
1011739606,0.119385,0.146729,0.999512
1011744606,0.103516,0.156006,1.027588
1011749606,0.118652,0.137451,1.034424
1011754606,0.098877,0.132324,1.012939
1011759606,0.110352,0.147949,1.033936
1011764606,0.099609,0.15918,1.034424
1011769606,0.131348,0.149902,1.078369
1011774606,0.11084,0.188232,1.105713
1011779606,0.156494,0.077393,0.996826
1011784606,0.142578,0.144287,1.041748
1011789606,0.062988,0.254883,1.087646
1011794606,0.063965,0.175293,1.006348
1011799606,0.077637,0.212402,1.083008
1011804606,0.106934,0.237549,1.054199
1011809606,0.080566,0.205078,1.033936
1011814606,0.094238,0.143555,1.006592
1011819606,0.094971,0.113525,1.028564
1011824606,0.150146,0.116455,1.072021
1011829606,0.087158,0.122314,0.837402
1011834606,0.09082,0.136719,1.005615
1011839606,-0.151123,-0.05957,1.356445
1011844606,-1.019043,0.3125,-0.579346
1011849606,-0.8125,0.125,1.219238
1011854606,0.112549,0.109375,1.057373
1011859606,0.091064,0.149414,0.961914
1011864606,0.113037,0.191162,1.017822
1011869606,0.054687,0.226562,1.098145
1011874606,0.091064,0.324951,1.137939
1011879606,0.104248,0.161621,1.05957
1011884606,0.06958,0.204346,0.994141
1011889606,0.078125,0.197754,1.042725
1011894606,0.097412,0.178711,1.060791
1011899606,0.11084,0.160889,1.036133
1011904606,0.177246,0.092773,1.120117
1011909606,0.136719,0.124023,1.171387
1011914606,0.127441,0.188477,1.140625
1011919606,0.083008,0.211182,1.003906
1011924606,0.109619,0.127686,1.043457
1011929606,0.09668,0.125732,1.057861
1011934606,0.130615,0.167725,1.040039
1011939606,0.087158,0.189941,1.052734
1011944606,0.121826,0.190674,1.052246
1011949606,0.088623,0.178711,1.043945
1011954606,0.117188,0.15332,1.00708
1011959606,0.131104,0.258789,0.943604
1011964606,0.186523,0.083252,1.390137
1011969606,0.066406,0.308838,1.01001
1011974606,0.22583,0.141602,1.120117
1011979606,0.100098,0.208252,1.129395
1011984606,0.121582,0.154785,0.956543
1011989606,0.089111,0.215332,1.112793
1011994606,0.09668,0.167725,1.026855
1011999606,0.09375,0.191162,1.027344
1012004606,0.110352,0.161377,1.023193
1012009606,0.096436,0.189209,1.051514
1012014606,0.090088,0.183105,1.062256
1012019606,0.126953,0.168213,1.079834
1012024606,0.12793,0.13623,1.020996
1012029606,0.120605,0.158203,1.060547
1012034606,0.120605,0.150146,1.025391
1012039606,0.107666,0.161133,1.03418
1012044606,0.112793,0.153809,1.02832
1012049606,0.098877,0.165283,1.024902
1012054606,0.101807,0.16748,1.036133
1012059606,0.101318,0.150635,1.023682
1012064606,0.110352,0.144531,1.034912
1012069606,0.110596,0.156982,1.039063
1012074606,0.103516,0.165039,1.043457
1012079606,0.098145,0.162109,1.039795
1012084606,0.099609,0.154297,1.035156
1012089606,0.101563,0.157715,1.030518
1012094606,0.108398,0.162109,1.03833
1012099606,0.108154,0.158691,1.031738
1012104606,0.101807,0.162354,1.043945
1012109606,0.100342,0.167969,1.03418
1012114606,0.102051,0.170654,1.04126
1012119606,0.101318,0.170654,1.036865
1012124606,0.098389,0.171143,1.03418
1012129606,0.098389,0.170898,1.024902
1012134606,0.0979,0.165039,1.024414
1012139606,0.09668,0.169189,1.040039
1012144606,0.10376,0.169434,1.029053
1012149606,0.101074,0.165527,1.025635
1012154606,0.109375,0.166504,1.028809
1012159606,0.108887,0.156982,1.035889
1012164606,0.104736,0.161865,1.027832
1012169606,0.108398,0.169678,1.02417
1012174606,0.102051,0.162354,1.030518
1012179606,0.10083,0.161865,1.023682
1012184606,0.103516,0.16748,1.024414
1012189606,0.102539,0.166504,1.033936
1012194606,0.097656,0.172119,1.046631
1012199606,0.098145,0.176758,1.038574
1012204606,0.104004,0.17334,1.03833
1012209606,0.102783,0.165283,1.03125
1012214606,0.105225,0.170654,1.042236
1012219606,0.100098,0.172852,1.015625
1012224606,0.10083,0.172607,1.050781
1012229606,0.10083,0.17749,1.046631
1012234606,0.104004,0.162842,1.015625
1012239606,0.09668,0.182373,1.049316
1012244606,0.113037,0.150879,1.031006
1012249606,0.094727,0.168945,1.044189
1012254606,0.0979,0.171631,1.036133
1012259606,0.0979,0.168213,1.037598
1012264606,0.101563,0.161621,1.0354
1012269606,0.102051,0.154785,1.02124
1012274606,0.100586,0.168457,1.034668
1012279606,0.102051,0.169678,1.036621
1012284606,0.100342,0.170898,1.048584
1012289606,0.101563,0.167236,1.033447
1012294606,0.102295,0.169189,1.037354
1012299606,0.104492,0.165527,1.02832
1012304606,0.095215,0.165283,1.035889
1012309606,0.100342,0.157227,1.035645
1012314606,0.102783,0.172852,1.040283
1012319606,0.095947,0.165283,1.027344
1012324606,0.100586,0.154297,1.025879
1012329606,0.094971,0.166992,1.036133
1012334606,0.095947,0.165283,1.025635
1012339606,0.095947,0.171631,1.044678
1012344606,0.10376,0.157715,1.027588
1012349606,0.090088,0.162109,1.031494
1012354606,0.11377,0.169434,1.036621
1012359606,0.109619,0.159912,1.032227
1012364606,0.107666,0.175537,1.033936
1012369606,0.086182,0.175049,1.041504
1012374606,0.102539,0.17627,1.037354
1012379606,0.09375,0.172852,1.025391
1012384606,0.101563,0.165771,1.03418
1012389606,0.086182,0.185303,1.019043
1012394606,0.091797,0.159912,1.035156
1012399606,0.097168,0.167969,1.050537
1012404606,0.108887,0.165039,1.034668
1012409606,0.090332,0.158203,1.007324
1012414606,0.061768,0.164062,0.994873
1012419606,0.113281,0.162598,1.026367
1012424606,0.070557,0.15625,1.047852
1012429606,0.066406,0.155518,0.954834
1012434606,0.085205,0.162598,1.031494
1012439606,0.119385,0.136963,1.060791
1012444606,0.075195,0.173584,1.023682
1012449606,0.097656,0.137695,1.018311
1012454606,0.078857,0.196289,1.054688
1012459606,0.117188,0.169678,1.046387
1012464606,0.110352,0.160645,1.026367
1012469606,0.091553,0.16626,1.047119
1012474606,0.116943,0.172363,1.035645
1012479606,0.090332,0.175049,1.041016
1012484606,0.104004,0.149902,1.040039
1012489606,0.09375,0.178955,1.036621
1012494606,0.099609,0.162598,1.025146
1012499606,0.089111,0.17627,1.041016
1012504606,0.100586,0.17627,1.043457
1012509606,0.102539,0.165771,1.032471
1012514606,0.08252,0.152832,1.008789
1012519606,0.107666,0.20752,1.046875
1012524606,0.117676,0.175537,1.023438
1012529606,0.092773,0.138916,1.035889
1012534606,0.098877,0.183594,1.031494
1012539606,0.105469,0.173096,1.022217
1012544606,0.087158,0.19458,1.051758
1012549606,0.124268,0.180908,1.060303
1012554606,0.099365,0.182861,1.049316
1012559606,0.093506,0.186035,1.040527
1012564606,0.077148,0.205566,1.062256
1012569606,0.105713,0.149414,1.036865
1012574606,0.101563,0.188965,1.035889
1012579606,0.121338,0.116943,0.980225
1012584606,0.081055,0.195312,1.019043
1012589606,0.128418,0.063477,1.018311
1012594606,0.114746,0.090576,1.038818
1012599606,0.12085,0.151123,0.996826
1012604606,0.09668,0.176025,1.049561
1012609606,0.099121,0.184814,1.054443
1012614606,0.105713,0.185547,1.04541
1012619606,0.092041,0.17334,1.040771
1012624606,0.079834,0.237549,1.05835
1012629606,0.079346,0.257324,1.070313
1012634606,0.119385,0.17627,1.052979
1012639606,0.091797,0.197021,1.033936
1012644606,0.101563,0.164307,1.036865
1012649606,0.077393,0.167725,1.038818
1012654606,0.085449,0.228516,0.986572
1012659606,0.082764,0.373291,1.022705
1012664606,0.116943,0.158691,1.005127
1012669606,0.11792,0.154541,1.035156
1012674606,0.087158,0.174072,1.01416
1012679606,0.120117,0.133301,1.006104
1012684606,0.102783,0.138916,1.01001
1012689606,0.104736,0.146729,1.020996
1012694606,0.097168,0.157471,1.039795
1012699606,0.094482,0.166748,1.027344
1012704606,0.106689,0.156982,1.036621
1012709606,0.091309,0.180176,1.036133
1012714606,0.091309,0.185791,1.0354
1012719606,0.090576,0.170654,1.041992
1012724606,0.102051,0.172607,1.040039
1012729606,0.098389,0.162354,1.037598
1012734606,0.105225,0.16748,1.053955
1012739606,0.098633,0.171631,1.045166
1012744606,0.093994,0.176514,1.036865
1012749606,0.095459,0.166504,1.039063
1012754606,0.099121,0.17334,1.034668
1012759606,0.104492,0.166016,1.024658
1012764606,0.095947,0.159912,1.0354
1012769606,0.0979,0.172363,1.02832
1012774606,0.097412,0.156738,1.030029
1012779606,0.096924,0.153809,1.03418
1012784606,0.104736,0.128662,1.021973
1012789606,0.092773,0.153076,1.045166
1012794606,0.115234,0.152344,1.056152
1012799606,0.102051,0.162842,1.000244
1012804606,0.108643,0.229248,1.049316
1012809606,0.090332,0.182861,1.0271
1012814606,0.099365,0.172363,1.041016
1012819606,0.106934,0.206055,1.064941
1012824606,0.104492,0.192627,1.042236
1012829606,0.093506,0.137695,0.887939
1012834606,0.127197,0.192383,1.076904
1012839606,0.079834,0.170898,1.108643
1012844606,0.087646,0.187988,1.033936
1012849606,0.095947,0.205078,1.040771
1012854606,0.09668,0.183838,1.020996
1012859606,0.105713,0.204346,1.027588
1012864606,0.109863,0.153809,1.014648
1012869606,0.110596,0.136963,1.019043
1012874606,0.118652,0.133057,1.02124
1012879606,0.119629,0.141113,1.015625
1012884606,0.11499,0.147217,1.022461
1012889606,0.121094,0.141846,1.029541
1012894606,0.113037,0.146729,1.034424
1012899606,0.121094,0.126221,1.061035
1012904606,0.115723,0.148682,1.016113
1012909606,0.120605,0.143555,1.018555
1012914606,0.112793,0.150879,0.994385
1012919606,0.12085,0.151123,1.017334
1012924606,0.108887,0.152344,1.006348
1012929606,0.111328,0.157227,1.022949
1012934606,0.105713,0.155273,1.017578
1012939606,0.108398,0.140869,1.021484
1012944606,0.113281,0.126953,1.008789
1012949606,0.096924,0.154297,1.043213
1012954606,0.117676,0.158447,1.054688
1012959606,0.104736,0.17749,1.057617
1012964606,0.092285,0.193604,1.059814
1012969606,0.088379,0.197021,1.06543
1012974606,0.084961,0.204102,1.069336
1012979606,0.081055,0.200928,1.059814
1012984606,0.09375,0.192383,1.038574
1012989606,0.101318,0.188232,1.048096
1012994606,0.104004,0.184082,1.022949
1012999606,0.101807,0.177002,1.007324
1013004606,0.116699,0.162109,1.01709
1013009606,0.118408,0.159424,1.003662
1013014606,0.136475,0.150879,1.012939
1013019606,0.137695,0.150391,1.009033
1013024606,0.133301,0.116211,0.988037
1013029606,0.158691,0.0896,1.0
1013034606,0.154785,0.078369,0.996094
1013039606,0.138672,0.084717,1.01001
1013044606,0.138916,0.090088,1.004639
1013049606,0.125244,0.103027,0.986328
1013054606,0.132812,0.11377,0.967773
1013059606,0.113037,0.16748,1.029297
1013064606,0.120361,0.169922,1.071533
1013069606,0.131348,0.183594,1.070557
1013074606,0.103271,0.177734,1.010254
1013079606,0.074219,0.208496,1.082275
1013084606,0.103271,0.182861,1.093506
1013089606,0.08667,0.230957,1.123779
1013094606,0.069824,0.22583,1.052734
1013099606,0.075439,0.21875,1.06958
1013104606,0.080078,0.187988,1.031494
1013109606,0.103271,0.170898,1.039551
1013114606,0.10376,0.185059,1.071045
1013119606,0.102539,0.17749,1.044189
1013124606,0.113281,0.14502,1.008789
1013129606,0.131592,0.121338,0.991699
1013134606,0.124023,0.118896,0.994385
1013139606,0.132812,0.126953,1.018555
1013144606,0.111572,0.133545,0.99707
1013149606,0.121094,0.135498,1.002441
1013154606,0.118896,0.132324,1.0
1013159606,0.115967,0.134277,1.012939
1013164606,0.114258,0.155273,1.046143
1013169606,0.109375,0.173828,1.052002
1013174606,0.102295,0.179687,1.057129
1013179606,0.102539,0.17041,1.033691
1013184606,0.106934,0.170654,1.029053
1013189606,0.108398,0.168213,1.031006
1013194606,0.10791,0.172607,1.045166
1013199606,0.107422,0.170898,1.037598
1013204606,0.11377,0.160156,1.032471
1013209606,0.109863,0.151123,1.019043
1013214606,0.108643,0.158203,1.029053
1013219606,0.109619,0.158936,1.034912
1013224606,0.106689,0.169434,1.037598
1013229606,0.105469,0.171387,1.042725
1013234606,0.103271,0.174072,1.031006
1013239606,0.104004,0.17749,1.028076
1013244606,0.104492,0.186768,1.041748
1013249606,0.103271,0.183105,1.054688
1013254606,0.108154,0.187988,1.052002
1013259606,0.110596,0.184082,1.042725
1013264606,0.10498,0.177246,1.022461
1013269606,0.105713,0.162842,1.018311
1013274606,0.111328,0.162842,1.026367
1013279606,0.111572,0.164307,1.04126
1013284606,0.112305,0.158936,1.036865
1013289606,0.111816,0.157715,1.022705
1013294606,0.109131,0.164551,1.019043
1013299606,0.106934,0.161377,1.017822
1013304606,0.110596,0.168213,1.040039
1013309606,0.111084,0.173096,1.050293
1013314606,0.10498,0.179199,1.036865
1013319606,0.103516,0.180664,1.030518
1013324606,0.100586,0.179199,1.029541
1013329606,0.11084,0.172852,1.037598
1013334606,0.109863,0.174805,1.037842
1013339606,0.112305,0.169922,1.041748
1013344606,0.10791,0.162109,1.036865
1013349606,0.108887,0.16333,1.025879
1013354606,0.107666,0.161133,1.0271
1013359606,0.106445,0.159424,1.026367
1013364606,0.11377,0.162109,1.031738
1013369606,0.104492,0.161377,1.03125
1013374606,0.106445,0.167236,1.02417
1013379606,0.111084,0.169922,1.028564
1013384606,0.108643,0.173584,1.037598
1013389606,0.10498,0.170166,1.044678
1013394606,0.109131,0.177002,1.033447
1013399606,0.107178,0.170898,1.031982
1013404606,0.10498,0.170166,1.032959
1013409606,0.110596,0.167236,1.030518
1013414606,0.105469,0.168213,1.032959
1013419606,0.110352,0.16748,1.033203
1013424606,0.108398,0.166016,1.026855
1013429606,0.108154,0.16626,1.0271
1013434606,0.108887,0.165039,1.025391
1013439606,0.11084,0.167725,1.030762
1013444606,0.111572,0.163086,1.037354
1013449606,0.107422,0.170166,1.037109
1013454606,0.110352,0.168457,1.039795
1013459606,0.106445,0.168945,1.037842
1013464606,0.104004,0.169678,1.039063
1013469606,0.107666,0.172852,1.037598
1013474606,0.110352,0.172852,1.035645
1013479606,0.106201,0.169434,1.03418
1013484606,0.108887,0.168213,1.032959
1013489606,0.107422,0.165771,1.026123
1013494606,0.104492,0.169922,1.031006
1013499606,0.103027,0.166748,1.027344
1013504606,0.106934,0.164062,1.0271
1013509606,0.110352,0.165527,1.027832
1013514606,0.11084,0.165771,1.034912
1013519606,0.108398,0.173584,1.043213
1013524606,0.111084,0.169189,1.031738
1013529606,0.104492,0.171875,1.033691
1013534606,0.106689,0.169678,1.029541
1013539606,0.109131,0.168457,1.035156
1013544606,0.109619,0.170166,1.035156
1013549606,0.10498,0.168457,1.033447
1013554606,0.104004,0.166016,1.026367
1013559606,0.106689,0.168213,1.026855
1013564606,0.106934,0.165771,1.026611
1013569606,0.109619,0.167236,1.034912
1013574606,0.110107,0.167236,1.032715
1013579606,0.104492,0.16626,1.02417
1013584606,0.108154,0.167725,1.029541
1013589606,0.111328,0.16748,1.035156
1013594606,0.112061,0.167725,1.042969
1013599606,0.109375,0.167969,1.039551
1013604606,0.111572,0.167969,1.03833
1013609606,0.111816,0.176758,1.032715
1013614606,0.107422,0.17334,1.032959
1013619606,0.104004,0.171143,1.029053
1013624606,0.112549,0.174561,1.043457
1013629606,0.108154,0.168945,1.028564
1013634606,0.109619,0.171631,1.02832
1013639606,0.109131,0.169678,1.032227
1013644606,0.106201,0.170166,1.026855
1013649606,0.109619,0.166016,1.037109
1013654606,0.107666,0.169189,1.032471
1013659606,0.114258,0.168213,1.037598
1013664606,0.113037,0.171387,1.033936
1013669606,0.108154,0.172852,1.029297
1013674606,0.109375,0.171631,1.031738
1013679606,0.106689,0.166016,1.033447
1013684606,0.108887,0.162842,1.024658
1013689606,0.106445,0.166504,1.027344
1013694606,0.101318,0.164062,1.022461
1013699606,0.103516,0.16748,1.022217
1013704606,0.104492,0.167236,1.031494
1013709606,0.106689,0.164795,1.0354
1013714606,0.105225,0.169922,1.033936
1013719606,0.106201,0.169434,1.041992
1013724606,0.109375,0.167969,1.038574
1013729606,0.10791,0.172852,1.036133
1013734606,0.108398,0.168701,1.033691
1013739606,0.111572,0.164795,1.042236
1013744606,0.112793,0.161377,1.032715
1013749606,0.110107,0.167969,1.022461
1013754606,0.108154,0.162842,1.015625
1013759606,0.110107,0.168457,1.032959
1013764606,0.109375,0.167236,1.032471
1013769606,0.105957,0.168701,1.032471
1013774606,0.109375,0.169434,1.036133
1013779606,0.104736,0.171875,1.027832
1013784606,0.10083,0.17041,1.024902
1013789606,0.104736,0.172363,1.025635
1013794606,0.110107,0.167969,1.033936
1013799606,0.110107,0.165039,1.031494
1013804606,0.107178,0.166992,1.037109
1013809606,0.109375,0.161377,1.029785
1013814606,0.108398,0.164795,1.0271
1013819606,0.106689,0.166992,1.0271
1013824606,0.105957,0.165283,1.026855
1013829606,0.103271,0.17041,1.015625
1013834606,0.106934,0.165527,1.022461
1013839606,0.107666,0.168457,1.025879
1013844606,0.102539,0.172852,1.025146
1013849606,0.105713,0.170166,1.032227
1013854606,0.10083,0.168457,1.020752
1013859606,0.103271,0.17627,1.037598
1013864606,0.104248,0.175781,1.026855
1013869606,0.109375,0.172852,1.03125
1013874606,0.10376,0.170654,1.030762
1013879606,0.109375,0.170898,1.034668
1013884606,0.109131,0.167969,1.039795
1013889606,0.109375,0.17041,1.03418
1013894606,0.111572,0.167725,1.032715
1013899606,0.110596,0.168945,1.033936
1013904606,0.111816,0.16626,1.032227
1013909606,0.111084,0.162354,1.03125
1013914606,0.104492,0.16626,1.03418
1013919606,0.106445,0.163086,1.031494
1013924606,0.100342,0.168213,1.026611
1013929606,0.103271,0.17041,1.036377
1013934606,0.107178,0.172119,1.038086
1013939606,0.107422,0.169922,1.039063
1013944606,0.103027,0.168701,1.028076
1013949606,0.106689,0.168945,1.029053
1013954606,0.10498,0.166992,1.029785
1013959606,0.109375,0.169678,1.031006
1013964606,0.109131,0.168457,1.033203
1013969606,0.106201,0.165039,1.025391
1013974606,0.108398,0.159668,1.025879
1013979606,0.110596,0.165039,1.038086
1013984606,0.11084,0.165771,1.034668
1013989606,0.109375,0.16748,1.028076
1013994606,0.112549,0.166016,1.031006
1013999606,0.104248,0.171875,1.026367
1014004606,0.103271,0.166016,1.030762
1014009606,0.103516,0.172852,1.034424
1014014606,0.103516,0.171143,1.034424
1014019606,0.107666,0.174805,1.04126
1014024606,0.109619,0.172363,1.030273
1014029606,0.105225,0.169189,1.031738
1014034606,0.108154,0.16626,1.025879
1014039606,0.10498,0.164795,1.039551
1014044606,0.108398,0.163574,1.033203
1014049606,0.112061,0.161621,1.0271
1014054606,0.106934,0.158936,1.023926
1014059606,0.109131,0.16333,1.028076
1014064606,0.10791,0.161133,1.026123
1014069606,0.109619,0.165527,1.033203
1014074606,0.110352,0.163086,1.032715
1014079606,0.104736,0.175293,1.039063
1014084606,0.103516,0.172119,1.0271
1014089606,0.101807,0.172363,1.029053
1014094606,0.106445,0.174072,1.03418
1014099606,0.109131,0.172119,1.03833
1014104606,0.109619,0.172119,1.041016
1014109606,0.106445,0.171875,1.038574
1014114606,0.109863,0.167969,1.0271
1014119606,0.102539,0.162109,1.026367
1014124606,0.10791,0.158447,1.029541
1014129606,0.11377,0.157227,1.033203
1014134606,0.114502,0.166992,1.032715
1014139606,0.111084,0.166504,1.033203
1014144606,0.105713,0.165283,1.033447
1014149606,0.11084,0.166016,1.031738
1014154606,0.099854,0.169434,1.020996
1014159606,0.10376,0.17041,1.036133
1014164606,0.10791,0.170166,1.036377
1014169606,0.106934,0.173584,1.039307
1014174606,0.104492,0.174316,1.044434
1014179606,0.107666,0.170898,1.033691
1014184606,0.107422,0.167725,1.030762
1014189606,0.106201,0.1604,1.016113
1014194606,0.105469,0.160645,1.025146
1014199606,0.11377,0.1604,1.035889
1014204606,0.111816,0.167725,1.035156
1014209606,0.114258,0.168457,1.028564
1014214606,0.104004,0.166992,1.020508
1014219606,0.101318,0.166748,1.0271
1014224606,0.106689,0.166748,1.03418
1014229606,0.104004,0.172119,1.036865
1014234606,0.104492,0.179687,1.046631
1014239606,0.103271,0.174561,1.030518
1014244606,0.10376,0.16748,1.023682
1014249606,0.103516,0.166992,1.027344
1014254606,0.108154,0.166992,1.037598
1014259606,0.113281,0.170166,1.040039
1014264606,0.112305,0.172363,1.03418
1014269606,0.105957,0.169678,1.026367
1014274606,0.10498,0.157959,1.023438
1014279606,0.106445,0.161377,1.024902
1014284606,0.107422,0.165039,1.026855
1014289606,0.111328,0.171875,1.037109
1014294606,0.105469,0.173096,1.039307
1014299606,0.10498,0.169189,1.032227
1014304606,0.102051,0.170166,1.035889
1014309606,0.109375,0.172119,1.044434
1014314606,0.105957,0.168213,1.043945
1014319606,0.107422,0.169189,1.031982
1014324606,0.111084,0.169922,1.033936
1014329606,0.106934,0.167969,1.02417
1014334606,0.105713,0.163086,1.025879
1014339606,0.107178,0.156738,1.026855
1014344606,0.110596,0.164551,1.035645
1014349606,0.11084,0.169189,1.037109
1014354606,0.11084,0.169189,1.039795
1014359606,0.107178,0.16748,1.026123
1014364606,0.107178,0.169678,1.026855
1014369606,0.104736,0.167725,1.031738
1014374606,0.107666,0.166748,1.036133
1014379606,0.105713,0.171387,1.035889
1014384606,0.10376,0.168701,1.033203
1014389606,0.109375,0.167236,1.034912
1014394606,0.108154,0.16626,1.030762
1014399606,0.107666,0.163818,1.034424
1014404606,0.11084,0.160889,1.029541
1014409606,0.109375,0.165283,1.031982
1014414606,0.106689,0.16333,1.029053
1014419606,0.109375,0.170654,1.031982
1014424606,0.103027,0.170898,1.023682
1014429606,0.105469,0.166748,1.030762
1014434606,0.102295,0.167236,1.030029
1014439606,0.106689,0.174561,1.030029
1014444606,0.108154,0.167969,1.037598
1014449606,0.105713,0.167969,1.02417
1014454606,0.105225,0.164307,1.027588
1014459606,0.100098,0.165039,1.032471
1014464606,0.105957,0.16626,1.028809
1014469606,0.111816,0.171875,1.034424
1014474606,0.105469,0.16748,1.028809
1014479606,0.106445,0.165527,1.0271
1014484606,0.106689,0.163818,1.030518
1014489606,0.11084,0.167969,1.037109
1014494606,0.110352,0.174316,1.036621
1014499606,0.109131,0.172852,1.033447
1014504606,0.10498,0.165039,1.031982
1014509606,0.109863,0.165283,1.026855
1014514606,0.10791,0.16333,1.036865
1014519606,0.107666,0.16626,1.041504
1014524606,0.107178,0.165039,1.033691
1014529606,0.105469,0.162842,1.029053
1014534606,0.105957,0.167969,1.030029
1014539606,0.112061,0.16333,1.033691
1014544606,0.106445,0.166504,1.031738
1014549606,0.107422,0.165283,1.030029
1014554606,0.105957,0.167969,1.03125
1014559606,0.108398,0.168457,1.032715
1014564606,0.107666,0.172852,1.039795
1014569606,0.107178,0.174316,1.031738
1014574606,0.105957,0.172607,1.039551
1014579606,0.10791,0.171387,1.035889
1014584606,0.108643,0.166016,1.033447
1014589606,0.108154,0.166016,1.030762
1014594606,0.112793,0.164551,1.033447
1014599606,0.103271,0.159424,1.02417
1014604606,0.106445,0.156738,1.028076
1014609606,0.10791,0.16626,1.032227
1014614606,0.107178,0.162842,1.029053
1014619606,0.108154,0.164307,1.032227
1014624606,0.105713,0.166748,1.033936
1014629606,0.10498,0.168945,1.026367
1014634606,0.10791,0.171875,1.031738
1014639606,0.105469,0.17041,1.0354
1014644606,0.106445,0.170898,1.031738
1014649606,0.109619,0.171875,1.02832
1014654606,0.108398,0.172607,1.039551
1014659606,0.110107,0.171143,1.025635
1014664606,0.105713,0.172607,1.016846
1014669606,0.112061,0.164551,1.035645
1014674606,0.116455,0.160889,1.046875
1014679606,0.11377,0.17041,1.048096
1014684606,0.103516,0.162354,1.022705
1014689606,0.106445,0.164795,1.022217
1014694606,0.110596,0.167725,1.036865
1014699606,0.101318,0.172119,1.017578
1014704606,0.110107,0.167725,1.039795
1014709606,0.104248,0.165771,1.020996
1014714606,0.10498,0.171875,1.0271
1014719606,0.104492,0.167969,1.025635
1014724606,0.101318,0.172607,1.030762
1014729606,0.111816,0.171875,1.029053
1014734606,0.112793,0.169434,1.051025
1014739606,0.103516,0.169678,1.0271
1014744606,0.102539,0.172607,1.017334
1014749606,0.110352,0.164551,1.038086
1014754606,0.104736,0.166504,1.044922
1014759606,0.10376,0.165527,1.023682
1014764606,0.109863,0.171631,1.021973
1014769606,0.108643,0.167725,1.031738
1014774606,0.114502,0.168213,1.041504
1014779606,0.115479,0.169434,1.052002
1014784606,0.111328,0.168457,1.038818
1014789606,0.107666,0.172607,1.034668
1014794606,0.107422,0.169678,1.033936
1014799606,0.108398,0.173096,1.033447
1014804606,0.108643,0.166016,1.031982
1014809606,0.111084,0.171143,1.034668
1014814606,0.101318,0.165771,1.022461
1014819606,0.107178,0.166016,1.027344
1014824606,0.108643,0.168213,1.025879
1014829606,0.107422,0.165283,1.020752
1014834606,0.108154,0.165771,1.030762
1014839606,0.109619,0.165283,1.031982
1014844606,0.112549,0.165039,1.028564
1014849606,0.109375,0.168945,1.030029
1014854606,0.108398,0.167969,1.037842
1014859606,0.10376,0.165771,1.029053
1014864606,0.10376,0.165283,1.030518
1014869606,0.106201,0.168945,1.035645
1014874606,0.104248,0.165527,1.034912
1014879606,0.102783,0.16748,1.028564
1014884606,0.107178,0.168457,1.03833
1014889606,0.106201,0.167969,1.036377
1014894606,0.111816,0.171387,1.038086
1014899606,0.108643,0.169189,1.035156
1014904606,0.110596,0.170654,1.037354
1014909606,0.110107,0.171387,1.035889
1014914606,0.112793,0.166504,1.033447
1014919606,0.112549,0.169189,1.033691
1014924606,0.110596,0.168457,1.033936
1014929606,0.113525,0.166016,1.037354
1014934606,0.108398,0.164795,1.02832
1014939606,0.107178,0.167236,1.031494
1014944606,0.111572,0.162842,1.024658
1014949606,0.105713,0.165771,1.038818
1014954606,0.104492,0.165771,1.028076
1014959606,0.106201,0.165771,1.036621
1014964606,0.106201,0.166016,1.035645
1014969606,0.101074,0.163818,1.033691
1014974606,0.103516,0.165283,1.026611
1014979606,0.106689,0.167725,1.035156
1014984606,0.107666,0.170166,1.0354
1014989606,0.107422,0.16626,1.030273
1014994606,0.110352,0.169922,1.031494
1014999606,0.111328,0.166504,1.037598
1015004606,0.109619,0.168213,1.028076
1015009606,0.111816,0.164062,1.021973
1015014606,0.102539,0.165771,1.029297
1015019606,0.105469,0.163086,1.026367
1015024606,0.099365,0.165283,1.0271
1015029606,0.10498,0.164307,1.023438
1015034606,0.103271,0.169434,1.024658
1015039606,0.108398,0.165283,1.030762
1015044606,0.106934,0.16333,1.038086
1015049606,0.107666,0.165771,1.031738
1015054606,0.110352,0.171143,1.038818
1015059606,0.109863,0.166748,1.032471
1015064606,0.113281,0.170654,1.045166
1015069606,0.114502,0.173584,1.040283
1015074606,0.108154,0.169434,1.032471
1015079606,0.106689,0.164551,1.026611
1015084606,0.104492,0.16626,1.0271
1015089606,0.105225,0.166016,1.028809
1015094606,0.104736,0.160645,1.029785
1015099606,0.106445,0.164795,1.034424
1015104606,3.999878,-0.375488,0.42334
1015109606,-0.483887,3.999878,0.157471
1015114606,-2.352295,2.58667,3.999878
1015119606,-1.109375,1.145508,2.196289
1015124606,-0.783203,1.190674,-2.24707
1015129606,-1.671631,0.901611,-2.376465
1015134606,-2.134277,0.193359,1.0979
1015139606,-0.899658,0.420654,1.152588
1015144606,0.188965,-0.06665,1.017334
1015149606,0.118652,0.159424,0.871094
1015154606,0.07959,0.195312,1.105225
1015159606,0.109619,0.249023,1.14502
1015164606,0.170166,0.163574,1.18042
1015169606,0.138672,0.085449,0.971436
1015174606,0.101563,0.102783,0.922363
1015179606,0.061768,0.141602,0.928467
1015184606,0.11377,0.166504,1.085205
1015189606,0.109375,0.154541,1.025879
1015194606,0.110596,0.189941,1.072754
1015199606,0.117432,0.178467,1.040039
1015204606,-0.200439,0.888916,1.663818
1015209606,-0.026123,0.836426,1.013184
1015214606,-1.245361,0.212158,-0.497314
1015219606,-1.284668,0.640137,0.704346
1015224606,-0.20166,0.367188,1.26001
1015229606,-0.277588,1.587646,-0.097412
1015234606,-0.10791,1.947021,-0.090332
1015239606,-0.034912,0.501953,1.200928
1015244606,0.101563,0.229248,1.078613
1015249606,0.101563,0.160889,0.992187
1015254606,0.040527,0.186523,0.999512
1015259606,0.094238,0.216064,1.018066
1015264606,0.084717,0.179687,1.05835
1015269606,0.094727,0.14624,0.958984
1015274606,0.150391,0.135498,1.060059
1015279606,0.143799,0.146484,1.072754
1015284606,0.121094,0.141113,0.991943
1015289606,0.10791,0.141357,0.982178
1015294606,0.124268,0.156738,1.018799
1015299606,0.11499,0.183105,1.049316
1015304606,0.100098,0.171143,1.029785
1015309606,0.112061,0.166748,1.023682
1015314606,0.104004,0.167236,1.060791
1015319606,0.107666,0.182129,1.04126
1015324606,0.112549,0.183594,1.089844
1015329606,0.08667,0.19043,1.012695
1015334606,0.039795,0.177002,0.972168
1015339606,0.098877,0.172363,1.032227
1015344606,0.098145,0.154053,0.968506
1015349606,0.195801,0.055664,1.05957
1015354606,0.319824,0.393066,-1.241699
1015359606,0.078125,0.389404,-0.669434
1015364606,0.168701,0.275146,1.052246
1015369606,0.052002,0.191162,0.935547
1015374606,0.072998,0.221191,1.038574
1015379606,0.126953,0.163574,1.051758
1015384606,0.098145,0.143799,1.036377
1015389606,0.108887,0.157715,1.027832
1015394606,0.065186,0.22876,1.058838
1015399606,0.085205,0.237305,1.072021
1015404606,0.089355,0.194824,1.02124
1015409606,0.117188,0.14917,1.02832
1015414606,0.127441,0.119873,0.997559
1015419606,0.112305,0.141846,1.00293
1015424606,0.115723,0.155273,1.01001
1015429606,0.09668,0.173584,1.040283
1015434606,0.018311,0.334717,1.326904
1015439606,0.16333,0.199951,1.275879
1015444606,0.168457,0.209473,0.811523
1015449606,0.113281,0.159668,1.061279
1015454606,0.101563,0.033691,1.090088
1015459606,0.072998,0.206055,1.009766
1015464606,0.090332,0.204346,1.016602
1015469606,0.063721,0.219971,1.038818
1015474606,0.088867,0.198975,1.051758
1015479606,0.108398,0.166504,0.998779
1015484606,0.143799,0.138916,1.16333
1015489606,0.101318,0.211914,0.954346
1015494606,0.192871,0.163086,1.124268
1015499606,0.078369,0.220703,0.961426
1015504606,0.102783,0.186279,1.000732
1015509606,0.13916,0.110107,1.008301
1015514606,0.103027,0.121582,1.015625
1015519606,0.094482,0.148926,1.045654
1015524606,0.101563,0.169922,1.061523
1015529606,0.084717,0.179443,1.02124
1015534606,0.100342,0.163574,0.873779
1015539606,0.105713,0.155762,1.123535
1015544606,0.051025,0.105713,0.99707
1015549606,0.141846,0.175293,1.043945
1015554606,0.063721,0.180908,1.070557
1015559606,0.074951,0.191895,1.023438
1015564606,0.113281,0.193115,1.063477
1015569606,0.100098,0.163818,1.02417
1015574606,0.09668,0.166016,1.001953
1015579606,0.133789,0.174316,1.090088
1015584606,0.154053,0.228271,1.097656
1015589606,0.120361,0.272217,1.047607
1015594606,0.166504,0.139404,1.287598
1015599606,0.132324,0.164551,1.118896
1015604606,0.119385,0.1875,1.043701
1015609606,0.064209,0.156494,1.031494
1015614606,0.127441,0.157715,1.054199
1015619606,0.109619,0.121582,1.029785
1015624606,0.022705,0.174316,0.869629
1015629606,0.131836,0.179932,1.145264
1015634606,0.143311,0.164307,1.104248
1015639606,0.156738,0.129395,1.118164
1015644606,0.144775,0.215088,1.186768
1015649606,0.04834,0.228027,1.014404
1015654606,0.12207,0.237305,1.09375
1015659606,0.08667,0.169678,0.996094
1015664606,0.103271,0.187988,0.989258
1015669606,0.118164,0.190674,1.06958
1015674606,0.0979,0.191406,1.012207
1015679606,0.101563,0.666748,1.226807
1015684606,0.069824,0.269775,0.904053
1015689606,0.103271,0.169678,0.996826
1015694606,0.074951,0.15918,0.981934
1015699606,0.146729,0.128418,1.016602
1015704606,0.120361,0.191895,1.033203
1015709606,0.112061,0.932617,1.212402
1015714606,0.099365,0.213623,1.13623
1015719606,0.114014,0.174072,0.955322
1015724606,0.107666,0.187744,1.076172
1015729606,0.125,0.327881,1.100586
1015734606,0.131592,0.329834,1.093262
1015739606,0.092285,0.140625,1.112549
1015744606,0.132324,0.161621,0.983398
1015749606,0.078369,0.483154,1.048828
1015754606,0.146973,0.161621,1.135498
1015759606,0.098877,0.139893,0.707031
1015764606,0.129639,0.243164,0.880371
1015769606,0.132324,0.15625,1.050293
1015774606,0.07666,0.188477,0.965332
1015779606,0.093018,0.169189,1.040039
1015784606,0.104492,0.1604,1.023682
1015789606,0.099365,0.163574,1.009521
1015794606,0.096436,0.160889,1.023438
1015799606,0.105713,0.156982,1.0271
1015804606,0.105469,0.167236,1.020752
1015809606,0.092285,0.185791,1.053223
1015814606,0.107666,0.196533,1.047363
1015819606,0.104248,0.184326,1.033203
1015824606,0.11499,0.167236,1.034424
1015829606,0.12085,0.167969,1.040527
1015834606,0.10791,0.165039,1.026855
1015839606,0.108887,0.168945,1.041016
1015844606,0.11499,0.17041,1.038086
1015849606,0.104004,0.177246,1.032959
1015854606,0.109863,0.164551,1.023682
1015859606,0.111084,0.157227,1.020264
1015864606,0.104004,0.157959,1.01416
1015869606,0.102295,0.166016,1.029785
1015874606,0.098877,0.174561,1.033203
1015879606,0.091064,0.176758,1.032227
1015884606,0.102051,0.179687,1.039063
1015889606,0.106201,0.177002,1.033203
1015894606,0.105957,0.166992,1.037598
1015899606,0.111084,0.169678,1.034668
1015904606,0.105713,0.172607,1.036377
1015909606,0.099854,0.172852,1.029785
1015914606,0.10791,0.171143,1.030518
1015919606,0.109863,0.161133,1.028076
1015924606,0.111572,0.162109,1.021484
1015929606,0.112549,0.157227,1.027832
1015934606,0.100342,0.165283,1.025635
1015939606,0.097168,0.166748,1.030762
1015944606,0.107178,0.173828,1.034424
1015949606,0.10083,0.174561,1.029785
1015954606,0.102295,0.176758,1.032227
1015959606,0.102539,0.179932,1.03833
1015964606,0.101807,0.174561,1.038818
1015969606,0.104248,0.173828,1.049805
1015974606,0.10791,0.175293,1.041748
1015979606,0.106934,0.17334,1.034912
1015984606,0.108154,0.158936,1.030273
1015989606,0.105957,0.160645,1.02124
1015994606,0.10791,0.157959,1.031738
1015999606,0.109863,0.165527,1.033203
1016004606,0.110352,0.170166,1.027832
1016009606,0.104004,0.168213,1.040771
1016014606,0.109131,0.172119,1.038818
1016019606,0.103027,0.171387,1.037598
1016024606,0.106689,0.170166,1.038574
1016029606,0.100342,0.171143,1.042969
1016034606,0.099609,0.17627,1.040283
1016039606,0.099365,0.174561,1.041016
1016044606,0.104736,0.170654,1.045166
1016049606,0.105957,0.168945,1.032715
1016054606,0.108154,0.168457,1.040039
1016059606,0.111572,0.165283,1.030273
1016064606,0.108643,0.16748,1.031494
1016069606,0.108398,0.173096,1.037109
1016074606,0.112549,0.166504,1.027588
1016079606,0.106934,0.167969,1.025879
1016084606,0.10498,0.168701,1.032715
1016089606,0.10083,0.172607,1.0354
1016094606,0.101318,0.177002,1.041748
1016099606,0.106445,0.179687,1.042969
1016104606,0.105469,0.181641,1.043457
1016109606,0.099854,0.175781,1.035156
1016114606,0.105713,0.172607,1.034424
1016119606,0.108643,0.169678,1.031494
1016124606,0.108887,0.164062,1.027588
1016129606,0.111328,0.164551,1.036133
1016134606,0.109619,0.165771,1.029053
1016139606,0.106689,0.168213,1.03125
1016144606,0.110596,0.167969,1.031738
1016149606,0.109619,0.172607,1.039063
1016154606,0.109375,0.16748,1.028809
1016159606,0.103271,0.177246,1.041748
1016164606,0.10791,0.170898,1.037842
1016169606,0.103271,0.17749,1.035156
1016174606,0.101318,0.174561,1.039795
1016179606,0.105469,0.170898,1.032715
1016184606,0.100586,0.165283,1.031006
1016189606,0.101074,0.166992,1.03125
1016194606,0.108887,0.167236,1.026855
1016199606,0.101807,0.167236,1.030273
1016204606,0.110596,0.161865,1.026367
1016209606,0.10498,0.163574,1.027832
1016214606,0.100098,0.168701,1.019531
1016219606,0.104004,0.171387,1.030273
1016224606,0.108154,0.168213,1.031738
1016229606,0.106201,0.17627,1.039063
1016234606,0.108887,0.175049,1.040527
1016239606,0.106201,0.181396,1.028809
1016244606,0.104492,0.173584,1.036621
1016249606,0.113037,0.170166,1.039795
1016254606,0.106445,0.166016,1.038574
1016259606,0.104248,0.169189,1.029541
1016264606,0.106201,0.165771,1.019043
1016269606,0.106201,0.167725,1.01709
1016274606,0.110107,0.168213,1.039795
1016279606,0.104492,0.165771,1.037598
1016284606,0.106445,0.17041,1.030518
1016289606,0.104492,0.172363,1.033936
1016294606,0.104736,0.173584,1.040039
1016299606,0.102295,0.170654,1.032715
1016304606,0.103271,0.167725,1.03418
1016309606,0.105225,0.168945,1.042725
1016314606,0.105469,0.168701,1.031738
1016319606,0.108887,0.178223,1.041992
1016324606,0.104736,0.175293,1.034668
1016329606,0.101074,0.171143,1.029541
1016334606,0.106689,0.172363,1.027832
1016339606,0.108643,0.166748,1.020508
1016344606,0.10498,0.169189,1.032471
1016349606,0.101563,0.16748,1.029053
1016354606,0.105225,0.163574,1.039063
1016359606,0.106201,0.169922,1.04248
1016364606,0.099854,0.17041,1.0271
1016369606,0.112305,0.17334,1.032715
1016374606,0.109863,0.164062,1.035156
1016379606,0.108643,0.169189,1.041748
1016384606,0.108398,0.169189,1.034912
1016389606,0.109375,0.172607,1.032471
1016394606,0.108887,0.174316,1.03418
1016399606,0.104248,0.175781,1.029541
1016404606,0.109131,0.174072,1.040283
1016409606,0.10498,0.17334,1.029053
1016414606,0.104492,0.175049,1.032959
1016419606,0.105469,0.176025,1.036865
1016424606,0.104004,0.171631,1.037598
1016429606,0.109131,0.166504,1.041504
1016434606,0.107422,0.164307,1.041992
1016439606,0.105469,0.164307,1.032471
1016444606,0.105713,0.159912,1.015137
1016449606,0.104736,0.16333,1.033447
1016454606,0.100342,0.157959,1.036377
1016459606,0.107178,0.171387,1.028076
1016464606,0.106934,0.174561,1.029785
1016469606,0.108154,0.170654,1.040771
1016474606,0.107666,0.171875,1.034912
1016479606,0.10376,0.181152,1.034912
1016484606,0.108643,0.177734,1.0354
1016489606,0.10376,0.18042,1.036865
1016494606,0.110352,0.183838,1.037109
1016499606,0.107422,0.177734,1.031494
1016504606,0.108154,0.165771,1.025146
1016509606,0.102783,0.162109,1.030029
1016514606,0.106445,0.15918,1.035889
1016519606,0.105957,0.158691,1.028564
1016524606,0.107666,0.165039,1.025146
1016529606,0.099854,0.159424,1.020752
1016534606,0.101318,0.160889,1.031494
1016539606,0.101807,0.170654,1.031738
1016544606,0.101318,0.171875,1.03418
1016549606,0.105225,0.177246,1.042725
1016554606,0.102539,0.178223,1.036133
1016559606,0.105225,0.178467,1.030518
1016564606,0.106201,0.177002,1.043945
1016569606,0.109863,0.176758,1.041016
1016574606,0.10791,0.174805,1.039551
1016579606,0.10791,0.167725,1.030273
1016584606,0.106689,0.159912,1.024414
1016589606,0.099854,0.155762,1.020996
1016594606,0.109131,0.156494,1.023682
1016599606,0.105713,0.155518,1.027832
1016604606,0.101807,0.161865,1.027588
1016609606,0.099854,0.168945,1.033691
1016614606,0.102295,0.176758,1.038086
1016619606,0.10083,0.178223,1.036865
1016624606,0.099609,0.181152,1.036377
1016629606,0.101807,0.177246,1.031006
1016634606,0.106934,0.175537,1.033203
1016639606,0.105957,0.174805,1.032471
1016644606,0.110107,0.171875,1.035889
1016649606,0.113525,0.173096,1.038818
1016654606,0.113281,0.169678,1.030029
1016659606,0.109863,0.16626,1.030518
1016664606,0.11084,0.16333,1.036377
1016669606,0.109863,0.1604,1.035889
1016674606,0.113037,0.16748,1.045166
1016679606,0.103516,0.177979,1.040283
1016684606,0.107666,0.178467,1.0354
1016689606,0.101074,0.175049,1.033936
1016694606,0.09668,0.17749,1.033203
1016699606,0.104736,0.183594,1.031982
1016704606,0.101563,0.183594,1.031006
1016709606,0.104248,0.176514,1.026855
1016714606,0.09668,0.169922,1.0271
1016719606,0.10376,0.16333,1.032715
1016724606,0.109131,0.163818,1.02417
1016729606,0.108154,0.160889,1.027588
1016734606,0.110352,0.16333,1.032959
1016739606,0.109863,0.164795,1.031738
1016744606,0.101807,0.161865,1.029053
1016749606,0.104492,0.162842,1.022461
1016754606,0.106201,0.168701,1.041016
1016759606,0.101807,0.168457,1.028076
1016764606,0.106445,0.175049,1.044922
1016769606,0.101074,0.171387,1.0271
1016774606,0.09375,0.173096,1.024414
1016779606,0.101563,0.167969,1.021484
1016784606,0.105957,0.173584,1.031982
1016789606,0.106445,0.165039,1.031494
1016794606,0.111572,0.168701,1.030518
1016799606,0.112549,0.166748,1.037354
1016804606,0.114502,0.167969,1.037598
1016809606,0.11084,0.166992,1.03418
1016814606,0.108398,0.16748,1.030029
1016819606,0.104248,0.161133,1.027588
1016824606,0.10376,0.16626,1.031494
1016829606,0.105469,0.168457,1.02832
1016834606,0.102539,0.169678,1.033203
1016839606,0.101074,0.174805,1.032471
1016844606,0.100586,0.172119,1.0354
1016849606,0.101563,0.176025,1.042969
1016854606,0.103027,0.178467,1.05127
1016859606,0.106689,0.174316,1.04248
1016864606,0.105225,0.17627,1.036865
1016869606,0.110596,0.17041,1.032227
1016874606,0.108154,0.167725,1.034668
1016879606,0.107422,0.16333,1.025146
1016884606,0.104736,0.162109,1.023926
1016889606,0.104736,0.162598,1.017822
1016894606,0.103027,0.162354,1.023438
1016899606,0.108154,0.164307,1.026123
1016904606,0.099121,0.166992,1.032227
1016909606,0.102051,0.169678,1.032227
1016914606,0.102539,0.171143,1.037842
1016919606,0.09668,0.167969,1.032715
1016924606,0.100098,0.174805,1.032959
1016929606,0.103271,0.174316,1.033691
1016934606,0.106689,0.170654,1.030762
1016939606,0.104004,0.168945,1.023438
1016944606,0.104004,0.171875,1.027344
1016949606,0.108154,0.166504,1.028076
1016954606,0.106201,0.166992,1.031494
1016959606,0.111328,0.166748,1.031982
1016964606,0.113281,0.171631,1.033447
1016969606,0.110596,0.166992,1.0354
1016974606,0.104248,0.170898,1.032715
1016979606,0.103027,0.169922,1.029053
1016984606,0.10083,0.164551,1.032959
1016989606,0.097656,0.16626,1.026855
1016994606,0.101563,0.173584,1.036377
1016999606,0.101807,0.173828,1.039307
1017004606,0.102783,0.171631,1.034668
1017009606,0.104004,0.175537,1.036621
1017014606,0.102783,0.172607,1.030518
1017019606,0.104492,0.169434,1.040771
1017024606,0.106201,0.170166,1.038818
1017029606,0.107666,0.16748,1.034424
1017034606,0.107178,0.167236,1.031006
1017039606,0.105957,0.167969,1.034424
1017044606,0.105957,0.166016,1.030762
1017049606,0.103271,0.164795,1.034668
1017054606,0.098877,0.169434,1.030273
1017059606,0.102783,0.172119,1.032715
1017064606,0.097412,0.168945,1.042725
1017069606,0.101074,0.169189,1.030273
1017074606,0.10376,0.173584,1.031006
1017079606,0.10498,0.172852,1.029541
1017084606,0.105713,0.167236,1.031006
1017089606,0.105713,0.164551,1.02832
1017094606,0.109619,0.166992,1.032471
1017099606,0.107422,0.168213,1.026855
1017104606,0.108154,0.16748,1.027832
1017109606,0.107422,0.166504,1.026611
1017114606,0.107178,0.165771,1.030762
1017119606,0.108154,0.167969,1.038086
1017124606,0.104492,0.169922,1.02832
1017129606,0.100098,0.171875,1.035645
1017134606,0.10376,0.172852,1.037842
1017139606,0.10376,0.170654,1.035645
1017144606,0.099121,0.172852,1.035889
1017149606,0.101318,0.167236,1.031006
1017154606,0.104004,0.168701,1.032471
1017159606,0.10498,0.168701,1.037109
1017164606,0.109619,0.172119,1.031006
1017169606,0.10376,0.17041,1.030029
1017174606,0.108398,0.172119,1.030029
1017179606,0.108154,0.170654,1.032227
1017184606,0.111084,0.16626,1.032471
1017189606,0.106445,0.166504,1.028564
1017194606,0.108398,0.172363,1.035156
1017199606,0.104248,0.172363,1.033936
1017204606,0.102051,0.169922,1.033691
1017209606,0.101563,0.171875,1.033936
1017214606,0.10498,0.168945,1.032715
1017219606,0.104004,0.169189,1.037109
1017224606,0.108643,0.172607,1.033691
1017229606,0.104004,0.17041,1.032227
1017234606,0.104248,0.166992,1.031006
1017239606,0.108643,0.17041,1.029785
1017244606,0.108643,0.16748,1.028564
1017249606,0.109863,0.164795,1.034668
1017254606,0.110596,0.167725,1.032959
1017259606,0.105469,0.167236,1.029785
1017264606,0.103271,0.169189,1.030029
1017269606,0.10791,0.175293,1.032959
1017274606,0.102539,0.173828,1.034424
1017279606,0.101318,0.169922,1.027832
1017284606,0.103027,0.16748,1.044922
1017289606,0.105469,0.172607,1.041748
1017294606,0.102051,0.168213,1.029785
1017299606,0.099365,0.168457,1.02832
1017304606,0.105469,0.167725,1.03418
1017309606,0.104736,0.164551,1.035645
1017314606,0.108398,0.163574,1.031738
1017319606,0.106445,0.168701,1.030518
1017324606,0.110596,0.165527,1.033936
1017329606,0.106934,0.169189,1.028564
1017334606,0.106445,0.172852,1.031982
1017339606,0.102783,0.174072,1.037598
1017344606,0.10791,0.169189,1.03418
1017349606,0.105469,0.174072,1.032471
1017354606,0.100098,0.172607,1.034424
1017359606,0.102051,0.171631,1.036377
1017364606,0.099609,0.167969,1.033691
1017369606,0.102539,0.166016,1.02832
1017374606,0.104004,0.167236,1.029785
1017379606,0.106689,0.166016,1.03125
1017384606,0.104004,0.168213,1.030029
1017389606,0.102783,0.164551,1.031494
1017394606,0.10498,0.16748,1.031494
1017399606,0.109131,0.17041,1.037598
1017404606,0.108887,0.16626,1.030762
1017409606,0.102051,0.17627,1.024902
1017414606,0.110107,0.169189,1.03833
1017419606,0.109375,0.169922,1.041504
1017424606,0.098633,0.173096,1.021484
1017429606,0.104004,0.171631,1.030273
1017434606,0.109131,0.16626,1.038818
1017439606,0.10083,0.165771,1.030518
1017444606,0.102783,0.165527,1.031494
1017449606,0.101807,0.167969,1.029785
1017454606,0.10498,0.165039,1.027588
1017459606,0.103516,0.171387,1.035889
1017464606,0.107178,0.16748,1.031738
1017469606,0.104004,0.165527,1.03125
1017474606,0.106201,0.17041,1.040283
1017479606,0.107666,0.171387,1.037109
1017484606,0.101318,0.17627,1.034424
1017489606,0.106445,0.173096,1.035645
1017494606,1.588867,-3.723633,-4.0
1017499606,-0.914795,2.235107,-1.29541
1017504606,0.053467,2.089111,-4.0
1017509606,-1.252197,2.41748,-4.0
1017514606,-2.091309,1.037842,-2.342285
1017519606,-0.750488,1.616455,3.999878
1017524606,-0.503906,2.368408,3.999878
1017529606,-0.760742,0.393066,-0.284912
1017534606,0.019775,0.785645,0.917969
1017539606,0.133545,0.121094,1.166504
1017544606,0.074463,0.297363,1.073242
1017549606,0.08667,0.178711,1.040283
1017554606,0.111084,0.181396,1.086182
1017559606,0.130371,0.164307,1.036621
1017564606,-0.195312,-0.064697,0.391602
1017569606,-0.230225,0.105469,0.773193
1017574606,0.172119,0.06665,1.03418
1017579606,0.078369,0.154053,1.034424
1017584606,0.130615,0.144043,1.052246
1017589606,0.084473,0.211426,1.063232
1017594606,0.102539,0.176758,1.045898
1017599606,0.054687,0.087402,0.086914
1017604606,0.001465,0.214844,0.921387
1017609606,0.117188,0.172119,1.000488
1017614606,0.081787,0.179932,1.012695
1017619606,-0.881348,2.486328,-2.442383
1017624606,-3.095215,0.893311,0.152344
1017629606,-1.065186,0.741699,1.158447
1017634606,-0.208252,0.060059,0.954102
1017639606,0.128174,0.162354,1.047119
1017644606,0.076904,0.231201,1.039795
1017649606,0.093262,0.199951,1.030029
1017654606,0.08667,0.152344,1.004883
1017659606,0.118652,0.150635,1.008057
1017664606,0.097656,0.170654,1.03125
1017669606,0.104492,0.155273,1.039795
1017674606,0.106689,0.14502,1.022705
1017679606,0.098633,0.165039,1.004395
1017684606,0.093018,0.181396,1.037598
1017689606,0.106934,0.179932,1.057373
1017694606,0.162842,-0.092041,0.781982
1017699606,-1.866211,1.354736,-0.721191
1017704606,-0.078369,0.245117,1.214355
1017709606,0.10791,0.270264,1.148926
1017714606,0.132812,0.130371,1.083252
1017719606,0.08667,0.217041,1.052979
1017724606,0.093506,0.192627,1.062012
1017729606,0.106201,0.17041,1.029053
1017734606,0.092041,0.157471,1.003662
1017739606,0.102539,0.17041,1.029785
1017744606,0.089844,0.185303,1.050293
1017749606,0.108887,0.148682,1.008789
1017754606,-0.189941,0.098633,0.141357
1017759606,-2.415527,0.486328,-2.242188
1017764606,0.08374,0.068848,1.025391
1017769606,-0.397705,0.193604,0.944824
1017774606,0.217773,0.336182,1.053467
1017779606,0.071777,0.190674,1.042725
1017784606,0.108887,0.168945,1.033691
1017789606,0.102539,0.181152,1.044678
1017794606,0.354736,0.088135,-0.326172
1017799606,0.174072,0.159424,1.250732
1017804606,0.07666,0.20874,1.050049
1017809606,0.159912,0.105469,1.048584
1017814606,0.074463,0.178955,0.897461
1017819606,0.069824,0.173584,0.916748
1017824606,0.091309,0.154297,0.969727
1017829606,0.094727,0.156494,1.014648
1017834606,0.098145,0.172607,1.02002
1017839606,0.098389,0.163818,1.005615
1017844606,0.100586,0.150879,1.01123
1017849606,0.106689,0.156982,1.036621
1017854606,0.108398,0.168945,1.04248
1017859606,0.097168,0.181152,1.036133
1017864606,0.094971,0.173096,1.030762
1017869606,0.093994,0.168213,1.022217
1017874606,0.10083,0.165527,1.03418
1017879606,0.107666,0.172363,1.04248
1017884606,0.101318,0.172607,1.031982
1017889606,0.094238,0.168213,1.026123
1017894606,0.097412,0.177002,1.033447
1017899606,0.104004,0.171387,1.03833
1017904606,0.105225,0.165283,1.037354
1017909606,0.104248,0.161865,1.026367
1017914606,0.09668,0.155029,1.018066
1017919606,0.097656,0.163574,1.026855
1017924606,0.101318,0.166016,1.024414
1017929606,0.100342,0.171387,1.028076
1017934606,0.100098,0.169922,1.031006
1017939606,0.101563,0.165527,1.033203
1017944606,0.105713,0.16626,1.037598
1017949606,0.107178,0.17041,1.040527
1017954606,0.105957,0.178711,1.042236
1017959606,0.10376,0.177734,1.041748
1017964606,0.099121,0.168945,1.039063
1017969606,0.096924,0.161133,1.02832
1017974606,0.103516,0.164062,1.01709
1017979606,0.10083,0.16748,1.02417
1017984606,0.095703,0.162598,1.025635
1017989606,0.098389,0.16626,1.022705
1017994606,0.100342,0.172119,1.037109
1017999606,0.098633,0.162842,1.03125
1018004606,0.099854,0.165527,1.0354
1018009606,0.105469,0.162109,1.023438
1018014606,0.096191,0.162354,1.03125
1018019606,0.098633,0.16748,1.034424
1018024606,0.091797,0.168213,1.040527
1018029606,0.093018,0.167236,1.0354
1018034606,0.093018,0.160889,1.029785
1018039606,0.101074,0.159668,1.031982
1018044606,0.094727,0.153076,1.033203
1018049606,0.100342,0.163818,1.028564
1018054606,0.101074,0.169434,1.035156
1018059606,0.102051,0.174072,1.035645
1018064606,0.106445,0.178223,1.031006
1018069606,0.113281,0.176514,1.025879
1018074606,0.114014,0.170654,1.031982
1018079606,0.106934,0.176514,1.036133
1018084606,0.106934,0.176758,1.045166
1018089606,0.101563,0.172363,1.037842
1018094606,0.099121,0.173584,1.034424
1018099606,0.09375,0.169434,1.032227
1018104606,0.09375,0.159912,1.028809
1018109606,0.095215,0.154541,1.021729
1018114606,0.099121,0.15625,1.025635
1018119606,0.096924,0.157471,1.026123
1018124606,0.101563,0.156494,1.031006
1018129606,0.102295,0.161377,1.035156
1018134606,0.107422,0.162354,1.044434
1018139606,0.105225,0.164062,1.040527
1018144606,0.106201,0.17334,1.031494
1018149606,0.104004,0.177246,1.029297
1018154606,0.099609,0.174561,1.030762
1018159606,0.101318,0.176514,1.033936
1018164606,0.101563,0.173584,1.023682
1018169606,0.093506,0.16626,1.023193
1018174606,0.09668,0.164062,1.026123
1018179606,0.103516,0.177246,1.026611
1018184606,0.092041,0.162842,1.032715
1018189606,0.092773,0.16333,1.031006
1018194606,0.099121,0.165283,1.031006
1018199606,0.095459,0.161377,1.031494
1018204606,0.100342,0.164551,1.031738
1018209606,0.104248,0.167236,1.030029
1018214606,0.101318,0.161621,1.036377
1018219606,0.105713,0.161621,1.030518
1018224606,0.099121,0.162598,1.031494
1018229606,0.097168,0.165771,1.030518
1018234606,0.101074,0.164307,1.030518
1018239606,0.099121,0.17041,1.028076
1018244606,0.095947,0.167725,1.026367
1018249606,0.09668,0.165527,1.024658
1018254606,0.101318,0.168701,1.026611
1018259606,0.098145,0.163818,1.020508
1018264606,0.104004,0.161865,1.034668
1018269606,0.102539,0.158936,1.023682
1018274606,0.104248,0.162109,1.022705
1018279606,0.103027,0.163818,1.0271
1018284606,0.104736,0.170166,1.030029
1018289606,0.102539,0.170898,1.030273
1018294606,0.099121,0.173096,1.028076
1018299606,0.096924,0.171143,1.032471
1018304606,0.095947,0.17334,1.030029
1018309606,0.096191,0.177734,1.035645
1018314606,0.092773,0.175537,1.047363
1018319606,0.0979,0.171387,1.039795
1018324606,0.09668,0.171387,1.046143
1018329606,0.09668,0.170654,1.041992
1018334606,0.101563,0.165283,1.047363
1018339606,0.103027,0.167725,1.047119
1018344606,0.103271,0.162109,1.040283
1018349606,0.098145,0.167725,1.046387
1018354606,0.106689,0.167969,1.04248
1018359606,0.105713,0.166992,1.035156
1018364606,0.112549,0.177246,1.031982
1018369606,0.108154,0.178711,1.032959
1018374606,0.112549,0.18042,1.036377
1018379606,0.115723,0.179932,1.03833
1018384606,0.108398,0.179199,1.032471
1018389606,0.110107,0.172363,1.028809
1018394606,0.104248,0.168701,1.031006
1018399606,0.10498,0.165039,1.039063
1018404606,0.098877,0.166016,1.03418
1018409606,0.096924,0.157959,1.032471
1018414606,0.096436,0.155029,1.029541
1018419606,0.095703,0.154297,1.030762
1018424606,0.092773,0.157959,1.025391
1018429606,0.098389,0.162354,1.025879
1018434606,0.103271,0.166016,1.03125
1018439606,0.097656,0.16748,1.031006
1018444606,0.104004,0.173096,1.03125
1018449606,0.10083,0.176514,1.028809
1018454606,0.098389,0.176514,1.030273
1018459606,0.096191,0.178467,1.035889
1018464606,0.095459,0.178711,1.040771
1018469606,0.099365,0.174072,1.036377
1018474606,0.099365,0.170654,1.035645
1018479606,0.101318,0.166748,1.036133
1018484606,0.102539,0.16626,1.033936
1018489606,0.100342,0.162842,1.0354
1018494606,0.100342,0.158447,1.032227
1018499606,0.101807,0.153564,1.028076
1018504606,0.102783,0.155518,1.030029
1018509606,0.107178,0.164795,1.026611
1018514606,0.100342,0.168457,1.036621
1018519606,0.104492,0.169434,1.032715
1018524606,0.106201,0.172607,1.034912
1018529606,0.106201,0.175537,1.035645
1018534606,0.10083,0.175293,1.022217
1018539606,0.102783,0.175293,1.037842
1018544606,0.105225,0.174316,1.033691
1018549606,0.100342,0.174561,1.036865
1018554606,0.101807,0.175537,1.038086
1018559606,0.102295,0.165527,1.030762
1018564606,0.097412,0.163818,1.030273
1018569606,0.10498,0.162354,1.034424
1018574606,0.101318,0.161133,1.024902
1018579606,0.099365,0.157471,1.025391
1018584606,0.101563,0.164795,1.031738
1018589606,0.100098,0.161865,1.036133
1018594606,0.095459,0.161621,1.030518
1018599606,0.103271,0.169678,1.035889
1018604606,0.094971,0.168945,1.038086
1018609606,0.099609,0.172852,1.039795
1018614606,0.098877,0.170898,1.030762
1018619606,0.09668,0.170166,1.04126
1018624606,0.104004,0.17334,1.036621
1018629606,0.104736,0.170898,1.032715
1018634606,0.107666,0.171631,1.030762
1018639606,0.107178,0.169678,1.028076
1018644606,0.099854,0.168701,1.026611
1018649606,0.103027,0.166992,1.022217
1018654606,0.101807,0.169678,1.036865
1018659606,0.101807,0.162842,1.030029
1018664606,0.10083,0.164795,1.031738
1018669606,0.101074,0.162598,1.036865
1018674606,0.099121,0.168701,1.033203
1018679606,0.100342,0.167236,1.03833
1018684606,0.097412,0.166992,1.033936
1018689606,0.098877,0.168213,1.031982
1018694606,0.099121,0.169678,1.033203
1018699606,0.101074,0.167725,1.02832
1018704606,0.102295,0.167969,1.032471
1018709606,0.105225,0.166992,1.029297
1018714606,0.106934,0.168457,1.030762
1018719606,0.109131,0.17041,1.033936
1018724606,0.10791,0.167725,1.030273
1018729606,0.104736,0.164795,1.025879
1018734606,0.098633,0.166504,1.03125
1018739606,0.102783,0.164551,1.033203
1018744606,0.105225,0.164062,1.038086
1018749606,0.102051,0.163574,1.039307
1018754606,0.10083,0.164795,1.043457
1018759606,0.102539,0.167236,1.040039
1018764606,0.097656,0.16626,1.036621
1018769606,0.097168,0.170898,1.032959
1018774606,0.10083,0.168945,1.027344
1018779606,0.103271,0.169922,1.030273
1018784606,0.104248,0.168701,1.025635
1018789606,0.104004,0.174316,1.02832
1018794606,0.102783,0.166504,1.032227
1018799606,0.105469,0.174805,1.036133
1018804606,0.102051,0.169189,1.036621
1018809606,0.10498,0.168213,1.031982
1018814606,0.104736,0.16626,1.033447
1018819606,0.101563,0.168457,1.040039
1018824606,0.101318,0.164062,1.037842
1018829606,0.098877,0.16333,1.036621
1018834606,0.103027,0.163086,1.032959
1018839606,0.104248,0.170166,1.034668
1018844606,0.098877,0.16333,1.02832
1018849606,0.101563,0.167236,1.031738
1018854606,0.099121,0.170654,1.031982
1018859606,0.099854,0.16748,1.03125
1018864606,0.101807,0.16626,1.029785
1018869606,0.101563,0.17041,1.037598
1018874606,0.102783,0.169189,1.02832
1018879606,0.101807,0.172852,1.032471
1018884606,0.103271,0.170898,1.036133
1018889606,0.100586,0.171875,1.036377
1018894606,0.098145,0.169189,1.037598
1018899606,0.104736,0.171143,1.031738
1018904606,0.097412,0.169189,1.029297
1018909606,0.100342,0.175293,1.031006
1018914606,0.101563,0.172852,1.036377
1018919606,0.100586,0.170898,1.037354
1018924606,0.101807,0.178955,1.033691
1018929606,0.103027,0.172607,1.031982
1018934606,0.097168,0.170166,1.033447
1018939606,0.101318,0.167236,1.031982
1018944606,0.10083,0.165283,1.025879
1018949606,0.105713,0.161377,1.033936
1018954606,0.105469,0.16626,1.032227
1018959606,0.106689,0.15918,1.034424
1018964606,0.097168,0.163086,1.028809
1018969606,0.096924,0.162842,1.016846
1018974606,0.099854,0.160645,1.031006
1018979606,0.104248,0.160889,1.030762
1018984606,0.098145,0.167969,1.028564
1018989606,0.099365,0.169922,1.027832
1018994606,0.102783,0.17041,1.030762
1018999606,0.097412,0.174561,1.036377
1019004606,0.10376,0.172363,1.031738
1019009606,0.108887,0.177734,1.033203
1019014606,0.104248,0.172607,1.028809
1019019606,0.103516,0.172363,1.024414
1019024606,0.099365,0.163574,1.027588
1019029606,0.106934,0.169189,1.032715
1019034606,0.103027,0.163574,1.031006
1019039606,0.098877,0.165527,1.022949
1019044606,0.101807,0.160889,1.022705
1019049606,0.101807,0.156982,1.031006
1019054606,0.10083,0.15625,1.031982
1019059606,0.10083,0.166504,1.034668
1019064606,0.100342,0.162842,1.036865
1019069606,0.098877,0.168457,1.032227
1019074606,0.102295,0.17041,1.035156
1019079606,0.102783,0.171875,1.036377
1019084606,0.099854,0.168213,1.033691
1019089606,0.102051,0.171143,1.039795
1019094606,0.101807,0.173584,1.03418
1019099606,0.0979,0.171875,1.032471
1019104606,0.103271,0.169922,1.033203
1019109606,0.099609,0.165771,1.02417
1019114606,0.098145,0.164551,1.025879
1019119606,0.103516,0.168457,1.027588
1019124606,0.102539,0.167236,1.03418
1019129606,0.101074,0.166992,1.036865
1019134606,0.102539,0.165527,1.031494
1019139606,0.099121,0.1604,1.026855
1019144606,0.101807,0.16333,1.026611
1019149606,0.104248,0.169434,1.032471
1019154606,0.104492,0.169922,1.038086
1019159606,0.102051,0.168457,1.034912
1019164606,0.099609,0.163086,1.026367
1019169606,0.103516,0.16626,1.030762
1019174606,0.0979,0.170166,1.023193
1019179606,0.101563,0.17041,1.030273
1019184606,0.098389,0.171875,1.030029
1019189606,0.103271,0.172852,1.037842
1019194606,0.100098,0.172119,1.037598
1019199606,0.101074,0.169434,1.038574
1019204606,0.0979,0.164551,1.02832
1019209606,0.097412,0.167236,1.039795
1019214606,0.098633,0.171631,1.035889
1019219606,0.098389,0.169189,1.030762
1019224606,0.101074,0.170166,1.026855
1019229606,0.100342,0.16748,1.031738
1019234606,0.098389,0.162598,1.023682
1019239606,0.099121,0.16748,1.028076
1019244606,0.099609,0.171143,1.029053
1019249606,0.10376,0.168701,1.027832
1019254606,0.095703,0.169678,1.023682
1019259606,0.100586,0.166748,1.025146
1019264606,0.099609,0.166504,1.031006
1019269606,0.10376,0.162842,1.030518
1019274606,0.104004,0.16626,1.036377
1019279606,0.101074,0.171387,1.036621
1019284606,0.102295,0.168945,1.042725
1019289606,0.104492,0.165283,1.037354
1019294606,0.10498,0.165283,1.041504
1019299606,0.10498,0.167236,1.042725
1019304606,0.10083,0.167725,1.030762
1019309606,0.103271,0.168457,1.034668
1019314606,0.102295,0.165771,1.02417
1019319606,0.101074,0.165283,1.026367
1019324606,0.099121,0.168457,1.026123
1019329606,0.104492,0.172119,1.029297
1019334606,0.101807,0.169189,1.039063
1019339606,0.107178,0.171143,1.03418
1019344606,0.098633,0.168701,1.030273
1019349606,0.103027,0.169922,1.032227
1019354606,0.099121,0.170654,1.025391
1019359606,0.09375,0.169922,1.032959
1019364606,0.096924,0.166992,1.026367
1019369606,0.099365,0.161133,1.03125
1019374606,0.102295,0.165527,1.029541
1019379606,0.104736,0.16333,1.027344
1019384606,0.0979,0.164551,1.030273
1019389606,0.10791,0.167236,1.024902
1019394606,0.102783,0.161621,1.028076
1019399606,0.102539,0.168213,1.031494
1019404606,0.097656,0.169189,1.032715
1019409606,0.098633,0.165283,1.029785
1019414606,0.099609,0.170898,1.031006
1019419606,0.102295,0.172852,1.025391
1019424606,0.101807,0.167725,1.034912
1019429606,0.096191,0.166016,1.02417
1019434606,0.102539,0.166748,1.036621
1019439606,0.099854,0.17334,1.031494
1019444606,0.101318,0.169922,1.0354
1019449606,0.096191,0.168457,1.036133
1019454606,0.101563,0.166992,1.029785
1019459606,0.105225,0.166504,1.031982
1019464606,0.10083,0.165527,1.030518
1019469606,0.099365,0.164062,1.024658
1019474606,0.105713,0.16626,1.039307
1019479606,0.102783,0.168701,1.034424
1019484606,0.103271,0.170166,1.030762
1019489606,0.102783,0.167236,1.029541
1019494606,0.098877,0.16748,1.026855
1019499606,0.099365,0.172363,1.0271
1019504606,0.101563,0.170166,1.030273
1019509606,0.098389,0.169922,1.032715
1019514606,0.098389,0.169922,1.031006
1019519606,0.102539,0.166992,1.032715
1019524606,0.098877,0.164307,1.030762
1019529606,0.099609,0.166992,1.0354
1019534606,0.101563,0.167969,1.036377
1019539606,0.099121,0.168945,1.031494
1019544606,0.094727,0.166992,1.031494
1019549606,0.102295,0.161865,1.029785
1019554606,0.098877,0.164551,1.022217
1019559606,0.098877,0.166504,1.03125
1019564606,0.099854,0.167969,1.029541
1019569606,0.101318,0.167969,1.031982
1019574606,0.100342,0.166504,1.027344
1019579606,0.103027,0.166504,1.029297
1019584606,0.100342,0.164795,1.032715
1019589606,0.098877,0.16626,1.030029
1019594606,0.096924,0.16748,1.034424
1019599606,0.097412,0.168213,1.029541
1019604606,0.097656,0.169922,1.030273
1019609606,0.098389,0.166504,1.031006
1019614606,0.106689,0.175049,1.025391
1019619606,0.101563,0.172852,1.036377
1019624606,0.101318,0.170166,1.031982
1019629606,0.102783,0.168457,1.029297
1019634606,0.097412,0.165771,1.030029
1019639606,0.10083,0.165039,1.023682
1019644606,0.098145,0.165039,1.027832
1019649606,0.101807,0.164551,1.033203
1019654606,0.103271,0.165771,1.031738
1019659606,0.100342,0.165771,1.031494
1019664606,0.09668,0.162842,1.033447
1019669606,0.104248,0.166016,1.040771
1019674606,0.102295,0.164551,1.03125
1019679606,0.105225,0.170898,1.0354
1019684606,0.100098,0.169189,1.022705
1019689606,0.097412,0.168457,1.024902
1019694606,0.098389,0.168701,1.032227
1019699606,0.102539,0.167725,1.035889
1019704606,0.100342,0.171143,1.034424
1019709606,0.108154,0.174316,1.037354
1019714606,0.10498,0.169922,1.033936
1019719606,0.10376,0.165283,1.027588
1019724606,0.098145,0.169189,1.028564
1019729606,0.100586,0.162354,1.027588
1019734606,0.095459,0.16748,1.031982
1019739606,0.098877,0.16626,1.035645
1019744606,0.100342,0.163086,1.030518
1019749606,0.100342,0.16748,1.03125
1019754606,0.102783,0.166748,1.028809
1019759606,0.101563,0.165283,1.028076
1019764606,0.098877,0.16748,1.024658
1019769606,0.104736,0.168457,1.03418
1019774606,0.100098,0.168945,1.031982
1019779606,0.102539,0.168457,1.032715
1019784606,0.102539,0.170166,1.031738
1019789606,0.105469,0.172119,1.039307
1019794606,0.102295,0.168457,1.029053
1019799606,0.09668,0.166748,1.026611
1019804606,0.098145,0.166992,1.030762
1019809606,0.103271,0.169922,1.029541
1019814606,0.102539,0.167236,1.027344
1019819606,0.101074,0.166748,1.031738
1019824606,0.099609,0.16626,1.037109
1019829606,0.103271,0.166016,1.033691
1019834606,0.101074,0.16626,1.032715
1019839606,0.104492,0.168457,1.029541
1019844606,0.102051,0.169922,1.036133
1019849606,0.10083,0.171143,1.03833
1019854606,0.104492,0.170898,1.033936
1019859606,0.101563,0.174805,1.034668
1019864606,0.101318,0.171387,1.031738
1019869606,0.094482,0.172363,1.024902
1019874606,0.101318,0.168213,1.035645
1019879606,0.103271,0.170166,1.031494
1019884606,0.099854,0.169189,1.036865
1019889606,0.102051,0.163086,1.028809
1019894606,0.102051,0.163818,1.028076
1019899606,0.102783,0.16748,1.030273
1019904606,0.101074,0.16748,1.022949
1019909606,0.102539,0.165039,1.031494
1019914606,0.104004,0.16748,1.036377
1019919606,0.103027,0.170166,1.036865
1019924606,0.098877,0.167725,1.029053
1019929606,0.105957,0.170898,1.030029
1019934606,0.10083,0.170898,1.032227
1019939606,0.100342,0.17041,1.028076
1019944606,0.098633,0.166992,1.026367
1019949606,0.102295,0.168457,1.037598
1019954606,0.098877,0.167236,1.031494
1019959606,0.101563,0.171631,1.035645
1019964606,0.102295,0.168701,1.033691
1019969606,0.101074,0.167725,1.032715
1019974606,0.101318,0.161377,1.025146
1019979606,0.106201,0.170898,1.029297
1019984606,0.102783,0.16748,1.031738
1019989606,0.103271,0.168701,1.0354
1019994606,0.101318,0.170898,1.029053
1019999606,0.102539,0.169922,1.028564
1020004606,0.101074,0.16748,1.026367
1020009606,0.101074,0.166016,1.037598
1020014606,0.095459,0.167725,1.036133
1020019606,0.102295,0.17041,1.042969
1020024606,0.098877,0.172119,1.0354
1020029606,0.100098,0.16748,1.031006
1020034606,0.0979,0.168945,1.032471
1020039606,0.10083,0.172852,1.031738
1020044606,0.098877,0.165527,1.029785
1020049606,0.100342,0.17041,1.036621
1020054606,0.103027,0.170654,1.034424
1020059606,0.101807,0.166504,1.028809
1020064606,0.10376,0.171143,1.030273
1020069606,0.098877,0.166504,1.029297
1020074606,0.103271,0.169922,1.028076
1020079606,0.10498,0.16333,1.034912
1020084606,0.104736,0.168701,1.033691
1020089606,0.100342,0.168457,1.031738
1020094606,0.099365,0.164795,1.036621
1020099606,0.103516,0.168701,1.035889
1020104606,0.102051,0.168457,1.033447
1020109606,0.10083,0.167969,1.031982
1020114606,0.098877,0.172119,1.034424
1020119606,0.104248,0.168457,1.034912
1020124606,0.098389,0.166992,1.033691
1020129606,0.104492,0.166504,1.038574
1020134606,0.10083,0.168945,1.029297
