timestamp_us,x_g,y_g,z_g
3437534617,0.188232,0.216553,1.01001
3437539617,0.186035,0.216064,1.007813
3437544617,0.190674,0.219238,1.013184
3437549617,0.186768,0.21875,1.009033
3437554617,0.188232,0.216309,1.011963
3437559617,0.190918,0.215088,1.003662
3437564617,0.19043,0.221436,1.011719
3437569617,0.186768,0.219482,1.007324
3437574617,0.186279,0.218994,1.005371
3437579617,0.187012,0.218262,1.005859
3437584617,0.191406,0.222168,1.011963
3437589617,0.185791,0.219238,1.007568
3437594617,0.185791,0.22168,1.009766
3437599617,0.192383,0.222168,1.013672
3437604617,0.189697,0.216309,1.018555
3437609617,0.188721,0.219971,1.010498
3437614617,0.183594,0.215332,1.009766
3437619617,0.184326,0.216309,1.000488
3437624617,0.191162,0.219971,1.005127
3437629617,0.187988,0.222168,1.010254
3437634617,0.189209,0.219727,1.016846
3437639617,0.193604,0.217529,1.007813
3437644617,0.192871,0.21582,1.011719
3437649617,0.189209,0.219482,1.013184
3437654617,0.191162,0.217773,1.005859
3437659617,0.185303,0.221191,1.002197
3437664617,0.189209,0.222412,1.014404
3437669617,0.192139,0.218994,1.007813
3437674617,0.188721,0.218994,1.009766
3437679617,0.19165,0.218506,1.011475
3437684617,0.186279,0.218994,1.008057
3437689617,0.18335,0.214111,1.003418
3437694617,0.185547,0.21582,1.008789
3437699617,0.185303,0.219238,1.000732
3437704617,0.189697,0.213867,1.015137
3437709617,0.191162,0.217041,1.006592
3437714617,0.192139,0.218262,1.012207
3437719617,0.186523,0.215088,1.005859
3437724617,0.186279,0.218262,1.01001
3437729617,0.184326,0.217529,1.009766
3437734617,0.187256,0.221436,1.006836
3437739617,0.187256,0.214844,1.007813
3437744617,0.187988,0.218506,1.003174
3437749617,0.19043,0.221436,1.013184
3437754617,0.183594,0.220215,1.008057
3437759617,0.188232,0.215332,1.016602
3437764617,0.187744,0.21582,1.006592
3437769617,0.192383,0.217529,1.009766
3437774617,0.185547,0.218506,1.006348
3437779617,0.192383,0.217529,1.013428
3437784617,0.189453,0.217041,1.01001
3437789617,0.184814,0.21582,1.006836
3437794617,0.183838,0.217285,1.012695
3437799617,0.187256,0.219482,1.01001
3437804617,0.186279,0.218506,1.012451
3437809617,0.187012,0.217773,1.010254
3437814617,0.191162,0.219727,1.010254
3437819617,0.182129,0.21582,0.999512
3437824617,0.188232,0.222168,1.013916
3437829617,0.183838,0.220459,1.006592
3437834617,0.185791,0.218506,1.005127
3437839617,0.1875,0.217285,1.01001
3437844617,0.186279,0.21875,1.012695
3437849617,0.1875,0.218506,1.008545
3437854617,0.185303,0.219727,1.010498
3437859617,0.187012,0.215088,1.00708
3437864617,0.185059,0.217529,1.013916
3437869617,0.182373,0.219482,1.014404
3437874617,0.189941,0.217773,1.006836
3437879617,0.188477,0.217285,1.00708
3437884617,0.186035,0.216064,1.006836
3437889617,0.185059,0.2146,1.01123
3437894617,0.184326,0.214844,1.005127
3437899617,0.18335,0.218018,1.005371
3440554617,0.217041,0.227051,0.990967
3440569617,0.180908,0.213135,0.988281
3440574617,0.178711,0.212891,0.994873
3440579617,0.18335,0.228027,1.008545
3440584617,0.193848,0.221191,1.023193
3440589617,0.17749,0.219727,1.00293
3440594617,0.181885,0.217041,1.019287
3440599617,0.186523,0.220459,1.016602
3440604617,0.187012,0.215332,1.015625
3440609617,0.189453,0.2146,1.013916
3440614617,0.186523,0.213867,1.0
3440619617,0.186279,0.210449,1.010742
3440624617,0.187012,0.220947,1.002686
3440629617,0.19043,0.214844,1.008789
3440634617,0.1875,0.218994,1.003906
3440639617,0.193115,0.220459,1.009033
3440644617,0.179687,0.216064,1.006348
3440649617,0.181396,0.21167,1.016357
3440654617,0.176514,0.220703,1.012451
3440659617,0.18042,0.212646,1.001709
3440664617,0.193848,0.221436,1.031982
3440669617,0.171387,0.216309,1.002441
3440674617,0.1875,0.217773,0.997803
3440679617,0.194092,0.222656,1.014404
3440684617,0.185791,0.220703,1.003174
3440689617,0.191406,0.215088,1.001465
3440694617,0.190674,0.216797,1.008545
3440699617,0.19043,0.21167,1.010254
3440704617,0.189209,0.216797,1.007324
3440709617,0.186523,0.213379,1.001709
3440714617,0.182373,0.215088,1.00415
3440719617,0.188721,0.212891,1.004639
3440724617,0.187744,0.21167,1.009277
3440729617,0.180176,0.213623,1.01123
3440734617,0.18335,0.216309,1.006836
3440739617,0.18335,0.215576,1.013428
3440744617,0.1875,0.217285,1.021973
3440749617,0.191162,0.219971,1.012451
3440754617,0.188477,0.21875,1.00415
3440759617,0.192139,0.21875,0.999756
3440764617,0.188232,0.218018,1.006348
3440769617,0.188965,0.219482,1.002441
3440774617,0.19165,0.22168,1.008301
3440779617,0.194336,0.223633,1.01001
3440784617,0.190674,0.220215,1.004883
3440789617,0.184326,0.218506,1.005371
3440794617,0.191895,0.214355,1.005371
3440799617,0.185547,0.210205,1.006104
3440804617,0.18335,0.2146,1.007324
3440809617,0.185547,0.218018,1.014648
3440814617,0.186279,0.214111,1.016846
3440819617,0.186035,0.219238,1.017334
3440824617,0.184326,0.223633,1.005371
3440829617,0.182617,0.219727,1.005615
3440834617,0.186279,0.22583,1.009033
3440839617,0.187744,0.222412,1.014404
3440844617,0.186035,0.21875,1.00293
3440849617,0.185303,0.216797,1.012207
3440854617,0.194092,0.221436,1.017822
3440859617,0.187256,0.217529,1.005615
3440864617,0.184814,0.215332,1.005127
3440869617,0.188232,0.218994,1.012207
3440874617,0.191162,0.215576,1.004883
3440879617,0.179932,0.212402,0.998047
3440884617,0.19043,0.217041,1.008057
3440889617,0.188232,0.218018,1.01416
3440894617,0.181396,0.220215,1.00708
3440899617,0.189209,0.220215,1.008301
3440904617,0.182373,0.217529,1.008301
3440909617,0.182617,0.214844,1.003662
3440914617,0.194824,0.226807,1.017334
3440919617,0.185547,0.219971,1.017578
3440924617,0.181885,0.216797,1.0
3440929617,0.196533,0.220215,1.018555
3440934617,0.191895,0.219727,1.01416
3440939617,0.186768,0.216797,1.00415
3440944617,0.192383,0.220947,1.006104
3440949617,0.193604,0.210937,1.013916
3440954617,0.187744,0.215088,1.013428
3440959617,0.184082,0.216797,1.000488
3440964617,0.189209,0.220703,1.019287
3440969617,0.183105,0.217773,1.001221
3440974617,0.192627,0.219971,1.016602
3440979617,0.18042,0.219482,1.010742
3440984617,0.179199,0.219482,1.005615
3440989617,0.189941,0.222168,1.013672
3440994617,0.187744,0.218018,1.001221
3440999617,0.186768,0.220215,1.013184
3441004617,0.191162,0.218994,1.013184
3441009617,0.197754,0.217041,1.017334
3441014617,0.188232,0.214355,1.011719
3441019617,0.175293,0.213135,0.990723
3441024617,0.191895,0.218262,1.016846
3441029617,0.192383,0.215576,1.015869
3441034617,0.182373,0.213379,1.008301
3441039617,0.192139,0.219971,1.010498
3441044617,0.187012,0.221191,1.014648
3441049617,0.186279,0.21582,1.013916
3441054617,0.188721,0.223145,1.011719
3441059617,0.189453,0.222656,1.005859
3441064617,0.192871,0.219971,1.008057
3441069617,0.189453,0.22998,0.984863
3441074617,0.190186,0.219971,1.018799
3441079617,0.19043,0.220947,1.012451
3441084617,0.191406,0.225098,1.007813
3441089617,0.177002,0.227295,1.005859
3441094617,0.183838,0.222412,1.004395
3441099617,0.189453,0.220215,1.007813
3441104617,0.182373,0.216553,1.012695
3441109617,0.186523,0.223633,1.009521
3441114617,0.189697,0.212402,1.015869
3441119617,0.18457,0.213379,1.003418
3441124617,0.182617,0.206299,1.006592
3441129617,0.187012,0.216553,1.009277
3441134617,0.191895,0.213623,0.999023
3441139617,0.194336,0.221924,1.006104
3441144617,0.197754,0.22168,1.008545
3441149617,0.191406,0.218262,1.014648
3441154617,0.181396,0.220215,1.007568
3441159617,0.19043,0.219238,1.005371
3441164617,0.195312,0.225098,1.018311
3441169617,0.184082,0.227295,1.005127
3441174617,0.189453,0.2229,1.005615
3441179617,0.188232,0.222168,1.010986
3441184617,0.185059,0.219238,1.012695
3441189617,0.188721,0.214844,1.02124
3441194617,0.184082,0.211914,1.010254
3441199617,0.187988,0.210693,1.001465
3441204617,0.185303,0.209717,1.009521
3441209617,0.187988,0.212402,1.008545
3441214617,0.189697,0.214111,1.009033
3441219617,0.184082,0.217041,1.013428
3441224617,0.185059,0.218018,1.010986
3441229617,0.189941,0.213135,1.010986
3441234617,0.186523,0.218018,1.015381
3441239617,0.188721,0.220947,1.006592
3441244617,0.186035,0.222656,1.009766
3441249617,0.188232,0.220459,1.021729
3441254617,0.186523,0.221924,1.01001
3441259617,0.182617,0.222656,1.006104
3441264617,0.190674,0.217285,1.004395
3441269617,0.190674,0.220703,1.01416
3441274617,0.186279,0.21582,1.015869
3441279617,0.187012,0.213867,1.00415
3441284617,0.185791,0.214111,1.007813
3441289617,0.187744,0.210937,1.007813
3441294617,0.185303,0.219238,1.005371
3441299617,0.187744,0.217773,1.013184
3441304617,0.184082,0.213135,1.016846
3441309617,0.183838,0.217285,1.005615
3441314617,0.189453,0.219727,1.000488
3441319617,0.186279,0.217529,1.006592
3441324617,0.188721,0.217529,1.023193
3441329617,0.187744,0.220215,1.011719
3441334617,0.185303,0.218506,1.00708
3441339617,0.186523,0.223633,1.007568
3441344617,0.188477,0.216309,1.009033
3441349617,0.188232,0.217773,1.010986
3441354617,0.188721,0.216553,1.013428
3441359617,0.189209,0.216309,1.011475
3441364617,0.192139,0.216797,1.013184
3441369617,0.188477,0.205811,1.008789
3441374617,0.190186,0.212891,1.008057
3441379617,0.18457,0.215576,1.005127
3441384617,0.187012,0.209229,1.010254
3441389617,0.183838,0.21167,1.013184
3441394617,0.183838,0.216064,1.001953
3441399617,0.187744,0.211914,1.013428
3441404617,0.189941,0.217285,1.006104
3441409617,0.187256,0.218994,1.011719
3441414617,0.191895,0.219727,1.010986
3441419617,0.19165,0.215576,1.008789
3441424617,0.18457,0.221436,1.012695
3441429617,0.188477,0.224365,1.005127
3441434617,0.187012,0.220459,1.012451
3441439617,0.19043,0.227051,1.008301
3441444617,0.185059,0.219482,1.003174
3441449617,0.185791,0.218994,1.000488
3441454617,0.190186,0.216309,1.006836
3441459617,0.187988,0.219238,1.016846
3441464617,0.185791,0.216309,1.015381
3441469617,0.186523,0.213623,1.004883
3441474617,0.1875,0.216797,1.015869
3441479617,0.188721,0.220703,1.01416
3441484617,0.188232,0.216309,1.005615
3441489617,0.182129,0.216553,1.007568
3441494617,0.186279,0.218018,1.006836
3441499617,0.187988,0.221924,1.008057
3441504617,0.185791,0.218506,1.008057
3441509617,0.188477,0.221436,1.00708
3441514617,0.190186,0.221436,1.010986
3441519617,0.188232,0.220215,1.014404
3441524617,0.191895,0.219482,1.016602
3441529617,0.186035,0.217285,1.009277
3441534617,0.185547,0.217041,1.008057
3441539617,0.189453,0.219238,1.005859
3441544617,0.185547,0.218018,1.005859
3441549617,0.185303,0.215576,1.007568
3441554617,0.188232,0.216553,1.008545
3441559617,0.187988,0.218506,1.00415
3441564617,0.190918,0.21582,1.010254
3441569617,0.188232,0.216553,1.008545
3441574617,0.184814,0.219482,1.005615
3441579617,0.183838,0.222656,1.014893
3441584617,0.184814,0.215332,1.00708
3441589617,0.185791,0.215088,1.008789
3441594617,0.187744,0.217529,1.013184
3441599617,0.181885,0.216309,1.009033
3441604617,0.185547,0.219727,1.010498
3441609617,0.186523,0.217285,1.007324
3441614617,0.189209,0.217773,1.006836
3441619617,0.187988,0.218262,1.011719
3441624617,0.189209,0.216553,1.003418
3441629617,0.191895,0.22168,1.009277
3441634617,0.192871,0.216797,1.01123
3441639617,0.189453,0.21875,1.008057
3441644617,0.191406,0.218018,1.018311
3441649617,0.187744,0.219727,1.009033
3441654617,0.185791,0.216309,1.008545
3441659617,0.186035,0.216553,1.009766
3441664617,0.185059,0.217285,1.013916
3441669617,0.187256,0.219727,1.007813
3441674617,0.183838,0.219482,1.009033
3441679617,0.186035,0.216797,1.008301
3441684617,0.185547,0.221191,1.003174
3441689617,0.186523,0.220703,1.009521
3441694617,0.186279,0.21875,1.009521
3441699617,0.188477,0.214111,1.007568
3441704617,0.183838,0.219238,1.005615
3441709617,0.18335,0.217285,1.000488
3441714617,0.187744,0.217773,1.004639
3441719617,0.185303,0.219238,1.001953
3441724617,0.189697,0.219238,1.011719
3441729617,0.185791,0.217773,1.008545
3441734617,0.189453,0.217041,1.012939
3441739617,0.186279,0.22168,1.005615
3441744617,0.184082,0.216064,1.00708
3441749617,0.186768,0.218262,1.012939
3441754617,0.188477,0.220215,1.012939
3441759617,0.191406,0.216309,1.015137
3441764617,0.187012,0.21875,1.016846
3441769617,0.19043,0.217529,1.009033
3441774617,0.185303,0.216064,1.008057
3441779617,0.185547,0.217041,1.019531
3441784617,0.183838,0.223877,1.008789
3441789617,0.185547,0.219238,1.004639
3441794617,0.186035,0.223389,1.00415
3441799617,0.186279,0.216797,1.001953
3441804617,0.187988,0.221191,1.014893
3441809617,0.19043,0.211914,1.011719
3441814617,1.999939,0.46167,1.999939
3441819617,1.141113,-0.592041,1.999939
3441824617,-1.11084,-1.513916,-2.0
3441829617,-2.0,1.999939,-2.0
3441834617,-0.491699,1.999939,-2.0
3441839617,0.401367,0.893311,-2.0
3441844617,-0.912598,1.999939,-0.427002
3441849617,-1.373535,0.749512,-0.9021
3441854617,-0.981934,1.041504,-2.0
3441859617,-0.630859,1.747559,0.193848
3441864617,-0.139893,0.308105,-2.0
3441869617,-0.11377,1.524414,0.769287
3441874617,-0.093994,0.153809,1.737305
3441879617,-0.009277,0.060791,1.468994
3441884617,0.342041,0.236816,1.275635
3441889617,0.02832,0.140381,0.788574
3441894617,0.218262,0.399414,1.441162
3441899617,0.002441,0.280762,0.886963
3441904617,0.291992,0.25293,1.198486
3441909617,0.206055,0.236328,1.185303
3441914617,0.072266,0.320068,1.119141
3441919617,0.236816,0.20166,1.099609
3441924617,0.233398,0.303955,1.163818
3441929617,0.238281,0.371582,1.3479
3441934617,0.344238,0.212158,1.102539
3441939617,0.269043,0.151367,1.128418
3441944617,0.348145,0.353027,1.493164
3441949617,0.171143,0.188721,0.948486
3441954617,0.20166,0.224609,1.207764
3441959617,0.14917,0.211914,1.087646
3441964617,0.150391,0.203857,1.100342
3441969617,0.232178,0.141846,1.079834
3441974617,0.096191,0.256592,0.813232
3441979617,0.2229,0.111084,0.511963
3441984617,0.182373,0.133301,0.861572
3441989617,0.181641,0.266846,1.142822
3441994617,0.25708,0.190918,1.14624
3441999617,0.276855,0.25415,1.040039
3442004617,0.301758,0.145508,1.122559
3442009617,0.23584,0.217285,1.031738
3442014617,0.118408,0.188965,0.89209
3442019617,0.240723,0.276611,1.087891
3442024617,0.206055,0.264893,1.358154
3442029617,0.249512,0.194824,0.614014
3442034617,0.19751,0.212646,1.278809
3442039617,0.187988,0.403809,1.470703
3442044617,0.01001,0.188477,0.700684
3442049617,0.024658,0.379883,1.570313
3442054617,0.376465,0.268311,1.401611
3442059617,0.122803,0.240967,0.843018
3442064617,0.211426,0.184326,0.939453
3442069617,0.184326,0.198975,0.982666
3442074617,0.279053,0.175293,1.087646
3442079617,0.190674,0.223877,1.056885
3442084617,0.281494,0.24292,1.176025
3442089617,0.198975,0.267578,1.105713
3442094617,0.031738,0.233643,0.85083
3442099617,0.180176,0.223145,1.029053
3442104617,0.222168,0.218506,0.908447
3442109617,0.209717,0.145264,0.89502
3442114617,0.140381,0.175293,1.184082
3442119617,0.239502,0.1604,0.954102
3442124617,0.303711,0.197266,1.161377
3442129617,0.187744,0.242187,1.149658
3442134617,0.212402,0.271729,1.2146
3442139617,0.087646,0.20874,0.953613
3442144617,0.181152,0.147217,1.017578
3442149617,0.192871,0.1875,0.949219
3442154617,0.163086,0.229736,0.944336
3442159617,0.117188,0.210449,0.864258
3442164617,0.116455,0.233398,0.767334
3442169617,0.311768,0.1604,1.060547
3442174617,0.238037,0.234375,1.29541
3442179617,0.171387,0.213623,1.06543
3442184617,0.122559,0.298584,0.920654
3442189617,0.199219,0.217285,0.917969
3442194617,0.129639,0.247559,1.052734
3442199617,0.050049,0.126221,0.680664
3442204617,0.031982,0.171387,1.056885
3442209617,0.129883,0.253906,1.130371
3442214617,0.090088,0.17334,1.044434
3442219617,0.272705,0.229492,1.020752
3442224617,0.210937,0.192383,0.884521
3442229617,0.208252,0.25708,0.965576
3442234617,0.199219,0.205811,0.873779
3442239617,0.142578,0.210205,0.935059
3442244617,0.141846,0.27417,1.057129
3442249617,0.14209,0.240479,1.050049
3442254617,0.041992,0.191162,0.726074
3442259617,0.118896,0.170166,0.897461
3442264617,0.218262,0.229248,1.2146
3442269617,0.206543,0.244873,1.110107
3442274617,0.27832,0.266113,1.166992
3442279617,0.262207,0.181885,1.124756
3442284617,0.130615,0.251221,0.965088
3442289617,0.295898,0.156738,1.121582
3442294617,0.28833,0.537842,1.029785
3442299617,0.199707,0.391113,0.999512
3442304617,0.235107,0.245605,1.264648
3442309617,0.247314,0.270752,1.177246
3442314617,0.161377,0.213135,0.9729
3442319617,0.204346,0.20752,0.833008
3442324617,0.131348,0.248535,0.99585
3442329617,0.281738,0.239014,1.194092
3442334617,0.164062,0.257324,1.072021
3442339617,0.115723,0.853027,0.75293
3442344617,0.184326,0.202881,0.872559
3442349617,0.179443,0.238281,1.134521
3442354617,0.206299,0.230225,1.270264
3442359617,0.168457,0.183594,1.022705
3442364617,0.136475,0.194336,0.891846
3442369617,0.17334,0.254395,1.104492
3442374617,0.125732,0.233154,0.848145
3442379617,0.135986,0.157471,0.934814
3442384617,0.092773,0.149414,0.879395
3442389617,0.273438,0.183838,1.163818
3442394617,0.241699,0.297607,1.254639
3442399617,0.281006,0.240967,1.160645
3442404617,0.287598,0.283447,1.327393
3442409617,0.0979,0.225342,0.898193
3442414617,0.231201,0.210937,1.203125
3442419617,0.099365,0.189209,0.821777
3442424617,0.156982,0.226562,0.954346
3442429617,0.351563,0.310547,1.466309
3442434617,0.194824,0.235107,1.113525
3442439617,0.162109,0.218018,0.933838
3442444617,0.151611,0.22168,0.971191
3442449617,0.223389,0.232422,0.998535
3442454617,0.095703,0.208984,0.942139
3442459617,0.084473,0.17334,0.823242
3442464617,0.288818,0.223145,1.102539
3442469617,0.230713,0.218994,1.069824
3442474617,0.341064,0.295898,1.223145
3442479617,0.25293,0.391846,1.884766
3442484617,0.210449,0.210205,0.886719
3442489617,0.236084,0.154053,0.921143
3442494617,0.081543,0.23877,0.914551
3442499617,0.156982,0.179932,0.89624
3442504617,0.19751,0.197021,0.941162
3442509617,0.197266,0.216064,0.981689
3442514617,0.078857,0.222656,0.889648
3442519617,0.227539,0.219238,0.947754
3442524617,0.119385,0.102051,0.78125
3442529617,0.195312,0.156494,1.128906
3442534617,0.269287,0.275879,1.375
3442539617,0.040283,0.261719,0.840332
3442544617,0.082764,0.590332,0.682617
3442549617,0.189697,0.241455,0.855225
3442554617,0.233154,0.2146,1.150391
3442559617,0.163086,0.276123,1.062012
3442564617,0.080078,0.23291,0.765137
3442569617,0.217285,0.161865,0.912598
3442574617,0.455078,0.259766,1.371582
3442579617,0.134033,0.560791,0.975586
3442584617,0.173584,0.186279,0.927734
3442589617,0.291748,0.22583,1.184326
3442594617,0.288574,0.224609,1.109863
3442599617,0.11377,0.221924,0.963379
3442604617,0.152344,0.240723,0.896484
3442609617,0.258057,0.268311,0.942871
3442614617,0.260254,0.203369,1.056641
3442619617,0.255859,0.243164,1.006348
3442624617,0.187256,0.276855,1.179932
3442629617,0.127441,0.155518,1.017578
3442634617,0.116211,0.21167,0.985596
3442639617,0.172119,0.222412,0.886963
3442644617,0.106445,0.266357,0.878906
3442649617,0.218994,0.100098,0.93042
3442654617,0.241211,0.266357,1.109131
3442659617,0.259277,0.232178,1.17334
3442664617,0.111084,0.25708,1.04126
3442669617,0.08252,0.213135,1.006104
3442674617,0.065918,0.318115,1.370117
3442679617,0.200439,0.112793,1.000488
3442684617,0.180908,0.240479,0.991699
3442689617,0.187012,0.192139,0.981689
3442694617,0.332275,0.304443,1.55249
3442699617,0.204346,0.267822,0.989258
3442704617,0.092773,0.215332,0.628174
3442709617,0.131104,0.148193,0.740723
3442714617,0.169189,0.202393,1.012207
3442719617,0.228027,0.233398,1.097168
3442724617,0.251709,0.253418,1.123779
3442729617,0.211426,0.237549,0.989014
3442734617,0.307129,0.226318,1.055908
3442739617,0.209717,0.239502,1.083496
3442744617,0.206543,0.215088,1.006592
3442749617,0.198242,0.189209,0.999756
3442754617,0.171143,0.247803,1.010498
3442759617,0.184814,0.212891,1.017334
3442764617,0.187012,0.221924,1.029297
3442769617,0.173828,0.230469,1.021729
3442774617,0.17627,0.224365,0.989014
3442779617,0.17749,0.220703,0.993408
3442784617,0.178955,0.212158,0.997803
3442789617,0.1875,0.207275,1.00415
3442794617,0.187012,0.220703,1.029785
3442799617,0.181396,0.225098,1.023682
3442804617,0.18457,0.223633,1.015869
3442809617,0.177734,0.225098,1.006348
3442814617,0.174316,0.226074,0.992187
3442819617,0.181641,0.217529,1.004883
3442824617,0.185547,0.219482,1.017578
3442829617,0.183594,0.2229,1.014893
3442834617,0.187012,0.224854,1.020508
3442839617,0.18042,0.231934,1.011719
3442844617,0.176025,0.224365,1.002686
3442849617,0.177246,0.216553,0.995605
3442854617,0.182129,0.213135,1.000488
3442859617,0.181641,0.214355,1.010498
3442864617,0.1875,0.216309,1.015625
3442869617,0.179687,0.221436,1.022705
3442874617,0.180908,0.221924,1.007813
3442879617,0.177002,0.219238,0.999756
3442884617,0.179687,0.218506,1.001221
3442889617,0.184326,0.216553,1.006104
3442894617,0.187012,0.215332,1.015869
3442899617,0.181152,0.219238,1.018799
3442904617,0.177002,0.224609,1.019287
3442909617,0.180664,0.226074,1.010498
3442914617,0.177979,0.2229,1.006836
3442919617,0.180908,0.217773,0.998535
3442924617,0.18042,0.218994,1.010254
3442929617,0.181885,0.217773,1.017822
3442934617,0.180176,0.219727,1.008545
3442939617,0.181152,0.223877,1.015137
3442944617,0.183105,0.224854,1.015625
3442949617,0.180176,0.223877,1.00415
3442954617,0.183105,0.218262,1.010498
3442959617,0.180664,0.213135,1.000244
3442964617,0.181641,0.21875,1.004883
3442969617,0.182861,0.226562,1.017334
3442974617,0.181152,0.223145,1.008545
3442979617,0.180908,0.227783,1.015137
3442984617,0.180176,0.22168,1.014893
3442989617,0.179443,0.221436,1.008789
3442994617,0.185059,0.220459,1.005127
3442999617,0.183594,0.221436,1.008301
3443004617,0.182617,0.2229,1.014893
3443009617,0.182617,0.224365,1.007568
3443014617,0.182129,0.223145,1.005371
3443019617,0.179932,0.218506,1.008545
3443024617,0.18335,0.216797,0.998535
3443029617,0.184814,0.216064,1.007813
3443034617,0.181396,0.218262,1.006348
3443039617,0.179199,0.220215,1.007324
3443044617,0.179199,0.22168,1.014648
3443049617,0.179443,0.219971,1.007324
3443054617,0.180908,0.218018,1.006836
3443059617,0.183105,0.220703,1.009277
3443064617,0.180176,0.216553,1.009521
3443069617,0.184326,0.225342,1.007568
3443074617,0.182617,0.220947,1.01001
3443079617,0.181396,0.220703,1.018066
3443084617,0.178711,0.220947,1.007568
3443089617,0.178467,0.224121,1.007324
3443094617,0.179932,0.21875,1.010498
3443099617,0.178223,0.221191,1.009277
3443104617,0.181885,0.221924,1.010254
3443109617,0.179443,0.223633,1.010254
3443114617,0.182617,0.22168,1.008545
3443119617,0.182617,0.2146,1.007324
3443124617,0.18042,0.216797,1.008301
3443129617,0.183838,0.218018,1.008301
3443134617,0.179687,0.222168,1.01001
3443139617,0.178467,0.2229,1.010498
3443144617,0.175293,0.225098,1.007813
3443149617,0.185547,0.223145,1.009766
3443154617,0.180176,0.220459,1.014893
3443159617,0.183105,0.225586,1.012695
3443164617,0.181641,0.219727,1.009033
3443169617,0.183105,0.221436,1.009033
3443174617,0.181641,0.228027,1.011963
3443179617,0.180176,0.2229,1.003906
3443184617,0.182129,0.223145,1.004883
3443189617,0.187012,0.224609,1.014893
3443194617,0.184326,0.220459,1.010742
3443199617,0.182617,0.220459,1.003418
3443204617,0.181641,0.224854,1.007813
3443209617,0.180664,0.227051,1.011719
3443214617,0.181152,0.225098,1.01123
3443219617,0.182861,0.219238,1.010986
3443224617,0.180664,0.2229,1.013184
3443229617,0.179443,0.220215,1.01123
3443234617,0.181641,0.22168,1.009033
3443239617,0.18042,0.22168,1.003418
3443244617,0.181641,0.218018,1.014404
3443249617,0.181152,0.220459,1.012451
3443254617,0.180664,0.2229,1.009277
3443259617,0.182861,0.21875,1.008057
3443264617,0.179687,0.216064,1.007568
3443269617,0.184326,0.221436,1.013672
3443274617,0.185059,0.220459,1.006836
3443279617,0.178955,0.218994,1.013916
3443284617,0.181641,0.223633,1.004639
3443289617,0.180664,0.223145,1.003906
3443294617,0.182617,0.217285,1.009277
3443299617,0.184082,0.221924,1.009521
3443304617,0.18335,0.220947,1.006104
3443309617,0.182373,0.225098,1.008057
3443314617,0.178711,0.221924,1.016113
3443319617,0.179687,0.226807,1.005127
3443324617,0.182861,0.226074,1.013184
3443329617,0.177979,0.220215,1.007324
3443334617,0.180176,0.220703,1.008301
3443339617,0.182373,0.219482,1.014893
3443344617,0.18457,0.21875,1.00708
3443349617,0.183838,0.216797,1.007813
3443354617,0.185547,0.222168,1.006104
3443359617,0.183105,0.217529,1.00708
3443364617,0.180664,0.220703,1.00708
3443369617,0.181152,0.219482,1.008301
3443374617,0.179443,0.219727,1.010254
3443379617,0.180664,0.223633,1.012207
3443384617,0.182861,0.225342,1.008301
3443389617,0.179443,0.22168,1.006348
3443394617,0.185791,0.2229,1.011719
3443399617,0.181885,0.223633,1.008057
3443404617,0.181152,0.222168,1.01001
3443409617,0.181641,0.221436,1.009033
3443414617,0.187744,0.218994,1.007324
3443419617,0.171631,0.218994,1.009033
3443424617,0.180664,0.225342,1.003906
3443429617,0.18042,0.219971,1.01123
3443434617,0.18335,0.22168,1.005859
3443439617,0.184082,0.223389,1.012207
3443444617,0.185547,0.221191,1.009766
3443449617,0.181152,0.219238,1.013428
3443454617,0.183105,0.219727,1.01123
3443459617,0.181396,0.21875,1.004883
3443464617,0.184814,0.220703,1.009521
3443469617,0.179199,0.219482,1.010498
3443474617,0.175537,0.218506,1.005859
3443479617,0.181885,0.218994,1.00708
3443484617,0.181885,0.218018,1.008545
3443489617,0.177002,0.218506,1.012207
3443494617,0.183594,0.225586,1.015381
3443499617,0.183594,0.226318,1.009033
3443504617,0.180908,0.220703,1.015137
3443509617,0.179199,0.218018,1.011963
3443514617,0.180908,0.221924,1.007568
3443519617,0.182861,0.217285,1.001465
3443524617,0.178467,0.224365,0.999756
3443529617,0.184814,0.226318,1.008301
3443534617,0.181396,0.21875,1.008301
3443539617,0.184082,0.214844,1.008789
3443544617,0.182617,0.218994,1.012695
3443549617,0.179443,0.21875,1.006836
3443554617,0.180176,0.21875,1.010498
3443559617,0.181641,0.223877,1.010254
3443564617,0.182861,0.219238,1.003418
3443569617,0.18042,0.222168,1.011475
3443574617,0.182861,0.220947,1.010742
3443579617,0.182373,0.2229,1.008545
3443584617,0.180664,0.222656,1.00708
3443589617,0.179932,0.2229,1.006348
3443594617,0.186768,0.219971,1.01001
3443599617,0.182373,0.221191,1.007568
3443604617,0.183594,0.2229,1.008301
3443609617,0.184082,0.222168,1.009766
3443614617,0.18042,0.223145,1.011719
3443619617,0.183838,0.22168,1.012939
3443624617,0.181396,0.217773,1.006592
3443629617,0.18335,0.218994,1.014893
3443634617,0.180908,0.221924,1.004639
3443639617,0.178955,0.224365,1.00708
3443644617,0.18335,0.224609,1.010986
3443649617,0.182617,0.225098,1.006348
3443654617,0.182129,0.2229,1.015625
3443659617,0.18457,0.221436,1.000244
3443664617,0.185059,0.225098,1.006348
3443669617,0.179199,0.21875,1.004639
3443674617,0.180664,0.225586,1.008301
3443679617,0.18457,0.218262,1.005371
3443684617,0.178711,0.222168,1.010498
3443689617,0.181641,0.221191,1.004395
3443694617,0.178467,0.21875,1.012939
3443699617,0.18457,0.21582,1.008789
3443704617,0.180176,0.219238,1.011475
3443709617,0.182373,0.220459,1.009033
3443714617,0.182617,0.214355,1.009766
3443719617,0.178711,0.218018,1.006592
3443724617,0.181641,0.224121,1.011719
3443729617,0.181885,0.221436,1.015381
3443734617,0.180908,0.222168,1.012695
3443739617,0.182617,0.220947,1.018311
3443744617,0.18042,0.222412,1.007568
3443749617,0.179199,0.220459,1.006348
3443754617,0.182617,0.222656,1.014404
3443759617,0.181152,0.222168,1.016113
3443764617,0.179443,0.220459,1.010742
3443769617,0.181396,0.225342,1.013672
3443774617,0.185059,0.22168,1.013916
3443779617,0.182373,0.219727,1.01123
3443784617,0.185303,0.220215,1.008301
3443789617,0.18042,0.22168,1.005615
3443794617,0.179443,0.220703,1.006836
3443799617,0.180176,0.217773,1.01416
3443804617,0.181396,0.219971,1.007324
3443809617,0.180664,0.220703,1.010742
3443814617,0.178955,0.220459,1.007568
3443819617,0.181641,0.224121,1.012939
3443824617,0.183594,0.2229,1.006592
3443829617,0.182617,0.223389,1.009766
3443834617,0.182129,0.221924,1.013672
3443839617,0.182861,0.223389,1.011719
3443844617,0.181641,0.219971,1.007324
3443849617,0.182617,0.219238,1.01123
3443854617,0.186279,0.220215,1.009766
3443859617,0.184326,0.221191,1.007813
3443864617,0.184326,0.217041,1.013428
3443869617,0.187256,0.21875,1.012695
3443874617,0.181885,0.220947,1.006104
3443879617,0.181885,0.216309,1.007813
3443884617,0.179443,0.218506,1.013428
3443889617,0.181396,0.219482,1.00293
3443894617,0.182129,0.219482,1.009766
3443899617,0.178467,0.225098,1.010742
3443904617,0.177002,0.224121,1.005859
3443909617,0.175781,0.220947,1.011963
3443914617,0.177002,0.220215,1.00708
3443919617,0.183105,0.220459,1.012451
3443924617,0.181152,0.219482,1.015625
3443929617,0.183105,0.218506,1.009277
3443934617,0.17749,0.221191,1.004395
3443939617,0.187012,0.219971,1.003174
3443944617,0.178223,0.219727,1.004395
3443949617,0.179932,0.220947,1.005859
3443954617,0.177246,0.218262,1.005127
3443959617,0.18457,0.22168,1.013672
3443964617,0.183105,0.218506,1.003418
3443969617,0.181885,0.217773,1.012207
3443974617,0.18335,0.222412,1.006348
3443979617,0.176758,0.220459,1.009277
3443984617,0.179443,0.220947,1.01001
3443989617,0.185547,0.2229,1.009033
3443994617,0.183105,0.221924,1.019775
3443999617,0.181396,0.223633,1.005371
3444004617,0.18335,0.219727,1.009277
3444009617,0.180176,0.218262,1.005127
3444014617,0.179932,0.21875,1.008545
3444019617,0.179932,0.219482,1.007813
3444024617,0.184082,0.218994,1.008057
3444029617,0.179199,0.220947,1.007568
3444034617,0.179932,0.219482,1.012451
3444039617,0.183594,0.223877,1.009277
3444044617,0.179932,0.222656,1.004883
3444049617,0.178955,0.22168,1.008301
3444054617,0.181641,0.221436,1.015625
3444059617,0.182129,0.220703,1.009277
3444064617,0.181885,0.218262,1.011963
3444069617,0.18335,0.224854,1.00708
3444074617,0.180908,0.220703,1.010986
3444079617,0.180664,0.220459,1.006104
3444084617,0.180176,0.220215,1.003418
3444089617,0.182617,0.216309,1.011963
3444094617,0.181152,0.219238,1.009277
3444099617,0.184326,0.2229,1.01001
3444104617,0.185059,0.219482,1.007324
3444109617,0.180664,0.218994,1.007568
3444114617,0.179687,0.219238,1.006836
3444119617,0.184326,0.220459,1.009766
3444124617,0.182861,0.225586,1.010742
3444129617,0.18457,0.221924,1.008057
3444134617,0.178467,0.218506,1.006104
3444139617,0.178223,0.217529,1.01123
3444144617,0.180176,0.22168,1.01416
3444149617,0.187012,0.222412,1.002197
3444154617,0.182373,0.224365,1.008789
3444159617,0.179687,0.223877,1.013672
3444164617,0.185547,0.223633,1.006592
3444169617,0.185791,0.217529,1.015625
3444174617,0.179199,0.220459,1.008545
3444179617,0.181641,0.221924,1.009277
3444184617,0.184814,0.218262,1.013428
3444189617,0.183105,0.220459,1.009766
3444194617,0.180664,0.221191,1.008057
3444199617,0.182373,0.221436,1.00708
3444204617,0.179932,0.220703,1.011963
3444209617,0.181641,0.223877,1.016357
3444214617,0.182617,0.222168,1.006104
3444219617,0.179687,0.216309,1.008301
3444224617,0.181396,0.222412,1.003174
3444229617,0.184814,0.221191,1.014893
3444234617,0.184082,0.218506,1.003906
3444239617,0.181641,0.226074,1.006592
3444244617,0.184326,0.217529,1.005371
3444249617,0.183838,0.219971,1.004395
3444254617,0.183594,0.21875,1.011475
3444259617,0.182861,0.220947,1.012451
3444264617,0.185059,0.220703,1.014404
3444269617,0.182373,0.221191,1.004639
3444274617,0.182129,0.223389,1.007324
3444279617,0.182373,0.221924,1.010986
3444284617,0.182373,0.222412,1.011475
3444289617,0.182373,0.223633,1.002441
3444294617,0.183105,0.224121,1.003662
3444299617,0.180908,0.221191,1.01001
3444304617,0.183838,0.219727,1.008545
3444309617,0.179932,0.218262,1.01123
3444314617,0.178467,0.221191,1.011963
3444319617,0.18335,0.218506,1.009277
3444324617,0.178467,0.219727,1.006104
3444329617,0.183105,0.217529,1.005371
3444334617,0.189209,0.221191,1.010498
3444339617,0.180908,0.221924,1.00708
3444344617,0.178467,0.216064,1.009277
3444349617,0.179687,0.226562,1.010254
3444354617,0.182617,0.222656,1.003906
3444359617,0.18335,0.22168,1.009033
3444364617,0.178955,0.224121,1.004395
3444369617,0.178711,0.222412,1.010498
3444374617,0.183594,0.226074,1.010254
3444379617,0.179199,0.218262,1.008789
3444384617,0.183838,0.221924,1.015869
3444389617,0.183105,0.216064,1.010742
3444394617,0.186768,0.218994,1.013916
3444399617,0.183838,0.219971,1.003906
3444404617,0.181152,0.222656,1.007813
3444409617,0.184814,0.219482,1.010498
3444414617,0.183838,0.219238,1.008301
3444419617,0.182373,0.218262,1.006592
3444424617,0.184814,0.219971,1.01123
3444429617,0.176514,0.219482,1.005127
3444434617,0.182617,0.219727,1.008057
3444439617,0.182129,0.220459,1.010986
3444444617,0.183838,0.219238,1.018555
3444449617,0.177734,0.220215,1.008057
3444454617,0.180176,0.225098,1.011719
3444459617,0.183105,0.222656,1.005127
3444464617,0.18335,0.221924,1.012939
3444469617,0.182861,0.223389,1.002197
3444474617,0.181641,0.225342,1.011475
3444479617,0.182129,0.216309,1.013428
3444484617,0.178711,0.220459,1.005127
3444489617,0.183838,0.217773,1.008545
3444494617,0.182617,0.218994,1.01709
3444499617,0.186279,0.219727,1.008789
3444504617,0.182373,0.222412,1.008057
3444509617,0.183105,0.225342,1.015381
3444514617,0.18457,0.219482,1.005371
3444519617,0.184082,0.217773,1.010254
3444524617,0.187256,0.218506,1.006592
3444529617,0.179199,0.222168,1.01123
3444534617,0.181152,0.216797,1.012207
3444539617,0.180908,0.219238,1.007324
3444544617,0.183838,0.219482,1.010742
3444549617,0.184814,0.224365,1.009766
3444554617,0.178467,0.224121,1.013916
3444559617,0.178467,0.21875,1.010498
3444564617,0.179199,0.218994,1.003418
3444569617,0.186035,0.221191,1.007324
3444574617,0.181396,0.219727,1.005371
3444579617,0.18335,0.220947,1.011963
3444584617,0.178223,0.219971,1.00415
3444589617,0.182861,0.219727,1.009766
3444594617,0.185059,0.222168,1.010742
3444599617,0.186035,0.220215,1.008301
3444604617,0.18335,0.223633,1.008057
3444609617,0.186523,0.219727,1.016357
3444614617,0.18042,0.216553,1.007813
3444619617,0.183105,0.215576,1.004883
3444624617,0.178711,0.222168,1.00415
3444629617,0.18042,0.219238,1.008545
3444634617,0.183105,0.223389,1.00708
3444639617,0.182617,0.220947,1.011475
3444644617,0.182129,0.223633,1.00708
3444649617,0.179687,0.223145,1.008057
3444654617,0.180176,0.224365,1.008545
3444659617,0.182617,0.228027,1.012695
3444664617,0.183105,0.222412,1.017334
3444669617,0.179443,0.222412,1.007324
3444674617,0.182129,0.220947,1.012207
3444679617,0.179687,0.220703,1.009033
3444684617,0.178467,0.217529,1.003662
3444689617,0.18042,0.217041,1.008789
3444694617,0.183594,0.220459,1.008301
3444699617,0.177734,0.217041,1.01709
3444704617,0.182129,0.219482,1.009033
3444709617,0.177979,0.219971,1.005859
3444714617,0.188232,0.22168,1.015381
3444719617,0.181641,0.223877,1.018555
3444724617,0.182373,0.219238,1.003174
3444729617,0.178955,0.220947,1.004883
3444734617,0.182617,0.221924,1.008057
3444739617,0.176025,0.217773,1.009521
3444744617,0.179199,0.220947,1.012695
3444749617,0.179199,0.226074,1.00415
3444754617,0.182129,0.220459,1.018311
3444759617,0.177002,0.219727,1.009277
3444764617,0.181396,0.2229,1.014648
3444769617,0.183838,0.227051,1.020264
3444774617,0.182373,0.222412,1.013916
3444779617,0.182861,0.221191,1.008545
3444784617,0.182373,0.219238,1.005859
3444789617,0.181885,0.219971,1.006104
3444794617,0.184082,0.216553,1.007568
3444799617,0.182617,0.218506,1.012207
3444804617,0.1875,0.215332,1.012939
3444809617,0.183838,0.222168,1.011719
3444814617,0.183105,0.220215,1.012695
3444819617,0.184814,0.220215,1.006836
3444824617,0.178955,0.217285,1.005371
3444829617,0.179199,0.223389,1.00708
3444834617,0.184082,0.221191,1.009766
3444839617,0.181641,0.220947,1.01123
3444844617,0.182617,0.222656,1.016602
3444849617,0.178223,0.220703,1.007813
3444854617,0.182373,0.218994,1.009277
3444859617,0.17749,0.221436,1.006836
3444864617,0.181641,0.215332,1.009521
3444869617,0.181396,0.222656,1.013428
3444874617,0.184082,0.217285,1.005371
3444879617,0.184326,0.22168,1.006348
3444884617,0.182129,0.216797,1.002197
3444889617,0.181641,0.221191,1.010986
3444894617,0.18457,0.217529,1.013184
3444899617,0.186035,0.221436,1.020996
3444904617,0.182861,0.221924,1.010742
3444909617,0.179443,0.220703,1.010254
3444914617,0.182373,0.221191,1.01123
3444919617,0.253662,1.359863,-0.958008
3444924617,-2.0,1.999939,-2.0
3444929617,-2.0,-0.689697,-2.0
3444934617,-1.105713,1.999939,-2.0
3444939617,-1.589355,1.999939,-1.820801
3444944617,-1.444092,0.844727,-2.0
3444949617,-1.380127,0.734375,-2.0
3444954617,-1.151611,1.999939,-2.0
3444959617,-2.0,1.125,-2.0
3444964617,0.423828,0.074951,-0.560059
3444969617,-0.708252,0.421143,-2.0
3444974617,0.307373,0.746582,-1.811523
3444979617,0.216553,1.094482,-0.805664
3444984617,-0.530029,0.602051,-0.717773
3444989617,-0.471924,0.873779,-2.0
3444994617,0.025879,0.656738,1.55127
3444999617,0.013428,0.295898,0.042725
3445004617,-0.256592,0.416016,-0.242432
3445009617,-0.585449,0.498535,0.878662
3445014617,-0.047607,0.360352,0.187988
3445019617,0.047852,0.418457,1.063232
3445024617,0.216797,0.263184,1.014404
3445029617,0.176514,0.237793,0.952393
3445034617,0.185059,0.227783,1.017334
3445039617,0.318115,0.356201,1.677002
3445044617,0.101807,0.15332,1.068359
3445049617,0.102295,0.393555,1.182129
3445054617,0.147217,0.284912,1.159668
3445059617,0.219971,0.218018,0.932617
3445064617,0.169189,0.086914,1.054932
3445069617,0.276123,0.158447,0.840332
3445074617,-0.004883,-0.008545,0.39502
3445079617,-0.457275,0.658936,-0.040039
3445084617,-0.421143,0.246582,0.756104
3445089617,0.218506,0.154541,0.724609
3445094617,0.242187,0.093262,-1.136963
3445099617,0.137451,0.27832,1.187988
3445104617,0.206055,0.227539,0.741699
3445109617,0.184082,0.244141,0.881348
3445114617,0.145996,0.309082,1.020752
3445119617,0.159912,0.197754,0.929932
3445124617,0.167969,0.169434,0.947021
3445129617,0.166016,0.209229,0.972656
3445134617,0.175537,0.239746,1.024658
3445139617,0.183105,0.248047,1.044678
3445144617,0.17749,0.2229,1.018311
3445149617,0.179687,0.200928,0.99585
3445154617,0.191162,0.188965,0.996826
3445159617,0.173584,0.184814,0.969727
3445164617,0.188232,0.185059,0.992187
3445169617,0.190918,0.222168,1.024658
3445174617,0.176758,0.251465,1.042236
3445179617,0.177734,0.246826,1.037842
3445184617,0.177734,0.229004,1.002686
3445189617,0.161621,0.21167,0.978027
3445194617,0.175049,0.211426,1.000732
3445199617,0.18042,0.230713,1.020264
3445204617,0.178467,0.248291,1.030273
3445209617,0.176025,0.256348,1.036865
3445214617,0.173584,0.253906,1.023438
3445219617,0.166016,0.228027,0.999512
3445224617,0.178223,0.200928,0.989258
3445229617,0.189941,0.195557,0.999023
3445234617,0.18335,0.212158,1.009766
3445239617,0.183105,0.220947,1.030273
3445244617,0.177979,0.229736,1.00708
3445249617,0.169922,0.22168,1.002441
3445254617,0.179199,0.203369,0.992676
3445259617,0.182861,0.196045,0.995117
3445264617,0.182373,0.200195,1.009521
3445269617,0.186523,0.21582,1.02124
3445274617,0.18042,0.234619,1.021484
3445279617,0.168213,0.242676,1.012451
3445284617,0.172852,0.236816,1.001709
3445289617,0.177734,0.226318,1.00708
3445294617,0.174561,0.218506,1.006348
3445299617,0.186768,0.216309,1.016602
3445304617,0.177246,0.229736,1.020264
3445309617,0.175781,0.236572,1.018066
3445314617,0.175537,0.236328,1.010498
3445319617,0.173096,0.237305,1.000732
3445324617,0.176025,0.215576,1.008545
3445329617,0.186279,0.205322,0.998535
3445334617,0.185547,0.203369,1.010986
3445339617,0.180664,0.215088,1.021729
3445344617,0.179199,0.225098,1.013672
3445349617,0.169922,0.227783,1.002686
3445354617,0.17627,0.22168,1.00708
3445359617,0.184082,0.217041,1.003418
3445364617,0.184814,0.212891,1.007568
3445369617,0.182861,0.214844,1.013428
3445374617,0.18335,0.221924,1.015625
3445379617,0.168457,0.23291,1.019287
3445384617,0.174561,0.237305,1.008545
3445389617,0.175049,0.234619,1.010498
3445394617,0.177979,0.225342,1.008545
3445399617,0.181641,0.218018,1.013428
3445404617,0.18457,0.220947,1.01416
3445409617,0.17627,0.227783,1.011475
3445414617,0.177246,0.229248,1.013672
3445419617,0.171143,0.22876,1.005371
3445424617,0.177246,0.222656,1.009277
3445429617,0.182129,0.208008,1.008789
3445434617,0.186279,0.211182,1.006104
3445439617,0.177979,0.215576,1.005615
3445444617,0.175781,0.219238,1.011475
3445449617,0.17627,0.225586,1.006592
3445454617,0.178223,0.224854,1.007324
3445459617,0.177002,0.225586,1.013672
3445464617,0.179932,0.219727,1.009277
3445469617,0.184082,0.218018,1.008545
3445474617,0.179932,0.220215,1.008545
3445479617,0.174072,0.227295,1.005615
3445484617,0.176758,0.22876,1.012451
3445489617,0.17627,0.232178,1.005615
3445494617,0.179199,0.223877,1.009033
3445499617,0.181396,0.216797,1.014893
3445504617,0.179199,0.218994,1.006592
3445509617,0.185059,0.219727,1.006104
3445514617,0.175537,0.224365,1.005859
3445519617,0.178955,0.228027,1.006104
3445524617,0.178223,0.225098,1.009766
3445529617,0.181641,0.220215,1.003418
3445534617,0.179687,0.21875,1.005859
3445539617,0.176025,0.213867,1.009521
3445544617,0.175781,0.216064,1.001709
3445549617,0.174805,0.231201,1.00708
3445554617,0.176514,0.227539,1.010742
3445559617,0.181396,0.225342,1.009766
3445564617,0.180176,0.220215,1.014648
3445569617,0.175293,0.222168,1.018311
3445574617,0.183594,0.218262,1.002686
3445579617,0.177734,0.223633,1.013916
3445584617,0.179932,0.224854,1.011963
3445589617,0.176758,0.228027,1.009766
3445594617,0.179687,0.2229,1.009521
3445599617,0.175781,0.220703,1.01001
3445604617,0.181641,0.220459,1.002197
3445609617,0.181885,0.216797,1.011963
3445614617,0.176514,0.224121,1.010498
3445619617,0.177979,0.225098,1.00708
3445624617,0.175049,0.221191,1.008545
3445629617,0.178467,0.224854,1.009033
3445634617,0.178223,0.219238,1.008789
3445639617,0.176514,0.219238,1.007324
3445644617,0.182861,0.222656,1.016602
3445649617,0.17749,0.220703,1.009766
3445654617,0.17627,0.223633,1.005615
3445659617,0.179443,0.230469,1.012451
3445664617,0.177979,0.223145,1.008057
3445669617,0.178467,0.220703,1.00708
3445674617,0.179932,0.218994,1.00415
3445679617,0.177734,0.220459,1.012451
3445684617,0.17749,0.2229,1.011475
3445689617,0.179687,0.225098,1.011475
3445694617,0.177734,0.227539,1.011475
3445699617,0.176025,0.2229,1.005615
3445704617,0.178467,0.222168,1.015381
3445709617,0.177002,0.218262,1.01001
3445714617,0.177734,0.217285,1.014648
3445719617,0.179199,0.219238,1.010254
3445724617,0.178711,0.222656,1.006104
3445729617,0.178711,0.221924,1.007813
3445734617,0.176514,0.221436,1.004883
3445739617,0.17749,0.217529,1.012451
3445744617,0.174072,0.219238,1.00708
3445749617,0.181152,0.221924,1.010986
3445754617,0.178223,0.227295,1.007568
3445759617,0.177979,0.2229,1.012451
3445764617,0.177002,0.223633,1.006592
3445769617,0.177246,0.222412,1.013184
3445774617,0.176025,0.221191,1.008057
3445779617,0.178223,0.217773,1.008545
3445784617,0.17749,0.219971,1.009033
3445789617,0.179932,0.222656,1.010742
3445794617,0.183594,0.223389,1.011719
3445799617,0.181152,0.226074,1.008789
3445804617,0.175781,0.222412,1.009033
3445809617,0.178223,0.220947,1.009766
3445814617,0.174805,0.222412,1.008789
3445819617,0.180664,0.218994,1.008301
3445824617,0.176514,0.224365,1.010742
3445829617,0.179932,0.223877,1.006592
3445834617,0.178223,0.226562,1.013184
3445839617,0.178223,0.218506,1.008057
3445844617,0.178467,0.220459,1.013184
3445849617,0.17749,0.222656,1.011475
3445854617,0.179443,0.222412,1.012207
3445859617,0.18042,0.222656,1.012695
3445864617,0.178467,0.2229,1.007813
3445869617,0.179443,0.219482,1.012451
3445874617,0.18042,0.22168,1.011963
3445879617,0.182373,0.220215,1.016113
3445884617,0.173096,0.223389,1.006836
3445889617,0.18042,0.224121,1.013916
3445894617,0.181641,0.225098,1.009521
3445899617,0.180664,0.221924,1.00708
3445904617,0.177734,0.222168,1.009033
3445909617,0.179932,0.221191,1.009766
3445914617,0.177246,0.223877,1.010742
3445919617,0.179199,0.217529,1.011963
3445924617,0.177979,0.224609,1.013184
3445929617,0.175537,0.22876,1.000977
3445934617,0.177979,0.219971,1.012207
3445939617,0.174072,0.223145,1.003662
3445944617,0.181152,0.225098,1.012695
3445949617,0.179199,0.220947,1.003418
3445954617,0.183105,0.222412,1.008301
3445959617,0.177979,0.222412,1.006592
3445964617,0.17627,0.22583,1.013672
3445969617,0.177734,0.225342,1.006592
3445974617,0.179443,0.219482,1.008301
3445979617,0.181396,0.218262,1.009277
3445984617,0.181396,0.223389,1.005615
3445989617,0.178955,0.223145,1.009033
3445994617,0.179932,0.221191,1.014648
3445999617,0.175293,0.226807,1.007568
3446004617,0.17749,0.218506,1.006836
3446009617,0.176758,0.217285,1.007813
3446014617,0.17749,0.22168,1.010498
3446019617,0.176514,0.2229,1.011719
3446024617,0.174316,0.223633,1.011963
3446029617,0.179199,0.223389,1.018066
3446034617,0.173828,0.221924,1.009277
3446039617,0.176025,0.2229,1.013184
3446044617,0.179199,0.220459,1.007813
3446049617,0.181152,0.225342,1.011719
3446054617,0.181396,0.227539,1.004639
3446059617,0.178223,0.219971,1.00415
3446064617,0.177002,0.2229,1.010742
3446069617,0.179932,0.226562,1.009033
3446074617,0.178467,0.221924,1.015625
3446079617,0.177246,0.221191,1.008057
3446084617,0.181396,0.217529,1.011963
3446089617,0.175293,0.224121,1.010986
3446094617,0.182373,0.224121,1.003662
3446099617,0.182129,0.224854,1.014404
3446104617,0.178467,0.229492,1.010742
3446109617,0.178467,0.221436,1.003418
3446114617,0.178223,0.21875,1.008545
3446119617,0.177734,0.220947,1.005127
3446124617,0.182373,0.224609,1.01123
3446129617,0.177734,0.221924,1.012451
3446134617,0.173096,0.224121,1.009521
3446139617,0.175049,0.2229,1.000977
3446144617,0.179932,0.221191,1.011475
3446149617,0.181152,0.221191,1.006836
3446154617,0.181885,0.220459,1.019043
3446159617,0.178955,0.225342,1.00708
3446164617,0.17749,0.224365,1.010254
3446169617,0.175537,0.224365,1.01123
3446174617,0.173828,0.225586,1.003418
3446179617,0.175049,0.225098,1.005127
3446184617,0.175537,0.222168,0.998779
3446189617,0.179687,0.219971,1.010986
3446194617,0.177246,0.220703,1.014648
3446199617,0.179443,0.223389,1.014404
3446204617,0.174316,0.225342,1.008545
3446209617,0.183105,0.220947,1.014893
3446214617,0.179687,0.220459,1.01123
3446219617,0.181641,0.222656,1.005371
3446224617,0.173828,0.221436,1.01123
3446229617,0.177002,0.222168,1.010742
3446234617,0.180664,0.223389,1.008545
3446239617,0.181641,0.2229,1.009277
3446244617,0.177246,0.226074,1.01001
3446249617,0.17749,0.219727,1.013428
3446254617,0.171875,0.222168,1.005615
3446259617,0.182129,0.221191,1.009033
3446264617,0.179687,0.224365,1.01709
3446269617,0.176514,0.22168,1.012207
3446274617,0.179932,0.221191,1.002441
3446279617,0.17627,0.223389,1.015137
3446284617,0.178467,0.221924,1.013428
3446289617,0.178955,0.220215,1.011963
3446294617,0.178223,0.221924,1.008545
3446299617,0.179687,0.224854,1.018066
3446304617,0.17749,0.222656,1.010498
3446309617,0.178711,0.223389,1.005371
3446314617,0.184326,0.223633,1.003906
3446319617,0.177979,0.22168,1.010986
3446324617,0.179443,0.219482,1.009766
3446329617,0.17627,0.219238,1.004395
3446334617,0.18335,0.227051,1.01123
3446339617,0.178223,0.223389,1.00708
3446344617,0.174805,0.2229,1.008301
3446349617,0.177979,0.220947,1.013184
3446354617,0.176758,0.217041,1.007324
3446359617,0.175293,0.218994,1.016602
3446364617,0.174072,0.223145,1.005371
3446369617,0.175537,0.219971,1.010254
3446374617,0.178223,0.227539,1.013428
3446379617,0.179932,0.224609,1.011963
3446384617,0.175537,0.227051,1.006592
3446389617,0.180908,0.220703,1.007324
3446394617,0.174072,0.221436,1.01001
3446399617,0.178955,0.223145,1.013184
3446404617,0.18042,0.223633,1.009033
3446409617,0.183594,0.223877,1.010742
3446414617,0.179687,0.220215,1.010254
3446419617,0.177734,0.219727,1.008545
3446424617,0.181641,0.219482,1.007568
3446429617,0.177734,0.2229,1.012939
3446434617,0.17749,0.220947,1.017334
3446439617,0.180176,0.223633,1.005859
3446444617,0.177002,0.220459,1.007813
3446449617,0.180176,0.224365,1.013916
3446454617,0.179443,0.223633,1.007324
3446459617,0.171387,0.219482,1.003906
3446464617,0.177002,0.220215,1.007324
3446469617,0.182373,0.229492,1.00293
3446474617,0.174561,0.223389,1.008301
3446479617,0.182861,0.21875,1.008789
3446484617,0.179687,0.224121,1.009521
3446489617,0.178711,0.225098,1.013672
3446494617,0.179687,0.221191,1.011475
3446499617,0.181885,0.223877,1.007568
3446504617,0.176025,0.220215,1.008545
3446509617,0.178711,0.220947,1.012451
3446514617,0.179932,0.222168,1.009766
3446519617,0.176758,0.221191,1.010986
3446524617,0.174316,0.217529,1.00415
3446529617,0.181152,0.220459,1.002441
3446534617,0.175781,0.222168,1.006348
3446539617,0.179443,0.225586,1.01416
3446544617,0.182617,0.222412,1.010986
3446549617,0.179443,0.221191,1.009277
3446554617,0.177246,0.222168,1.011719
3446559617,0.179687,0.220947,1.007324
3446564617,0.180664,0.221924,1.01001
3446569617,0.18042,0.222656,1.014893
3446574617,0.174561,0.222168,1.007324
3446579617,0.178955,0.219482,1.010498
3446584617,0.179687,0.22583,1.011963
3446589617,0.17749,0.218994,1.00708
3446594617,0.180664,0.219482,1.006104
3446599617,0.178467,0.217285,1.007813
3446604617,0.17749,0.220947,1.010742
3446609617,0.178223,0.220215,1.008789
3446614617,0.178467,0.223389,1.007324
3446619617,0.180664,0.220215,1.012451
3446624617,0.179443,0.22876,1.006592
3446629617,0.177002,0.220947,1.019531
3446634617,0.177734,0.225586,1.014404
3446639617,0.181641,0.225342,1.009277
3446644617,0.181396,0.223145,1.006104
3446649617,0.182617,0.220947,1.012207
3446654617,0.180908,0.227783,1.006348
3446659617,0.17749,0.218262,1.007568
3446664617,0.180176,0.21875,1.005127
3446669617,0.178711,0.217285,1.005371
3446674617,0.174316,0.22168,1.011475
3446679617,0.176514,0.226562,1.008545
3446684617,0.177734,0.222168,1.009033
3446689617,0.179932,0.220947,1.009521
3446694617,0.179443,0.219727,1.010986
3446699617,0.173584,0.222656,1.010986
3446704617,0.176758,0.225342,1.007813
3446709617,0.177979,0.222412,1.01123
3446714617,0.177734,0.225098,1.010986
3446719617,0.180176,0.224121,1.009766
3446724617,0.176025,0.221436,1.003662
3446729617,0.177979,0.221436,1.002441
3446734617,0.179687,0.22168,1.013916
3446739617,0.181396,0.223877,1.012695
3446744617,0.179199,0.221924,1.004395
3446749617,0.177734,0.224854,1.009766
3446754617,0.181152,0.223633,1.012207
3446759617,0.178223,0.220947,1.012207
3446764617,0.17749,0.223877,1.013428
3446769617,0.178955,0.220459,1.010498
3446774617,0.179687,0.225342,1.012451
3446779617,0.17627,0.222412,1.009766
3446784617,0.177734,0.224121,1.008301
3446789617,0.178711,0.219482,1.006104
3446794617,0.17749,0.221924,1.004639
3446799617,0.179932,0.221436,1.020264
3446804617,0.177734,0.220703,1.017578
3446809617,0.177734,0.225098,1.008545
3446814617,0.177002,0.22168,1.009033
3446819617,0.176758,0.224365,1.010254
3446824617,0.182129,0.2229,1.010498
3446829617,0.18042,0.228027,1.004639
3446834617,0.181641,0.223145,1.01001
3446839617,0.179687,0.220459,1.01001
3446844617,0.176514,0.220947,1.007568
3446849617,0.177979,0.21875,1.008057
3446854617,0.174805,0.218994,1.009033
3446859617,0.17749,0.219727,1.017578
3446864617,0.18042,0.223389,1.009277
3446869617,0.185547,0.217529,1.006104
3446874617,0.179199,0.224854,1.010254
3446879617,0.176025,0.222168,1.008545
3446884617,0.179687,0.226562,1.008057
3446889617,0.179932,0.218262,1.008545
3446894617,0.17749,0.220459,1.013916
3446899617,0.17627,0.222412,1.009277
3446904617,0.181885,0.22168,1.009766
3446909617,0.178955,0.224609,1.015381
3446914617,0.179443,0.222656,1.010742
3446919617,0.180664,0.22168,1.012451
3446924617,0.17627,0.221436,1.00708
3446929617,0.178223,0.22168,1.009033
3446934617,0.18042,0.219971,1.017822
3446939617,0.176758,0.221436,1.012695
3446944617,0.175049,0.222412,1.010498
3446949617,0.17749,0.220459,1.010742
3446954617,0.178711,0.220215,1.010986
3446959617,0.181641,0.224854,1.005859
3446964617,0.179443,0.226318,1.008301
3446969617,0.17749,0.224121,1.008057
3446974617,0.182617,0.223633,1.010742
3446979617,0.178467,0.222656,1.003662
3446984617,0.181885,0.219482,1.006592
3446989617,0.181641,0.222412,1.012939
3446994617,0.182861,0.217041,1.013916
3446999617,0.181396,0.221436,1.007324
3447004617,0.175537,0.226318,1.007568
3447009617,0.176514,0.224121,1.010742
3447014617,0.178223,0.225586,1.007568
3447019617,0.177002,0.226318,1.006592
3447024617,0.173584,0.21875,1.006592
3447029617,0.17627,0.2229,1.01123
3447034617,0.178711,0.2229,1.005859
3447039617,0.181641,0.222168,1.010498
3447044617,0.181152,0.222656,1.005859
3447049617,0.181641,0.222412,1.00708
3447054617,0.179443,0.226074,1.010254
3447059617,0.177246,0.221191,1.009521
3447064617,0.175781,0.224609,1.007568
3447069617,0.179932,0.226318,1.012939
3447074617,0.178711,0.222412,1.012695
3447079617,0.183594,0.219727,1.007324
3447084617,0.179687,0.224365,1.00708
3447089617,0.180664,0.223389,1.011719
3447094617,0.179443,0.2229,1.00415
3447099617,0.179687,0.219971,1.008545
3447104617,0.17749,0.222656,1.00293
3447109617,0.181885,0.223145,1.006592
3447114617,0.179443,0.223633,1.001221
3447119617,0.18042,0.220947,1.006104
3447124617,0.179932,0.223389,1.005859
3447129617,0.183105,0.218506,1.003418
3447134617,0.182373,0.217773,1.007568
3447139617,0.180176,0.22168,1.010742
3447144617,0.178223,0.223389,1.007324
3447149617,0.173828,0.222656,1.012451
3447154617,0.17749,0.221924,1.014648
3447159617,0.177979,0.221436,1.008545
3447164617,0.172363,0.223633,1.007568
3447169617,0.176758,0.22168,1.004883
3447174617,0.181641,0.222656,1.008789
3447179617,0.176758,0.224609,1.004883
3447184617,0.175781,0.221924,1.00415
3447189617,0.184814,0.222168,1.009277
3447194617,0.181885,0.220215,1.006348
3447199617,0.179443,0.221436,1.014893
3447204617,0.178467,0.223633,1.010986
3447209617,0.182129,0.225342,1.01416
3447214617,0.178467,0.224854,1.010742
3447219617,0.180664,0.224121,1.006592
3447224617,0.179932,0.223389,1.009766
3447229617,0.178711,0.22583,1.011475
3447234617,0.175293,0.226562,1.007324
3447239617,0.177979,0.2229,1.006836
3447244617,0.181396,0.223145,1.010254
3447249617,0.175781,0.223145,1.00415
3447254617,0.175781,0.224365,1.005615
3447259617,0.180176,0.225098,1.005127
3447264617,0.179443,0.224121,1.01001
3447269617,0.177246,0.22583,1.009521
3447274617,0.182129,0.222656,1.005859
3447279617,0.17749,0.219727,1.007813
3447284617,0.178955,0.221924,1.006348
3447289617,0.176025,0.223389,1.005615
3447294617,0.177246,0.221924,1.008789
3447299617,0.183105,0.224121,1.010986
3447304617,0.182861,0.22168,1.010498
3447309617,0.177979,0.219727,1.01123
3447314617,0.176514,0.219971,1.014404
3447319617,0.173828,0.2229,1.008301
3447324617,0.176514,0.224121,1.012451
3447329617,0.172852,0.221436,1.006104
3447334617,0.177979,0.225098,1.018555
3447339617,0.175781,0.22583,1.013184
3447344617,0.17749,0.218994,1.008057
3447349617,0.183105,0.22168,1.01001
3447354617,0.177002,0.223633,0.998291
3447359617,0.174561,0.2229,0.999756
3447364617,0.178223,0.222656,1.010742
3447369617,0.184082,0.225098,1.013184
3447374617,0.177979,0.22168,1.009277
3447379617,0.178223,0.220947,1.012451
3447384617,0.175049,0.216553,1.004639
3447389617,0.176025,0.21875,1.008057
3447394617,0.177246,0.219971,1.013916
3447399617,0.179932,0.22168,1.01001
3447404617,0.176025,0.218506,1.017822
3447409617,0.177002,0.220947,1.010742
3447414617,0.177734,0.218506,1.007813
3447419617,0.17627,0.222412,1.01123
3447424617,0.177734,0.226074,1.009277
3447429617,0.177979,0.223389,1.012451
3447434617,0.175049,0.225342,1.01123
3447439617,0.182373,0.223389,1.013916
3447444617,0.179443,0.223145,1.006348
3447449617,0.179443,0.224854,1.005127
3447454617,0.179932,0.219971,1.010254
3447459617,0.178711,0.222412,1.015625
3447464617,0.179932,0.219971,1.009521
3447469617,0.17749,0.219727,1.012939
3447474617,0.179199,0.221924,1.009766
3447479617,0.177734,0.223389,1.007324
3447484617,0.182617,0.219482,1.012207
3447489617,0.180176,0.220947,1.011719
3447494617,0.17749,0.223145,1.009033
3447499617,0.176514,0.223877,1.011719
3447504617,0.176758,0.224609,1.013916
3447509617,0.17627,0.225586,1.005615
3447514617,0.175049,0.22583,1.013428
3447519617,0.18042,0.222168,1.004639
3447524617,0.180176,0.220215,1.012451
3447529617,0.179932,0.223877,1.008545
3447534617,0.181152,0.224121,1.01123
3447539617,0.179687,0.222656,1.01001
3447544617,0.181152,0.223633,1.006104
3447549617,0.182373,0.222412,1.008057
3447554617,0.177002,0.222656,1.010254
3447559617,0.178711,0.219727,1.008545
3447564617,0.181152,0.219238,1.009766
3447569617,0.176025,0.219238,1.012695
3447574617,0.175781,0.220947,1.007568
3447579617,0.174316,0.223145,1.004395
3447584617,0.178955,0.224365,1.006836
3447589617,0.176514,0.22168,1.014404
3447594617,0.17749,0.224365,1.00415
3447599617,0.17749,0.223877,1.010254
3447604617,0.180908,0.21875,1.010986
3447609617,0.177002,0.224121,1.016113
3447614617,0.174561,0.222656,1.008057
3447619617,0.177246,0.221436,1.008057
3447624617,0.180908,0.220947,1.006348
3447629617,0.176025,0.221191,1.007813
3447634617,0.178223,0.220459,1.009277
3447639617,0.177246,0.223145,1.00708
3447644617,0.181152,0.22168,1.011719
3447649617,0.179199,0.220947,1.012695
3447654617,0.175537,0.21875,1.008057
3447659617,0.180664,0.226562,1.00415
3447664617,0.17627,0.218994,1.009521
3447669617,0.179199,0.226562,1.011475
3447674617,0.177246,0.223389,1.012207
3447679617,0.178955,0.223145,1.009766
3447684617,0.178467,0.223145,1.008057
3447689617,0.176025,0.219482,1.007813
3447694617,0.179687,0.22168,1.012451
3447699617,0.179687,0.225098,1.013184
3447704617,0.180664,0.221191,1.009766
3447709617,0.181396,0.220703,1.013916
3447714617,0.181641,0.217285,1.008057
3447719617,0.177246,0.21875,1.010498
3447724617,0.173096,0.220703,1.006836
3447729617,0.178711,0.222412,1.008545
3447734617,0.181396,0.218994,1.007324
3447739617,0.178955,0.224854,1.01001
3447744617,0.180176,0.224121,1.010986
3447749617,0.17749,0.224365,1.010254
3447754617,0.179687,0.222656,1.011475
3447759617,0.180664,0.224609,1.010742
3447764617,0.175049,0.220215,1.005859
3447769617,0.178467,0.223877,1.008545
3447774617,0.177002,0.220947,1.005859
3447779617,0.179199,0.219971,1.013916
3447784617,0.18042,0.224365,1.006836
3447789617,0.173584,0.219971,1.013672
3447794617,0.178711,0.221924,1.016357
3447799617,0.178223,0.220215,1.010498
3447804617,0.174805,0.225098,1.005127
3447809617,0.18042,0.218262,1.002197
3447814617,0.179199,0.223389,1.014648
3447819617,0.182861,0.220703,1.012207
3447824617,0.177979,0.224854,1.006348
3447829617,0.179932,0.221191,1.01001
3447834617,0.177979,0.223877,1.015381
3447839617,0.178955,0.223389,1.009766
3447844617,0.177246,0.225586,1.003418
3447849617,0.179443,0.222412,1.009033
3447854617,0.18042,0.225586,1.012207
3447859617,0.173584,0.218018,1.003906
3447864617,0.17749,0.220459,1.006592
3447869617,0.179443,0.224121,1.006104
3447874617,0.175537,0.224365,1.00708
3447879617,0.177002,0.223389,1.005127
3447884617,0.178223,0.222656,1.010498
3447889617,0.180176,0.220459,1.005615
3447894617,0.178467,0.22168,1.004883
3447899617,0.178467,0.21875,1.010742
3447904617,0.180908,0.223877,1.006836
3447909617,0.175293,0.221191,1.007324
3447914617,0.171143,0.223145,1.004883
3447919617,0.177734,0.223633,1.008789
3447924617,0.178467,0.221191,1.01416
3447929617,0.175781,0.224365,1.010498
3447934617,0.177734,0.226318,1.005615
3447939617,0.175781,0.225098,1.010742
3447944617,0.178711,0.221191,1.017578
3447949617,0.174561,0.224609,1.009277
3447954617,0.175049,0.225098,1.009521
3447959617,0.178467,0.222656,1.004883
3447964617,0.179443,0.22168,1.010254
3447969617,0.175293,0.223389,1.008057
3447974617,0.173096,0.223633,1.01001
3447979617,0.181641,0.224854,1.006836
3447984617,0.175049,0.223633,1.00415
3447989617,0.176514,0.224854,1.012695
3447994617,0.178711,0.227295,1.013184
3447999617,0.174072,0.222168,1.010254
3448004617,0.179687,0.224854,1.010254
3448009617,0.177246,0.222656,1.009033
3448014617,0.178955,0.22168,1.012207
3448019617,0.17749,0.223877,1.01001
3448024617,0.176758,0.223877,1.005127
3448029617,0.177734,0.219727,1.008057
3448034617,0.176025,0.220947,1.005859
3448039617,0.179687,0.223877,1.006348
3448044617,0.179687,0.222168,1.010986
3448049617,0.174316,0.223145,1.006592
3448054617,0.177979,0.226318,1.00708
3448059617,0.179932,0.22583,1.015381
3448064617,0.182373,0.220703,1.00708
3448069617,0.176025,0.226074,1.006104
3448074617,0.178467,0.225342,1.015137
3448079617,0.179199,0.223389,1.013428
3448084617,0.178711,0.223633,1.01123
3448089617,0.177002,0.223145,1.009033
3448094617,0.180176,0.219727,1.011963
3448099617,0.182617,0.224854,1.012207
3448104617,0.18042,0.223145,1.01001
3448109617,0.177246,0.226074,1.00708
3448114617,0.179443,0.21875,1.008057
3448119617,0.177246,0.219971,1.00708
3448124617,0.177979,0.220459,1.011963
3448129617,0.179932,0.223877,1.013184
3448134617,0.176758,0.224609,1.008057
3448139617,0.180664,0.217773,1.008789
3448144617,0.178955,0.220215,1.011963
3448149617,0.177246,0.223389,1.008789
3448154617,0.178711,0.223145,1.007813
3448159617,0.180664,0.227051,1.014404
3448164617,0.181396,0.222412,1.011475
3448169617,0.177979,0.227539,1.012939
3448174617,0.17627,0.223877,1.006592
3448179617,0.181641,0.216553,1.010254
3448184617,0.182373,0.2229,1.008545
3448189617,0.177002,0.217041,1.008301
3448194617,0.174072,0.221191,1.00708
3448199617,0.181641,0.218506,1.010742
3448204617,0.174805,0.220215,1.003662
3448209617,0.180176,0.22168,1.012207
3448214617,0.180176,0.220703,1.011719
3448219617,0.178223,0.224365,1.020996
3448224617,0.180176,0.223389,1.006348
3448229617,0.177734,0.227783,1.009033
3448234617,0.183105,0.227295,1.010986
3448239617,0.175781,0.224121,1.011719
3448244617,0.174072,0.222412,1.013184
3448249617,0.177002,0.224121,1.008789
3448254617,0.176758,0.220459,1.007568
3448259617,0.174805,0.225098,1.008545
3448264617,0.178467,0.2229,1.007568
3448269617,0.179687,0.225342,1.007568
3448274617,0.181152,0.220459,1.009033
3448279617,-1.337891,1.999939,-2.0
3448284617,-1.823975,1.999939,-0.767822
3448289617,-2.0,0.193848,-2.0
3448294617,0.220459,1.495605,-2.0
3448299617,-0.246826,1.999939,0.04126
3448304617,0.012695,0.158203,-2.0
3448309617,0.029541,0.350586,0.575684
3448314617,0.092041,0.167969,0.744629
3448319617,0.163818,0.275391,0.956543
3448324617,0.199463,0.22583,1.076904
3448329617,0.224854,0.23291,1.086914
3448334617,0.203369,0.200684,1.046387
3448339617,0.258301,-0.696289,-1.037842
3448344617,1.831787,1.999939,-2.0
3448349617,-0.536621,1.999939,-2.0
3448354617,-1.20459,0.583496,-1.435303
3448359617,-0.577148,0.137207,1.150391
3448364617,-0.072266,0.188232,1.294678
3448369617,0.274902,0.219727,1.642334
3448374617,0.161621,0.347168,0.804199
3448379617,0.150635,0.181396,0.812012
3448384617,-0.778076,0.414551,0.799316
3448389617,0.101074,0.211914,1.169189
3448394617,0.211426,0.233887,0.978516
3448399617,0.16333,0.226807,0.932861
3448404617,0.192627,0.234619,0.983887
3448409617,0.149658,0.27124,1.060547
3448414617,0.097168,0.236328,0.85791
3448419617,0.201904,0.293945,1.063477
3448424617,0.14917,0.246094,0.901855
3448429617,0.197998,0.200195,1.072998
3448434617,0.219482,0.219238,1.335449
3448439617,0.242432,0.212402,1.074463
3448444617,0.149658,0.208984,0.999023
3448449617,0.1875,0.161865,0.941895
3448454617,0.125977,0.217285,0.894531
3448459617,0.182861,0.209473,0.937988
3448464617,0.236328,0.202637,1.075684
3448469617,0.189941,0.238525,1.061768
3448474617,0.217041,0.227539,1.089355
3448479617,0.151367,0.244629,0.972656
3448484617,0.169678,0.22876,0.986328
3448489617,0.179687,0.240234,0.970215
3448494617,0.192139,0.227295,1.047607
3448499617,0.178955,0.227295,1.050781
3448504617,0.177734,0.194336,0.998291
3448509617,0.158203,0.204834,1.010254
3448514617,0.207764,0.265381,1.148193
3448519617,0.198242,0.229004,1.031006
3448524617,0.176025,0.19873,0.985596
3448529617,0.200439,0.208008,1.052246
3448534617,0.182861,0.234131,1.028076
3448539617,0.19165,0.246094,1.084961
3448544617,0.185303,0.246338,1.116455
3448549617,0.151367,0.269775,0.985352
3448554617,0.160156,0.250488,1.032959
3448559617,0.209717,0.206543,1.055664
3448564617,0.166748,0.200684,0.981445
3448569617,0.213623,0.211182,1.028809
3448574617,0.196045,0.257568,1.039795
3448579617,0.218506,0.285645,1.092041
3448584617,0.181396,0.243164,0.990967
3448589617,0.160645,0.193359,0.989746
3448594617,0.204102,0.178467,0.97998
3448599617,0.254639,0.208252,1.100342
3448604617,0.229248,0.231201,1.102051
3448609617,0.142334,0.26416,0.97168
3448614617,0.140381,0.217529,0.914307
3448619617,0.172363,0.221191,0.948486
3448624617,0.161865,0.229736,1.030518
3448629617,0.207031,0.224365,1.015381
3448634617,0.179199,0.221436,0.994385
3448639617,0.185303,0.241943,1.042969
3448644617,0.168945,0.208984,0.98291
3448649617,0.186279,0.192871,0.969727
3448654617,0.187256,0.196533,0.986328
3448659617,0.119385,0.217529,0.932617
3448664617,0.22583,0.180664,0.973877
3448669617,0.260742,0.232666,1.202393
3448674617,0.27832,0.238037,1.141357
3448679617,0.195801,0.240967,1.062012
3448684617,0.165039,0.228271,1.004883
3448689617,0.157715,0.247803,0.999512
3448694617,0.187256,0.230469,1.097168
3448699617,0.185059,0.219971,1.019775
3448704617,0.175537,0.234375,1.012207
3448709617,0.181396,0.21167,1.000977
3448714617,0.169678,0.214111,1.037354
3448719617,0.187012,0.163818,0.938477
3448724617,0.123535,0.255371,0.980957
3448729617,0.173828,0.207764,0.97998
3448734617,0.144531,0.225342,1.013184
3448739617,0.155273,0.20459,0.914307
3448744617,0.232666,0.174561,1.059082
3448749617,0.201416,0.277588,1.147461
3448754617,0.224609,0.306152,1.08374
3448759617,0.165283,0.218018,1.000488
3448764617,0.167725,0.233643,1.058838
3448769617,0.189941,0.216553,1.084229
3448774617,0.222168,0.219971,1.030762
3448779617,0.232666,0.186768,1.036865
3448784617,0.171875,0.201416,1.005127
3448789617,0.201172,0.223389,1.02124
3448794617,0.160889,0.220215,1.017822
3448799617,0.228027,0.233154,1.055664
3448804617,0.131104,0.223145,0.940674
3448809617,0.192139,0.230957,0.99292
3448814617,0.192383,0.205078,0.994629
3448819617,0.193848,0.25,1.083252
3448824617,0.196777,0.22168,1.005127
3448829617,0.215332,0.235352,1.099365
3448834617,0.19873,0.224609,1.015869
3448839617,0.202148,0.249268,1.000732
3448844617,0.151123,0.241699,1.020264
3448849617,0.182617,0.231201,1.078613
3448854617,0.213135,0.239258,1.108398
3448859617,0.17627,0.200439,1.048096
3448864617,0.148193,0.207031,0.980713
3448869617,0.171143,0.22998,1.11084
3448874617,0.168701,0.207031,0.985352
3448879617,0.162354,0.187012,0.901611
3448884617,0.172852,0.204102,0.973877
3448889617,0.174072,0.15625,0.846436
3448894617,0.239258,0.169189,1.02002
3448899617,0.359619,0.306152,1.760742
3448904617,0.156494,0.374268,1.196533
3448909617,0.274902,0.231445,1.101074
3448914617,0.17041,0.183105,1.104736
3448919617,0.169434,0.186279,0.887207
3448924617,0.245605,0.137207,1.036621
3448929617,0.201904,0.198242,1.015137
3448934617,0.187012,0.209229,1.026123
3448939617,0.074951,0.232666,0.802979
3448944617,0.22583,0.136475,0.98877
3448949617,0.211914,0.105957,0.892822
3448954617,0.09375,0.133301,0.890625
3448959617,0.175537,0.11377,0.953613
3448964617,0.261719,0.222412,1.099365
3448969617,0.150879,0.254639,1.041016
3448974617,0.214111,0.253174,1.083496
3448979617,0.190186,0.190186,1.034424
3448984617,0.14917,0.154297,0.765869
3448989617,0.285645,0.164795,1.276367
3448994617,0.139404,0.229736,0.817383
3448999617,0.189453,0.28418,1.116943
3449004617,0.174316,0.25415,1.047607
3449009617,0.219482,0.254395,1.092529
3449014617,0.226318,0.126221,1.256348
3449019617,0.137939,0.016357,0.782715
3449024617,0.230957,0.260986,1.000244
3449029617,0.189209,0.282959,1.137939
3449034617,0.091309,0.285645,0.932373
3449039617,0.242432,0.208984,0.855469
3449044617,0.279785,0.166748,1.109863
3449049617,0.128174,0.215088,1.038086
3449054617,0.19043,0.174805,0.959229
3449059617,0.201416,0.130615,1.062744
3449064617,0.075195,0.352783,0.980225
3449069617,0.204834,0.303223,1.101563
3449074617,0.143311,0.307617,1.101074
3449079617,0.210205,0.163086,1.00708
3449084617,0.207031,0.193604,1.032959
3449089617,0.19458,0.265381,1.011719
3449094617,0.081299,0.322998,0.897949
3449099617,0.188477,0.262207,1.096436
3449104617,0.155029,0.220947,0.961182
3449109617,0.108887,0.2146,0.956055
3449114617,0.213623,0.144531,0.98999
3449119617,0.200684,0.154053,0.98999
3449124617,0.197754,0.163818,1.004395
3449129617,0.17627,0.202148,1.014404
3449134617,0.165771,0.249023,1.032227
3449139617,0.168457,0.270996,1.022705
3449144617,0.167236,0.279053,1.031494
3449149617,0.170654,0.265625,1.028076
3449154617,0.16626,0.244385,1.007568
3449159617,0.156494,0.246338,1.011963
3449164617,0.159668,0.273193,1.016602
3449169617,0.158936,0.29834,1.046875
3449174617,0.155029,0.305908,1.054932
3449179617,0.170166,0.273438,1.03418
3449184617,0.210693,0.206055,1.008057
3449189617,0.170166,0.163574,1.02002
3449194617,0.210449,0.134521,0.983643
3449199617,0.186035,0.192139,0.986328
3449204617,0.176514,0.205811,0.984375
3449209617,0.178223,0.220459,0.994629
3449214617,0.182861,0.180664,0.970947
3449219617,0.194824,0.137207,0.977051
3449224617,0.20166,0.136475,0.968506
3449229617,0.194336,0.145508,0.974365
3449234617,0.184326,0.188477,0.990234
3449239617,0.182617,0.223633,1.012451
3449244617,0.177979,0.243408,1.028809
3449249617,0.179443,0.238037,1.017822
3449254617,0.187012,0.206299,1.005615
3449259617,0.179687,0.21875,1.031982
3449264617,0.171875,0.240234,1.01709
3449269617,0.166992,0.275146,1.028076
3449274617,0.151367,0.306152,1.039551
3449279617,0.150635,0.308594,1.024902
3449284617,0.161377,0.292969,1.02124
3449289617,0.172363,0.250977,1.018799
3449294617,0.185059,0.210205,1.016602
3449299617,0.174316,0.20459,1.013916
3449304617,0.185303,0.208252,1.009521
3449309617,0.179443,0.220703,1.012207
3449314617,0.173828,0.223145,1.009033
3449319617,0.186035,0.192139,0.983398
3449324617,0.192383,0.166016,0.985596
3449329617,0.19165,0.154053,0.979248
3449334617,0.193604,0.156494,0.976074
3449339617,0.183594,0.185791,0.984131
3449344617,0.180176,0.217773,1.008301
3449349617,0.175293,0.236816,1.020508
3449354617,0.181152,0.236084,1.017578
3449359617,0.179443,0.217529,1.01001
3449364617,0.176758,0.222168,1.024658
3449369617,0.17627,0.242432,1.016357
3449374617,0.16748,0.258789,1.020264
3449379617,0.161621,0.285645,1.029053
3449384617,0.163574,0.291504,1.02832
3449389617,0.166016,0.270996,1.017822
3449394617,0.17749,0.232422,1.019287
3449399617,0.175293,0.199951,1.013428
3449404617,0.185303,0.192383,0.993408
3449409617,0.183105,0.202393,1.006592
3449414617,0.184082,0.214844,1.007324
3449419617,0.18335,0.205811,0.997559
3449424617,0.184814,0.194824,1.003418
3449429617,0.190186,0.178467,0.986328
3449434617,0.189941,0.174561,0.983887
3449439617,0.180176,0.187256,0.993164
3449444617,0.178223,0.212402,1.009033
3449449617,0.176514,0.237061,1.01416
3449454617,0.174561,0.246338,1.021729
3449459617,0.171143,0.248779,1.018311
3449464617,0.170166,0.233643,1.015381
3449469617,0.178223,0.237061,1.01416
3449474617,0.168701,0.245117,1.023193
3449479617,0.168701,0.251221,1.021729
3449484617,0.169678,0.248779,1.017578
3449489617,0.172119,0.244385,1.024658
3449494617,0.174316,0.229492,1.01709
3449499617,0.178223,0.203125,0.997314
3449504617,0.183594,0.194824,1.002686
3449509617,0.185547,0.190918,0.996094
3449514617,0.178711,0.196289,0.990479
3449519617,0.18457,0.21167,0.999756
3449524617,0.180908,0.212646,1.007568
3449529617,0.179199,0.213867,1.004883
3449534617,0.181396,0.211426,1.002686
3449539617,0.177979,0.210205,1.00293
3449544617,0.175049,0.2146,1.011475
3449549617,0.172363,0.230225,1.016602
3449554617,0.16626,0.246338,1.024658
3449559617,0.175049,0.254395,1.019775
3449564617,0.172852,0.249023,1.018555
3449569617,0.173584,0.231934,1.013428
3449574617,0.177979,0.2229,1.011963
3449579617,0.17334,0.222168,1.016357
3449584617,0.174072,0.223877,1.007568
3449589617,0.178955,0.22998,1.015625
3449594617,0.176758,0.226807,1.009521
3449599617,0.179932,0.218018,1.008057
3449604617,0.18335,0.202881,0.996582
3449609617,0.184082,0.197998,1.00415
3449614617,0.18335,0.20459,1.008545
3449619617,0.178223,0.216553,1.003418
3449624617,0.17749,0.227783,1.01709
3449629617,0.175537,0.226074,1.010986
3449634617,0.17627,0.225342,1.008789
3449639617,0.180664,0.219238,1.004395
3449644617,0.181152,0.218262,1.009277
3449649617,0.174561,0.228516,1.018066
3449654617,0.172363,0.235107,1.020996
3449659617,0.172852,0.243164,1.010986
3449664617,0.17627,0.237793,1.016602
3449669617,0.176758,0.227295,1.012939
3449674617,0.181885,0.214111,1.010254
3449679617,0.182617,0.216064,1.004883
3449684617,0.178223,0.213623,1.008545
3449689617,0.179443,0.221924,1.007568
3449694617,0.177734,0.223633,1.005127
3449699617,0.17749,0.224365,1.005127
3449704617,0.179199,0.219482,1.010498
3449709617,0.18042,0.210449,1.00708
3449714617,0.178711,0.219727,1.005371
3449719617,0.179443,0.21875,1.009521
3449724617,0.174561,0.22876,1.011475
3449729617,0.170898,0.233887,1.015137
3449734617,0.171143,0.23291,1.012939
3449739617,0.175049,0.228027,1.012695
3449744617,0.180176,0.22583,1.015625
3449749617,0.18042,0.223145,1.010498
3449754617,0.180908,0.226074,1.009277
3449759617,0.179687,0.230957,1.010742
3449764617,0.177246,0.228516,1.003906
3449769617,0.176758,0.224121,1.013184
3449774617,0.178711,0.216309,1.010742
3449779617,0.178223,0.213135,1.011719
3449784617,0.177979,0.2146,1.002441
3449789617,0.181641,0.221191,1.004639
3449794617,0.17749,0.223389,1.013672
3449799617,0.176025,0.224365,1.007568
3449804617,0.177979,0.224609,1.008057
3449809617,0.177002,0.220215,1.010254
3449814617,0.182373,0.220215,1.008545
3449819617,0.176758,0.223389,1.007324
3449824617,0.17749,0.224121,1.013916
3449829617,0.170654,0.230957,1.013916
3449834617,0.174072,0.22998,1.007568
3449839617,0.183838,0.230225,1.022949
3449844617,0.175781,0.220703,1.006592
3449849617,0.17749,0.219482,1.004883
3449854617,0.180176,0.220947,1.010986
3449859617,0.173828,0.223145,1.005371
3449864617,0.176025,0.22168,1.009766
3449869617,0.178467,0.226562,1.009521
3449874617,0.180664,0.223877,1.00708
3449879617,0.179199,0.220215,1.005859
3449884617,0.177246,0.219482,1.008789
3449889617,0.177979,0.217041,1.005127
3449894617,0.175293,0.225586,1.00293
3449899617,0.176025,0.228027,1.00708
3449904617,0.24292,0.176025,1.154785
3449909617,0.193359,0.04834,0.915039
3449914617,0.161133,0.213135,1.072021
3449919617,0.242676,0.192871,1.115234
3449924617,0.177246,0.259033,1.009033
3449929617,0.165527,0.201904,0.950684
3449934617,0.175293,0.271729,1.033936
3449939617,0.181885,0.186035,1.02417
3449944617,0.168457,0.231445,1.019775
3449949617,0.190674,0.340088,1.04834
3449954617,0.134033,0.246338,1.01709
3449959617,0.15918,0.282471,0.993408
3449964617,0.164551,0.216064,0.998535
3449969617,0.187256,0.216553,0.990723
3449974617,0.163086,0.237549,1.011963
3449979617,0.153809,0.271484,1.016113
3449984617,0.154785,0.282227,1.004883
3449989617,0.165039,0.273682,1.014648
3449994617,0.177734,0.235107,1.011475
3449999617,0.168945,0.223145,1.025146
3450004617,0.176514,0.249023,1.03418
3450009617,0.161133,0.244629,1.006836
3450014617,0.170898,0.250977,1.006836
3450019617,0.179199,0.22583,0.992187
3450024617,0.190674,0.188477,0.994141
3450029617,0.188232,0.168213,0.998535
3450034617,0.188721,0.174072,1.008789
3450039617,0.191162,0.176025,1.023438
3450044617,0.175293,0.217773,1.015381
3450049617,0.182129,0.218262,1.002686
3450054617,0.18042,0.193115,0.991699
3450059617,0.190918,0.199463,1.008301
3450064617,0.184082,0.200439,1.011719
3450069617,0.177246,0.213623,1.026855
3450074617,0.176025,0.240234,1.017578
3450079617,0.16748,0.244873,1.006348
3450084617,0.161621,0.279053,1.013672
3450089617,0.160889,0.270508,1.012451
3450094617,0.155518,0.273438,1.010742
3450099617,0.167725,0.256592,1.018555
3450104617,0.167969,0.250732,1.017578
3450109617,0.172119,0.238525,1.030518
3450114617,0.165527,0.232666,1.020264
3450119617,0.171875,0.252441,1.027832
3450124617,0.182861,0.210449,1.002441
3450129617,0.188232,0.171875,0.989746
3450134617,0.190918,0.162354,0.992432
3450139617,0.193848,0.158936,0.994385
3450144617,0.184814,0.187012,1.013672
3450149617,0.169678,0.266357,1.044434
3450154617,0.186035,0.266846,1.033691
3450159617,0.143555,0.218506,0.983154
3450164617,0.1521,0.251709,1.020264
3450169617,0.19043,0.243164,1.004883
3450174617,0.154541,0.264893,1.050293
3450179617,0.140869,0.272217,1.03418
3450184617,0.160645,0.272705,0.988525
3450189617,0.162842,0.280273,0.989258
3450194617,0.16333,0.256592,1.004395
3450199617,0.166504,0.22168,1.015381
3450204617,0.176514,0.226562,1.032227
3450209617,0.182373,0.219727,1.008301
3450214617,0.174316,0.233154,1.006348
3450219617,0.163818,0.252197,1.011963
3450224617,0.164062,0.248291,0.998291
3450229617,0.166504,0.237793,0.99585
3450234617,0.174805,0.235352,1.015625
3450239617,0.175049,0.234619,1.010742
3450244617,0.164795,0.24292,1.020508
3450249617,0.154053,0.266357,1.024658
3450254617,0.168701,0.239746,0.992432
3450259617,0.168213,0.2229,0.995117
3450264617,0.189209,0.198975,1.008545
3450269617,0.195068,0.193848,1.00293
3450274617,0.17334,0.23584,1.018555
3450279617,0.174316,0.21582,1.011963
3450284617,0.169922,0.244141,1.026611
3450289617,0.185303,0.218018,0.998047
3450294617,0.166748,0.187988,0.985352
3450299617,0.166992,0.259277,1.024658
3450304617,0.171875,0.255371,1.006836
3450309617,0.1604,0.239746,1.000488
3450314617,0.174316,0.277588,1.04541
3450319617,0.17334,0.235107,1.001953
3450324617,0.158203,0.247559,1.003662
3450329617,0.156738,0.264404,1.013916
3450334617,0.151367,0.260498,0.995605
3450339617,0.166992,0.272949,1.040039
3450344617,0.205566,0.265381,1.058838
3450349617,0.145996,0.236816,1.036133
3450354617,0.167725,0.175781,0.952881
3450359617,0.188721,0.199951,0.967041
3450364617,0.166016,0.214355,1.018799
3450369617,0.186279,0.19751,0.999023
3450374617,0.197998,0.164551,0.972412
3450379617,0.189941,0.171143,0.991943
3450384617,0.19165,0.166992,0.988281
3450389617,0.19043,0.17334,0.979004
3450394617,0.188965,0.178955,0.993164
3450399617,0.186768,0.183838,0.982178
3450404617,0.188721,0.193115,0.99292
3450409617,0.183594,0.189209,0.996582
3450414617,0.187744,0.180664,0.98999
3450419617,0.186279,0.185059,0.990967
3450424617,0.180908,0.205811,1.013916
3450429617,0.169922,0.240723,1.03418
3450434617,0.167969,0.259766,1.035889
3450439617,0.169189,0.278564,1.046143
3450444617,0.165527,0.277832,1.010498
3450449617,0.166016,0.274658,1.0271
3450454617,0.157227,0.28125,1.031982
3450459617,0.167236,0.273682,1.028076
3450464617,0.16748,0.276855,1.020752
3450469617,0.17334,0.261475,1.02832
3450474617,0.175537,0.244873,1.034912
3450479617,0.176514,0.207764,0.994385
3450484617,0.18042,0.191895,0.999512
3450489617,0.191162,0.193359,1.000732
3450494617,0.180908,0.181396,0.991455
3450499617,0.181885,0.191162,0.993164
3450504617,0.187988,0.190186,0.993408
3450509617,0.186279,0.190186,0.991943
3450514617,0.185059,0.188965,0.99707
3450519617,0.1875,0.182129,0.992187
3450524617,0.180908,0.187256,0.991699
3450529617,0.18042,0.192627,0.994873
3450534617,0.184814,0.199951,0.999512
3450539617,0.179199,0.20874,1.004883
3450544617,0.177979,0.229248,1.019775
3450549617,0.174316,0.235596,1.020996
3450554617,0.174316,0.235107,1.017578
3450559617,0.16748,0.253662,1.033936
3450564617,0.168701,0.267334,1.027832
3450569617,0.163574,0.272461,1.019531
3450574617,0.164307,0.270264,1.020264
3450579617,0.171875,0.254395,1.02124
3450584617,0.172363,0.246094,1.029785
3450589617,0.175537,0.230469,1.019043
3450594617,0.177979,0.210693,1.003174
3450599617,0.179443,0.209961,1.006104
3450604617,0.181885,0.203857,1.003418
3450609617,0.183838,0.199463,0.997559
3450614617,0.184326,0.194824,1.000244
3450619617,0.18457,0.189209,0.985107
3450624617,0.186035,0.191162,0.997314
3450629617,0.182617,0.198975,0.998779
3450634617,0.181885,0.200195,0.998291
3450639617,0.180176,0.206299,1.000732
3450644617,0.175781,0.213135,1.007568
3450649617,0.176514,0.223145,1.009033
3450654617,0.171387,0.227295,1.014893
3450659617,0.173584,0.236816,1.01001
3450664617,0.174316,0.241943,1.016357
3450669617,0.171875,0.251221,1.022461
3450674617,0.173584,0.255127,1.025879
3450679617,0.177002,0.254639,1.023438
3450684617,0.167236,0.249756,1.017578
3450689617,0.171143,0.241211,1.018555
3450694617,0.179687,0.231689,1.020752
3450699617,0.178467,0.224609,1.017822
3450704617,0.176758,0.219971,1.007324
3450709617,0.179199,0.215088,1.006104
3450714617,0.181641,0.209473,1.008545
3450719617,0.186279,0.202148,0.996582
3450724617,0.191162,0.194336,1.002441
3450729617,0.180908,0.19751,1.00415
3450734617,0.179687,0.206055,1.000244
3450739617,0.180908,0.210937,1.00293
3450744617,0.181396,0.216064,1.009766
3450749617,0.175293,0.215576,1.012207
3450754617,0.175537,0.219727,1.012207
3450759617,0.172852,0.228271,1.016113
3450764617,0.171387,0.231934,1.007324
3450769617,0.172607,0.230225,1.019043
3450774617,0.174805,0.237061,1.02124
3450779617,0.173828,0.234863,1.020752
3450784617,0.174316,0.235107,1.009766
3450789617,0.179199,0.228516,1.013916
3450794617,0.174561,0.219238,1.012695
3450799617,0.180176,0.219727,1.010498
3450804617,0.178711,0.216309,1.00708
3450809617,0.178223,0.218262,1.012451
3450814617,0.183594,0.216797,1.003906
3450819617,0.182617,0.212646,1.002686
3450824617,0.179199,0.211426,1.002197
3450829617,0.181396,0.209961,1.0
3450834617,0.179199,0.210937,1.004883
3450839617,0.175781,0.214844,1.009033
3450844617,0.174072,0.226318,1.003418
3450849617,0.175537,0.226074,1.005127
3450854617,0.175049,0.231201,1.011963
3450859617,0.178467,0.228271,1.006836
3450864617,0.177002,0.225586,1.021973
3450869617,0.176025,0.222412,1.017578
3450874617,0.174805,0.229736,1.008545
3450879617,0.170898,0.228027,1.006836
3450884617,0.173096,0.223389,1.005127
3450889617,0.180664,0.224121,1.010254
3450894617,0.182129,0.220703,1.010986
3450899617,0.185791,0.219482,1.012695
3450904617,0.179443,0.220215,1.006592
3450909617,0.183105,0.220947,1.011475
3450914617,0.178955,0.2146,1.002197
3450919617,0.178711,0.222168,1.015869
3450924617,0.177002,0.219727,1.003906
3450929617,0.180664,0.223877,1.011475
3450934617,0.179687,0.224365,1.004883
3450939617,0.177979,0.220459,1.009033
3450944617,0.175537,0.22876,1.008789
3450949617,0.177734,0.222656,1.012207
3450954617,0.18042,0.228271,1.013428
3450959617,0.175293,0.224121,1.010986
3450964617,0.18042,0.224609,1.015381
3450969617,0.17749,0.223633,1.00708
3450974617,0.179932,0.225342,1.006836
3450979617,0.179932,0.227783,1.00415
3450984617,0.178711,0.220459,1.010742
3450989617,0.174561,0.2229,1.009277
3450994617,0.180176,0.220215,1.008301
3450999617,0.181396,0.218018,1.010742
3451004617,0.178223,0.220703,1.007568
3451009617,0.17627,0.222656,1.001953
3451014617,0.177002,0.221436,1.009521
3451019617,0.17749,0.218018,1.001709
3451024617,0.175049,0.220947,1.007813
3451029617,0.175293,0.216309,1.010254
3451034617,0.177979,0.217529,1.011475
3451039617,0.177002,0.220459,1.011963
3451044617,0.175049,0.220947,1.006836
3451049617,0.175781,0.218506,1.008545
3451054617,0.180176,0.222656,1.01123
3451059617,0.178711,0.220947,1.002441
3451064617,0.184082,0.22168,1.016113
3451069617,0.17749,0.220215,1.007324
3451074617,0.182129,0.218994,1.010986
3451079617,0.178711,0.220947,1.015137
3451084617,0.174805,0.223877,1.007568
3451089617,0.178223,0.223633,1.011719
3451094617,0.176758,0.220703,1.008057
3451099617,0.180664,0.2229,1.009277
3451104617,0.176025,0.223877,1.006592
3451109617,0.179199,0.22168,1.013672
3451114617,0.176025,0.224854,1.010986
3451119617,0.174805,0.224365,1.011963
3451124617,0.176758,0.2229,1.010254
3451129617,0.179932,0.223389,1.018066
3451134617,0.178955,0.219238,1.015137
3451139617,0.178223,0.223633,1.009766
3451144617,0.181641,0.219238,1.015869
3451149617,0.178955,0.219727,1.01416
3451154617,0.180908,0.21875,1.005371
3451159617,0.174561,0.221191,1.001465
3451164617,0.17627,0.223389,0.998291
3451169617,0.173584,0.21582,1.004883
3451174617,0.177979,0.226562,1.003174
3451179617,0.175049,0.220947,1.005127
3451184617,0.178467,0.219482,1.013184
3451189617,0.17749,0.221436,1.013916
3451194617,0.178955,0.221191,1.013672
3451199617,0.177002,0.222656,1.006592
3451204617,0.175049,0.228271,1.008789
3451209617,0.172852,0.224365,1.013184
3451214617,0.177979,0.224854,1.003418
3451219617,0.176025,0.224365,1.007813
3451224617,0.179687,0.221924,1.007813
3451229617,0.175781,0.218994,1.01123
3451234617,0.177246,0.221436,1.015137
3451239617,0.178955,0.219482,1.009033
3451244617,0.177002,0.2229,1.010498
3451249617,0.178711,0.22168,1.004395
3451254617,0.178467,0.2229,1.013428
3451259617,0.180664,0.222656,1.012695
3451264617,0.177734,0.222168,1.009033
3451269617,0.175049,0.216797,1.009277
3451274617,0.175537,0.223389,1.005859
3451279617,0.182129,0.220459,1.017334
3451284617,0.176514,0.221924,1.00415
3451289617,0.176514,0.225098,1.012207
3451294617,0.18042,0.225342,1.004395
3451299617,0.178223,0.221191,1.014648
3451304617,0.178467,0.219727,1.009766
3451309617,0.173828,0.222412,1.01123
3451314617,0.179932,0.223145,1.008057
3451319617,0.179443,0.222412,1.00708
3451324617,0.181152,0.220947,1.011719
3451329617,0.173584,0.223145,1.007568
3451334617,0.175781,0.220215,1.008789
3451339617,0.17627,0.219238,1.014404
3451344617,0.175781,0.224609,1.000732
3451349617,0.179932,0.218018,1.008301
3451354617,0.179932,0.222412,1.020264
3451359617,0.173096,0.225098,1.007324
3451364617,0.174561,0.21875,1.01123
3451369617,0.17749,0.217773,1.008301
3451374617,0.177734,0.226318,1.006104
3451379617,0.182861,0.220947,1.010986
3451384617,0.181641,0.220947,1.003174
3451389617,0.180176,0.224854,1.01416
3451394617,0.181641,0.224365,1.015869
3451399617,0.180176,0.222168,1.012451
3451404617,0.177979,0.223633,1.006348
3451409617,0.178955,0.218262,1.00415
3451414617,0.178467,0.223633,1.005859
3451419617,0.178711,0.222168,1.01123
3451424617,0.179443,0.221924,1.008545
3451429617,0.179443,0.225586,1.009033
3451434617,0.176514,0.225098,1.013916
3451439617,0.179443,0.219238,1.011475
3451444617,0.177246,0.224609,1.006348
3451449617,0.180664,0.224365,1.010986
3451454617,0.178467,0.21875,1.013672
3451459617,0.178955,0.221924,1.014404
3451464617,0.177979,0.222412,1.010498
3451469617,0.176758,0.220459,1.008545
3451474617,0.178711,0.225586,1.005859
3451479617,0.181885,0.223633,1.014893
3451484617,0.175049,0.222168,1.008057
3451489617,0.18335,0.220947,1.010254
3451494617,0.177734,0.221191,1.008545
3451499617,0.176758,0.2229,1.00293
3451504617,0.176758,0.220215,1.009766
3451509617,0.180176,0.217285,1.012695
3451514617,0.179199,0.223633,1.010254
3451519617,0.173096,0.220947,1.010254
3451524617,0.177002,0.227539,1.011963
3451529617,0.179199,0.224609,1.005615
3451534617,0.182617,0.222656,1.003906
3451539617,0.177979,0.226318,1.007813
3451544617,0.174805,0.223145,1.009521
3451549617,0.180664,0.227783,1.009521
3451554617,0.178711,0.219238,1.01123
3451559617,0.175537,0.223389,1.009521
3451564617,0.181885,0.221924,1.012207
3451569617,0.177734,0.220947,1.010498
3451574617,0.176514,0.222168,1.00708
3451579617,0.175293,0.226318,1.01123
3451584617,0.179687,0.226074,1.006836
3451589617,0.182373,0.222168,1.01001
3451594617,0.178955,0.223877,1.008301
3451599617,0.180176,0.227051,1.012207
3451604617,0.178711,0.221191,1.008545
3451609617,0.180664,0.22168,1.007568
3451614617,0.178711,0.222168,1.010986
3451619617,0.175537,0.225098,1.004395
3451624617,0.182373,0.221924,1.012695
3451629617,0.17627,0.221924,1.010254
3451634617,0.178467,0.218994,1.010254
3451639617,0.178711,0.224365,1.006836
3451644617,0.178223,0.224609,1.012939
3451649617,0.17749,0.219971,1.0
3451654617,0.178955,0.21875,1.013672
3451659617,0.178711,0.2229,1.013672
3451664617,0.179199,0.217041,1.01001
3451669617,0.175293,0.219482,1.010742
3451674617,0.177246,0.222168,1.009277
3451679617,0.174805,0.223877,1.010742
3451684617,0.178467,0.223633,1.014404
3451689617,0.179199,0.224365,1.019287
3451694617,0.178223,0.223877,1.013184
3451699617,0.176514,0.225098,1.013916
3451704617,0.181641,0.221436,1.015625
3451709617,0.180664,0.222656,1.009277
3451714617,0.179932,0.217285,1.008301
3451719617,0.175537,0.2229,1.007568
3451724617,0.177246,0.221436,1.010254
3451729617,0.178223,0.220947,1.006592
3451734617,0.178467,0.223145,1.008057
3451739617,0.177734,0.224365,1.015625
3451744617,0.179199,0.221436,1.007568
3451749617,0.177246,0.221436,1.009766
3451754617,0.172852,0.222412,1.013428
3451759617,0.176758,0.220215,1.014404
3451764617,0.177002,0.223389,1.01123
3451769617,0.176514,0.219971,1.004395
3451774617,0.172363,0.224609,1.013428
3451779617,0.17627,0.223145,1.006104
3451784617,0.177002,0.219238,1.013672
3451789617,0.177002,0.222412,1.006348
3451794617,0.179687,0.223389,1.010986
3451799617,0.18042,0.223877,1.01001
3451804617,0.175537,0.222412,1.011963
3451809617,0.178467,0.219727,1.007568
3451814617,0.175293,0.224121,1.0
3451819617,0.179687,0.225342,1.000732
3451824617,0.175781,0.227295,1.009033
3451829617,0.177002,0.223389,1.009277
3451834617,0.178223,0.225342,1.002686
3451839617,0.178711,0.221191,1.01123
3451844617,0.182617,0.2229,1.008301
3451849617,0.176758,0.22168,1.01001
3451854617,0.178467,0.221191,0.999268
3451859617,0.18042,0.220459,1.008545
3451864617,0.179687,0.223633,1.016113
3451869617,0.180176,0.221924,1.010742
3451874617,0.176025,0.221436,1.006348
3451879617,0.178467,0.22168,1.012451
3451884617,0.174561,0.221436,1.005371
3451889617,0.177979,0.221924,1.006836
3451894617,0.176514,0.2229,1.002197
3451899617,0.180664,0.219727,1.009521
3451904617,0.177979,0.222656,1.010254
3451909617,0.179199,0.226318,1.011719
3451914617,0.179443,0.216553,1.010986
3451919617,0.176025,0.220215,1.01001
3451924617,0.17627,0.222656,1.005371
3451929617,0.180176,0.2229,1.006348
3451934617,0.176758,0.219482,1.011719
3451939617,0.178223,0.220459,1.004639
3451944617,0.178955,0.220215,1.010742
3451949617,0.179687,0.219482,1.01001
3451954617,0.177002,0.223389,1.009766
3451959617,0.178711,0.223145,1.014404
3451964617,0.176025,0.220947,1.009033
3451969617,0.174805,0.221924,1.005615
3451974617,0.176025,0.225342,1.006348
3451979617,0.176514,0.223145,1.005859
3451984617,0.177979,0.226562,1.009033
3451989617,0.180176,0.224854,1.009766
3451994617,0.176758,0.224365,1.005615
3451999617,0.177002,0.224121,1.009521
3452004617,0.180664,0.223389,1.01001
3452009617,0.178955,0.217041,1.010742
3452014617,0.178223,0.221436,1.012695
3452019617,0.174805,0.219238,1.008301
3452024617,0.17627,0.218262,1.008545
3452029617,0.177246,0.220215,1.006104
3452034617,0.176025,0.2229,1.007324
3452039617,0.177246,0.222168,1.009766
3452044617,0.175293,0.219482,1.012207
3452049617,0.177979,0.221924,1.010986
3452054617,0.17334,0.219238,1.008545
3452059617,0.177246,0.221924,1.015137
3452064617,0.177246,0.227051,1.014893
3452069617,0.177734,0.225586,1.013184
3452074617,0.175049,0.221191,1.005859
3452079617,0.176758,0.222656,1.011719
3452084617,0.172363,0.220459,1.011963
3452089617,0.179443,0.221436,1.003418
3452094617,0.180908,0.216797,1.014404
3452099617,0.175537,0.220947,1.003174
3452104617,0.180664,0.219971,1.007568
3452109617,0.178223,0.220215,1.012207
3452114617,0.174072,0.221436,1.012207
3452119617,0.177734,0.221191,1.013428
3452124617,0.179199,0.220703,1.008789
3452129617,0.172852,0.223877,1.009766
3452134617,0.174316,0.220947,1.004639
3452139617,0.174316,0.223145,1.008301
3452144617,0.17627,0.223389,1.010498
3452149617,0.179199,0.219482,1.008545
3452154617,0.183105,0.220459,1.008545
3452159617,0.177002,0.223389,1.01123
3452164617,0.177246,0.221436,1.011475
3452169617,0.184326,0.220215,1.015869
3452174617,0.181152,0.223389,1.009033
3452179617,0.175537,0.220947,1.003418
3452184617,0.180176,0.221924,1.015625
3452189617,0.175049,0.218506,1.019531
3452194617,0.179932,0.222656,1.007813
3452199617,0.177246,0.219727,1.011963
3452204617,0.178955,0.2229,1.011963
3452209617,0.176514,0.218506,1.012451
3452214617,0.180176,0.216553,1.000488
3452219617,0.181152,0.22168,1.00708
3452224617,0.173584,0.220215,1.001465
3452229617,0.178223,0.219971,1.008057
3452234617,0.181152,0.219727,1.007324
3452239617,0.17749,0.2229,1.00415
3452244617,0.17627,0.221924,1.000977
3452249617,0.174805,0.221191,1.010986
3452254617,0.175537,0.216797,1.000244
3452259617,0.17749,0.223877,1.009766
3452264617,0.178223,0.223145,1.003662
3452269617,0.17749,0.221436,1.008789
3452274617,0.175781,0.223633,1.010498
3452279617,0.175537,0.2229,1.013672
3452284617,0.175293,0.225098,1.008789
3452289617,0.179199,0.219482,1.008789
3452294617,0.17627,0.22168,1.009766
3452299617,0.18335,0.220459,1.01001
3452304617,0.180664,0.220947,1.012695
3452309617,0.178955,0.223877,1.012939
3452314617,0.178223,0.219238,1.007813
3452319617,0.181152,0.220215,1.001953
3452324617,0.174805,0.219727,1.005615
3452329617,0.174561,0.221191,1.00708
3452334617,0.17627,0.222168,1.009033
3452339617,0.179199,0.223145,1.010254
3452344617,0.18042,0.220459,1.010498
3452349617,0.177002,0.2229,1.007324
3452354617,0.176514,0.221436,1.01001
3452359617,0.178955,0.222168,1.01416
3452364617,0.175293,0.220459,1.016602
3452369617,0.174805,0.221436,1.010742
3452374617,0.178223,0.223145,1.005859
3452379617,0.173584,0.221436,1.003906
3452384617,0.178711,0.219971,1.007813
3452389617,0.175537,0.220703,1.00708
3452394617,0.178711,0.219482,1.010986
3452399617,0.178711,0.221191,1.005371
3452404617,0.183838,0.224365,1.018555
3452409617,0.178711,0.224854,1.012451
3452414617,0.178223,0.223145,1.009277
3452419617,0.177246,0.220703,1.004883
3452424617,0.173584,0.22168,1.004395
3452429617,0.17041,0.219971,1.006836
3452434617,0.176514,0.223877,1.011719
3452439617,0.177246,0.221436,1.006348
3452444617,0.174072,0.227295,1.01001
3452449617,0.176025,0.224365,1.006104
3452454617,0.183105,0.223633,1.012695
3452459617,0.174072,0.224121,1.011963
3452464617,0.175293,0.223145,1.006836
3452469617,0.180176,0.218994,1.008057
3452474617,1.999939,-0.951416,-2.0
3452479617,0.202148,1.999939,-2.0
3452484617,1.319824,1.999939,-2.0
3452489617,-1.736328,1.833008,-2.0
3452494617,-2.0,-0.792236,-2.0
3452499617,-0.714111,1.999939,-2.0
3452504617,-0.416504,1.999939,-2.0
3452509617,-0.634766,1.507813,-0.059814
3452514617,-0.103271,0.208496,-1.407715
3452519617,-0.019531,1.453613,-0.415283
3452524617,0.235352,0.359619,1.558594
3452529617,-0.378174,0.438721,-0.963867
3452534617,0.12085,1.190674,0.161133
3452539617,0.181152,1.999939,-1.837402
3452544617,-0.88208,0.448975,1.183105
3452549617,0.24292,0.309082,0.692139
3452554617,0.073486,0.1875,0.919922
3452559617,0.177979,0.207031,0.902588
3452564617,0.214844,0.234131,1.070557
3452569617,0.182861,0.277588,1.049561
3452574617,0.16626,0.199707,0.949463
3452579617,0.189453,0.220947,0.94873
3452584617,0.271729,0.146973,1.243896
3452589617,0.260498,1.385742,-2.0
3452594617,-0.51709,0.640381,1.201416
3452599617,0.067871,0.208496,0.733398
3452604617,0.156982,0.263916,1.024658
3452609617,0.166992,0.250977,1.061035
3452614617,0.195801,0.205322,0.957031
3452619617,0.16748,0.224609,1.036377
3452624617,0.18457,0.230469,1.043213
3452629617,0.184814,0.217285,0.98999
3452634617,0.165039,0.231934,1.032227
3452639617,0.182129,0.206787,1.006348
3452644617,0.186768,0.171387,0.956787
3452649617,0.180908,0.186035,1.001709
3452654617,0.186523,0.207764,1.011719
3452659617,0.176758,0.225342,1.000488
3452664617,0.165039,0.22998,1.01001
3452669617,0.127686,0.363037,1.362549
3452674617,-0.087646,1.999939,1.813721
3452679617,0.226318,0.244141,1.202637
3452684617,0.162598,0.276611,0.899414
3452689617,0.219727,0.311768,1.070801
3452694617,0.114014,0.316895,1.138184
3452699617,0.201172,0.213135,0.955078
3452704617,0.165039,0.223145,0.991943
3452709617,0.151367,0.264648,1.03833
3452714617,0.189697,0.25,1.018311
3452719617,0.168213,0.230469,1.007568
3452724617,0.182129,0.191162,1.019043
3452729617,0.198975,0.168457,0.980713
3452734617,0.171875,0.170898,0.900391
3452739617,0.249756,0.048096,0.828369
3452744617,-0.016846,0.208008,1.036377
3452749617,0.199219,0.193359,0.833252
3452754617,0.269531,0.227051,1.091553
3452759617,0.13208,0.304932,1.191162
3452764617,0.216553,0.199951,0.952393
3452769617,0.173096,0.180908,0.981689
3452774617,0.154541,0.283936,1.045898
3452779617,0.157959,0.287354,1.00415
3452784617,0.154297,0.290283,0.992187
3452789617,0.163086,0.288818,1.010986
3452794617,0.092285,0.212158,0.858887
3452799617,0.040771,0.149902,1.554443
3452804617,0.205322,0.242187,1.046631
3452809617,0.177246,0.213135,0.953857
3452814617,0.170654,0.265625,1.08252
3452819617,0.185059,0.186279,0.992676
3452824617,0.185791,0.184082,0.965332
3452829617,0.177734,0.223877,1.040527
3452834617,0.179443,0.216064,1.000488
3452839617,0.187744,0.202881,1.021484
3452844617,0.215576,0.208008,1.001953
3452849617,0.269287,0.102295,1.114014
3452854617,0.133057,0.28125,0.899902
3452859617,0.1604,0.241455,0.991455
3452864617,0.178467,0.270264,1.051758
3452869617,0.175293,0.210693,1.006104
3452874617,0.167725,0.216797,0.956543
3452879617,0.16626,0.256592,1.032959
3452884617,0.235107,0.241943,1.058594
3452889617,0.202881,0.20166,1.082031
3452894617,0.216797,0.200439,1.084229
3452899617,0.193359,0.200928,0.943848
3452904617,0.157959,0.222168,1.016846
3452909617,0.159668,0.223877,0.980469
3452914617,0.201172,0.168213,0.967041
3452919617,0.183838,0.226074,1.008789
3452924617,0.187744,0.724365,1.240479
3452929617,0.164062,0.223145,1.057129
3452934617,0.226807,0.240967,1.042236
3452939617,0.168701,0.234375,1.020752
3452944617,0.162842,0.253174,1.048096
3452949617,0.206543,0.182373,0.983398
3452954617,0.200195,0.216309,1.093018
3452959617,0.129883,0.331787,1.040771
3452964617,0.148682,0.288086,1.029541
3452969617,0.181641,0.25708,1.010742
3452974617,0.213379,0.143311,0.973389
3452979617,0.178467,0.176025,0.862793
3452984617,0.112549,0.184814,0.843506
3452989617,0.164307,0.238037,1.000488
3452994617,0.174072,0.208252,1.012207
3452999617,0.172363,0.237549,1.0
3453004617,0.17627,0.226074,1.026367
3453009617,0.185547,0.205078,1.007568
3453014617,0.179687,0.19873,1.004639
3453019617,0.177246,0.208252,1.001953
3453024617,0.172607,0.230713,1.001221
3453029617,0.166992,0.248779,1.013672
3453034617,0.18042,0.241699,1.016846
3453039617,0.176758,0.22876,1.006836
3453044617,0.170654,0.222412,1.014893
3453049617,0.181152,0.217285,1.016113
3453054617,0.173584,0.225098,1.011719
3453059617,0.170166,0.233398,1.009521
3453064617,0.171387,0.245361,1.013916
3453069617,0.175049,0.237549,1.01416
3453074617,0.176025,0.217285,1.010986
3453079617,0.182617,0.206055,1.006836
3453084617,0.180664,0.206787,1.000732
3453089617,0.179443,0.215332,1.01001
3453094617,0.179199,0.220703,1.014648
3453099617,0.174072,0.233398,1.008789
3453104617,0.174072,0.225342,1.003174
3453109617,0.18042,0.21875,1.010498
3453114617,0.181641,0.210693,1.006104
3453119617,0.174316,0.2146,1.002441
3453124617,0.182861,0.220459,1.016846
3453129617,0.172607,0.236328,1.009277
3453134617,0.165527,0.237549,1.011963
3453139617,0.173828,0.237793,1.008789
3453144617,0.175781,0.222412,1.009766
3453149617,0.179932,0.21582,1.004639
3453154617,0.184814,0.217773,1.013672
3453159617,0.172852,0.220947,1.004639
3453164617,0.174805,0.227783,1.013428
3453169617,0.176514,0.237305,1.01416
3453174617,0.175293,0.226318,1.009766
3453179617,0.176758,0.21875,1.009521
3453184617,0.184326,0.209473,1.006592
3453189617,0.179443,0.210693,1.009277
3453194617,0.176758,0.217285,1.005371
3453199617,0.181396,0.230957,1.017578
3453204617,0.167236,0.230469,1.012695
3453209617,0.173096,0.227539,1.009766
3453214617,0.176758,0.221191,1.008545
3453219617,0.173584,0.2146,1.012451
3453224617,0.173584,0.219971,1.008301
3453229617,0.175293,0.225098,1.007568
3453234617,0.175781,0.231934,1.01123
3453239617,0.173584,0.231689,1.003418
3453244617,0.178711,0.227295,1.019531
3453249617,0.176514,0.223877,1.004639
3453254617,0.17627,0.219727,1.002686
3453259617,0.181885,0.213623,1.009521
3453264617,0.179199,0.222656,1.011719
3453269617,0.171143,0.226562,1.010498
3453274617,0.171631,0.229248,1.008301
3453279617,0.178467,0.221436,1.009766
3453284617,0.174072,0.220459,1.006348
3453289617,0.174316,0.217529,1.002197
3453294617,0.167969,0.181885,0.984375
3453299617,0.181152,0.254883,1.034424
3453304617,0.172607,0.264648,1.0271
3453309617,0.176758,0.237793,1.009766
3453314617,0.167725,0.182617,0.99707
3453319617,0.186035,0.213135,0.987549
3453324617,0.169678,0.232666,1.023682
3453329617,0.17627,0.23999,1.015381
3453334617,0.181152,0.209961,0.999756
3453339617,0.181885,0.216797,0.993652
3453344617,0.179443,0.226074,1.010498
3453349617,0.182617,0.20874,0.989502
3453354617,0.168701,0.189697,1.00293
3453359617,0.178711,0.219971,1.003906
3453364617,0.192383,0.246338,1.05249
3453369617,0.162598,0.228516,1.032227
3453374617,0.175293,0.234375,1.016357
3453379617,0.192383,0.234619,1.003662
3453384617,0.170898,0.217041,1.021729
3453389617,0.165283,0.238281,1.018799
3453394617,0.185547,0.244385,1.012939
3453399617,0.176514,0.230957,1.01709
3453404617,0.177734,0.222168,1.014648
3453409617,0.182617,0.221191,1.022949
3453414617,0.1604,0.195068,0.998779
3453419617,0.180664,0.214844,0.973145
3453424617,0.160889,0.186279,1.012207
3453429617,0.175537,0.214111,1.007568
3453434617,0.177979,0.198486,1.004395
3453439617,0.177246,0.20459,0.987793
3453444617,0.163086,0.206055,0.99585
3453449617,0.171631,0.204102,1.002441
3453454617,0.180176,0.225586,0.996826
3453459617,0.181885,0.206787,1.013428
3453464617,0.17041,0.228516,1.008545
3453469617,0.171143,0.230225,1.002686
3453474617,0.172119,0.246582,1.029053
3453479617,0.163574,0.263916,1.02832
3453484617,0.161865,0.274414,1.02002
3453489617,0.149658,0.301758,1.007324
3453494617,0.169189,0.263916,1.006836
3453499617,0.167236,0.259277,1.023926
3453504617,0.157471,0.253418,1.027344
3453509617,0.160889,0.273438,1.019531
3453514617,0.167236,0.263184,1.010986
3453519617,0.169922,0.251709,1.020264
3453524617,0.196533,0.229248,1.007324
3453529617,0.192383,0.177734,0.999756
3453534617,0.178955,0.157471,1.010986
3453539617,0.190186,0.169189,0.97168
3453544617,0.180908,0.183105,0.983887
3453549617,0.185791,0.188965,0.994385
3453554617,0.188965,0.17041,0.979004
3453559617,0.190674,0.167969,0.991211
3453564617,0.181152,0.19751,1.020508
3453569617,0.180908,0.216064,1.013184
3453574617,0.180664,0.24292,1.008057
3453579617,0.161377,0.264404,1.017822
3453584617,0.169434,0.280762,1.026611
3453589617,0.169922,0.251221,1.015869
3453594617,0.165527,0.250732,1.024902
3453599617,0.169434,0.251953,1.019287
3453604617,0.161133,0.255127,1.022461
3453609617,0.156006,0.26123,1.006592
3453614617,0.156006,0.27002,1.009277
3453619617,0.164307,0.280029,1.018066
3453624617,0.172607,0.252686,1.026123
3453629617,0.191162,0.218262,1.00708
3453634617,0.163574,0.189453,1.014648
3453639617,0.19043,0.181396,0.987549
3453644617,0.186035,0.178223,0.987793
3453649617,0.185059,0.219971,1.006836
3453654617,0.184326,0.168945,0.963379
3453659617,0.192627,0.164795,0.992432
3453664617,0.195312,0.176025,0.987549
3453669617,0.180908,0.164307,0.980225
3453674617,0.180908,0.215332,1.020996
3453679617,0.162598,0.246338,1.01123
3453684617,0.155029,0.256592,1.026367
3453689617,0.174561,0.272461,1.012451
3453694617,0.167969,0.254883,1.02002
3453699617,0.160889,0.26001,1.029541
3453704617,0.16748,0.250244,1.01709
3453709617,0.169189,0.259766,1.022461
3453714617,0.170898,0.261475,1.021973
3453719617,0.171387,0.250977,1.025146
3453724617,0.176514,0.229492,1.020264
3453729617,0.180908,0.20166,0.994385
3453734617,0.182861,0.182861,0.998047
3453739617,0.18457,0.181885,0.993164
3453744617,0.18457,0.187988,0.988281
3453749617,0.182861,0.195801,0.99585
3453754617,0.180908,0.203613,0.998291
3453759617,0.179443,0.20166,1.003174
3453764617,0.178467,0.205322,1.010254
3453769617,0.176514,0.20166,1.008545
3453774617,0.177002,0.219727,1.013184
3453779617,0.172363,0.232178,1.023682
3453784617,0.168701,0.254883,1.026855
3453789617,0.168213,0.26416,1.023682
3453794617,0.172607,0.263184,1.017822
3453799617,0.169434,0.250977,1.020264
3453804617,0.175781,0.237305,1.015625
3453809617,0.174561,0.228271,1.007568
3453814617,0.176758,0.234863,1.015625
3453819617,0.174805,0.23291,1.009766
3453824617,0.174561,0.225098,1.010498
3453829617,0.176025,0.211914,1.009277
3453834617,0.182373,0.198242,0.99707
3453839617,0.183105,0.186768,0.993652
3453844617,0.181152,0.193604,0.998047
3453849617,0.179199,0.202637,1.000977
3453854617,0.176514,0.219238,1.013672
3453859617,0.178711,0.226807,1.012695
3453864617,0.175781,0.223145,1.013428
3453869617,0.174561,0.218262,1.010254
3453874617,0.175049,0.22168,1.012695
3453879617,0.175293,0.22876,1.01416
3453884617,0.170898,0.239014,1.018066
3453889617,0.171387,0.250977,1.015869
3453894617,0.169678,0.249756,1.015625
3453899617,0.172607,0.239014,1.016113
3453904617,0.174072,0.224609,1.013428
3453909617,0.176758,0.217773,1.011963
3453914617,0.175049,0.219971,1.008545
3453919617,0.17627,0.224121,1.008301
3453924617,0.178467,0.225098,1.010254
3453929617,0.174561,0.220459,1.007813
3453934617,0.177002,0.207275,1.00415
3453939617,0.179443,0.208252,0.995117
3453944617,0.181152,0.203857,1.003662
3453949617,0.17749,0.214111,1.00293
3453954617,0.177979,0.224365,1.012207
3453959617,0.175537,0.230957,1.011719
3453964617,0.174316,0.22876,1.013672
3453969617,0.174316,0.227295,1.016357
3453974617,0.176514,0.222412,1.01123
3453979617,0.179932,0.227051,1.015381
3453984617,0.175049,0.23291,1.010742
3453989617,0.172363,0.23877,1.015381
3453994617,0.174316,0.237793,1.01709
3453999617,0.174316,0.229004,1.010986
3454004617,0.174316,0.223633,1.014893
3454009617,0.180664,0.219238,1.003662
3454014617,0.172119,0.219482,1.011963
3454019617,0.175049,0.215088,1.010986
3454024617,0.176514,0.219727,1.005859
3454029617,0.174805,0.222412,1.009521
3454034617,0.173584,0.221191,1.005127
3454039617,0.174316,0.217285,1.010254
3454044617,0.175537,0.212891,1.007324
3454049617,0.175537,0.222168,1.006348
3454054617,0.175293,0.223389,1.004883
3454059617,0.177002,0.231445,1.012451
3454064617,0.177246,0.22998,1.010254
3454069617,0.173828,0.224121,1.004395
3454074617,0.174561,0.226074,1.01123
3454079617,0.178467,0.22583,1.014893
3454084617,0.174316,0.223145,1.011963
3454089617,0.169678,0.225586,1.01001
3454094617,0.173828,0.228027,1.011719
3454099617,0.171387,0.229004,1.010742
3454104617,0.172607,0.22583,1.015869
3454109617,0.172852,0.221436,1.009521
3454114617,0.174072,0.218018,1.009521
3454119617,0.177246,0.218262,1.005371
3454124617,0.17627,0.223633,1.009033
3454129617,0.179199,0.226562,1.01123
3454134617,0.177734,0.225586,1.008301
3454139617,0.180176,0.219727,1.008545
3454144617,0.17749,0.217773,1.003906
3454149617,0.173828,0.216797,1.005127
3454154617,0.175049,0.223145,1.005371
3454159617,0.174072,0.224854,1.016846
3454164617,0.173096,0.226074,1.009277
3454169617,0.173096,0.22583,1.014893
3454174617,0.170166,0.2229,1.011963
3454179617,0.17627,0.224121,1.007813
3454184617,0.173828,0.223877,1.01123
3454189617,0.173828,0.224854,1.018311
3454194617,0.175781,0.226562,1.005127
3454199617,0.17627,0.229248,1.014404
3454204617,0.174072,0.227783,1.012451
3454209617,0.172119,0.222168,1.004883
3454214617,0.177002,0.224609,1.004639
3454219617,0.180908,0.218262,1.013672
3454224617,0.175781,0.219727,1.01123
3454229617,0.174561,0.219238,1.002686
3454234617,0.174316,0.220215,1.009033
3454239617,0.176514,0.22168,1.009033
3454244617,0.177979,0.220947,1.006592
3454249617,0.176025,0.221924,1.013672
3454254617,0.175293,0.223145,1.00708
3454259617,0.178223,0.226562,1.005127
3454264617,0.175293,0.224121,1.009766
3454269617,0.176025,0.227051,1.011475
3454274617,0.175293,0.227295,1.009521
3454279617,0.178711,0.22168,1.006348
3454284617,0.176514,0.221436,1.012207
3454289617,0.177246,0.22168,1.011719
3454294617,0.178955,0.223633,1.010986
3454299617,0.174316,0.223633,1.009277
3454304617,0.181396,0.222168,1.010254
3454309617,0.177979,0.219971,1.00708
3454314617,0.177734,0.223633,1.004639
3454319617,0.17627,0.219482,1.001465
3454324617,0.176025,0.223877,1.008057
3454329617,0.172607,0.220459,1.014893
3454334617,0.173584,0.224854,1.010742
3454339617,0.171875,0.222412,1.011719
3454344617,0.173096,0.225098,1.012451
3454349617,0.171143,0.224609,1.015625
3454354617,0.172607,0.222168,1.009277
3454359617,0.175293,0.224365,1.010742
3454364617,0.174072,0.228271,1.010254
3454369617,0.177734,0.231201,1.011963
3454374617,0.175293,0.226318,1.007324
3454379617,0.177734,0.2229,1.01416
3454384617,0.174316,0.223145,1.009033
3454389617,0.176514,0.222168,1.01416
3454394617,0.178711,0.225098,1.008545
3454399617,0.177002,0.223633,1.012207
3454404617,0.17749,0.220215,1.011719
3454409617,0.174072,0.223145,1.006836
3454414617,0.173584,0.221436,1.003662
3454419617,0.175537,0.220215,1.01123
3454424617,0.175537,0.22168,1.012695
3454429617,0.175049,0.220947,1.00708
3454434617,0.179443,0.223633,1.009521
3454439617,0.177246,0.222656,1.013428
3454444617,0.172119,0.223877,1.013428
3454449617,0.17334,0.223389,1.001221
3454454617,0.172852,0.224365,1.01123
3454459617,0.174072,0.223877,1.011963
3454464617,0.17627,0.230469,1.007568
3454469617,0.171387,0.228027,1.008301
3454474617,0.177002,0.222412,1.010986
3454479617,0.18042,0.223633,1.009521
3454484617,0.174072,0.222412,1.011963
3454489617,0.174561,0.226074,1.003906
3454494617,0.178223,0.222656,1.009766
3454499617,0.177002,0.217773,1.012207
3454504617,0.174805,0.224854,1.007324
3454509617,0.173828,0.225586,1.012207
3454514617,0.173828,0.21875,1.011719
3454519617,0.177246,0.220215,1.012451
3454524617,0.170654,0.223877,1.012695
3454529617,0.177979,0.224854,1.01416
3454534617,0.177979,0.222656,1.007813
3454539617,0.17749,0.223389,1.01416
3454544617,0.175537,0.229004,1.009277
3454549617,0.175781,0.228027,1.005127
3454554617,0.172852,0.224854,1.007324
3454559617,0.17627,0.221436,1.006592
3454564617,0.178223,0.2229,1.014648
3454569617,0.169922,0.225098,1.006836
3454574617,0.175049,0.224121,1.005127
3454579617,0.175293,0.22583,1.009766
3454584617,0.176025,0.222412,1.011719
3454589617,0.17334,0.2229,1.004395
3454594617,0.174072,0.223633,1.006836
3454599617,0.17334,0.221436,1.00415
3454604617,0.175537,0.226074,1.005859
3454609617,0.180908,0.224365,1.008301
3454614617,0.174561,0.222656,1.012939
3454619617,0.172852,0.222412,1.007324
3454624617,0.170654,0.2229,1.01123
3454629617,0.175049,0.227051,1.003418
3454634617,0.17749,0.222168,1.014893
3454639617,0.176758,0.223145,1.008545
3454644617,0.173828,0.226562,1.006836
3454649617,0.177246,0.2229,1.00708
3454654617,0.176025,0.227051,1.006348
3454659617,0.179199,0.221436,1.01001
3454664617,0.176514,0.2146,1.007568
3454669617,0.174561,0.226562,1.010742
3454674617,0.175781,0.229004,1.010498
3454679617,0.174561,0.2229,1.010986
3454684617,0.177734,0.222656,1.013916
3454689617,0.175781,0.220947,1.007813
3454694617,0.17627,0.221924,1.012695
3454699617,0.175781,0.224365,1.004395
3454704617,0.173828,0.223877,1.011963
3454709617,0.17749,0.226562,1.013428
3454714617,0.175293,0.225342,1.009521
3454719617,0.175537,0.226807,1.010254
3454724617,0.173096,0.223145,1.009521
3454729617,0.175293,0.221924,1.01123
3454734617,0.175537,0.219727,1.008789
3454739617,0.17749,0.223145,1.01001
3454744617,0.178955,0.222168,1.013428
3454749617,0.174316,0.223633,1.013916
3454754617,0.176025,0.224121,1.006348
3454759617,0.178467,0.2229,1.013184
3454764617,0.177979,0.225098,1.008301
3454769617,0.178711,0.219727,1.008057
3454774617,0.173584,0.219971,1.008301
3454779617,0.174072,0.224609,1.008545
3454784617,0.172119,0.227783,1.006836
3454789617,0.178955,0.224121,1.010742
3454794617,0.177002,0.223877,1.007324
3454799617,0.175049,0.223145,1.003662
3454804617,0.173096,0.222656,1.009766
3454809617,0.176758,0.223145,1.012695
3454814617,0.174561,0.223389,1.014648
3454819617,0.178223,0.219727,1.009277
3454824617,0.174316,0.222168,1.011475
3454829617,0.176025,0.223877,1.007813
3454834617,0.177979,0.221436,1.009766
3454839617,0.176514,0.222412,1.009033
3454844617,0.178223,0.224854,1.007568
3454849617,0.175781,0.223145,1.013428
3454854617,0.174072,0.225586,1.011719
3454859617,0.175537,0.221436,1.01001
3454864617,0.177734,0.224365,1.007324
3454869617,0.173828,0.2229,1.006104
3454874617,0.181396,0.223877,1.003418
3454879617,0.175781,0.22583,1.010498
3454884617,0.17334,0.219971,1.012207
3454889617,0.17749,0.224365,1.008057
3454894617,0.17334,0.218994,1.00708
3454899617,0.174316,0.220703,1.012207
3454904617,0.176514,0.220215,1.004883
3454909617,0.179443,0.225586,1.00708
3454914617,0.175049,0.223877,0.999023
3454919617,0.178223,0.224609,1.007813
3454924617,0.174316,0.225098,1.007324
3454929617,0.177002,0.223389,1.008545
3454934617,0.172852,0.2229,1.010742
3454939617,0.176025,0.224609,1.011719
3454944617,0.178955,0.22583,1.01416
3454949617,0.177979,0.220459,1.007568
3454954617,0.175293,0.224121,1.011963
3454959617,0.175293,0.220215,1.006836
3454964617,0.172363,0.222168,1.004395
3454969617,0.17749,0.223633,1.010742
3454974617,0.177002,0.225098,1.012939
3454979617,0.17749,0.22583,1.013672
3454984617,0.176758,0.219971,1.013916
3454989617,0.177002,0.224121,1.00708
3454994617,0.177246,0.222656,1.007324
3454999617,0.18042,0.219482,1.007568
3455004617,0.17334,0.225098,1.006592
3455009617,0.169434,0.221924,1.011475
3455014617,0.171631,0.222656,1.013672
3455019617,0.170654,0.224121,1.013428
3455024617,0.173584,0.220459,1.012939
3455029617,0.17334,0.22168,1.007324
3455034617,0.177734,0.224365,1.014404
3455039617,0.175537,0.222412,1.010742
3455044617,0.173584,0.224609,1.009033
3455049617,0.177734,0.230225,1.007324
3455054617,0.180664,0.223145,1.010254
3455059617,0.181152,0.223389,1.005615
3455064617,0.178711,0.226562,1.015137
3455069617,0.172119,0.223145,1.005371
3455074617,0.17334,0.22583,1.009277
3455079617,0.180664,0.22583,1.008545
3455084617,0.174561,0.220947,1.009766
3455089617,0.174805,0.21875,1.00708
3455094617,0.176514,0.217529,1.010254
3455099617,0.174316,0.223633,1.012451
3455104617,0.175781,0.22998,1.007568
3455109617,0.172852,0.226562,1.006836
3455114617,0.179932,0.217773,1.009033
3455119617,0.182617,0.212646,1.010742
3455124617,0.175293,0.221436,1.011719
3455129617,0.170654,0.215576,1.018066
3455134617,0.170898,0.224121,1.011963
3455139617,0.170166,0.233154,1.008789
3455144617,0.175293,0.228027,1.009766
3455149617,0.172119,0.22583,1.004395
3455154617,0.179443,0.223145,1.010498
3455159617,0.176514,0.224609,1.009521
3455164617,0.181885,0.220215,1.006592
3455169617,0.178467,0.222656,1.012939
3455174617,0.173096,0.226318,1.008789
3455179617,0.177979,0.223877,1.002441
3455184617,0.180176,0.222412,1.006348
3455189617,0.181885,0.218506,1.010498
3455194617,0.174561,0.220215,1.00415
3455199617,0.173584,0.222656,1.009521
3455204617,0.17334,0.226562,1.013916
3455209617,0.173584,0.223145,1.015137
3455214617,0.174072,0.22583,1.009521
3455219617,0.175293,0.224854,1.013916
3455224617,0.178223,0.222412,1.007568
3455229617,0.175293,0.224121,1.006592
3455234617,0.172607,0.224854,1.003906
3455239617,0.178223,0.225342,1.008301
3455244617,0.178711,0.227295,1.010254
3455249617,0.17749,0.225342,1.013672
3455254617,0.178223,0.225342,1.006836
3455259617,0.178955,0.21875,1.012695
3455264617,0.178955,0.223145,1.009766
3455269617,0.177002,0.2229,1.013184
3455274617,0.177002,0.226318,1.007813
3455279617,0.178223,0.222412,1.012451
3455284617,0.177002,0.221436,1.01123
3455289617,0.176514,0.219971,1.009033
3455294617,0.175293,0.22168,1.009521
3455299617,0.175049,0.222656,1.011475
3455304617,0.174805,0.223389,1.007813
3455309617,0.175293,0.22168,1.010498
3455314617,0.173096,0.221436,1.005615
3455319617,0.175049,0.216797,1.013916
3455324617,0.175049,0.225586,1.010498
3455329617,0.172852,0.225586,1.007813
3455334617,0.175781,0.224365,1.006104
3455339617,0.17334,0.221436,1.01001
3455344617,0.172852,0.222656,1.013428
3455349617,0.176514,0.223633,1.00293
3455354617,0.178955,0.221924,1.008301
3455359617,0.179443,0.219482,1.013184
3455364617,0.179932,0.226318,1.008545
3455369617,0.174805,0.2229,1.004639
3455374617,0.179687,0.2229,1.010742
3455379617,0.175537,0.221924,1.008789
3455384617,0.179199,0.224121,1.01709
3455389617,0.178955,0.223877,1.001221
3455394617,0.17749,0.222168,1.013428
3455399617,0.177246,0.2229,1.011963
3455404617,0.175293,0.225098,1.006836
3455409617,0.177002,0.223877,1.009521
3455414617,0.173096,0.225342,1.006348
3455419617,0.179443,0.224365,1.012695
3455424617,0.175049,0.226562,1.011963
3455429617,0.174805,0.22168,1.010498
3455434617,0.176025,0.223145,1.013916
3455439617,0.179443,0.225098,1.006836
3455444617,0.180908,0.219238,1.012939
3455449617,0.175781,0.21875,1.004639
3455454617,0.177734,0.219971,1.015869
3455459617,0.177246,0.218262,1.008301
3455464617,0.175781,0.224121,1.008789
3455469617,0.175537,0.2229,1.005615
3455474617,0.174561,0.222656,1.006836
3455479617,0.177979,0.228516,1.011719
3455484617,0.175049,0.224609,1.007568
3455489617,0.174316,0.226074,1.01001
3455494617,0.17627,0.225098,1.013672
3455499617,0.174805,0.224854,1.009277
3455504617,0.176758,0.227051,1.010498
3455509617,0.178955,0.226562,1.013428
3455514617,0.169434,0.221924,1.010986
3455519617,0.173828,0.225586,1.009521
3455524617,0.175537,0.220947,1.012695
3455529617,0.179199,0.221924,1.005127
3455534617,0.180664,0.21875,1.013672
3455539617,0.179199,0.217285,1.005371
3455544617,0.177979,0.222656,1.006348
3455549617,0.175537,0.21582,1.005615
3455554617,0.17749,0.222656,1.002197
3455559617,0.177002,0.223877,1.009033
3455564617,0.17627,0.222412,1.010986
3455569617,0.172852,0.222412,1.010254
3455574617,0.17334,0.224365,1.009033
3455579617,0.177979,0.222656,1.011963
3455584617,0.17334,0.225098,1.017822
3455589617,0.177002,0.226807,1.014404
3455594617,0.174561,0.2229,1.008057
3455599617,0.172119,0.222168,1.011963
3455604617,0.175293,0.223145,1.008789
3455609617,0.178467,0.224121,1.002441
3455614617,0.174072,0.223145,1.010742
3455619617,0.171387,0.217285,1.009033
3455624617,0.18042,0.220947,1.006836
3455629617,0.176514,0.225586,1.008789
3455634617,0.177979,0.22168,1.012695
3455639617,0.17334,0.219482,1.008545
3455644617,0.174561,0.223633,1.016602
3455649617,0.175293,0.222656,1.010742
3455654617,0.17627,0.226562,1.00708
3455659617,0.176514,0.2229,1.010498
3455664617,0.177246,0.222412,1.012207
3455669617,0.17334,0.225586,1.002686
3455674617,0.176514,0.226807,1.002441
3455679617,0.179932,0.219482,1.006104
3455684617,0.178711,0.226074,1.009521
3455689617,0.177734,0.225586,1.007568
3455694617,0.174561,0.226074,1.005615
3455699617,0.175049,0.222656,1.006104
3455704617,0.176514,0.226562,1.006592
3455709617,0.177246,0.2229,1.012451
3455714617,0.173828,0.224365,1.011963
3455719617,0.175049,0.229492,1.007324
3455724617,0.177246,0.224609,1.012451
3455729617,0.175293,0.224365,1.000732
3455734617,0.179687,0.222168,1.013916
3455739617,0.178467,0.227051,1.010986
3455744617,0.178711,0.221436,1.009033
3455749617,0.178467,0.221191,1.011963
3455754617,0.175781,0.225342,1.003418
3455759617,0.169922,0.224365,1.01416
3455764617,0.175049,0.221436,1.012207
3455769617,0.175293,0.223877,1.011475
3455774617,0.175781,0.220947,1.014648
3455779617,0.172852,0.218018,1.016113
3455784617,0.175293,0.223389,1.009766
3455789617,0.174316,0.221924,1.006104
3455794617,0.180176,0.222168,1.005127
3455799617,0.175781,0.222656,1.01123
3455804617,0.170654,0.224365,1.010254
3455809617,0.173096,0.223877,1.009521
3455814617,0.176025,0.222656,1.01416
3455819617,0.17334,0.222656,1.008789
3455824617,0.176758,0.224609,1.008057
3455829617,0.174805,0.220703,1.006592
3455834617,0.172852,0.226562,1.013916
3455839617,0.175293,0.223877,1.01001
3455844617,0.172363,0.226074,1.015381
3455849617,0.180176,0.223145,1.010254
3455854617,0.175049,0.224121,1.010254
3455859617,0.179443,0.219482,1.009766
3455864617,0.174805,0.226074,1.01416
3455869617,0.176514,0.224609,1.015625
3455874617,0.176758,0.223877,1.006836
3455879617,0.173828,0.225586,1.007568
3455884617,0.173584,0.220703,1.011963
3455889617,0.174561,0.224121,1.006104
3455894617,0.176758,0.225098,1.013672
3455899617,0.177002,0.223145,1.00415
3455904617,0.175049,0.219727,1.008545
3455909617,0.177246,0.226318,1.008545
3455914617,0.178955,0.2229,0.996338
3455919617,0.177002,0.225586,1.00415
3455924617,0.174805,0.224365,1.009521
3455929617,0.176758,0.226074,1.005127
3455934617,0.176758,0.225586,1.005859
3455939617,0.174805,0.224121,1.01001
3455944617,0.178955,0.223877,1.007813
3455949617,0.177246,0.22583,1.009033
3455954617,0.173828,0.222168,1.013184
3455959617,0.177979,0.219482,1.012451
3455964617,0.17627,0.226562,1.008789
3455969617,0.175293,0.225586,1.006592
3455974617,0.176758,0.226807,1.009521
3455979617,0.174561,0.2229,1.010986
3455984617,0.179443,0.224854,1.010742
3455989617,0.178955,0.219238,1.00415
3455994617,0.171387,0.222168,1.009521
3455999617,0.178711,0.22876,1.005371
3456004617,0.175537,0.223877,1.012939
3456009617,0.175293,0.220459,1.012695
3456014617,0.176514,0.224121,1.009033
3456019617,0.174561,0.226807,1.003906
3456024617,0.175293,0.226807,1.007324
3456029617,0.177734,0.223633,1.01123
3456034617,0.179932,0.220459,1.015625
3456039617,0.176514,0.224121,1.01416
3456044617,0.18042,0.221436,1.009766
3456049617,0.174561,0.224854,1.011963
3456054617,0.173584,0.219727,1.01123
3456059617,0.170166,0.221191,1.013916
3456064617,0.174561,0.226074,1.015869
3456069617,0.175293,0.224854,1.008789
3456074617,0.177002,0.224609,1.013184
3456079617,0.174072,0.223877,1.007324
3456084617,0.173096,0.223389,1.008301
3456089617,0.178711,0.220947,1.011475
3456094617,0.17627,0.220459,1.005859
3456099617,0.176758,0.221436,1.01001
3456104617,0.175537,0.227051,1.014893
3456109617,0.174561,0.223145,1.004395
3456114617,0.179199,0.221436,1.015869
3456119617,0.178223,0.220459,1.005859
3456124617,0.176025,0.220459,1.008545
3456129617,0.178955,0.225098,1.012451
3456134617,0.174072,0.219971,1.008545
3456139617,0.173584,0.221191,1.008545
3456144617,0.177979,0.225098,1.018799
3456149617,0.180908,0.224365,1.011719
3456154617,0.177002,0.229004,1.008789
3456159617,0.176514,0.223877,1.011475
3456164617,0.176025,0.22168,1.013672
3456169617,0.174805,0.228516,1.01123
3456174617,0.176025,0.221191,1.011475
3456179617,0.17749,0.222168,1.011963
3456184617,0.175537,0.222168,1.004883
3456189617,0.179199,0.225342,1.008301
3456194617,0.17627,0.221191,1.009033
3456199617,0.175049,0.220947,1.01123
3456204617,0.177979,0.221436,1.012939
3456209617,0.179932,0.223877,1.006836
3456214617,0.174805,0.220459,1.017822
3456219617,0.176514,0.227051,1.006348
3456224617,0.176514,0.224854,1.013184
3456229617,0.175049,0.2229,1.011475
3456234617,0.171143,0.224854,1.01001
3456239617,0.176025,0.22583,1.009521
3456244617,0.179199,0.225586,1.011475
3456249617,0.172852,0.220459,1.012695
3456254617,0.174072,0.220215,1.006592
3456259617,0.183594,0.224365,1.013184
3456264617,0.175293,0.222412,1.012207
3456269617,0.173828,0.219971,1.00708
3456274617,0.175049,0.222168,1.013916
3456279617,0.179932,0.223145,1.014404
3456284617,0.171143,0.219971,1.010986
3456289617,0.174072,0.229248,1.004639
3456294617,0.17334,0.224609,1.013184
3456299617,0.177734,0.224609,1.008301
3456304617,0.175293,0.226318,1.010254
3456309617,0.175049,0.224854,1.012939
3456314617,0.178223,0.225098,1.008301
3456319617,0.17627,0.224121,1.009766
3456324617,0.174805,0.227295,1.00708
3456329617,0.172607,0.223877,1.007324
3456334617,0.177002,0.2229,1.013916
3456339617,0.174805,0.220215,1.010254
3456344617,0.176514,0.224609,1.005127
3456349617,0.175049,0.225098,1.009033
3456354617,0.174561,0.221924,1.012207
3456359617,0.17627,0.223389,1.003174
3456364617,0.174316,0.225098,1.007324
3456369617,0.172852,0.223145,1.006104
3456374617,0.178955,0.223145,1.008545
3456379617,0.177734,0.224365,1.004639
3456384617,0.177734,0.226318,1.006348
3456389617,0.180176,0.225342,1.012451
3456394617,0.177979,0.225342,1.011475
3456399617,0.18042,0.225586,1.011963
3456404617,0.177734,0.224854,1.01123
3456409617,0.175049,0.223145,1.012451
3456414617,0.175537,0.222412,1.012451
3456419617,0.175537,0.224365,1.008789
3456424617,0.17627,0.222656,1.010742
3456429617,0.173584,0.21875,1.00293
3456434617,0.175049,0.223877,1.011719
3456439617,0.171143,0.222168,1.009766
3456444617,0.175781,0.222412,1.003906
3456449617,0.176514,0.223145,1.010254
3456454617,0.173584,0.224365,1.006592
3456459617,0.175049,0.219971,1.01001
3456464617,0.174561,0.220459,1.00708
3456469617,0.178711,0.226807,1.014893
3456474617,0.176758,0.227051,1.009033
3456479617,0.175293,0.223633,1.006104
3456484617,0.17334,0.219971,1.008545
3456489617,0.17749,0.223389,1.010254
3456494617,0.181152,0.222412,1.014404
3456499617,0.176758,0.226318,1.009277
3456504617,0.172119,0.226562,1.009033
3456509617,0.177002,0.22583,1.00708
3456514617,0.182129,0.21875,1.011963
3456519617,0.171875,0.225098,1.008301
3456524617,0.174805,0.218506,1.016113
3456529617,0.17334,0.22168,1.011963
3456534617,0.176514,0.226807,1.016846
3456539617,0.175293,0.224121,1.009033
3456544617,0.178223,0.222412,1.011475
3456549617,1.999939,0.839355,1.999939
3456554617,0.67041,-0.049316,-1.04248
3456559617,-1.217041,1.999939,-2.0
3456564617,-1.798584,1.999939,-2.0
3456569617,-0.883545,0.665283,-2.0
3456574617,0.829346,0.822998,-2.0
3456579617,-1.335693,1.999939,-0.42627
3456584617,-0.010742,1.999939,1.024658
3456589617,0.156494,1.548828,0.650879
3456594617,0.198242,0.475098,-0.674316
3456599617,0.170654,0.212646,0.094482
3456604617,-0.727051,1.242432,1.151611
3456609617,0.269775,0.087646,0.977783
3456614617,-0.726318,1.263916,-0.946533
3456619617,0.280762,1.999939,-0.797363
3456624617,-2.0,1.999939,-1.112305
3456629617,-2.0,1.999939,-2.0
3456634617,-0.085937,0.354248,-0.025635
3456639617,-0.097412,1.436279,0.361816
3456644617,0.429443,0.383789,1.335205
3456649617,0.170166,0.417969,1.413086
3456654617,0.22168,0.361084,1.226563
3456659617,-1.02124,1.39624,1.717773
3456664617,-0.552002,1.999939,1.907471
3456669617,0.119873,1.999939,1.265137
3456674617,-0.750977,0.668213,0.476074
3456679617,0.172607,0.446289,1.352295
3456684617,0.177979,0.221924,1.060303
3456689617,0.163818,0.200684,1.137207
3456694617,0.239258,0.179932,0.97583
3456699617,0.197021,0.16748,1.064697
3456704617,-0.342041,0.520752,1.591553
3456709617,-1.162598,1.358887,1.168457
3456714617,-0.946045,0.83667,0.927002
3456719617,0.200195,0.305908,1.170166
3456724617,0.177734,0.362793,1.142578
3456729617,0.172852,0.284912,1.083984
3456734617,0.157227,0.325195,1.006836
3456739617,0.079102,0.265137,0.964844
3456744617,0.171875,0.274414,0.981934
3456749617,0.19458,0.293945,1.080566
3456754617,0.124756,0.280029,1.063721
3456759617,0.169678,0.161133,0.974121
3456764617,0.169189,0.166748,0.942871
3456769617,0.144775,0.197998,0.938232
3456774617,0.160645,0.242187,0.995117
3456779617,0.193359,0.251709,1.095703
3456784617,0.169434,0.221191,1.013184
3456789617,0.155518,0.217041,0.974854
3456794617,0.196289,0.210205,1.009277
3456799617,0.174805,0.182617,0.917969
3456804617,0.159668,0.225342,1.027344
3456809617,0.201172,0.248535,1.074219
3456814617,0.150879,0.260254,0.988281
3456819617,0.152344,0.275146,1.013184
3456824617,0.199463,0.26123,1.066406
3456829617,0.180664,0.203613,1.008301
3456834617,0.140625,0.20874,0.951416
3456839617,0.194824,0.253662,1.022217
3456844617,0.189697,0.245117,1.003418
3456849617,0.157715,0.236572,1.028564
3456854617,0.196533,0.233643,1.048828
3456859617,0.17041,0.211914,1.004639
3456864617,0.144043,0.190918,0.983887
3456869617,0.207764,0.19873,1.025635
3456874617,0.193604,0.235352,1.023682
3456879617,0.154785,0.246826,0.998291
3456884617,0.177002,0.261963,1.056396
3456889617,0.172363,0.253906,1.031982
3456894617,0.143311,0.221191,0.974609
3456899617,0.176514,0.213623,1.018799
3456904617,0.190674,0.228516,1.020508
3456909617,0.154785,0.237549,0.98584
3456914617,0.155029,0.250488,1.009033
3456919617,0.180176,0.253906,1.041748
3456924617,0.160889,0.230713,1.0
3456929617,0.172363,0.208496,1.015869
3456934617,0.191162,0.20459,1.029053
3456939617,0.158691,0.203613,0.970215
3456944617,0.164551,0.213867,0.996582
3456949617,0.182617,0.23877,1.031982
3456954617,0.1604,0.241211,0.996338
3456959617,0.165283,0.232422,1.01709
3456964617,0.182373,0.227783,1.026123
3456969617,0.167969,0.220215,0.993164
3456974617,0.163818,0.224365,1.006348
3456979617,0.175049,0.23999,1.029785
3456984617,0.159424,0.241455,1.001465
3456989617,0.16626,0.235596,1.011719
3456994617,0.18335,0.235352,1.033447
3456999617,0.17041,0.222656,0.999023
3457004617,0.161621,0.206055,0.997803
3457009617,0.174316,0.216553,1.007568
3457014617,0.164062,0.216064,0.993408
3457019617,0.173096,0.222412,1.009277
3457024617,0.182617,0.236572,1.033936
3457029617,0.16748,0.224121,1.006592
3457034617,0.162354,0.212646,1.008057
3457039617,0.177979,0.217529,1.015625
3457044617,0.162598,0.224854,0.989746
3457049617,0.172363,0.231689,1.01001
3457054617,0.182861,0.244385,1.035156
3457059617,0.166992,0.239014,1.006592
3457064617,0.16333,0.224121,1.005859
3457069617,0.178955,0.219238,1.019775
3457074617,0.174072,0.215332,0.990967
3457079617,0.165283,0.216309,1.002686
3457084617,0.174561,0.225586,1.019775
3457089617,0.163574,0.226807,1.008057
3457094617,0.161621,0.226318,1.011719
3457099617,0.179199,0.228027,1.02417
3457104617,0.172363,0.219238,1.004639
3457109617,0.174072,0.223633,1.000977
3457114617,0.17334,0.227051,1.014893
3457119617,0.160645,0.230469,1.001465
3457124617,0.16626,0.229736,1.017822
3457129617,0.177246,0.235352,1.023682
3457134617,0.17334,0.227783,1.008301
3457139617,0.16626,0.215332,1.002197
3457144617,0.173828,0.216309,1.007813
3457149617,0.168701,0.219482,0.998291
3457154617,0.177246,0.225342,1.015137
3457159617,0.179443,0.228516,1.025635
3457164617,0.174805,0.226807,1.007568
3457169617,0.166504,0.223145,1.008789
3457174617,0.173584,0.224365,1.01709
3457179617,0.164307,0.220947,1.006104
3457184617,0.172607,0.22998,1.005127
3457189617,0.177734,0.229736,1.014404
3457194617,0.169189,0.230713,1.006592
3457199617,0.167236,0.225586,1.01709
3457204617,0.17749,0.2229,1.015381
3457209617,0.169189,0.221436,1.002441
3457214617,0.171387,0.222412,1.004639
3457219617,0.171631,0.220215,1.01416
3457224617,0.170898,0.22583,1.006836
3457229617,0.167236,0.230713,1.008301
3457234617,0.178223,0.224365,1.019531
3457239617,0.173584,0.226562,1.016113
3457244617,0.166992,0.224365,1.001221
3457249617,0.171875,0.22583,1.013184
3457254617,0.170898,0.229248,1.004639
3457259617,0.168213,0.229492,1.004883
3457264617,0.177246,0.230469,1.018799
3457269617,0.170654,0.227051,1.01001
3457274617,0.167969,0.220703,1.006836
3457279617,0.177246,0.223145,1.012695
3457284617,0.169678,0.223877,1.008057
3457289617,0.168457,0.225586,1.005371
3457294617,0.170898,0.228516,1.017822
3457299617,0.172607,0.226562,1.01416
3457304617,0.169678,0.224121,1.010498
3457309617,0.170898,0.225098,1.01123
3457314617,0.168213,0.226074,1.007568
3457319617,0.169434,0.225586,0.998535
3457324617,0.17749,0.227295,1.013672
3457329617,0.174072,0.226807,1.016113
3457334617,0.166016,0.226562,1.009277
3457339617,0.175293,0.227539,1.015381
3457344617,0.174805,0.223145,1.009766
3457349617,0.165283,0.227539,1.0
3457354617,0.173584,0.227295,1.013184
3457359617,0.170654,0.226807,1.01416
3457364617,0.168945,0.223877,1.008057
3457369617,0.174805,0.229736,1.015381
3457374617,0.168457,0.229736,1.011963
3457379617,0.167969,0.226318,1.010254
3457384617,0.17041,0.223633,1.006592
3457389617,0.172119,0.225586,1.009766
3457394617,0.169678,0.226807,1.011963
3457399617,0.165771,0.223145,1.008301
3457404617,0.171387,0.223145,1.017822
3457409617,0.174316,0.224609,1.011963
3457414617,0.167969,0.224609,1.008545
3457419617,0.171387,0.22583,1.012939
3457424617,0.168457,0.224609,1.014404
3457429617,0.170898,0.223145,1.00415
3457434617,0.172607,0.230713,1.010742
3457439617,0.173096,0.223145,1.011963
3457444617,0.166016,0.224609,1.000977
3457449617,0.172852,0.222412,1.008545
3457454617,0.173096,0.226562,1.01001
3457459617,0.168945,0.224609,1.005615
3457464617,0.173584,0.226074,1.004639
3457469617,0.17041,0.226562,1.009033
3457474617,0.168213,0.222412,1.000977
3457479617,0.172607,0.221924,1.014404
3457484617,0.173096,0.227295,1.01001
3457489617,0.167236,0.224609,1.008545
3457494617,0.175781,0.228271,1.013672
3457499617,0.170898,0.232422,1.006348
3457504617,0.166016,0.226318,1.005859
3457509617,0.17041,0.226807,1.007568
3457514617,0.169434,0.224854,1.012207
3457519617,0.168457,0.227295,1.010742
3457524617,0.17334,0.229736,1.017334
3457529617,0.172363,0.225586,1.01123
3457534617,0.167969,0.2229,1.008057
3457539617,0.172852,0.221924,1.011963
3457544617,0.170898,0.226074,1.014404
3457549617,0.166016,0.224121,1.01416
3457554617,0.172607,0.225098,1.016113
3457559617,0.175049,0.228271,1.009521
3457564617,0.167725,0.227783,1.007324
3457569617,0.172852,0.228027,1.008301
3457574617,0.175781,0.232666,1.008057
3457579617,0.169189,0.222656,1.009766
3457584617,0.171631,0.231445,1.007568
3457589617,0.174805,0.224854,1.007568
3457594617,0.173828,0.224121,1.006836
3457599617,0.174805,0.223877,1.010498
3457604617,0.167725,0.221436,1.012695
3457609617,0.173584,0.225342,1.005127
3457614617,0.173584,0.225586,1.011475
3457619617,0.169922,0.227051,1.006836
3457624617,0.169678,0.227295,1.009277
3457629617,0.170654,0.227539,1.007813
3457634617,0.170898,0.22876,1.01709
3457639617,0.166504,0.227295,1.011963
3457644617,0.168701,0.230469,1.013184
3457649617,0.166504,0.229004,1.008301
3457654617,0.166748,0.226807,1.01001
3457659617,0.169434,0.223877,1.008545
3457664617,0.17334,0.229736,1.006836
3457669617,0.168945,0.220703,1.013184
3457674617,0.171387,0.226562,1.005615
3457679617,0.17334,0.221924,1.013184
3457684617,0.171387,0.224854,1.00708
3457689617,0.171143,0.224609,1.005859
3457694617,0.17334,0.226074,1.015137
3457699617,0.172119,0.224609,1.01123
3457704617,0.171387,0.226562,1.01001
3457709617,0.173096,0.226074,1.011719
3457714617,0.168701,0.2229,1.003418
3457719617,0.173584,0.22168,1.012451
3457724617,0.169678,0.231445,1.008789
3457729617,0.171387,0.222412,1.005615
3457734617,0.172119,0.227295,1.003662
3457739617,0.172363,0.2229,1.015869
3457744617,0.172119,0.223389,1.00708
3457749617,0.171631,0.221191,1.005371
3457754617,0.171387,0.226562,1.012695
3457759617,0.171875,0.224365,1.009277
3457764617,0.168457,0.223145,1.008545
3457769617,0.168213,0.227295,1.009766
3457774617,0.172607,0.222168,1.01001
3457779617,0.171387,0.225342,1.010986
3457784617,0.171631,0.228516,1.008057
3457789617,0.172852,0.226074,1.010986
3457794617,0.168701,0.230713,1.009521
3457799617,0.172119,0.225342,1.014648
3457804617,0.168945,0.228027,1.005127
3457809617,0.168945,0.223633,1.008057
3457814617,0.17041,0.2229,1.01123
3457819617,0.17041,0.229248,1.00708
3457824617,0.170166,0.223145,1.011719
3457829617,0.16748,0.226318,1.013428
3457834617,0.172852,0.227295,1.012695
3457839617,0.170654,0.227051,1.004395
3457844617,0.171631,0.228027,1.015869
3457849617,0.171387,0.22998,1.008789
3457854617,0.172119,0.225342,1.003906
3457859617,0.171631,0.225098,1.005615
3457864617,0.167725,0.223877,1.006836
3457869617,0.169922,0.224121,1.007813
3457874617,0.173096,0.227539,1.00415
3457879617,0.172852,0.224854,1.006592
3457884617,0.171387,0.226318,1.014404
3457889617,0.173828,0.227051,1.019775
3457894617,0.169189,0.226318,1.011719
3457899617,0.17041,0.227051,1.009033
3457904617,0.169434,0.227783,1.01416
3457909617,0.168701,0.222168,1.005615
3457914617,0.169189,0.229492,1.011963
3457919617,0.173584,0.221436,1.014404
3457924617,0.172119,0.227295,1.00708
3457929617,0.17041,0.2229,1.007813
3457934617,0.174316,0.2229,1.01123
3457939617,0.171631,0.224121,1.015137
3457944617,0.175781,0.223877,1.013672
3457949617,0.16748,0.227295,1.012939
3457954617,0.169189,0.227295,1.00708
3457959617,0.16748,0.229004,1.010986
3457964617,0.168457,0.229736,1.01001
3457969617,0.176025,0.226807,1.010986
3457974617,0.171631,0.223633,1.007324
3457979617,0.177979,0.22168,1.008301
3457984617,0.169922,0.226074,1.008545
3457989617,0.172119,0.225098,1.008789
3457994617,0.170654,0.223877,1.008057
3457999617,0.171143,0.229248,1.008545
3458004617,0.170654,0.223633,1.017578
3458009617,0.173828,0.226318,1.008789
3458014617,0.171143,0.234131,1.01123
3458019617,0.169189,0.226074,1.006348
3458024617,0.172119,0.224609,1.011963
3458029617,0.175049,0.222656,1.009766
3458034617,0.171631,0.223877,1.013184
3458039617,0.167725,0.224854,1.006836
3458044617,0.167969,0.229736,1.009033
3458049617,0.169189,0.222656,1.005859
3458054617,0.17334,0.226318,1.006104
3458059617,0.172119,0.227051,1.009033
3458064617,0.171387,0.221924,1.012451
3458069617,0.169678,0.226074,1.012939
3458074617,0.170654,0.229248,1.009277
3458079617,0.169922,0.223877,1.008057
3458084617,0.170898,0.2229,1.007568
3458089617,0.17334,0.224854,1.009766
3458094617,0.173584,0.229248,1.012451
3458099617,0.171387,0.229492,1.011963
3458104617,0.170654,0.225586,1.009033
3458109617,0.167969,0.227539,1.003906
3458114617,0.174072,0.22168,1.01001
3458119617,0.168701,0.226318,1.005127
3458124617,0.169189,0.224854,1.013184
3458129617,0.168457,0.224365,1.01416
3458134617,0.167725,0.225586,1.008789
3458139617,0.172363,0.224121,1.005371
3458144617,0.174316,0.22998,1.010498
3458149617,0.168945,0.225342,1.010498
3458154617,0.172607,0.2229,1.01001
3458159617,0.171143,0.223389,1.013428
3458164617,0.172119,0.230713,1.008789
3458169617,0.17334,0.223145,1.010498
3458174617,0.170898,0.224365,1.012207
3458179617,0.17334,0.225586,1.011963
3458184617,0.171143,0.226807,1.017822
3458189617,0.172119,0.229492,1.008545
3458194617,0.174561,0.229248,1.010498
3458199617,0.168213,0.22583,1.004395
3458204617,0.17041,0.226562,1.007568
3458209617,0.169678,0.224121,1.010254
3458214617,0.17041,0.227539,1.008789
3458219617,0.169678,0.230225,1.007324
3458224617,0.174561,0.226074,1.010498
3458229617,0.171631,0.227783,1.00708
3458234617,0.170654,0.224854,1.008301
3458239617,0.175293,0.226318,1.012207
3458244617,0.167969,0.224121,1.008545
3458249617,0.172607,0.22583,1.003662
3458254617,0.174316,0.228516,1.008301
3458259617,0.167236,0.223633,1.008789
3458264617,0.171387,0.221436,1.016846
3458269617,0.169678,0.222168,1.011963
3458274617,0.172119,0.22168,1.013428
3458279617,0.169189,0.226318,1.008301
3458284617,0.168945,0.229248,1.008789
3458289617,0.170166,0.227295,1.015625
3458294617,0.170654,0.225098,1.012207
3458299617,0.167969,0.225342,1.004395
3458304617,0.171875,0.225586,1.005859
3458309617,0.171143,0.227051,1.011475
3458314617,0.170654,0.226074,1.011475
3458319617,0.171875,0.223389,1.007568
3458324617,0.173584,0.220459,1.008545
3458329617,0.170166,0.2229,1.01416
3458334617,0.171631,0.226807,1.009033
3458339617,0.172852,0.224609,1.011719
3458344617,0.169434,0.224121,1.006104
3458349617,0.166016,0.229248,1.010742
3458354617,0.168457,0.227051,1.006592
3458359617,0.169678,0.224365,1.017822
3458364617,0.172119,0.223145,1.011963
3458369617,0.166504,0.223389,1.005859
3458374617,0.174072,0.22583,1.007813
3458379617,0.173828,0.223145,1.010986
3458384617,0.17041,0.225098,1.009277
3458389617,0.171875,0.222656,1.010498
3458394617,0.175537,0.225586,1.014648
3458399617,0.173828,0.223877,1.00708
3458404617,0.171387,0.225342,1.014893
3458409617,0.168701,0.225098,1.011719
3458414617,0.171387,0.221191,1.007568
3458419617,0.171143,0.229004,1.011719
3458424617,0.174805,0.222412,1.012695
3458429617,0.171143,0.224121,1.013672
3458434617,0.167236,0.225098,1.009521
3458439617,0.16748,0.228516,1.008057
3458444617,0.171387,0.223145,1.011719
3458449617,0.168701,0.224609,1.011719
3458454617,0.171143,0.227295,1.012451
3458459617,0.173096,0.227051,1.012939
3458464617,0.174316,0.224609,1.01123
3458469617,0.173096,0.222168,1.005859
3458474617,0.17041,0.223633,1.009766
3458479617,0.174072,0.226807,1.012939
3458484617,0.171143,0.225586,1.010986
3458489617,0.17041,0.225586,1.012939
3458494617,0.171631,0.226807,1.008057
3458499617,0.169922,0.229004,1.00708
3458504617,0.170898,0.22583,1.004883
3458509617,0.169922,0.226562,1.011475
3458514617,0.17041,0.225342,1.012207
3458519617,0.170166,0.225586,1.008789
3458524617,0.168945,0.225342,1.010742
3458529617,0.17334,0.224854,1.013672
3458534617,0.171631,0.22583,1.010498
3458539617,0.17041,0.2229,1.009277
3458544617,0.172607,0.225342,1.012207
3458549617,0.165283,0.225342,1.005859
3458554617,0.165039,0.225098,1.003662
3458559617,0.170166,0.2229,1.005615
3458564617,0.166992,0.22876,1.006348
3458569617,0.172119,0.225586,1.00415
3458574617,0.171143,0.22583,1.015381
3458579617,0.170166,0.226562,1.010986
3458584617,0.172607,0.224365,1.008789
3458589617,0.174072,0.226562,1.015381
3458594617,0.172607,0.224121,1.013672
3458599617,0.171875,0.226318,1.003174
3458604617,0.168213,0.221924,1.006592
3458609617,0.172363,0.222412,1.006348
3458614617,0.174561,0.227539,1.01416
3458619617,0.172852,0.227783,1.00708
3458624617,0.174316,0.224854,1.009277
3458629617,0.170654,0.222168,1.010742
3458634617,0.171387,0.224365,1.001221
3458639617,0.17041,0.224854,1.009521
3458644617,0.170898,0.2229,1.016113
3458649617,0.171143,0.224854,1.01001
3458654617,0.168701,0.228271,1.018066
3458659617,0.167969,0.228271,1.013672
3458664617,0.170898,0.222168,1.009277
3458669617,0.169678,0.226318,1.012207
3458674617,0.167236,0.226074,1.009033
3458679617,0.172852,0.223145,1.008057
3458684617,0.167969,0.228027,1.008057
3458689617,0.170166,0.225342,1.008789
3458694617,0.17334,0.231445,1.008301
3458699617,0.172852,0.226562,1.013184
3458704617,0.171631,0.229492,1.006836
3458709617,0.173584,0.225586,1.01123
3458714617,0.170898,0.226807,1.003906
3458719617,0.169678,0.227051,1.015137
3458724617,0.166504,0.2229,1.012695
3458729617,0.173584,0.222412,1.010254
3458734617,0.173584,0.227051,1.010498
3458739617,0.17041,0.227539,1.013428
3458744617,0.171631,0.226318,1.014648
3458749617,0.177002,0.222168,1.008301
3458754617,0.174072,0.225098,1.013672
3458759617,0.171631,0.226562,1.005127
3458764617,0.17334,0.226318,1.012207
3458769617,0.172119,0.222656,1.006836
3458774617,0.170654,0.221924,1.010254
3458779617,0.172852,0.228271,1.010498
3458784617,0.170654,0.225586,1.004883
3458789617,-0.3125,-2.0,1.44458
3458794617,1.999939,-1.279297,-2.0
3458799617,-2.0,1.999939,1.999939
3458804617,-0.559814,0.378418,0.524658
3458809617,0.811768,0.278564,-1.237305
3458814617,0.54541,0.283936,0.050537
3458819617,-1.637451,1.313477,-0.398682
3458824617,-1.01123,1.050293,0.599121
3458829617,-0.88916,0.727051,-2.0
3458834617,0.058838,1.821777,-1.023682
3458839617,-1.195068,1.544678,-1.673828
3458844617,0.382324,0.051025,-2.0
3458849617,-1.88916,0.88501,-2.0
3458854617,-1.002686,1.999939,-2.0
3458859617,0.49585,1.639893,1.999939
3458864617,-1.149902,1.999939,-2.0
3458869617,-0.192139,1.893066,0.903564
3458874617,-1.461426,0.317871,1.075195
3458879617,0.114014,1.551025,1.007568
3458884617,-0.101074,0.40332,1.239258
3458889617,-0.098633,0.421875,0.771484
3458894617,0.085693,0.374268,0.918457
3458899617,0.047119,0.425293,0.864746
3458904617,0.216553,0.659424,1.053467
3458909617,0.070557,0.347412,0.915283
3458914617,0.038574,0.27124,0.877197
3458919617,0.171875,0.130371,0.901123
3458924617,0.050781,0.286865,0.840088
3458929617,0.244629,0.025879,0.865967
3458934617,-0.223877,1.999939,-2.0
3458939617,-1.139404,1.999939,0.679199
3458944617,-0.796143,0.571045,1.061279
3458949617,0.104736,1.238281,0.795166
3458954617,0.226318,0.331299,1.150635
3458959617,0.040283,0.256836,0.927734
3458964617,0.237305,0.196533,1.081543
3458969617,0.140137,0.283203,1.067383
3458974617,0.159424,0.32373,1.04541
3458979617,0.157715,0.309814,1.093994
3458984617,0.150391,0.27002,1.022217
3458989617,0.181885,0.146973,0.998291
3458994617,0.194336,0.12085,0.919678
3458999617,0.200928,0.157959,0.977783
3459004617,0.148437,0.206543,0.98877
3459009617,-0.388428,1.999939,0.062012
3459014617,-1.166748,1.118408,0.871582
3459019617,-0.260742,0.15625,1.022461
3459024617,0.212646,0.23291,1.128906
3459029617,-0.192627,0.45166,-0.359375
3459034617,0.10791,1.999939,1.964355
3459039617,0.285889,1.999939,1.408447
3459044617,-0.463623,1.195557,-2.0
3459049617,-1.176514,0.596436,-2.0
3459054617,-1.236816,1.58667,1.54248
3459059617,0.175537,1.831787,-2.0
3459064617,0.048584,0.601074,-1.143311
3459069617,0.17334,0.24707,1.268799
3459074617,0.13623,1.375244,0.902832
3459079617,0.159668,0.421387,0.930908
3459084617,0.14624,0.303955,0.945312
3459089617,0.172607,0.254395,1.035889
3459094617,0.156006,0.210205,1.012695
3459099617,0.153564,0.151611,0.957764
3459104617,0.219971,0.148682,0.993164
3459109617,0.198242,0.187256,1.036133
3459114617,0.14917,0.177002,0.931641
3459119617,0.181641,0.184082,0.991943
3459124617,0.183838,0.211426,1.001465
3459129617,0.144287,0.199219,0.966553
3459134617,0.19873,0.237549,1.081787
3459139617,0.191406,0.260254,1.074463
3459144617,0.141113,0.244141,0.983643
3459149617,0.156494,0.253174,1.016846
3459154617,0.156006,0.281738,1.026611
3459159617,0.135742,0.2771,0.988525
3459164617,0.166504,0.273926,1.043457
3459169617,0.175293,0.268799,1.044189
3459174617,0.144043,0.244385,0.992187
3459179617,0.174805,0.217529,1.028564
3459184617,0.184326,0.212158,1.010254
3459189617,0.151367,0.195557,0.959717
3459194617,0.180176,0.204102,0.986572
3459199617,0.176514,0.211426,0.999512
3459204617,0.157471,0.178711,0.972656
3459209617,0.207031,0.186035,1.038818
3459214617,0.183838,0.192383,1.002441
3459219617,0.137207,0.209229,0.972168
3459224617,0.171875,0.244141,1.04248
3459229617,0.165039,0.266357,1.025146
3459234617,0.149414,0.261963,1.001465
3459239617,0.161133,0.265869,1.043945
3459244617,0.171387,0.258301,1.045898
3459249617,0.162109,0.240723,1.016113
3459254617,0.167725,0.241211,1.010742
3459259617,0.161865,0.236572,1.015869
3459264617,0.162109,0.22998,1.016357
3459269617,0.177002,0.221191,1.022217
3459274617,0.174561,0.201904,0.993652
3459279617,0.17041,0.19043,0.98877
3459284617,0.176758,0.194336,0.986328
3459289617,0.174805,0.196045,1.008057
3459294617,0.164062,0.228271,1.006836
3459299617,0.170654,0.249756,1.025879
3459304617,0.16748,0.250732,1.024658
3459309617,0.157715,0.243896,1.004883
3459314617,0.165771,0.243408,1.022217
3459319617,0.165039,0.235596,1.016357
3459324617,0.166504,0.23877,1.007568
3459329617,0.163574,0.242676,1.012939
3459334617,0.164307,0.236084,1.011475
3459339617,0.165771,0.221191,1.014404
3459344617,0.171387,0.203613,1.000244
3459349617,0.173828,0.199951,0.996338
3459354617,0.167969,0.200684,0.995117
3459359617,0.168701,0.213867,1.00708
3459364617,0.171875,0.225342,1.019531
3459369617,0.16333,0.235596,1.015137
3459374617,0.167725,0.238281,1.020996
3459379617,0.16626,0.239502,1.010742
3459384617,0.162598,0.234131,1.010254
3459389617,0.16626,0.229248,1.010986
3459394617,0.170654,0.23877,1.015625
3459399617,0.162354,0.234863,1.010742
3459404617,0.168701,0.230957,1.009277
3459409617,0.173828,0.226562,1.016846
3459414617,0.166016,0.212402,0.997803
3459419617,0.168213,0.212158,1.005127
3459424617,0.176514,0.22998,0.988281
3459429617,0.180908,0.19458,0.976807
3459434617,0.168457,0.223877,0.992187
3459439617,0.194336,0.332275,1.148682
3459444617,0.140869,0.325684,1.140137
3459449617,0.175049,0.251953,1.043457
3459454617,0.18335,0.252686,1.00415
3459459617,0.176758,0.223389,1.011719
3459464617,0.174316,0.213867,1.012451
3459469617,0.17749,0.191895,0.996338
3459474617,0.180176,0.179932,1.001465
3459479617,0.168457,0.161377,0.995117
3459484617,0.165527,0.160889,0.969482
3459489617,0.165283,0.152832,0.952393
3459494617,0.173096,0.127441,0.951904
3459499617,0.179932,0.138428,0.964111
3459504617,0.177246,0.155273,0.948486
3459509617,0.19043,0.154297,0.963623
3459514617,0.157715,0.173828,0.967041
3459519617,0.161865,0.155273,0.934814
3459524617,0.171387,0.209473,0.97583
3459529617,0.175781,0.196533,1.053711
3459534617,0.312012,0.254395,1.560547
3459539617,0.039307,0.392578,0.820557
3459544617,0.252197,0.072266,0.731689
3459549617,0.108887,0.528076,1.048584
3459554617,0.105225,0.306641,0.922852
3459559617,0.093262,0.278564,0.868164
3459564617,0.134521,0.24585,1.014404
3459569617,0.16333,0.250977,1.037109
3459574617,0.146484,0.314941,1.068115
3459579617,0.125,0.352295,1.073486
3459584617,0.143066,0.347168,1.033691
3459589617,0.19043,0.135986,1.085693
3459594617,0.217529,0.081787,0.961914
3459599617,0.243164,0.009277,0.919434
3459604617,0.228516,0.106201,0.999268
3459609617,0.171875,0.197754,0.976562
3459614617,0.16626,0.223633,0.992676
3459619617,0.178223,0.17041,0.977295
3459624617,0.130859,0.215576,0.803711
3459629617,0.094482,0.496338,0.978271
3459634617,0.12793,0.451416,0.961914
3459639617,0.180908,0.371582,0.971191
3459644617,0.182861,0.308594,0.947266
3459649617,0.196533,0.199951,1.263184
3459654617,0.242676,0.078125,1.319824
3459659617,0.204834,0.193848,1.030518
3459664617,0.173828,0.158691,1.055664
3459669617,0.155518,0.158936,0.961426
3459674617,0.200195,0.161621,1.040283
3459679617,0.182373,0.131592,0.990967
3459684617,0.189697,0.127197,0.981934
3459689617,0.189941,0.15918,1.012695
3459694617,0.184814,0.176514,1.018066
3459699617,0.184082,0.206299,1.003906
3459704617,0.218018,0.093506,1.085449
3459709617,0.137451,0.190674,1.018555
3459714617,0.188232,0.252686,0.951172
3459719617,0.160889,0.294434,1.052246
3459724617,0.175781,0.258057,1.045166
3459729617,0.174805,0.166504,0.974609
3459734617,0.210449,0.207764,1.003662
3459739617,0.173828,0.25293,1.018799
3459744617,0.173828,0.227539,1.007324
3459749617,0.174316,0.202637,0.997314
3459754617,0.192139,0.219238,0.995117
3459759617,0.182129,0.212891,0.998535
3459764617,0.181641,0.215088,0.998779
3459769617,0.188965,0.207275,1.014893
3459774617,0.187012,0.241455,1.014404
3459779617,0.18457,0.239746,1.013916
3459784617,0.180908,0.248291,1.020264
3459789617,0.179687,0.214355,1.008789
3459794617,0.189697,0.23584,1.021484
3459799617,0.228516,0.230713,1.085449
3459804617,0.184326,0.175049,1.049805
3459809617,0.192627,0.241943,1.014893
3459814617,0.180908,0.248047,1.051758
3459819617,0.187256,0.263184,1.011719
3459824617,0.178711,0.233398,0.983398
3459829617,0.174805,0.213623,0.994141
3459834617,0.172607,0.236816,1.009033
3459839617,0.185059,0.240723,1.01709
3459844617,0.1604,0.23584,1.011963
3459849617,0.200195,0.219971,1.011475
3459854617,0.182861,0.199707,1.000488
3459859617,0.208984,0.137939,1.008545
3459864617,0.239746,0.129639,0.946777
3459869617,0.156494,0.271729,1.074219
3459874617,0.195801,0.269775,0.972168
3459879617,0.171143,0.251465,1.015625
3459884617,0.148926,0.305176,1.036377
3459889617,0.189209,0.211426,1.016113
3459894617,0.167236,0.220215,1.052002
3459899617,0.17627,0.2146,0.986816
3459904617,0.191406,0.217529,1.015137
3459909617,0.192383,0.200195,1.02002
3459914617,0.183838,0.198486,0.994873
3459919617,0.191162,0.141357,1.027344
3459924617,0.15625,0.198242,1.036377
3459929617,0.150879,0.265381,1.015137
3459934617,0.228271,0.328125,1.094971
3459939617,0.139893,0.233887,0.977539
3459944617,0.17749,0.27002,0.972412
3459949617,0.193359,0.20752,0.979004
3459954617,0.186523,0.174316,1.00708
3459959617,0.202148,0.19165,0.981934
3459964617,0.186279,0.199219,1.00293
3459969617,0.168945,0.202393,0.99292
3459974617,0.181152,0.227539,1.003662
3459979617,0.188965,0.207031,0.983887
3459984617,0.180176,0.21875,1.001221
3459989617,0.181641,0.241211,1.01001
3459994617,0.169678,0.268066,1.019287
3459999617,0.187012,0.193848,1.07251
3460004617,0.162842,0.213135,1.025879
3460009617,0.182129,0.243896,1.003174
3460014617,0.168945,0.205078,1.009766
3460019617,0.189209,0.188721,1.003418
3460024617,0.187744,0.186035,0.983154
3460029617,0.19458,0.193848,1.015381
3460034617,0.196289,0.230957,1.020264
3460039617,0.182373,0.21582,0.99292
3460044617,0.180664,0.224121,0.99292
3460049617,0.168213,0.241211,0.988037
3460054617,0.168945,0.235596,1.005371
3460059617,0.162598,0.239746,1.033691
3460064617,0.17749,0.2771,1.011963
3460069617,0.159424,0.286377,1.013428
3460074617,0.150146,0.280029,0.990479
3460079617,0.166016,0.279053,1.026855
3460084617,0.1604,0.214355,1.01709
3460089617,0.189941,0.16333,1.021484
3460094617,0.192383,0.101807,1.02832
3460099617,0.281006,0.069336,1.028809
3460104617,0.252441,0.197754,1.059082
3460109617,0.228027,0.216309,0.981445
3460114617,0.155518,0.193848,0.98877
3460119617,0.22583,0.212402,1.064453
3460124617,0.205811,0.149902,1.2229
3460129617,0.03418,0.24707,0.626221
3460134617,0.417969,0.099609,-0.862549
3460139617,0.092041,0.65625,1.637695
3460144617,0.192383,0.201172,1.171387
3460149617,0.201172,0.213623,0.98291
3460154617,0.188965,0.083984,0.926514
3460159617,0.196533,0.16748,1.046143
3460164617,0.136719,0.165771,0.79541
3460169617,0.204346,0.19873,1.055908
3460174617,0.196533,0.193115,1.024902
3460179617,0.194824,0.166016,0.987549
3460184617,0.2146,0.187256,1.043457
3460189617,0.19043,0.205811,1.016357
