timestamp_us,x_g,y_g,z_g
3336484617,0.167725,0.201416,1.019775
3336489617,0.17334,0.200439,1.020752
3336494617,0.172607,0.199951,1.01709
3336499617,0.16748,0.200684,1.012451
3336504617,0.164307,0.205322,1.006592
3336509617,0.165527,0.208252,1.008301
3336514617,0.162109,0.20752,1.016846
3336519617,0.169678,0.210449,1.019531
3336524617,0.166748,0.212158,1.017822
3336529617,0.168945,0.21167,1.017822
3336534617,0.165283,0.210693,1.021973
3336539617,0.164551,0.208008,1.016357
3336544617,0.167969,0.206055,1.025146
3336549617,0.171875,0.200684,1.01709
3336554617,0.171143,0.204346,1.020752
3336559617,0.171387,0.201416,1.018555
3336564617,0.173096,0.197998,1.014404
3336569617,0.176758,0.198975,1.010254
3336574617,0.175537,0.19873,1.003662
3336579617,0.16748,0.200195,1.003174
3336584617,0.167969,0.199463,1.009033
3336589617,0.172363,0.196777,1.012939
3336594617,0.1604,0.203857,1.018066
3336599617,0.165283,0.205322,1.017578
3336604617,0.162109,0.210205,1.022461
3336609617,0.165527,0.210205,1.015137
3336614617,0.165527,0.209229,1.018311
3336619617,0.170898,0.206543,1.022461
3336624617,0.171875,0.205322,1.022461
3336629617,0.166016,0.207275,1.015381
3336634617,0.167725,0.202637,1.007813
3336639617,0.171631,0.199707,1.004883
3336644617,0.166504,0.197266,1.011719
3336649617,0.165039,0.196777,1.007568
3336654617,0.17041,0.200439,1.015137
3336659617,0.164307,0.201904,1.013672
3336664617,0.160156,0.194824,1.01416
3336669617,0.165283,0.203857,1.02002
3336674617,0.164795,0.203613,1.019287
3336679617,0.172607,0.201416,1.018066
3336684617,0.173096,0.205078,1.021484
3336689617,0.172852,0.205566,1.019043
3336694617,0.170654,0.206543,1.014893
3336699617,0.167725,0.199463,1.010742
3336704617,0.168701,0.209229,1.003662
3336709617,0.17334,0.206543,1.010498
3336714617,0.164795,0.207275,1.010498
3336719617,0.15918,0.208496,1.017578
3336724617,0.161377,0.212158,1.013916
3336729617,0.164551,0.20874,1.015625
617,0.169678,0.202148,1.012451
3339514617,0.159668,0.197998,1.002441
3339519617,0.168213,0.202393,1.020508
3339524617,0.181396,0.20874,1.024902
3339529617,0.171387,0.200684,1.018799
3339534617,0.162354,0.207275,1.011719
3339539617,0.169434,0.20459,1.014404
3339544617,0.170898,0.208984,1.01709
3339549617,0.166504,0.209473,1.015869
3339554617,0.171143,0.204102,1.020508
3339559617,0.164551,0.205078,1.014648
3339564617,0.16626,0.204346,1.013672
3339569617,0.167969,0.201416,1.016113
3339574617,0.161865,0.202881,1.010254
3339579617,0.166748,0.19751,1.015381
3339584617,0.164795,0.199951,1.012939
3339589617,0.166504,0.202637,1.015381
3339594617,0.165039,0.202637,1.021973
3339599617,0.166016,0.204834,1.016846
3339604617,0.170898,0.205811,1.018066
3339609617,0.168457,0.208984,1.020264
3339614617,0.168701,0.20752,1.015625
3339619617,0.168457,0.197998,1.009521
3339624617,0.165283,0.204102,1.014404
3339629617,0.165039,0.200684,1.015381
3339634617,0.167236,0.20459,1.019531
3339639617,0.170166,0.203125,1.016846
3339644617,0.161377,0.201904,1.016113
3339649617,0.16626,0.202148,1.014893
3339654617,0.168701,0.202393,1.018066
3339659617,0.166748,0.202148,1.02124
3339664617,0.167969,0.203857,1.017578
3339669617,0.166748,0.203857,1.016113
3339674617,0.168701,0.202637,1.016602
3339679617,0.166748,0.207031,1.011963
3339684617,0.16626,0.205322,1.014893
3339689617,0.167236,0.205566,1.012451
3339694617,0.161865,0.204346,1.019287
3339699617,0.170654,0.203857,1.020752
3339704617,0.169678,0.203857,1.020752
3339709617,0.166992,0.206787,1.01123
3339714617,0.168945,0.204346,1.018311
3339719617,0.169189,0.206543,1.013916
3339724617,0.167725,0.202637,1.017822
3339729617,0.168945,0.200439,1.014893
3339734617,0.163818,0.202393,1.008057
3339739617,0.169678,0.202148,1.016113
3339744617,0.166748,0.197266,1.013428
3339749617,0.168457,0.203369,1.019043
3339754617,0.168213,0.206787,1.014893
3339759617,0.165283,0.205811,1.014404
3339764617,0.166748,0.202881,1.018799
3339769617,0.169922,0.198975,1.025391
3339774617,0.168213,0.201172,1.018799
3339779617,0.166504,0.205322,1.016602
3339784617,0.16748,0.200684,1.013916
3339789617,0.164307,0.202148,1.018555
3339794617,0.165283,0.203369,1.015137
3339799617,0.165771,0.202881,1.011719
3339804617,0.166748,0.203613,1.017822
3339809617,0.166504,0.205078,1.015625
3339814617,0.172852,0.205322,1.017334
3339819617,0.170898,0.205566,1.026855
3339824617,0.169434,0.203613,1.008301
3339829617,0.171387,0.203369,1.014893
3339834617,0.162354,0.204834,1.011963
3339839617,0.167725,0.206543,1.019531
3339844617,0.169189,0.206055,1.014893
3339849617,0.16748,0.205566,1.013672
3339854617,0.169678,0.204834,1.019287
3339859617,0.174072,0.203369,1.01416
3339864617,0.166992,0.20166,1.017822
3339869617,0.164795,0.205811,1.018311
3339874617,0.169678,0.205811,1.012451
3339879617,0.17041,0.200928,1.014404
3339884617,0.168213,0.198975,1.012939
3339889617,0.169189,0.202148,1.018799
3339894617,0.164551,0.206299,1.012207
3339899617,0.171387,0.203613,1.017822
3339904617,0.168945,0.205566,1.011963
3339909617,0.169434,0.203613,1.015625
3339914617,0.164307,0.20874,1.016113
3339919617,0.167725,0.205811,1.018066
3339924617,0.167725,0.201172,1.014404
3339929617,0.167725,0.200195,1.015625
3339934617,0.164551,0.20874,1.015381
3339939617,0.168945,0.207031,1.016357
3339944617,0.17334,0.205811,1.021973
3339949617,0.170166,0.203857,1.017334
3339954617,0.168457,0.203613,1.017822
3339959617,0.168213,0.206055,1.017334
3339964617,0.16626,0.20752,1.01416
3339969617,0.168213,0.203369,1.01709
3339974617,0.168945,0.203125,1.018311
3339979617,0.161133,0.206055,1.018066
3339984617,0.163086,0.202148,1.009521
3339989617,0.165039,0.20752,1.014404
3339994617,0.169922,0.202637,1.009521
3339999617,0.168213,0.203125,1.02124
3340004617,0.168213,0.203613,1.016602
3340009617,0.166992,0.200195,1.014893
3340014617,0.16333,0.20459,1.018066
3340019617,0.167969,0.203613,1.018555
3340024617,0.168701,0.207031,1.011963
3340029617,0.170654,0.208008,1.016357
3340034617,0.171387,0.20459,1.016602
3340039617,0.168945,0.204346,1.018555
3340044617,0.169922,0.206299,1.01709
3340049617,0.173096,0.20752,1.019043
3340054617,0.169434,0.209717,1.020508
3340059617,0.166992,0.20459,1.015381
3340064617,0.169434,0.205811,1.01709
3340069617,0.166504,0.200928,1.023438
3340074617,0.162109,0.202881,1.011963
3340079617,0.168457,0.199463,1.012451
3340084617,0.164551,0.200928,1.016113
3340089617,0.167236,0.205322,1.017578
3340094617,0.167236,0.200684,1.016602
3340099617,0.168457,0.208496,1.017578
3340104617,0.166504,0.200439,1.015869
3340109617,0.16626,0.204102,1.015381
3340114617,0.169922,0.202881,1.009521
3340119617,0.158691,0.206055,1.013672
3340124617,0.164307,0.204346,1.013916
3340129617,0.168701,0.201904,1.008301
3340134617,0.172852,0.204346,1.015381
3340139617,0.170898,0.202637,1.016602
3340144617,0.164795,0.201172,1.016357
3340149617,0.169434,0.205566,1.023193
3340154617,0.164551,0.203857,1.019287
3340159617,0.165283,0.208008,1.021484
3340164617,0.167969,0.21167,1.009033
3340169617,0.172363,0.20459,1.015137
3340174617,0.167236,0.199951,1.009277
3340179617,0.164551,0.202881,1.022949
3340184617,0.16333,0.205566,1.017578
3340189617,0.166504,0.206055,1.010742
3340194617,0.168213,0.204102,1.013672
3340199617,0.167969,0.196777,1.023682
3340204617,0.167236,0.198486,1.020996
3340209617,0.165527,0.207764,1.010254
3340214617,0.169189,0.204346,1.017578
3340219617,0.166016,0.200928,1.008789
3340224617,0.166992,0.193359,1.018311
3340229617,0.168701,0.202637,1.019775
3340234617,0.168457,0.209473,1.014404
3340239617,0.169189,0.205322,1.013428
3340244617,0.169922,0.205078,1.009521
3340249617,0.165771,0.200928,1.014404
3340254617,0.16626,0.201416,1.02002
3340259617,0.164062,0.206299,1.015137
3340264617,0.169434,0.206299,1.015869
3340269617,0.165283,0.205322,1.011963
3340274617,0.168701,0.200928,1.017578
3340279617,0.163086,0.202148,1.014648
3340284617,0.166016,0.206055,1.018311
3340289617,0.166016,0.20459,1.01709
3340294617,0.165527,0.20752,1.009033
3340299617,0.171143,0.203125,1.018799
3340304617,0.166748,0.20459,1.020996
3340309617,0.166992,0.200195,1.01416
3340314617,0.169434,0.206787,1.018555
3340319617,0.166016,0.205078,1.015869
3340324617,0.169434,0.203369,1.015625
3340329617,0.168945,0.202637,1.018799
3340334617,0.170898,0.203125,1.022217
3340339617,0.169678,0.206299,1.018555
3340344617,0.165283,0.20752,1.014648
3340349617,0.166748,0.203369,1.025146
3340354617,0.166992,0.199463,1.016846
3340359617,0.168945,0.203125,1.012207
3340364617,0.169189,0.202148,1.016602
3340369617,0.16626,0.201416,1.016357
3340374617,0.164551,0.203613,1.01416
3340379617,0.166992,0.204102,1.015381
3340384617,0.164795,0.201172,1.01709
3340389617,0.168945,0.20166,1.017578
3340394617,0.168701,0.209961,1.017334
3340399617,0.164307,0.205811,1.009766
3340404617,0.163574,0.202637,1.016602
3340409617,0.166992,0.200684,1.016602
3340414617,0.171387,0.205566,1.016113
3340419617,0.16626,0.206543,1.019531
3340424617,0.170654,0.198486,1.011719
3340429617,0.166992,0.202393,1.020996
3340434617,0.16626,0.205811,1.012451
3340439617,0.163086,0.195068,1.012207
3340444617,0.171143,0.198486,1.020996
3340449617,0.170898,0.203369,1.01709
3340454617,0.165039,0.209717,1.01123
3340459617,0.170654,0.203857,1.019043
3340464617,0.165039,0.203613,1.014648
3340469617,0.170898,0.205078,1.020752
3340474617,0.167969,0.213623,1.013672
3340479617,0.167969,0.206543,1.013916
3340484617,0.173828,0.199951,1.011719
3340489617,0.16626,0.203857,1.025391
3340494617,0.161377,0.213867,1.010498
3340499617,0.170166,0.204346,1.019287
3340504617,0.168213,0.193848,1.024414
3340509617,0.168945,0.197998,1.016113
3340514617,0.165283,0.206055,1.025879
3340519617,0.162842,0.210205,1.010498
3340524617,0.16626,0.201172,1.012939
3340529617,0.171631,0.199219,1.017334
3340534617,0.170166,0.198975,1.014648
3340539617,0.169434,0.206055,1.018555
3340544617,0.164795,0.204834,1.023682
3340549617,0.168701,0.20752,1.011719
3340554617,0.168701,0.206299,1.018311
3340559617,0.171143,0.205811,1.015869
3340564617,0.169434,0.205322,1.018555
3340569617,0.168213,0.197998,1.020508
3340574617,0.173584,0.203125,1.015625
3340579617,0.165039,0.199951,1.022705
3340584617,0.163818,0.207031,1.013672
3340589617,0.167236,0.20459,1.01416
3340594617,0.16748,0.200439,1.016113
3340599617,0.166016,0.201416,1.015625
3340604617,0.164307,0.205078,1.017334
3340609617,0.165771,0.203125,1.016846
3340614617,0.170166,0.200928,1.013916
3340619617,0.167969,0.202393,1.011475
3340624617,0.166504,0.208984,1.017822
3340629617,0.166748,0.206543,1.015625
3340634617,0.171875,0.206543,1.017334
3340639617,0.169434,0.205566,1.018066
3340644617,0.168701,0.202637,1.020508
3340649617,0.167969,0.209229,1.015625
3340654617,0.169434,0.20752,1.020264
3340659617,0.166504,0.202637,1.01123
3340664617,0.169922,0.200439,1.012451
3340669617,0.167725,0.197266,1.011475
3340674617,0.169434,0.20459,1.01709
3340679617,0.164551,0.204102,1.013184
3340684617,0.167969,0.202393,1.013428
3340689617,0.163818,0.208008,1.01709
3340694617,0.167725,0.204834,1.019287
3340699617,0.169189,0.204102,1.018555
3340704617,0.165771,0.201904,1.011963
3340709617,0.169922,0.202637,1.017578
3340714617,0.167969,0.202393,1.018555
3340719617,0.169922,0.206543,1.015137
3340724617,0.168457,0.205566,1.014648
3340729617,0.167725,0.204834,1.010742
3340734617,0.16748,0.201904,1.015869
3340739617,0.16333,0.201416,1.019775
3340744617,0.164795,0.199463,1.018066
3340749617,0.168945,0.210693,1.022949
3340754617,0.166504,0.200684,1.012451
3340759617,0.167236,0.204102,1.012451
3340764617,0.170166,0.201904,1.019775
3340769617,0.17334,0.205811,1.013184
3340774617,0.168457,0.204102,1.021729
3340779617,0.167725,0.205811,1.018311
3340784617,0.168457,0.20166,1.012695
3340789617,0.17041,0.201416,1.018555
3340794617,0.168945,0.202148,1.017578
3340799617,0.167725,0.206299,1.016357
3340804617,0.16748,0.207275,1.012207
3340809617,0.165283,0.200928,1.017822
3340814617,0.169678,0.202637,1.013672
3340819617,0.167725,0.203125,1.015625
3340824617,0.161377,0.198486,1.015625
3340829617,0.166748,0.207031,1.018311
3340834617,0.16626,0.203857,1.018555
3340839617,0.1604,0.208008,1.022461
3340844617,0.16748,0.205078,1.015869
3340849617,0.170898,0.204102,1.016602
3340854617,0.171387,0.199951,1.013428
3340859617,0.167725,0.202637,1.019287
3340864617,0.169678,0.206787,1.013184
3340869617,0.165283,0.202881,1.013428
3340874617,0.165771,0.205322,1.019287
3340879617,0.168945,0.204102,1.012451
3340884617,0.165771,0.200439,1.015381
3340889617,0.167725,0.205566,1.015137
3340894617,0.166016,0.201904,1.013428
3340899617,0.167969,0.206299,1.019287
3340904617,0.16333,0.201904,1.010742
3340909617,0.167969,0.208008,1.020508
3340914617,0.165283,0.202148,1.019531
3340919617,0.166504,0.204834,1.014404
3340924617,0.171875,0.206787,1.016113
3340929617,0.169434,0.205078,1.009521
3340934617,0.166748,0.20166,1.005859
3340939617,0.166992,0.205566,1.022217
3340944617,0.172119,0.201416,1.01123
3340949617,0.174316,0.201416,1.011475
3340954617,0.168457,0.206055,1.008057
3340959617,0.166016,0.201416,1.010986
3340964617,0.166504,0.200928,1.022217
3340969617,0.166016,0.206299,1.020264
3340974617,0.165283,0.202881,1.018555
3340979617,0.165527,0.203125,1.013672
3340984617,0.166016,0.206055,1.02002
3340989617,0.165283,0.205322,1.01001
3340994617,0.165771,0.203613,1.016357
3340999617,0.167725,0.202637,1.021973
3341004617,0.171143,0.206055,1.022949
3341009617,0.168213,0.207031,1.012695
3341014617,0.163086,0.202881,1.008545
3341019617,0.168945,0.200928,1.009277
3341024617,0.172852,0.202148,1.014404
3341029617,0.165283,0.208496,1.023438
3341034617,0.168701,0.206787,1.014648
3341039617,0.166748,0.206055,1.01001
3341044617,0.169189,0.204346,1.019043
3341049617,0.16626,0.203613,1.019775
3341054617,0.168701,0.203857,1.014648
3341059617,0.165039,0.206787,1.017578
3341064617,0.171631,0.205322,1.021729
3341069617,0.169434,0.204346,1.017822
3341074617,0.167725,0.200195,1.012207
3341079617,0.168213,0.198486,1.010254
3341084617,0.166748,0.200684,1.022949
3341089617,0.166504,0.207764,1.022949
3341094617,0.168945,0.206299,1.012207
3341099617,0.16748,0.198486,1.011719
3341104617,0.166992,0.196289,1.015625
3341109617,0.165771,0.199463,1.01709
3341114617,0.16333,0.208984,1.017578
3341119617,0.166016,0.210205,1.01416
3341124617,0.169434,0.202148,1.018311
3341129617,0.165527,0.199707,1.016846
3341134617,0.164062,0.204102,1.023438
3341139617,0.168457,0.208008,1.015625
3341144617,0.166504,0.204102,1.016846
3341149617,0.167236,0.19873,1.016357
3341154617,0.16626,0.199951,1.021484
3341159617,0.166504,0.210205,1.015381
3341164617,0.167725,0.208496,1.016357
3341169617,0.170166,0.200439,1.018066
3341174617,0.16626,0.196289,1.012695
3341179617,0.167236,0.202881,1.015137
3341184617,0.165039,0.206787,1.010498
3341189617,-1.947266,1.999939,1.089844
3341194617,-0.321533,0.063721,-2.0
3341199617,-1.068359,0.226562,-2.0
3341204617,-2.0,-1.294434,-2.0
3341209617,-1.058594,1.453369,-1.954102
3341214617,-2.0,1.627686,-1.349854
3341219617,0.046875,1.999939,-2.0
3341224617,0.030762,0.321533,-2.0
3341229617,-0.128174,1.860107,-2.0
3341234617,-0.352295,1.999939,-2.0
3341239617,0.094727,1.999939,0.332275
3341244617,-0.69751,1.999939,1.047852
3341249617,0.040039,0.212891,0.74707
3341254617,0.013672,0.737793,0.776367
3341259617,0.291748,0.466553,0.954346
3341264617,-0.179443,1.05957,-2.0
3341269617,-0.943848,1.577393,1.354004
3341274617,0.108643,1.999939,0.716797
3341279617,0.181641,0.429687,0.973877
3341284617,0.175781,0.171387,1.111572
3341289617,0.153564,0.283691,1.054199
3341294617,0.179443,0.411865,1.048584
3341299617,0.190674,0.299072,1.111328
3341304617,0.139893,0.206299,1.042725
3341309617,0.161377,0.194092,0.949219
3341314617,0.175293,0.17334,0.952881
3341319617,0.154053,0.209961,0.992187
3341324617,0.183105,0.185791,1.040039
3341329617,0.124023,0.166504,0.952881
3341334617,0.285156,0.112793,-0.813477
3341339617,0.150879,0.319092,1.296143
3341344617,0.257568,0.146729,0.910156
3341349617,0.173096,0.179687,1.050293
3341354617,0.152344,0.174805,1.08374
3341359617,0.168213,0.16333,1.01416
3341364617,0.152344,0.233398,0.990479
3341369617,0.171143,0.251465,1.026611
3341374617,0.160645,0.217773,1.060303
3341379617,0.141357,0.213623,0.973389
3341384617,0.158691,0.185547,0.928223
3341389617,0.142822,0.220459,1.012695
3341394617,0.175293,0.172852,0.554932
3341399617,0.156738,0.839355,1.145996
3341404617,0.20874,0.288818,0.964111
3341409617,0.150635,0.222168,1.037842
3341414617,0.154541,0.23291,1.044189
3341419617,0.204834,0.223145,1.02002
3341424617,0.159912,0.181396,1.013672
3341429617,0.171387,0.202881,1.029053
3341434617,0.178711,0.215332,1.061035
3341439617,0.181641,0.214355,1.062256
3341444617,0.129639,0.16748,0.812988
3341449617,0.04126,0.55542,-1.219971
3341454617,0.165039,0.844727,1.109863
3341459617,0.230713,0.183105,1.008057
3341464617,0.159912,0.192627,0.994385
3341469617,0.145264,0.196777,1.02002
3341474617,0.175293,0.209961,1.013428
3341479617,0.178223,0.22998,1.018311
3341484617,0.175049,0.21582,1.040283
3341489617,0.164551,0.213623,0.995605
3341494617,0.218018,0.769287,-0.823242
3341499617,0.106934,0.343506,1.117676
3341504617,0.174561,0.225098,1.015625
3341509617,0.162109,0.186279,1.033447
3341514617,0.134521,0.197998,1.003906
3341519617,0.159424,0.212891,1.029297
3341524617,0.167236,0.21167,0.987061
3341529617,0.135742,0.203125,0.93335
3341534617,0.133301,0.209473,0.953613
3341539617,0.12793,1.999939,1.141846
3341544617,-0.121826,0.302246,0.976074
3341549617,0.075928,0.33667,0.862061
3341554617,0.189941,0.230469,0.975586
3341559617,0.168945,0.170898,0.967773
3341564617,0.152344,0.215576,0.986084
3341569617,0.142334,0.231934,0.936279
3341574617,0.161865,0.845215,1.577881
3341579617,0.153076,0.24707,1.112793
3341584617,0.173096,0.198486,1.003418
3341589617,0.178467,0.500732,1.02417
3341594617,0.175781,0.602783,0.992187
3341599617,0.226318,0.199951,1.060059
3341604617,0.244141,1.063721,1.355225
3341609617,0.150146,0.215088,1.04541
3341614617,0.20874,0.23584,1.063965
3341619617,0.171875,0.237793,1.074951
3341624617,0.111084,0.187012,0.89209
3341629617,0.137939,0.521484,0.995117
3341634617,0.158447,0.181152,1.059082
3341639617,0.135254,0.184814,0.963379
3341644617,0.109619,0.241943,0.898193
3341649617,0.136475,0.229004,0.884521
3341654617,0.202148,0.23584,1.064697
3341659617,0.223389,0.19458,1.088623
3341664617,0.186279,0.174072,1.178955
3341669617,0.197754,1.337891,1.061523
3341674617,0.142334,0.206299,0.929443
3341679617,0.172852,0.209717,1.010986
3341684617,0.170654,0.211182,1.025879
3341689617,0.168457,0.190918,1.025146
3341694617,0.162842,0.194092,1.018066
3341699617,0.165039,0.203125,1.013184
3341704617,0.172119,0.194824,1.019043
3341709617,0.164795,0.199707,1.015869
3341714617,0.165771,0.206055,1.025879
3341719617,0.166504,0.215332,1.029785
3341724617,0.166992,0.208008,1.015137
3341729617,0.168213,0.197266,1.01123
3341734617,0.170654,0.193115,1.010742
3341739617,0.165771,0.194336,1.011963
3341744617,0.16333,0.203857,1.019043
3341749617,0.160156,0.210449,1.024658
3341754617,0.166748,0.213135,1.019043
3341759617,0.16626,0.205811,1.018066
3341764617,0.166992,0.200439,1.02002
3341769617,0.167969,0.19873,1.009766
3341774617,0.163574,0.197021,1.019287
3341779617,0.166748,0.205811,1.014648
3341784617,0.166016,0.205078,1.019775
3341789617,0.16626,0.204102,1.017578
3341794617,0.168945,0.203613,1.015625
3341799617,0.167236,0.199219,1.011475
3341804617,0.166748,0.195557,1.013428
3341809617,0.167236,0.204346,1.016602
3341814617,0.16333,0.202881,1.024414
3341819617,0.166748,0.206055,1.024902
3341824617,0.170166,0.206787,1.023682
3341829617,0.164795,0.198486,1.018066
3341834617,0.163086,0.193604,1.013672
3341839617,0.170898,0.190186,1.011963
3341844617,0.166748,0.200928,1.021729
3341849617,0.16626,0.203613,1.022705
3341854617,0.166748,0.204834,1.024414
3341859617,0.167725,0.204834,1.014404
3341864617,0.161865,0.203613,1.009277
3341869617,0.164795,0.197021,1.014893
3341874617,0.164795,0.197754,1.020264
3341879617,0.168457,0.198975,1.01416
3341884617,0.170654,0.203613,1.022705
3341889617,0.16626,0.205566,1.017578
3341894617,0.164795,0.203857,1.019775
3341899617,0.16748,0.203613,1.017334
3341904617,0.166992,0.197754,1.008301
3341909617,0.168945,0.19873,1.01709
3341914617,0.168213,0.198242,1.018799
3341919617,0.161621,0.203613,1.016357
3341924617,0.167236,0.20752,1.020996
3341929617,0.166016,0.199951,1.010254
3341934617,0.164551,0.199463,1.02002
3341939617,0.170898,0.199219,1.015137
3341944617,0.16333,0.201416,1.011719
3341949617,0.164795,0.202881,1.012939
3341954617,0.167725,0.20874,1.018066
3341959617,0.165039,0.204346,1.012451
3341964617,0.16748,0.202393,1.015137
3341969617,0.167725,0.203125,1.015625
3341974617,0.16748,0.200928,1.010742
3341979617,0.166504,0.200439,1.012207
3341984617,0.166504,0.201172,1.015869
3341989617,0.166016,0.201904,1.02002
3341994617,0.163574,0.203369,1.017578
3341999617,0.167236,0.199219,1.015137
3342004617,0.166016,0.199219,1.019043
3342009617,0.168701,0.199951,1.012695
3342014617,0.167725,0.202393,1.010254
3342019617,0.166748,0.201172,1.008545
3342024617,0.166748,0.207275,1.024414
3342029617,0.165039,0.203613,1.029785
3342034617,0.165771,0.204346,1.031494
3342039617,0.170166,0.199951,1.01709
3342044617,0.165527,0.19751,1.010498
3342049617,0.163574,0.195557,1.012695
3342054617,0.166748,0.20166,1.010498
3342059617,0.165283,0.200439,1.020996
3342064617,0.168457,0.200928,1.023926
3342069617,0.16626,0.202148,1.016602
3342074617,0.166992,0.19873,1.012207
3342079617,0.169434,0.20459,1.011963
3342084617,0.16748,0.198242,1.013428
3342089617,0.162598,0.203613,1.008789
3342094617,0.16748,0.205811,1.026611
3342099617,0.163574,0.201904,1.019531
3342104617,0.166504,0.205322,1.021973
3342109617,0.163086,0.200439,1.016602
3342114617,0.164307,0.201904,1.015625
3342119617,0.166016,0.199219,1.020264
3342124617,0.166748,0.200439,1.020752
3342129617,0.169434,0.204102,1.015137
3342134617,0.163574,0.199219,1.017334
3342139617,0.162598,0.195801,1.016846
3342144617,0.166504,0.198975,1.010986
3342149617,0.168457,0.198975,1.011719
3342154617,0.167969,0.19751,1.005371
3342159617,0.168945,0.200928,1.015869
3342164617,0.168457,0.203369,1.022217
3342169617,0.161865,0.205566,1.018555
3342174617,0.167236,0.204102,1.023438
3342179617,0.167236,0.203613,1.020264
3342184617,0.169189,0.204102,1.021973
3342189617,0.165527,0.203613,1.017822
3342194617,0.165039,0.204102,1.017578
3342199617,0.165283,0.200439,1.015137
3342204617,0.162842,0.204102,1.009033
3342209617,0.166504,0.199707,1.014648
3342214617,0.167969,0.199463,1.018555
3342219617,0.168457,0.200195,1.01416
3342224617,0.167969,0.196289,1.016846
3342229617,0.16748,0.203613,1.01709
3342234617,0.163818,0.199463,1.019531
3342239617,0.165283,0.202148,1.019775
3342244617,0.167969,0.199219,1.017822
3342249617,0.167725,0.199951,1.020752
3342254617,0.164795,0.201416,1.019775
3342259617,0.165283,0.202393,1.009277
3342264617,0.16626,0.207275,1.016602
3342269617,0.166748,0.209961,1.012695
3342274617,0.163574,0.203125,1.015625
3342279617,0.165039,0.202393,1.014404
3342284617,0.167236,0.20459,1.017334
3342289617,0.161133,0.203613,1.012451
3342294617,0.16626,0.203369,1.018311
3342299617,0.169434,0.201904,1.020752
3342304617,0.17334,0.200684,1.022217
3342309617,0.167725,0.201416,1.010742
3342314617,0.166992,0.19873,1.02002
3342319617,0.168457,0.196777,1.013916
3342324617,0.164062,0.19751,1.011719
3342329617,0.161621,0.203125,1.011963
3342334617,0.163574,0.202881,1.023438
3342339617,0.16748,0.204346,1.018066
3342344617,0.165771,0.203125,1.016602
3342349617,0.162598,0.198975,1.014404
3342354617,0.16333,0.207764,1.01709
3342359617,0.168213,0.20459,1.013428
3342364617,0.168213,0.201904,1.009033
3342369617,0.164551,0.209717,1.021973
3342374617,0.165771,0.203125,1.019043
3342379617,0.168457,0.203125,1.013428
3342384617,0.168701,0.201416,1.022705
3342389617,0.16748,0.202637,1.013428
3342394617,0.165283,0.199463,1.021484
3342399617,0.165039,0.196533,1.017822
3342404617,0.164307,0.198242,1.019531
3342409617,0.166992,0.200928,1.014893
3342414617,0.164551,0.197266,1.015869
3342419617,0.164307,0.204102,1.022461
3342424617,0.164795,0.208984,1.021973
3342429617,0.163086,0.208252,1.013916
3342434617,0.167725,0.206543,1.022705
3342439617,0.168213,0.203125,1.015869
3342444617,0.161865,0.202393,1.013672
3342449617,0.171875,0.202881,1.02417
3342454617,0.166992,0.204102,1.015137
3342459617,0.164795,0.202881,1.015869
3342464617,0.166992,0.202148,1.012695
3342469617,0.168213,0.203857,1.014893
3342474617,0.169922,0.203613,1.012939
3342479617,0.169922,0.206787,1.020508
3342484617,0.16748,0.203857,1.019043
3342489617,0.165771,0.202393,1.016602
3342494617,0.158936,0.203125,1.00708
3342499617,0.157715,0.197754,1.002197
3342504617,0.170166,0.208496,1.026855
3342509617,0.162354,0.204834,1.024414
3342514617,0.164062,0.200439,1.011475
3342519617,0.16626,0.202637,1.016357
3342524617,0.166504,0.205566,1.017334
3342529617,0.168457,0.202637,1.016113
3342534617,0.166504,0.199707,1.012207
3342539617,0.166016,0.202393,1.013916
3342544617,0.164795,0.20166,1.022217
3342549617,0.167236,0.203857,1.020752
3342554617,0.165527,0.200684,1.017334
3342559617,0.168457,0.202881,1.010498
3342564617,0.163574,0.198242,1.01416
3342569617,0.165771,0.203125,1.010498
3342574617,0.166992,0.202148,1.022217
3342579617,0.169434,0.20459,1.01416
3342584617,0.167236,0.20166,1.021973
3342589617,0.167236,0.203125,1.020996
3342594617,0.166748,0.202393,1.017822
3342599617,0.164551,0.200928,1.026367
3342604617,0.166748,0.201172,1.018555
3342609617,0.167725,0.200439,1.011719
3342614617,0.167969,0.201904,1.022217
3342619617,0.163086,0.202637,1.012207
3342624617,0.166748,0.19751,1.015869
3342629617,0.15918,0.20459,1.017822
3342634617,0.15918,0.202148,1.010742
3342639617,0.167236,0.199951,1.020752
3342644617,0.170898,0.208252,1.020996
3342649617,0.169922,0.203369,1.016846
3342654617,0.172852,0.203125,1.015869
3342659617,0.166748,0.202881,1.016846
3342664617,0.168213,0.201172,1.018799
3342669617,0.164062,0.201172,1.022217
3342674617,0.16333,0.203857,1.012939
3342679617,0.162354,0.200439,1.012695
3342684617,0.166992,0.201416,1.015869
3342689617,0.16748,0.206299,1.014404
3342694617,0.168945,0.203857,1.016846
3342699617,0.169189,0.202637,1.022705
3342704617,0.16626,0.208496,1.013428
3342709617,0.171143,0.203369,1.018555
3342714617,0.168701,0.203857,1.019775
3342719617,0.16626,0.202881,1.017822
3342724617,0.165771,0.205078,1.017334
3342729617,0.167725,0.202393,1.01123
3342734617,0.16626,0.202148,1.013916
3342739617,0.171631,0.202637,1.020752
3342744617,0.165039,0.203613,1.021729
3342749617,0.168213,0.207764,1.017822
3342754617,0.165771,0.205811,1.017578
3342759617,0.164307,0.205566,1.012939
3342764617,0.162842,0.204102,1.015381
3342769617,0.161621,0.202148,1.007568
3342774617,0.1604,0.200439,1.016113
3342779617,0.161621,0.197998,1.015625
3342784617,0.165527,0.198486,1.018555
3342789617,0.169434,0.200195,1.020264
3342794617,0.172852,0.200439,1.014893
3342799617,0.173828,0.205078,1.019287
3342804617,0.176758,0.202148,1.016846
3342809617,0.14502,0.153076,0.925781
3342814617,0.171387,0.130859,0.953613
3342819617,0.148193,0.206787,1.060059
3342824617,0.091309,0.179199,1.088135
3342829617,0.121582,0.274414,1.090088
3342834617,0.108154,0.244385,0.955566
3342839617,0.153564,0.248047,0.981934
3342844617,0.221191,0.237305,1.039307
3342849617,0.234375,0.227295,1.008789
3342854617,0.225586,0.169189,1.07959
3342859617,0.173828,0.200684,1.0354
3342864617,0.170898,0.248779,1.018799
3342869617,0.160645,0.271729,1.046631
3342874617,0.167236,0.270996,1.041016
3342879617,0.181396,0.231689,1.006836
3342884617,0.164062,0.196045,1.026367
3342889617,0.164551,0.191406,0.990234
3342894617,0.169189,0.176758,0.97876
3342899617,0.1875,0.140137,1.013184
3342904617,0.168457,0.125,0.994141
3342909617,0.17334,0.134277,0.953857
3342914617,0.178955,0.13623,0.96167
3342919617,0.174561,0.112549,0.979004
3342924617,0.178955,0.105225,0.987061
3342929617,0.179932,0.115234,1.014648
3342934617,0.1604,0.145996,0.955811
3342939617,0.197754,0.246094,1.05835
3342944617,0.19165,0.226074,1.033203
3342949617,0.189209,0.203369,1.017334
3342954617,0.164062,0.219238,1.04248
3342959617,0.167236,0.281982,1.057617
3342964617,0.171387,0.299805,1.026855
3342969617,0.126709,0.29541,1.039551
3342974617,0.152588,0.295898,1.041016
3342979617,0.156982,0.239502,1.005615
3342984617,0.159424,0.249756,1.040771
3342989617,0.177002,0.22583,1.032715
3342994617,0.181641,0.204834,1.022461
3342999617,0.184326,0.207031,1.036133
3343004617,0.197998,0.19873,1.007813
3343009617,0.190918,0.19458,1.000244
3343014617,0.164307,0.186035,1.011963
3343019617,0.146973,0.159668,0.995605
3343024617,0.142334,0.157471,0.999268
3343029617,0.162598,0.175781,0.998291
3343034617,0.17041,0.195068,1.002197
3343039617,0.16748,0.200439,1.013672
3343044617,0.167969,0.186523,1.01416
3343049617,0.168945,0.173584,1.005859
3343054617,0.168457,0.170898,1.011475
3343059617,0.170654,0.185791,1.008545
3343064617,0.165527,0.199951,1.018311
3343069617,0.169189,0.220703,1.027832
3343074617,0.16748,0.221436,1.024414
3343079617,0.174072,0.211914,1.021484
3343084617,0.174805,0.212158,1.021484
3343089617,0.168701,0.217041,1.017578
3343094617,0.163818,0.234863,1.025879
3343099617,0.162109,0.261475,1.032959
3343104617,0.162109,0.269775,1.041016
3343109617,0.162354,0.265381,1.040771
3343114617,0.157959,0.261475,1.040527
3343119617,0.164795,0.249268,1.018311
3343124617,0.178711,0.251465,1.012451
3343129617,0.162842,0.210693,0.991455
3343134617,0.166992,0.198486,1.027832
3343139617,0.170654,0.190674,1.037842
3343144617,0.174805,0.157715,0.999512
3343149617,0.179199,0.151367,0.97998
3343154617,0.176758,0.139404,0.980225
3343159617,0.185791,0.118408,0.966064
3343164617,0.176758,0.119141,0.971924
3343169617,0.176758,0.139893,0.982422
3343174617,0.178467,0.148926,0.984619
3343179617,0.173828,0.155029,0.987061
3343184617,0.176025,0.158447,0.994629
3343189617,0.173584,0.161865,1.012939
3343194617,0.171631,0.200684,1.046631
3343199617,0.168701,0.217041,1.041016
3343204617,0.174805,0.234619,1.035645
3343209617,0.174316,0.248047,1.028809
3343214617,0.162109,0.265381,1.039551
3343219617,0.161133,0.272949,1.03418
3343224617,0.16748,0.261475,1.030029
3343229617,0.164795,0.262939,1.036865
3343234617,0.161865,0.258301,1.044189
3343239617,0.1604,0.251465,1.032471
3343244617,0.179687,0.235107,1.027588
3343249617,0.16626,0.2229,1.038086
3343254617,0.166992,0.208008,1.041016
3343259617,0.16748,0.176514,1.026611
3343264617,0.174072,0.1521,0.997559
3343269617,0.176514,0.147949,0.981445
3343274617,0.178223,0.143799,0.991211
3343279617,0.18042,0.140625,0.98999
3343284617,0.183105,0.145996,0.984375
3343289617,0.177734,0.154297,0.983398
3343294617,0.177734,0.15918,0.981689
3343299617,0.182129,0.159668,0.993164
3343304617,0.179443,0.185791,1.015381
3343309617,0.168213,0.205322,1.044678
3343314617,0.167969,0.220215,1.026123
3343319617,0.172119,0.229492,1.031982
3343324617,0.164551,0.253174,1.036621
3343329617,0.164795,0.252686,1.033691
3343334617,0.158447,0.254639,1.034424
3343339617,0.1604,0.254883,1.038086
3343344617,0.165771,0.252197,1.031494
3343349617,0.167725,0.239746,1.030029
3343354617,0.17334,0.230225,1.026367
3343359617,0.171875,0.21875,1.025879
3343364617,0.171631,0.20874,1.015381
3343369617,0.164062,0.18457,1.015137
3343374617,0.173828,0.165039,0.996826
3343379617,0.177002,0.155762,0.983398
3343384617,0.176025,0.149658,0.994629
3343389617,0.17627,0.151611,0.997803
3343394617,0.17627,0.151367,0.990234
3343399617,0.174072,0.164307,0.99707
3343404617,0.17627,0.176025,1.016846
3343409617,0.174561,0.196289,1.015869
3343414617,0.172363,0.202637,1.018066
3343419617,0.171143,0.210693,1.016846
3343424617,0.164062,0.14502,0.906494
3343429617,0.147705,0.219971,1.036133
3343434617,0.134033,0.256104,0.962158
3343439617,0.195312,0.280518,1.066162
3343444617,0.184814,0.273926,1.040039
3343449617,0.15332,0.148926,0.970947
3343454617,0.181396,0.187256,1.008789
3343459617,0.17041,0.202393,1.026123
3343464617,0.166748,0.219482,1.02002
3343469617,0.17334,0.243896,1.013428
3343474617,0.172852,0.208984,1.009033
3343479617,0.172363,0.175293,0.982178
3343484617,0.165283,0.176514,1.009521
3343489617,0.184814,0.197998,1.023682
3343494617,0.164307,0.240967,1.033447
3343499617,0.164551,0.219971,1.001709
3343504617,0.180664,0.231934,1.01416
3343509617,0.172363,0.195068,1.021729
3343514617,0.17041,0.164795,1.010742
3343519617,0.17627,0.169678,1.016113
3343524617,0.153076,0.202148,1.010254
3343529617,0.174805,0.219727,1.010742
3343534617,0.156494,0.228027,1.033936
3343539617,0.173096,0.20459,1.016602
3343544617,0.181641,0.182861,1.00415
3343549617,0.152344,0.183105,1.006592
3343554617,0.175537,0.182373,0.979004
3343559617,0.206787,0.234375,1.022705
3343564617,0.168213,0.310059,1.039063
3343569617,0.135986,0.246338,1.016113
3343574617,0.124023,0.2854,1.044189
3343579617,0.130615,0.242432,1.034424
3343584617,0.155762,0.213135,1.01123
3343589617,0.146973,0.206787,1.0271
3343594617,0.165771,0.224121,1.028564
3343599617,0.160645,0.246826,1.027832
3343604617,0.158936,0.20166,1.004639
3343609617,0.181152,0.171143,1.007568
3343614617,0.195557,0.156494,1.016113
3343619617,0.185303,0.124023,1.005859
3343624617,0.18457,0.192383,1.011475
3343629617,0.175049,0.221436,1.008545
3343634617,0.165771,0.246826,1.019043
3343639617,0.17334,0.251465,1.02832
3343644617,0.156982,0.223145,1.016113
3343649617,0.141357,0.2146,1.0271
3343654617,0.158447,0.255859,1.028809
3343659617,0.152344,0.272705,1.027344
3343664617,0.143555,0.27832,1.044922
3343669617,0.183838,0.233887,1.017334
3343674617,0.154785,0.239746,1.031494
3343679617,0.171143,0.23584,1.026367
3343684617,0.198242,0.198242,1.02417
3343689617,0.180176,0.202148,1.057129
3343694617,0.157471,0.185791,1.017578
3343699617,0.186523,0.148193,0.990967
3343704617,0.171143,0.154297,0.98584
3343709617,0.181641,0.145996,0.993408
3343714617,0.178467,0.134521,0.973145
3343719617,0.17749,0.130127,0.972168
3343724617,0.177979,0.126953,0.9646
3343729617,0.178955,0.133789,0.97876
3343734617,0.177246,0.138916,0.98877
3343739617,0.17627,0.155518,0.991943
3343744617,0.174805,0.161133,1.006592
3343749617,0.163574,0.192139,1.021484
3343754617,0.168701,0.214844,1.049805
3343759617,0.165283,0.230469,1.029541
3343764617,0.169189,0.248779,1.03418
3343769617,0.167725,0.26123,1.027832
3343774617,0.159424,0.265381,1.043457
3343779617,0.158203,0.267578,1.035645
3343784617,0.162842,0.260498,1.034424
3343789617,0.159424,0.254639,1.043945
3343794617,0.162109,0.250977,1.037842
3343799617,0.168945,0.243408,1.03833
3343804617,0.174072,0.2229,1.024658
3343809617,0.168945,0.208008,1.03833
3343814617,0.168945,0.201172,1.026123
3343819617,0.168213,0.168945,1.001465
3343824617,0.178711,0.158203,0.991699
3343829617,0.173096,0.153809,0.995117
3343834617,0.172852,0.151123,0.984619
3343839617,0.179932,0.14624,0.976318
3343844617,0.17627,0.145996,0.976562
3343849617,0.171387,0.151855,0.98999
3343854617,0.177246,0.158447,0.998047
3343859617,0.172119,0.164062,1.007568
3343864617,0.177002,0.192871,1.030273
3343869617,0.174316,0.203369,1.03418
3343874617,0.173828,0.212158,1.023193
3343879617,0.171875,0.233643,1.02832
3343884617,0.171875,0.250488,1.031982
3343889617,0.164551,0.260742,1.031494
3343894617,0.1604,0.263428,1.031006
3343899617,0.161133,0.263184,1.028564
3343904617,0.16626,0.246338,1.031006
3343909617,0.164062,0.228027,1.027344
3343914617,0.166992,0.219482,1.030762
3343919617,0.169678,0.21582,1.025635
3343924617,0.172119,0.204346,1.031982
3343929617,0.168945,0.18457,1.026123
3343934617,0.172607,0.166504,1.001953
3343939617,0.175781,0.147705,0.986084
3343944617,0.173828,0.155029,0.988037
3343949617,0.176758,0.157471,0.993164
3343954617,0.177246,0.158203,0.985352
3343959617,0.171143,0.169922,0.990479
3343964617,0.168457,0.1875,1.010254
3343969617,0.168457,0.195557,1.02124
3343974617,0.165039,0.204346,1.030518
3343979617,0.165771,0.20874,1.026123
3343984617,0.16626,0.217529,1.03418
3343989617,0.168213,0.231934,1.034912
3343994617,0.166504,0.236572,1.028076
3343999617,0.170166,0.233398,1.031982
3344004617,0.170654,0.23291,1.026367
3344009617,0.172607,0.223389,1.020752
3344014617,0.17334,0.220459,1.022217
3344019617,0.171875,0.217041,1.027832
3344024617,0.169922,0.208252,1.01709
3344029617,0.173096,0.206787,1.017334
3344034617,0.168945,0.194336,1.012207
3344039617,0.169189,0.18042,0.997803
3344044617,0.171387,0.166504,0.996094
3344049617,0.168457,0.171387,1.001709
3344054617,0.170166,0.172119,1.000977
3344059617,0.173096,0.17334,1.012207
3344064617,0.172607,0.182617,1.013672
3344069617,0.173828,0.190674,1.013672
3344074617,0.175781,0.195557,1.016846
3344079617,0.171387,0.199219,1.017334
3344084617,0.175293,0.210449,1.019775
3344089617,0.17041,0.22168,1.02832
3344094617,0.165283,0.230957,1.02417
3344099617,0.168213,0.231201,1.022217
3344104617,0.167725,0.22583,1.016113
3344109617,0.16626,0.219238,1.012207
3344114617,0.17041,0.214355,1.02002
3344119617,0.172119,0.209229,1.022949
3344124617,0.17627,0.208252,1.019531
3344129617,0.171143,0.205566,1.024414
3344134617,0.164307,0.193359,1.003906
3344139617,0.170166,0.187744,1.010986
3344144617,0.173584,0.185547,1.016113
3344149617,0.170166,0.181396,1.000488
3344154617,0.175049,0.186279,1.007568
3344159617,0.167236,0.19458,1.006836
3344164617,0.164062,0.199463,1.007324
3344169617,0.168213,0.204102,1.012695
3344174617,0.16748,0.201904,1.018066
3344179617,0.166748,0.199219,1.014404
3344184617,0.171143,0.200684,1.018799
3344189617,0.170654,0.206543,1.027344
3344194617,0.172852,0.217773,1.017822
3344199617,0.176025,0.213379,1.024658
3344204617,0.173584,0.209717,1.024902
3344209617,0.175049,0.20459,1.025146
3344214617,0.176025,0.204834,1.012695
3344219617,0.174805,0.200928,1.012207
3344224617,0.175781,0.202881,1.017822
3344229617,0.172119,0.20459,1.01416
3344234617,0.164307,0.200684,1.010254
3344239617,0.1604,0.195312,1.009766
3344244617,0.1604,0.196045,1.009521
3344249617,0.168945,0.19751,1.020508
3344254617,0.160889,0.198486,1.019287
3344259617,0.168213,0.200195,1.019043
3344264617,0.174316,0.206055,1.0271
3344269617,0.166504,0.203125,1.015137
3344274617,0.17749,0.203613,1.014404
3344279617,0.173828,0.206055,1.020508
3344284617,0.176514,0.204834,1.014648
3344289617,0.177246,0.207031,1.015137
3344294617,0.177246,0.207764,1.018555
3344299617,0.175049,0.202637,1.014404
3344304617,0.175537,0.203125,1.012939
3344309617,0.166748,0.197266,1.012207
3344314617,0.168701,0.19751,1.011719
3344319617,0.163574,0.192383,1.017822
3344324617,0.165039,0.196533,1.018311
3344329617,0.160156,0.201172,1.015625
3344334617,0.168945,0.198975,1.018066
3344339617,0.168701,0.200928,1.021973
3344344617,0.166748,0.206543,1.013916
3344349617,0.171875,0.205566,1.014648
3344354617,0.173828,0.204102,1.00708
3344359617,0.168701,0.210449,1.016602
3344364617,0.175537,0.211426,1.017822
3344369617,0.177734,0.209961,1.01709
3344374617,0.170654,0.205811,1.019287
3344379617,0.171387,0.204346,1.018311
3344384617,0.165527,0.203613,1.01416
3344389617,0.171875,0.197021,1.020508
3344394617,0.168457,0.196045,1.021484
3344399617,0.172119,0.191895,1.016113
3344404617,0.168701,0.197998,1.014404
3344409617,0.174561,0.195312,1.018555
3344414617,0.168213,0.195801,1.01001
3344419617,0.171387,0.199707,1.005615
3344424617,0.173096,0.199951,1.011719
3344429617,0.169922,0.203125,1.012207
3344434617,0.171875,0.204102,1.020508
3344439617,0.167725,0.208252,1.018066
3344444617,0.169434,0.205566,1.015381
3344449617,0.169189,0.209229,1.022705
3344454617,0.169189,0.207275,1.018555
3344459617,0.171631,0.208008,1.017822
3344464617,0.172607,0.203613,1.023926
3344469617,0.171631,0.202881,1.020996
3344474617,0.175049,0.20166,1.023438
3344479617,0.171143,0.205078,1.015869
3344484617,0.174805,0.198975,1.009277
3344489617,0.175049,0.198486,1.01001
3344494617,0.175537,0.192871,1.013672
3344499617,0.172852,0.195312,1.014648
3344504617,0.172363,0.202148,1.017334
3344509617,0.169678,0.199951,1.009766
3344514617,0.173096,0.201416,1.019775
3344519617,0.172119,0.196777,1.018066
3344524617,0.171631,0.201904,1.021729
3344529617,0.168457,0.20459,1.015381
3344534617,0.168701,0.206055,1.008789
3344539617,0.17334,0.206299,1.011719
3344544617,0.172852,0.206543,1.016357
3344549617,0.16748,0.205566,1.020508
3344554617,0.168945,0.209473,1.015869
3344559617,0.168457,0.210205,1.018066
3344564617,0.169922,0.20874,1.019531
3344569617,0.168457,0.208984,1.020264
3344574617,0.166504,0.202148,1.018799
3344579617,0.171387,0.200439,1.023193
3344584617,0.172607,0.197021,1.023682
3344589617,0.170654,0.190674,1.013428
3344594617,0.169678,0.189697,1.017822
3344599617,0.17041,0.200439,1.016846
3344604617,0.177979,0.195312,1.022949
3344609617,0.173584,0.196289,1.012207
3344614617,0.175537,0.196533,1.013428
3344619617,0.168945,0.199951,1.012695
3344624617,0.171631,0.206055,1.01001
3344629617,0.168945,0.212646,1.015869
3344634617,0.165283,0.209229,1.013916
3344639617,0.167725,0.213379,1.01416
3344644617,0.165039,0.212158,1.027832
3344649617,0.164551,0.210205,1.018799
3344654617,0.165283,0.206299,1.027832
3344659617,0.169922,0.206299,1.025391
3344664617,0.174805,0.20166,1.024414
3344669617,0.173584,0.197998,1.020752
3344674617,0.17627,0.197998,1.016357
3344679617,0.176025,0.196289,1.009033
3344684617,0.170898,0.196289,1.010498
3344689617,0.172852,0.194824,1.006104
3344694617,0.172363,0.19458,1.013672
3344699617,0.171631,0.197754,1.010254
3344704617,0.167236,0.195801,1.007568
3344709617,0.16626,0.195801,1.019775
3344714617,0.166748,0.197266,1.020752
3344719617,0.171631,0.204346,1.025635
3344724617,0.166992,0.206299,1.023438
3344729617,0.168213,0.210449,1.014648
3344734617,0.171387,0.212646,1.023193
3344739617,0.169189,0.210205,1.020996
3344744617,0.170898,0.206787,1.012451
3344749617,0.171143,0.20874,1.019775
3344754617,0.170166,0.209229,1.013184
3344759617,0.169434,0.209961,1.017334
3344764617,0.174561,0.206299,1.009521
3344769617,0.168213,0.19751,1.016357
3344774617,0.169922,0.196289,1.019531
3344779617,0.164551,0.196289,1.02002
3344784617,0.168213,0.194336,1.016113
3344789617,0.172363,0.187744,1.015869
3344794617,0.170898,0.193604,1.017822
3344799617,0.17627,0.189941,1.018066
3344804617,0.173828,0.199951,1.018799
3344809617,0.170166,0.197998,1.017822
3344814617,0.171143,0.198975,1.01709
3344819617,0.172607,0.20752,1.007813
3344824617,0.166504,0.207275,1.013916
3344829617,0.164551,0.211182,1.015381
3344834617,0.165771,0.210937,1.011719
3344839617,0.162109,0.209961,1.013916
3344844617,0.167236,0.20752,1.016602
3344849617,0.166016,0.205566,1.022949
3344854617,0.167969,0.202148,1.020752
3344859617,0.171631,0.201904,1.018555
3344864617,0.171875,0.201172,1.016113
3344869617,0.172363,0.20166,1.016357
3344874617,0.179932,0.192627,1.013184
3344879617,0.177246,0.198242,1.010986
3344884617,0.177246,0.193604,1.010254
3344889617,0.177246,0.197266,1.008301
3344894617,0.170898,0.195557,1.001221
3344899617,0.165283,0.199951,1.013672
3344904617,0.165039,0.202148,1.018555
3344909617,0.163574,0.206055,1.012207
3344914617,0.162598,0.206299,1.019531
3344919617,0.165771,0.206299,1.022217
3344924617,0.173096,0.207031,1.022217
3344929617,0.177979,0.211426,1.025146
3344934617,0.174316,0.215576,1.028076
3344939617,0.178467,0.208984,1.018066
3344944617,0.172852,0.208008,1.011963
3344949617,0.168457,0.204102,1.011963
3344954617,0.171631,0.201172,1.019043
3344959617,0.171631,0.204346,1.023193
3344964617,0.170166,0.202393,1.016846
3344969617,0.17041,0.199463,1.006104
3344974617,0.16748,0.196777,1.013184
3344979617,0.171387,0.19751,1.01416
3344984617,0.17041,0.197266,1.018799
3344989617,0.169678,0.196045,1.019043
3344994617,0.17041,0.199463,1.019775
3344999617,0.174316,0.19873,1.016846
3345004617,0.172852,0.200195,1.020996
3345009617,0.174072,0.203857,1.013916
3345014617,0.171875,0.201416,1.017578
3345019617,0.168945,0.200439,1.012207
3345024617,0.167969,0.207764,1.016602
3345029617,0.169922,0.206543,1.016357
3345034617,0.170166,0.206299,1.017822
3345039617,0.17041,0.202637,1.019043
3345044617,0.170654,0.207275,1.020752
3345049617,0.169922,0.202881,1.016357
3345054617,0.16748,0.203857,1.025391
3345059617,0.167969,0.201172,1.018555
3345064617,0.16748,0.197266,1.023682
3345069617,0.166992,0.199219,1.012207
3345074617,0.175537,0.198242,1.019531
3345079617,0.171387,0.204346,1.019043
3345084617,0.168945,0.203857,1.013428
3345089617,0.172607,0.19751,1.010254
3345094617,0.174561,0.199707,1.01123
3345099617,0.173828,0.203613,1.016357
3345104617,0.17749,0.201172,1.013916
3345109617,0.175049,0.203613,1.019775
3345114617,0.171387,0.204834,1.013916
3345119617,0.173096,0.204102,1.016113
3345124617,0.172852,0.208008,1.017334
3345129617,0.175049,0.197266,1.021484
3345134617,0.167725,0.199951,1.013184
3345139617,0.167969,0.207031,1.016602
3345144617,0.166992,0.205322,1.015137
3345149617,0.16626,0.202148,1.014404
3345154617,0.165527,0.208252,1.012695
3345159617,0.168457,0.205811,1.016357
3345164617,0.171143,0.203613,1.014893
3345169617,0.170898,0.199951,1.013428
3345174617,0.176025,0.203613,1.023193
3345179617,0.175537,0.200195,1.020996
3345184617,0.179932,0.19458,1.01123
3345189617,0.174072,0.202637,1.027832
3345194617,0.174316,0.198486,1.013916
3345199617,0.170898,0.193848,1.015381
3345204617,0.168945,0.201172,1.023193
3345209617,0.169922,0.200928,1.013184
3345214617,0.172363,0.205566,1.012207
3345219617,0.170898,0.203857,1.012939
3345224617,0.166504,0.204102,1.012695
3345229617,0.164062,0.20459,1.011475
3345234617,0.16626,0.202148,1.015869
3345239617,0.166016,0.206299,1.020752
3345244617,0.165527,0.206299,1.019287
3345249617,0.170898,0.20874,1.018311
3345254617,0.175537,0.203857,1.0271
3345259617,0.171387,0.200439,1.017822
3345264617,0.179199,0.199707,1.020752
3345269617,0.177246,0.202881,1.016113
3345274617,0.177246,0.201172,1.013184
3345279617,0.171387,0.197754,1.008545
3345284617,0.177979,0.202148,1.013428
3345289617,0.175537,0.199219,1.009766
3345294617,0.173096,0.197021,1.01709
3345299617,0.173096,0.20166,1.015625
3345304617,0.16626,0.20459,1.013184
3345309617,0.168213,0.202393,1.017334
3345314617,0.175293,0.203369,1.022705
3345319617,0.167236,0.201416,1.024414
3345324617,0.168213,0.201416,1.006348
3345329617,0.174805,0.203125,1.022949
3345334617,0.169434,0.207764,1.026123
3345339617,0.170898,0.205566,1.019531
3345344617,0.170166,0.203369,1.011719
3345349617,0.170166,0.207764,1.009766
3345354617,0.16626,0.206543,1.018799
3345359617,0.174316,0.205566,1.010986
3345364617,0.172852,0.201904,1.019531
3345369617,0.173584,0.201416,1.020264
3345374617,0.166748,0.195312,1.017334
3345379617,0.171875,0.199951,1.020752
3345384617,0.17041,0.199463,1.024658
3345389617,0.166748,0.19873,1.018066
3345394617,0.178223,0.191406,1.018311
3345399617,0.174072,0.19458,1.016357
3345404617,0.17334,0.195068,1.014648
3345409617,0.173828,0.200928,1.010986
3345414617,0.171387,0.206299,1.006836
3345419617,0.169922,0.20459,1.007568
3345424617,0.164551,0.205322,1.013916
3345429617,0.166992,0.208496,1.015869
3345434617,0.166748,0.209961,1.019287
3345439617,0.165527,0.208008,1.009521
3345444617,0.168457,0.20752,1.019775
3345449617,0.169678,0.207031,1.016602
3345454617,0.171875,0.204102,1.027344
3345459617,0.175537,0.206299,1.013428
3345464617,0.172607,0.20166,1.018311
3345469617,0.174072,0.198975,1.015869
3345474617,0.174805,0.195801,1.013672
3345479617,0.169922,0.196045,1.011475
3345484617,0.169678,0.195312,1.008301
3345489617,0.17334,0.199463,1.01001
3345494617,0.172363,0.199219,1.018311
3345499617,0.165039,0.202881,1.006104
3345504617,0.167725,0.196533,1.013672
3345509617,0.168457,0.202148,1.017334
3345514617,0.164795,0.206055,1.02002
3345519617,0.170898,0.205078,1.020264
3345524617,0.171875,0.205322,1.013184
3345529617,0.17334,0.205811,1.018066
3345534617,0.171631,0.20874,1.015869
3345539617,0.169922,0.209961,1.021484
3345544617,0.169434,0.203125,1.014648
3345549617,0.170654,0.200684,1.019775
3345554617,0.166992,0.204346,1.016113
3345559617,0.167969,0.203369,1.01416
3345564617,0.168945,0.195557,1.013672
3345569617,0.174561,0.196045,1.018799
3345574617,0.169434,0.195068,1.017334
3345579617,0.17041,0.195068,1.018555
3345584617,0.175293,0.195801,1.018555
3345589617,0.174072,0.199951,1.024414
3345594617,0.172119,0.197266,1.013916
3345599617,0.172363,0.19751,1.014648
3345604617,0.170654,0.203613,1.010986
3345609617,0.174072,0.199463,1.009766
3345614617,0.164795,0.203613,1.01416
3345619617,0.171143,0.209717,1.020996
3345624617,0.173828,0.209717,1.015625
3345629617,0.165039,0.210449,1.020996
3345634617,0.163818,0.207764,1.014648
3345639617,0.16626,0.204346,1.015625
3345644617,0.165527,0.206299,1.012939
3345649617,0.17041,0.203613,1.025146
3345654617,0.174316,0.198242,1.022461
3345659617,0.175049,0.202393,1.019531
3345664617,0.172363,0.198242,1.015625
3345669617,0.172607,0.196533,1.012939
3345674617,0.174561,0.197021,1.008301
3345679617,0.17334,0.197021,0.999756
3345684617,0.176514,0.197998,1.013672
3345689617,0.170166,0.199951,1.01001
3345694617,0.172607,0.197754,1.020996
3345699617,0.170166,0.201904,1.012939
3345704617,0.18042,0.204346,1.028076
3345709617,0.171143,0.209229,1.039551
3345714617,0.168213,0.202393,1.015625
3345719617,0.169189,0.203369,1.012207
3345724617,0.171387,0.207275,1.010742
3345729617,0.174316,0.207031,1.026855
3345734617,0.164307,0.210205,1.030518
3345739617,0.171387,0.212402,1.018311
3345744617,0.161621,0.203125,1.004639
3345749617,0.164551,0.202881,1.008545
3345754617,0.169678,0.20459,1.02124
3345759617,0.170166,0.203125,1.014404
3345764617,0.168457,0.196045,1.014404
3345769617,0.169922,0.196777,1.008545
3345774617,0.167236,0.195557,1.019775
3345779617,0.168457,0.198486,1.030029
3345784617,0.171875,0.196045,1.010986
3345789617,0.17041,0.196045,1.014404
3345794617,0.172607,0.199463,1.011719
3345799617,0.172119,0.197998,1.016357
3345804617,0.167236,0.204346,1.013428
3345809617,0.173828,0.208984,1.012939
3345814617,0.169922,0.205322,1.006104
3345819617,0.162842,0.206055,1.012451
3345824617,0.171631,0.20752,1.021484
3345829617,0.171387,0.206055,1.02002
3345834617,0.166016,0.206299,1.014893
3345839617,0.171143,0.203125,1.019775
3345844617,0.169678,0.201416,1.015137
3345849617,0.175537,0.205811,1.023682
3345854617,0.16626,0.202393,1.02417
3345859617,0.169189,0.195557,1.022949
3345864617,0.170898,0.19751,1.010742
3345869617,0.169189,0.19751,1.006104
3345874617,0.17334,0.196777,1.006592
3345879617,0.172119,0.197754,1.010254
3345884617,0.175781,0.201904,1.021484
3345889617,0.172119,0.203857,1.020264
3345894617,0.168701,0.203857,1.003906
3345899617,0.176025,0.20874,1.012695
3345904617,0.173828,0.202881,1.017578
3345909617,0.171631,0.199219,1.018311
3345914617,0.166016,0.204102,1.019775
3345919617,0.17041,0.205078,1.022461
3345924617,0.170654,0.208984,1.014648
3345929617,0.169922,0.204834,1.019287
3345934617,0.171387,0.205566,1.014893
3345939617,0.16748,0.202881,1.013184
3345944617,0.168213,0.203613,1.01416
3345949617,0.167236,0.208984,1.012451
3345954617,0.17334,0.204346,1.019775
3345959617,0.166748,0.206543,1.013672
3345964617,0.166504,0.205322,1.016357
3345969617,0.17041,0.200928,1.016113
3345974617,0.168457,0.197998,1.017822
3345979617,0.170898,0.199219,1.019287
3345984617,0.168213,0.200195,1.017578
3345989617,0.164062,0.19873,1.015137
3345994617,0.166016,0.198242,1.013916
3345999617,0.170654,0.195068,1.021729
3346004617,0.163574,0.199707,1.012451
3346009617,0.167725,0.202881,1.00708
3346014617,0.176758,0.20166,1.020264
3346019617,0.168945,0.201172,1.009277
3346024617,0.172852,0.203125,1.015381
3346029617,0.164062,0.206055,1.015137
3346034617,0.167236,0.202393,1.015381
3346039617,0.169434,0.203613,1.024658
3346044617,0.171631,0.204102,1.021973
3346049617,0.165283,0.20874,1.020752
3346054617,0.166748,0.204102,1.016357
3346059617,0.170898,0.202881,1.017578
3346064617,0.18042,0.198975,1.022705
3346069617,0.169434,0.195557,1.015869
3346074617,0.176025,0.197754,1.015381
3346079617,0.173096,0.197021,1.012207
3346084617,0.171143,0.197998,1.002197
3346089617,0.168213,0.196777,1.016357
3346094617,0.174072,0.195801,1.01416
3346099617,0.169922,0.201904,1.01123
3346104617,0.166748,0.200684,1.017822
3346109617,0.167236,0.201172,1.021484
3346114617,0.165527,0.203857,1.014404
3346119617,0.165527,0.204834,1.022705
3346124617,0.170166,0.205566,1.016846
3346129617,0.174561,0.205322,1.02417
3346134617,0.173828,0.203369,1.016846
3346139617,0.167236,0.203125,1.012939
3346144617,0.173584,0.200439,1.013672
3346149617,0.169189,0.196777,1.016357
3346154617,0.171631,0.198975,1.0271
3346159617,0.172119,0.201416,1.017578
3346164617,0.171631,0.197998,1.01709
3346169617,0.168213,0.196533,1.020264
3346174617,0.170166,0.201416,1.017578
3346179617,0.170654,0.202393,1.016846
3346184617,0.172363,0.201172,1.011719
3346189617,0.170898,0.205078,1.020752
3346194617,0.173828,0.204102,1.017578
3346199617,0.167725,0.205078,1.02002
3346204617,0.171143,0.204834,1.022461
3346209617,0.168457,0.202148,1.01709
3346214617,0.170166,0.208008,1.013428
3346219617,0.175293,0.202881,1.011963
3346224617,0.169434,0.203369,1.018311
3346229617,0.172119,0.195557,1.015869
3346234617,0.170166,0.19458,1.014648
3346239617,0.166748,0.198486,1.017822
3346244617,0.165527,0.196289,1.019775
3346249617,0.168701,0.19751,1.014648
3346254617,0.171143,0.197998,1.019531
3346259617,0.169678,0.201172,1.020264
3346264617,0.169189,0.205811,1.016846
3346269617,0.16626,0.203369,1.023682
3346274617,0.173584,0.203857,1.019531
3346279617,0.17041,0.206543,1.016357
3346284617,0.172119,0.205566,1.022217
3346289617,0.175781,0.200928,1.016113
3346294617,0.169434,0.205811,1.014648
3346299617,0.174072,0.202637,1.021973
3346304617,0.170166,0.204102,1.017822
3346309617,0.173096,0.201416,1.010498
3346314617,0.176025,0.20752,1.027588
3346319617,0.17041,0.199951,1.015137
3346324617,0.174805,0.204346,1.01416
3346329617,0.16748,0.205322,1.010742
3346334617,0.170654,0.200439,1.016846
3346339617,0.170654,0.19751,1.012207
3346344617,0.168213,0.201416,1.015381
3346349617,0.166992,0.202393,1.016846
3346354617,0.172363,0.204346,1.016113
3346359617,0.165771,0.20166,1.019043
3346364617,0.166992,0.204102,1.017578
3346369617,0.172852,0.203613,1.015137
3346374617,0.17041,0.202637,1.017578
3346379617,0.172607,0.198975,1.019775
3346384617,0.168213,0.208496,1.016357
3346389617,0.169189,0.203613,1.017334
3346394617,0.174316,0.201904,1.019531
3346399617,0.171631,0.199463,1.016846
3346404617,0.168945,0.201172,1.012451
3346409617,0.168213,0.204102,1.015381
3346414617,0.169189,0.202637,1.014404
3346419617,0.169434,0.203125,1.020264
3346424617,0.169434,0.207031,1.012695
3346429617,0.169434,0.204102,1.021729
3346434617,0.171387,0.19873,1.018066
3346439617,0.166992,0.205078,1.01709
3346444617,0.168945,0.205566,1.01416
3346449617,0.172119,0.202393,1.01709
3346454617,0.169678,0.202148,1.020752
3346459617,0.165771,0.205322,1.019287
3346464617,0.168213,0.199707,1.013428
3346469617,0.172363,0.205811,1.009766
3346474617,0.173828,0.199219,1.01416
3346479617,0.173584,0.19751,1.015381
3346484617,0.172607,0.201416,1.015137
3346489617,0.169922,0.199951,1.01416
3346494617,0.169189,0.199951,1.01123
3346499617,0.167236,0.200928,1.018799
3346504617,0.169434,0.200928,1.012695
3346509617,0.169678,0.197754,1.018066
3346514617,0.168213,0.202881,1.01416
3346519617,0.172119,0.204834,1.02124
3346524617,0.169189,0.202637,1.018555
3346529617,0.170898,0.205322,1.017578
3346534617,0.170166,0.208008,1.010498
3346539617,0.173584,0.206543,1.010498
3346544617,0.169189,0.199951,1.010742
3346549617,0.170898,0.201172,1.027344
3346554617,0.169189,0.201904,1.016846
3346559617,0.168701,0.200195,1.021729
3346564617,0.165527,0.20166,1.020264
3346569617,0.166748,0.199219,1.011475
3346574617,0.174072,0.200684,1.021729
3346579617,0.169922,0.201172,1.022217
3346584617,0.166504,0.199219,1.011475
3346589617,0.169922,0.202881,1.01416
3346594617,0.169189,0.200439,1.013672
3346599617,0.16626,0.199707,1.017822
3346604617,0.163086,0.200928,1.01001
3346609617,0.171387,0.209229,1.021973
3346614617,0.171387,0.207764,1.026611
3346619617,0.170898,0.200928,1.017578
3346624617,0.172852,0.20459,1.012207
3346629617,0.169922,0.202393,1.018799
3346634617,0.167725,0.205811,1.016602
3346639617,0.171387,0.203125,1.015137
3346644617,0.169678,0.202148,1.019043
3346649617,0.170654,0.197998,1.014404
3346654617,0.168213,0.199951,1.014648
3346659617,0.172363,0.200928,1.015869
3346664617,0.170654,0.200684,1.013428
3346669617,0.166992,0.202881,1.008301
3346674617,0.172607,0.204102,1.011475
3346679617,0.172852,0.203857,1.013428
3346684617,0.168457,0.201904,1.020508
3346689617,0.169678,0.203369,1.018799
3346694617,0.170654,0.206543,1.015137
3346699617,0.170166,0.203857,1.022461
3346704617,0.175293,0.204102,1.02002
3346709617,0.173584,0.201904,1.000977
3346714617,0.17627,0.200439,1.010742
3346719617,0.16626,0.202881,1.013428
3346724617,0.175293,0.203125,1.021729
3346729617,0.167236,0.202393,1.016357
3346734617,0.168945,0.201416,1.012695
3346739617,0.168945,0.201904,1.012451
3346744617,0.169678,0.203125,1.019043
3346749617,0.167725,0.202148,1.021973
3346754617,0.167725,0.200928,1.021729
3346759617,0.168457,0.203125,1.015137
3346764617,0.171631,0.202393,1.015137
3346769617,0.170898,0.202148,1.018555
3346774617,0.174316,0.196533,1.011475
3346779617,0.175537,0.199463,1.015625
3346784617,0.16748,0.204346,1.012939
3346789617,0.168457,0.200684,1.015625
3346794617,0.175049,0.206055,1.024658
3346799617,0.173828,0.206055,1.02124
3346804617,0.171631,0.204346,1.010986
3346809617,0.166748,0.205566,1.019775
3346814617,0.171143,0.203125,1.019287
3346819617,0.170166,0.202637,1.019043
3346824617,0.170654,0.203369,1.009277
3346829617,0.17334,0.196533,1.019775
3346834617,0.171631,0.198242,1.012939
3346839617,0.173828,0.198975,1.013428
3346844617,0.172119,0.195557,1.019287
3346849617,0.169189,0.202637,1.020264
3346854617,0.174072,0.200928,1.015869
3346859617,0.166016,0.203613,1.010742
3346864617,0.166504,0.202393,1.016113
3346869617,0.17041,0.204834,1.010254
3346874617,0.166504,0.20459,1.017578
3346879617,0.168457,0.205078,1.018555
3346884617,0.170654,0.202393,1.022705
3346889617,0.166992,0.206055,1.013428
3346894617,0.171631,0.202393,1.019531
3346899617,0.177979,0.20166,1.019043
3346904617,0.169434,0.202393,1.020996
3346909617,0.175293,0.201416,1.019043
3346914617,0.169434,0.199463,1.016357
3346919617,0.162598,0.198486,1.014404
3346924617,0.171143,0.202881,1.020508
3346929617,0.171387,0.202881,1.013916
3346934617,0.177002,0.203857,1.020752
3346939617,0.169434,0.203125,1.019287
3346944617,0.164551,0.198975,1.008301
3346949617,0.166748,0.196533,1.015137
3346954617,0.167236,0.208984,1.02124
3346959617,0.170654,0.203613,1.022949
3346964617,0.169189,0.205078,1.020996
3346969617,0.170166,0.199951,1.019043
3346974617,0.170654,0.195557,1.015381
3346979617,0.163818,0.202393,1.01709
3346984617,0.168457,0.206055,1.018555
3346989617,0.172852,0.199951,1.019531
3346994617,0.178223,0.198242,1.016846
3346999617,0.170654,0.200439,1.012939
3347004617,0.171631,0.200195,1.019775
3347009617,0.167236,0.19873,1.006592
3347014617,0.170898,0.199463,1.021729
3347019617,0.173828,0.210937,1.024414
3347024617,0.171387,0.202637,1.015137
3347029617,0.172363,0.200684,1.02002
3347034617,0.169922,0.201416,1.010254
3347039617,0.172119,0.207031,1.02002
3347044617,0.174316,0.205078,1.020996
3347049617,0.172852,0.20166,1.010742
3347054617,0.175781,0.199707,1.011719
3347059617,0.16748,0.202637,1.012695
3347064617,0.164307,0.202881,1.018311
3347069617,0.17041,0.198242,1.016357
3347074617,0.170898,0.198486,1.01709
3347079617,0.171631,0.200195,1.012207
3347084617,0.173828,0.201416,1.019531
3347089617,0.169189,0.203857,1.026611
3347094617,0.169189,0.200928,1.021973
3347099617,0.168945,0.204102,1.022705
3347104617,0.16748,0.203125,1.00415
3347109617,0.167725,0.19751,1.014648
3347114617,0.171143,0.20752,1.019287
3347119617,0.163574,0.20166,1.022705
3347124617,0.16748,0.203857,1.01001
3347129617,0.171143,0.202148,1.008301
3347134617,0.166016,0.205811,1.016602
3347139617,0.171875,0.203369,1.018555
3347144617,0.17334,0.202393,1.011475
3347149617,0.172852,0.198486,1.014893
3347154617,0.170654,0.202393,1.018311
3347159617,0.168701,0.200684,1.019775
3347164617,0.166992,0.201904,1.020752
3347169617,0.169434,0.197754,1.014648
3347174617,0.16626,0.200684,1.013428
3347179617,0.170166,0.20166,1.023682
3347184617,0.173096,0.204102,1.014404
3347189617,0.168701,0.200684,1.010254
3347194617,0.173096,0.196777,1.008057
3347199617,0.174316,0.194824,1.013672
3347204617,0.171143,0.206299,1.013184
3347209617,0.176025,0.204834,1.025391
3347214617,0.176025,0.20752,1.019775
3347219617,0.174805,0.198486,1.007568
3347224617,0.166748,0.198486,1.011719
3347229617,0.171875,0.199219,1.016602
3347234617,0.169678,0.202637,1.018555
3347239617,0.173096,0.202393,1.012695
3347244617,0.172607,0.195312,1.015137
3347249617,0.166016,0.200195,1.012451
3347254617,0.169189,0.204102,1.016357
3347259617,0.167969,0.204346,1.016113
3347264617,0.170654,0.202881,1.018799
3347269617,0.164062,0.206299,1.020508
3347274617,0.168457,0.208008,1.015869
3347279617,0.166504,0.202881,1.009277
3347284617,0.171143,0.197998,1.012939
3347289617,0.173584,0.204102,1.021973
3347294617,0.169434,0.205078,1.018311
3347299617,0.170898,0.200684,1.021973
3347304617,0.169434,0.199219,1.014404
3347309617,0.171387,0.198975,1.015137
3347314617,0.167725,0.204102,1.009033
3347319617,0.168457,0.201904,1.011719
3347324617,0.173828,0.202637,1.016113
3347329617,0.175293,0.203369,1.020996
3347334617,0.17334,0.200439,1.017578
3347339617,0.168945,0.203613,1.018311
3347344617,0.167236,0.202637,1.011719
3347349617,0.168213,0.200195,1.021973
3347354617,0.167236,0.206055,1.014893
3347359617,0.174072,0.204834,1.018066
3347364617,0.173096,0.210205,1.016846
3347369617,0.17041,0.202148,1.013916
3347374617,0.172363,0.200684,1.008545
3347379617,0.166504,0.197998,1.016113
3347384617,0.168213,0.197266,1.012207
3347389617,0.171387,0.201172,1.012207
3347394617,0.17041,0.198486,1.014404
3347399617,0.168701,0.194824,1.017578
3347404617,0.165039,0.20459,1.016113
3347409617,0.169434,0.208008,1.030029
3347414617,0.16626,0.200928,1.01001
3347419617,0.175049,0.203613,1.010254
3347424617,0.171387,0.208984,1.018066
3347429617,0.171387,0.204102,1.020264
3347434617,0.170654,0.209473,1.028564
3347439617,0.172852,0.204102,1.023682
3347444617,0.166992,0.200195,1.007568
3347449617,0.169678,0.200928,1.015381
3347454617,0.175049,0.203613,1.016602
3347459617,0.171631,0.195312,1.020996
3347464617,0.178711,0.194824,1.009766
3347469617,0.176758,0.194092,1.012451
3347474617,0.169434,0.202148,1.016602
3347479617,0.168701,0.202637,1.016602
3347484617,0.17041,0.200439,1.009766
3347489617,0.171387,0.201172,1.006348
3347494617,0.171631,0.206299,1.010498
3347499617,0.166748,0.212646,1.015869
3347504617,0.172363,0.211914,1.021729
3347509617,0.171143,0.208496,1.015137
3347514617,0.172119,0.20459,1.023438
3347519617,0.171875,0.20752,1.021729
3347524617,0.169678,0.204834,1.015381
3347529617,0.174316,0.201172,1.019775
3347534617,0.167969,0.197754,1.012451
3347539617,0.170654,0.193359,1.006104
3347544617,0.164062,0.195312,1.012939
3347549617,0.165527,0.196777,1.016357
3347554617,0.174805,0.195557,1.020996
3347559617,0.16748,0.199707,1.013184
3347564617,0.16748,0.199951,1.014648
3347569617,0.174316,0.205078,1.019287
3347574617,0.162842,0.205322,1.02124
3347579617,0.172363,0.210693,1.015625
3347584617,0.17041,0.209961,1.026611
3347589617,0.16333,0.200684,1.017578
3347594617,0.170898,0.200928,1.018799
3347599617,0.170166,0.202881,1.01709
3347604617,0.168945,0.199219,1.020264
3347609617,0.171631,0.200684,1.011475
3347614617,0.173096,0.193359,1.012939
3347619617,0.170654,0.198975,1.016602
3347624617,0.172607,0.197998,1.01709
3347629617,0.170166,0.200684,1.010254
3347634617,0.170898,0.200439,1.015381
3347639617,0.169434,0.203369,1.016357
3347644617,0.16748,0.20459,1.022705
3347649617,0.170898,0.204102,1.023926
3347654617,0.176025,0.198975,1.017578
3347659617,0.171387,0.203369,1.009521
3347664617,0.168701,0.207764,1.022705
3347669617,0.16748,0.20459,1.029297
3347674617,0.169189,0.200684,1.020264
3347679617,0.174316,0.205078,1.016357
3347684617,0.169189,0.202393,1.016113
3347689617,0.171631,0.198242,1.010742
3347694617,0.173584,0.202148,1.011963
3347699617,0.169434,0.199707,1.014648
3347704617,0.173096,0.199951,1.014404
3347709617,0.169189,0.200195,1.012695
3347714617,0.170166,0.199463,1.018311
3347719617,0.172363,0.202148,1.024658
3347724617,0.17334,0.204834,1.015381
3347729617,0.171387,0.204102,1.02002
3347734617,0.171143,0.206299,1.016602
3347739617,0.173096,0.203613,1.018555
3347744617,0.168701,0.202148,1.018066
3347749617,0.174805,0.204346,1.016357
3347754617,0.170654,0.202148,1.017334
3347759617,0.17041,0.197021,1.013428
3347764617,0.168701,0.202637,1.012451
3347769617,0.165771,0.20166,1.012939
3347774617,0.173096,0.197754,1.018799
3347779617,0.170654,0.19873,1.017578
3347784617,0.171875,0.201416,1.015625
3347789617,0.171631,0.203125,1.013672
3347794617,0.171387,0.201416,1.023438
3347799617,0.173096,0.200928,1.017334
3347804617,0.170654,0.200195,1.02002
3347809617,0.173828,0.203613,1.021973
3347814617,0.172363,0.204102,1.016357
3347819617,0.174316,0.200439,1.020996
3347824617,0.171875,0.205566,1.019043
3347829617,0.168945,0.205811,1.010254
3347834617,0.170898,0.203857,1.015625
3347839617,0.168945,0.200195,1.01709
3347844617,0.175781,0.205078,1.019287
3347849617,0.173096,0.206787,1.019043
3347854617,0.166992,0.202393,1.014648
3347859617,0.166748,0.208984,1.008301
3347864617,0.169434,0.198486,1.025635
3347869617,0.162109,0.204834,1.020508
3347874617,0.174072,0.206543,1.025146
3347879617,0.168701,0.203613,1.014893
3347884617,0.166992,0.202881,1.011719
3347889617,0.172852,0.206055,1.011963
3347894617,0.169678,0.20459,1.01001
3347899617,0.172119,0.201172,1.014648
3347904617,0.174316,0.198242,1.017334
3347909617,0.17041,0.205078,1.023926
3347914617,0.170898,0.203857,1.015869
3347919617,0.177002,0.20166,1.023438
3347924617,0.174561,0.204102,1.018066
3347929617,0.171875,0.198242,1.011475
3347934617,0.169189,0.203125,1.016846
3347939617,0.171387,0.202637,1.023438
3347944617,0.162598,0.199219,1.010742
3347949617,0.163574,0.199219,1.004639
3347954617,0.168945,0.204834,1.008789
3347959617,0.169678,0.204102,1.016846
3347964617,0.170654,0.206055,1.020996
3347969617,0.169922,0.208252,1.018066
3347974617,0.164062,0.209473,1.008789
3347979617,0.173096,0.204102,1.018066
3347984617,0.174316,0.205078,1.022217
3347989617,0.178467,0.206543,1.018066
3347994617,0.174805,0.203369,1.020508
3347999617,0.168213,0.205322,1.017578
3348004617,0.172852,0.204346,1.016113
3348009617,0.174072,0.202881,1.019043
3348014617,0.177246,0.205078,1.018799
3348019617,0.171143,0.197998,1.014404
3348024617,0.168213,0.195312,1.011963
3348029617,0.172363,0.19751,1.018311
3348034617,0.165527,0.199707,1.016846
3348039617,0.174072,0.20166,1.019775
3348044617,0.168457,0.203125,1.020752
3348049617,0.167236,0.204834,1.013672
3348054617,0.169922,0.208252,1.019043
3348059617,0.165527,0.201172,1.020752
3348064617,0.173828,0.204102,1.01709
3348069617,0.168213,0.199219,1.020996
3348074617,0.169922,0.203613,1.016602
3348079617,0.169678,0.206787,1.015137
3348084617,0.175049,0.204834,1.023438
3348089617,0.169434,0.200439,1.020508
3348094617,0.169189,0.197021,1.014893
3348099617,0.169189,0.200439,1.010986
3348104617,0.167236,0.200195,1.018311
3348109617,0.168213,0.200684,1.008545
3348114617,0.166992,0.196289,1.007324
3348119617,0.170898,0.19873,1.012695
3348124617,0.165527,0.205811,1.018311
3348129617,0.173828,0.20166,1.020264
3348134617,0.165771,0.202881,1.016357
3348139617,0.176514,0.20166,1.02124
3348144617,0.169922,0.206787,1.004883
3348149617,0.177979,0.199951,1.031494
3348154617,0.168701,0.197998,1.010254
3348159617,0.17041,0.199951,1.012451
3348164617,0.168213,0.199707,1.023926
3348169617,0.17041,0.207764,1.005371
3348174617,0.165039,0.206543,1.014893
3348179617,0.168213,0.19751,1.01709
3348184617,0.176025,0.199951,1.019775
3348189617,0.172363,0.199219,1.012939
3348194617,0.165771,0.199951,1.020508
3348199617,0.168457,0.200928,1.015381
3348204617,0.169189,0.202637,1.024658
3348209617,0.173096,0.19751,1.020264
3348214617,0.171631,0.203613,1.018799
3348219617,0.172607,0.200439,1.013184
3348224617,0.170654,0.199707,1.014404
3348229617,0.169434,0.202637,1.015869
3348234617,0.168457,0.201416,1.014893
3348239617,0.168945,0.203125,1.016602
3348244617,0.172119,0.206055,1.019043
3348249617,0.171387,0.202148,1.022705
3348254617,0.170898,0.198242,1.020264
3348259617,0.163574,0.202881,1.02002
3348264617,0.166992,0.208252,1.016602
3348269617,0.172119,0.20752,1.026123
3348274617,0.170654,0.206543,1.018066
3348279617,0.171387,0.201172,1.01123
3348284617,0.171143,0.200684,1.015869
3348289617,0.170898,0.194824,1.01416
3348294617,0.172119,0.199463,1.013428
3348299617,0.172363,0.20166,1.015869
3348304617,0.171875,0.205566,1.013672
3348309617,0.171387,0.200195,1.012451
3348314617,0.174316,0.197266,1.01001
3348319617,0.168213,0.202148,1.013672
3348324617,0.170898,0.204834,1.019043
3348329617,0.170898,0.203369,1.011475
3348334617,0.169434,0.202637,1.009521
3348339617,0.175293,0.208008,1.019287
3348344617,0.171387,0.206299,1.019775
3348349617,0.171143,0.201416,1.016846
3348354617,0.168945,0.202393,1.017578
3348359617,0.168457,0.199951,1.016846
3348364617,0.16748,0.202393,1.008789
3348369617,0.174805,0.201416,1.010742
3348374617,0.169922,0.203857,1.028564
3348379617,0.170166,0.200684,1.02124
3348384617,0.170898,0.196045,1.014404
3348389617,0.165283,0.199951,1.009277
3348394617,0.168701,0.201904,1.011719
3348399617,0.171631,0.20166,1.007568
3348404617,0.171143,0.202637,1.024414
3348409617,0.170898,0.198975,1.020264
3348414617,0.165771,0.202148,1.011719
3348419617,0.17041,0.197998,1.022949
3348424617,0.172607,0.198486,1.011719
3348429617,0.172852,0.200439,1.006348
3348434617,0.173584,0.200684,1.010742
3348439617,0.17041,0.203857,1.015869
3348444617,0.169922,0.20166,1.013184
3348449617,0.167969,0.204102,1.016113
3348454617,0.169922,0.205078,1.01416
3348459617,0.172119,0.203613,1.015381
3348464617,0.171631,0.205322,1.019775
3348469617,0.16626,0.199951,1.020264
3348474617,0.165039,0.205322,1.019775
3348479617,0.168457,0.205322,1.016357
3348484617,0.17041,0.202148,1.015137
3348489617,0.173096,0.205078,1.013672
3348494617,0.175293,0.205078,1.01416
3348499617,0.179199,0.199463,1.009277
3348504617,0.173828,0.202881,1.015625
3348509617,0.176514,0.202637,1.011963
3348514617,0.172607,0.201416,1.01709
3348519617,0.170654,0.204102,1.013428
3348524617,1.999939,-0.612549,1.999939
3348529617,-1.364502,1.999939,-2.0
3348534617,-2.0,1.053955,-2.0
3348539617,0.11499,0.622803,-2.0
3348544617,-0.569824,0.738037,0.69458
3348549617,-0.121826,1.999939,-0.249756
3348554617,-1.135742,0.434326,-1.410645
3348559617,-0.792236,1.999939,-2.0
3348564617,-1.984619,1.705566,1.084229
3348569617,-0.230957,1.999939,-2.0
3348574617,-0.176025,0.42627,0.818359
3348579617,-0.804932,0.012939,-0.907471
3348584617,0.141357,0.919678,1.102295
3348589617,-0.663574,0.703613,1.208252
3348594617,-0.328125,0.666992,-0.386475
3348599617,0.007324,1.50415,0.925537
3348604617,0.03418,0.27417,1.081543
3348609617,0.187256,0.546875,0.824219
3348614617,0.063477,0.501465,0.806885
3348619617,0.190918,0.298584,1.287109
3348624617,0.239258,0.742432,1.189453
3348629617,0.16626,1.09082,0.980713
3348634617,0.197754,0.592773,1.054932
3348639617,0.174316,0.209961,1.05249
3348644617,0.164551,0.206055,1.004883
3348649617,0.164062,0.205566,0.979004
3348654617,0.164062,0.366211,0.998535
3348659617,0.174805,0.24707,1.04126
3348664617,0.168457,0.20752,1.021729
3348669617,0.16626,0.199463,0.993896
3348674617,0.154053,0.217041,1.004883
3348679617,0.180664,0.202881,1.032715
3348684617,0.176514,0.225586,1.039307
3348689617,0.166748,0.212891,1.034668
3348694617,0.169678,0.204346,1.036133
3348699617,0.16626,0.206787,1.012451
3348704617,0.180664,0.208252,1.016357
3348709617,0.181641,0.207275,1.032227
3348714617,0.172119,0.197754,1.005859
3348719617,0.172363,0.195801,1.030518
3348724617,0.171631,0.19165,1.029053
3348729617,0.165283,0.184082,0.997803
3348734617,0.167236,0.189209,1.010254
3348739617,0.177002,0.191162,1.018555
3348744617,0.167236,0.199219,1.008057
3348749617,0.174561,0.201172,1.02417
3348754617,0.173828,0.196289,1.028564
3348759617,0.163818,0.202637,1.005859
3348764617,0.16748,0.202148,1.005859
3348769617,0.168457,0.207764,1.030762
3348774617,0.174316,0.210937,1.023193
3348779617,0.164307,0.210937,1.009521
3348784617,0.165771,0.205078,1.02124
3348789617,0.171631,0.203369,1.010986
3348794617,0.167236,0.194336,1.01123
3348799617,0.17041,0.199951,1.019775
3348804617,0.17627,0.200684,1.016113
3348809617,0.165771,0.200195,1.010742
3348814617,0.166748,0.195801,1.017578
3348819617,0.176025,0.196289,1.017822
3348824617,0.172119,0.19165,1.009033
3348829617,0.173828,0.193359,1.018555
3348834617,0.168945,0.200439,1.011963
3348839617,0.166016,0.200195,1.01123
3348844617,0.164307,0.205322,1.003906
3348849617,0.177246,0.206055,1.02417
3348854617,0.166504,0.203857,1.022949
3348859617,0.164307,0.202637,1.022217
3348864617,0.168945,0.20459,1.023682
3348869617,0.162109,0.200928,1.006592
3348874617,0.175049,0.200928,1.022949
3348879617,0.172607,0.206299,1.02417
3348884617,0.165771,0.201416,1.022461
3348889617,0.180908,0.197266,1.018066
3348894617,0.173584,0.194336,1.010986
3348899617,0.171387,0.1875,1.010498
3348904617,0.172852,0.193115,1.010986
3348909617,0.169434,0.193359,1.012451
3348914617,0.168457,0.195801,1.015137
3348919617,0.167725,0.198242,1.006348
3348924617,0.166016,0.199219,1.015137
3348929617,0.16333,0.196777,1.003174
3348934617,0.175049,0.201416,1.032227
3348939617,0.162598,0.206299,1.022217
3348944617,0.165771,0.209473,1.018311
3348949617,0.169922,0.209717,1.023682
3348954617,0.166504,0.208008,1.023193
3348959617,0.171387,0.20752,1.026123
3348964617,0.171875,0.203857,1.02124
3348969617,0.168213,0.197266,1.018555
3348974617,0.17334,0.195312,1.020508
3348979617,0.170166,0.194336,1.014648
3348984617,0.169922,0.192139,1.018066
3348989617,0.174805,0.191406,1.015625
3348994617,0.168701,0.191162,1.018066
3348999617,0.170654,0.191162,1.013428
3349004617,0.167236,0.193848,1.022217
3349009617,0.169189,0.200195,1.010986
3349014617,0.168945,0.198975,1.01001
3349019617,0.16748,0.200684,1.016602
3349024617,0.168945,0.205322,1.015137
3349029617,0.170166,0.206299,1.020508
3349034617,0.16626,0.203369,1.018066
3349039617,0.16748,0.203125,1.023682
3349044617,0.16748,0.208008,1.023193
3349049617,0.169434,0.203369,1.024902
3349054617,0.166016,0.199463,1.018555
3349059617,0.169189,0.201172,1.019287
3349064617,0.171631,0.193604,1.014648
3349069617,0.173584,0.19458,1.016846
3349074617,0.166748,0.197021,1.010498
3349079617,0.171631,0.190674,1.022217
3349084617,0.17334,0.197021,1.015381
3349089617,0.169189,0.19458,1.011719
3349094617,0.167236,0.195312,1.020264
3349099617,0.169189,0.195801,1.016846
3349104617,0.171387,0.196777,1.024902
3349109617,0.166016,0.201172,1.023438
3349114617,0.162842,0.202637,1.009033
3349119617,0.172852,0.202881,1.023193
3349124617,0.167725,0.201904,1.013184
3349129617,0.16748,0.20166,1.013672
3349134617,0.170898,0.203369,1.033936
3349139617,0.164551,0.207031,1.016602
3349144617,0.170898,0.202148,1.017822
3349149617,0.168213,0.200684,1.020508
3349154617,0.169922,0.196045,1.018066
3349159617,0.165771,0.197021,1.012451
3349164617,0.170654,0.19751,1.01416
3349169617,0.167236,0.19873,1.010254
3349174617,0.171387,0.194824,1.012939
3349179617,0.168457,0.197998,1.019043
3349184617,0.170898,0.200928,1.019287
3349189617,0.17334,0.196289,1.018799
3349194617,0.171387,0.197754,1.013428
3349199617,0.171143,0.196289,1.019287
3349204617,0.166992,0.197998,1.017822
3349209617,0.173828,0.199707,1.024902
3349214617,0.162598,0.197754,1.005127
3349219617,0.169922,0.205322,1.008789
3349224617,0.169678,0.20459,1.018311
3349229617,0.167725,0.203125,1.013672
3349234617,0.168701,0.206055,1.018066
3349239617,0.169434,0.204346,1.018555
3349244617,0.169678,0.204102,1.017578
3349249617,0.168701,0.200439,1.018066
3349254617,0.163574,0.201904,1.010254
3349259617,0.169678,0.203125,1.019043
3349264617,0.167725,0.200439,1.013184
3349269617,0.166748,0.200928,1.016357
3349274617,0.174072,0.198242,1.017822
3349279617,0.168945,0.197754,1.017578
3349284617,0.167236,0.198975,1.017822
3349289617,0.176514,0.199463,1.014648
3349294617,0.175781,0.19873,1.018066
3349299617,0.169678,0.19751,1.019531
3349304617,0.168213,0.200439,1.022705
3349309617,0.16333,0.202881,1.012939
3349314617,0.167236,0.197998,1.011475
3349319617,0.169189,0.20166,1.016602
3349324617,0.165771,0.196289,1.019043
3349329617,0.169434,0.196777,1.018311
3349334617,0.164307,0.200439,1.02124
3349339617,0.166992,0.200684,1.01416
3349344617,0.166016,0.202148,1.012207
3349349617,0.170654,0.201172,1.015381
3349354617,0.16626,0.196533,1.009521
3349359617,0.17041,0.203613,1.008301
3349364617,0.171631,0.206299,1.011719
3349369617,0.170654,0.203857,1.015381
3349374617,0.170898,0.205566,1.020264
3349379617,0.165283,0.201904,1.018555
3349384617,0.169189,0.201904,1.018555
3349389617,0.172852,0.196777,1.013428
3349394617,0.170898,0.197266,1.015381
3349399617,0.168457,0.200439,1.010986
3349404617,0.174072,0.196289,1.009521
3349409617,0.17041,0.193115,1.015381
3349414617,0.171143,0.19873,1.015137
3349419617,0.174561,0.202393,1.016602
3349424617,0.168213,0.202148,1.013916
3349429617,0.171631,0.204346,1.012451
3349434617,0.163818,0.202148,1.022461
3349439617,0.165039,0.205566,1.019043
3349444617,0.165527,0.208984,1.016846
3349449617,0.166504,0.20459,1.018799
3349454617,0.169678,0.203857,1.019775
3349459617,0.169678,0.201172,1.015137
3349464617,0.171631,0.197021,1.02002
3349469617,0.171875,0.199463,1.019531
3349474617,0.174805,0.199463,1.018555
3349479617,0.176758,0.199707,1.010986
3349484617,0.170898,0.194824,1.011475
3349489617,0.17041,0.196533,1.009277
3349494617,0.169922,0.19873,1.014893
3349499617,0.174561,0.199219,1.011475
3349504617,0.169922,0.199219,1.014893
3349509617,0.168457,0.203369,1.02002
3349514617,0.166504,0.200684,1.018066
3349519617,0.164307,0.201416,1.022949
3349524617,0.172607,0.204834,1.0271
3349529617,0.168213,0.204346,1.018799
3349534617,0.166504,0.200439,1.018799
3349539617,0.170654,0.202637,1.019775
3349544617,0.169922,0.203857,1.018066
3349549617,0.172119,0.201904,1.01709
3349554617,0.167725,0.196045,1.019043
3349559617,0.167236,0.198242,1.018311
3349564617,0.162842,0.202637,1.019531
3349569617,0.162842,0.202393,1.00708
3349574617,0.168457,0.198486,1.010254
3349579617,0.167969,0.201172,1.022705
3349584617,0.165039,0.201904,1.014404
3349589617,0.171631,0.20459,1.021729
3349594617,0.171143,0.203369,1.018066
3349599617,0.174561,0.195801,1.028564
3349604617,0.169678,0.200684,1.018311
3349609617,0.176025,0.197998,1.015625
3349614617,0.17041,0.197266,1.017578
3349619617,0.169922,0.196289,1.014648
3349624617,0.173096,0.19751,1.019043
3349629617,0.170898,0.196533,1.012939
3349634617,0.169189,0.199951,1.010254
3349639617,0.16748,0.199707,1.005615
3349644617,0.166748,0.204102,1.016113
3349649617,0.164795,0.210205,1.013184
3349654617,0.166504,0.205566,1.016113
3349659617,0.168945,0.204834,1.021729
3349664617,0.168213,0.207275,1.015625
3349669617,0.169922,0.202148,1.025391
3349674617,0.171387,0.202393,1.026367
3349679617,0.171631,0.203857,1.020264
3349684617,0.173096,0.199463,1.015381
3349689617,0.174072,0.194092,1.014893
3349694617,0.173828,0.19165,1.011963
3349699617,0.169678,0.191895,1.012207
3349704617,0.173096,0.200684,1.012939
3349709617,0.166748,0.197754,1.00708
3349714617,0.165771,0.192627,1.00708
3349719617,0.175049,0.193115,1.012695
3349724617,0.170898,0.198486,1.022217
3349729617,0.16748,0.19873,1.017334
3349734617,0.165771,0.207764,1.02124
3349739617,0.168457,0.202148,1.018066
3349744617,0.169678,0.206299,1.022705
3349749617,0.172119,0.203369,1.011963
3349754617,0.171143,0.211426,1.016602
3349759617,0.17334,0.208496,1.01709
3349764617,0.170166,0.208984,1.02124
3349769617,0.169189,0.206787,1.015381
3349774617,0.168701,0.203857,1.019531
3349779617,0.167236,0.19751,1.013428
3349784617,0.166748,0.197021,1.019287
3349789617,0.163086,0.195068,1.012451
3349794617,0.166016,0.19043,1.015869
3349799617,0.17334,0.186523,1.020264
3349804617,0.171143,0.193359,1.02832
3349809617,0.16748,0.193604,1.01416
3349814617,0.171143,0.193604,1.014648
3349819617,0.172607,0.198975,1.009277
3349824617,0.172363,0.203857,1.01416
3349829617,0.173828,0.202148,1.018555
3349834617,0.176025,0.200684,1.013916
3349839617,0.171875,0.208008,1.018555
3349844617,0.165771,0.208984,1.012207
3349849617,0.169922,0.210937,1.017822
3349854617,0.168213,0.206055,1.020996
3349859617,0.167236,0.205078,1.018555
3349864617,0.16333,0.201904,1.021729
3349869617,0.167969,0.198975,1.019043
3349874617,0.168457,0.19751,1.020264
3349879617,0.169922,0.194824,1.018555
3349884617,0.170654,0.195068,1.016357
3349889617,0.171143,0.192383,1.00708
3349894617,0.172363,0.193359,1.01416
3349899617,0.168945,0.190674,1.009277
3349904617,0.171875,0.193359,1.014893
3349909617,0.172363,0.201172,1.013184
3349914617,0.169678,0.201416,1.015137
3349919617,0.167969,0.201416,1.015381
3349924617,0.169189,0.205078,1.016113
3349929617,0.167725,0.204834,1.015381
3349934617,0.171387,0.206299,1.017822
3349939617,0.17041,0.202637,1.022461
3349944617,0.164062,0.200195,1.021729
3349949617,0.165771,0.205811,1.018555
3349954617,0.168213,0.20166,1.019287
3349959617,0.167236,0.199951,1.016357
3349964617,0.170166,0.204102,1.014648
3349969617,0.168945,0.202393,1.009766
3349974617,0.173584,0.199219,1.016113
3349979617,0.173096,0.197021,1.016846
3349984617,0.167969,0.195801,1.012939
3349989617,0.169922,0.193604,1.027344
3349994617,0.171387,0.190674,1.018066
3349999617,0.170654,0.192139,1.014648
3350004617,0.174561,0.198242,1.020264
3350009617,0.169189,0.195557,1.021484
3350014617,0.174316,0.19873,1.021973
3350019617,0.176025,0.199951,1.01416
3350024617,0.171143,0.197266,1.016602
3350029617,0.168945,0.202881,1.020752
3350034617,0.165771,0.204346,1.018799
3350039617,0.164551,0.206299,1.019043
3350044617,0.167725,0.201172,1.014893
3350049617,0.165771,0.206787,1.012451
3350054617,0.162354,0.208252,1.018066
3350059617,0.166992,0.207031,1.018311
3350064617,0.16626,0.19873,1.021484
3350069617,0.171631,0.199707,1.019531
3350074617,0.172363,0.199951,1.016113
3350079617,0.171875,0.194336,1.020508
3350084617,0.168945,0.192383,1.019531
3350089617,0.173096,0.190674,1.009033
3350094617,0.171387,0.191406,1.012939
3350099617,0.175293,0.195801,1.014648
3350104617,0.181641,0.196533,1.013672
3350109617,0.168457,0.198975,1.019043
3350114617,0.17041,0.199219,1.009766
3350119617,0.163574,0.199219,1.007813
3350124617,0.167725,0.199219,1.018311
3350129617,0.163818,0.201172,1.022949
3350134617,0.159424,0.203369,1.020996
3350139617,0.165039,0.204102,1.022217
3350144617,0.162354,0.204834,1.020996
3350149617,0.170898,0.205566,1.023682
3350154617,0.171875,0.203857,1.020508
3350159617,0.169434,0.202637,1.014404
3350164617,0.171631,0.200439,1.013916
3350169617,0.167969,0.203369,1.016357
3350174617,0.169678,0.201416,1.015869
3350179617,0.171143,0.195557,1.016113
3350184617,0.166992,0.196533,1.025391
3350189617,0.165527,0.192871,1.011475
3350194617,0.172363,0.188965,1.019531
3350199617,0.167725,0.188232,1.015625
3350204617,0.16748,0.190186,1.016846
3350209617,0.173096,0.19873,1.025635
3350214617,0.174072,0.201172,1.019287
3350219617,0.172363,0.199707,1.020752
3350224617,0.175049,0.206055,1.017822
3350229617,0.16748,0.204102,1.012695
3350234617,0.167969,0.208008,1.015137
3350239617,0.167969,0.20752,1.015137
3350244617,0.166992,0.204346,1.020264
3350249617,0.16626,0.210205,1.017334
3350254617,0.168213,0.20166,1.022217
3350259617,0.169922,0.199219,1.019043
3350264617,0.170654,0.198486,1.021729
3350269617,0.169189,0.191406,1.01709
3350274617,0.172363,0.192871,1.015869
3350279617,0.174805,0.19458,1.019287
3350284617,0.171143,0.195068,1.013184
3350289617,0.170166,0.194092,1.003418
3350294617,0.169922,0.195068,1.013428
3350299617,0.167969,0.199463,1.010742
3350304617,0.171143,0.198486,1.008057
3350309617,0.172852,0.199707,1.011963
3350314617,0.172852,0.202881,1.019775
3350319617,0.168945,0.20874,1.026855
3350324617,0.169922,0.207764,1.022705
3350329617,0.164551,0.203857,1.02417
3350334617,0.168945,0.20166,1.02002
3350339617,0.162354,0.202148,1.019287
3350344617,0.171143,0.206055,1.025146
3350349617,0.17041,0.202881,1.024902
3350354617,0.166504,0.204346,1.018799
3350359617,0.169189,0.199219,1.015381
3350364617,0.169678,0.194092,1.013916
3350369617,0.166016,0.19458,1.018799
3350374617,0.160645,0.195312,1.010742
3350379617,0.163086,0.198242,1.01709
3350384617,0.170898,0.195801,1.019531
3350389617,0.166992,0.195312,1.020508
3350394617,0.167236,0.196045,1.028564
3350399617,0.169189,0.196777,1.017822
3350404617,0.174316,0.196289,1.016602
3350409617,0.170166,0.19458,1.02124
3350414617,0.172607,0.198242,1.018311
3350419617,0.174805,0.201416,1.013916
3350424617,0.174316,0.201172,1.013672
3350429617,0.168457,0.200195,1.011475
3350434617,0.170898,0.202393,1.018555
3350439617,0.164551,0.204102,1.014893
3350444617,0.16626,0.199463,1.019287
3350449617,0.15918,0.205078,1.018555
3350454617,0.171875,0.206787,1.01709
3350459617,0.169189,0.204346,1.02832
3350464617,0.178223,0.186523,1.023926
3350469617,0.172852,0.198486,1.01709
3350474617,0.166992,0.195068,1.013916
3350479617,0.169922,0.196777,1.013428
3350484617,0.175537,0.199219,1.02002
3350489617,0.177979,0.19873,1.016357
3350494617,0.178955,0.199219,1.006592
3350499617,0.170898,0.195312,1.012207
3350504617,0.174072,0.200684,1.014404
3350509617,0.168213,0.198975,1.017334
3350514617,0.167725,0.200195,1.019043
3350519617,0.163574,0.201416,1.019287
3350524617,0.165771,0.204346,1.023193
3350529617,0.163818,0.202637,1.025635
3350534617,0.161377,0.198486,1.02124
3350539617,0.163086,0.200684,1.02002
3350544617,0.16333,0.205322,1.018799
3350549617,0.169922,0.202637,1.021973
3350554617,0.170898,0.204102,1.01709
3350559617,0.173584,0.20166,1.01001
3350564617,0.170166,0.199707,1.016846
3350569617,0.174805,0.199707,1.016357
3350574617,0.170654,0.199707,1.017334
3350579617,0.173096,0.197754,1.010986
3350584617,0.170654,0.198486,1.019775
3350589617,0.166992,0.195312,1.016602
3350594617,0.170654,0.196045,1.020264
3350599617,0.169922,0.198242,1.021973
3350604617,0.167969,0.198242,1.020996
3350609617,0.168701,0.19458,1.016357
3350614617,0.167725,0.199463,1.019531
3350619617,0.166748,0.204834,1.012939
3350624617,0.164551,0.203369,1.013672
3350629617,0.164795,0.206787,1.009033
3350634617,0.170898,0.206299,1.02124
3350639617,0.165527,0.207764,1.017334
3350644617,0.165283,0.207031,1.016357
3350649617,0.167725,0.205811,1.017578
3350654617,0.166504,0.203857,1.014893
3350659617,0.168945,0.20166,1.019043
3350664617,0.168457,0.195312,1.020752
3350669617,0.167969,0.199707,1.018066
3350674617,0.169189,0.200684,1.021484
3350679617,0.172607,0.198486,1.016846
3350684617,0.173584,0.194824,1.015381
3350689617,0.168213,0.192383,1.016357
3350694617,0.170166,0.197998,1.010498
3350699617,0.168945,0.197998,1.013916
3350704617,0.170898,0.201416,1.016602
3350709617,0.166016,0.202148,1.015869
3350714617,0.16626,0.200439,1.020264
3350719617,0.169922,0.202881,1.014893
3350724617,0.168213,0.207031,1.015137
3350729617,0.16333,0.201904,1.020508
3350734617,0.168945,0.205566,1.015625
3350739617,0.166016,0.200439,1.020264
3350744617,0.172363,0.205322,1.014404
3350749617,0.171387,0.206787,1.011963
3350754617,0.170898,0.199951,1.018066
3350759617,0.167725,0.200928,1.010742
3350764617,0.168213,0.198242,1.013672
3350769617,0.169434,0.197266,1.005615
3350774617,0.166748,0.198242,1.021973
3350779617,0.168457,0.199463,1.015625
3350784617,0.173584,0.199463,1.026123
3350789617,0.167236,0.197998,1.019287
3350794617,0.165771,0.190674,1.016846
3350799617,0.169189,0.194336,1.017334
3350804617,0.169434,0.19165,1.015869
3350809617,0.173828,0.198242,1.01709
3350814617,0.171875,0.199463,1.025146
3350819617,0.171387,0.199219,1.018799
3350824617,0.165039,0.202148,1.015137
3350829617,0.172852,0.198975,1.009277
3350834617,0.17041,0.200684,1.012939
3350839617,0.167969,0.200684,1.011963
3350844617,0.173584,0.200684,1.021973
3350849617,0.168457,0.200928,1.024658
3350854617,0.167236,0.20166,1.018799
3350859617,0.168213,0.202148,1.018799
3350864617,0.164795,0.199463,1.023438
3350869617,0.171387,0.197754,1.024658
3350874617,0.165527,0.20166,1.01709
3350879617,0.16626,0.19873,1.020508
3350884617,0.173584,0.201172,1.01416
3350889617,0.171387,0.201416,1.01001
3350894617,0.170654,0.20166,1.01709
3350899617,0.175049,0.197998,1.015625
3350904617,0.174805,0.201904,1.01123
3350909617,0.169922,0.19873,1.018799
3350914617,0.171875,0.199707,1.017578
3350919617,0.169922,0.203125,1.016602
3350924617,0.170166,0.201172,1.010742
3350929617,0.163574,0.195557,1.015381
3350934617,0.171143,0.201904,1.030273
3350939617,0.168213,0.201904,1.024414
3350944617,0.174316,0.197021,1.020752
3350949617,0.164551,0.203857,1.009766
3350954617,0.169189,0.201416,1.02002
3350959617,0.171631,0.202393,1.025391
3350964617,0.172852,0.201172,1.018555
3350969617,0.17334,0.20166,1.015381
3350974617,0.174072,0.196289,1.016602
3350979617,0.171875,0.202148,1.015869
3350984617,0.172363,0.195068,1.014893
3350989617,0.169678,0.196289,1.01416
3350994617,0.17041,0.197754,1.017822
3350999617,0.164062,0.200928,1.01123
3351004617,0.16748,0.202637,1.021729
3351009617,0.156738,0.19873,1.016602
3351014617,0.165527,0.199463,1.014404
3351019617,0.179443,0.204346,1.025635
3351024617,0.173096,0.207275,1.029541
3351029617,0.168945,0.203369,1.014893
3351034617,0.168701,0.198486,1.008057
3351039617,0.17041,0.204102,1.021973
3351044617,0.168945,0.198486,1.020752
3351049617,0.171143,0.19751,1.017334
3351054617,0.168457,0.193359,1.016846
3351059617,0.165771,0.195557,1.017334
3351064617,0.167969,0.199951,1.016113
3351069617,0.165527,0.199463,1.016602
3351074617,0.170166,0.195801,1.018311
3351079617,0.171875,0.195801,1.017578
3351084617,0.164307,0.197998,1.022217
3351089617,0.169922,0.198486,1.018066
3351094617,0.16748,0.199219,1.01709
3351099617,0.17627,0.198975,1.015869
3351104617,0.168701,0.201904,1.01709
3351109617,0.163574,0.206299,1.015137
3351114617,0.172852,0.203857,1.021484
3351119617,0.17041,0.20166,1.012695
3351124617,0.174805,0.202881,1.022705
3351129617,0.163574,0.201172,1.015869
3351134617,0.168457,0.193604,1.01709
3351139617,0.172119,0.201416,1.009521
3351144617,0.173584,0.20752,1.020508
3351149617,0.172852,0.198242,1.01709
3351154617,0.167969,0.201416,1.017578
3351159617,0.175049,0.200684,1.014893
3351164617,0.169434,0.200684,1.014893
3351169617,0.165039,0.201416,1.017334
3351174617,0.168457,0.199707,1.014648
3351179617,0.164551,0.203369,1.02002
3351184617,0.167725,0.199707,1.021729
3351189617,0.172852,0.202881,1.013672
3351194617,0.168701,0.205566,1.019287
3351199617,0.168457,0.203613,1.021973
3351204617,0.168457,0.202148,1.018066
3351209617,0.17041,0.200195,1.017334
3351214617,0.169189,0.198242,1.017334
3351219617,0.17041,0.201416,1.018555
3351224617,0.170654,0.200195,1.015381
3351229617,0.165771,0.201172,1.01709
3351234617,0.166992,0.19873,1.011963
3351239617,0.17334,0.199463,1.020508
3351244617,0.169922,0.201416,1.019775
3351249617,0.173828,0.199463,1.018066
3351254617,0.172119,0.200928,1.027344
3351259617,0.170166,0.200928,1.020996
3351264617,0.169189,0.200684,1.017334
3351269617,0.170654,0.203857,1.023926
3351274617,0.173584,0.204102,1.017334
3351279617,0.167236,0.198242,1.016357
3351284617,0.171143,0.204834,1.018311
3351289617,0.169189,0.198975,1.008789
3351294617,0.169434,0.198975,1.023193
3351299617,0.168213,0.201904,1.016602
3351304617,0.171143,0.198242,1.014893
3351309617,0.172363,0.195801,1.01416
3351314617,0.170898,0.196045,1.018799
3351319617,0.170166,0.198975,1.016846
3351324617,0.169922,0.196533,1.013916
3351329617,0.172119,0.199219,1.018066
3351334617,0.172607,0.199463,1.021484
3351339617,0.17041,0.201416,1.018311
3351344617,0.169678,0.200684,1.015137
3351349617,0.168457,0.202148,1.010254
3351354617,0.171387,0.201904,1.012939
3351359617,0.169189,0.19873,1.020996
3351364617,0.169678,0.19873,1.013672
3351369617,0.165039,0.198975,1.013916
3351374617,0.163818,0.200195,1.015381
3351379617,0.17041,0.199463,1.016846
3351384617,0.169434,0.197021,1.013184
3351389617,0.171631,0.200684,1.011475
3351394617,0.170166,0.201904,1.015381
3351399617,0.171143,0.200195,1.017578
3351404617,0.173096,0.200439,1.016846
3351409617,1.999939,1.999939,1.999939
3351414617,0.174561,1.831055,-2.0
3351419617,-0.260986,-0.865234,-2.0
3351424617,-1.005127,1.330566,-0.812256
3351429617,-0.867676,0.348145,-0.320313
3351434617,-0.742187,0.394043,1.891357
3351439617,-0.560303,0.473145,1.13623
3351444617,0.172607,0.471924,1.106689
3351449617,0.224609,0.347168,1.065186
3351454617,0.128906,0.313965,1.043945
3351459617,0.180908,0.089355,0.916748
3351464617,0.121338,0.079346,0.812744
3351469617,0.199707,0.167725,1.059082
3351474617,-0.92334,1.999939,1.999939
3351479617,-0.011963,0.27417,1.606201
3351484617,0.04126,0.390869,1.538086
3351489617,0.301514,0.962402,1.223877
3351494617,0.066162,0.142334,0.918457
3351499617,0.170898,0.211426,0.997314
3351504617,0.128662,0.279541,1.044434
3351509617,0.178955,0.273438,1.003662
3351514617,0.359375,0.29126,0.192871
3351519617,0.046875,1.071045,0.980469
3351524617,-0.015869,1.827637,-1.731934
3351529617,0.239502,1.293457,-2.0
3351534617,0.127686,1.05249,1.476807
3351539617,0.129395,0.580078,0.851562
3351544617,0.158691,0.880859,1.055176
3351549617,0.186279,0.238037,1.086426
3351554617,0.157471,0.210693,1.001465
3351559617,0.17627,0.208008,1.085449
3351564617,0.168213,0.237305,1.013184
3351569617,0.18457,0.185059,1.029297
3351574617,0.164551,0.199219,1.045654
3351579617,0.176025,0.182861,1.005859
3351584617,0.169678,0.170898,0.989746
3351589617,0.163086,0.184814,1.008057
3351594617,0.16748,0.175293,0.987549
3351599617,0.174316,0.172119,1.013672
3351604617,0.178711,0.189453,1.059814
3351609617,0.167969,0.19751,1.020996
3351614617,0.161865,0.209229,1.012695
3351619617,0.171875,0.212646,1.020996
3351624617,0.134521,0.200439,0.932617
3351629617,0.188232,0.682373,1.045654
3351634617,0.044434,1.999939,0.4375
3351639617,0.307617,0.123535,1.224365
3351644617,0.124756,0.353271,1.210205
3351649617,0.228516,0.24292,0.900146
3351654617,0.143066,0.242432,0.981445
3351659617,0.115967,0.271729,1.111816
3351664617,0.185547,1.067871,1.088623
3351669617,0.138672,0.641602,0.9729
3351674617,0.172363,0.271729,0.994385
3351679617,0.170166,0.193604,1.047363
3351684617,0.143799,0.221191,1.018066
3351689617,0.187988,0.171387,0.97583
3351694617,0.177246,0.158203,1.006836
3351699617,0.173096,0.157471,1.042725
3351704617,0.16333,0.152832,0.965576
3351709617,0.185303,0.17749,1.006592
3351714617,0.157959,0.197021,0.97876
3351719617,0.179687,0.287354,0.927002
3351724617,0.195068,0.149658,0.997314
3351729617,0.108398,1.449951,1.030518
3351734617,0.07959,0.376465,0.772217
3351739617,0.153076,0.243896,0.830322
3351744617,0.176025,0.461182,1.067139
3351749617,0.137939,0.28833,1.128662
3351754617,0.184814,0.212158,1.029297
3351759617,0.160645,0.253174,0.995361
3351764617,0.168213,0.247559,1.061279
3351769617,0.144287,0.268555,1.046631
3351774617,0.188965,0.25415,1.029297
3351779617,0.174561,0.222656,1.029297
3351784617,0.157959,0.190674,1.023193
3351789617,0.143799,0.155518,0.982422
3351794617,0.178711,0.116455,0.968994
3351799617,0.237061,0.126221,1.135742
3351804617,0.26709,1.999939,1.403076
3351809617,0.130127,1.915771,0.927979
3351814617,0.234375,0.270508,1.107422
3351819617,0.141113,0.235107,1.044678
3351824617,0.175781,1.293457,0.999023
3351829617,0.151367,0.212158,1.006104
3351834617,0.175049,0.213379,1.049561
3351839617,0.144287,0.274658,1.045898
3351844617,0.164062,0.27417,1.037598
3351849617,0.166992,0.242676,1.00293
3351854617,0.148193,0.215576,0.997559
3351859617,0.183838,0.183838,1.048096
3351864617,0.19043,1.831055,1.114014
3351869617,0.11792,1.412354,1.126953
3351874617,0.180908,1.176025,1.166016
3351879617,0.184814,0.238037,1.017578
3351884617,0.156738,0.202148,1.00293
3351889617,0.16626,0.15918,1.028809
3351894617,0.177979,0.132812,1.003418
3351899617,0.163818,0.173584,0.990479
3351904617,0.171143,0.2146,1.018311
3351909617,0.19458,0.21875,1.083496
3351914617,0.174561,0.225342,1.033936
3351919617,0.195557,0.189209,0.995605
3351924617,0.236816,0.396729,1.195068
3351929617,0.194824,0.103271,1.144043
3351934617,0.166992,0.196777,1.039307
3351939617,0.21582,0.252441,1.044678
3351944617,0.179199,0.266357,1.082275
3351949617,0.158447,0.269043,1.081055
3351954617,0.164307,0.211182,1.009521
3351959617,0.172852,0.220703,1.032471
3351964617,0.151123,0.220215,0.966309
3351969617,0.197266,0.222656,1.073242
3351974617,0.201172,1.142334,1.01709
3351979617,0.165771,0.544189,1.032715
3351984617,0.127441,0.245361,1.050781
3351989617,0.176025,0.961426,1.045166
3351994617,0.168701,0.246826,1.057373
3351999617,0.172852,0.154541,1.0
3352004617,0.193359,0.119141,1.005127
3352009617,0.222168,0.140625,1.041992
3352014617,0.155029,0.220947,1.017822
3352019617,0.158691,0.229248,1.045654
3352024617,0.164062,0.14917,0.943115
3352029617,0.124023,1.999939,0.879883
3352034617,0.183594,1.557617,0.976562
3352039617,0.140381,0.204346,0.953125
3352044617,0.168457,0.21582,1.015625
3352049617,0.161621,0.200195,1.008789
3352054617,0.160889,0.22876,0.999023
3352059617,0.172852,0.210449,1.018311
3352064617,0.170898,0.985352,1.16626
3352069617,0.318848,1.039795,1.162598
3352074617,0.17041,0.194336,1.028076
3352079617,0.16626,0.183838,1.039551
3352084617,0.168213,0.214844,1.000977
3352089617,0.170898,0.235107,1.015137
3352094617,0.148437,0.185303,0.995361
3352099617,0.102539,0.315186,0.844482
3352104617,0.267578,0.149658,1.023926
3352109617,0.179443,0.176758,1.035889
3352114617,0.224365,0.216553,1.047852
3352119617,0.189697,0.310791,0.9375
3352124617,0.188477,0.648437,0.994141
3352129617,0.196289,0.178955,1.019043
3352134617,0.210205,0.585937,1.133789
3352139617,0.12915,0.306396,1.017822
3352144617,0.12915,0.201904,1.006348
3352149617,0.138916,0.237305,1.021729
3352154617,0.150879,0.254883,1.037598
3352159617,0.156006,0.236816,1.031006
3352164617,0.178223,0.206299,1.016846
3352169617,0.165527,0.204834,1.02124
3352174617,0.196289,0.168457,1.020508
3352179617,0.197998,0.169922,1.017578
3352184617,0.165039,0.219482,0.984863
3352189617,0.12915,0.208008,0.981934
3352194617,0.157959,0.235596,1.019531
3352199617,0.153076,0.210205,1.010254
3352204617,0.133789,0.206299,1.011719
3352209617,0.139404,0.216309,1.026123
3352214617,0.147705,0.239258,1.028809
3352219617,0.147461,0.241455,1.024414
3352224617,0.149658,0.236816,1.019043
3352229617,0.151123,0.221924,1.020996
3352234617,0.151611,0.210693,1.016113
3352239617,0.154297,0.224365,1.020508
3352244617,0.148193,0.233643,1.020264
3352249617,0.147949,0.236328,1.025146
3352254617,0.143311,0.234131,1.018799
3352259617,0.134033,0.220215,1.013916
3352264617,0.135498,0.205322,1.007813
3352269617,0.148193,0.199219,1.011719
3352274617,0.174805,0.155273,0.986572
3352279617,0.21167,0.196777,1.037109
3352284617,0.185059,0.1875,1.034424
3352289617,0.181885,0.159424,1.020996
3352294617,0.175537,0.154053,1.009766
3352299617,0.168701,0.16333,1.003174
3352304617,0.173096,0.188477,1.020752
3352309617,0.162354,0.210937,1.0271
3352314617,0.172119,0.248535,1.064453
3352319617,0.151611,0.237549,1.0271
3352324617,0.169434,0.261719,1.08667
3352329617,0.150391,0.228516,1.058594
3352334617,0.165039,0.190186,0.991699
3352339617,0.159912,0.205811,1.032959
3352344617,0.174805,0.231201,1.021973
3352349617,0.151123,0.159912,1.009521
3352354617,0.143555,0.051758,0.949219
3352359617,0.199219,0.24292,1.0979
3352364617,0.179443,0.105957,0.959473
3352369617,0.197266,0.169189,0.998047
3352374617,0.166748,0.212891,1.019531
3352379617,0.178467,0.214111,1.024902
3352384617,0.15918,0.209717,1.023193
3352389617,0.146729,0.250488,1.04541
3352394617,0.157959,0.282471,1.036865
3352399617,0.145508,0.280273,1.026123
3352404617,0.147217,0.270996,1.039307
3352409617,0.176758,0.246582,1.03833
3352414617,0.077148,0.020752,1.086426
3352419617,0.17749,0.300537,1.08252
3352424617,0.165039,0.206299,1.039063
3352429617,0.166992,0.174072,1.016357
3352434617,0.172363,0.208008,1.02417
3352439617,0.170898,0.150879,0.988525
3352444617,0.172607,0.130371,0.979736
3352449617,0.172119,0.159668,0.999268
3352454617,0.169189,0.176514,1.003662
3352459617,0.16626,0.200928,1.012939
3352464617,0.153564,0.231934,1.035156
3352469617,0.156494,0.237305,1.029541
3352474617,0.157471,0.230469,1.021973
3352479617,0.155273,0.230225,1.028564
3352484617,0.13916,0.226074,1.029541
3352489617,0.170166,0.280273,1.029785
3352494617,0.158447,0.230225,1.031006
3352499617,0.168457,0.217529,1.008057
3352504617,0.17627,0.192139,1.014648
3352509617,0.179199,0.178467,1.019043
3352514617,0.167725,0.137695,0.986328
3352519617,0.19043,0.213623,1.019043
3352524617,0.145508,0.202148,1.019775
3352529617,0.157715,0.255859,1.023682
3352534617,0.179932,0.436279,1.09668
3352539617,0.112793,0.255859,0.954102
3352544617,-0.53418,0.843262,-2.0
3352549617,-0.389893,0.047607,0.783447
3352554617,0.218506,0.360352,1.05249
3352559617,0.132324,0.220703,0.955078
3352564617,0.143311,0.225342,0.974609
3352569617,0.174072,0.182373,0.967529
3352574617,0.178467,0.121094,0.987061
3352579617,0.170166,0.092773,0.955811
3352584617,0.207275,0.076172,0.972412
3352589617,0.233643,0.105469,1.000732
3352594617,0.175781,0.172607,1.011963
3352599617,0.173828,0.212158,1.028076
3352604617,0.175781,0.198486,1.012939
3352609617,0.169189,0.195068,1.025879
3352614617,0.167725,0.217529,1.064941
3352619617,0.151123,0.291016,1.079346
3352624617,0.135986,0.316162,1.00293
3352629617,0.162598,0.330078,1.104248
3352634617,0.133789,0.299316,1.01709
3352639617,0.151611,0.243408,1.054199
3352644617,0.174561,0.220703,1.031738
3352649617,0.15625,0.219482,1.025146
3352654617,0.17041,0.218018,1.036377
3352659617,0.169922,0.19873,1.036133
3352664617,0.169434,0.163818,1.017334
3352669617,0.178467,0.111328,0.980957
3352674617,0.185059,0.103027,0.964355
3352679617,0.176758,0.123779,0.976318
3352684617,0.176025,0.143066,1.001465
3352689617,0.17627,0.17334,1.009521
3352694617,0.169434,0.187256,1.020508
3352699617,0.171875,0.188965,1.011963
3352704617,0.171387,0.201172,1.026123
3352709617,0.168701,0.224365,1.036133
3352714617,0.170654,0.253174,1.01709
3352719617,0.136719,0.234619,1.040039
3352724617,0.157959,0.270508,1.038574
3352729617,0.158691,0.246094,1.034912
3352734617,0.152832,0.234863,1.024414
3352739617,0.160889,0.23584,1.02002
3352744617,0.165527,0.227539,1.033936
3352749617,0.16748,0.237793,1.026611
3352754617,0.178467,0.230469,1.020752
3352759617,0.17334,0.215088,1.019775
3352764617,0.163574,0.202393,1.023682
3352769617,0.168457,0.179443,1.012207
3352774617,0.167236,0.149414,0.996094
3352779617,0.168701,0.143555,0.97998
3352784617,0.171387,0.145752,0.988037
3352789617,0.173828,0.155518,1.001221
3352794617,0.171631,0.166748,1.005859
3352799617,0.16748,0.172852,1.004639
3352804617,0.169678,0.178711,1.012207
3352809617,0.167725,0.180908,1.014404
3352814617,0.164551,0.196045,1.018311
3352819617,0.167236,0.220703,1.03125
3352824617,0.158936,0.24292,1.033447
3352829617,0.163818,0.251709,1.026123
3352834617,0.158936,0.247314,1.015869
3352839617,0.162109,0.239746,1.02417
3352844617,0.16748,0.232666,1.025391
3352849617,0.160889,0.228027,0.999756
3352854617,0.150879,0.198975,1.019531
3352859617,0.177002,0.233154,1.028809
3352864617,0.162842,0.210693,1.01123
3352869617,0.161865,0.210937,1.011719
3352874617,0.172607,0.184814,1.012451
3352879617,0.166016,0.166504,1.003174
3352884617,0.167725,0.167725,1.010498
3352889617,0.169678,0.17334,0.993408
3352894617,0.204834,0.171387,1.086182
3352899617,0.157471,0.148926,1.02124
3352904617,0.20166,0.216309,1.13623
3352909617,0.173096,0.183838,1.005127
3352914617,0.166504,0.155518,0.974365
3352919617,0.156494,0.187744,1.01001
3352924617,0.176025,0.209473,1.035889
3352929617,0.167236,0.231445,1.043457
3352934617,0.158447,0.224121,1.031738
3352939617,0.16626,0.214844,1.026123
3352944617,0.160156,0.230713,1.025635
3352949617,0.158936,0.2146,1.022217
3352954617,0.164551,0.215332,1.026855
3352959617,0.159912,0.206055,1.018066
3352964617,0.166992,0.203125,1.006836
3352969617,0.166748,0.199707,1.015137
3352974617,0.162109,0.190674,1.01416
3352979617,0.17041,0.183105,1.007813
3352984617,0.173828,0.180176,1.019775
3352989617,0.164062,0.180176,1.020996
3352994617,0.170654,0.177979,1.013672
3352999617,0.164795,0.19043,1.021729
3353004617,0.166016,0.217285,1.038818
3353009617,0.169189,0.230469,1.026367
3353014617,0.164795,0.23877,1.013672
3353019617,0.15918,0.232178,1.021729
3353024617,0.156494,0.219482,1.01416
3353029617,0.151855,0.218506,1.02002
3353034617,0.155518,0.225586,1.024902
3353039617,0.158203,0.220947,1.026611
3353044617,0.155029,0.199463,1.008057
3353049617,0.16333,0.172607,0.98999
3353054617,0.157959,0.194824,1.015869
3353059617,0.159668,0.194336,1.023682
3353064617,0.165283,0.207764,1.018311
3353069617,0.156738,0.230957,1.033447
3353074617,0.154053,0.243408,1.007568
3353079617,0.15918,0.239502,1.0271
3353084617,0.160645,0.230713,1.027588
3353089617,0.153809,0.225586,1.032715
3353094617,0.200195,0.197754,1.037842
3353099617,0.131348,0.239258,0.981201
3353104617,0.172852,0.212891,1.021484
3353109617,0.17627,0.208496,1.018555
3353114617,0.158203,0.209961,1.021484
3353119617,0.164062,0.189697,1.013672
3353124617,0.170654,0.19458,1.025391
3353129617,0.169434,0.224121,1.054932
3353134617,0.16333,0.214355,1.011719
3353139617,0.164062,0.186768,1.003174
3353144617,0.166748,0.192383,1.002197
3353149617,0.171631,0.169678,1.005615
3353154617,0.178711,0.1604,1.006348
3353159617,0.178711,0.158203,0.991211
3353164617,0.17334,0.15332,0.983887
3353169617,0.172852,0.17334,0.990479
3353174617,0.174805,0.184082,1.013916
3353179617,0.167725,0.186279,1.016846
3353184617,0.167969,0.189209,1.013916
3353189617,0.162598,0.192871,1.015869
3353194617,0.164062,0.203369,1.022949
3353199617,0.164307,0.217529,1.034668
3353204617,0.161865,0.233643,1.029297
3353209617,0.161621,0.240723,1.02832
3353214617,0.161377,0.23584,1.034912
3353219617,0.164307,0.225586,1.019775
3353224617,0.167969,0.219971,1.022949
3353229617,0.165771,0.216553,1.017334
3353234617,0.167969,0.212402,1.023438
3353239617,0.173096,0.211426,1.01709
3353244617,0.165039,0.20459,1.020264
3353249617,0.167969,0.190918,1.014893
3353254617,0.167969,0.178467,1.010742
3353259617,0.166016,0.17041,1.002686
3353264617,0.167725,0.171631,1.00293
3353269617,0.166748,0.181396,1.008545
3353274617,0.170166,0.189697,1.012451
3353279617,0.169922,0.197754,1.016357
3353284617,0.171631,0.192383,1.014648
3353289617,0.17334,0.192139,1.007324
3353294617,0.169922,0.200928,1.008301
3353299617,0.169434,0.204346,1.013672
3353304617,0.165527,0.215088,1.020508
3353309617,0.162842,0.226318,1.018799
3353314617,0.16626,0.224609,1.022217
3353319617,0.164795,0.218994,1.014893
3353324617,0.163818,0.210205,1.026123
3353329617,0.166504,0.207031,1.018066
3353334617,0.16626,0.202637,1.019775
3353339617,0.161377,0.210205,1.015625
3353344617,0.163574,0.212158,1.020752
3353349617,0.169189,0.205322,1.021484
3353354617,0.167969,0.197998,1.015869
3353359617,0.164551,0.187012,1.003662
3353364617,0.168945,0.1875,1.002197
3353369617,0.163818,0.192627,1.01123
3353374617,0.165527,0.195068,1.019043
3353379617,0.165771,0.199219,1.016113
3353384617,0.167236,0.195312,1.018555
3353389617,0.168945,0.19458,1.017822
3353394617,0.174072,0.188721,1.02124
3353399617,0.169434,0.191895,1.015381
3353404617,0.168457,0.199219,1.020508
3353409617,0.16748,0.208984,1.022217
3353414617,0.169434,0.216797,1.018311
3353419617,0.170898,0.213379,1.014648
3353424617,0.16626,0.207031,1.016602
3353429617,0.165283,0.204346,1.019775
3353434617,0.165283,0.204102,1.016602
3353439617,0.164062,0.209717,1.010254
3353444617,0.162354,0.209961,1.015381
3353449617,0.170898,0.207275,1.022949
3353454617,0.164795,0.203369,1.015869
3353459617,0.165527,0.197021,1.020508
3353464617,0.165283,0.192139,1.018799
3353469617,0.168945,0.192871,1.019287
3353474617,0.172363,0.195801,1.017578
3353479617,0.168945,0.205322,1.015869
3353484617,0.17627,0.202393,1.013184
3353489617,0.174316,0.203613,1.011963
3353494617,0.171143,0.195801,1.011475
3353499617,0.17041,0.197998,1.012207
3353504617,0.173584,0.199463,1.009521
3353509617,0.16626,0.203613,1.020996
3353514617,0.164551,0.208252,1.016846
3353519617,0.166748,0.206787,1.016113
3353524617,0.165771,0.203613,1.021484
3353529617,0.161865,0.200439,1.027588
3353534617,0.163086,0.201172,1.011719
3353539617,0.163574,0.197754,1.018066
3353544617,0.168945,0.205566,1.02002
3353549617,0.16333,0.203857,1.021729
3353554617,0.168945,0.20874,1.01709
3353559617,0.168945,0.199951,1.012451
3353564617,0.167725,0.202393,1.016113
3353569617,0.169434,0.200195,1.002441
3353574617,0.167236,0.198975,1.011475
3353579617,0.164062,0.207764,1.015381
3353584617,0.164551,0.202881,1.019043
3353589617,0.16626,0.202637,1.016846
3353594617,0.167969,0.19751,1.024902
3353599617,0.164062,0.19751,1.017334
3353604617,0.166504,0.198486,1.015869
3353609617,0.170654,0.197021,1.013672
3353614617,0.168701,0.200195,1.020752
3353619617,0.166992,0.203857,1.019043
3353624617,0.17041,0.202393,1.010498
3353629617,0.167969,0.199463,1.012207
3353634617,0.16748,0.201904,1.007324
3353639617,0.16748,0.205811,1.017334
3353644617,0.165527,0.20166,1.018311
3353649617,0.166016,0.20459,1.020996
3353654617,0.165039,0.207275,1.024414
3353659617,0.166016,0.207764,1.016846
3353664617,0.168945,0.201904,1.020752
3353669617,0.171143,0.199707,1.021973
3353674617,0.168701,0.200439,1.017334
3353679617,0.168213,0.203125,1.017822
3353684617,0.172607,0.204834,1.017334
3353689617,0.171631,0.205078,1.017578
3353694617,0.169434,0.204102,1.012451
3353699617,0.171143,0.196045,1.013184
3353704617,0.170654,0.196777,1.015869
3353709617,0.176025,0.199463,1.012207
3353714617,0.166748,0.20459,1.016602
3353719617,0.166992,0.203613,1.012451
3353724617,0.16333,0.202148,1.016602
3353729617,0.163574,0.200684,1.019043
3353734617,0.168945,0.200684,1.022705
3353739617,0.163818,0.202637,1.023682
3353744617,0.162598,0.204346,1.013672
3353749617,0.168457,0.202881,1.011719
3353754617,0.16748,0.208252,1.019287
3353759617,0.169189,0.207031,1.019287
3353764617,0.166992,0.20874,1.012207
3353769617,0.169434,0.208984,1.018555
3353774617,0.166748,0.207275,1.016113
3353779617,0.162354,0.202393,1.01001
3353784617,0.160889,0.202881,1.015137
3353789617,0.163818,0.201904,1.011719
3353794617,0.170898,0.197266,1.019775
3353799617,0.166748,0.19873,1.020508
3353804617,0.167236,0.197754,1.018799
3353809617,0.166504,0.195801,1.021973
3353814617,0.169678,0.197998,1.018799
3353819617,0.171143,0.198486,1.017578
3353824617,0.16748,0.197998,1.012939
3353829617,0.17041,0.214111,1.017334
3353834617,0.16333,0.235107,1.029053
3353839617,0.15625,0.280273,1.056396
3353844617,0.154297,0.322021,1.084961
3353849617,0.111328,0.211426,1.179932
3353854617,1.675781,1.999939,-2.0
3353859617,-2.0,-2.0,1.999939
3353864617,-0.978027,1.516846,-0.942871
3353869617,0.202148,0.360107,-2.0
3353874617,-0.750732,0.46167,0.647461
3353879617,0.267822,-0.666504,0.623047
3353884617,-0.425293,-0.096191,0.652832
3353889617,-0.331543,-0.002441,0.818115
3353894617,-0.647461,0.262695,0.817139
3353899617,0.226074,0.264404,0.893555
3353904617,0.238037,1.06543,1.019531
3353909617,0.210693,0.278076,0.984863
3353914617,0.159424,0.224854,1.113281
3353919617,0.184326,0.196533,1.017334
3353924617,0.16748,0.093262,0.925293
3353929617,0.162842,0.072021,0.897217
3353934617,0.187744,0.085693,0.931885
3353939617,0.174072,0.140381,1.026855
3353944617,0.150879,0.232178,1.203613
3353949617,0.527344,0.935791,1.999939
3353954617,0.876465,0.047607,-0.733398
3353959617,-0.17041,0.483398,0.187256
3353964617,0.10791,1.226807,1.450195
3353969617,0.321533,-0.250732,1.999939
3353974617,-1.136963,1.984375,-1.707031
3353979617,0.748291,0.902832,0.637207
3353984617,-1.368652,1.999939,-2.0
3353989617,-1.253418,1.999939,1.151367
3353994617,-0.603027,0.359619,0.875
3353999617,0.018555,0.218506,1.007813
3354004617,0.106689,0.196533,0.903564
3354009617,0.055664,0.125244,-1.61377
3354014617,0.22168,0.135986,1.211426
3354019617,0.257324,0.126709,1.100098
3354024617,0.219482,0.106934,1.036865
3354029617,0.199463,0.117432,1.026855
3354034617,0.201904,0.110107,0.987061
3354039617,0.184082,0.106934,0.95459
3354044617,0.186035,0.126709,0.994141
3354049617,0.172607,0.154541,0.984131
3354054617,0.164307,0.175537,1.045898
3354059617,0.164551,0.192383,1.068359
3354064617,0.168457,0.192383,1.025879
3354069617,0.173828,0.2146,1.031738
3354074617,0.16333,0.243652,1.041504
3354079617,0.16333,0.26123,1.055176
3354084617,0.149902,0.279297,1.056641
3354089617,0.154541,0.287109,1.03833
3354094617,0.152832,0.263916,1.013672
3354099617,0.154785,0.249512,1.013184
3354104617,0.156494,0.254639,1.040527
3354109617,0.16333,0.256592,1.044922
3354114617,0.164307,0.25708,1.036865
3354119617,0.164551,0.250977,1.038574
3354124617,0.17041,0.218018,1.019043
3354129617,0.160645,0.185059,1.031982
3354134617,0.162842,0.152832,1.024658
3354139617,0.172852,0.120117,0.986084
3354144617,0.176025,0.134277,0.971924
3354149617,0.166992,0.143311,0.987061
3354154617,0.171387,0.140625,0.983887
3354159617,0.175781,0.138672,0.974121
3354164617,0.174316,0.142578,0.984131
3354169617,0.172119,0.151123,0.992676
3354174617,0.167969,0.180176,1.021484
3354179617,0.175293,0.207031,1.025146
3354184617,0.163818,0.230469,1.03418
3354189617,0.163086,0.246338,1.036865
3354194617,0.158936,0.248535,1.032959
3354199617,0.151611,0.244629,1.036377
3354204617,0.154053,0.241699,1.030762
3354209617,0.161377,0.240723,1.029297
3354214617,0.157715,0.248779,1.030762
3354219617,0.158691,0.250732,1.035645
3354224617,0.162842,0.254395,1.034912
3354229617,0.170654,0.241943,1.030273
3354234617,0.169189,0.215332,1.022705
3354239617,0.173096,0.19458,1.026367
3354244617,0.166504,0.187256,1.015137
3354249617,0.165527,0.171387,1.012451
3354254617,0.168701,0.158691,0.99585
3354259617,0.167969,0.14624,0.988525
3354264617,0.164062,0.148193,0.988281
3354269617,0.169189,0.141113,0.991699
3354274617,0.168457,0.146973,0.988037
3354279617,0.167725,0.168213,1.013916
3354284617,0.16333,0.183838,1.02417
3354289617,0.169434,0.205322,1.028076
3354294617,0.166016,0.2146,1.023926
3354299617,0.168213,0.230713,1.031006
3354304617,0.16626,0.238525,1.0271
3354309617,0.165039,0.240479,1.027344
3354314617,0.167236,0.238525,1.03125
3354319617,0.158447,0.242432,1.032715
3354324617,0.159424,0.241699,1.024658
3354329617,0.161621,0.231201,1.023926
3354334617,0.165039,0.231201,1.027832
3354339617,0.163818,0.212891,1.028076
3354344617,0.169922,0.204346,1.02417
3354349617,0.169678,0.191406,1.021484
3354354617,0.169434,0.180176,1.013184
3354359617,0.168213,0.174072,1.006348
3354364617,0.164062,0.164062,0.989502
3354369617,0.169189,0.16626,0.990479
3354374617,0.168701,0.171387,0.996094
3354379617,0.168701,0.179687,0.998291
3354384617,0.164551,0.186035,1.013184
3354389617,0.168213,0.19043,1.018555
3354394617,0.168213,0.195557,1.02124
3354399617,0.168213,0.19873,1.019775
3354404617,0.164795,0.213867,1.030762
3354409617,0.162598,0.222412,1.030518
3354414617,0.165527,0.22876,1.026123
3354419617,0.162842,0.230713,1.02832
3354424617,0.1604,0.22583,1.028076
3354429617,0.166748,0.222412,1.023682
3354434617,0.164307,0.219727,1.027832
3354439617,0.16748,0.216064,1.026611
3354444617,0.167725,0.217529,1.018555
3354449617,0.167969,0.209717,1.023926
3354454617,0.161865,0.199951,1.013916
3354459617,0.168457,0.189941,1.013916
3354464617,0.165283,0.186768,1.015381
3354469617,0.162842,0.182129,1.006348
3354474617,0.164307,0.179687,1.008789
3354479617,0.161377,0.184326,1.008057
3354484617,0.168701,0.189697,1.015869
3354489617,0.171387,0.187256,1.017578
3354494617,0.167725,0.187744,1.015381
3354499617,0.171387,0.196045,1.017334
3354504617,0.168701,0.201904,1.016113
3354509617,0.163818,0.212646,1.013672
3354514617,0.166504,0.217773,1.022949
3354519617,0.163818,0.223633,1.018311
3354524617,0.162842,0.218506,1.028076
3354529617,0.165283,0.212891,1.015625
3354534617,0.162842,0.208984,1.015869
3354539617,0.16333,0.207031,1.02832
3354544617,0.159912,0.210449,1.018311
3354549617,0.164062,0.20874,1.018066
3354554617,0.165527,0.205322,1.022949
3354559617,0.166992,0.200195,1.020508
3354564617,0.171875,0.193848,1.014404
3354569617,0.16748,0.194824,1.011719
3354574617,0.170166,0.193604,1.009277
3354579617,0.165771,0.195801,1.010254
3354584617,0.164062,0.193848,1.015137
3354589617,0.164795,0.194092,1.009766
3354594617,0.167969,0.192627,1.017334
3354599617,0.162598,0.191895,1.006348
3354604617,0.165771,0.19165,1.01123
3354609617,0.16333,0.196533,1.010986
3354614617,0.165527,0.202393,1.024414
3354619617,0.166748,0.210449,1.020996
3354624617,0.168701,0.210205,1.019043
3354629617,0.170898,0.212402,1.026611
3354634617,0.168213,0.209229,1.015869
3354639617,0.16333,0.209961,1.022705
3354644617,0.166504,0.203857,1.018799
3354649617,0.160645,0.209229,1.015137
3354654617,0.164062,0.210205,1.021973
3354659617,0.167969,0.210693,1.017822
3354664617,0.162842,0.205078,1.01123
3354669617,0.161377,0.197754,1.013428
3354674617,0.165283,0.193115,1.016846
3354679617,0.163086,0.196777,1.012207
3354684617,0.165039,0.198486,1.017822
3354689617,0.16333,0.199951,1.01709
3354694617,0.170654,0.199219,1.014648
3354699617,0.163574,0.193848,1.019531
3354704617,0.168213,0.196045,1.019287
3354709617,0.167725,0.197266,1.016602
3354714617,0.169922,0.200928,1.018799
3354719617,0.166016,0.200928,1.016357
3354724617,0.161377,0.205078,1.012939
3354729617,0.166748,0.215332,1.03125
3354734617,0.162598,0.205566,1.020508
3354739617,0.164062,0.203125,1.015137
3354744617,0.164062,0.203369,1.023438
3354749617,0.16626,0.208496,1.022217
3354754617,0.166748,0.203369,1.018066
3354759617,0.162598,0.208008,1.019287
3354764617,0.16333,0.205566,1.022705
3354769617,0.164551,0.200684,1.009277
3354774617,0.162842,0.197021,1.020508
3354779617,0.165771,0.200684,1.016846
3354784617,0.16333,0.198242,1.016846
3354789617,0.166992,0.196533,1.008789
3354794617,0.164307,0.202148,1.014648
3354799617,0.165039,0.197021,1.016113
3354804617,0.162354,0.195068,1.015137
3354809617,0.161621,0.199951,1.015625
3354814617,0.164062,0.200195,1.014893
3354819617,0.165039,0.202393,1.026123
3354824617,0.162109,0.204346,1.02417
3354829617,0.16626,0.203857,1.022461
3354834617,0.168457,0.203125,1.015381
3354839617,0.164795,0.202881,1.016846
3354844617,0.165039,0.202881,1.019531
3354849617,0.162109,0.202881,1.016602
3354854617,0.165527,0.202393,1.014404
3354859617,0.164307,0.203125,1.019043
3354864617,0.162354,0.200928,1.013184
3354869617,0.162842,0.202148,1.019043
3354874617,0.163818,0.203125,1.017578
3354879617,0.166016,0.195068,1.014893
3354884617,0.17041,0.196045,1.016357
3354889617,0.168457,0.197021,1.017334
3354894617,0.167725,0.199219,1.017334
3354899617,0.162598,0.20166,1.013184
3354904617,0.161133,0.200684,1.021973
3354909617,0.16748,0.199463,1.019287
3354914617,0.165039,0.197266,1.012695
3354919617,0.167236,0.199951,1.023682
3354924617,0.162842,0.200439,1.024414
3354929617,0.165771,0.200439,1.013428
3354934617,0.166748,0.201904,1.014893
3354939617,0.168213,0.201172,1.022461
3354944617,0.166016,0.202881,1.017822
3354949617,0.167969,0.202637,1.019531
3354954617,0.170654,0.204834,1.026367
3354959617,0.165039,0.200928,1.016357
3354964617,0.166504,0.202881,1.016602
3354969617,0.172363,0.200439,1.015625
3354974617,0.165771,0.198486,1.011963
3354979617,0.169922,0.198486,1.02124
3354984617,0.167969,0.200439,1.013184
3354989617,0.169678,0.205811,1.015381
3354994617,0.167236,0.203125,1.017578
3354999617,0.168213,0.200684,1.020508
3355004617,0.166748,0.206055,1.019775
3355009617,0.164062,0.20166,1.010742
3355014617,0.165283,0.204102,1.016846
3355019617,0.16748,0.201416,1.018799
3355024617,0.165039,0.203857,1.020752
3355029617,0.162598,0.203125,1.017578
3355034617,0.167969,0.202148,1.016602
3355039617,0.166016,0.200439,1.016846
3355044617,0.164795,0.198242,1.018311
3355049617,0.162842,0.201172,1.022461
3355054617,0.168457,0.202881,1.017334
3355059617,0.170654,0.196777,1.015625
3355064617,0.167725,0.19751,1.018555
3355069617,0.16626,0.19458,1.021729
3355074617,0.160889,0.198242,1.010254
3355079617,0.168701,0.195801,1.018066
3355084617,0.166504,0.195312,1.02002
3355089617,0.165771,0.203857,1.019043
3355094617,0.16626,0.195801,1.023193
3355099617,0.1604,0.200195,1.013916
3355104617,0.170898,0.199707,1.02124
3355109617,0.165283,0.203369,1.020752
3355114617,0.156494,0.198975,1.019531
3355119617,0.159424,0.198975,1.009277
3355124617,0.169922,0.206055,1.025635
3355129617,0.170654,0.203125,1.020508
3355134617,0.168701,0.202881,1.013672
3355139617,0.165283,0.195068,1.019043
3355144617,0.166504,0.19458,1.019775
3355149617,0.166016,0.198975,1.014404
3355154617,0.164551,0.194824,1.014648
3355159617,0.16626,0.197021,1.019531
3355164617,0.166504,0.191895,1.016602
3355169617,0.164307,0.200195,1.01123
3355174617,0.164307,0.197754,1.014404
3355179617,0.165039,0.199707,1.013184
3355184617,0.16626,0.202881,1.013184
3355189617,0.163086,0.202393,1.02002
3355194617,0.165527,0.202881,1.018555
3355199617,0.168701,0.206055,1.024414
3355204617,0.165039,0.205322,1.018555
3355209617,0.16626,0.20874,1.019287
3355214617,0.166748,0.202393,1.016846
3355219617,0.165039,0.209961,1.020752
3355224617,0.169922,0.209473,1.022949
3355229617,0.167236,0.203369,1.01709
3355234617,0.168945,0.202637,1.013672
3355239617,0.169922,0.201416,1.020996
3355244617,0.167725,0.203369,1.017578
3355249617,0.158936,0.200928,1.013672
3355254617,0.168457,0.197998,1.01416
3355259617,0.163574,0.19751,1.017334
3355264617,0.166992,0.199951,1.013184
3355269617,0.166504,0.197266,1.010742
3355274617,0.166016,0.200195,1.01709
3355279617,0.167969,0.204346,1.017822
3355284617,0.16748,0.205566,1.015625
3355289617,0.164307,0.203369,1.023926
3355294617,0.165527,0.205078,1.016846
3355299617,0.16333,0.201416,1.019287
3355304617,0.164062,0.202881,1.016846
3355309617,0.167969,0.206055,1.019775
3355314617,0.165283,0.20874,1.014648
3355319617,0.169678,0.20459,1.020996
3355324617,0.163818,0.200928,1.011475
3355329617,0.16333,0.195801,1.013916
3355334617,0.156982,0.197754,1.013672
3355339617,0.164795,0.200195,1.013184
3355344617,0.163574,0.200684,1.013428
3355349617,0.162842,0.197754,1.016113
3355354617,0.165527,0.203613,1.01709
3355359617,0.164551,0.200684,1.011475
3355364617,0.161621,0.199219,1.012207
3355369617,0.169434,0.198242,1.022461
3355374617,0.172607,0.206543,1.026123
3355379617,0.159668,0.206055,1.011963
3355384617,0.166504,0.205566,1.014404
3355389617,0.166504,0.200195,1.015869
3355394617,0.165039,0.205811,1.01416
3355399617,0.168457,0.203857,1.015625
3355404617,0.165771,0.20166,1.016113
3355409617,0.161865,0.200195,1.011719
3355414617,0.16333,0.200928,1.01416
3355419617,0.165039,0.202881,1.015381
3355424617,0.166992,0.202148,1.015869
3355429617,0.165039,0.19873,1.016846
3355434617,0.163574,0.202393,1.018555
3355439617,0.159912,0.204834,1.016113
3355444617,0.168213,0.203369,1.021729
3355449617,0.165283,0.199219,1.019531
3355454617,0.164307,0.198975,1.012939
3355459617,0.168213,0.204346,1.025146
3355464617,0.164307,0.20166,1.018555
3355469617,0.164062,0.202637,1.016357
3355474617,0.162598,0.209717,1.01709
3355479617,0.171631,0.205811,1.021729
3355484617,0.168457,0.203125,1.014404
3355489617,0.16626,0.201904,1.016602
3355494617,0.165771,0.206543,1.02124
3355499617,0.172852,0.203613,1.022461
3355504617,0.165771,0.206055,1.015625
3355509617,0.157227,0.197266,1.012695
3355514617,0.169922,0.202393,1.032227
3355519617,0.16626,0.198486,1.006592
3355524617,0.157227,0.196777,1.010254
3355529617,0.172852,0.199707,1.026855
3355534617,0.161865,0.195801,1.01709
3355539617,0.156982,0.19873,1.000244
3355544617,0.165039,0.200195,1.027588
3355549617,0.166992,0.20166,1.015381
3355554617,0.164307,0.206299,1.016602
3355559617,0.158203,0.207275,1.013184
3355564617,0.170654,0.208008,1.014404
3355569617,0.170898,0.20166,1.013672
3355574617,0.166504,0.203125,1.024414
3355579617,0.164795,0.205566,1.032227
3355584617,0.160645,0.208008,1.02417
3355589617,0.162109,0.206299,1.007568
3355594617,0.168213,0.195801,1.015137
3355599617,0.167969,0.200195,1.014404
3355604617,0.171143,0.203125,1.026611
3355609617,0.17334,0.203613,1.019287
3355614617,0.164795,0.20459,1.011963
3355619617,0.169189,0.199219,1.014893
3355624617,0.156006,0.195801,1.021973
3355629617,0.157959,0.201904,1.01001
3355634617,0.172852,0.206543,1.009033
3355639617,0.17334,0.20459,1.015137
3355644617,0.175049,0.201172,1.031494
3355649617,0.161133,0.205811,1.023438
3355654617,0.156738,0.198486,1.006836
3355659617,0.165527,0.200928,1.010254
3355664617,0.173584,0.205078,1.025146
3355669617,0.162354,0.20874,1.018066
3355674617,0.164551,0.200439,1.020752
3355679617,0.168945,0.202637,1.008057
3355684617,0.16748,0.205566,1.01709
3355689617,0.171875,0.200928,1.011475
3355694617,0.159668,0.207031,1.008545
3355699617,0.162842,0.202881,1.012451
3355704617,0.166748,0.197021,1.012207
3355709617,0.161865,0.201904,1.017822
3355714617,0.162842,0.203613,1.019531
3355719617,0.163574,0.202148,1.017822
3355724617,0.166748,0.20166,1.019531
3355729617,0.165771,0.207275,1.013428
3355734617,0.163086,0.205322,1.019531
3355739617,0.165283,0.206055,1.018311
3355744617,0.167236,0.205566,1.02124
3355749617,0.164551,0.200684,1.013184
3355754617,0.167236,0.202393,1.01001
3355759617,0.165771,0.203369,1.023438
3355764617,0.168213,0.203857,1.020508
3355769617,0.163574,0.197754,1.011963
3355774617,0.163574,0.196045,1.015869
3355779617,0.166016,0.195312,1.024414
3355784617,0.162354,0.199951,1.021973
3355789617,0.164551,0.199951,1.020752
3355794617,0.167236,0.196533,1.016602
3355799617,0.164795,0.195312,1.016602
3355804617,0.166748,0.197266,1.021973
3355809617,0.165527,0.205811,1.017822
3355814617,0.164062,0.202148,1.016602
3355819617,0.167236,0.208984,1.009766
3355824617,0.163574,0.208252,1.01123
3355829617,0.161377,0.209717,1.024414
3355834617,0.165039,0.214111,1.017578
3355839617,0.162598,0.208008,1.01123
3355844617,0.166748,0.207764,1.019775
3355849617,0.168213,0.201172,1.02124
3355854617,0.165039,0.200195,1.023438
3355859617,0.164062,0.196045,1.017578
3355864617,0.167236,0.194824,1.025635
3355869617,0.164307,0.190918,1.019287
3355874617,0.162598,0.195312,1.019043
3355879617,0.164307,0.195557,1.011475
3355884617,0.168945,0.195068,1.012207
3355889617,0.170166,0.196533,1.009521
3355894617,0.165527,0.198242,1.014404
3355899617,0.162598,0.201416,1.013184
3355904617,0.169922,0.204346,1.019043
3355909617,0.168213,0.204834,1.02124
3355914617,0.168945,0.204834,1.017334
3355919617,0.168945,0.205322,1.021484
3355924617,0.16333,0.199707,1.018311
3355929617,0.165527,0.201904,1.02417
3355934617,0.166992,0.204102,1.02417
3355939617,0.164307,0.203369,1.022705
3355944617,0.162354,0.198242,1.018066
3355949617,0.163086,0.201172,1.014893
3355954617,0.164795,0.200684,1.008545
3355959617,0.17041,0.203369,1.018555
3355964617,0.16626,0.200928,1.014404
3355969617,0.168457,0.200439,1.017578
3355974617,0.16626,0.203369,1.01123
3355979617,0.165527,0.201416,1.016113
3355984617,0.16748,0.200439,1.015869
3355989617,0.165771,0.203369,1.025635
3355994617,0.163574,0.198242,1.017334
3355999617,0.162354,0.199707,1.014893
3356004617,0.163086,0.200195,1.023682
3356009617,0.161133,0.207031,1.020752
3356014617,0.164551,0.203369,1.019043
3356019617,0.167725,0.203857,1.018555
3356024617,0.168457,0.205811,1.015869
3356029617,0.165283,0.206299,1.010986
3356034617,0.168457,0.206299,1.022461
3356039617,0.166016,0.209961,1.012451
3356044617,0.162598,0.202881,1.013672
3356049617,0.167969,0.201904,1.02417
3356054617,0.165283,0.198975,1.015869
3356059617,0.165039,0.201416,1.017578
3356064617,0.167236,0.201416,1.020752
3356069617,0.167969,0.200928,1.019775
3356074617,0.16748,0.201416,1.022949
3356079617,0.168213,0.196777,1.017822
3356084617,0.165771,0.198486,1.01416
3356089617,0.164307,0.199951,1.015869
3356094617,0.162354,0.196533,1.012695
3356099617,0.162354,0.203857,1.01416
3356104617,0.164307,0.201172,1.015625
3356109617,0.168213,0.204102,1.018555
3356114617,0.166016,0.203613,1.017578
3356119617,0.165527,0.204346,1.020264
3356124617,0.164551,0.198242,1.017822
3356129617,0.165527,0.20166,1.013184
3356134617,0.165771,0.203369,1.023682
3356139617,0.167725,0.203369,1.016846
3356144617,0.165283,0.201416,1.016113
3356149617,0.165283,0.198242,1.017578
3356154617,0.164795,0.199463,1.013672
3356159617,0.168457,0.202393,1.01709
3356164617,0.170898,0.200195,1.017334
3356169617,0.170654,0.206055,1.014404
3356174617,0.165527,0.203369,1.013672
3356179617,0.166016,0.202881,1.016113
3356184617,0.16748,0.200928,1.013916
3356189617,0.160889,0.199219,1.016113
3356194617,0.165039,0.202393,1.019287
3356199617,0.162109,0.200684,1.012939
3356204617,0.165771,0.201904,1.019531
3356209617,0.165771,0.204834,1.025391
3356214617,0.167969,0.19873,1.018555
3356219617,0.168213,0.204102,1.018066
3356224617,0.16626,0.202148,1.02002
3356229617,0.16626,0.203613,1.012451
3356234617,0.17041,0.202393,1.013428
3356239617,0.16333,0.205078,1.012939
3356244617,0.16748,0.205566,1.014404
3356249617,0.166504,0.198975,1.017822
3356254617,0.165527,0.201904,1.021484
3356259617,0.167725,0.205566,1.025146
3356264617,0.163086,0.201904,1.023193
3356269617,0.164307,0.197754,1.018799
3356274617,0.16333,0.203125,1.017578
3356279617,0.160156,0.201416,1.013184
3356284617,0.16333,0.202393,1.024658
3356289617,0.165527,0.202148,1.025635
3356294617,0.16748,0.203369,1.015625
3356299617,0.167725,0.200195,1.014893
3356304617,0.169434,0.198486,1.013672
3356309617,0.164795,0.202148,1.011719
3356314617,0.16748,0.202148,1.012695
3356319617,0.165283,0.207275,1.01001
3356324617,0.168945,0.201904,1.016113
3356329617,0.16333,0.203125,1.021484
3356334617,0.169678,0.198242,1.014404
3356339617,0.163086,0.20166,1.010498
3356344617,0.168701,0.203369,1.020264
3356349617,0.163574,0.200439,1.018799
3356354617,0.169678,0.202637,1.015625
3356359617,0.166748,0.202637,1.01709
3356364617,0.165527,0.201904,1.01709
3356369617,0.16748,0.204346,1.017334
3356374617,0.162354,0.200195,1.010742
3356379617,0.162354,0.202393,1.013916
3356384617,0.165283,0.205078,1.016113
3356389617,0.164795,0.204834,1.020264
3356394617,0.16333,0.201416,1.014648
3356399617,0.168945,0.20166,1.02002
3356404617,0.167725,0.205322,1.022705
3356409617,-1.420654,0.134277,-2.0
3356414617,-2.0,1.999939,-2.0
3356419617,-2.0,1.999939,1.999939
3356424617,-1.766846,1.32666,1.999939
3356429617,-0.204346,0.728271,1.999939
3356434617,1.03833,1.999939,1.999939
3356439617,-1.179199,1.403076,-0.866211
3356444617,-1.465576,1.999939,0.916992
3356449617,-0.056152,1.999939,-2.0
3356454617,-1.17334,1.527588,1.999939
3356459617,-0.180908,0.449951,1.032959
3356464617,-0.931641,0.4104,1.899658
3356469617,-0.307373,0.439941,1.468506
3356474617,0.025635,0.680176,1.080078
3356479617,-1.727783,1.741455,1.999939
3356484617,-0.426514,1.071533,-0.55542
3356489617,-0.513184,1.999939,-2.0
3356494617,0.633545,0.45752,-2.0
3356499617,-0.143311,0.470703,-1.362793
3356504617,-0.363525,0.22876,-1.505615
3356509617,-0.167236,1.999939,1.344238
3356514617,0.106201,0.164307,-0.049072
3356519617,0.090088,1.999939,0.951172
3356524617,-0.329346,0.275391,-0.897217
3356529617,-0.537842,1.478516,1.533203
3356534617,0.068848,0.686523,0.977783
3356539617,-0.121338,0.378662,0.779541
3356544617,0.246582,0.235107,0.458008
3356549617,0.130615,0.619141,1.035645
3356554617,0.205566,0.811768,1.18457
3356559617,0.085449,1.734131,1.03833
3356564617,0.166748,0.208008,1.06543
3356569617,0.14624,0.114258,1.028564
3356574617,0.1875,0.147217,1.116211
3356579617,0.104248,0.155029,0.913086
3356584617,0.17627,0.184814,0.950928
3356589617,0.103271,0.296387,1.014404
3356594617,0.182617,1.507813,0.844971
3356599617,0.202637,1.999939,0.994873
3356604617,-0.124756,0.145752,0.818604
3356609617,-0.24707,1.541504,1.12207
3356614617,0.239014,1.999939,0.642822
3356619617,-0.556152,0.335938,-0.817627
3356624617,-0.200195,0.643799,1.23999
3356629617,0.10376,0.24585,0.005371
3356634617,0.223633,1.571533,-0.333252
3356639617,0.116455,1.747559,1.538086
3356644617,0.158447,0.219971,1.0354
3356649617,0.253174,0.286133,1.138428
3356654617,0.176025,0.244873,1.092285
3356659617,0.182861,1.999939,0.976807
3356664617,0.027832,0.344482,1.000244
3356669617,0.220215,1.857178,1.145752
3356674617,-0.376953,0.92334,-2.0
3356679617,0.141846,0.438721,0.881592
3356684617,-0.185059,0.236816,0.712158
3356689617,0.177002,0.293457,1.073975
3356694617,0.10376,0.651123,-2.0
3356699617,-1.423096,1.999939,-2.0
3356704617,-1.111572,1.17749,-2.0
3356709617,-0.516357,1.999939,0.987793
3356714617,-1.173584,1.418213,-1.505371
3356719617,-1.779541,1.999939,-2.0
3356724617,-0.89209,0.153564,-1.366943
3356729617,-0.871094,1.193115,-0.134521
3356734617,-1.006592,1.567871,1.043701
3356739617,0.109619,1.0625,0.901367
3356744617,-0.188965,0.298828,1.066895
3356749617,0.093018,0.337646,1.178955
3356754617,-1.006592,1.999939,1.200684
3356759617,-0.004395,0.415527,0.985107
3356764617,0.221436,0.241943,1.021973
3356769617,0.188721,0.237061,1.031006
3356774617,0.163574,0.239502,1.08252
3356779617,0.218994,0.790039,0.603271
3356784617,0.254639,1.999939,1.032959
3356789617,0.077881,0.653076,0.92041
3356794617,-0.025391,0.218506,1.178467
3356799617,0.078857,0.62793,0.817139
3356804617,0.077637,0.190674,1.05249
3356809617,0.062988,1.103516,0.866211
3356814617,0.018311,0.687256,0.696777
3356819617,0.19873,0.765625,0.981445
3356824617,-0.152832,0.247803,1.093506
3356829617,0.178223,0.240723,1.182129
3356834617,-0.017822,0.170654,1.115723
3356839617,-0.022949,1.606445,0.648682
3356844617,0.26123,1.546387,1.128662
3356849617,0.093018,0.549561,1.071045
3356854617,0.179932,0.5,0.979492
3356859617,-0.216797,1.848877,0.929932
3356864617,0.039795,0.876221,0.986816
3356869617,-0.096924,0.611816,0.986816
3356874617,-0.094971,1.644775,0.784912
3356879617,-0.450439,0.860596,1.070557
3356884617,-0.195312,1.276367,1.006348
3356889617,-0.219482,0.529297,1.02832
3356894617,0.105469,0.198486,0.994141
3356899617,0.183838,0.183594,1.028809
3356904617,0.17041,0.184814,1.030762
3356909617,0.160645,0.203613,1.029297
3356914617,0.164795,0.206299,1.034424
3356919617,0.155762,0.212646,1.02832
3356924617,0.155029,0.208496,1.010986
3356929617,0.159424,0.206299,1.013672
3356934617,0.16626,0.209961,1.025635
3356939617,0.172607,0.204346,1.025635
3356944617,0.168457,0.202881,1.022705
3356949617,0.169189,0.208252,1.021729
3356954617,0.159912,0.205078,1.005859
3356959617,0.158447,0.169189,0.981934
3356964617,0.207031,0.058594,1.048584
3356969617,0.177002,0.171631,1.075928
3356974617,0.179687,0.253418,1.058594
3356979617,0.209961,0.033691,1.116943
3356984617,0.16748,0.247803,1.15332
3356989617,0.155762,0.226562,1.075195
3356994617,0.147461,0.081543,1.105713
3356999617,0.129883,-0.023682,0.983643
3357004617,0.077393,0.2771,1.112061
3357009617,0.179932,0.303467,1.000732
3357014617,0.179199,0.338623,0.992187
3357019617,0.155762,0.349121,0.969238
3357024617,0.171143,0.289063,0.979492
3357029617,0.206299,0.390381,0.993896
3357034617,0.163818,0.332275,0.992676
3357039617,0.202637,0.202637,0.991211
3357044617,0.203125,0.248047,1.006348
3357049617,0.199219,0.185059,0.928955
3357054617,0.20166,0.153076,0.922363
3357059617,0.130127,0.107666,0.891357
3357064617,0.162354,0.201416,0.940918
3357069617,0.117676,0.234131,1.033203
3357074617,0.158936,0.115967,0.903564
3357079617,0.155518,0.099854,0.940186
3357084617,0.144043,0.26416,0.961914
3357089617,0.153076,0.219238,0.983643
3357094617,0.162109,0.242432,1.090088
3357099617,0.133545,0.337891,1.083984
3357104617,0.144043,0.303467,1.076416
3357109617,0.138184,0.256348,1.105469
3357114617,0.138428,0.230469,1.073242
3357119617,0.174561,0.226318,1.156738
3357124617,0.134521,0.219971,1.072754
3357129617,0.107178,0.248047,1.004639
3357134617,0.112061,0.310059,1.030029
3357139617,0.148193,0.206299,1.079834
3357144617,0.192383,0.172119,1.025879
3357149617,0.174805,0.122559,0.971924
3357154617,0.141357,0.117432,0.93042
3357159617,0.168213,0.126221,0.950928
3357164617,0.167725,0.173584,0.998779
3357169617,0.16626,0.185059,1.01123
3357174617,0.15332,0.169678,0.994629
3357179617,0.181396,0.171631,0.982178
3357184617,0.156738,0.123291,1.000244
3357189617,0.179687,0.201172,1.075684
3357194617,0.14917,0.191162,1.052979
3357199617,0.125732,0.202881,1.060791
3357204617,0.124512,0.200928,1.030029
3357209617,0.161621,0.227539,1.02002
3357214617,0.155273,0.198242,1.004883
3357219617,0.152832,0.213623,1.022705
3357224617,0.150635,0.219238,1.041992
3357229617,0.152588,0.224365,1.073486
3357234617,0.145508,0.251221,1.044434
3357239617,0.152588,0.239258,1.023438
3357244617,0.142334,0.208252,0.9729
3357249617,0.15918,0.20874,0.97583
3357254617,0.145996,0.182373,0.963135
3357259617,0.20874,0.071045,1.16748
3357264617,0.157715,0.213623,1.05835
3357269617,0.145752,0.156006,0.945801
3357274617,0.161133,0.131348,0.965088
3357279617,0.146729,0.141113,1.011719
3357284617,0.169434,0.119629,0.994629
3357289617,0.154541,0.144043,0.983643
3357294617,0.156982,0.169434,1.012207
3357299617,0.148437,0.195068,1.031006
3357304617,0.150635,0.208496,1.034424
3357309617,0.167969,0.216064,1.032471
3357314617,0.172852,0.226807,1.018555
3357319617,0.160889,0.218994,1.029053
3357324617,0.152588,0.227539,1.02832
3357329617,0.147705,0.236328,1.032959
3357334617,0.141357,0.23877,1.037842
3357339617,0.144775,0.23584,1.043457
3357344617,0.132568,0.235107,1.033691
3357349617,0.14624,0.216064,1.023193
3357354617,0.149658,0.199951,1.017822
3357359617,0.145752,0.185547,1.022461
3357364617,0.155518,0.178467,1.014648
3357369617,0.160645,0.175049,1.01416
3357374617,0.162842,0.168213,1.012695
3357379617,0.171387,0.166016,0.994873
3357384617,0.168457,0.155273,0.989014
3357389617,0.173096,0.157715,1.009766
3357394617,0.171143,0.164795,0.997559
3357399617,0.169434,0.181885,1.009277
3357404617,0.156494,0.19458,1.015869
3357409617,0.158447,0.205322,1.02417
3357414617,0.145752,0.208496,1.007324
3357419617,0.143066,0.192871,1.005615
3357424617,0.181152,0.25,1.037842
3357429617,0.130615,0.177246,1.073975
3357434617,0.12207,0.190186,0.944824
3357439617,0.15332,0.151367,0.924805
3357444617,0.132812,0.177002,1.017822
3357449617,0.138672,0.382813,1.093506
3357454617,0.159668,0.259521,1.115723
3357459617,0.170166,0.216064,1.0
3357464617,0.151855,0.151123,0.977783
3357469617,0.155029,0.186768,0.954834
3357474617,0.176025,0.227783,1.02417
3357479617,0.147461,0.264648,1.061523
3357484617,0.150146,0.22998,1.029541
3357489617,0.148437,0.184814,1.017822
3357494617,0.140137,0.200195,1.020752
3357499617,0.141846,0.192627,1.010986
3357504617,0.138428,0.193115,1.019531
3357509617,0.149414,0.228516,1.041016
3357514617,0.150635,0.229248,1.026367
3357519617,0.153076,0.19873,1.016357
3357524617,0.152588,0.181641,0.986328
3357529617,0.155029,0.231445,1.033447
3357534617,0.161621,0.209473,1.031006
3357539617,0.161621,0.154053,0.965088
3357544617,0.158936,0.198242,1.019287
3357549617,0.1604,0.198486,1.036621
3357554617,0.153564,0.178711,1.003174
3357559617,0.154053,0.18042,1.017578
3357564617,0.142578,0.186523,0.999756
3357569617,0.144531,0.192871,1.01416
3357574617,0.14917,0.210937,1.030273
3357579617,0.142334,0.224854,1.032715
3357584617,0.135498,0.221924,1.030518
3357589617,0.138428,0.22583,1.041748
3357594617,0.13208,0.223877,1.021484
3357599617,0.124268,0.238281,1.018555
3357604617,0.134766,0.247803,1.036133
3357609617,0.141357,0.22168,1.011719
3357614617,0.161865,0.200928,1.008545
3357619617,0.144531,0.191162,1.014648
3357624617,0.140869,0.164795,1.02124
3357629617,0.15625,0.16626,1.02124
3357634617,0.164062,0.166016,1.034424
3357639617,0.153076,0.164062,1.000732
3357644617,0.170898,0.174072,1.000977
3357649617,0.19458,0.172607,0.986328
3357654617,0.181152,0.185547,1.05249
3357659617,0.179443,0.178711,0.99585
3357664617,0.179443,0.193359,1.023193
3357669617,0.194824,0.201172,1.039307
3357674617,0.184082,0.204102,1.044678
3357679617,0.189697,0.21582,1.03125
3357684617,0.164551,0.203369,1.01416
3357689617,0.160645,0.20874,1.01709
3357694617,0.169678,0.221191,1.04834
3357699617,0.150635,0.225342,1.030762
3357704617,0.157471,0.164795,1.000977
3357709617,0.176514,0.21167,1.035889
3357714617,0.155762,0.205078,1.03418
3357719617,0.170166,0.181641,1.010742
3357724617,0.154297,0.16333,1.011963
3357729617,0.161865,0.158203,1.013916
3357734617,0.163818,0.167725,0.997803
3357739617,0.152588,0.183105,1.012207
3357744617,0.157471,0.188965,1.014648
3357749617,0.154297,0.18335,1.019775
3357754617,0.156738,0.197998,1.017334
3357759617,0.165527,0.196289,1.029053
3357764617,0.158936,0.205078,1.030273
3357769617,0.163086,0.217285,1.026123
3357774617,0.164551,0.220947,1.032715
3357779617,0.150879,0.209229,1.031006
3357784617,0.164551,0.212891,1.017578
3357789617,0.154053,0.206543,1.022217
3357794617,0.152344,0.204834,1.025146
3357799617,0.160156,0.196045,1.024414
3357804617,0.1521,0.185303,1.014893
3357809617,0.1604,0.182861,1.017334
3357814617,0.154785,0.175537,1.010254
3357819617,0.162354,0.169434,1.007813
3357824617,0.16333,0.172607,1.016357
3357829617,0.16333,0.176025,1.01001
3357834617,0.164551,0.169189,1.008789
3357839617,0.166016,0.169189,1.012207
3357844617,0.167969,0.182373,1.021729
3357849617,0.200195,0.293945,1.049561
3357854617,0.142578,0.108643,1.064941
3357859617,0.144775,0.189941,1.036621
3357864617,0.116211,0.226562,1.023193
3357869617,0.130371,0.272461,1.082275
3357874617,0.141357,0.294434,1.051758
3357879617,0.14917,0.261719,1.034912
3357884617,0.171631,0.249023,1.02417
3357889617,0.197021,0.206299,1.039307
3357894617,0.212646,0.119385,0.964111
3357899617,0.128418,0.223877,1.013428
3357904617,0.090576,0.275635,1.092773
3357909617,0.168945,0.28125,1.101807
3357914617,0.1875,0.175537,1.014893
3357919617,0.157471,0.075684,0.940674
3357924617,0.168457,0.020996,0.913086
3357929617,0.180664,0.073975,0.933594
3357934617,0.203613,0.173584,1.040283
3357939617,0.193848,0.199219,1.04126
3357944617,0.174072,0.166504,0.99585
3357949617,0.164795,0.138916,1.014404
3357954617,0.175537,0.178711,1.05957
3357959617,0.160156,0.193359,1.021973
3357964617,0.135986,0.222412,1.073486
3357969617,0.117432,0.241699,1.030762
3357974617,0.086426,0.273926,1.049561
3357979617,0.080322,0.299072,1.045654
3357984617,0.097412,0.331787,1.0354
3357989617,0.141602,0.317871,1.055176
3357994617,0.14624,0.255371,1.062744
3357999617,0.126465,0.165527,1.012939
3358004617,0.143066,0.262695,1.064453
3358009617,0.141113,0.273438,1.048584
3358014617,0.135498,0.182861,1.043701
3358019617,0.163574,0.148682,1.003906
3358024617,0.188232,0.184326,0.969482
3358029617,0.155762,0.099854,0.973145
3358034617,0.199219,0.07251,0.826904
3358039617,0.11792,0.242187,1.013428
3358044617,0.172119,0.18335,0.982666
3358049617,0.146729,0.175537,0.960693
3358054617,0.153809,0.217529,0.970703
3358059617,0.133057,0.223633,0.968018
3358064617,0.119629,0.233398,0.985107
3358069617,0.114746,0.301758,1.005127
3358074617,0.131592,0.29248,1.018555
3358079617,0.118652,0.32373,1.05249
3358084617,0.131592,0.2146,1.015625
3358089617,0.156006,0.250977,1.043945
3358094617,0.133789,0.23877,1.063232
3358099617,0.244141,0.195557,1.231201
3358104617,0.115479,0.379395,1.247559
3358109617,0.187012,0.230713,1.039551
3358114617,0.165771,0.084473,0.929443
3358119617,0.141602,0.055908,0.960449
3358124617,0.183105,0.055176,0.819092
3358129617,0.189941,0.099609,0.931152
3358134617,0.148193,0.134521,1.046875
3358139617,0.181396,0.170654,1.003418
3358144617,0.169189,0.124756,0.953613
3358149617,0.169678,0.104492,0.987793
3358154617,0.154297,0.121582,0.955078
3358159617,0.154541,0.16748,0.999023
3358164617,0.156982,0.256104,1.05249
3358169617,0.154541,0.273682,1.083496
3358174617,0.14502,0.249023,1.018555
3358179617,0.15332,0.222656,1.015625
3358184617,0.126465,0.247559,1.048828
3358189617,0.135498,0.268066,1.057617
3358194617,0.133301,0.278809,1.046631
3358199617,0.136719,0.279053,1.04834
3358204617,0.134033,0.258057,1.041992
3358209617,0.146729,0.247803,1.033691
3358214617,0.151611,0.235107,1.037598
3358219617,0.168945,0.211426,1.037842
3358224617,0.153076,0.188721,1.037598
3358229617,0.166992,0.171143,1.021484
3358234617,0.170166,0.164795,0.998779
3358239617,0.167236,0.165771,0.991943
3358244617,0.170898,0.141602,0.991699
3358249617,0.168213,0.116943,0.974609
3358254617,0.162598,0.119629,0.959961
3358259617,0.164795,0.125977,0.97583
3358264617,0.152832,0.144775,0.988281
3358269617,0.16748,0.156982,1.019287
3358274617,0.150391,0.167236,1.009033
3358279617,0.156982,0.181885,1.028076
3358284617,0.141846,0.207275,1.035156
3358289617,0.152344,0.221191,1.052246
3358294617,0.160889,0.238037,1.046875
3358299617,0.151123,0.244141,1.027344
3358304617,0.149658,0.248291,1.044678
3358309617,0.139648,0.264648,1.042725
3358314617,0.147461,0.259766,1.036621
3358319617,0.144775,0.250732,1.033936
3358324617,0.145508,0.245361,1.033203
3358329617,0.150146,0.229736,1.04248
3358334617,0.140381,0.219971,1.031982
3358339617,0.147217,0.209473,1.031738
3358344617,0.148926,0.196045,1.033936
3358349617,0.151367,0.17334,1.014893
3358354617,0.161621,0.15625,1.00293
3358359617,0.159668,0.14917,1.00708
3358364617,0.163818,0.138184,0.985107
3358369617,0.170898,0.138184,0.979492
3358374617,0.170166,0.145508,0.988037
3358379617,0.169678,0.156006,0.995117
3358384617,0.167969,0.164795,1.002197
3358389617,0.158936,0.177246,1.011719
3358394617,0.153564,0.199951,1.022949
3358399617,0.151855,0.205322,1.029541
3358404617,0.147705,0.213623,1.036621
3358409617,0.147461,0.237061,1.047607
3358414617,0.140869,0.241943,1.031738
3358419617,0.142334,0.242187,1.038086
3358424617,0.13916,0.247314,1.040039
3358429617,0.141113,0.238525,1.039063
3358434617,0.150391,0.230225,1.0354
3358439617,0.158203,0.219971,1.029297
3358444617,0.154297,0.208496,1.026367
3358449617,0.158203,0.207764,1.02832
3358454617,0.161133,0.193848,1.015625
3358459617,0.163818,0.179932,1.007324
3358464617,0.162354,0.16333,1.000244
3358469617,0.164307,0.158447,0.988525
3358474617,0.162598,0.147461,0.991943
3358479617,0.15918,0.152344,0.998779
3358484617,0.16333,0.160645,1.006592
3358489617,0.154053,0.175537,1.00708
3358494617,0.154541,0.185791,1.024658
3358499617,0.159912,0.191895,1.0271
3358504617,0.149902,0.196045,1.029541
3358509617,0.151611,0.206299,1.029541
3358514617,0.147705,0.220215,1.031738
3358519617,0.147949,0.234375,1.031494
3358524617,0.146973,0.239746,1.032959
3358529617,0.147705,0.234619,1.029541
3358534617,0.152832,0.231689,1.025391
3358539617,0.151123,0.219482,1.028564
3358544617,0.153809,0.212891,1.031982
3358549617,0.153564,0.206055,1.025879
3358554617,0.150146,0.196533,1.020264
3358559617,0.154297,0.185059,1.018799
3358564617,0.153564,0.177246,1.016846
3358569617,0.158936,0.168701,1.003418
3358574617,0.156982,0.164062,1.002441
3358579617,0.155762,0.163574,0.997559
3358584617,0.155762,0.167969,1.004395
3358589617,0.151123,0.182617,1.008545
3358594617,0.159424,0.184326,1.010254
3358599617,0.155273,0.194824,1.016602
3358604617,0.135498,0.231201,0.928711
3358609617,0.159424,0.213623,1.023682
3358614617,0.171143,0.210937,1.061768
3358619617,0.162598,0.21875,1.041992
3358624617,0.150146,0.219482,1.032471
3358629617,0.152832,0.221191,1.029541
3358634617,0.151367,0.213623,1.028564
3358639617,0.150635,0.208496,1.031738
3358644617,0.148193,0.205811,1.029297
3358649617,0.150146,0.205078,1.027588
3358654617,0.15625,0.19873,1.023926
3358659617,0.148437,0.190918,1.012451
3358664617,0.154785,0.184082,1.015381
3358669617,0.158447,0.183105,1.003174
3358674617,0.156738,0.177246,1.007813
3358679617,0.156738,0.179932,1.010498
3358684617,0.157227,0.184326,1.017822
3358689617,0.156982,0.189697,1.015381
3358694617,0.157471,0.196289,1.02124
3358699617,0.154297,0.196533,1.019287
3358704617,0.153564,0.201904,1.020264
3358709617,0.153564,0.202881,1.022461
3358714617,0.1521,0.201904,1.021729
3358719617,0.147461,0.20752,1.025635
3358724617,0.147949,0.21167,1.033691
3358729617,0.151367,0.210205,1.021973
3358734617,0.15332,0.211426,1.023438
3358739617,0.148682,0.205078,1.014893
3358744617,0.157959,0.20459,1.02417
3358749617,0.152832,0.191162,1.020508
3358754617,0.153809,0.189697,1.015137
3358759617,0.152344,0.197266,1.004639
3358764617,0.156006,0.16626,0.996826
3358769617,0.168945,0.206299,1.158936
3358774617,0.133545,0.208496,0.964844
3358779617,0.140381,0.199463,0.999512
3358784617,0.166748,0.19043,1.024658
3358789617,0.154053,0.193359,1.009033
3358794617,0.149414,0.196045,1.00708
3358799617,0.157959,0.202393,1.01416
3358804617,0.145508,0.207764,1.00415
3358809617,0.154541,0.200195,1.024658
3358814617,0.151855,0.200439,1.008545
3358819617,0.153564,0.199463,1.026123
3358824617,0.148437,0.203125,1.021729
3358829617,0.153564,0.20459,1.02002
3358834617,0.157715,0.203125,1.03418
3358839617,0.150391,0.195557,1.01416
3358844617,0.161133,0.200928,1.023438
3358849617,0.15332,0.191162,1.007324
3358854617,0.162109,0.192383,1.016602
3358859617,0.159424,0.189209,1.010742
3358864617,0.15625,0.190918,1.02002
3358869617,0.154541,0.189941,1.019531
3358874617,0.148682,0.188965,1.013184
3358879617,0.155762,0.193359,1.015381
3358884617,0.153564,0.194336,1.015381
3358889617,0.150879,0.196777,1.025146
3358894617,0.153809,0.19873,1.017334
3358899617,0.153809,0.20166,1.021973
3358904617,0.15332,0.203125,1.022949
3358909617,0.15332,0.199951,1.024658
3358914617,0.158447,0.205078,1.023193
3358919617,0.153809,0.199219,1.020996
3358924617,0.152832,0.202637,1.020752
3358929617,0.160889,0.19873,1.021484
3358934617,0.153564,0.199463,1.02417
3358939617,0.154541,0.20166,1.017822
3358944617,0.155762,0.198975,1.01123
3358949617,0.150879,0.192627,1.020508
3358954617,0.155762,0.192383,1.020752
3358959617,0.15332,0.193848,1.023193
3358964617,0.14917,0.195312,1.020264
3358969617,0.158936,0.193604,1.013184
3358974617,0.154541,0.193848,1.021973
3358979617,0.150635,0.191895,1.020264
3358984617,0.150391,0.196045,1.012939
3358989617,0.153564,0.19751,1.017334
3358994617,0.155518,0.200195,1.017822
3358999617,0.157959,0.194092,1.019287
3359004617,0.152588,0.200684,1.018066
3359009617,0.151123,0.202393,1.018066
3359014617,0.1521,0.199951,1.018311
3359019617,0.156982,0.202393,1.02002
3359024617,0.154053,0.198242,1.02417
3359029617,0.159424,0.198975,1.019287
3359034617,0.156982,0.196777,1.020508
3359039617,0.155273,0.195557,1.022461
3359044617,0.152832,0.196777,1.019775
3359049617,0.158203,0.194092,1.016113
3359054617,0.154785,0.198486,1.021973
3359059617,0.150879,0.198242,1.022949
3359064617,0.152588,0.200195,1.020508
3359069617,0.153564,0.198486,1.008545
3359074617,0.153564,0.200439,1.027344
3359079617,0.153076,0.203125,1.02417
3359084617,0.154541,0.19873,1.021973
3359089617,0.155518,0.198242,1.020508
3359094617,0.154785,0.20166,1.019775
3359099617,0.151367,0.199463,1.019775
3359104617,0.150146,0.200684,1.020996
3359109617,0.151855,0.197998,1.019287
3359114617,0.15332,0.194824,1.021484
3359119617,0.153809,0.19751,1.020752
3359124617,0.153076,0.197266,1.023438
3359129617,0.156494,0.197998,1.018555
3359134617,0.153809,0.201416,1.015625
3359139617,0.156738,0.194824,1.017822
3359144617,0.153809,0.199219,1.020264
3359149617,0.155762,0.197998,1.015869
3359154617,0.154297,0.201172,1.01416
3359159617,0.159668,0.196777,1.024658
3359164617,0.155762,0.198975,1.019531
3359169617,0.150391,0.199707,1.014893
3359174617,0.154297,0.198975,1.018066
3359179617,0.150146,0.201172,1.018066
3359184617,0.153564,0.199707,1.026611
3359189617,0.155518,0.199219,1.016357
3359194617,0.15625,0.199463,1.017578
3359199617,0.153076,0.196045,1.014648
3359204617,0.154297,0.197754,1.020508
3359209617,0.149414,0.197998,1.013672
3359214617,0.156494,0.198486,1.023438
3359219617,0.156494,0.199707,1.015625
3359224617,0.15332,0.197021,1.019531
3359229617,0.15332,0.195801,1.01709
3359234617,0.151855,0.196533,1.010254
3359239617,0.154541,0.200684,1.018066
3359244617,0.157227,0.200439,1.022461
3359249617,0.150635,0.197266,1.026123
3359254617,0.151367,0.200195,1.023926
