timestamp_us,x_g,y_g,z_g
3235619617,0.19043,0.20874,1.02002
3235624617,0.189941,0.210205,1.013916
3235629617,0.193115,0.202393,1.009766
3235634617,0.192139,0.201172,1.007813
3235639617,0.190674,0.204102,1.014893
3235644617,0.193848,0.207031,1.009521
3235649617,0.197754,0.20752,1.010986
3235654617,0.195068,0.206055,1.018066
3235659617,0.192139,0.20874,1.012207
3235664617,0.192383,0.207275,1.015137
3235669617,0.189453,0.208984,1.003662
3235674617,0.193848,0.207031,1.018799
3235679617,0.194092,0.207275,1.014648
3235684617,0.190918,0.210937,1.016602
3235689617,0.194336,0.207031,1.009033
3235694617,0.192871,0.205811,1.005615
3235699617,0.196533,0.206299,1.021484
3235704617,0.194092,0.206787,1.013916
3235709617,0.194336,0.207764,1.006104
3235714617,0.196289,0.204346,1.008057
3235719617,0.19165,0.205322,1.010498
3235724617,0.192139,0.207275,1.011475
3235729617,0.19165,0.20874,1.006104
3235734617,0.189209,0.211182,1.010742
3235739617,0.19165,0.212891,1.011719
3235744617,0.190674,0.208008,1.014893
3235749617,0.193359,0.207031,1.014893
3235754617,0.192627,0.212158,1.008057
3235759617,0.191406,0.212402,1.013184
3235764617,0.193359,0.206543,1.009766
3235769617,0.195801,0.208252,1.016846
3235774617,0.190674,0.213867,1.010742
3235779617,0.196289,0.210937,1.015381
3235784617,0.189941,0.207275,1.016602
3235789617,0.196777,0.205566,1.001953
3235794617,0.195557,0.203613,1.004395
3235799617,0.193848,0.204102,1.012695
3235804617,0.186279,0.200684,1.012451
3235809617,0.192139,0.204346,1.012939
3235814617,0.189209,0.204834,1.014893
3235819617,0.189941,0.204346,1.018311
3235824617,0.187988,0.213379,1.018066
3235829617,0.192139,0.209961,1.012939
3235834617,0.192383,0.207764,1.012451
3235839617,0.186279,0.210693,1.018311
3235844617,0.193115,0.208496,1.009521
3235849617,0.190674,0.210449,1.018799
3235854617,0.193115,0.205322,1.009277
3235859617,0.196289,0.210693,1.005615
3235864617,0.192871,0.207031,1.008545
3235869617,0.19165,0.208008,1.006348
3235874617,0.194336,0.20459,1.008301
3235879617,0.19458,0.202637,1.009033
3235884617,0.19165,0.202637,1.009033
3235889617,0.195068,0.204834,1.013916
3235894617,0.187256,0.204346,1.012695
3235899617,0.19043,0.20166,1.006836
3235904617,0.193359,0.206299,1.017578
3235909617,0.19165,0.207764,1.008057
3235914617,0.192383,0.210449,1.012939
3235919617,0.191895,0.205078,1.015381
3235924617,0.192139,0.207275,1.013428
3235929617,0.19873,0.206299,1.018799
3235934617,0.19873,0.209229,1.010498
3235939617,0.201904,0.211914,1.010498
3235944617,0.199707,0.205811,1.017578
3235949617,0.194092,0.203125,1.011963
3235954617,0.188721,0.202148,1.013428
3235959617,0.188721,0.204102,1.015381
3235964617,0.177979,0.202637,1.007324
3235969617,0.190186,0.209961,1.011963
3235974617,0.189209,0.21167,1.015869
3235979617,0.186035,0.208984,1.008789
3235984617,0.191406,0.20752,1.014648
3235989617,0.197021,0.209717,1.010742
3235994617,0.194824,0.20752,1.008301
3235999617,0.192871,0.208496,1.015869
3236004617,0.191406,0.208496,1.010254
3236009617,0.186768,0.204834,1.009521
3236014617,0.19751,0.199707,1.011963
3236019617,0.19751,0.202148,1.008545
3236024617,0.196045,0.199707,1.003418
3236029617,0.193848,0.205566,1.014648
3236034617,0.19165,0.208008,1.010498
3236039617,0.190186,0.20752,1.009277
3236044617,0.185791,0.210937,1.020508
3236049617,0.187256,0.209473,1.013428
3236054617,0.192383,0.208496,1.01416
3236059617,0.191162,0.211182,1.018799
3236064617,0.193359,0.209473,1.021484
3236069617,0.192383,0.21167,1.011963
3236074617,0.190918,0.207275,1.011963
3236079617,0.196045,0.205322,1.015137
3236084617,0.190186,0.200928,1.013672
3236089617,0.193359,0.204102,1.015137
3236094617,0.191406,0.204834,1.008301
3236099617,0.193604,0.206055,1.010498
3236104617,0.194336,0.198975,1.009766
3236109617,0.1875,0.207031,1.012207
3236114617,0.193604,0.207275,1.020264
3236119617,0.187988,0.211182,1.011475
3238644617,0.19165,0.203613,1.003906
3238654617,0.189941,0.208984,1.004639
3238659617,0.190674,0.207764,1.01123
3238664617,0.190674,0.20752,1.010254
3238669617,0.196533,0.20459,1.01709
3238674617,0.190918,0.206543,1.012207
3238679617,0.1875,0.205811,1.005859
3238684617,0.193359,0.212891,1.01001
3238689617,0.1875,0.207031,1.010254
3238694617,0.194092,0.206299,1.005127
3238699617,0.190674,0.206055,1.020508
3238704617,0.189941,0.206787,1.012695
3238709617,0.194824,0.205566,1.012451
3238714617,0.192383,0.205566,1.012207
3238719617,0.196045,0.207031,1.014893
3238724617,0.193115,0.210205,1.010498
3238729617,0.199707,0.208984,1.010254
3238734617,0.196289,0.207031,1.01416
3238739617,0.193848,0.202148,1.006836
3238744617,0.189453,0.204834,1.010254
3238749617,0.194092,0.207275,1.007324
3238754617,0.187744,0.203613,1.013428
3238759617,0.188721,0.204834,1.014893
3238764617,0.192627,0.209229,1.013916
3238769617,0.187012,0.21167,1.016602
3238774617,0.190674,0.203857,1.003662
3238779617,0.187256,0.209961,1.011719
3238784617,0.189209,0.20459,1.015381
3238789617,0.195801,0.204834,1.008789
3238794617,0.19165,0.207031,1.011475
3238799617,0.19165,0.203613,1.004395
3238804617,0.192627,0.207031,1.013184
3238809617,0.191895,0.207275,1.012207
3238814617,0.192871,0.212402,1.017334
3238819617,0.192383,0.207275,1.011963
3238824617,0.197266,0.207764,1.013672
3238829617,0.190674,0.210449,1.011719
3238834617,0.188721,0.208984,1.014404
3238839617,0.191162,0.20752,1.016602
3238844617,0.191895,0.20459,1.006836
3238849617,0.1875,0.209229,1.017578
3238854617,0.188232,0.205078,1.015381
3238859617,0.190186,0.203857,1.004883
3238864617,0.183105,0.208008,1.009521
3238869617,0.191895,0.205811,1.013672
3238874617,0.195557,0.205566,1.006836
3238879617,0.19043,0.208252,1.009766
3238884617,0.196533,0.204346,1.015869
3238889617,0.193848,0.207764,1.012207
3238894617,0.196777,0.208008,1.008545
3238899617,0.190186,0.204102,1.017578
3238904617,0.188477,0.202637,1.001465
3238909617,0.194824,0.201172,1.013428
3238914617,0.185303,0.203369,1.011719
3238919617,0.187744,0.207764,1.008057
3238924617,0.189697,0.205078,1.014648
3238929617,0.188232,0.208008,1.01123
3238934617,0.191895,0.207764,1.012207
3238939617,0.194336,0.212158,1.015625
3238944617,0.186279,0.204834,1.011963
3238949617,0.187256,0.20752,1.007568
3238954617,0.19751,0.205322,1.013916
3238959617,0.195312,0.209961,1.013672
3238964617,0.193359,0.206787,1.013672
3238969617,0.189453,0.20752,1.009033
3238974617,0.192627,0.201172,1.008301
3238979617,0.194092,0.202393,1.012451
3238984617,0.194092,0.208496,1.017822
3238989617,0.192627,0.20752,1.012939
3238994617,0.188232,0.210205,1.008545
3238999617,0.19458,0.209961,1.011963
3239004617,0.193604,0.208496,1.01001
3239009617,0.195312,0.206787,1.005859
3239014617,0.196777,0.205811,1.009033
3239019617,0.191406,0.20459,1.011475
3239024617,0.193848,0.208496,1.008789
3239029617,0.191406,0.205322,1.016602
3239034617,0.192871,0.20874,1.01123
3239039617,0.193604,0.209229,1.012207
3239044617,0.19043,0.206787,1.008789
3239049617,0.19043,0.206787,1.015869
3239054617,0.195557,0.203613,1.017334
3239059617,0.193604,0.205811,1.004639
3239064617,0.189941,0.207031,1.010742
3239069617,0.193115,0.205566,1.013672
3239074617,0.19458,0.210449,1.006836
3239079617,0.193848,0.208252,1.013428
3239084617,0.191895,0.203613,1.011963
3239089617,0.193115,0.205811,1.012939
3239094617,0.196289,0.205811,1.011719
3239099617,0.191406,0.209229,1.013916
3239104617,0.194092,0.209473,1.01709
3239109617,0.192871,0.207275,1.013428
3239114617,0.19165,0.208984,1.008301
3239119617,0.194336,0.207764,1.011963
3239124617,0.190918,0.20874,1.006104
3239129617,0.189209,0.208496,1.006836
3239134617,0.19043,0.203613,1.013672
3239139617,0.189697,0.203369,1.015381
3239144617,0.191895,0.205811,1.014893
3239149617,0.193115,0.206787,1.015381
3239154617,0.191162,0.204102,1.009766
3239159617,0.189209,0.210937,1.013672
3239164617,0.188477,0.209229,1.006104
3239169617,0.193115,0.206787,1.006348
3239174617,0.196777,0.203857,1.005127
3239179617,0.197998,0.20752,1.007568
3239184617,0.193848,0.205322,1.009521
3239189617,0.192627,0.207031,1.006104
3239194617,0.193848,0.20752,1.016846
3239199617,0.195312,0.20752,1.009521
3239204617,0.196289,0.208008,1.006592
3239209617,0.191895,0.206787,1.009521
3239214617,0.1875,0.205322,1.013672
3239219617,0.193604,0.206299,1.012207
3239224617,0.189209,0.209473,1.008789
3239229617,0.191895,0.207031,1.008545
3239234617,0.191406,0.206055,1.015137
3239239617,0.193359,0.208008,1.011475
3239244617,0.19165,0.201904,1.013428
3239249617,0.191895,0.206787,1.009033
3239254617,0.190918,0.20166,1.01123
3239259617,0.193115,0.208008,1.012939
3239264617,0.192871,0.209717,1.015137
3239269617,0.196289,0.206055,1.011963
3239274617,0.193848,0.20752,1.010742
3239279617,0.196289,0.204834,1.018555
3239284617,0.192383,0.208252,1.012939
3239289617,0.195312,0.205566,1.010742
3239294617,0.194336,0.210449,1.008057
3239299617,0.193359,0.209473,1.008057
3239304617,0.193848,0.205566,1.010742
3239309617,0.192627,0.208252,1.003418
3239314617,0.193604,0.209229,1.01123
3239319617,0.192627,0.208008,1.013184
3239324617,0.19458,0.209229,1.010986
3239329617,0.192139,0.208252,1.010498
3239334617,0.191162,0.207031,1.014648
3239339617,0.194092,0.208496,1.009277
3239344617,0.193604,0.206543,1.010254
3239349617,0.191406,0.209229,1.006104
3239354617,0.191895,0.206299,1.007813
3239359617,0.191162,0.208008,1.008789
3239364617,0.196533,0.208496,1.008301
3239369617,0.189697,0.210449,1.003906
3239374617,0.189453,0.204102,1.010986
3239379617,0.188232,0.208252,1.01001
3239384617,0.188965,0.206299,1.008301
3239389617,0.192871,0.209229,1.009277
3239394617,0.197021,0.208008,1.016602
3239399617,0.193359,0.208496,1.003906
3239404617,0.190186,0.204102,1.012207
3239409617,0.191162,0.207275,1.001953
3239414617,0.188232,0.208496,1.01416
3239419617,0.189941,0.206055,1.009521
3239424617,0.19043,0.209473,1.017578
3239429617,0.190918,0.206299,1.005859
3239434617,0.194824,0.207275,1.015625
3239439617,0.189209,0.204834,1.01709
3239444617,0.192627,0.204102,1.011963
3239449617,0.193115,0.205566,1.008301
3239454617,0.190186,0.206055,1.011475
3239459617,0.193359,0.211182,1.013428
3239464617,0.195312,0.209473,1.009766
3239469617,0.194092,0.208252,1.007324
3239474617,0.188232,0.205078,1.00708
3239479617,0.187988,0.212158,1.014893
3239484617,0.187256,0.205322,1.009277
3239489617,0.192383,0.20874,1.012695
3239494617,0.192871,0.206055,1.010498
3239499617,0.192139,0.204346,1.009277
3239504617,0.194336,0.204102,1.010742
3239509617,0.194092,0.206055,1.016846
3239514617,0.190918,0.20459,1.004395
3239519617,0.191406,0.203613,1.011475
3239524617,0.19165,0.205811,1.012939
3239529617,0.192871,0.206787,1.012207
3239534617,0.193115,0.204834,1.012939
3239539617,0.195312,0.207275,1.009277
3239544617,0.19458,0.210205,1.020264
3239549617,0.191406,0.20752,1.012695
3239554617,0.191162,0.208496,1.01709
3239559617,0.19043,0.20752,1.017334
3239564617,0.194824,0.207764,1.016602
3239569617,0.192383,0.208252,1.013672
3239574617,0.192383,0.207275,1.013184
3239579617,0.190674,0.207275,1.012207
3239584617,0.187988,0.207031,1.021729
3239589617,0.197021,0.208984,1.018799
3239594617,0.189697,0.206543,1.012695
3239599617,0.194092,0.202881,1.013916
3239604617,0.192871,0.20874,1.015869
3239609617,0.192139,0.207764,1.009277
3239614617,0.194824,0.205566,1.009766
3239619617,0.195557,0.207764,1.011475
3239624617,0.19043,0.20752,1.01123
3239629617,0.195312,0.207764,1.015137
3239634617,0.193115,0.208496,1.009766
3239639617,0.19165,0.210449,1.010254
3239644617,0.187988,0.206299,1.01001
3239649617,0.195068,0.209717,1.009033
3239654617,0.191406,0.203857,1.007813
3239659617,0.193848,0.205566,1.018066
3239664617,0.188965,0.203857,1.014648
3239669617,0.19458,0.209961,1.009521
3239674617,0.190918,0.210693,1.010742
3239679617,0.194092,0.203369,1.006836
3239684617,0.193115,0.208252,1.011963
3239689617,0.191162,0.20752,1.010742
3239694617,0.191895,0.206787,1.011475
3239699617,0.192627,0.209229,1.006104
3239704617,0.193115,0.208252,1.01416
3239709617,0.194336,0.207031,1.013672
3239714617,0.193115,0.206299,1.013672
3239719617,0.187256,0.20459,1.009521
3239724617,0.194824,0.209473,1.015137
3239729617,0.188232,0.207031,1.012939
3239734617,0.191406,0.207031,1.011963
3239739617,0.190186,0.206543,1.010742
3239744617,0.191162,0.204834,1.00708
3239749617,0.190186,0.205566,1.015381
3239754617,0.194336,0.206299,1.011475
3239759617,0.189697,0.209229,1.011475
3239764617,0.194824,0.210205,1.011475
3239769617,0.189453,0.212646,1.003174
3239774617,0.191406,0.206299,1.010254
3239779617,0.188477,0.208252,1.01001
3239784617,0.190918,0.20459,1.010498
3239789617,0.196289,0.208008,1.005371
3239794617,0.1875,0.204102,1.006836
3239799617,0.188477,0.206787,1.009033
3239804617,0.195557,0.210693,1.006348
3239809617,0.189941,0.207031,1.006592
3239814617,0.193604,0.204834,1.012207
3239819617,0.192139,0.208496,1.017578
3239824617,0.195801,0.205811,1.011963
3239829617,0.19165,0.20752,1.014648
3239834617,0.193359,0.205078,1.009033
3239839617,0.193848,0.207764,1.00708
3239844617,0.197266,0.208496,1.01709
3239849617,0.194092,0.20459,1.015625
3239854617,0.19165,0.206055,1.011963
3239859617,0.191406,0.212402,1.014893
3239864617,0.191406,0.208984,1.009521
3239869617,0.189453,0.208008,1.016602
3239874617,0.193359,0.208252,1.010742
3239879617,0.19043,0.206787,1.010498
3239884617,0.192627,0.206299,1.01416
3239889617,0.188965,0.208252,1.011475
3239894617,0.187988,0.204834,1.007324
3239899617,0.194336,0.211426,1.010498
3239904617,0.195312,0.204102,1.016357
3239909617,0.191406,0.205811,1.007568
3239914617,0.19165,0.206787,1.012207
3239919617,0.196289,0.209717,1.009033
3239924617,0.192627,0.206543,1.023926
3239929617,0.191895,0.208496,1.015625
3239934617,0.195557,0.20166,1.009277
3239939617,0.192139,0.208008,1.013916
3239944617,0.189453,0.209473,1.009521
3239949617,0.188232,0.208252,1.008789
3239954617,0.188477,0.209229,1.009766
3239959617,0.190918,0.208008,1.010254
3239964617,0.19165,0.209229,1.00415
3239969617,0.19165,0.203613,1.018799
3239974617,0.195312,0.211914,1.01123
3239979617,0.198242,0.211914,1.01416
3239984617,0.192627,0.208984,1.012451
3239989617,0.189697,0.212891,1.013428
3239994617,0.194824,0.210205,1.012207
3239999617,0.193604,0.207031,1.009277
3240004617,0.194092,0.20459,1.001465
3240009617,0.192139,0.207031,1.016113
3240014617,0.192383,0.209229,1.008789
3240019617,0.197021,0.208252,1.013428
3240024617,0.194336,0.20752,1.012451
3240029617,0.194092,0.208984,1.006836
3240034617,0.194336,0.208008,1.012939
3240039617,0.193359,0.206299,1.010254
3240044617,0.193359,0.20874,1.003906
3240049617,0.19165,0.206299,1.013916
3240054617,0.189453,0.210693,1.015137
3240059617,0.192139,0.206543,1.012451
3240064617,0.192627,0.205566,1.016357
3240069617,0.19043,0.204834,1.016602
3240074617,0.191406,0.206543,1.010742
3240079617,0.187012,0.208252,1.007324
3240084617,0.196045,0.203369,1.014404
3240089617,0.192627,0.207031,1.008789
3240094617,0.192871,0.20752,1.010498
3240099617,0.196289,0.206543,1.010254
3240104617,0.198242,0.210693,1.011963
3240109617,0.192627,0.209717,1.010498
3240114617,0.193604,0.208252,1.013672
3240119617,0.192383,0.20874,1.018311
3240124617,0.188965,0.207031,1.015869
3240129617,0.192139,0.212158,1.011719
3240134617,0.194092,0.20752,1.006592
3240139617,0.193604,0.208252,1.011719
3240144617,0.193848,0.203369,1.012451
3240149617,0.191895,0.207764,1.008057
3240154617,0.188477,0.201904,1.01123
3240159617,0.19043,0.205566,1.012695
3240164617,0.193115,0.204834,1.010498
3240169617,0.196777,0.202637,1.016846
3240174617,0.194336,0.207031,1.015625
3240179617,0.196533,0.213623,1.009521
3240184617,0.19165,0.210449,1.008789
3240189617,0.197021,0.205322,1.012939
3240194617,0.19165,0.207275,1.005371
3240199617,0.195557,0.207275,1.012939
3240204617,0.195068,0.207764,1.01001
3240209617,0.192139,0.209229,1.01123
3240214617,0.192627,0.209229,1.008301
3240219617,0.192871,0.204346,1.011963
3240224617,0.19165,0.211182,1.011963
3240229617,0.196777,0.207275,1.005371
3240234617,0.193848,0.210205,1.013428
3240239617,0.193359,0.211182,1.01416
3240244617,0.189453,0.209717,1.009766
3240249617,0.190918,0.20752,1.014648
3240254617,0.195068,0.209473,1.005859
3240259617,0.192383,0.203857,1.015625
3240264617,0.190674,0.202881,1.010986
3240269617,0.191162,0.204834,1.008301
3240274617,0.190186,0.20459,1.008301
3240279617,0.192871,0.205322,1.012451
3240284617,0.194092,0.202637,1.008301
3240289617,0.193359,0.20874,1.009766
3240294617,0.187744,0.210205,1.011963
3240299617,0.192871,0.208984,1.018311
3240304617,0.191895,0.210449,1.012695
3240309617,0.190674,0.20874,1.006348
3240314617,0.193848,0.206055,1.01123
3240319617,0.193115,0.20874,1.012695
3240324617,0.192627,0.204102,1.012207
3240329617,0.19165,0.205322,1.01001
3240334617,0.188232,0.203613,1.01709
3240339617,0.190918,0.206543,1.015381
3240344617,0.191162,0.204102,1.012695
3240349617,0.187744,0.203857,1.001709
3240354617,0.190674,0.202637,1.006592
3240359617,0.189453,0.204834,1.01001
3240364617,0.191162,0.209717,1.013428
3240369617,0.194092,0.207275,1.011475
3240374617,0.191162,0.208008,1.008545
3240379617,0.190186,0.208984,1.013184
3240384617,0.193115,0.208496,1.013916
3240389617,0.188965,0.20874,1.014648
3240394617,0.189209,0.206787,1.014404
3240399617,0.190674,0.20459,1.01123
3240404617,0.191406,0.208496,1.013428
3240409617,0.19165,0.210937,1.011719
3240414617,0.195068,0.211182,1.009521
3240419617,0.193359,0.210449,1.012207
3240424617,0.196045,0.209229,1.010742
3240429617,0.192627,0.205078,1.016846
3240434617,0.195068,0.205078,1.01001
3240439617,0.19165,0.208008,1.015381
3240444617,0.191162,0.210693,1.00415
3240449617,0.192871,0.206299,1.010498
3240454617,0.189209,0.203125,1.018799
3240459617,0.186768,0.200684,1.013428
3240464617,0.195312,0.209229,1.017578
3240469617,0.195801,0.219482,1.005859
3240474617,0.196289,0.204346,0.998047
3240479617,0.199463,0.202148,1.009521
3240484617,0.192383,0.210205,1.015625
3240489617,0.194092,0.212646,1.01416
3240494617,0.193359,0.206299,1.007568
3240499617,0.192627,0.208984,1.019531
3240504617,0.194336,0.211914,1.018799
3240509617,0.190186,0.205566,1.012939
3240514617,0.194336,0.202881,1.010742
3240519617,0.191895,0.201416,1.012451
3240524617,0.189453,0.20752,1.017578
3240529617,0.188477,0.207764,1.011963
3240534617,0.192871,0.208008,1.01001
3240539617,0.192139,0.204834,1.010498
3240544617,0.190674,0.20874,1.008057
3240549617,0.19165,0.205322,1.010742
3240554617,0.192383,0.210937,1.012939
3240559617,0.195068,0.213135,1.013672
3240564617,-1.480225,-2.0,-2.0
3240569617,0.683838,1.999939,-1.011475
3240574617,-0.194824,0.724121,-0.792969
3240579617,-1.946289,1.710693,-2.0
3240584617,-1.350342,1.999939,-2.0
3240589617,-0.922119,0.751953,-2.0
3240594617,-1.357178,0.682617,-0.264648
3240599617,-1.337891,0.550293,1.420654
3240604617,-0.708008,0.371582,1.289063
3240609617,-1.734619,0.739746,-2.0
3240614617,0.688477,1.883057,-0.713135
3240619617,0.172852,0.307373,1.287598
3240624617,0.05542,0.118896,0.564209
3240629617,0.335938,0.183105,1.060059
3240634617,0.196533,0.228516,1.074463
3240639617,0.263916,0.156738,1.087646
3240644617,0.117432,0.205811,0.895508
3240649617,1.452881,1.25,0.109375
3240654617,-1.140381,1.999939,-1.968506
3240659617,-1.460205,1.914795,-0.846191
3240664617,0.054687,0.314941,-0.320313
3240669617,0.085693,0.389404,-2.0
3240674617,-0.943604,1.263672,1.204834
3240679617,-0.863525,1.999939,-2.0
3240684617,-0.58667,0.814697,1.333008
3240689617,0.176758,0.22583,1.075195
3240694617,0.082031,0.293213,0.876953
3240699617,0.150635,0.227539,0.989502
3240704617,0.237549,0.192383,0.990479
3240709617,0.200439,0.212891,0.986816
3240714617,0.166504,0.197021,0.984619
3240719617,0.203369,0.209717,1.069336
3240724617,0.202148,0.238037,1.067871
3240729617,0.179687,0.220947,1.003906
3240734617,0.181396,0.174316,0.960937
3240739617,0.219971,0.143799,1.054688
3240744617,0.208008,0.137939,0.981689
3240749617,0.301025,0.170166,1.148438
3240754617,0.289795,0.575195,1.220703
3240759617,0.161133,0.278809,1.037109
3240764617,0.103516,0.180664,0.822266
3240769617,0.195557,0.162598,1.032715
3240774617,0.221191,0.623779,1.143311
3240779617,0.182861,0.773682,0.993408
3240784617,0.224365,0.269043,1.017578
3240789617,0.195312,0.221191,1.018555
3240794617,0.182129,0.238037,0.969482
3240799617,0.162354,0.226318,0.970947
3240804617,0.131348,0.211182,0.933594
3240809617,0.168457,0.217041,0.951172
3240814617,0.157715,0.205078,0.991211
3240819617,0.279053,0.169922,1.1521
3240824617,0.191162,0.166992,0.994873
3240829617,0.152588,0.212402,0.905029
3240834617,0.169189,0.166748,0.98999
3240839617,0.202637,0.264404,0.925781
3240844617,-0.166748,0.441406,0.973389
3240849617,0.156982,0.194336,0.89502
3240854617,0.141602,0.231201,0.914307
3240859617,0.163574,0.196777,0.884033
3240864617,0.188965,0.20166,0.989502
3240869617,0.218994,0.213135,1.069336
3240874617,0.218994,0.208984,1.072998
3240879617,0.144531,0.239746,0.90332
3240884617,0.169922,0.207275,0.992187
3240889617,0.216553,0.201904,1.083984
3240894617,0.193848,0.218506,0.984131
3240899617,0.052002,0.229492,0.746094
3240904617,0.3396,0.118164,0.465576
3240909617,-0.017578,0.844727,-0.251953
3240914617,-0.544189,0.203613,1.046875
3240919617,0.168701,0.15332,1.042236
3240924617,0.276123,0.106934,1.155518
3240929617,0.298584,0.113037,1.185059
3240934617,0.161621,0.210693,0.97876
3240939617,0.157715,0.22998,0.920898
3240944617,0.191406,0.205811,1.026367
3240949617,0.164795,0.217285,0.986816
3240954617,0.16333,0.23291,1.035156
3240959617,0.172607,0.187744,1.071533
3240964617,0.092041,0.281494,0.828125
3240969617,0.306885,0.980225,1.256348
3240974617,0.02124,1.867188,1.220459
3240979617,0.212646,1.773926,1.283203
3240984617,0.14209,0.274902,1.055908
3240989617,0.168945,0.219971,0.975586
3240994617,0.170654,0.250488,1.027588
3240999617,0.170654,0.198242,0.970947
3241004617,0.230713,0.195068,1.096191
3241009617,0.179443,0.236084,1.102295
3241014617,0.22583,0.209473,1.058838
3241019617,0.220215,0.216064,1.096436
3241024617,0.160889,0.197998,1.029541
3241029617,0.178223,0.726562,0.976074
3241034617,0.160156,0.189941,0.954346
3241039617,0.299316,0.173584,1.4104
3241044617,0.258789,0.174316,1.168213
3241049617,0.14502,0.209229,0.966553
3241054617,0.181641,0.195068,1.004395
3241059617,0.209229,0.155029,1.064697
3241064617,0.210693,0.247559,1.066895
3241069617,0.246582,0.232666,1.107666
3241074617,0.260742,0.235596,1.219971
3241079617,0.226807,0.215332,1.123291
3241084617,0.270996,0.299072,1.373535
3241089617,0.291748,0.214844,1.359131
3241094617,0.171143,0.196533,0.932373
3241099617,0.080078,0.286377,0.468506
3241104617,0.165527,0.42749,-0.14624
3241109617,0.133301,0.180664,0.814941
3241114617,0.174805,1.756592,0.932861
3241119617,0.231689,0.62793,1.067871
3241124617,0.196289,0.187256,1.050781
3241129617,0.240723,0.180908,1.165283
3241134617,0.205566,0.199219,1.075195
3241139617,0.24585,0.165039,1.135742
3241144617,0.226074,0.161621,1.127441
3241149617,0.078857,1.870117,1.182617
3241154617,0.218018,0.586182,1.135498
3241159617,0.287598,0.199707,1.269775
3241164617,0.208984,0.216064,1.11499
3241169617,0.220703,0.212158,1.060059
3241174617,0.178223,0.223877,1.04126
3241179617,0.188477,0.236572,1.007568
3241184617,0.148437,0.241943,0.94165
3241189617,0.156738,0.272705,1.015137
3241194617,0.243408,1.02002,1.069336
3241199617,0.132568,0.237549,0.85498
3241204617,0.244141,0.171387,1.191406
3241209617,0.220947,0.133545,1.059082
3241214617,0.190918,0.232666,1.025391
3241219617,0.159668,0.273438,1.057129
3241224617,0.150146,0.301514,1.144531
3241229617,0.108154,0.213135,1.107666
3241234617,0.187744,0.506836,0.972412
3241239617,0.154541,0.243652,1.06665
3241244617,0.088135,0.248535,0.905518
3241249617,0.178467,0.2146,0.943115
3241254617,0.237061,0.195068,1.172852
3241259617,0.219238,0.961426,1.018066
3241264617,0.248779,0.284912,1.153564
3241269617,0.231934,0.228516,1.083252
3241274617,0.146973,0.197266,0.89209
3241279617,0.057861,0.259033,0.749023
3241284617,0.063721,0.57251,0.75708
3241289617,0.188232,0.20459,0.995361
3241294617,0.152344,0.215088,0.944336
3241299617,0.140869,0.210449,0.913818
3241304617,0.182129,0.245605,0.997559
3241309617,0.177246,0.199463,0.924316
3241314617,0.176514,0.220215,1.034424
3241319617,0.19165,0.550293,0.95752
3241324617,0.201172,0.210937,0.94873
3241329617,0.205078,0.156982,1.062012
3241334617,0.154297,0.211182,0.884277
3241339617,0.223633,0.306152,1.195557
3241344617,0.129883,1.808105,0.95752
3241349617,0.22168,0.20166,1.061523
3241354617,0.20752,0.19043,1.0979
3241359617,0.18457,0.179199,0.986328
3241364617,0.223633,0.25708,1.100098
3241369617,0.124023,1.200928,0.939209
3241374617,0.186768,0.256836,1.025391
3241379617,0.125,0.220215,0.880859
3241384617,0.236084,0.179932,1.100342
3241389617,0.210205,0.153076,1.048096
3241394617,0.211914,0.171143,1.0896
3241399617,0.151367,0.234863,1.126465
3241404617,0.237305,0.314453,1.185791
3241409617,0.19458,0.154053,1.011963
3241414617,0.280518,0.14917,1.34668
3241419617,0.175049,1.020508,0.997803
3241424617,0.111816,0.335938,0.879395
3241429617,0.197754,0.213379,1.099365
3241434617,0.203857,0.22168,1.030518
3241439617,0.153076,0.20752,0.978271
3241444617,0.200928,0.203125,0.985107
3241449617,0.190674,0.206299,0.990479
3241454617,0.18042,0.197021,1.003662
3241459617,0.1875,0.211182,1.000244
3241464617,0.186523,0.206299,1.002197
3241469617,0.185791,0.198242,0.999512
3241474617,0.194824,0.20752,1.004395
3241479617,0.192627,0.208496,1.020752
3241484617,0.190918,0.203125,1.017822
3241489617,0.182861,0.202148,0.998535
3241494617,0.196045,0.208496,1.028564
3241499617,0.190186,0.206543,0.990967
3241504617,0.200439,0.207275,1.02417
3241509617,0.187012,0.210205,0.999023
3241514617,0.19873,0.206787,1.022949
3241519617,0.191162,0.21167,1.019775
3241524617,0.185303,0.204102,0.996094
3241529617,0.193115,0.207764,1.015869
3241534617,0.186768,0.208008,1.009033
3241539617,0.192139,0.212402,1.026611
3241544617,0.186035,0.209473,1.006836
3241549617,0.188965,0.205078,1.020752
3241554617,0.190186,0.202637,1.00708
3241559617,0.194336,0.204346,1.016357
3241564617,0.186768,0.206543,1.002197
3241569617,0.190674,0.202148,1.007324
3241574617,0.19458,0.198242,1.012207
3241579617,0.189697,0.203125,1.004883
3241584617,0.189453,0.20752,1.009033
3241589617,0.193604,0.20459,1.02417
3241594617,0.188965,0.213867,1.012451
3241599617,0.189453,0.208984,1.010742
3241604617,0.188477,0.208984,1.020752
3241609617,0.197754,0.209229,1.011475
3241614617,0.187012,0.206543,0.998047
3241619617,0.19751,0.20166,1.020508
3241624617,0.195801,0.209473,1.021484
3241629617,0.192383,0.212891,1.009521
3241634617,0.195801,0.20459,1.024902
3241639617,0.186523,0.203857,1.001953
3241644617,0.183105,0.202637,1.009766
3241649617,0.195557,0.203613,1.013916
3241654617,0.194336,0.20874,1.012451
3241659617,0.187988,0.205322,1.009766
3241664617,0.199219,0.200439,1.0271
3241669617,0.187744,0.213867,1.002197
3241674617,0.183594,0.204102,1.008545
3241679617,0.189453,0.207031,1.017578
3241684617,0.184814,0.212402,1.000732
3241689617,0.183594,0.17627,1.005859
3241694617,0.193604,0.195801,1.041504
3241699617,0.193359,0.223877,1.010254
3241704617,0.199219,0.205811,1.00415
3241709617,0.190674,0.20459,1.023438
3241714617,0.189941,0.20166,1.014893
3241719617,0.19165,0.206055,1.006348
3241724617,0.193359,0.217285,1.026367
3241729617,0.181641,0.226562,1.013672
3241734617,0.189697,0.219238,1.014404
3241739617,0.191895,0.206787,1.018311
3241744617,0.188721,0.197998,0.990234
3241749617,0.203613,0.199951,0.998291
3241754617,0.188232,0.186768,1.00293
3241759617,0.181152,0.193604,1.016357
3241764617,0.181885,0.168945,0.976074
3241769617,0.188965,0.191162,0.983643
3241774617,0.187256,0.199951,1.012695
3241779617,0.199951,0.20166,1.009277
3241784617,0.193604,0.191406,1.006348
3241789617,0.190674,0.207275,1.019775
3241794617,0.188477,0.217529,1.025391
3241799617,0.196533,0.218262,1.009277
3241804617,0.189941,0.220459,1.027832
3241809617,0.177979,0.229736,1.003662
3241814617,0.189209,0.227051,1.015869
3241819617,0.197021,0.212646,1.008545
3241824617,0.193115,0.214355,1.032227
3241829617,0.187256,0.225342,1.006836
3241834617,0.199951,0.225342,1.026855
3241839617,0.187256,0.226807,1.031494
3241844617,0.193115,0.21875,1.030518
3241849617,0.21167,0.205322,1.080811
3241854617,0.179199,0.188232,1.013428
3241859617,0.195557,0.185791,1.001465
3241864617,0.196777,0.17749,1.016357
3241869617,0.19043,0.224854,1.002197
3241874617,0.199463,0.175537,1.034912
3241879617,0.169434,0.201416,0.981934
3241884617,0.199707,0.18457,1.023193
3241889617,0.179687,0.186279,1.0
3241894617,0.19165,0.200439,1.012939
3241899617,0.181885,0.219971,1.014648
3241904617,0.182129,0.255859,1.019287
3241909617,0.188721,0.247314,1.017822
3241914617,0.191162,0.251465,1.012695
3241919617,0.173828,0.241211,1.008301
3241924617,0.180176,0.230713,1.006348
3241929617,0.185303,0.234375,1.019287
3241934617,0.184326,0.224365,1.010986
3241939617,0.188965,0.223877,1.010254
3241944617,0.196777,0.199219,1.001221
3241949617,0.186279,0.190918,1.001709
3241954617,0.197021,0.186035,1.010986
3241959617,0.193115,0.181641,1.012451
3241964617,0.188721,0.191162,1.019043
3241969617,0.185547,0.220947,1.026123
3241974617,0.186523,0.242432,1.008789
3241979617,0.184814,0.237305,1.011475
3241984617,0.17334,0.220703,0.997803
3241989617,0.17749,0.223145,1.016602
3241994617,0.188232,0.233154,1.006592
3241999617,0.189453,0.223389,1.025635
3242004617,0.183838,0.228027,1.002197
3242009617,0.1875,0.222656,1.007813
3242014617,0.188477,0.193848,0.998047
3242019617,0.191406,0.186523,1.00293
3242024617,0.19165,0.181396,1.018555
3242029617,0.187012,0.187988,0.996094
3242034617,0.188477,0.189697,1.015625
3242039617,0.19751,0.22998,1.016846
3242044617,0.135742,0.114502,0.907715
3242049617,0.189941,0.401855,1.124023
3242054617,0.206543,0.219482,1.039795
3242059617,0.194092,0.2229,1.039063
3242064617,0.179199,0.231201,1.011475
3242069617,0.185059,0.22583,1.016846
3242074617,0.197266,0.247803,1.017822
3242079617,0.175537,0.189941,1.02124
3242084617,0.193359,0.215576,0.995117
3242089617,0.180176,0.202881,1.014404
3242094617,0.205078,0.189453,1.014404
3242099617,0.186523,0.173828,1.003662
3242104617,0.192627,0.179932,0.991455
3242109617,0.192871,0.182617,1.009277
3242114617,0.196533,0.200928,1.013428
3242119617,0.188232,0.213379,1.018066
3242124617,0.193848,0.226562,1.016602
3242129617,0.172852,0.228516,1.019775
3242134617,0.186279,0.240479,1.008789
3242139617,0.18457,0.233887,1.0271
3242144617,0.199707,0.239014,1.0271
3242149617,0.186035,0.229248,1.03418
3242154617,0.199463,0.258057,1.042969
3242159617,0.181152,0.247314,1.013672
3242164617,0.170898,0.250732,1.01709
3242169617,0.18335,0.219971,1.004883
3242174617,0.191406,0.216553,1.050781
3242179617,0.196045,0.210205,1.054443
3242184617,0.188477,0.171143,1.000977
3242189617,0.181396,0.162598,0.982422
3242194617,0.182617,0.155518,0.918945
3242199617,0.192139,0.186035,1.006836
3242204617,0.187256,0.165771,0.977539
3242209617,0.19458,0.15918,0.984863
3242214617,0.196289,0.155273,0.995605
3242219617,0.198242,0.16626,0.993652
3242224617,0.194824,0.171631,0.996338
3242229617,0.201416,0.18335,1.010254
3242234617,0.186523,0.196289,1.019775
3242239617,0.188232,0.205078,1.022949
3242244617,0.191895,0.213379,1.020264
3242249617,0.182129,0.205566,1.010254
3242254617,0.188965,0.223633,1.032959
3242259617,0.182861,0.24707,1.0354
3242264617,0.187012,0.257568,1.026611
3242269617,0.183838,0.258789,1.022705
3242274617,0.189941,0.239014,1.020752
3242279617,0.182861,0.223145,1.02417
3242284617,0.187256,0.229248,1.022949
3242289617,0.184326,0.229004,1.002197
3242294617,0.194824,0.2229,1.034424
3242299617,0.196777,0.213135,1.008301
3242304617,0.193115,0.183105,1.013184
3242309617,0.19458,0.168457,1.000244
3242314617,0.196289,0.158691,0.979492
3242319617,0.193848,0.176758,1.005615
3242324617,0.180664,0.162109,0.977539
3242329617,0.202148,0.190674,1.029541
3242334617,0.194336,0.19751,0.987793
3242339617,0.188232,0.188965,0.999268
3242344617,0.186035,0.20166,1.009277
3242349617,0.188721,0.199219,1.015137
3242354617,0.19165,0.211182,1.010742
3242359617,0.191895,0.219482,1.015869
3242364617,0.193848,0.22583,1.025391
3242369617,0.19043,0.215576,1.041016
3242374617,0.181396,0.222412,1.032227
3242379617,0.202637,0.183105,1.027832
3242384617,0.190674,0.22876,1.051758
3242389617,0.183594,0.272217,1.049316
3242394617,0.218994,0.212646,0.996582
3242399617,0.1604,0.222168,1.013672
3242404617,0.198242,0.215576,0.984863
3242409617,0.188721,0.167725,0.97998
3242414617,0.189941,0.18335,0.971924
3242419617,0.203125,0.232178,0.99707
3242424617,0.270996,0.192383,1.229004
3242429617,0.091553,0.145996,1.119873
3242434617,0.207031,0.141846,0.864258
3242439617,0.212646,0.189209,0.95166
3242444617,0.192627,0.276367,1.173096
3242449617,0.206787,0.20874,0.995117
3242454617,0.189941,0.203613,0.987061
3242459617,0.173096,0.237549,1.036133
3242464617,0.180664,0.25,1.001221
3242469617,0.184326,0.281006,1.045654
3242474617,0.174805,0.275146,1.052246
3242479617,0.190918,0.212402,1.002686
3242484617,0.190918,0.201172,1.050293
3242489617,0.187256,0.183838,1.018799
3242494617,0.199707,0.17749,1.011963
3242499617,0.189941,0.191162,1.019531
3242504617,0.195801,0.184326,1.000977
3242509617,0.174561,0.150879,0.922607
3242514617,0.196777,0.115234,0.971924
3242519617,0.207275,0.131348,0.965088
3242524617,0.219238,0.132812,0.993896
3242529617,0.214355,0.195068,1.000244
3242534617,0.19751,0.304443,1.100098
3242539617,0.199951,0.185791,0.958252
3242544617,0.198242,0.173584,0.998535
3242549617,0.186035,0.228027,1.060059
3242554617,0.188965,0.246826,1.012939
3242559617,0.171631,0.251465,1.051758
3242564617,0.143555,0.260254,0.987061
3242569617,0.165039,0.27124,1.000488
3242574617,0.165527,0.270996,1.040771
3242579617,0.18457,0.226562,1.007813
3242584617,0.18042,0.20166,0.988525
3242589617,0.195801,0.205322,1.031006
3242594617,0.179199,0.197266,1.000244
3242599617,0.183838,0.205811,1.003174
3242604617,0.19043,0.206787,1.018311
3242609617,0.190674,0.210693,1.006592
3242614617,0.189209,0.204834,1.01709
3242619617,0.189453,0.203369,1.011963
3242624617,0.193604,0.213623,1.015869
3242629617,0.186768,0.208252,1.016846
3242634617,0.17749,0.189697,0.987793
3242639617,0.195068,0.220215,1.003662
3242644617,0.178223,0.239502,1.014648
3242649617,0.181152,0.24585,1.009277
3242654617,0.177246,0.251953,1.022705
3242659617,0.164795,0.269287,1.018799
3242664617,0.172363,0.239746,1.019531
3242669617,0.165527,0.257813,1.02832
3242674617,0.16626,0.279297,1.014404
3242679617,0.206787,0.219727,1.001953
3242684617,0.179687,0.220215,1.03418
3242689617,0.178223,0.216309,1.032227
3242694617,0.191895,0.202148,1.010986
3242699617,0.198242,0.203369,1.001465
3242704617,0.186768,0.177002,1.00708
3242709617,0.185791,0.172119,1.004395
3242714617,0.192139,0.165527,1.003174
3242719617,0.187256,0.197266,1.008057
3242724617,0.185791,0.184326,0.98584
3242729617,0.19873,0.199463,1.025635
3242734617,0.170898,0.223389,1.001709
3242739617,0.188232,0.196533,0.95166
3242744617,0.187744,0.187744,0.999512
3242749617,0.183838,0.214844,1.030762
3242754617,0.181641,0.210937,1.011475
3242759617,0.184082,0.224365,1.01709
3242764617,0.186523,0.211914,1.02124
3242769617,0.190186,0.198242,1.009277
3242774617,0.187744,0.191162,1.003174
3242779617,0.192871,0.185791,1.002441
3242784617,0.190918,0.196777,1.00708
3242789617,0.190918,0.208252,1.016357
3242794617,0.186768,0.210205,1.018799
3242799617,0.185059,0.213867,1.018311
3242804617,0.184814,0.211426,1.011963
3242809617,0.188232,0.197266,1.011963
3242814617,0.185547,0.198975,1.004883
3242819617,0.18457,0.205322,1.009766
3242824617,0.187988,0.216309,1.013428
3242829617,0.189697,0.220703,1.022461
3242834617,0.180908,0.219482,1.017822
3242839617,0.183838,0.205322,1.01709
3242844617,0.189209,0.197998,1.009277
3242849617,0.185547,0.195801,1.009521
3242854617,0.18457,0.207275,1.013428
3242859617,0.184326,0.208984,1.01416
3242864617,0.185059,0.213379,1.015381
3242869617,0.186035,0.204834,1.00415
3242874617,0.185791,0.201416,1.012451
3242879617,0.185791,0.189941,1.010986
3242884617,0.188477,0.196777,1.008301
3242889617,0.193604,0.207764,1.012451
3242894617,0.187012,0.215576,1.018066
3242899617,0.184326,0.212646,1.01709
3242904617,0.190186,0.209229,1.019287
3242909617,0.18335,0.208252,1.01001
3242914617,0.18335,0.204102,1.014648
3242919617,0.186279,0.205566,1.009033
3242924617,0.185547,0.212158,1.018311
3242929617,0.191406,0.218018,1.019287
3242934617,0.192871,0.219482,1.022949
3242939617,0.189941,0.205566,1.011963
3242944617,0.189453,0.202637,1.010498
3242949617,0.198975,0.200439,1.019287
3242954617,0.19165,0.200195,1.00708
3242959617,0.195557,0.201904,1.019287
3242964617,0.185547,0.205078,1.015625
3242969617,0.185791,0.209961,1.010254
3242974617,0.184326,0.20459,1.01123
3242979617,0.179199,0.197266,1.004883
3242984617,0.186279,0.199219,1.017334
3242989617,0.179443,0.202881,1.019287
3242994617,0.178711,0.210937,1.018799
3242999617,0.180664,0.216309,1.014404
3243004617,0.188965,0.215332,1.015625
3243009617,0.188477,0.211914,1.01416
3243014617,0.189697,0.208496,1.007324
3243019617,0.193604,0.203613,1.010254
3243024617,0.193115,0.208252,1.012695
3243029617,0.1875,0.216064,1.018555
3243034617,0.188232,0.213867,1.013672
3243039617,0.189941,0.208008,1.015869
3243044617,0.185547,0.202881,1.010986
3243049617,0.187012,0.195801,1.013916
3243054617,0.184814,0.202148,1.011475
3243059617,0.183838,0.201416,1.011475
3243064617,0.18335,0.202148,1.013184
3243069617,0.18335,0.202637,1.016357
3243074617,0.184082,0.205811,1.020996
3243079617,0.182861,0.206787,1.013672
3243084617,0.187012,0.207764,1.017578
3243089617,0.185059,0.210205,1.012207
3243094617,0.186279,0.209717,1.01123
3243099617,0.189453,0.216797,1.011963
3243104617,0.187744,0.217773,1.011963
3243109617,0.192383,0.213867,1.017334
3243114617,0.190918,0.20752,1.005371
3243119617,0.186768,0.20459,1.015381
3243124617,0.190674,0.20874,1.004395
3243129617,0.190186,0.203857,1.013916
3243134617,0.184326,0.204834,1.01416
3243139617,0.18457,0.20874,1.016846
3243144617,0.18457,0.204834,1.011963
3243149617,0.185791,0.202148,1.011963
3243154617,0.187256,0.200195,1.009521
3243159617,0.182861,0.204834,1.004395
3243164617,0.188477,0.209229,1.016846
3243169617,0.187744,0.21167,1.010498
3243174617,0.194092,0.208496,1.015137
3243179617,0.188965,0.213135,1.008057
3243184617,0.190186,0.20752,1.004639
3243189617,0.189453,0.205811,1.006348
3243194617,0.188232,0.208984,1.011719
3243199617,0.186523,0.209961,1.018799
3243204617,0.189453,0.20874,1.012939
3243209617,0.186768,0.204346,1.013428
3243214617,0.18042,0.205078,1.002441
3243219617,0.186035,0.201904,1.012695
3243224617,0.180908,0.203613,1.015869
3243229617,0.184082,0.208008,1.01123
3243234617,0.189453,0.208252,1.017822
3243239617,0.188721,0.206055,1.021973
3243244617,0.183838,0.208008,1.012695
3243249617,0.1875,0.205078,1.014648
3243254617,0.189697,0.206543,1.005127
3243259617,0.19043,0.205322,1.013428
3243264617,0.186035,0.210449,1.009766
3243269617,0.189697,0.204346,1.009521
3243274617,0.189209,0.208008,1.010986
3243279617,0.190186,0.205322,1.012939
3243284617,0.186523,0.200439,1.009766
3243289617,0.185303,0.197021,1.016846
3243294617,0.184082,0.198242,1.010254
3243299617,0.185059,0.206787,1.003174
3243304617,0.189697,0.206055,1.005859
3243309617,0.1875,0.209229,1.010498
3243314617,0.187988,0.206055,1.015869
3243319617,0.197998,0.206787,1.015137
3243324617,0.190186,0.208496,1.006104
3243329617,0.188477,0.205811,1.014893
3243334617,0.193115,0.217285,1.019531
3243339617,0.18457,0.214355,1.018799
3243344617,0.185059,0.211182,1.013916
3243349617,0.187012,0.206299,1.015137
3243354617,0.187256,0.205566,1.003174
3243359617,0.186523,0.205811,1.012939
3243364617,0.1875,0.205566,1.017822
3243369617,0.18457,0.205811,1.013672
3243374617,0.185059,0.206055,1.008545
3243379617,0.184814,0.20166,1.012207
3243384617,0.186035,0.200684,1.011719
3243389617,0.189453,0.200684,1.010498
3243394617,0.187256,0.203857,1.013184
3243399617,0.188965,0.210693,1.013428
3243404617,0.19165,0.209961,1.016846
3243409617,0.188965,0.208252,1.01123
3243414617,0.186035,0.203613,1.014893
3243419617,0.183838,0.20752,1.013184
3243424617,0.188721,0.205566,1.014404
3243429617,0.185547,0.210937,1.012939
3243434617,0.182129,0.210449,0.99585
3243439617,0.188477,0.220947,1.032227
3243444617,0.187744,0.199951,0.999268
3243449617,0.203613,0.199707,1.045654
3243454617,0.171875,0.212891,0.962646
3243459617,0.192871,0.199219,1.050293
3243464617,0.1875,0.210205,0.995117
3243469617,0.187256,0.207275,1.016602
3243474617,0.19043,0.201172,1.016602
3243479617,0.19043,0.204346,1.005127
3243484617,0.196289,0.20459,1.027588
3243489617,0.190674,0.212402,1.004639
3243494617,0.191162,0.201904,1.016846
3243499617,0.18457,0.207031,1.01001
3243504617,0.185791,0.206543,1.013672
3243509617,0.188232,0.208984,1.020996
3243514617,0.182373,0.205566,1.017822
3243519617,0.185059,0.203857,1.011475
3243524617,0.189453,0.207275,1.023926
3243529617,-0.833008,-0.653564,-2.0
3243534617,-2.0,1.790039,-2.0
3243539617,0.52124,1.999939,1.999939
3243544617,-2.0,1.773193,-2.0
3243549617,-0.007568,1.49585,-2.0
3243554617,-0.217773,1.186035,-2.0
3243559617,-1.554688,0.419678,-2.0
3243564617,1.173096,1.422363,-2.0
3243569617,-0.151611,1.999939,-2.0
3243574617,-1.093506,1.161133,-2.0
3243579617,-0.367188,0.361084,0.939453
3243584617,-0.356445,0.193604,0.122803
3243589617,-0.071533,-0.059814,0.463379
3243594617,-0.154297,0.350342,0.226074
3243599617,-0.002441,0.275146,0.880127
3243604617,0.187744,0.157715,0.50293
3243609617,0.362305,0.36084,1.819824
3243614617,0.22998,0.239502,1.14917
3243619617,0.361572,0.272949,1.430664
3243624617,0.085693,0.336914,0.845459
3243629617,0.320068,0.185059,1.125
3243634617,0.071045,0.232178,0.80249
3243639617,0.310547,0.159424,1.18457
3243644617,0.187256,0.385254,1.023926
3243649617,0.298096,0.169922,1.365234
3243654617,0.13623,0.258789,0.979248
3243659617,0.206787,0.108643,1.071045
3243664617,0.137939,0.133789,0.792725
3243669617,0.203369,0.118652,0.977051
3243674617,0.193848,0.211182,0.976318
3243679617,0.212158,0.210205,1.150146
3243684617,0.202393,0.295654,1.088379
3243689617,0.173828,0.175293,1.01123
3243694617,0.151611,0.182129,0.913086
3243699617,0.186279,0.153076,0.925537
3243704617,0.191162,0.226074,0.969482
3243709617,0.212402,0.182373,1.072754
3243714617,0.205322,0.262695,1.095215
3243719617,0.181885,0.203613,1.033936
3243724617,0.176758,0.217773,0.987549
3243729617,0.167725,0.182617,0.935791
3243734617,0.198486,0.21582,1.001465
3243739617,-0.118408,0.25708,-2.0
3243744617,-0.023926,0.415283,0.038574
3243749617,-0.014404,0.274658,0.483887
3243754617,0.126709,0.17334,0.724609
3243759617,0.116943,0.196533,0.741211
3243764617,0.222656,0.297852,1.101074
3243769617,0.178223,0.295654,1.18335
3243774617,0.177979,0.249756,0.972168
3243779617,0.115479,0.280029,0.868408
3243784617,0.137939,0.199707,0.741211
3243789617,0.171143,0.187988,0.889893
3243794617,0.222656,0.196533,1.05127
3243799617,0.244141,0.177734,1.143066
3243804617,0.200195,0.210205,1.111328
3243809617,0.172607,0.198975,1.011475
3243814617,0.170654,0.169678,0.909912
3243819617,0.187256,0.155029,0.928223
3243824617,0.22168,0.177979,0.995117
3243829617,0.217285,0.184326,1.092285
3243834617,0.227539,0.212646,1.11084
3243839617,0.195801,0.219727,1.05835
3243844617,0.174316,0.201904,0.982666
3243849617,0.169678,0.1875,0.91626
3243854617,0.190918,0.198975,0.97168
3243859617,0.201416,0.198975,1.04248
3243864617,0.208496,0.208252,1.093018
3243869617,0.196045,0.214844,1.045898
3243874617,0.177979,0.202881,0.998047
3243879617,0.176025,0.192139,0.945801
3243884617,0.183594,0.188232,0.969971
3243889617,0.20874,0.186768,1.039307
3243894617,0.204834,0.193115,1.053955
3243899617,0.185547,0.202881,1.024902
3243904617,0.180664,0.206543,0.99707
3243909617,0.182861,0.198486,0.987305
3243914617,0.17749,0.19751,0.97876
3243919617,0.196533,0.197021,1.019043
3243924617,0.192383,0.202148,1.044434
3243929617,0.188477,0.214355,1.034912
3243934617,0.18042,0.210449,1.009521
3243939617,0.181396,0.203125,0.994629
3243944617,0.185303,0.203857,1.001221
3243949617,0.186768,0.203857,1.025879
3243954617,0.189697,0.209229,1.029297
3243959617,0.192139,0.210205,1.02832
3243964617,0.187744,0.208008,1.009033
3243969617,0.1875,0.202393,0.993896
3243974617,0.186768,0.198975,0.993164
3243979617,0.194092,0.199463,1.010742
3243984617,0.194824,0.20166,1.016846
3243989617,0.19165,0.203369,1.02124
3243994617,0.187256,0.204346,1.01001
3243999617,0.185791,0.20166,1.001709
3244004617,0.193359,0.234863,1.047607
3244009617,0.152588,0.208252,1.054199
3244014617,0.176025,0.234375,1.002197
3244019617,0.18457,0.231689,1.037598
3244024617,0.167969,0.23291,1.011719
3244029617,0.1875,0.210449,1.019531
3244034617,0.186279,0.213135,1.005127
3244039617,0.187988,0.202637,1.030762
3244044617,0.189209,0.2229,1.02124
3244049617,0.183838,0.211182,1.01709
3244054617,0.187012,0.206787,0.979248
3244059617,0.200439,0.200928,1.014648
3244064617,0.201904,0.206543,1.003906
3244069617,0.193115,0.186035,1.006592
3244074617,0.197021,0.193604,1.010498
3244079617,0.191895,0.203125,1.025391
3244084617,0.182617,0.197021,0.998779
3244089617,0.186035,0.198486,1.0
3244094617,0.184082,0.197754,0.99585
3244099617,0.184814,0.20166,1.014404
3244104617,0.192139,0.206543,1.012695
3244109617,0.19043,0.201416,1.006348
3244114617,0.174805,0.200439,1.0
3244119617,0.182129,0.203857,0.999512
3244124617,0.195801,0.215088,1.03125
3244129617,0.192627,0.201172,1.010742
3244134617,0.185547,0.20166,1.003418
3244139617,0.187012,0.203613,1.005127
3244144617,0.1875,0.206055,1.005371
3244149617,0.18457,0.20874,1.019043
3244154617,0.187256,0.206055,1.017822
3244159617,0.187012,0.201904,1.015869
3244164617,0.189209,0.201904,1.019531
3244169617,0.188477,0.20459,1.005371
3244174617,0.190918,0.199951,1.013672
3244179617,0.187988,0.203125,1.004639
3244184617,0.19165,0.207031,1.014648
3244189617,0.19043,0.20874,1.015869
3244194617,0.192383,0.202881,1.01709
3244199617,0.190674,0.203125,1.019531
3244204617,0.187988,0.203613,1.004395
3244209617,0.190918,0.201904,1.023193
3244214617,0.183838,0.208984,1.007324
3244219617,0.191162,0.199951,1.019043
3244224617,0.191162,0.203857,1.003906
3244229617,0.189697,0.205078,1.013916
3244234617,0.191162,0.209229,1.017822
3244239617,0.196289,0.200195,1.018555
3244244617,0.192383,0.197998,1.011475
3244249617,0.19165,0.200439,1.012207
3244254617,0.189697,0.205811,1.011963
3244259617,0.189453,0.208984,1.02002
3244264617,0.188477,0.205078,1.010498
3244269617,0.185303,0.202637,1.012207
3244274617,0.190918,0.199951,1.01001
3244279617,0.187744,0.199707,1.011475
3244284617,0.185059,0.201904,1.013672
3244289617,0.186035,0.206299,1.020752
3244294617,0.18457,0.206543,1.003418
3244299617,0.183838,0.206787,1.008545
3244304617,0.193604,0.210693,1.010254
3244309617,0.191162,0.206299,1.010742
3244314617,0.188477,0.199219,1.013428
3244319617,0.186768,0.205566,1.007324
3244324617,0.189209,0.200195,1.011475
3244329617,0.186768,0.205811,1.004639
3244334617,0.184326,0.199219,1.006348
3244339617,0.188965,0.196289,1.014648
3244344617,0.182129,0.202393,1.010254
3244349617,0.189941,0.200928,1.02002
3244354617,0.18457,0.205078,1.003418
3244359617,0.197998,0.211914,1.028076
3244364617,0.182129,0.202881,1.080322
3244369617,0.147461,0.218262,1.074951
3244374617,0.19165,0.249268,1.064209
3244379617,0.156006,0.235596,1.004395
3244384617,0.166992,0.226562,0.994385
3244389617,0.185791,0.210693,1.020996
3244394617,0.186279,0.214111,1.016602
3244399617,0.193359,0.213867,1.0271
3244404617,0.19043,0.22168,1.021484
3244409617,0.186035,0.212158,1.021973
3244414617,0.189941,0.21167,1.01123
3244419617,0.188965,0.204102,1.015869
3244424617,0.18457,0.205566,1.000488
3244429617,0.187256,0.205078,1.010986
3244434617,0.193604,0.207031,1.018066
3244439617,0.19165,0.205811,1.021484
3244444617,0.188477,0.20459,1.017334
3244449617,0.188965,0.20459,1.010986
3244454617,0.187988,0.206543,1.012207
3244459617,0.188232,0.20874,1.019043
3244464617,0.193115,0.203125,1.010254
3244469617,0.188965,0.201416,1.008789
3244474617,0.188232,0.203369,1.005371
3244479617,0.190186,0.199707,1.010742
3244484617,0.192627,0.205566,1.0271
3244489617,0.190186,0.20459,1.02002
3244494617,0.193115,0.200195,1.007324
3244499617,0.189697,0.203613,1.004883
3244504617,0.19043,0.201172,1.012939
3244509617,0.188477,0.203613,1.010254
3244514617,0.189941,0.204834,1.016357
3244519617,0.192383,0.210205,1.017578
3244524617,0.192871,0.209961,1.010498
3244529617,0.184082,0.208252,1.012207
3244534617,0.186523,0.205322,1.015137
3244539617,0.190674,0.202393,1.019287
3244544617,0.189209,0.212646,1.01001
3244549617,0.193848,0.203613,1.017578
3244554617,0.188965,0.204102,1.024414
3244559617,0.186768,0.202148,1.012695
3244564617,0.190186,0.197998,1.008545
3244569617,0.187744,0.195801,1.003662
3244574617,0.191895,0.196533,1.014404
3244579617,0.191406,0.197266,1.010986
3244584617,0.186279,0.20166,1.008545
3244589617,0.196045,0.203613,1.015137
3244594617,0.184082,0.21167,1.012207
3244599617,0.189941,0.212891,1.018311
3244604617,0.200439,0.210937,1.016357
3244609617,0.200684,0.209961,1.018311
3244614617,0.206055,0.204834,1.008057
3244619617,0.192871,0.199219,1.007813
3244624617,0.188721,0.206543,1.018799
3244629617,0.194824,0.203369,1.021973
3244634617,0.186279,0.20459,1.014893
3244639617,0.188232,0.196289,1.021484
3244644617,0.184814,0.199707,1.008057
3244649617,0.186523,0.192871,1.013672
3244654617,0.184326,0.200928,1.006348
3244659617,0.182373,0.194824,1.008301
3244664617,0.188232,0.20459,1.011963
3244669617,0.191406,0.205322,1.013428
3244674617,0.187988,0.207275,1.013672
3244679617,0.190674,0.20459,1.011475
3244684617,0.19165,0.205566,1.00708
3244689617,0.188232,0.205566,1.014648
3244694617,0.192139,0.208984,1.018799
3244699617,0.188477,0.206055,1.010986
3244704617,0.1875,0.205811,1.013672
3244709617,0.188965,0.204834,1.016113
3244714617,0.187744,0.205566,1.011475
3244719617,0.188477,0.205566,1.008789
3244724617,0.188477,0.198486,1.02002
3244729617,0.186035,0.202393,1.01123
3244734617,0.18457,0.205811,1.018066
3244739617,0.185791,0.197266,1.007324
3244744617,0.185547,0.197266,1.023193
3244749617,0.182373,0.199463,1.006836
3244754617,0.192627,0.207031,1.006592
3244759617,0.190918,0.208984,1.019775
3244764617,0.185303,0.204102,1.017334
3244769617,0.191406,0.199951,1.012939
3244774617,0.188477,0.212158,1.015381
3244779617,0.189941,0.206787,1.017578
3244784617,0.188477,0.203125,1.012695
3244789617,0.194092,0.202393,1.006592
3244794617,0.189697,0.199951,1.010986
3244799617,0.192383,0.202881,1.009766
3244804617,0.186035,0.198975,1.005615
3244809617,0.187256,0.200684,1.018066
3244814617,0.186279,0.201416,1.012695
3244819617,0.185791,0.204346,1.014893
3244824617,0.190186,0.20874,1.011475
3244829617,0.187256,0.209473,1.015137
3244834617,0.185547,0.205566,1.014648
3244839617,0.185303,0.206055,1.012695
3244844617,0.1875,0.203613,1.014648
3244849617,0.190918,0.206299,1.017578
3244854617,0.195312,0.201416,1.009521
3244859617,0.191895,0.196533,1.013916
3244864617,0.19043,0.200684,1.009766
3244869617,0.189697,0.200684,1.008301
3244874617,0.188965,0.202148,1.010498
3244879617,0.190186,0.201416,1.010498
3244884617,0.18457,0.205322,1.01123
3244889617,0.180664,0.199707,1.010986
3244894617,0.182861,0.201904,1.011963
3244899617,0.185791,0.205566,1.011475
3244904617,0.190186,0.204834,1.015137
3244909617,0.192383,0.205322,1.022461
3244914617,0.183838,0.202393,1.00708
3244919617,0.186768,0.212158,1.015381
3244924617,0.188477,0.202637,1.0
3244929617,0.190674,0.198975,1.015137
3244934617,0.191895,0.203857,1.011475
3244939617,0.187988,0.203613,1.00415
3244944617,0.187744,0.203857,1.016357
3244949617,0.195068,0.199707,1.011475
3244954617,0.19165,0.19751,1.013184
3244959617,0.187256,0.204346,1.013672
3244964617,0.189209,0.206543,1.011963
3244969617,0.187744,0.203857,1.016846
3244974617,0.188477,0.202637,1.012451
3244979617,0.187744,0.204834,1.014648
3244984617,0.189453,0.205566,1.017578
3244989617,0.190674,0.207275,1.010986
3244994617,0.189697,0.204834,1.015137
3244999617,0.186035,0.202881,1.020508
3245004617,0.189453,0.207275,1.013672
3245009617,0.181885,0.205566,1.008301
3245014617,0.186523,0.195801,1.009521
3245019617,0.186279,0.196533,1.009521
3245024617,0.194336,0.200684,1.012451
3245029617,0.196533,0.201904,1.023193
3245034617,0.193848,0.199463,1.010254
3245039617,0.19043,0.204346,1.006836
3245044617,0.184814,0.200684,1.013428
3245049617,0.184326,0.199463,1.011719
3245054617,0.188477,0.199951,1.016602
3245059617,0.190674,0.203613,1.015381
3245064617,0.190674,0.206299,1.018066
3245069617,0.189209,0.207275,1.018311
3245074617,0.184326,0.19751,1.010742
3245079617,0.182861,0.204346,1.005127
3245084617,0.189209,0.205078,1.019043
3245089617,0.190918,0.207764,1.013428
3245094617,0.196777,0.209229,1.011963
3245099617,0.19043,0.205078,0.997803
3245104617,0.197754,0.205566,1.019531
3245109617,0.191162,0.206299,1.017334
3245114617,0.18335,0.198486,1.015869
3245119617,0.182617,0.201172,1.019531
3245124617,0.179199,0.203369,1.017578
3245129617,0.183594,0.199951,1.011963
3245134617,0.178711,0.198975,1.01123
3245139617,0.184082,0.205078,1.028076
3245144617,0.184814,0.209229,1.010742
3245149617,0.187256,0.205811,1.013428
3245154617,0.190186,0.206787,1.019775
3245159617,0.193604,0.208496,1.006104
3245164617,0.191162,0.202393,1.011719
3245169617,0.195801,0.206299,1.008057
3245174617,0.194824,0.206787,1.013916
3245179617,0.195801,0.206055,1.011719
3245184617,0.196289,0.201904,1.014404
3245189617,0.188965,0.202637,1.00708
3245194617,0.187012,0.198242,1.004639
3245199617,0.184082,0.199707,1.011719
3245204617,0.18042,0.203857,1.009766
3245209617,0.183838,0.204346,1.020508
3245214617,0.18335,0.204346,1.019531
3245219617,0.185303,0.207031,1.017578
3245224617,0.182129,0.212402,1.009033
3245229617,0.19165,0.206055,1.015869
3245234617,0.191895,0.205322,1.016357
3245239617,0.191895,0.205566,1.012695
3245244617,0.190674,0.206787,1.005127
3245249617,0.200439,0.202637,1.008301
3245254617,0.193115,0.200928,1.006348
3245259617,0.194824,0.198242,1.019531
3245264617,0.189697,0.199219,1.00708
3245269617,0.185547,0.203613,1.009033
3245274617,0.181152,0.197266,1.004395
3245279617,0.184082,0.205811,1.008545
3245284617,0.185547,0.20166,1.010498
3245289617,0.182129,0.206543,1.013184
3245294617,0.188232,0.209961,1.012695
3245299617,0.191895,0.206543,1.018066
3245304617,0.189209,0.207031,1.014648
3245309617,0.194336,0.202637,1.009277
3245314617,0.188232,0.200928,1.011719
3245319617,0.189209,0.204102,1.01709
3245324617,0.190186,0.202637,1.012451
3245329617,0.192139,0.203125,1.015869
3245334617,0.189209,0.204346,1.008057
3245339617,0.188721,0.20166,1.005615
3245344617,0.188232,0.199463,1.01123
3245349617,0.188965,0.20459,1.011719
3245354617,0.186523,0.203125,1.008301
3245359617,0.189453,0.204834,1.014893
3245364617,0.188232,0.209473,1.012207
3245369617,0.187744,0.20874,1.013428
3245374617,0.1875,0.20459,1.017334
3245379617,0.187744,0.201172,1.008301
3245384617,0.192871,0.204346,1.015625
3245389617,0.192383,0.204346,1.014648
3245394617,0.189941,0.203125,1.015137
3245399617,0.19165,0.201904,1.006348
3245404617,0.194336,0.200684,1.010986
3245409617,0.190674,0.197266,1.010498
3245414617,0.193604,0.202148,1.016602
3245419617,0.188232,0.201904,1.008301
3245424617,0.188232,0.201172,1.009521
3245429617,0.189941,0.204346,1.009277
3245434617,0.186768,0.202637,1.015381
3245439617,0.190186,0.204102,1.013428
3245444617,0.189941,0.202393,1.016113
3245449617,0.184082,0.202637,1.011719
3245454617,0.188721,0.205811,1.013428
3245459617,0.192139,0.20752,1.015381
3245464617,0.193848,0.206299,1.023682
3245469617,0.194824,0.20459,1.009766
3245474617,0.191162,0.204346,1.009277
3245479617,0.190674,0.195068,1.008057
3245484617,0.188721,0.198486,1.00415
3245489617,0.18457,0.202393,1.016602
3245494617,0.193115,0.20459,1.010254
3245499617,0.190186,0.203125,1.014404
3245504617,0.190186,0.202637,1.006104
3245509617,0.193604,0.201416,1.017578
3245514617,0.189697,0.203613,1.009766
3245519617,0.192627,0.206787,1.010986
3245524617,0.190674,0.204346,1.014893
3245529617,0.187256,0.206543,1.010742
3245534617,0.186523,0.204834,1.016357
3245539617,0.190674,0.20166,1.021729
3245544617,0.186035,0.198975,1.012939
3245549617,0.189209,0.199707,1.010498
3245554617,0.187988,0.19873,1.011963
3245559617,0.187012,0.203613,1.013672
3245564617,0.188477,0.204834,1.007324
3245569617,0.191162,0.203613,1.012451
3245574617,0.19043,0.203613,1.01709
3245579617,0.175781,0.19873,1.004883
3245584617,0.216064,0.208496,1.022461
3245589617,0.160156,0.214111,1.031494
3245594617,0.203613,0.209229,1.037842
3245599617,0.181885,0.199219,0.986572
3245604617,0.176514,0.197266,0.99292
3245609617,0.200684,0.209229,1.024902
3245614617,0.189941,0.21167,1.037109
3245619617,0.1875,0.192383,1.002686
3245624617,0.19043,0.192871,0.988281
3245629617,0.182373,0.211182,1.019043
3245634617,0.189453,0.211182,1.030029
3245639617,0.185059,0.199219,0.993652
3245644617,0.19043,0.189941,1.001465
3245649617,0.190674,0.20459,1.01416
3245654617,0.188965,0.208496,1.034912
3245659617,0.184814,0.208008,1.008545
3245664617,0.188721,0.199463,0.99707
3245669617,0.187256,0.204346,1.0
3245674617,0.192383,0.211182,1.019287
3245679617,0.192871,0.209961,1.029785
3245684617,0.191162,0.202881,1.016113
3245689617,0.186279,0.208984,1.014648
3245694617,0.189941,0.204346,1.002197
3245699617,0.188965,0.205078,1.01416
3245704617,0.192383,0.201172,1.014648
3245709617,0.19751,0.200439,1.011963
3245714617,0.191406,0.196533,0.999756
3245719617,0.190918,0.200439,1.011963
3245724617,0.192871,0.207275,1.012207
3245729617,0.187012,0.198975,0.984863
3245734617,0.212646,0.190918,1.053955
3245739617,0.180664,0.210693,0.988525
3245744617,0.201172,0.193359,1.043701
3245749617,0.199219,0.20166,1.022705
3245754617,0.194336,0.224854,1.034424
3245759617,0.143555,0.161621,0.855225
3245764617,0.247803,0.164307,1.066406
3245769617,0.229492,0.249512,1.188721
3245774617,0.248291,0.235596,1.21582
3245779617,0.124268,0.13501,0.861084
3245784617,0.181885,0.222168,0.851318
3245789617,0.187256,0.158447,0.972412
3245794617,0.206787,0.188721,1.096191
3245799617,0.190186,0.224854,1.082764
3245804617,0.208008,0.233398,0.974121
3245809617,0.174316,0.223633,0.994385
3245814617,0.17749,0.207275,1.048584
3245819617,0.193604,0.156982,1.013428
3245824617,0.170654,0.176758,0.966797
3245829617,0.200195,0.20874,0.993164
3245834617,0.187988,0.247314,1.065918
3245839617,0.197021,0.242676,1.079834
3245844617,0.189697,0.19458,0.987793
3245849617,0.186768,0.171143,0.941406
3245854617,0.186035,0.172363,0.96875
3245859617,0.199219,0.200195,1.034912
3245864617,0.19751,0.232178,1.07666
3245869617,0.203369,0.22583,1.020508
3245874617,0.178711,0.203613,0.990234
3245879617,0.188232,0.193604,0.99292
3245884617,0.18457,0.175781,0.997559
3245889617,0.195801,0.192139,1.023193
3245894617,0.190674,0.219238,1.030518
3245899617,0.18457,0.216797,1.017822
3245904617,0.184814,0.206299,1.010986
3245909617,0.190674,0.193359,1.001221
3245914617,0.188965,0.19043,1.00293
3245919617,0.185059,0.207764,1.003174
3245924617,0.189209,0.213135,1.013672
3245929617,0.192627,0.210937,1.023438
3245934617,0.192383,0.202148,1.020996
3245939617,0.192383,0.203125,1.006592
3245944617,0.187744,0.202637,0.99292
3245949617,0.192139,0.203125,1.005859
3245954617,0.193359,0.209717,1.018555
3245959617,0.197754,0.203369,1.022217
3245964617,0.191406,0.198975,1.021973
3245969617,0.188232,0.199951,1.009521
3245974617,0.185547,0.205322,1.013184
3245979617,0.19043,0.202637,1.012695
3245984617,0.190674,0.206299,1.02124
3245989617,0.188232,0.206543,1.013184
3245994617,0.184814,0.198242,1.009766
3245999617,0.185791,0.20874,1.0354
3246004617,0.177002,0.208984,0.987061
3246009617,0.196289,0.189453,1.036377
3246014617,0.188477,0.195312,1.005127
3246019617,0.187012,0.205811,1.020508
3246024617,0.179932,0.210693,1.004639
3246029617,0.190674,0.204346,0.999268
3246034617,0.195068,0.195068,1.018555
3246039617,0.183594,0.202393,1.000732
3246044617,0.187012,0.208984,1.029297
3246049617,0.187744,0.210937,1.016357
3246054617,0.184326,0.20752,1.017822
3246059617,0.188721,0.208496,1.00708
3246064617,0.189941,0.208984,1.015137
3246069617,0.188965,0.205078,1.015137
3246074617,0.194336,0.203125,1.028076
3246079617,0.183838,0.214355,1.011475
3246084617,0.188477,0.208984,1.026123
3246089617,0.185303,0.200439,1.004639
3246094617,0.188721,0.195557,1.010498
3246099617,0.190186,0.195801,1.006348
3246104617,0.191895,0.195801,1.020752
3246109617,0.187012,0.204102,1.009521
3246114617,0.184082,0.201904,1.008301
3246119617,0.188232,0.206543,1.019287
3246124617,0.190186,0.205078,1.010986
3246129617,0.186279,0.200439,1.008057
3246134617,0.187988,0.20459,1.016357
3246139617,0.189209,0.209229,1.017822
3246144617,0.191406,0.206543,1.019531
3246149617,0.186279,0.205811,1.02002
3246154617,0.187256,0.205811,1.007813
3246159617,0.188232,0.200195,1.009277
3246164617,0.189941,0.197266,1.006836
3246169617,0.19165,0.200928,1.01709
3246174617,0.19165,0.200928,1.011963
3246179617,0.19043,0.200439,1.010498
3246184617,0.188232,0.201416,1.015381
3246189617,0.188232,0.208252,1.008545
3246194617,0.1875,0.207275,1.007813
3246199617,0.189209,0.206299,1.01123
3246204617,0.189453,0.206055,1.011475
3246209617,0.189453,0.206299,1.014404
3246214617,0.185303,0.201172,1.011475
3246219617,0.187744,0.202881,1.011963
3246224617,0.190918,0.203857,1.012451
3246229617,0.187256,0.203857,1.008545
3246234617,0.188965,0.197998,1.007324
3246239617,0.191162,0.200928,1.009766
3246244617,0.187012,0.201416,1.004883
3246249617,0.189941,0.200928,1.01123
3246254617,0.19165,0.201416,1.017822
3246259617,0.191895,0.201416,1.011719
3246264617,0.189453,0.207764,1.011475
3246269617,0.191162,0.207031,1.01416
3246274617,0.187744,0.205566,1.013428
3246279617,0.1875,0.202148,1.012207
3246284617,0.188965,0.20874,1.013672
3246289617,0.189697,0.205322,1.015625
3246294617,0.188721,0.209473,1.019043
3246299617,0.19043,0.20752,1.010742
3246304617,0.19043,0.20166,1.008301
3246309617,0.189209,0.203613,1.013428
3246314617,0.187012,0.203857,1.010498
3246319617,0.189697,0.200928,1.007324
3246324617,0.186768,0.202637,1.008057
3246329617,0.184326,0.205811,1.01416
3246334617,0.188477,0.205566,1.015625
3246339617,0.185547,0.201904,1.011475
3246344617,0.191406,0.203125,1.011475
3246349617,0.189941,0.203125,1.012695
3246354617,0.189209,0.203125,1.01001
3246359617,0.192627,0.203125,1.014648
3246364617,0.190918,0.20459,1.016357
3246369617,0.188721,0.204346,1.016113
3246374617,0.186768,0.20459,1.009521
3246379617,0.192383,0.206543,1.011475
3246384617,0.187256,0.206055,1.012207
3246389617,0.188477,0.202393,1.011719
3246394617,0.188232,0.200684,1.009766
3246399617,0.188721,0.204346,1.00708
3246404617,0.189697,0.202393,1.013916
3246409617,0.19043,0.201416,1.016846
3246414617,0.18335,0.19873,1.012939
3246419617,0.188477,0.202881,1.005859
3246424617,0.190674,0.201172,1.02124
3246429617,0.187012,0.20459,1.011475
3246434617,0.191895,0.202148,1.010498
3246439617,0.191895,0.202637,1.009521
3246444617,0.19165,0.205322,1.010986
3246449617,0.191406,0.202393,1.013916
3246454617,0.190186,0.203369,1.01416
3246459617,0.188721,0.201904,1.01123
3246464617,0.194824,0.199707,1.014893
3246469617,0.191895,0.204102,1.013672
3246474617,0.186035,0.205322,1.010742
3246479617,0.187744,0.203125,1.02124
3246484617,0.185791,0.200195,1.016846
3246489617,0.182129,0.203125,1.01123
3246494617,0.188232,0.200928,1.015869
3246499617,0.187988,0.203857,1.009521
3246504617,0.188721,0.200928,1.015137
3246509617,0.182373,0.205811,1.004395
3246514617,0.189453,0.204102,1.01709
3246519617,0.190674,0.202393,1.007813
3246524617,0.192383,0.198975,1.01001
3246529617,0.189453,0.210449,1.001221
3246534617,0.191162,0.203369,1.02002
3246539617,0.187012,0.208008,1.015381
3246544617,0.190186,0.205566,1.012695
3246549617,0.192139,0.208496,1.012695
3246554617,0.19043,0.201904,1.015137
3246559617,0.186035,0.205078,1.015137
3246564617,0.194824,0.205811,1.015625
3246569617,0.188965,0.203857,1.012207
3246574617,0.188477,0.203125,1.017334
3246579617,0.191895,0.203857,1.013916
3246584617,0.186035,0.206055,1.016113
3246589617,0.1875,0.20166,1.006592
3246594617,0.192871,0.204834,1.009521
3246599617,0.190918,0.203613,1.014404
3246604617,0.187988,0.205322,1.01123
3246609617,0.186035,0.203125,1.013916
3246614617,0.192627,0.206543,1.019043
3246619617,0.190674,0.209717,1.015625
3246624617,0.196533,0.210449,1.020508
3246629617,0.197998,0.203857,1.016602
3246634617,0.193604,0.202637,1.016846
3246639617,0.193359,0.203369,1.015625
3246644617,0.193115,0.202881,1.010254
3246649617,0.190918,0.20459,1.013672
3246654617,0.192871,0.203369,1.011963
3246659617,0.197021,0.202881,1.013916
3246664617,0.195068,0.205322,1.023682
3246669617,0.187744,0.202881,1.01416
3246674617,0.189209,0.199951,1.013184
3246679617,0.185547,0.206055,1.010986
3246684617,0.188232,0.204834,1.010986
3246689617,0.19043,0.207275,1.01001
3246694617,0.191162,0.205322,1.022461
3246699617,0.190918,0.206787,1.015381
3246704617,0.196289,0.200439,1.013184
3246709617,0.192383,0.206787,1.012207
3246714617,0.189697,0.19873,1.005859
3246719617,0.189941,0.199707,1.006592
3246724617,0.191895,0.199951,1.020508
3246729617,0.190918,0.202393,1.013672
3246734617,0.188477,0.202637,1.022949
3246739617,0.191162,0.19751,1.012695
3246744617,0.183594,0.202637,1.010742
3246749617,0.181396,0.198975,1.008545
3246754617,0.185303,0.204102,1.013916
3246759617,0.189697,0.206543,1.010742
3246764617,0.188232,0.198975,1.015869
3246769617,0.191895,0.206055,1.014404
3246774617,0.19165,0.200195,1.019287
3246779617,0.189453,0.20166,1.010986
3246784617,0.188721,0.205322,1.01416
3246789617,0.191162,0.205322,1.010742
3246794617,0.19043,0.20459,1.008789
3246799617,0.187988,0.202637,1.010742
3246804617,0.19043,0.206787,1.007813
3246809617,0.182861,0.20166,1.013184
3246814617,0.188965,0.205322,1.019287
3246819617,0.183838,0.20752,1.008545
3246824617,0.188721,0.204102,1.010254
3246829617,0.186279,0.200439,1.01123
3246834617,0.194092,0.207764,1.020508
3246839617,0.193115,0.204346,1.012207
3246844617,0.190674,0.204102,1.008301
3246849617,0.192139,0.207275,1.016357
3246854617,0.184814,0.200928,1.010986
3246859617,0.189941,0.200684,1.002197
3246864617,0.188965,0.206787,1.011719
3246869617,0.187012,0.203125,1.012939
3246874617,0.198242,0.200928,1.01001
3246879617,0.197266,0.210449,1.014893
3246884617,0.19165,0.208008,1.018066
3246889617,0.188232,0.204346,1.014404
3246894617,0.193848,0.200928,1.013184
3246899617,0.188721,0.202393,1.014404
3246904617,0.188721,0.203125,1.013916
3246909617,0.184326,0.20166,1.011475
3246914617,0.188721,0.20166,1.02002
3246919617,0.189209,0.205811,1.016113
3246924617,0.186768,0.200928,1.010986
3246929617,0.189697,0.204346,1.0
3246934617,0.190918,0.205078,1.010498
3246939617,0.19165,0.20874,1.015381
3246944617,0.18457,0.206055,1.010254
3246949617,0.19043,0.205811,1.014404
3246954617,0.191895,0.205322,1.012939
3246959617,0.191406,0.205566,1.016846
3246964617,0.183838,0.202881,1.010498
3246969617,0.189453,0.208008,1.020752
3246974617,0.189209,0.205566,1.018555
3246979617,0.183838,0.195557,1.008301
3246984617,0.188232,0.205811,1.018066
3246989617,0.192139,0.206055,1.016846
3246994617,0.185791,0.203125,1.011963
3246999617,0.191406,0.205322,1.015869
3247004617,0.185791,0.203125,1.009277
3247009617,0.186768,0.205078,1.012695
3247014617,0.190918,0.206299,1.012451
3247019617,0.192139,0.203613,1.014893
3247024617,0.187988,0.206299,1.013672
3247029617,0.192627,0.207275,1.014893
3247034617,0.186279,0.201172,1.011963
3247039617,0.190918,0.204834,1.013428
3247044617,0.190186,0.200684,1.01001
3247049617,0.189453,0.202393,1.011719
3247054617,0.189453,0.201416,1.011963
3247059617,0.188232,0.205566,1.015869
3247064617,0.186035,0.206787,1.009033
3247069617,0.185547,0.204834,1.008789
3247074617,0.189697,0.203857,1.009766
3247079617,0.192383,0.204102,1.012207
3247084617,0.19043,0.205078,1.010742
3247089617,0.188721,0.201904,1.013184
3247094617,0.190674,0.204834,1.013184
3247099617,0.185547,0.203857,1.019531
3247104617,0.187988,0.202881,1.012939
3247109617,0.188232,0.202881,1.013916
3247114617,0.191406,0.200928,1.009521
3247119617,0.188721,0.204346,1.009521
3247124617,0.184082,0.203369,1.004883
3247129617,0.196045,0.213135,1.019531
3247134617,0.186035,0.204102,1.015625
3247139617,0.188477,0.199707,1.016846
3247144617,0.188477,0.201416,1.011475
3247149617,0.189453,0.20459,1.01416
3247154617,0.192871,0.206787,1.017578
3247159617,0.18457,0.208252,1.013916
3247164617,0.189697,0.206299,1.010986
3247169617,0.197754,0.204102,1.016357
3247174617,0.189453,0.200684,1.019043
3247179617,0.190674,0.204346,1.017822
3247184617,0.190674,0.202148,1.015869
3247189617,0.187012,0.204834,1.008301
3247194617,0.193359,0.199219,1.016846
3247199617,0.187256,0.204834,1.015381
3247204617,0.18335,0.204346,1.013428
3247209617,0.185791,0.204834,1.013916
3247214617,0.186768,0.200928,1.016357
3247219617,0.189941,0.20166,1.015625
3247224617,0.192383,0.204834,1.016846
3247229617,0.19043,0.207275,1.005615
3247234617,0.189941,0.201172,1.014648
3247239617,0.188477,0.201904,1.01001
3247244617,0.190186,0.201904,1.01123
3247249617,0.19165,0.20166,1.01001
3247254617,0.192383,0.207275,1.015625
3247259617,0.187012,0.201172,1.010498
3247264617,0.185791,0.196289,1.005859
3247269617,0.19458,0.205322,1.018066
3247274617,0.193115,0.211426,1.011719
3247279617,0.186768,0.200684,1.012451
3247284617,0.188721,0.202637,1.013428
3247289617,0.188721,0.20459,1.012451
3247294617,0.190186,0.205078,1.015869
3247299617,0.190674,0.203369,1.014648
3247304617,0.190186,0.200928,1.01001
3247309617,0.189209,0.199219,1.012207
3247314617,0.189209,0.200928,1.007813
3247319617,0.187744,0.204834,1.014893
3247324617,0.189209,0.204346,1.015869
3247329617,0.192871,0.203857,1.013428
3247334617,0.192627,0.199463,1.006836
3247339617,0.187744,0.198486,1.010254
3247344617,0.190918,0.205566,1.010986
3247349617,0.189453,0.206543,1.011963
3247354617,0.185547,0.20752,1.015625
3247359617,0.193115,0.205811,1.011719
3247364617,0.185791,0.205078,1.009766
3247369617,0.19043,0.199951,1.008301
3247374617,0.189697,0.205566,1.008057
3247379617,0.187988,0.199463,1.012939
3247384617,0.187988,0.201416,1.01123
3247389617,0.191406,0.202393,1.006348
3247394617,0.19043,0.205566,1.009521
3247399617,0.188232,0.202148,1.007813
3247404617,0.185059,0.205566,1.01123
3247409617,0.187988,0.204102,1.013672
3247414617,0.187988,0.203857,1.019531
3247419617,0.187256,0.205566,1.012207
3247424617,0.19043,0.206543,1.010498
3247429617,0.189697,0.202637,1.010986
3247434617,0.186279,0.203369,1.011963
3247439617,0.188721,0.200684,1.010742
3247444617,0.19165,0.199707,1.01001
3247449617,0.191406,0.200928,1.013428
3247454617,0.190918,0.203613,1.013184
3247459617,0.19458,0.200928,1.018799
3247464617,0.188721,0.203613,1.015137
3247469617,0.19165,0.204346,1.011719
3247474617,0.1875,0.205078,1.010986
3247479617,0.189453,0.200439,1.008057
3247484617,0.187012,0.205811,1.010986
3247489617,0.189453,0.20752,1.009766
3247494617,0.186768,0.205322,1.012939
3247499617,0.190918,0.205078,1.015381
3247504617,0.189209,0.206543,1.011719
3247509617,0.189209,0.206299,1.011719
3247514617,0.19165,0.202881,1.012695
3247519617,0.190674,0.204346,1.015137
3247524617,0.1875,0.200439,1.014404
3247529617,0.192139,0.200684,1.007813
3247534617,0.189941,0.20459,1.013184
3247539617,0.190186,0.203125,1.009766
3247544617,0.188721,0.200195,1.014893
3247549617,0.188477,0.198486,1.010498
3247554617,0.188232,0.205322,1.013916
3247559617,0.188477,0.204834,1.012451
3247564617,0.1875,0.202148,1.013916
3247569617,0.190674,0.205811,1.020264
3247574617,0.188477,0.200684,1.012939
3247579617,0.19043,0.20459,1.012451
3247584617,0.190674,0.202637,1.011719
3247589617,0.190186,0.204834,1.013184
3247594617,0.189209,0.204102,1.015137
3247599617,0.189941,0.20752,1.01416
3247604617,0.191406,0.202637,1.011719
3247609617,0.192139,0.197998,1.014404
3247614617,0.186279,0.202393,1.008545
3247619617,0.190918,0.201904,1.013672
3247624617,0.188721,0.202881,1.010254
3247629617,0.189453,0.203857,1.013184
3247634617,0.190918,0.203857,1.014648
3247639617,0.187256,0.202881,1.015381
3247644617,0.188477,0.206543,1.017334
3247649617,0.190186,0.204834,1.02124
3247654617,0.190186,0.20459,1.015137
3247659617,0.18457,0.202393,1.015137
3247664617,0.189453,0.204102,1.007813
3247669617,0.189209,0.205322,1.015625
3247674617,0.189941,0.203369,1.013672
3247679617,0.190186,0.203125,1.008301
3247684617,0.191406,0.201416,1.016357
3247689617,-2.0,0.25708,-2.0
3247694617,-0.240234,1.999939,-2.0
3247699617,0.797119,-0.281006,0.071777
3247704617,-0.197021,-0.424316,-1.63623
3247709617,-1.595215,0.695312,-2.0
3247714617,0.34082,1.999939,-1.356934
3247719617,-2.0,1.94873,-1.6604
3247724617,-0.473389,0.304932,-2.0
3247729617,-0.657959,1.999939,-0.631592
3247734617,-0.544678,1.458496,-2.0
3247739617,-0.037598,0.770752,0.882324
3247744617,0.03125,0.925537,1.63501
3247749617,-0.00293,1.427979,1.500732
3247754617,0.221436,1.999939,1.262207
3247759617,0.122559,0.711182,0.889404
3247764617,0.225586,0.233643,1.134521
3247769617,-2.0,1.68335,0.655273
3247774617,-0.11792,0.54834,1.999939
3247779617,0.150635,-0.141113,1.280029
3247784617,0.62085,0.325684,1.578613
3247789617,0.260254,1.658447,1.849609
3247794617,0.504883,0.123291,1.703125
3247799617,0.102051,0.205078,1.048096
3247804617,-0.232422,1.570801,-1.999512
3247809617,-0.039551,1.112305,-0.692871
3247814617,-1.250977,0.556152,1.017822
3247819617,-0.462646,1.999939,-2.0
3247824617,0.259277,0.7229,-1.129395
3247829617,0.299561,0.192871,0.674316
3247834617,0.011719,0.214355,0.763916
3247839617,0.276367,0.241699,1.19458
3247844617,0.303467,0.30249,1.382813
3247849617,0.318115,0.52124,1.408203
3247854617,0.109863,0.193359,0.880127
3247859617,0.12085,0.309326,0.970947
3247864617,0.23877,0.237305,1.083252
3247869617,0.197266,0.272949,0.971924
3247874617,0.164062,0.194824,0.887451
3247879617,0.219238,0.15625,1.057129
3247884617,0.166016,0.187012,0.979736
3247889617,0.172363,0.192871,0.974365
3247894617,0.193848,0.225586,0.94043
3247899617,0.246338,0.20166,1.218262
3247904617,0.269531,0.339355,1.192871
3247909617,0.306152,0.062256,1.290771
3247914617,0.347412,0.375732,1.776611
3247919617,0.089844,0.325195,1.540527
3247924617,0.067383,0.219727,0.898437
3247929617,0.086182,0.25708,0.837158
3247934617,0.210693,0.203369,1.031738
3247939617,0.28418,0.605957,1.17627
3247944617,0.248779,0.473389,1.222168
3247949617,0.206055,0.754395,1.2229
3247954617,0.239746,1.012451,1.117188
3247959617,0.193115,0.242187,0.996094
3247964617,0.194336,0.227295,0.997314
3247969617,0.174316,0.169678,0.98877
3247974617,0.172852,0.192871,0.909668
3247979617,0.18457,0.205566,0.921875
3247984617,0.147949,0.180664,0.951172
3247989617,-0.469238,0.864258,0.466553
3247994617,0.165283,1.999939,0.982422
3247999617,0.213379,1.191406,0.98584
3248004617,0.116943,1.95752,0.899902
3248009617,-0.184082,1.037354,0.837891
3248014617,-0.47583,0.521729,0.963379
3248019617,0.236572,0.417969,1.107422
3248024617,0.210937,0.241211,1.108154
3248029617,0.181396,0.287842,1.029053
3248034617,0.202637,0.248535,1.010986
3248039617,0.164307,0.229004,0.943359
3248044617,0.120117,0.179687,0.98291
3248049617,0.161621,0.217529,0.974121
3248054617,0.23584,0.259033,1.122314
3248059617,0.112793,0.507812,0.910889
3248064617,-0.188232,0.340332,-0.228516
3248069617,0.248047,0.18335,1.406006
3248074617,0.185059,0.177734,1.094727
3248079617,0.198486,0.20874,1.029053
3248084617,0.137207,0.201416,0.915771
3248089617,0.154785,0.212158,0.954102
3248094617,0.161865,0.206787,0.966064
3248099617,0.165039,0.205078,0.997803
3248104617,0.183594,0.257568,1.01709
3248109617,0.226318,0.234619,1.100342
3248114617,0.178223,0.231445,1.016602
3248119617,0.253174,0.148437,1.101563
3248124617,0.293213,0.1604,1.130371
3248129617,0.344238,0.168701,1.241943
3248134617,0.254395,0.149658,1.149902
3248139617,0.284912,0.208984,1.198486
3248144617,0.201416,0.179687,1.157471
3248149617,0.247559,0.154541,1.064453
3248154617,0.174072,0.209473,0.955811
3248159617,0.155029,0.216553,0.963135
3248164617,0.161377,0.207764,1.009277
3248169617,0.217773,0.166504,1.093506
3248174617,0.12085,0.234375,0.920166
3248179617,0.122314,0.216797,0.994873
3248184617,0.157471,0.205566,1.083252
3248189617,0.246338,0.213867,1.29126
3248194617,0.085937,0.192383,0.898193
3248199617,0.067139,0.219727,0.951416
3248204617,0.215088,0.221436,1.015381
3248209617,0.16748,0.226562,0.986328
3248214617,0.173584,0.21582,0.979248
3248219617,0.184814,0.216309,0.997803
3248224617,0.120117,0.21582,0.945801
3248229617,0.230469,0.213379,1.047607
3248234617,0.30249,0.325439,1.19873
3248239617,0.232422,0.243896,1.093018
3248244617,0.016846,0.256348,1.770996
3248249617,0.106689,0.212158,0.970215
3248254617,0.19873,0.214111,1.095703
3248259617,0.233887,0.203369,1.011475
3248264617,0.206787,0.198242,1.037109
3248269617,0.187012,0.20459,1.015381
3248274617,0.222412,0.185303,1.023193
3248279617,0.263184,0.254395,1.102295
3248284617,0.223145,0.221191,1.208252
3248289617,0.129883,0.189697,0.656738
3248294617,0.021729,0.194336,0.921631
3248299617,0.178955,0.203857,0.90625
3248304617,0.223877,0.184326,1.088867
3248309617,0.186279,0.677979,1.058105
3248314617,0.256592,0.234619,1.141846
3248319617,0.237793,0.221436,1.123779
3248324617,0.219971,0.212891,1.018311
3248329617,0.156006,0.236572,0.95459
3248334617,0.229004,0.249512,1.472656
3248339617,0.260742,0.292725,1.072266
3248344617,0.161865,0.293701,0.92627
3248349617,0.160645,0.226562,0.888428
3248354617,0.193359,0.195068,1.129883
3248359617,0.173584,0.243408,0.981934
3248364617,0.149414,0.228271,0.928711
3248369617,0.165771,0.165771,0.858643
3248374617,0.109863,0.465576,0.912109
3248379617,0.237305,0.263184,1.141846
3248384617,0.197021,0.572998,1.080566
3248389617,0.169434,0.210205,0.920166
3248394617,0.257324,0.165527,1.048096
3248399617,0.253418,0.230713,1.194824
3248404617,0.155762,0.460205,1.015137
3248409617,0.183838,0.258301,1.113281
3248414617,0.282471,0.194336,1.116943
3248419617,0.139404,0.205078,1.053711
3248424617,0.19751,0.181641,0.963623
3248429617,0.116455,0.374756,0.842773
3248434617,0.038086,0.244629,0.748047
3248439617,0.263184,0.248779,1.04834
3248444617,0.143555,0.241699,0.952393
3248449617,0.177979,0.224609,1.045654
3248454617,0.289063,0.216797,1.19043
3248459617,0.238281,0.19458,1.130371
3248464617,0.123779,0.195068,0.859375
3248469617,0.235107,0.516113,1.091064
3248474617,0.25293,0.207764,1.117188
3248479617,0.204346,0.192627,1.070557
3248484617,0.205811,0.218506,1.047363
3248489617,0.192871,0.22168,1.008301
3248494617,0.187012,0.207031,1.00293
3248499617,0.191162,0.198242,1.009766
3248504617,0.193848,0.202148,1.010254
3248509617,0.185791,0.196777,1.016602
3248514617,0.194824,0.205322,1.020264
3248519617,0.191162,0.209961,1.013916
3248524617,0.185059,0.20752,1.019775
3248529617,0.187256,0.205322,1.014404
3248534617,0.187012,0.204346,1.013916
3248539617,0.18457,0.203857,1.006104
3248544617,0.190186,0.203125,1.013672
3248549617,0.186523,0.206787,1.015381
3248554617,0.187012,0.205811,1.012939
3248559617,0.190674,0.209229,1.022949
3248564617,0.1875,0.207031,1.018799
3248569617,0.185791,0.205811,1.00708
3248574617,0.186768,0.203125,1.015625
3248579617,0.186523,0.205322,1.012939
3248584617,0.186035,0.206299,1.010742
3248589617,0.186768,0.202393,1.013428
3248594617,0.189941,0.204346,1.015137
3248599617,0.186035,0.19873,1.007813
3248604617,0.185303,0.203857,1.009766
3248609617,0.186768,0.20874,1.012451
3248614617,0.178711,0.204346,1.015625
3248619617,0.185791,0.20874,1.013672
3248624617,0.188232,0.20874,1.019043
3248629617,0.185303,0.207031,1.008057
3248634617,0.1875,0.202881,1.008545
3248639617,0.189453,0.203369,1.019043
3248644617,0.186279,0.203125,1.020264
3248649617,0.182617,0.202881,1.012939
3248654617,0.185547,0.205811,1.018311
3248659617,0.1875,0.203613,1.011719
3248664617,0.18457,0.203857,1.012207
3248669617,0.188477,0.202393,1.016113
3248674617,0.190186,0.207031,1.013428
3248679617,0.1875,0.200439,1.012695
3248684617,0.186035,0.203125,1.013184
3248689617,0.186279,0.20459,1.006592
3248694617,0.181152,0.205078,1.008545
3248699617,0.192139,0.205811,1.018555
3248704617,0.192627,0.200684,1.013428
3248709617,0.186768,0.202148,1.007568
3248714617,0.188965,0.202148,1.020508
3248719617,0.188477,0.205811,1.020752
3248724617,0.188965,0.208984,1.008545
3248729617,0.274414,0.08374,0.862793
3248734617,0.135254,0.223145,1.218994
3248739617,0.217041,0.261719,1.038818
3248744617,0.151611,0.172852,0.943115
3248749617,0.183594,0.193604,1.02417
3248754617,0.175049,0.160889,1.02417
3248759617,0.203125,0.214111,1.00415
3248764617,0.198975,0.240234,1.021484
3248769617,0.182373,0.240234,1.025879
3248774617,0.186523,0.246826,1.029541
3248779617,0.187256,0.232422,1.022949
3248784617,0.186523,0.22876,1.017334
3248789617,0.182373,0.22168,1.0271
3248794617,0.185059,0.217529,1.016113
3248799617,0.182129,0.211914,1.009277
3248804617,0.178955,0.213623,1.026123
3248809617,0.182861,0.186279,1.012207
3248814617,0.196777,0.175049,0.981201
3248819617,0.189209,0.164551,0.985596
3248824617,0.185791,0.171631,0.996094
3248829617,0.191895,0.185547,1.009277
3248834617,0.1875,0.183838,1.020508
3248839617,0.188232,0.199219,1.023438
3248844617,0.188721,0.199463,1.009277
3248849617,0.186768,0.205566,1.004395
3248854617,0.186279,0.210693,1.020996
3248859617,0.186035,0.217041,1.023193
3248864617,0.182129,0.226318,1.01709
3248869617,0.182129,0.214844,1.012695
3248874617,0.185547,0.212158,1.013672
3248879617,0.184326,0.202881,1.005615
3248884617,0.18335,0.213379,1.009277
3248889617,0.18042,0.214844,1.020752
3248894617,0.186035,0.213867,1.006836
3248899617,0.179199,0.237061,1.05542
3248904617,0.187256,0.228271,1.035889
3248909617,0.18335,0.233398,1.016113
3248914617,0.192383,0.224854,1.02417
3248919617,0.198486,0.221924,1.005859
3248924617,0.194336,0.203857,1.029053
3248929617,0.195068,0.178955,1.018066
3248934617,0.182861,0.162354,0.998291
3248939617,0.184326,0.179932,1.01123
3248944617,0.200195,0.1875,1.031982
3248949617,0.188965,0.185791,0.989258
3248954617,0.190918,0.183594,0.975098
3248959617,0.198975,0.186279,1.001709
3248964617,0.187988,0.184326,0.984863
3248969617,0.194336,0.19165,0.994385
3248974617,0.176025,0.199951,1.013184
3248979617,0.213135,0.199951,1.02832
3248984617,0.199219,0.202881,1.040039
3248989617,0.191895,0.210693,1.013916
3248994617,0.186279,0.227539,1.02002
3248999617,0.179443,0.224365,1.013672
3249004617,0.191895,0.22583,1.020264
3249009617,0.187256,0.221436,1.012207
3249014617,0.186279,0.213623,1.024414
3249019617,0.187012,0.218018,1.010986
3249024617,0.186768,0.210449,1.015381
3249029617,0.188477,0.195068,1.005127
3249034617,0.190674,0.189453,1.005127
3249039617,0.189209,0.17334,1.0
3249044617,0.166504,-0.218262,0.597656
3249049617,0.204102,0.299805,1.333984
3249054617,0.219482,0.296387,1.097656
3249059617,0.196045,0.216797,0.968262
3249064617,0.175049,0.290771,0.980225
3249069617,0.217041,0.232666,1.038818
3249074617,0.219238,0.152588,1.03125
3249079617,0.186279,0.245117,1.018799
3249084617,0.170898,0.307129,1.021484
3249089617,0.165527,0.303711,0.996338
3249094617,0.181641,0.310547,1.040283
3249099617,0.188965,0.23584,1.012695
3249104617,0.209961,0.209961,1.009521
3249109617,0.19873,0.174072,1.012695
3249114617,0.194336,0.168945,0.978271
3249119617,0.209961,0.176758,0.993164
3249124617,0.21875,0.17749,0.996338
3249129617,0.200928,0.155029,1.021973
3249134617,0.201172,0.066895,0.969482
3249139617,0.200928,0.070312,0.953369
3249144617,0.208496,0.089844,0.967529
3249149617,0.178223,0.176025,1.02124
3249154617,0.184326,0.268311,1.0354
3249159617,0.220459,0.237061,1.025879
3249164617,0.17627,0.232422,1.014404
3249169617,0.195557,0.235352,1.029297
3249174617,0.178955,0.302734,1.035645
3249179617,0.176758,0.296143,1.001221
3249184617,0.160889,0.336914,1.023438
3249189617,0.176514,0.290527,1.03418
3249194617,0.201172,0.264404,1.047607
3249199617,0.185547,0.244873,1.057617
3249204617,0.202637,0.238281,1.03833
3249209617,0.196777,0.246094,1.046143
3249214617,0.204102,0.190186,1.010498
3249219617,0.205322,0.146729,1.026123
3249224617,0.223145,0.093506,0.961426
3249229617,0.222168,0.030762,0.968994
3249234617,0.200439,0.152832,0.981445
3249239617,0.20166,0.154541,0.950928
3249244617,0.201172,0.171875,0.968262
3249249617,0.196777,0.16748,0.999756
3249254617,0.192627,0.188477,0.997803
3249259617,0.192139,0.220215,1.003662
3249264617,0.191406,0.25,1.000488
3249269617,0.18457,0.266113,1.009766
3249274617,0.194824,0.233154,1.027588
3249279617,0.200684,0.205322,1.040283
3249284617,0.198242,0.171387,1.031494
3249289617,0.200684,0.173828,1.022461
3249294617,0.189453,0.194336,1.050537
3249299617,0.193848,0.216797,1.009766
3249304617,0.194336,0.20459,1.000244
3249309617,0.199463,0.185059,0.983643
3249314617,0.204102,0.171875,0.975342
3249319617,0.193848,0.145752,0.962402
3249324617,0.190674,0.177979,0.978271
3249329617,0.193115,0.196289,1.008301
3249334617,0.197266,0.206299,1.01123
3249339617,0.196045,0.195312,1.040283
3249344617,0.19458,0.193115,1.050049
3249349617,0.195801,0.200928,1.01709
3249354617,0.215576,0.249512,1.067383
3249359617,0.204346,0.213623,1.003906
3249364617,0.196045,0.228027,1.027588
3249369617,0.194824,0.232178,1.050537
3249374617,0.208984,0.23584,1.05249
3249379617,0.200684,0.212646,1.012695
3249384617,0.189697,0.217773,1.010986
3249389617,0.198486,0.208252,1.004883
3249394617,0.191895,0.21167,1.001953
3249399617,0.195801,0.226807,1.009033
3249404617,0.195801,0.214111,1.025146
3249409617,0.19458,0.213379,1.019775
3249414617,0.197754,0.215088,1.003418
3249419617,0.199219,0.222412,1.012207
3249424617,0.188721,0.211426,1.008301
3249429617,0.191406,0.180908,1.031982
3249434617,0.1875,0.155273,1.031982
3249439617,0.208984,0.192383,0.999268
3249444617,0.186279,0.196533,1.008057
3249449617,0.192383,0.213623,1.013184
3249454617,0.187744,0.185303,1.010986
3249459617,0.189453,0.209473,1.015381
3249464617,0.195068,0.224365,1.015869
3249469617,0.188477,0.241455,1.025635
3249474617,0.190186,0.234863,1.002197
3249479617,0.185303,0.233643,1.010254
3249484617,0.186279,0.226562,1.01123
3249489617,0.192871,0.230957,1.019287
3249494617,0.19873,0.227051,1.024658
3249499617,0.183838,0.233643,1.023438
3249504617,0.191895,0.27002,1.130371
3249509617,0.182861,0.19458,1.008301
3249514617,0.188721,0.19873,0.9729
3249519617,0.191162,0.186523,1.021729
3249524617,0.201416,0.176514,1.013428
3249529617,0.19458,0.173828,1.002441
3249534617,0.196533,0.196289,0.998535
3249539617,0.199707,0.190186,1.008057
3249544617,0.197754,0.171143,1.003662
3249549617,0.199707,0.157715,1.001709
3249554617,0.192383,0.165283,0.983643
3249559617,0.190918,0.188232,0.996826
3249564617,0.193359,0.209961,1.009277
3249569617,0.194336,0.219238,1.017578
3249574617,0.193604,0.218506,1.022461
3249579617,0.194336,0.208984,1.022217
3249584617,0.189453,0.201416,1.008789
3249589617,0.194824,0.208984,1.008301
3249594617,0.193359,0.234619,1.019287
3249599617,0.192627,0.245117,1.026855
3249604617,0.196045,0.23877,1.026855
3249609617,0.189209,0.2229,1.02002
3249614617,0.189697,0.212891,1.008789
3249619617,0.192139,0.211182,1.01123
3249624617,0.191406,0.221924,1.015869
3249629617,0.193848,0.219482,1.023193
3249634617,0.190186,0.208252,1.010986
3249639617,0.195801,0.192383,1.007324
3249644617,0.196289,0.179687,1.001709
3249649617,0.195068,0.173828,0.995361
3249654617,0.194092,0.186279,0.99585
3249659617,0.192627,0.195801,0.999268
3249664617,0.189453,0.204346,1.009277
3249669617,0.190674,0.204346,1.006592
3249674617,0.190186,0.198486,1.002686
3249679617,0.189209,0.197998,1.011719
3249684617,0.191162,0.208496,1.008789
3249689617,0.192871,0.219971,1.016846
3249694617,0.192383,0.223633,1.023926
3249699617,0.195068,0.219971,1.023926
3249704617,0.192139,0.220947,1.019531
3249709617,0.19165,0.211426,1.018311
3249714617,0.190918,0.219238,1.010986
3249719617,0.193359,0.216797,1.009521
3249724617,0.187988,0.213867,1.010254
3249729617,0.194824,0.208008,1.019287
3249734617,0.196777,0.206787,1.011963
3249739617,0.196045,0.206055,1.009033
3249744617,0.188965,0.19751,1.006348
3249749617,0.191162,0.200928,1.009277
3249754617,0.189941,0.207275,1.009521
3249759617,0.192139,0.196533,1.010498
3249764617,0.19458,0.194824,1.00708
3249769617,0.191162,0.197021,1.009277
3249774617,0.194824,0.203613,1.009521
3249779617,0.193848,0.205811,1.015381
3249784617,0.191162,0.213623,1.016357
3249789617,0.192627,0.213135,1.018311
3249794617,0.196045,0.211426,1.019287
3249799617,0.189209,0.212402,1.011963
3249804617,0.190186,0.211914,1.011963
3249809617,0.193848,0.208496,1.008301
3249814617,0.195312,0.213379,1.006348
3249819617,0.19458,0.209473,1.012207
3249824617,0.191162,0.203369,1.010498
3249829617,0.194092,0.206787,1.016357
3249834617,0.19458,0.203369,1.011719
3249839617,0.194092,0.205078,1.016357
3249844617,0.19043,0.201416,1.016357
3249849617,0.191895,0.200684,1.015625
3249854617,0.193115,0.202393,1.01123
3249859617,0.1875,0.202393,1.01001
3249864617,0.194092,0.205322,1.01001
3249869617,0.192627,0.206299,1.013672
3249874617,0.189941,0.21167,1.014404
3249879617,0.189941,0.207764,1.007813
3249884617,0.194336,0.205811,1.010498
3249889617,0.19751,0.207031,1.015137
3249894617,0.192383,0.209717,1.015625
3249899617,0.192139,0.208252,1.013184
3249904617,0.192627,0.208496,1.01123
3249909617,0.194336,0.209473,1.010498
3249914617,0.192627,0.201904,1.014404
3249919617,0.196533,0.209473,1.010498
3249924617,0.197021,0.205078,1.012939
3249929617,0.193848,0.205566,1.009033
3249934617,0.189941,0.20752,1.007813
3249939617,0.188965,0.208252,1.004395
3249944617,0.193115,0.208008,1.005615
3249949617,0.196045,0.205322,1.010498
3249954617,0.194824,0.213867,1.014404
3249959617,0.19458,0.212158,1.014404
3249964617,0.199951,0.209717,1.012695
3249969617,0.195801,0.206299,1.020264
3249974617,0.194092,0.208008,1.015625
3249979617,0.19165,0.208984,1.011475
3249984617,0.190186,0.205811,1.005859
3249989617,0.192871,0.204346,1.010254
3249994617,0.191162,0.207764,1.01416
3249999617,0.190674,0.205322,1.010254
3250004617,0.189941,0.205078,1.009277
3250009617,0.186523,0.206055,0.998779
3250014617,0.19165,0.209229,1.009033
3250019617,0.191162,0.204346,1.012939
3250024617,0.195312,0.215332,1.006592
3250029617,0.196533,0.206543,1.010986
3250034617,0.191895,0.208008,1.021729
3250039617,0.192383,0.208496,1.014648
3250044617,0.191895,0.210937,1.012451
3250049617,0.194092,0.208496,1.014893
3250054617,0.192383,0.20874,1.01416
3250059617,0.187256,0.20874,1.010498
3250064617,0.188965,0.207031,1.014893
3250069617,0.186768,0.201416,1.006836
3250074617,0.189209,0.202148,1.007813
3250079617,0.191162,0.204102,1.007813
3250084617,0.191162,0.206055,1.010742
3250089617,0.201416,0.188477,1.025879
3250094617,0.182129,0.219727,0.984131
3250099617,0.190186,0.208008,1.02124
3250104617,0.195801,0.20459,1.009033
3250109617,0.200195,0.203369,1.020508
3250114617,0.192627,0.208496,1.019287
3250119617,0.193115,0.207031,1.013672
3250124617,0.192139,0.205322,1.006836
3250129617,0.195068,0.208252,1.018555
3250134617,0.192139,0.207764,1.008057
3250139617,0.192383,0.209229,1.014893
3250144617,0.193604,0.209961,1.008301
3250149617,0.189209,0.205322,1.008545
3250154617,0.191406,0.20752,1.009277
3250159617,0.192627,0.205811,1.01001
3250164617,0.195312,0.205811,1.012695
3250169617,0.19165,0.197021,1.015137
3250174617,0.191406,0.223633,1.055176
3250179617,0.16626,0.235352,0.963867
3250184617,0.195801,0.214355,1.042725
3250189617,0.184814,0.208984,0.969482
3250194617,0.19751,0.203369,1.009277
3250199617,0.19751,0.200195,1.001465
3250204617,0.193359,0.19873,1.015381
3250209617,0.187988,0.208984,1.017822
3250214617,0.19458,0.204834,1.022949
3250219617,0.195312,0.20874,1.01416
3250224617,0.20459,0.220459,1.015381
3250229617,0.186035,0.210449,0.977539
3250234617,0.210937,0.191162,1.033691
3250239617,0.198486,0.193115,0.992187
3250244617,0.190918,0.19751,1.029785
3250249617,0.186035,0.205566,1.01001
3250254617,0.188477,0.206543,1.016602
3250259617,0.187988,0.212646,1.015869
3250264617,0.187256,0.205078,1.02832
3250269617,0.182373,0.222412,1.02124
3250274617,0.182129,0.219727,0.980713
3250279617,0.197266,0.204102,1.022217
3250284617,0.193848,0.212891,0.996826
3250289617,0.197266,0.212891,1.014404
3250294617,0.203125,0.214355,1.026855
3250299617,0.189941,0.214111,1.001953
3250304617,0.199463,0.205566,1.022705
3250309617,0.200928,0.205078,1.012451
3250314617,0.19165,0.201172,1.003418
3250319617,0.198486,0.197754,1.010742
3250324617,0.193848,0.201416,1.014404
3250329617,0.186035,0.207275,1.006104
3250334617,0.189453,0.208252,1.013672
3250339617,0.191895,0.211182,1.006348
3250344617,0.192139,0.204102,1.011963
3250349617,0.189941,0.212402,1.011719
3250354617,0.192383,0.214355,1.001465
3250359617,0.196777,0.213623,1.01123
3250364617,0.194092,0.210205,1.011475
3250369617,0.194092,0.210693,1.013428
3250374617,0.199951,0.209229,1.013672
3250379617,0.195312,0.202881,1.009033
3250384617,0.194336,0.209473,1.019775
3250389617,0.19165,0.20459,1.009277
3250394617,0.193848,0.205322,1.006348
3250399617,0.193848,0.201904,1.009766
3250404617,0.189941,0.202637,1.011475
3250409617,0.183594,0.202148,0.999268
3250414617,0.192871,0.205811,1.005615
3250419617,0.190918,0.202637,1.01416
3250424617,0.187256,0.209229,1.012695
3250429617,0.19458,0.20874,1.010986
3250434617,0.193604,0.207275,1.009766
3250439617,0.195312,0.209717,1.015869
3250444617,0.19458,0.210449,1.018066
3250449617,0.194092,0.210205,1.003662
3250454617,0.198242,0.209229,1.014893
3250459617,0.19458,0.207031,1.011719
3250464617,0.195068,0.205566,1.014404
3250469617,0.194092,0.202148,1.01001
3250474617,0.188232,0.199951,1.00415
3250479617,0.188232,0.20459,1.011963
3250484617,0.186035,0.203125,1.006104
3250489617,0.185791,0.205566,1.01123
3250494617,0.185303,0.206543,1.009277
3250499617,0.19043,0.203369,1.009033
3250504617,0.192627,0.202148,1.017578
3250509617,0.188477,0.208008,1.009521
3250514617,0.191895,0.208984,1.01416
3250519617,0.19165,0.209961,1.007324
3250524617,0.192139,0.202881,1.009766
3250529617,0.194092,0.202637,1.010498
3250534617,0.192871,0.204346,1.006592
3250539617,0.192383,0.208252,1.006592
3250544617,0.19458,0.204346,1.010498
3250549617,0.191406,0.200684,1.004639
3250554617,0.194824,0.197021,1.011719
3250559617,0.194092,0.202148,1.010742
3250564617,0.184082,0.206543,1.00708
3250569617,0.192383,0.204346,1.012939
3250574617,0.193604,0.205566,1.013916
3250579617,0.191895,0.200928,1.012939
3250584617,0.193604,0.206543,1.015137
3250589617,0.194092,0.207275,1.011719
3250594617,0.189941,0.209717,1.012939
3250599617,0.192383,0.203613,1.008057
3250604617,0.191162,0.204346,1.020996
3250609617,0.19043,0.210205,1.016602
3250614617,0.191895,0.20874,1.012695
3250619617,0.196777,0.202637,1.018066
3250624617,0.188232,0.197266,1.001709
3250629617,0.19458,0.203613,1.000244
3250634617,0.19751,0.205078,1.016846
3250639617,0.198486,0.213867,1.014648
3250644617,0.196777,0.212891,1.016113
3250649617,0.194336,0.203369,1.005371
3250654617,0.189697,0.20752,1.008545
3250659617,0.189209,0.214355,1.012207
3250664617,0.195557,0.217773,1.011963
3250669617,0.194336,0.211914,1.013916
3250674617,0.193115,0.208008,1.011963
3250679617,0.186279,0.214355,1.011719
3250684617,0.188232,0.211426,1.005859
3250689617,0.192383,0.210205,1.008057
3250694617,0.193604,0.215088,1.008789
3250699617,0.192383,0.216064,1.006348
3250704617,0.194336,0.213867,1.013672
3250709617,0.196045,0.214844,1.010986
3250714617,0.194824,0.209961,1.013184
3250719617,0.192139,0.212158,1.000488
3250724617,0.200195,0.204346,1.007813
3250729617,0.192383,0.209717,1.015625
3250734617,0.19043,0.212158,1.021484
3250739617,0.189209,0.211914,1.01001
3250744617,0.193359,0.213867,1.014893
3250749617,0.193604,0.209961,1.010254
3250754617,0.189697,0.203125,1.007568
3250759617,0.195312,0.209717,1.015381
3250764617,0.188965,0.206787,1.000244
3250769617,0.188721,0.203613,1.006348
3250774617,0.193848,0.208252,1.018799
3250779617,0.190918,0.206055,1.013184
3250784617,0.189209,0.207275,1.008789
3250789617,0.187744,0.209473,1.006348
3250794617,0.192871,0.208496,1.009033
3250799617,0.193604,0.208008,1.008789
3250804617,0.190674,0.209473,0.999268
3250809617,0.263428,-0.062012,1.999939
3250814617,-2.0,1.999939,1.999939
3250819617,-2.0,0.579102,1.999939
3250824617,-1.436035,1.396973,1.999939
3250829617,-0.242432,1.999939,1.685059
3250834617,0.99707,0.37085,1.999939
3250839617,0.757324,-0.096436,0.419434
3250844617,0.103271,0.343262,0.61084
3250849617,0.013428,0.467285,0.993896
3250854617,0.061768,0.19165,1.55542
3250859617,0.002686,0.169922,0.145508
3250864617,-0.080811,0.226562,0.333252
3250869617,-0.070557,-0.073486,-0.050781
3250874617,0.172852,0.256836,0.641846
3250879617,0.084473,0.406982,0.801514
3250884617,0.120605,0.348877,1.108398
3250889617,0.044922,0.22583,0.496826
3250894617,0.208008,0.218994,1.004395
3250899617,0.169434,0.224121,0.985352
3250904617,0.305176,0.173584,1.0896
3250909617,0.072754,0.173828,0.889893
3250914617,0.20459,0.328857,1.037598
3250919617,0.237549,0.255371,1.159668
3250924617,0.196777,0.18335,1.221436
3250929617,0.202393,0.133789,0.921631
3250934617,0.196533,0.142578,1.064209
3250939617,0.187988,0.20752,0.998535
3250944617,0.207275,0.183594,1.052246
3250949617,0.208496,0.258057,1.077881
3250954617,0.188721,0.172852,1.06665
3250959617,0.17334,0.126221,0.864502
3250964617,0.195557,0.19458,1.139893
3250969617,0.230225,0.284424,1.224365
3250974617,0.217773,0.252441,1.128906
3250979617,0.200195,0.292236,0.955811
3250984617,0.16626,0.248047,0.979492
3250989617,0.206055,0.203857,0.988281
3250994617,0.179687,0.157227,1.006836
3250999617,0.164307,0.206055,1.007813
3251004617,0.178467,0.195312,0.965088
3251009617,0.174316,0.317383,0.987061
3251014617,0.279541,0.226318,1.035889
3251019617,0.183594,0.161133,1.022461
3251024617,0.201172,0.216553,1.302734
3251029617,0.13501,0.186768,0.976074
3251034617,0.154053,0.105713,0.844971
3251039617,0.169189,0.289795,1.150635
3251044617,0.185303,0.199463,1.020996
3251049617,0.190186,0.217041,1.053467
3251054617,0.20874,0.181641,1.005615
3251059617,0.186279,0.155762,0.962402
3251064617,0.188965,0.192139,0.993652
3251069617,0.188477,0.241211,1.010986
3251074617,0.194092,0.234131,1.022949
3251079617,0.183838,0.224121,1.021973
3251084617,0.190918,0.189697,1.006104
3251089617,0.189697,0.179199,1.000977
3251094617,0.189941,0.202881,1.008057
3251099617,0.192871,0.220215,1.015869
3251104617,0.191895,0.233643,1.023926
3251109617,0.191895,0.219238,1.016113
3251114617,0.192383,0.188965,1.007324
3251119617,0.195312,0.172852,1.001221
3251124617,0.192627,0.180176,1.003662
3251129617,0.190918,0.205078,1.01416
3251134617,0.192627,0.218506,1.013672
3251139617,0.189697,0.212646,1.01416
3251144617,0.19043,0.192627,1.010254
3251149617,0.194824,0.183838,1.008057
3251154617,0.190918,0.195557,1.012451
3251159617,0.192871,0.212402,1.019531
3251164617,0.187256,0.219238,1.015625
3251169617,0.193604,0.217041,1.020752
3251174617,0.187744,0.207764,1.017578
3251179617,0.191895,0.195557,1.010986
3251184617,0.188477,0.197266,1.008545
3251189617,0.187256,0.203125,1.015381
3251194617,0.192139,0.209473,1.016357
3251199617,0.189453,0.209473,1.013184
3251204617,0.197266,0.201416,1.00708
3251209617,0.19751,0.19043,1.009521
3251214617,0.193848,0.194336,1.012451
3251219617,0.188965,0.19458,1.008789
3251224617,0.189941,0.203369,1.006104
3251229617,0.195068,0.20459,1.007324
3251234617,0.196533,0.206055,1.02002
3251239617,0.192871,0.197266,1.015381
3251244617,0.190674,0.199219,1.007568
3251249617,0.192871,0.209473,1.011475
3251254617,0.19458,0.210449,1.011963
3251259617,0.187988,0.209229,1.019531
3251264617,0.192139,0.204834,1.015869
3251269617,0.193848,0.208008,1.012207
3251274617,0.195068,0.201416,1.015381
3251279617,0.193604,0.205566,1.019043
3251284617,0.192383,0.211182,1.012207
3251289617,0.193115,0.208496,1.01123
3251294617,0.193604,0.204346,1.016357
3251299617,0.188965,0.200195,1.010498
3251304617,0.193115,0.200439,1.010498
3251309617,0.191895,0.200195,1.009033
3251314617,0.193604,0.205078,1.013916
3251319617,0.190674,0.20459,1.013428
3251324617,0.189941,0.202637,1.014893
3251329617,0.191406,0.200684,1.016846
3251334617,0.191162,0.206543,1.010986
3251339617,0.187744,0.204834,1.01001
3251344617,0.188965,0.206299,1.013428
3251349617,0.197998,0.205322,1.014648
3251354617,0.19043,0.207031,1.013428
3251359617,0.192139,0.206055,1.015381
3251364617,0.193604,0.204102,1.014404
3251369617,0.191406,0.200684,1.011963
3251374617,0.189941,0.203857,1.011719
3251379617,0.188477,0.204834,1.011475
3251384617,0.191162,0.206299,1.009766
3251389617,0.187988,0.201904,1.006348
3251394617,0.193115,0.19873,1.008545
3251399617,0.194092,0.203857,1.006592
3251404617,0.197998,0.199951,1.01416
3251409617,0.197266,0.202637,1.01123
3251414617,0.19043,0.203125,1.010498
3251419617,0.191162,0.208008,1.016846
3251424617,0.190918,0.212158,1.010742
3251429617,0.189697,0.204102,1.009766
3251434617,0.19751,0.204102,1.010254
3251439617,0.193848,0.205322,1.017822
3251444617,0.190186,0.20752,1.018311
3251449617,0.188232,0.202637,1.013672
3251454617,0.19165,0.201904,1.011963
3251459617,0.189941,0.201904,1.013916
3251464617,0.185059,0.199463,1.011963
3251469617,0.185791,0.200684,1.01709
3251474617,0.191406,0.197754,1.016602
3251479617,0.192139,0.197754,1.017822
3251484617,0.19165,0.202637,1.01709
3251489617,0.192871,0.198975,1.009277
3251494617,0.193848,0.205078,1.006836
3251499617,0.192627,0.202393,1.004639
3251504617,0.197998,0.205811,1.00415
3251509617,0.19043,0.208008,1.010742
3251514617,0.190918,0.201172,1.011475
3251519617,0.187744,0.205322,1.010986
3251524617,0.190674,0.206787,1.012207
3251529617,0.1875,0.20459,1.009521
3251534617,0.189453,0.214111,1.024902
3251539617,0.186279,0.211914,1.020264
3251544617,0.190918,0.213135,1.000244
3251549617,0.188721,0.201904,1.006104
3251554617,0.19873,0.200195,1.000732
3251559617,0.200928,0.175781,1.004395
3251564617,0.195312,0.187256,1.023438
3251569617,0.192139,0.195312,1.014893
3251574617,0.187256,0.203125,1.016113
3251579617,0.187744,0.206543,1.015381
3251584617,0.19458,0.202148,1.010254
3251589617,0.200928,0.192139,1.006592
3251594617,0.197998,0.191895,1.009277
3251599617,0.195312,0.20459,1.012207
3251604617,0.188721,0.210693,1.026123
3251609617,0.190186,0.217041,1.006592
3251614617,0.181152,0.204346,1.001465
3251619617,0.1875,0.19043,1.016113
3251624617,0.20166,0.216309,1.026367
3251629617,0.205322,0.191406,1.010498
3251634617,0.182373,0.2229,1.011475
3251639617,0.195557,0.193848,1.018555
3251644617,0.192383,0.186523,1.009277
3251649617,0.194336,0.196533,1.019531
3251654617,0.185059,0.218262,1.023193
3251659617,0.185303,0.227051,1.018066
3251664617,0.191162,0.210205,1.010742
3251669617,0.199463,0.192139,0.999756
3251674617,0.190674,0.185547,1.013916
3251679617,0.188965,0.203613,1.025146
3251684617,0.184814,0.21582,1.012207
3251689617,0.187012,0.222412,1.018555
3251694617,0.188965,0.200928,1.005615
3251699617,0.19751,0.177246,1.023438
3251704617,0.188965,0.184326,1.015381
3251709617,0.194092,0.204102,1.015869
3251714617,0.183105,0.219727,0.997314
3251719617,0.193848,0.205811,0.998535
3251724617,0.206299,0.195068,1.001953
3251729617,0.203857,0.199463,1.02832
3251734617,0.197266,0.20459,1.023193
3251739617,0.188477,0.218506,1.001709
3251744617,0.195068,0.211426,0.995117
3251749617,0.19043,0.196045,1.012695
3251754617,0.192139,0.19458,1.019287
3251759617,0.1875,0.200928,1.030273
3251764617,0.175537,0.213623,1.019531
3251769617,0.178467,0.208008,1.000244
3251774617,0.183594,0.198242,1.007324
3251779617,0.19165,0.193359,1.013672
3251784617,0.187988,0.203369,1.028076
3251789617,0.189941,0.210205,1.013184
3251794617,0.19458,0.212891,1.003418
3251799617,0.201416,0.196777,1.006836
3251804617,0.201904,0.199707,1.007813
3251809617,0.200684,0.202881,1.011719
3251814617,0.193848,0.207275,1.012207
3251819617,0.195068,0.205322,1.007324
3251824617,0.19458,0.194824,1.009033
3251829617,0.189209,0.200928,1.02417
3251834617,0.184814,0.20752,1.01416
3251839617,0.18457,0.209229,1.004883
3251844617,0.185791,0.203369,1.006348
3251849617,0.1875,0.205811,1.023193
3251854617,0.189941,0.208252,1.015381
3251859617,0.186768,0.210205,0.998535
3251864617,0.193115,0.200195,1.005859
3251869617,0.192871,0.200439,1.023926
3251874617,0.196045,0.2146,1.011963
3251879617,0.191162,0.206055,1.001221
3251884617,0.198242,0.201172,1.006836
3251889617,0.195557,0.198486,1.020996
3251894617,0.191406,0.208252,1.015869
3251899617,0.188232,0.207764,1.011719
3251904617,0.193115,0.200684,1.014648
3251909617,0.187744,0.199707,1.010498
3251914617,0.18335,0.208252,1.008545
3251919617,0.183105,0.201172,1.009521
3251924617,0.189697,0.20166,1.014404
3251929617,0.186523,0.210693,1.015869
3251934617,0.186279,0.208496,1.00293
3251939617,0.19043,0.200928,1.01123
3251944617,0.192871,0.202148,1.019043
3251949617,0.192139,0.213623,1.014648
3251954617,0.19458,0.21167,1.004395
3251959617,0.193604,0.205811,1.00708
3251964617,0.19751,0.202881,1.021729
3251969617,0.191895,0.209961,1.018311
3251974617,0.189453,0.207275,1.009766
3251979617,0.192139,0.198975,1.016602
3251984617,0.193848,0.197754,1.02002
3251989617,0.186523,0.202637,1.015625
3251994617,0.189697,0.201904,1.00708
3251999617,0.188965,0.19873,1.009521
3252004617,0.187012,0.205566,1.011475
3252009617,0.1875,0.207764,1.002686
3252014617,0.187988,0.204346,1.006836
3252019617,0.194824,0.20166,1.016113
3252024617,0.19165,0.207275,1.016113
3252029617,0.188232,0.210205,1.005859
3252034617,0.193604,0.206055,1.01123
3252039617,0.192383,0.205566,1.021973
3252044617,0.192383,0.209717,1.018555
3252049617,0.186768,0.213379,1.010254
3252054617,0.190186,0.204834,1.009277
3252059617,0.191162,0.202393,1.010742
3252064617,0.190674,0.203613,1.015625
3252069617,0.189941,0.204102,1.005859
3252074617,0.187256,0.199219,1.008057
3252079617,0.193359,0.202881,1.006836
3252084617,0.192383,0.19751,1.014648
3252089617,0.189209,0.198975,1.006592
3252094617,0.191406,0.19751,1.013428
3252099617,0.19165,0.20166,1.014404
3252104617,0.192139,0.205322,1.007324
3252109617,0.191406,0.205078,1.018555
3252114617,0.190674,0.204346,1.015869
3252119617,0.189941,0.208496,1.010742
3252124617,0.191162,0.209717,1.01001
3252129617,0.192383,0.206787,1.008057
3252134617,0.188965,0.207764,1.01709
3252139617,0.189453,0.207031,1.012207
3252144617,0.188965,0.205078,1.012695
3252149617,0.192139,0.205322,1.015381
3252154617,0.192139,0.205322,1.010742
3252159617,0.190918,0.205322,1.011475
3252164617,0.192627,0.204102,1.011475
3252169617,0.190918,0.202881,1.010742
3252174617,0.193604,0.208252,1.006836
3252179617,0.186523,0.197754,1.005615
3252184617,0.200195,0.199463,1.013672
3252189617,0.202393,0.205566,1.009521
3252194617,0.19458,0.209473,1.026611
3252199617,0.188965,0.207031,1.01001
3252204617,0.191406,0.205566,1.010498
3252209617,0.186279,0.209961,1.022705
3252214617,0.180176,0.207275,1.009766
3252219617,0.188965,0.205078,1.006348
3252224617,0.1875,0.203857,1.018066
3252229617,0.186035,0.200195,1.00708
3252234617,0.189697,0.202881,1.002197
3252239617,0.184082,0.201172,0.999268
3252244617,0.186523,0.199219,1.019043
3252249617,0.185059,0.201172,1.007813
3252254617,0.19165,0.206299,1.015869
3252259617,0.191406,0.205078,1.015381
3252264617,0.196533,0.199219,1.015137
3252269617,0.188477,0.199951,1.00415
3252274617,0.198242,0.202148,1.017334
3252279617,0.195312,0.204834,1.022949
3252284617,0.189209,0.209961,1.015625
3252289617,0.187256,0.205566,1.012451
3252294617,0.191162,0.20459,1.002441
3252299617,0.192139,0.200928,1.013184
3252304617,0.192139,0.202393,1.023926
3252309617,0.186768,0.20459,1.01709
3252314617,0.19458,0.204346,1.013428
3252319617,0.183594,0.200928,1.003418
3252324617,0.191895,0.204834,1.001709
3252329617,0.202881,0.203857,1.030029
3252334617,0.192139,0.20874,1.016846
3252339617,0.185059,0.208984,0.999268
3252344617,0.193115,0.202148,1.01416
3252349617,0.196045,0.20459,1.013428
3252354617,0.198975,0.204346,1.007813
3252359617,0.195312,0.205078,1.011963
3252364617,0.189941,0.208008,1.013184
3252369617,0.191162,0.209473,1.014648
3252374617,0.189209,0.208496,1.007324
3252379617,0.190674,0.202881,1.014648
3252384617,0.193115,0.202393,1.012939
3252389617,0.193115,0.20874,1.015137
3252394617,0.185547,0.20459,1.008057
3252399617,0.193848,0.200439,1.019287
3252404617,0.1875,0.201416,1.009033
3252409617,0.193604,0.205811,1.011475
3252414617,0.192871,0.204834,1.012451
3252419617,0.193848,0.20874,1.011963
3252424617,0.19165,0.203125,1.008545
3252429617,0.190918,0.206299,1.014893
3252434617,0.187012,0.203613,1.000488
3252439617,0.190186,0.200439,1.014404
3252444617,0.192627,0.202881,1.009766
3252449617,0.189697,0.204102,1.015625
3252454617,0.189941,0.201172,1.01001
3252459617,0.189941,0.203857,1.008057
3252464617,0.19043,0.200928,1.011963
3252469617,0.194824,0.200684,1.014648
3252474617,0.19165,0.203369,1.015381
3252479617,0.193359,0.20874,1.013184
3252484617,0.188232,0.20459,1.008057
3252489617,0.188721,0.199219,1.005615
3252494617,0.192383,0.203125,1.01001
3252499617,0.190674,0.202148,1.011963
3252504617,0.192871,0.206055,1.015625
3252509617,0.190186,0.203857,1.004639
3252514617,0.19043,0.199219,1.010742
3252519617,0.193848,0.207764,1.02002
3252524617,0.195312,0.206787,1.016357
3252529617,0.192871,0.201172,1.01416
3252534617,0.187012,0.206055,1.020264
3252539617,0.193359,0.205322,1.015137
3252544617,0.192139,0.205566,1.011475
3252549617,0.192383,0.205811,1.012695
3252554617,0.188721,0.207031,1.015137
3252559617,0.189453,0.199219,1.008301
3252564617,0.19458,0.203125,1.009521
3252569617,0.189209,0.211426,1.009033
3252574617,0.19458,0.200195,1.017822
3252579617,0.191406,0.206787,1.011475
3252584617,0.188232,0.209961,1.013428
3252589617,0.192139,0.207031,1.013672
3252594617,0.187256,0.206055,1.016357
3252599617,0.188965,0.200195,1.008789
3252604617,0.192871,0.202881,1.013672
3252609617,0.191162,0.208008,1.010254
3252614617,0.188965,0.203857,1.016113
3252619617,0.189697,0.202393,1.023438
3252624617,0.191162,0.206055,1.016357
3252629617,0.187012,0.204346,1.007813
3252634617,0.189697,0.201416,1.015137
3252639617,0.195312,0.201172,1.01001
3252644617,0.189453,0.205566,1.01001
3252649617,0.193115,0.201172,1.009766
3252654617,0.191895,0.204346,1.016602
3252659617,0.193115,0.202637,1.009521
3252664617,0.188965,0.203857,1.010986
3252669617,0.192871,0.201172,1.014893
3252674617,0.192139,0.205811,1.006348
3252679617,0.187988,0.205811,1.012939
3252684617,0.190186,0.204102,1.01709
3252689617,0.185547,0.204102,1.013672
3252694617,0.1875,0.206543,1.015869
3252699617,0.189697,0.204102,1.020508
3252704617,0.187988,0.208496,1.009521
3252709617,0.186035,0.206055,1.013184
3252714617,0.192383,0.203125,1.016846
3252719617,0.191162,0.206299,1.02124
3252724617,0.187988,0.199219,1.009277
3252729617,0.188232,0.200928,1.011719
3252734617,0.192139,0.205078,1.009277
3252739617,0.194824,0.198975,1.007813
3252744617,0.190918,0.202637,1.011719
3252749617,0.193115,0.205078,1.01416
3252754617,0.190918,0.198486,1.010986
3252759617,0.1875,0.203125,1.013428
3252764617,0.188232,0.204102,1.011475
3252769617,0.190186,0.202637,1.015869
3252774617,0.19043,0.206299,1.014648
3252779617,0.189453,0.20752,1.013184
3252784617,0.190918,0.205078,1.013916
3252789617,0.193848,0.206055,1.01416
3252794617,0.19165,0.203613,1.013916
3252799617,0.192627,0.204102,1.014893
3252804617,0.192383,0.20459,1.01001
3252809617,0.188477,0.199951,1.009033
3252814617,0.187988,0.205811,1.010742
3252819617,0.191406,0.206299,1.012695
3252824617,0.189697,0.206543,1.008545
3252829617,0.190918,0.202393,1.014893
3252834617,0.1875,0.203125,1.010498
3252839617,0.192871,0.202393,1.01416
3252844617,0.191162,0.199707,1.012939
3252849617,0.189453,0.208984,1.011719
3252854617,0.19165,0.206055,1.012451
3252859617,0.189941,0.206787,1.007813
3252864617,0.191162,0.202637,1.008789
3252869617,0.193115,0.202393,1.008789
3252874617,0.190186,0.201904,1.012939
3252879617,0.189453,0.203125,1.011963
3252884617,0.185547,0.206299,1.013428
3252889617,0.187988,0.203369,1.008789
3252894617,0.193359,0.200684,1.012207
3252899617,0.192383,0.20166,1.006104
3252904617,0.193848,0.203613,1.011963
3252909617,0.191162,0.203857,1.011475
3252914617,0.192871,0.205811,1.012695
3252919617,0.193604,0.205322,1.011475
3252924617,0.193359,0.20166,1.011475
3252929617,0.193848,0.204102,1.008789
3252934617,0.195068,0.203369,1.013672
3252939617,0.188477,0.206299,1.012695
3252944617,0.191406,0.202637,1.016357
3252949617,0.1875,0.205811,1.006836
3252954617,0.190186,0.207764,1.010254
3252959617,0.19165,0.203369,1.010986
3252964617,0.190186,0.208008,1.012451
3252969617,0.19165,0.206299,1.011963
3252974617,0.191162,0.205322,1.013428
3252979617,0.194092,0.20459,1.011963
3252984617,0.192139,0.205322,1.015625
3252989617,0.191406,0.207275,1.021484
3252994617,0.189697,0.20166,1.005615
3252999617,0.188965,0.204834,1.015381
3253004617,0.188721,0.203369,1.013916
3253009617,0.192383,0.198975,1.012451
3253014617,0.187012,0.201172,1.010254
3253019617,0.192383,0.202148,1.007324
3253024617,0.185791,0.202881,1.009033
3253029617,1.958252,1.462891,1.999939
3253034617,-2.0,1.999939,-2.0
3253039617,0.618408,0.171875,-2.0
3253044617,-2.0,1.999939,-2.0
3253049617,0.484619,0.953857,-2.0
3253054617,0.395508,1.199463,-2.0
3253059617,-1.90625,1.020264,-2.0
3253064617,-1.956543,0.972656,-2.0
3253069617,-1.610596,1.999939,1.999939
3253074617,-0.826904,1.785645,-1.767578
3253079617,-0.466797,0.511719,-2.0
3253084617,0.10083,1.24585,0.124756
3253089617,0.353271,1.999939,-2.0
3253094617,-0.196533,1.258789,1.749268
3253099617,-0.028809,0.382568,1.189697
3253104617,0.205566,0.373291,1.258301
3253109617,0.010254,0.285156,0.419434
3253114617,-0.852051,0.330811,0.624512
3253119617,-2.0,0.960937,-2.0
3253124617,-0.202148,1.452393,-0.881348
3253129617,0.07373,0.532471,1.262695
3253134617,0.239502,1.240479,1.26416
3253139617,0.159424,0.2146,1.004395
3253144617,0.165283,0.197266,0.987549
3253149617,0.198486,0.249268,0.999512
3253154617,0.163086,0.263916,0.97876
3253159617,0.207275,0.264648,0.994629
3253164617,0.151855,0.206055,1.004639
3253169617,0.229248,0.664307,1.004883
3253174617,0.190674,1.135986,0.996826
3253179617,0.10498,0.334961,0.83667
3253184617,0.260498,0.898193,1.204834
3253189617,0.113525,0.714844,1.192871
3253194617,0.097656,0.466553,0.961914
3253199617,0.218994,0.442383,0.957275
3253204617,0.141602,0.312256,0.942871
3253209617,0.234863,0.219238,1.150879
3253214617,0.130859,0.189209,0.898193
3253219617,0.16748,0.219727,0.912842
3253224617,0.152344,0.267822,0.916504
3253229617,0.177979,0.23877,1.010986
3253234617,0.157959,0.314209,0.946045
3253239617,0.207764,0.175537,1.124023
3253244617,0.35376,0.770264,1.273682
3253249617,0.226562,1.999939,0.772705
3253254617,0.170898,1.999939,0.894287
3253259617,0.205322,1.999939,1.133301
3253264617,0.167969,1.999939,1.095459
3253269617,0.197754,1.344482,0.955811
3253274617,0.164062,0.24292,0.896484
3253279617,0.183594,0.20166,1.003418
3253284617,0.16748,0.197754,1.24292
3253289617,0.236816,1.999939,1.441162
3253294617,0.045898,0.248535,0.899902
3253299617,0.157959,1.973389,0.888428
3253304617,0.211914,1.999939,0.928711
3253309617,0.141846,1.314453,0.957031
3253314617,0.137939,1.319092,1.025879
3253319617,0.196289,0.299316,1.055664
3253324617,0.19458,0.216064,1.058838
3253329617,0.23999,0.232178,1.040283
3253334617,0.183105,0.172607,1.004395
3253339617,0.186035,0.52832,1.053955
3253344617,0.170166,0.209473,1.033936
3253349617,0.208252,0.180176,1.020996
3253354617,0.181641,0.205322,1.039063
3253359617,0.16626,0.185059,0.975098
3253364617,0.170654,0.203369,0.98999
3253369617,0.196777,0.202637,1.013672
3253374617,0.186035,0.183594,0.98877
3253379617,0.198242,0.205322,1.045898
3253384617,0.196289,0.20166,1.002441
3253389617,0.173828,0.212158,0.949951
3253394617,0.187744,0.190674,1.004639
3253399617,0.188721,0.212646,1.014893
3253404617,0.177246,0.206787,0.986572
3253409617,0.188965,0.220215,1.006592
3253414617,0.174072,0.20752,1.009766
3253419617,0.191162,0.195068,1.012695
3253424617,0.187256,0.207764,1.026367
3253429617,0.189209,0.19873,1.02832
3253434617,0.190918,0.19751,1.023193
3253439617,0.189941,0.203125,1.040283
3253444617,0.185059,0.199707,1.026855
3253449617,0.190918,0.204346,1.01123
3253454617,0.186768,0.202637,1.012695
3253459617,0.189453,0.200684,1.006348
3253464617,0.188965,0.198975,1.015137
3253469617,0.189941,0.200439,1.015137
3253474617,0.179443,0.199463,1.003906
3253479617,0.187744,0.200195,1.017822
3253484617,0.184082,0.202393,1.010498
3253489617,0.186768,0.194336,1.015625
3253494617,0.187744,0.196045,1.01123
3253499617,0.186768,0.196777,1.020264
3253504617,0.188477,0.196045,1.009766
3253509617,0.186523,0.203369,1.014404
3253514617,0.1875,0.203857,1.01416
3253519617,0.185791,0.204102,1.005127
3253524617,0.181885,0.202637,1.015869
3253529617,0.186523,0.205566,1.013428
3253534617,0.179199,0.20166,1.012451
3253539617,0.18042,0.203613,1.016602
3253544617,0.175537,0.199219,1.015137
3253549617,0.187012,0.206543,1.00708
3253554617,0.183594,0.207031,1.015137
3253559617,0.190186,0.208252,1.021729
3253564617,0.193848,0.203613,1.016113
3253569617,0.192627,0.211182,1.01001
3253574617,0.198242,0.205322,1.008057
3253579617,0.192383,0.201416,1.011475
3253584617,0.192871,0.19751,1.019775
3253589617,0.186768,0.194824,1.019043
3253594617,0.18335,0.194824,1.013672
3253599617,0.188232,0.196045,1.009033
3253604617,0.185303,0.192383,1.010986
3253609617,0.178955,0.195801,1.010986
3253614617,0.182129,0.199219,1.01001
3253619617,0.180176,0.200195,1.013184
3253624617,0.187012,0.200195,1.018555
3253629617,0.181885,0.202637,1.011719
3253634617,0.188477,0.203369,1.005859
3253639617,0.191406,0.199219,1.016602
3253644617,0.191406,0.206055,1.010254
3253649617,0.186279,0.20752,1.014404
3253654617,0.193115,0.210449,1.018066
3253659617,0.185791,0.207275,1.016602
3253664617,0.185059,0.205566,1.018066
3253669617,0.185547,0.204346,1.011963
3253674617,0.184814,0.205811,1.014893
3253679617,0.184326,0.202881,1.014648
3253684617,0.184814,0.204834,1.012451
3253689617,0.179932,0.203857,1.009033
3253694617,0.189453,0.195801,1.020752
3253699617,0.189209,0.197266,1.013916
3253704617,0.188477,0.195068,1.016357
3253709617,0.186035,0.193604,1.012939
3253714617,0.189697,0.200439,1.012207
3253719617,0.19043,0.191895,1.013184
3253724617,0.189209,0.19751,1.00293
3253729617,0.19165,0.199951,1.020996
3253734617,0.185791,0.204834,1.008789
3253739617,0.180176,0.198975,1.011475
3253744617,0.187256,0.201416,1.014893
3253749617,0.180908,0.207275,1.016846
3253754617,0.186035,0.203369,1.014893
3253759617,0.181641,0.20874,1.017822
3253764617,0.183838,0.204346,1.018799
3253769617,0.183105,0.20459,1.017334
3253774617,0.188721,0.20459,1.010986
3253779617,0.188232,0.207764,1.019043
3253784617,0.189209,0.20459,1.014404
3253789617,0.192139,0.202637,1.016602
3253794617,0.193604,0.200195,1.020508
3253799617,0.191406,0.197754,1.003418
3253804617,0.218994,0.158447,1.009277
3253809617,0.207031,0.124756,1.054688
3253814617,0.202393,0.127441,1.006348
3253819617,0.223389,0.157227,1.039063
3253824617,0.155029,0.186035,1.182861
3253829617,0.220215,0.200195,1.040771
3253834617,0.139648,0.201904,1.083252
3253839617,0.22998,0.289307,0.996094
3253844617,0.147949,0.208252,0.981689
3253849617,0.138184,0.309082,1.002686
3253854617,0.19751,0.273926,0.953369
3253859617,0.129395,0.296631,1.025146
3253864617,0.164551,0.332764,1.013916
3253869617,0.157959,0.304932,0.992676
3253874617,0.140381,0.275146,1.010986
3253879617,0.21167,0.243896,1.034912
3253884617,0.152832,0.244141,0.916504
3253889617,0.183105,0.215088,1.067383
3253894617,0.230957,0.212891,1.03833
3253899617,0.187012,0.266113,1.142578
3253904617,0.234619,0.162842,1.1521
3253909617,0.167725,0.167969,1.006836
3253914617,0.186768,0.070068,0.911377
3253919617,0.20752,0.104736,0.967529
3253924617,0.208984,0.093506,0.974365
3253929617,0.187988,0.133545,0.947998
3253934617,0.206055,0.134033,1.002441
3253939617,0.194336,0.150635,0.979736
3253944617,0.185547,0.10791,0.956055
3253949617,0.193848,0.117432,0.948242
3253954617,0.181641,0.142578,0.999512
3253959617,0.179443,0.199463,1.0354
3253964617,0.19043,0.280518,1.127441
3253969617,0.181396,0.263916,1.023193
3253974617,0.166748,0.250977,1.003906
3253979617,0.169189,0.269531,1.048096
3253984617,0.184326,0.256592,1.053223
3253989617,0.188477,0.289063,1.037109
3253994617,0.172607,0.287109,1.04126
3253999617,0.188721,0.288574,1.089355
3254004617,0.164307,0.263916,1.017334
3254009617,0.189697,0.276855,1.03125
3254014617,0.199951,0.250244,1.018311
3254019617,0.178467,0.209961,1.041016
3254024617,0.201904,0.179443,1.0896
3254029617,0.189941,0.145996,0.98999
3254034617,0.182861,0.157959,0.987061
3254039617,0.204834,0.14917,1.011719
3254044617,0.198486,0.118652,0.992432
3254049617,0.191406,0.11499,0.951904
3254054617,0.193848,0.099365,0.95459
3254059617,0.195801,0.119629,0.980225
3254064617,0.19043,0.140625,0.978027
3254069617,0.186035,0.154297,0.979736
3254074617,0.189941,0.148682,0.986328
3254079617,0.19165,0.148193,0.992676
3254084617,0.182861,0.154785,0.997803
3254089617,0.170166,0.187988,1.018799
3254094617,0.188721,0.237305,1.06543
3254099617,0.177246,0.238037,1.067383
3254104617,0.193604,0.256348,1.039795
3254109617,0.171143,0.253662,1.004395
3254114617,0.17749,0.251221,1.028564
3254119617,0.166016,0.258789,1.032227
3254124617,0.181885,0.270508,1.041016
3254129617,0.175293,0.270508,1.036621
3254134617,0.176758,0.264893,1.04126
3254139617,0.181152,0.256836,1.026855
3254144617,0.191162,0.231445,1.014648
3254149617,0.184082,0.213623,1.026611
3254154617,0.186523,0.2146,1.053223
3254159617,0.176514,0.17334,1.000977
3254164617,0.187988,0.128418,0.956543
3254169617,0.192383,0.138672,1.051025
3254174617,0.194092,0.144775,0.999512
3254179617,0.166748,0.117676,0.92749
3254184617,0.179687,0.12915,0.990479
3254189617,0.19043,0.10498,1.047363
3254194617,0.181885,0.106201,0.981201
3254199617,0.198242,0.188965,1.01001
3254204617,0.189941,0.241211,1.056396
3254209617,0.200684,0.258057,1.051025
3254214617,0.197266,0.232178,1.018799
3254219617,0.181641,0.238525,1.027832
3254224617,0.174072,0.263428,1.037598
3254229617,0.175781,0.300293,1.041504
3254234617,0.168701,0.299561,1.026611
3254239617,0.175781,0.281494,1.026611
3254244617,0.176758,0.267578,1.041992
3254249617,0.165283,0.246338,1.034424
3254254617,0.183594,0.231201,1.073242
3254259617,0.19043,0.209229,1.035889
3254264617,0.181885,0.192627,1.024414
3254269617,0.18335,0.181641,1.014404
3254274617,0.187256,0.166748,0.976318
3254279617,0.179687,0.144775,0.972168
3254284617,0.188232,0.12085,0.959717
3254289617,0.194336,0.110107,0.960449
3254294617,0.209717,0.096191,0.972168
3254299617,0.192627,0.106445,1.010498
3254304617,0.182617,0.150146,0.996826
3254309617,0.183594,0.203857,1.010986
3254314617,0.184326,0.209229,1.01709
3254319617,0.193359,0.215576,1.00293
3254324617,0.174561,0.210937,1.013428
3254329617,0.184326,0.209717,1.025146
3254334617,0.177734,0.247314,1.041992
3254339617,0.179199,0.279297,1.025879
3254344617,0.179199,0.270752,1.018066
3254349617,0.169922,0.259766,1.028076
3254354617,0.188721,0.216064,1.014404
3254359617,0.176025,0.220703,1.015381
3254364617,0.175781,0.224121,1.006836
3254369617,0.181152,0.22998,1.015625
3254374617,0.170898,0.219971,1.019775
3254379617,0.186279,0.193359,1.01416
3254384617,0.181396,0.145752,0.999268
3254389617,0.1875,0.130371,0.985107
3254394617,0.188721,0.129395,0.997314
3254399617,0.186768,0.145752,1.003418
3254404617,0.190918,0.162354,1.008789
3254409617,0.186279,0.21167,1.029053
3254414617,0.188477,0.233154,1.021729
3254419617,0.199707,0.217529,1.007568
3254424617,0.169434,0.228516,1.036865
3254429617,0.161133,0.259277,1.033691
3254434617,0.168457,0.285156,1.015625
3254439617,0.15918,0.32373,1.027344
3254444617,0.140137,0.315674,1.040039
3254449617,0.174072,0.30249,1.039795
3254454617,0.21582,0.20874,1.004883
3254459617,0.168213,0.227295,1.084229
3254464617,0.20752,0.224365,1.032471
3254469617,0.195557,0.204834,1.019775
3254474617,0.16748,0.197021,1.074951
3254479617,0.181641,0.164062,0.993652
3254484617,0.207275,0.125244,1.023926
3254489617,0.181885,0.130859,0.974121
3254494617,0.197021,0.108887,0.962402
3254499617,0.19165,0.128662,0.975098
3254504617,0.188477,0.151123,0.971924
3254509617,0.188965,0.159668,0.983154
3254514617,0.196045,0.14624,0.997803
3254519617,0.189453,0.131348,0.978027
3254524617,0.1875,0.12207,0.96167
3254529617,0.192871,0.137207,0.991455
3254534617,0.188477,0.165771,1.013672
3254539617,0.183105,0.197754,1.010498
3254544617,0.184082,0.221436,1.041504
3254549617,0.197021,0.201172,1.06665
3254554617,0.164551,0.229736,1.049561
3254559617,0.199707,0.24585,1.020996
3254564617,0.175537,0.264648,1.010986
3254569617,0.167969,0.284668,1.052979
3254574617,0.16626,0.279297,1.048828
3254579617,0.17334,0.279053,1.020508
3254584617,0.177246,0.264648,1.023193
3254589617,0.181396,0.244873,1.028564
3254594617,0.186768,0.232666,1.029297
3254599617,0.177979,0.225342,1.034668
3254604617,0.182861,0.22168,1.037109
3254609617,0.184326,0.186035,1.022949
3254614617,0.19165,0.162354,1.002686
3254619617,0.195312,0.157715,0.998047
3254624617,0.190186,0.154785,0.998779
3254629617,0.193604,0.151123,0.987549
3254634617,0.195068,0.146973,0.981445
3254639617,0.192871,0.1521,0.987305
3254644617,0.189453,0.154053,0.98877
3254649617,0.189209,0.158203,0.990723
3254654617,0.187256,0.156494,0.992676
3254659617,0.185547,0.164795,0.996094
3254664617,0.186523,0.169434,1.003906
3254669617,0.176025,0.188477,1.016846
3254674617,0.191162,0.217285,1.04126
3254679617,0.186279,0.212158,1.035645
3254684617,0.181396,0.222412,1.032227
3254689617,0.186523,0.238525,1.034668
3254694617,0.179687,0.260254,1.034424
3254699617,0.178467,0.260498,1.037842
3254704617,0.176758,0.256348,1.035889
3254709617,0.182617,0.242676,1.028076
3254714617,0.181885,0.238037,1.0271
3254719617,0.177002,0.226074,1.025146
3254724617,0.178467,0.223633,1.02832
3254729617,0.184814,0.20874,1.022705
3254734617,0.182129,0.189209,1.023438
3254739617,0.187012,0.17041,1.009521
3254744617,0.190918,0.152832,0.995361
3254749617,0.19043,0.16626,1.004395
3254754617,0.191162,0.162354,0.998535
3254759617,0.187744,0.162109,0.997803
3254764617,0.191406,0.165039,0.999023
3254769617,0.192627,0.162109,0.992187
3254774617,0.191162,0.165527,0.985352
3254779617,0.188232,0.172363,0.993896
3254784617,0.187744,0.184326,1.000732
3254789617,0.183105,0.209717,1.020508
3254794617,0.18042,0.216553,1.03125
3254799617,0.177979,0.211914,1.02002
3254804617,0.181396,0.215332,1.020264
3254809617,0.177246,0.234375,1.035645
3254814617,0.180664,0.241699,1.035156
3254819617,0.180908,0.238037,1.030518
3254824617,0.180908,0.232666,1.028076
3254829617,0.184326,0.225098,1.021973
3254834617,0.185059,0.224365,1.025146
3254839617,0.187744,0.222168,1.032715
3254844617,0.191406,0.216309,1.017822
3254849617,0.183594,0.204834,1.014893
3254854617,0.186768,0.19043,1.020264
3254859617,0.1875,0.180908,1.007568
3254864617,0.187012,0.171875,1.001221
3254869617,0.182617,0.170898,0.998535
3254874617,0.188721,0.169678,0.995361
3254879617,0.186523,0.164795,0.998535
3254884617,0.1875,0.166016,0.999268
3254889617,0.189941,0.171143,1.007324
3254894617,0.190186,0.188721,1.015381
3254899617,0.186768,0.19751,1.012207
3254904617,0.187988,0.207031,1.019775
3254909617,0.188232,0.208252,1.017578
3254914617,0.182129,0.21875,0.999268
3254919617,0.183594,0.213379,1.02832
3254924617,0.184814,0.222656,1.02124
3254929617,0.177246,0.225098,1.023682
3254934617,0.178711,0.224121,1.02832
3254939617,0.182129,0.217285,1.022705
3254944617,0.186279,0.213135,1.024902
3254949617,0.185303,0.203613,1.02002
3254954617,0.188965,0.197266,1.023926
3254959617,0.181152,0.193848,1.014404
3254964617,0.186768,0.187988,1.016602
3254969617,0.189209,0.17627,1.007568
3254974617,0.187012,0.182373,1.012207
3254979617,0.18335,0.181641,1.005127
3254984617,0.185303,0.175781,1.007568
3254989617,0.18457,0.179443,1.0
3254994617,0.179199,0.18335,0.99707
3254999617,0.179932,0.189209,1.01123
3255004617,0.176514,0.201172,1.010498
3255009617,0.178955,0.205078,1.023926
3255014617,0.18335,0.208008,1.023926
3255019617,0.182373,0.211182,1.017334
3255024617,0.184326,0.207275,1.043457
3255029617,0.181152,0.225586,1.020508
3255034617,0.180908,0.220215,1.015869
3255039617,0.187256,0.20874,1.029297
3255044617,0.185547,0.20752,1.014893
3255049617,0.19043,0.205811,1.019531
3255054617,0.190918,0.208008,1.02124
3255059617,0.177002,0.20166,1.00708
3255064617,0.185303,0.19458,1.009033
3255069617,0.185791,0.192871,1.013672
3255074617,0.185547,0.196777,1.002441
3255079617,0.181396,0.19043,1.00708
3255084617,0.186768,0.189941,1.006348
3255089617,0.189453,0.180908,1.027588
3255094617,0.176025,0.204346,1.016357
3255099617,0.17334,0.200928,0.994629
3255104617,0.188721,0.192627,1.028809
3255109617,0.186523,0.198242,0.994629
3255114617,0.19458,0.200684,1.012939
3255119617,0.187012,0.209961,1.008789
3255124617,0.183838,0.210205,1.013916
3255129617,0.184082,0.212646,1.01123
3255134617,0.191406,0.222656,1.021484
3255139617,0.188721,0.210205,1.001221
3255144617,0.194092,0.202881,1.022217
3255149617,0.187012,0.206299,1.014893
3255154617,0.182617,0.19873,1.02124
3255159617,0.178711,0.200195,1.01709
3255164617,0.185547,0.193604,1.025635
3255169617,0.183594,0.196533,1.020264
3255174617,0.18042,0.197754,1.012207
3255179617,0.187744,0.19458,1.015625
3255184617,0.189453,0.191895,1.007324
3255189617,0.193848,0.187988,1.007568
3255194617,0.185547,0.194092,1.006592
3255199617,0.187988,0.199219,1.006836
3255204617,0.18457,0.200195,1.016846
3255209617,0.177979,0.206055,1.018799
3255214617,0.176514,0.212646,1.021729
3255219617,0.180908,0.210693,1.020264
3255224617,0.1875,0.211426,1.020996
3255229617,0.181885,0.207031,1.022461
3255234617,0.18042,0.207275,1.024902
3255239617,0.18335,0.208252,1.017822
3255244617,0.186035,0.201416,1.019775
3255249617,0.188965,0.200439,1.015137
3255254617,0.185791,0.19751,1.015137
3255259617,0.19043,0.194824,1.008301
3255264617,0.185059,0.189697,1.010254
3255269617,0.183594,0.192871,1.008301
3255274617,0.181885,0.191162,1.002197
3255279617,0.185059,0.194092,1.009277
3255284617,0.185059,0.198242,1.01709
3255289617,0.179443,0.195068,1.017578
3255294617,0.186523,0.198486,1.022217
3255299617,0.182129,0.20166,1.016113
3255304617,0.188232,0.198242,1.012207
3255309617,0.189453,0.197021,1.010254
3255314617,0.189209,0.201172,1.011963
3255319617,0.186035,0.200195,1.011963
3255324617,0.188721,0.204102,1.013428
3255329617,0.182373,0.202393,1.011475
3255334617,0.182129,0.200928,1.01416
3255339617,0.182617,0.202148,1.009521
3255344617,0.180176,0.197998,1.014893
3255349617,0.182129,0.199707,1.019531
3255354617,0.179687,0.194824,1.012695
3255359617,0.183594,0.200684,1.015381
3255364617,0.179932,0.197266,1.008301
3255369617,0.180176,0.189697,1.026367
3255374617,0.176758,0.198486,1.013428
3255379617,0.183594,0.190918,1.012695
3255384617,0.185791,0.192871,1.02002
3255389617,0.186523,0.194336,1.011719
3255394617,0.188232,0.19873,1.009521
3255399617,0.187256,0.194336,1.01001
3255404617,0.18457,0.195557,1.015625
3255409617,0.185547,0.201904,1.013916
3255414617,0.182861,0.205811,1.013916
3255419617,0.178955,0.202148,1.014404
3255424617,0.178711,0.204834,1.008057
3255429617,0.179443,0.207764,1.018311
3255434617,0.182861,0.205566,1.01709
3255439617,0.181152,0.206787,1.021973
3255444617,0.185059,0.201172,1.021973
3255449617,0.181885,0.199951,1.017578
3255454617,0.185303,0.198486,1.016113
3255459617,0.190186,0.19873,1.019531
3255464617,0.190918,0.196533,1.018066
3255469617,0.194092,0.192627,1.011475
3255474617,0.189697,0.194336,1.01001
3255479617,0.19165,0.193848,1.020508
3255484617,0.18457,0.205566,1.006836
3255489617,0.185303,0.202637,1.009766
3255494617,0.18335,0.19873,0.994141
3255499617,0.188477,0.190674,1.020752
3255504617,0.178467,0.198242,1.008789
3255509617,0.181885,0.200439,1.018799
3255514617,0.17627,0.197021,1.012451
3255519617,0.178711,0.202148,1.022705
3255524617,0.183105,0.208984,1.02417
3255529617,0.190186,0.204346,1.011475
3255534617,0.186768,0.199219,1.012451
3255539617,0.187256,0.197754,1.019287
3255544617,0.18042,0.202637,1.01709
3255549617,0.184326,0.200928,1.013428
3255554617,0.186523,0.204102,1.016846
3255559617,0.181396,0.197754,1.008789
3255564617,0.181396,0.199707,1.011963
3255569617,0.182129,0.200928,1.019287
3255574617,0.179199,0.196777,1.013916
3255579617,0.177979,0.195557,1.006348
3255584617,0.185059,0.19458,1.015869
3255589617,0.185303,0.19751,1.016602
3255594617,0.186768,0.197754,1.023926
3255599617,0.186523,0.197021,1.019775
3255604617,0.186768,0.201172,1.010254
3255609617,0.183838,0.199463,1.01709
3255614617,0.187744,0.200684,1.012451
3255619617,0.186279,0.200684,1.024414
3255624617,0.181396,0.200439,1.015137
3255629617,0.178711,0.202393,1.008789
3255634617,0.189941,0.202637,1.009766
3255639617,0.180908,0.201904,1.017822
3255644617,0.183838,0.204834,1.019287
3255649617,0.188232,0.204102,1.018311
3255654617,0.181396,0.201416,1.018311
3255659617,0.184082,0.202393,1.016602
3255664617,0.188965,0.20166,1.020264
3255669617,0.189697,0.199219,1.018311
3255674617,0.190674,0.198486,1.016357
3255679617,0.186768,0.197021,1.013428
3255684617,0.189941,0.192139,1.005859
3255689617,0.18042,0.193848,1.008057
3255694617,0.184814,0.198486,1.008057
3255699617,0.180908,0.19165,1.014404
3255704617,0.180908,0.197021,1.012939
3255709617,0.181152,0.19873,1.015625
3255714617,0.179199,0.201416,1.007813
3255719617,0.183838,0.201416,1.019775
3255724617,0.183838,0.199463,1.019043
3255729617,0.181885,0.202881,1.020996
3255734617,0.181641,0.203613,1.017578
3255739617,0.186035,0.202148,1.01123
3255744617,0.18335,0.204346,1.016113
3255749617,0.186035,0.201904,1.020996
3255754617,0.183594,0.204102,1.014648
3255759617,0.18457,0.204102,1.016846
3255764617,0.185791,0.205811,1.015381
3255769617,0.183594,0.202881,1.008057
3255774617,0.184326,0.194336,1.012695
3255779617,0.181152,0.20166,1.014893
3255784617,0.185547,0.196533,1.015869
3255789617,0.186279,0.194824,1.015381
3255794617,0.184814,0.197754,1.01709
3255799617,0.183105,0.199707,1.013672
3255804617,0.186035,0.192383,1.007568
3255809617,0.188965,0.204102,1.015137
3255814617,0.190186,0.197266,1.018066
3255819617,0.188477,0.199463,1.013428
3255824617,0.183105,0.200928,1.017578
3255829617,0.18457,0.203613,1.013916
3255834617,0.185059,0.198975,1.015869
3255839617,0.178711,0.203369,1.010742
3255844617,0.180176,0.202881,1.008545
3255849617,0.182373,0.201416,1.01416
3255854617,0.182129,0.199951,1.016602
3255859617,0.186035,0.199219,1.016113
3255864617,0.180664,0.202393,1.020264
3255869617,0.182861,0.202148,1.014648
3255874617,0.187256,0.19873,1.013916
3255879617,0.187012,0.197754,1.016602
3255884617,0.191162,0.200195,1.009277
3255889617,0.1875,0.199463,1.013184
3255894617,0.1875,0.197998,1.010498
3255899617,0.186035,0.197021,1.019287
3255904617,0.184082,0.202881,1.016602
3255909617,0.181641,0.19751,1.011475
3255914617,0.184814,0.201172,1.009766
3255919617,0.181396,0.192871,1.012939
3255924617,0.186035,0.201416,1.016357
3255929617,0.178711,0.200439,1.020264
3255934617,0.179687,0.199707,1.011719
3255939617,0.184082,0.203369,1.020752
3255944617,0.182129,0.202881,1.013672
3255949617,0.188721,0.209717,1.020996
3255954617,0.182129,0.20166,1.013672
3255959617,0.184814,0.204346,1.013184
3255964617,0.186523,0.200195,1.009766
3255969617,0.186279,0.200684,1.013672
3255974617,0.186523,0.20459,1.014648
3255979617,0.1875,0.201172,1.010254
3255984617,0.188232,0.193604,1.01123
3255989617,0.186523,0.197754,1.015137
3255994617,0.185303,0.199951,1.013184
3255999617,0.180176,0.201172,1.013672
3256004617,0.18042,0.198486,1.017822
3256009617,0.186035,0.198486,1.014404
3256014617,0.186035,0.198975,1.013672
3256019617,0.184082,0.202637,1.001221
3256024617,0.188965,0.197998,1.01416
3256029617,0.186523,0.198975,1.01709
3256034617,0.187012,0.204346,1.013184
3256039617,0.186523,0.203857,1.015381
3256044617,0.187744,0.203369,1.020264
3256049617,0.19043,0.19873,1.013672
3256054617,0.188232,0.200684,1.015381
3256059617,0.188965,0.206787,1.016846
3256064617,0.1875,0.204102,1.010254
3256069617,0.186523,0.204346,1.010986
3256074617,0.185791,0.203857,1.011963
3256079617,0.181396,0.199951,1.014404
3256084617,0.180908,0.20166,1.015137
3256089617,0.184082,0.206055,1.012695
3256094617,0.189453,0.199463,1.015137
3256099617,0.186523,0.202393,1.012207
3256104617,0.189697,0.201172,1.015137
3256109617,0.18335,0.198975,1.017822
3256114617,0.185547,0.19751,1.013428
3256119617,0.184326,0.199463,1.015869
3256124617,0.184082,0.200195,1.006592
3256129617,0.182129,0.198486,1.014404
3256134617,0.180908,0.198975,1.014404
3256139617,0.181885,0.203857,1.017334
3256144617,0.185547,0.204834,1.017334
3256149617,0.184082,0.20166,1.005615
3256154617,0.180664,0.200439,1.014404
3256159617,0.186279,0.199707,1.010986
3256164617,0.17749,0.200439,1.014404
3256169617,0.185303,0.201904,1.019043
3256174617,0.188477,0.198486,1.013184
3256179617,0.186768,0.202881,1.012207
3256184617,0.187256,0.200684,1.012695
3256189617,0.188965,0.199707,1.015869
3256194617,0.186279,0.20166,1.017578
3256199617,0.187256,0.199463,1.015869
3256204617,0.183105,0.196533,1.011963
3256209617,0.186035,0.200439,1.013672
3256214617,0.186035,0.19873,1.015381
3256219617,0.182129,0.201172,1.019287
3256224617,0.185791,0.202148,1.022705
3256229617,0.183594,0.20459,1.017334
3256234617,0.186279,0.198975,1.020996
3256239617,0.186768,0.201172,1.017334
3256244617,0.185303,0.199951,1.015869
3256249617,0.187012,0.206055,1.012695
3256254617,0.187744,0.201416,1.016357
3256259617,0.189941,0.202637,1.012207
3256264617,0.189453,0.196533,1.012695
3256269617,0.186768,0.195557,1.012695
3256274617,0.185547,0.197754,1.011963
3256279617,0.187988,0.195801,1.018066
3256284617,0.186523,0.199219,1.022949
3256289617,0.188965,0.199951,1.013916
3256294617,0.182373,0.199219,1.012695
3256299617,0.178711,0.202393,1.015381
3256304617,0.181396,0.198242,1.008301
3256309617,0.180908,0.206055,1.013916
3256314617,0.180908,0.200439,1.015625
3256319617,0.182617,0.206055,1.012695
3256324617,0.183594,0.203125,1.01001
3256329617,0.186768,0.205322,1.010498
3256334617,0.184326,0.205811,1.014648
3256339617,0.183838,0.200195,1.015137
3256344617,0.187012,0.200195,1.008789
3256349617,0.185547,0.200439,1.01416
3256354617,0.184814,0.19873,1.015137
3256359617,0.184326,0.196533,1.015625
3256364617,0.186279,0.196533,1.015869
3256369617,1.999939,1.999939,-2.0
3256374617,-2.0,1.999939,-0.532227
3256379617,1.999939,0.855957,-2.0
3256384617,-1.136475,1.999939,-2.0
3256389617,-0.240479,-1.368164,-2.0
3256394617,-1.287842,1.235107,-2.0
3256399617,-1.635498,-1.697754,-0.206543
3256404617,-1.560059,1.042725,1.999939
3256409617,-0.979004,1.999939,-2.0
3256414617,-1.276855,1.01709,1.999939
3256419617,0.991943,1.11792,1.999939
3256424617,-0.974609,1.49707,-2.0
3256429617,-1.428223,1.064209,-1.525635
3256434617,-0.35083,1.472168,-1.921631
3256439617,-1.729736,1.999939,-1.306396
3256444617,0.151855,0.381348,-2.0
3256449617,-0.515137,0.241943,-1.887451
3256454617,0.06543,0.34375,0.651367
3256459617,0.210205,0.258301,0.858643
3256464617,0.244141,0.298584,1.123779
3256469617,0.191895,1.30542,1.237793
3256474617,0.139648,0.869141,0.860352
3256479617,0.095459,1.158691,0.716309
3256484617,0.091553,1.26001,0.838867
3256489617,0.196533,0.648437,1.09375
3256494617,0.167725,0.306152,1.079346
3256499617,0.212891,0.192383,1.043945
3256504617,0.106445,0.178711,1.295654
3256509617,0.174072,0.21167,0.243652
3256514617,-0.063965,0.085937,0.122559
3256519617,0.046143,1.419189,0.684326
3256524617,0.195801,0.183838,1.085938
3256529617,0.150635,0.198242,0.860107
3256534617,0.194336,0.22876,1.217773
3256539617,0.186279,0.203857,1.09082
3256544617,0.20166,0.214111,0.999512
3256549617,0.177002,0.244141,0.98584
3256554617,0.181396,0.21875,1.039307
3256559617,0.217041,0.230225,1.099121
3256564617,0.194336,0.2146,1.099121
3256569617,0.16333,0.208008,1.017578
3256574617,0.170166,0.614502,1.045166
3256579617,-0.210937,0.247314,0.692383
3256584617,0.076904,0.292236,0.95752
3256589617,0.18335,0.226807,0.990479
3256594617,0.155518,0.241943,1.06958
3256599617,0.201416,0.286377,1.07666
3256604617,0.174805,0.194824,0.993896
3256609617,0.163818,0.227051,0.951416
3256614617,0.172363,0.21582,1.02124
3256619617,0.19751,0.215576,1.111328
3256624617,0.240723,0.19458,1.19751
3256629617,0.167725,0.204102,0.98999
3256634617,0.340088,0.193115,1.502197
3256639617,0.238037,0.171631,1.118408
3256644617,0.227539,0.19751,1.131592
3256649617,0.051025,0.201904,0.715576
3256654617,0.137207,0.271973,0.858154
3256659617,0.233154,1.473145,1.197266
3256664617,0.185059,0.623535,0.999268
3256669617,0.177734,0.158936,0.999023
3256674617,0.168701,0.215576,0.994629
3256679617,0.162354,0.201172,0.931152
3256684617,0.124512,0.237061,0.820557
3256689617,0.164307,0.178955,0.946289
3256694617,-0.155273,0.287598,0.150879
3256699617,0.313965,0.623291,1.501221
3256704617,0.29126,0.208252,1.224854
3256709617,0.199951,0.20874,0.849121
3256714617,0.160645,0.174072,1.028809
3256719617,0.18042,0.198975,0.996338
3256724617,0.187988,0.221436,1.000244
3256729617,0.155518,0.222168,1.003418
3256734617,0.164795,0.205322,0.922607
3256739617,0.174316,0.163818,0.907715
3256744617,0.069092,1.296387,0.881348
3256749617,0.166016,0.219971,0.893799
3256754617,0.184326,0.154297,0.981689
3256759617,0.149414,0.200439,0.97998
3256764617,0.162354,0.192627,1.009033
3256769617,0.206543,0.196533,1.064697
3256774617,0.162598,0.206787,0.994873
3256779617,0.199219,0.195068,1.02417
3256784617,0.310303,0.733398,1.26709
3256789617,0.019775,0.283203,0.754639
3256794617,0.130859,0.241943,0.811768
3256799617,0.147217,0.236816,0.913086
3256804617,0.190186,0.224609,1.042236
3256809617,0.203125,0.161865,0.96875
3256814617,0.17627,0.155762,1.000244
3256819617,0.168213,0.253662,1.033447
3256824617,0.165771,0.277832,0.949463
3256829617,0.150879,0.265381,1.034912
3256834617,0.151855,0.227539,1.003906
3256839617,0.142334,0.204346,1.000488
3256844617,0.170166,0.210449,0.977783
3256849617,0.234131,0.193604,1.116455
3256854617,0.109131,0.191406,0.836426
3256859617,0.281494,0.218994,1.255615
3256864617,0.146973,0.252686,1.053711
3256869617,0.236084,0.208008,1.134521
3256874617,0.192383,0.191895,1.029297
3256879617,0.22998,0.188232,1.147217
3256884617,0.159424,0.500488,1.320557
3256889617,0.092773,0.257568,0.917236
3256894617,0.186035,0.211182,1.059082
3256899617,0.191162,0.15332,1.10083
3256904617,0.108643,1.851807,0.967773
3256909617,0.28125,0.207275,1.274902
3256914617,0.127686,0.189941,1.029053
3256919617,0.094238,0.224609,0.666504
3256924617,0.201172,0.208496,1.096924
3256929617,0.202881,0.211182,1.052002
3256934617,0.165771,0.206055,1.01123
3256939617,0.188965,0.213379,1.037354
3256944617,0.181641,0.201416,1.022705
3256949617,0.177002,0.202881,1.013184
3256954617,0.177246,0.202393,0.990723
3256959617,0.174316,0.203857,1.019775
3256964617,0.172363,0.207031,0.988525
3256969617,0.17627,0.197998,1.012939
3256974617,0.17627,0.20459,1.012939
3256979617,0.179932,0.207031,1.017822
3256984617,0.178467,0.202881,1.008301
3256989617,0.181396,0.198975,1.016602
3256994617,0.184082,0.196777,1.020508
3256999617,0.178467,0.198975,1.007813
3257004617,0.176025,0.199463,1.016846
3257009617,0.177979,0.204834,1.021484
3257014617,0.171875,0.20166,1.006348
3257019617,0.177979,0.196289,1.014648
3257024617,0.182129,0.196777,1.024902
3257029617,0.18042,0.196045,1.025635
3257034617,0.176025,0.200195,1.001953
3257039617,0.182373,0.199219,1.011475
3257044617,0.18042,0.199951,1.019287
3257049617,0.175293,0.20459,1.019531
3257054617,0.175293,0.203125,1.016846
3257059617,0.178223,0.203125,1.024658
3257064617,0.176514,0.200439,1.006104
3257069617,0.179932,0.201904,1.008301
3257074617,0.18335,0.201904,1.013184
3257079617,0.182617,0.200684,1.013428
3257084617,0.182617,0.199951,1.017334
3257089617,0.182373,0.195801,1.008545
3257094617,0.174805,0.195557,1.012451
3257099617,0.173828,0.195068,1.017822
3257104617,0.184814,0.200439,1.008545
3257109617,0.176514,0.199219,1.020752
3257114617,0.18042,0.198242,1.015137
3257119617,0.174561,0.199707,1.016602
3257124617,0.180664,0.20166,1.013428
3257129617,0.179932,0.198486,1.010986
3257134617,0.17627,0.19458,1.004883
3257139617,0.178223,0.201904,1.026123
3257144617,0.183105,0.204834,1.021729
3257149617,0.177734,0.20166,1.007813
3257154617,0.183838,0.200195,1.008545
3257159617,0.185791,0.200195,1.016846
3257164617,0.181152,0.202148,1.016602
3257169617,0.181152,0.198975,1.018555
3257174617,0.177979,0.204346,1.003174
3257179617,0.176025,0.193848,1.003174
3257184617,0.182861,0.177979,1.017334
3257189617,0.173584,0.180664,1.012207
3257194617,0.180176,0.177002,0.994385
3257199617,0.176514,0.191895,1.011963
3257204617,0.175293,0.203613,1.022217
3257209617,0.178223,0.201904,1.023682
3257214617,0.184326,0.210205,1.016357
3257219617,0.178223,0.218018,1.011719
3257224617,0.177002,0.222168,1.012451
3257229617,0.182373,0.23584,1.029785
3257234617,0.171875,0.249023,1.024414
3257239617,0.171631,0.251221,1.022949
3257244617,0.175293,0.251709,1.018555
3257249617,0.173584,0.252197,1.01709
3257254617,0.181152,0.248535,1.016113
3257259617,0.198975,0.223389,1.035156
3257264617,0.189697,0.214111,1.092773
3257269617,0.201904,0.191895,1.064209
3257274617,0.174805,0.156982,1.004639
3257279617,0.189453,0.138916,1.01123
3257284617,0.179199,0.150391,1.00708
3257289617,0.178467,0.137695,1.006836
3257294617,0.180908,0.152344,0.995361
3257299617,0.19043,0.154541,1.015869
3257304617,0.182861,0.170898,1.025146
3257309617,0.181885,0.185791,1.022949
3257314617,0.182617,0.205566,1.023926
3257319617,0.182129,0.221436,1.021973
3257324617,0.178711,0.2229,1.03418
3257329617,0.173828,0.208252,1.010254
3257334617,0.185303,0.201416,1.019287
3257339617,0.168457,0.195801,1.013428
3257344617,0.181396,0.215576,1.027832
3257349617,0.181885,0.202881,1.018311
3257354617,0.169678,0.214844,1.026367
3257359617,0.174072,0.231201,1.028076
3257364617,0.175049,0.231934,1.016846
3257369617,0.169922,0.238525,1.022705
3257374617,0.166504,0.240479,1.025391
3257379617,0.174072,0.240479,1.019043
3257384617,0.171631,0.229492,1.01709
3257389617,0.174805,0.224854,1.012695
3257394617,0.176514,0.204346,1.00415
3257399617,0.176025,0.192627,1.000244
3257404617,0.1875,0.185791,1.000488
3257409617,0.182129,0.181885,1.010254
3257414617,0.178955,0.18335,1.011475
3257419617,0.180176,0.187012,1.010254
3257424617,0.178467,0.198975,1.013672
3257429617,0.178955,0.208984,1.008789
3257434617,0.176514,0.216064,1.023682
3257439617,0.169678,0.2146,1.019775
3257444617,0.175293,0.205566,1.01416
3257449617,0.177002,0.200439,1.018066
3257454617,0.181152,0.199707,1.014648
3257459617,0.182373,0.199707,1.018799
3257464617,0.18335,0.20874,1.007568
3257469617,0.181641,0.220947,1.012207
3257474617,0.184082,0.227051,0.998535
3257479617,0.171631,0.244385,1.008545
3257484617,0.158936,0.25293,1.02002
3257489617,0.162354,0.252686,1.012939
3257494617,0.164062,0.231934,1.015625
3257499617,0.171387,0.225342,1.020996
3257504617,0.179932,0.220947,1.007568
3257509617,0.174561,0.2229,1.028809
3257514617,0.173584,0.237061,1.020752
3257519617,0.176514,0.230225,1.026123
3257524617,0.183594,0.222168,1.023193
3257529617,0.176758,0.21167,1.019043
3257534617,0.179932,0.19873,1.023438
3257539617,0.180176,0.18335,1.013428
3257544617,0.182373,0.159912,0.993896
3257549617,0.178955,0.148926,0.987793
3257554617,0.178955,0.146973,0.995117
3257559617,0.174316,0.160889,0.993164
3257564617,0.178711,0.165527,0.987793
3257569617,0.178955,0.179199,0.994141
3257574617,0.183594,0.18457,1.009766
3257579617,0.192871,0.195801,1.0271
3257584617,0.186279,0.203125,1.028809
3257589617,0.186279,0.220947,1.026611
3257594617,0.172607,0.238525,1.023682
3257599617,0.178711,0.240723,1.027344
3257604617,0.175049,0.237549,1.019043
3257609617,0.174072,0.233154,1.024902
3257614617,0.178711,0.222656,1.016602
3257619617,0.17627,0.213623,1.011719
3257624617,0.176758,0.212402,1.021729
3257629617,0.176025,0.214111,1.021973
3257634617,0.178711,0.20874,1.017334
3257639617,0.179932,0.19458,1.013672
3257644617,0.180176,0.180176,1.007324
3257649617,0.185303,0.164307,0.994141
3257654617,0.17627,0.167236,0.996826
3257659617,0.180176,0.176025,1.000488
3257664617,0.182617,0.178711,1.003174
3257669617,0.182373,0.177979,1.003418
3257674617,0.182861,0.184082,1.006104
3257679617,0.181641,0.189941,1.010986
3257684617,0.183594,0.195068,1.019287
3257689617,0.175049,0.206543,1.016846
3257694617,0.180176,0.207764,1.011719
3257699617,0.176514,0.215088,1.019531
3257704617,0.179687,0.218994,1.02124
3257709617,0.177002,0.220459,1.022461
3257714617,0.178711,0.220215,1.021729
3257719617,0.178711,0.218018,1.012207
3257724617,0.17627,0.210449,1.015869
3257729617,0.174805,0.206543,1.012207
3257734617,0.17749,0.202393,1.020264
3257739617,0.174561,0.208496,1.016113
3257744617,0.179199,0.204346,1.015137
3257749617,0.18042,0.191895,1.006348
3257754617,0.181641,0.182373,1.009033
3257759617,0.179443,0.183838,0.998535
3257764617,0.177979,0.1875,1.004395
3257769617,0.185303,0.188965,1.009766
3257774617,0.183594,0.193359,1.022217
3257779617,0.175537,0.190674,1.003906
3257784617,0.167725,0.193115,1.004395
3257789617,0.180176,0.199219,1.023438
3257794617,0.175781,0.196777,1.016113
3257799617,0.175537,0.202393,1.014648
3257804617,0.179443,0.20752,1.006104
3257809617,0.178955,0.209229,1.023193
3257814617,0.18457,0.209473,1.023438
3257819617,0.175049,0.210449,1.021484
3257824617,0.174316,0.207764,1.016113
3257829617,0.174072,0.202881,1.010254
3257834617,0.177734,0.204834,1.015381
3257839617,0.178223,0.203125,1.016846
3257844617,0.18335,0.199951,1.021973
3257849617,0.17627,0.198486,1.020264
3257854617,0.17627,0.196289,1.005615
3257859617,0.174561,0.19165,1.010986
3257864617,0.174072,0.187988,1.006348
3257869617,0.18335,0.192627,1.004395
3257874617,0.178711,0.193604,1.01416
3257879617,0.179199,0.202393,1.027588
3257884617,0.179443,0.199951,1.019287
3257889617,0.176514,0.20166,1.01709
3257894617,0.166748,0.201904,1.012939
3257899617,0.175293,0.204102,1.011719
3257904617,0.182617,0.203857,1.013672
3257909617,0.179443,0.204346,1.016357
3257914617,0.193115,0.212646,1.033936
3257919617,0.172363,0.216797,1.017334
3257924617,0.179443,0.205322,1.008301
3257929617,0.181641,0.195557,1.006836
3257934617,0.178955,0.202148,1.01416
3257939617,0.181641,0.195312,1.02124
3257944617,0.180908,0.200684,1.015381
3257949617,0.179443,0.199951,1.014648
3257954617,0.175293,0.196045,1.013428
3257959617,0.179443,0.193115,1.011475
3257964617,0.177002,0.19458,1.008789
3257969617,0.183838,0.198242,1.013184
3257974617,0.180908,0.195312,1.017334
3257979617,0.179199,0.198486,1.012695
3257984617,0.170898,0.200195,1.017578
3257989617,0.17627,0.200195,1.02002
3257994617,0.178711,0.200439,1.008057
3257999617,0.181641,0.207764,1.021729
3258004617,0.180664,0.20166,1.022461
3258009617,0.178467,0.203369,1.018066
3258014617,0.178223,0.203369,1.009277
3258019617,0.17627,0.202148,1.017334
3258024617,0.174805,0.198486,1.014404
3258029617,0.182129,0.199219,1.012451
3258034617,0.18335,0.198975,1.018066
3258039617,0.179687,0.202148,1.017334
3258044617,0.175293,0.196533,1.012695
3258049617,0.179443,0.199219,1.007813
3258054617,0.17627,0.195312,1.018066
3258059617,0.179443,0.198242,1.014648
3258064617,0.179687,0.197998,1.01709
3258069617,0.178955,0.197754,1.011719
3258074617,0.17749,0.199463,1.016357
3258079617,0.176758,0.204834,1.009521
3258084617,0.182617,0.201904,1.024414
3258089617,0.176514,0.200928,1.015625
3258094617,0.173096,0.200439,1.015625
3258099617,0.178467,0.204102,1.012207
3258104617,0.176025,0.205078,1.008545
3258109617,0.179687,0.20166,1.015137
3258114617,0.188232,0.204102,1.011475
3258119617,0.176758,0.202393,1.017578
3258124617,0.174805,0.199219,1.012939
3258129617,0.175537,0.197754,1.015625
3258134617,0.176758,0.197266,1.011475
3258139617,0.184082,0.195557,1.018066
