timestamp_us,x_g,y_g,z_g
324259606,0.067627,0.215088,1.023193
324264606,0.069824,0.2146,1.028076
324269606,0.067139,0.213379,1.028564
324274606,0.068604,0.218506,1.021484
324279606,0.070801,0.216553,1.026611
324284606,0.07251,0.2146,1.027344
324289606,0.066895,0.216064,1.024902
324294606,0.074463,0.21582,1.020508
324299606,0.070312,0.210449,1.025879
324304606,0.072998,0.21167,1.023682
324309606,0.072998,0.211182,1.02124
324314606,0.070557,0.211914,1.026367
324319606,0.068848,0.213379,1.029297
324324606,0.070068,0.214111,1.022461
324329606,0.072266,0.211426,1.019775
324334606,0.059082,0.213135,1.020508
324339606,0.067871,0.204102,1.024902
324344606,0.077393,0.225342,1.086182
324349606,0.063232,0.210449,1.006592
324354606,0.070068,0.200439,1.007568
324359606,0.083496,0.227051,1.04541
324364606,0.071533,0.197754,1.030762
324369606,0.069336,0.222412,1.033936
324374606,0.084717,0.212402,1.0271
324379606,0.070312,0.209961,1.013672
324384606,0.073486,0.214111,1.022705
324389606,0.073975,0.204834,1.014893
324394606,0.063965,0.214355,1.022705
324399606,0.063721,0.218994,1.020264
324404606,0.062256,0.219971,1.027588
324409606,0.05127,0.224854,1.012207
324414606,0.071533,0.20874,1.017578
324419606,0.06958,0.217285,1.029541
324424606,0.076416,0.207275,1.029785
324429606,0.072998,0.21875,1.035156
324434606,0.076172,0.216309,1.021973
324439606,0.070312,0.212891,1.018311
324444606,0.081299,0.210937,1.02002
324449606,0.078125,0.213867,1.027832
324454606,0.073975,0.211914,1.024658
324459606,0.066162,0.217041,1.029541
324464606,0.065674,0.214355,1.023926
324469606,0.068115,0.213623,1.025391
324474606,0.068115,0.20752,1.027588
324479606,0.068848,0.214355,1.034668
324484606,0.069336,0.212891,1.026611
324489606,0.059326,0.20459,0.97583
324494606,0.061035,0.228027,1.029053
324499606,0.101074,0.226562,1.040771
324504606,0.053955,0.182373,0.992187
324509606,0.056885,0.211182,1.013428
324514606,0.088135,0.209229,1.052734
324519606,0.068359,0.215576,1.029053
324524606,0.054687,0.219482,1.008057
324529606,0.079834,0.210693,1.021973
324534606,0.070312,0.212402,1.026367
324539606,0.070557,0.20752,1.018555
324544606,0.075195,0.211182,1.04126
324549606,0.063965,0.220947,1.034424
324554606,0.068115,0.214844,1.033447
324559606,0.073975,0.217529,1.027588
324564606,0.07666,0.205078,1.017822
324569606,0.072021,0.207764,1.008301
324574606,0.069092,0.222168,1.016357
324579606,0.083984,0.224609,1.026123
324584606,0.073242,0.2146,1.010742
324589606,0.053467,0.215088,1.017334
324594606,0.074219,0.210937,1.029053
324599606,0.074463,0.217285,1.032461
327289606,0.074707,0.212646,1.022217
327294606,0.069092,0.214111,1.032715
327299606,0.067139,0.213379,1.02832
327304606,0.071533,0.212158,1.026123
327309606,0.069092,0.210937,1.020264
327314606,0.072998,0.211182,1.024902
327319606,0.068604,0.21582,1.018799
327324606,0.069092,0.213379,1.024414
327329606,0.069092,0.219727,1.030762
327334606,0.070068,0.213867,1.020508
327339606,0.067627,0.216064,1.023438
327344606,0.070312,0.210937,1.021973
327349606,0.068359,0.215088,1.026123
327354606,0.070557,0.216064,1.026611
327359606,0.074219,0.213867,1.026123
327364606,0.07251,0.210693,1.025635
327369606,0.071045,0.218018,1.020264
327374606,0.069336,0.209717,1.028564
327379606,0.068359,0.216553,1.029297
327384606,0.071777,0.212891,1.032227
327389606,0.070068,0.211914,1.030029
327394606,0.074707,0.214111,1.026855
327399606,0.072754,0.210937,1.034912
327404606,0.070068,0.213867,1.025879
327409606,0.069336,0.210449,1.026611
327414606,0.070801,0.210449,1.031738
327419606,0.068115,0.212646,1.020264
327424606,0.068604,0.216309,1.026611
327429606,0.068604,0.210693,1.029785
327434606,0.072266,0.212646,1.028809
327439606,0.070312,0.209717,1.02832
327444606,0.070068,0.212891,1.021729
327449606,0.073975,0.214111,1.028809
327454606,0.073975,0.209473,1.0271
327459606,0.073975,0.21167,1.029297
327464606,0.072998,0.211182,1.030273
327469606,0.069092,0.207764,1.022217
327474606,0.070068,0.215576,1.027588
327479606,0.069336,0.212891,1.025879
327484606,0.074707,0.210205,1.023926
327489606,0.075928,0.212402,1.028076
327494606,0.070801,0.211182,1.022461
327499606,0.069824,0.214844,1.029297
327504606,0.071777,0.220703,1.026367
327509606,0.067139,0.212646,1.03125
327514606,0.067627,0.21582,1.020752
327519606,0.068115,0.214844,1.022949
327524606,0.072998,0.215088,1.030273
327529606,0.07251,0.217529,1.028809
327534606,0.067139,0.21582,1.022705
327539606,0.065918,0.222168,1.030762
327544606,0.070801,0.212158,1.018311
327549606,0.072754,0.217773,1.031494
327554606,0.071045,0.215088,1.027344
327559606,0.075684,0.215576,1.025635
327564606,0.070801,0.211182,1.023193
327569606,0.069092,0.216797,1.031494
327574606,0.067383,0.213623,1.023926
327579606,0.072998,0.2146,1.02832
327584606,0.072021,0.214111,1.023682
327589606,0.070801,0.215576,1.022461
327594606,0.06958,0.213623,1.019287
327599606,0.070801,0.21167,1.024902
327604606,0.073486,0.213135,1.029053
327609606,0.074219,0.209961,1.02832
327614606,0.069824,0.213623,1.028564
327619606,0.069824,0.212158,1.030762
327624606,0.068604,0.209229,1.027344
327629606,0.072998,0.214111,1.030518
327634606,0.074951,0.211182,1.0271
327639606,0.076172,0.210205,1.032715
327644606,0.071777,0.214355,1.032959
327649606,0.073242,0.21167,1.030518
327654606,0.070801,0.212646,1.02832
327659606,0.073242,0.208496,1.023682
327664606,0.074707,0.211182,1.025146
327669606,0.073242,0.212891,1.028809
327674606,0.069336,0.212158,1.02832
327679606,0.07373,0.20874,1.023193
327684606,0.072266,0.209229,1.025146
327689606,0.07373,0.210937,1.029785
327694606,0.07251,0.216309,1.021484
327699606,0.070801,0.212158,1.021484
327704606,0.071289,0.215332,1.022705
327709606,0.070068,0.215332,1.020752
327714606,0.073486,0.214111,1.025635
327719606,0.071045,0.217285,1.024902
327724606,0.073975,0.217285,1.026611
327729606,0.076416,0.217285,1.028076
327734606,0.073486,0.215332,1.026611
327739606,0.06543,0.214355,1.022461
327744606,0.075684,0.214111,1.027344
327749606,0.06958,0.220459,1.020508
327754606,0.072998,0.212402,1.026855
327759606,0.06958,0.213135,1.024902
327764606,0.075928,0.213379,1.027832
327769606,0.07373,0.217529,1.027832
327774606,0.068115,0.214355,1.030518
327779606,0.070557,0.213379,1.023438
327784606,0.069336,0.216553,1.024414
327789606,0.070312,0.213135,1.025391
327794606,0.068604,0.215332,1.023926
327799606,0.067871,0.213623,1.026367
327804606,0.073486,0.210205,1.021484
327809606,0.070801,0.206299,1.030273
327814606,0.070068,0.207764,1.023193
327819606,0.070312,0.211182,1.025146
327824606,0.070801,0.210693,1.025635
327829606,0.07251,0.209473,1.02417
327834606,0.075195,0.213867,1.02832
327839606,0.071533,0.210693,1.024658
327844606,0.067871,0.212646,1.021484
327849606,0.069092,0.210937,1.028564
327854606,0.068359,0.213379,1.027588
327859606,0.072266,0.213379,1.030518
327864606,0.070312,0.213379,1.024658
327869606,0.069336,0.211426,1.029053
327874606,0.072266,0.216797,1.025635
327879606,0.072266,0.218506,1.027588
327884606,0.070557,0.21167,1.024658
327889606,0.067383,0.209473,1.025146
327894606,0.07373,0.214111,1.028809
327899606,0.070312,0.216553,1.031006
327904606,0.072266,0.209961,1.024902
327909606,0.071289,0.209473,1.018311
327914606,0.074707,0.213867,1.03418
327919606,0.071045,0.210937,1.028564
327924606,0.072998,0.2146,1.029541
327929606,0.073242,0.21582,1.027588
327934606,0.070557,0.219238,1.020996
327939606,0.072754,0.215088,1.021729
327944606,0.067871,0.218994,1.025635
327949606,0.070557,0.218018,1.0271
327954606,0.06958,0.21582,1.028809
327959606,0.067871,0.213623,1.021729
327964606,0.068115,0.215576,1.027832
327969606,0.070312,0.211182,1.027832
327974606,0.067627,0.21167,1.024414
327979606,0.07251,0.210937,1.023926
327984606,0.070068,0.213379,1.029297
327989606,0.064941,0.213379,1.026855
327994606,0.066406,0.213867,1.024658
327999606,0.072754,0.215088,1.018555
328004606,0.074219,0.212891,1.026611
328009606,0.076172,0.214355,1.027344
328014606,0.06958,0.214355,1.023193
328019606,0.071045,0.212891,1.020264
328024606,0.072754,0.213867,1.022217
328029606,0.073486,0.214111,1.026123
328034606,0.070801,0.213867,1.029297
328039606,0.071533,0.209229,1.028809
328044606,0.067871,0.209961,1.025635
328049606,0.072021,0.214111,1.021973
328054606,0.072754,0.212891,1.023926
328059606,0.068359,0.216553,1.019287
328064606,0.070801,0.210693,1.022217
328069606,0.072266,0.216553,1.020752
328074606,0.07251,0.212646,1.02124
328079606,0.073486,0.217041,1.028076
328084606,0.067383,0.210693,1.023682
328089606,0.072998,0.215088,1.026123
328094606,0.072754,0.213135,1.025879
328099606,0.069824,0.216309,1.027588
328104606,0.074463,0.212158,1.030762
328109606,1.56543,-0.086914,1.798584
328114606,-0.282471,0.102051,0.568848
328119606,0.352051,2.773682,-4.0
328124606,-1.220215,0.092529,-0.30835
328129606,-1.062256,-1.391357,3.999878
328134606,1.248291,1.554199,-3.054932
328139606,-0.870361,1.20166,2.610107
328144606,-1.724854,1.298584,1.764893
328149606,-1.192139,1.631836,-0.281982
328154606,-2.053711,0.35791,0.81958
328159606,-0.800537,0.115967,0.579834
328164606,-0.071045,0.406494,1.32373
328169606,-0.206543,0.146973,0.510742
328174606,-0.274414,0.226807,0.866455
328179606,0.156494,0.146484,1.214355
328184606,0.164062,0.069824,1.56543
328189606,0.240479,0.245117,1.179688
328194606,-0.054932,0.172119,1.069336
328199606,0.06958,0.228271,0.973389
328204606,0.115479,0.229736,1.052979
328209606,0.168701,0.219971,1.052246
328214606,0.206299,0.181152,1.076904
328219606,0.202393,0.24585,0.893311
328224606,-0.026123,0.328369,0.735596
328229606,0.05835,0.307861,1.150391
328234606,-0.320801,0.178223,1.051514
328239606,-0.528809,0.249023,1.017334
328244606,0.169189,0.277344,1.116699
328249606,0.063965,0.197266,1.067627
328254606,0.077881,0.250732,1.097168
328259606,0.098389,0.225098,1.090576
328264606,0.07373,0.214844,0.97876
328269606,0.077881,0.236572,0.99292
328274606,0.082031,0.243896,1.040039
328279606,0.083252,0.23584,1.117676
328284606,0.087891,0.188477,1.065186
328289606,0.080811,0.180664,0.961914
328294606,0.139648,0.205078,1.008301
328299606,0.079102,0.171143,0.992676
328304606,0.089355,0.201904,1.005371
328309606,0.115479,0.239502,1.134766
328314606,0.058594,0.253174,1.051758
328319606,0.145264,0.266602,1.006348
328324606,0.098877,0.328125,0.884033
328329606,0.081543,0.255859,1.028076
328334606,0.075439,0.306152,1.057861
328339606,0.029297,0.234131,1.044434
328344606,0.055176,0.261475,1.048096
328349606,0.067871,0.227783,1.008545
328354606,0.102051,0.242432,1.033691
328359606,0.064941,0.22583,1.02417
328364606,0.067627,0.235596,1.032471
328369606,0.074463,0.231445,1.049561
328374606,0.063965,0.229736,1.019531
328379606,0.11792,0.20874,1.032959
328384606,0.063721,0.187744,0.949951
328389606,0.131104,0.210449,0.917236
328394606,0.177002,0.217529,0.85083
328399606,0.184814,0.196533,0.921631
328404606,0.162598,0.223877,1.300537
328409606,0.092773,0.10083,1.133545
328414606,0.068848,0.177246,1.087158
328419606,0.10498,0.213867,1.039551
328424606,0.087402,0.213379,1.029053
328429606,0.06958,0.250732,1.03418
328434606,0.057861,0.230225,1.057861
328439606,0.072266,0.265137,1.060791
328444606,0.046387,0.2229,1.00708
328449606,0.095703,0.22583,0.990967
328454606,0.10376,0.236572,0.990723
328459606,0.064453,0.213135,1.05127
328464606,0.081543,0.236328,1.029785
328469606,0.143799,0.255127,0.984863
328474606,0.111084,0.199707,0.974121
328479606,0.022461,0.232422,0.958008
328484606,0.039795,0.204834,0.912109
328489606,0.11084,0.21875,1.032227
328494606,0.131592,0.214844,1.07251
328499606,0.116699,0.220215,1.032959
328504606,0.069824,0.20874,1.064209
328509606,0.076904,0.227539,0.99585
328514606,0.053467,0.19873,1.007813
328519606,0.074219,0.220703,1.037598
328524606,0.065918,0.228027,1.061035
328529606,0.066406,0.212891,1.044434
328534606,0.105225,0.21167,1.006104
328539606,0.146973,0.218262,1.000244
328544606,0.140625,0.176514,1.155273
328549606,0.149658,0.154297,1.146484
328554606,0.109863,0.185547,1.010254
328559606,0.066895,0.215332,0.959717
328564606,0.080566,0.236572,1.05542
328569606,0.05249,0.23584,1.016357
328574606,0.071045,0.259033,1.00415
328579606,0.043457,0.212402,1.001709
328584606,0.091553,0.227539,1.01001
328589606,0.063721,0.241211,1.003418
328594606,0.120117,0.256104,1.047363
328599606,0.065918,0.22998,1.062012
328604606,0.110352,0.219727,1.053223
328609606,0.138184,0.226318,0.967285
328614606,0.106445,0.184814,1.09375
328619606,0.025635,0.177734,0.981445
328624606,0.124756,0.256348,0.851074
328629606,0.051025,0.242187,0.963623
328634606,0.03125,0.223389,1.005371
328639606,0.0625,0.229248,1.053955
328644606,0.076416,0.196045,1.040527
328649606,0.104004,0.206299,1.005615
328654606,0.064209,0.208496,1.016113
328659606,0.068115,0.221191,1.008301
328664606,0.083008,0.223145,1.03125
328669606,0.107178,0.203857,1.015869
328674606,0.072266,0.166992,1.087402
328679606,-0.026123,0.179687,1.134521
328684606,0.051758,0.229492,0.995605
328689606,0.036865,0.219238,1.064941
328694606,0.070801,0.252441,1.01709
328699606,0.087646,0.231201,1.037598
328704606,0.111572,0.223389,1.030518
328709606,0.094727,0.231934,1.039307
328714606,0.076172,0.230713,1.005615
328719606,0.065918,0.231445,1.029297
328724606,0.03418,0.195068,1.041992
328729606,0.086914,0.214355,0.95166
328734606,0.045898,0.226807,1.128906
328739606,0.138916,0.254883,0.905762
328744606,0.106689,0.234131,0.945801
328749606,0.065918,0.219727,1.003418
328754606,0.075195,0.212891,1.007568
328759606,0.051758,0.206299,1.036133
328764606,0.077393,0.206787,1.035645
328769606,0.054932,0.204346,1.002441
328774606,0.054687,0.201172,1.056641
328779606,0.010986,0.246094,0.911621
328784606,0.066162,0.227783,0.99585
328789606,0.085449,0.147461,1.105957
328794606,0.10498,0.201416,0.954834
328799606,0.099121,0.206055,1.02832
328804606,0.091797,0.21582,1.045166
328809606,0.07666,0.225342,0.995117
328814606,0.087646,0.208984,1.072754
328819606,0.153564,0.21582,1.092285
328824606,0.108643,0.228027,1.076904
328829606,0.130615,0.227783,1.033691
328834606,0.064941,0.193848,1.022705
328839606,0.068604,0.195801,0.995361
328844606,0.088135,0.230469,0.94043
328849606,0.126221,0.249023,0.949951
328854606,0.052979,0.234375,1.080811
328859606,0.081055,0.209717,1.030029
328864606,0.099609,0.204346,1.053223
328869606,0.073242,0.211914,1.005127
328874606,0.114746,0.240479,1.059814
328879606,0.084717,0.17749,1.046631
328884606,0.130127,0.187988,1.046143
328889606,0.104004,0.240967,0.980713
328894606,0.073486,0.20166,1.040039
328899606,0.084473,0.242676,0.978516
328904606,0.078125,0.230957,0.998535
328909606,0.088623,0.212402,1.022461
328914606,0.072754,0.203125,1.106201
328919606,0.058594,0.242187,1.027344
328924606,0.077393,0.214355,1.067139
328929606,0.065186,0.197021,1.049072
328934606,0.066406,0.210205,0.994873
328939606,0.051758,0.201416,1.048096
328944606,0.058838,0.206787,1.016113
328949606,0.106445,0.231445,1.049805
328954606,0.076904,0.253906,0.985352
328959606,0.143066,0.215332,1.09082
328964606,0.138672,0.222168,1.023193
328969606,0.072021,0.204834,0.984375
328974606,0.100586,0.228271,0.98877
328979606,0.04248,0.204346,1.083984
328984606,0.03125,0.227783,0.981934
328989606,0.093018,0.244141,1.030762
328994606,0.031494,0.18042,1.077393
328999606,0.065674,0.228027,0.886963
329004606,0.09082,0.23291,0.981445
329009606,0.081787,0.279053,0.833984
329014606,0.061035,0.254639,0.987305
329019606,0.123779,0.21167,0.994873
329024606,0.089844,0.20166,1.030029
329029606,0.089355,0.225586,1.006592
329034606,0.098633,0.249512,1.049561
329039606,0.075684,0.217773,1.030273
329044606,0.082275,0.228516,1.036621
329049606,0.095947,0.229492,1.039795
329054606,0.084961,0.212158,1.007324
329059606,0.08374,0.215332,1.006836
329064606,0.090332,0.222656,1.019531
329069606,0.086182,0.217041,1.024414
329074606,0.083984,0.218018,1.028564
329079606,0.090088,0.222168,1.033203
329084606,0.077637,0.219482,1.017578
329089606,0.084229,0.212158,1.006348
329094606,0.091309,0.2229,1.016602
329099606,0.085937,0.219482,1.019287
329104606,0.086182,0.218018,1.02417
329109606,0.089111,0.225586,1.03125
329114606,0.07959,0.223877,1.018555
329119606,0.077148,0.226807,1.01709
329124606,0.09082,0.220215,1.024658
329129606,0.082764,0.215576,1.022949
329134606,0.081787,0.218506,1.029541
329139606,0.08667,0.223633,1.032471
329144606,0.081055,0.218262,1.023193
329149606,0.081055,0.2229,1.020508
329154606,0.087402,0.227539,1.028076
329159606,0.083496,0.217529,1.022217
329164606,0.083252,0.220215,1.033447
329169606,0.080811,0.217529,1.03125
329174606,0.076904,0.216553,1.02002
329179606,0.080566,0.21875,1.01709
329184606,0.080566,0.220703,1.015381
329189606,0.079102,0.219238,1.018311
329194606,0.084473,0.218018,1.031982
329199606,0.080566,0.217041,1.0271
329204606,0.081543,0.217285,1.015869
329209606,0.087402,0.220215,1.021729
329214606,0.079834,0.217285,1.017822
329219606,0.079834,0.22583,1.02124
329224606,0.08667,0.218994,1.023682
329229606,0.082031,0.216797,1.022217
329234606,0.088135,0.216309,1.020508
329239606,0.080566,0.214355,1.02832
329244606,0.082031,0.216553,1.022217
329249606,0.088135,0.223633,1.021973
329254606,0.084229,0.219971,1.023193
329259606,0.079834,0.219727,1.028076
329264606,0.082764,0.221191,1.035156
329269606,0.080078,0.213623,1.019531
329274606,0.07666,0.221191,1.022217
329279606,0.083252,0.221436,1.016113
329284606,0.081787,0.215332,1.021973
329289606,0.084717,0.221191,1.034912
329294606,0.08374,0.220947,1.025879
329299606,0.079102,0.219482,1.02124
329304606,0.085205,0.215332,1.018555
329309606,0.08374,0.223633,1.021973
329314606,0.084961,0.219238,1.020508
329319606,0.086426,0.218994,1.02832
329324606,0.080078,0.221924,1.023193
329329606,0.08374,0.220703,1.024658
329334606,0.077881,0.22168,1.022217
329339606,0.078857,0.218506,1.019287
329344606,0.077881,0.219727,1.02417
329349606,0.087646,0.220947,1.025391
329354606,0.078613,0.217285,1.027344
329359606,0.079834,0.219482,1.020264
329364606,0.07959,0.222168,1.016357
329369606,0.08252,0.223389,1.018311
329374606,0.080566,0.220215,1.020508
329379606,0.081299,0.2229,1.017578
329384606,0.085937,0.222168,1.021729
329389606,0.082275,0.219482,1.019043
329394606,0.085937,0.219727,1.03125
329399606,0.08374,0.215576,1.025391
329404606,0.083984,0.21875,1.025879
329409606,0.084717,0.21875,1.032959
329414606,0.081055,0.218018,1.025879
329419606,0.081543,0.213867,1.026611
329424606,0.082031,0.220947,1.025879
329429606,0.081055,0.21875,1.025146
329434606,0.080811,0.222656,1.019531
329439606,0.085449,0.218262,1.028076
329444606,0.08252,0.216553,1.022705
329449606,0.085449,0.226074,1.023438
329454606,0.085937,0.217041,1.024902
329459606,0.081543,0.217041,1.026611
329464606,0.085205,0.220459,1.021484
329469606,0.083984,0.216064,1.021729
329474606,0.086426,0.219971,1.027344
329479606,0.087402,0.221436,1.03418
329484606,0.084229,0.220703,1.023193
329489606,0.089355,0.218018,1.025146
329494606,0.086182,0.218506,1.029053
329499606,0.078125,0.220947,1.024414
329504606,0.079834,0.219971,1.025879
329509606,0.08252,0.219482,1.032959
329514606,0.082275,0.218262,1.024414
329519606,0.085693,0.222412,1.028076
329524606,0.085693,0.218994,1.027344
329529606,0.082764,0.218506,1.022949
329534606,0.085937,0.222168,1.019043
329539606,0.085449,0.222168,1.018311
329544606,0.085205,0.2229,1.019043
329549606,0.075195,0.218262,1.017578
329554606,0.077393,0.219727,1.021973
329559606,0.084473,0.21875,1.022217
329564606,0.0896,0.2146,1.019043
329569606,0.087402,0.217529,1.028076
329574606,0.085205,0.218994,1.030029
329579606,0.083496,0.215332,1.020508
329584606,0.082275,0.21875,1.016357
329589606,0.082764,0.219482,1.024414
329594606,0.083496,0.219971,1.018311
329599606,0.090088,0.21875,1.029785
329604606,0.08667,0.219971,1.029541
329609606,0.084229,0.217529,1.031982
329614606,0.084229,0.218262,1.026367
329619606,0.084717,0.219482,1.032471
329624606,0.08374,0.217041,1.026367
329629606,0.081299,0.219238,1.028564
329634606,0.090332,0.219482,1.023926
329639606,0.08374,0.220215,1.02124
329644606,0.08252,0.217773,1.020264
329649606,0.081787,0.219238,1.017822
329654606,0.085449,0.217773,1.021729
329659606,0.086426,0.219727,1.024414
329664606,0.084961,0.219971,1.020752
329669606,0.078369,0.217529,1.018555
329674606,0.084961,0.21875,1.023682
329679606,0.091309,0.219727,1.032715
329684606,0.077393,0.221191,1.026611
329689606,0.082031,0.218994,1.026367
329694606,0.085205,0.221924,1.025146
329699606,0.078857,0.217529,1.020996
329704606,0.08667,0.222168,1.025879
329709606,0.079834,0.215576,1.019287
329714606,0.08374,0.222656,1.026123
329719606,0.087646,0.220703,1.031982
329724606,0.080811,0.219482,1.034424
329729606,0.087158,0.221436,1.032227
329734606,0.081543,0.217773,1.023193
329739606,0.081787,0.219482,1.030273
329744606,0.090332,0.219727,1.025146
329749606,0.083496,0.21875,1.017822
329754606,0.080322,0.217285,1.02124
329759606,0.0896,0.220215,1.019531
329764606,0.07959,0.219238,1.023193
329769606,0.076416,0.217041,1.019287
329774606,0.083008,0.213623,1.02002
329779606,0.080811,0.220459,1.016113
329784606,0.084717,0.219971,1.016357
329789606,0.086914,0.214355,1.023193
329794606,0.084961,0.216797,1.016357
329799606,0.083252,0.21875,1.017822
329804606,0.078369,0.219971,1.018555
329809606,0.084229,0.217529,1.015625
329814606,0.085937,0.221924,1.021973
329819606,0.087646,0.218506,1.022217
329824606,0.082275,0.21875,1.015625
329829606,0.083984,0.220947,1.023682
329834606,0.077881,0.219238,1.016357
329839606,0.08374,0.218262,1.012939
329844606,0.084717,0.219482,1.019531
329849606,0.081543,0.2229,1.019043
329854606,0.084473,0.224121,1.030518
329859606,0.08252,0.221191,1.024902
329864606,0.08252,0.217041,1.024414
329869606,0.08374,0.22583,1.023438
329874606,0.081787,0.218994,1.019531
329879606,0.080078,0.215576,1.015869
329884606,0.082275,0.221924,1.018311
329889606,0.080322,0.220215,1.017334
329894606,0.084229,0.219238,1.021484
329899606,0.08252,0.219727,1.016602
329904606,0.084961,0.218262,1.018799
329909606,0.085693,0.218994,1.023438
329914606,0.081543,0.220947,1.02002
329919606,0.084473,0.218018,1.026123
329924606,0.084473,0.218018,1.023193
329929606,0.086426,0.216797,1.020264
329934606,0.084717,0.218994,1.016846
329939606,0.087646,0.219727,1.019531
329944606,0.085449,0.219727,1.022217
329949606,0.085937,0.217041,1.018311
329954606,0.080078,0.2146,1.017822
329959606,0.084229,0.21875,1.020264
329964606,0.078857,0.216553,1.021973
329969606,0.085449,0.222168,1.026855
329974606,0.08252,0.217773,1.020752
329979606,0.084961,0.218262,1.025879
329984606,0.082275,0.218262,1.024902
329989606,0.082764,0.219727,1.026123
329994606,0.086426,0.217773,1.02124
329999606,0.084717,0.222412,1.027344
330004606,0.080322,0.218018,1.019531
330009606,0.087402,0.216797,1.023193
330014606,0.083252,0.221191,1.017334
330019606,0.08252,0.220703,1.02417
330024606,0.084229,0.222168,1.022705
330029606,0.080078,0.21875,1.021729
330034606,0.084473,0.212891,1.021484
330039606,0.085205,0.219482,1.028809
330044606,0.084961,0.217041,1.020508
330049606,0.08374,0.220215,1.020996
330054606,0.084961,0.219727,1.024414
330059606,0.081055,0.220703,1.027588
330064606,0.079834,0.221436,1.027832
330069606,0.083984,0.219482,1.023438
330074606,0.085693,0.216553,1.030273
330079606,0.07959,0.221191,1.021484
330084606,0.08252,0.217773,1.020752
330089606,0.078125,0.219727,1.02124
330094606,0.085449,0.220703,1.025879
330099606,0.082275,0.219482,1.021729
330104606,0.084717,0.217529,1.019531
330109606,0.084229,0.219238,1.021729
330114606,0.080566,0.218994,1.017578
330119606,0.083252,0.220215,1.025879
330124606,0.082764,0.218506,1.023193
330129606,0.082275,0.220703,1.021729
330134606,0.08667,0.218262,1.01709
330139606,0.079834,0.212158,1.023438
330144606,0.080078,0.218262,1.020996
330149606,0.087158,0.218018,1.033691
330154606,0.085205,0.217285,1.024902
330159606,0.08374,0.215576,1.020996
330164606,0.079834,0.221436,1.031738
330169606,0.082275,0.220215,1.02832
330174606,0.087646,0.218994,1.026123
330179606,0.082764,0.215088,1.025635
330184606,0.083984,0.217285,1.023438
330189606,0.086914,0.217041,1.020508
330194606,0.079346,0.217285,1.022217
330199606,0.083984,0.220947,1.024414
330204606,0.081299,0.22168,1.025146
330209606,0.084717,0.221924,1.028809
330214606,0.084717,0.219971,1.030273
330219606,0.081787,0.222168,1.029785
330224606,0.088379,0.217773,1.019775
330229606,0.084717,0.218018,1.029297
330234606,0.08252,0.211426,1.026123
330239606,0.085449,0.216064,1.022949
330244606,0.081299,0.218262,1.018799
330249606,0.085693,0.214111,1.018066
330254606,0.080322,0.2229,1.021484
330259606,0.084229,0.219727,1.022705
330264606,0.080566,0.221436,1.02124
330269606,0.08252,0.218018,1.025391
330274606,0.083008,0.217041,1.022461
330279606,0.083496,0.219971,1.021484
330284606,0.082031,0.218506,1.020508
330289606,0.082031,0.216797,1.021729
330294606,0.081055,0.217773,1.020264
330299606,0.084229,0.221436,1.018555
330304606,0.084229,0.220703,1.022461
330309606,0.080811,0.217529,1.020752
330314606,0.081055,0.222168,1.027588
330319606,0.085937,0.218994,1.026367
330324606,0.084229,0.220703,1.021973
330329606,0.082031,0.217529,1.021729
330334606,0.088379,0.21875,1.025146
330339606,0.081543,0.217773,1.020508
330344606,0.084473,0.216797,1.015381
330349606,0.082275,0.218994,1.02002
330354606,0.080078,0.220703,1.014404
330359606,0.088135,0.221191,1.021484
330364606,0.080322,0.220703,1.021729
330369606,0.081787,0.220703,1.028076
330374606,0.084229,0.224121,1.021729
330379606,0.081299,0.218994,1.029297
330384606,0.080078,0.222656,1.020996
330389606,0.084473,0.22168,1.015381
330394606,0.081299,0.217529,1.026123
330399606,0.079834,0.218994,1.023926
330404606,0.081787,0.218018,1.026855
330409606,0.082031,0.224609,1.022949
330414606,0.080811,0.220703,1.037109
330419606,0.081299,0.219971,1.024414
330424606,0.081299,0.220215,1.022705
330429606,0.082764,0.218018,1.023438
330434606,0.083008,0.216797,1.025635
330439606,0.08374,0.217285,1.026123
330444606,0.084229,0.216797,1.021484
330449606,0.083496,0.2229,1.02417
330454606,0.081787,0.220947,1.022217
330459606,0.084717,0.216797,1.023682
330464606,0.088135,0.218018,1.023193
330469606,0.084717,0.2146,1.026855
330474606,0.08374,0.219971,1.023926
330479606,0.083984,0.214844,1.021973
330484606,0.084229,0.214355,1.022705
330489606,0.084717,0.217285,1.026123
330494606,0.085693,0.216553,1.024414
330499606,0.08667,0.220703,1.019043
330504606,0.079102,0.214844,1.023193
330509606,0.084229,0.218262,1.024658
330514606,0.085205,0.221191,1.018311
330519606,0.08252,0.222168,1.021729
330524606,0.080811,0.223633,1.029541
330529606,0.084229,0.223633,1.022949
330534606,0.085937,0.221191,1.025391
330539606,0.079834,0.219238,1.018555
330544606,0.079834,0.2229,1.027344
330549606,0.083496,0.221191,1.02124
330554606,0.083984,0.220459,1.022949
330559606,0.080811,0.215088,1.020264
330564606,0.082031,0.219482,1.0271
330569606,0.089844,0.220947,1.023438
330574606,0.089111,0.221436,1.0271
330579606,0.081787,0.217041,1.028076
330584606,0.081299,0.216064,1.024902
330589606,0.083008,0.213135,1.025391
330594606,0.085449,0.219238,1.023193
330599606,0.083496,0.21582,1.022217
330604606,0.084229,0.217773,1.017578
330609606,0.082764,0.21875,1.024658
330614606,0.080078,0.219238,1.028564
330619606,0.083496,0.2229,1.027344
330624606,0.08252,0.220215,1.02832
330629606,0.080322,0.218018,1.016602
330634606,0.079102,0.219482,1.020264
330639606,0.085693,0.216797,1.024902
330644606,0.084961,0.221924,1.017578
330649606,0.081299,0.219727,1.027344
330654606,0.082764,0.218018,1.025146
330659606,0.083496,0.220703,1.022949
330664606,0.082764,0.218018,1.025879
330669606,0.084229,0.223389,1.017578
330674606,0.084961,0.219727,1.018799
330679606,0.080811,0.216553,1.023193
330684606,0.084473,0.221436,1.031494
330689606,0.084473,0.219482,1.020264
330694606,0.083496,0.220215,1.028076
330699606,0.083252,0.217285,1.018066
330704606,0.087646,0.223145,1.023682
330709606,0.084473,0.216309,1.018311
330714606,0.085693,0.218262,1.026367
330719606,0.086426,0.217285,1.012695
330724606,0.086182,0.221924,1.02002
330729606,0.083984,0.221436,1.020508
330734606,0.083008,0.221924,1.020752
330739606,0.078857,0.220215,1.022705
330744606,0.082031,0.22168,1.023682
330749606,0.083496,0.217285,1.018799
330754606,0.078369,0.217773,1.027832
330759606,0.082275,0.221436,1.021729
330764606,0.083008,0.21875,1.028564
330769606,0.080078,0.219971,1.024414
330774606,0.079834,0.220215,1.021484
330779606,0.084961,0.217041,1.022217
330784606,0.083252,0.217773,1.025635
330789606,0.084229,0.220947,1.02002
330794606,0.08252,0.217041,1.022217
330799606,0.083008,0.219727,1.03125
330804606,0.086426,0.218018,1.013428
330809606,0.082275,0.216797,1.022705
330814606,0.08667,0.22168,1.024658
330819606,0.08252,0.220703,1.023438
330824606,0.084961,0.219971,1.023193
330829606,0.08252,0.223389,1.024902
330834606,0.081299,0.219482,1.019531
330839606,0.082031,0.22168,1.031494
330844606,0.078857,0.217773,1.021973
330849606,0.08374,0.219727,1.020752
330854606,0.083496,0.224121,1.021729
330859606,0.085693,0.220215,1.024902
330864606,0.08252,0.217041,1.02832
330869606,0.085693,0.216064,1.022705
330874606,0.085205,0.213379,1.023926
330879606,0.083984,0.216064,1.020996
330884606,0.089111,0.216553,1.02417
330889606,0.084473,0.220459,1.023193
330894606,0.089844,0.221191,1.020996
330899606,0.081299,0.220703,1.018799
330904606,0.087158,0.219727,1.021729
330909606,0.081299,0.217529,1.023193
330914606,0.085937,0.219238,1.02417
330919606,2.871338,2.175049,3.999878
330924606,0.500488,2.720459,-1.914063
330929606,-1.337891,1.086426,-3.909668
330934606,1.023438,1.910889,3.999878
330939606,-1.147461,3.168945,-1.032959
330944606,0.365723,0.876465,-1.078613
330949606,-1.827881,-0.033691,-4.0
330954606,-1.84668,1.009766,3.366211
330959606,-1.175781,2.773926,1.964111
330964606,-0.513184,2.04541,3.237061
330969606,-0.275635,0.426514,3.696289
330974606,-0.696045,2.334473,1.625732
330979606,-0.658447,0.477783,1.172607
330984606,-0.86499,0.013184,1.279785
330989606,-0.217773,0.248535,0.849121
330994606,-0.282959,0.170654,0.821289
330999606,0.039307,0.262939,1.467529
331004606,0.062744,0.281738,1.385498
331009606,0.148193,0.152588,1.124756
331014606,0.253418,0.243652,1.125244
331019606,0.104736,0.214355,0.947266
331024606,0.096191,0.184814,0.86377
331029606,0.004883,0.146484,1.115967
331034606,0.050049,0.279053,0.984619
331039606,0.022217,0.281982,1.121338
331044606,0.124756,0.162598,0.978271
331049606,0.09082,0.222412,0.973389
331054606,0.083984,0.188721,1.029785
331059606,0.065186,0.192871,1.065918
331064606,0.133301,0.223145,0.913818
331069606,0.17627,0.081055,0.961182
331074606,0.143066,0.234619,1.054688
331079606,0.03418,0.185791,1.001465
331084606,0.135254,0.261963,0.89624
331089606,0.048096,0.251465,0.982178
331094606,0.093506,0.204834,0.886475
331099606,0.094238,0.240723,1.0625
331104606,0.130615,0.093018,1.009277
331109606,0.109375,0.174561,0.705078
331114606,0.212158,0.134277,0.723389
331119606,0.13208,0.235352,1.077148
331124606,0.07251,0.310059,1.203125
331129606,0.041748,0.266846,1.172363
331134606,0.170898,0.216064,1.011475
331139606,0.117676,0.197266,0.907227
331144606,0.148926,0.23877,1.085938
331149606,0.06958,0.144775,0.966309
331154606,0.099121,0.220703,0.851807
331159606,0.109863,0.204834,1.023926
331164606,0.101318,0.233887,1.095947
331169606,0.058105,0.144287,0.888916
331174606,0.13501,0.194092,1.00415
331179606,0.064453,0.202393,0.971191
331184606,0.060547,0.321777,1.124023
331189606,0.058105,0.238037,0.934082
331194606,0.057373,0.262939,1.020996
331199606,0.192871,0.168213,1.01709
331204606,0.17749,0.135742,1.455566
331209606,0.073975,0.19751,0.926758
331214606,0.0979,0.322021,1.194092
331219606,0.132812,0.296387,1.181152
331224606,0.080811,0.175537,0.918213
331229606,0.131104,0.248291,1.111084
331234606,0.104248,0.198975,0.917236
331239606,0.096924,0.213135,1.018066
331244606,0.064697,0.271973,1.071045
331249606,0.077637,0.236084,1.036133
331254606,0.093506,0.216553,1.019043
331259606,0.072021,0.22168,1.015381
331264606,0.091064,0.212646,0.973389
331269606,0.096191,0.280762,1.150879
331274606,0.111084,0.247314,1.074463
331279606,0.146484,0.194092,0.847412
331284606,0.055176,0.013916,1.516357
331289606,0.001465,0.253174,1.405029
331294606,0.043457,0.196533,1.029785
331299606,0.106201,0.177002,0.967285
331304606,0.067139,0.235107,1.049561
331309606,0.082031,0.251709,1.070068
331314606,0.081055,0.224854,1.022705
331319606,0.06958,0.242432,1.006592
331324606,0.079102,0.234619,0.965332
331329606,0.078857,0.271729,1.066406
331334606,0.087402,0.237793,0.9729
331339606,0.110596,0.234375,1.088379
331344606,0.12085,0.228516,1.068848
331349606,0.12085,0.203125,0.930176
331354606,0.048584,0.268555,1.179199
331359606,0.101563,0.308838,0.920166
331364606,0.244385,0.176025,1.169189
331369606,0.154053,0.154785,1.188721
331374606,0.105713,0.171387,0.991211
331379606,0.087158,0.217529,1.0896
331384606,0.093262,0.212646,0.988037
331389606,0.041748,0.219238,1.068848
331394606,0.100098,0.233643,1.06958
331399606,0.080322,0.200439,0.981201
331404606,0.114258,0.223145,0.965332
331409606,0.105225,0.23291,1.078125
331414606,0.152588,0.243652,1.23877
331419606,0.136963,0.29248,0.767578
331424606,0.052246,0.218994,0.942139
331429606,0.11792,0.199219,1.030273
331434606,0.033936,0.336914,1.179199
331439606,0.094971,0.24707,0.992187
331444606,0.02417,0.347656,1.129639
331449606,0.064697,0.218018,0.921875
331454606,0.110107,0.188232,1.003418
331459606,0.144531,0.217285,1.239746
331464606,0.08252,0.222168,1.091309
331469606,0.105957,0.261963,1.127686
331474606,0.119385,0.233398,1.0979
331479606,0.125,0.219238,1.039063
331484606,0.070801,0.218018,0.99707
331489606,0.108887,0.242187,1.102295
331494606,0.022217,0.151123,0.829346
331499606,0.091064,0.206299,0.989502
331504606,0.118652,0.219238,0.94751
331509606,0.169189,0.286377,1.063232
331514606,0.037842,0.274658,1.002686
331519606,0.015625,0.242432,1.24292
331524606,0.173584,0.050781,1.286621
331529606,0.119385,0.222168,1.012939
331534606,0.049316,0.265137,1.173828
331539606,0.090576,0.241699,1.026611
331544606,0.071533,0.194824,1.040771
331549606,0.074951,0.234619,1.079102
331554606,0.07666,0.209717,1.030273
331559606,0.083496,0.19043,0.940674
331564606,0.053955,0.188477,0.945312
331569606,0.084473,0.163086,1.044189
331574606,0.090332,0.182861,0.915283
331579606,0.067139,0.002441,0.950195
331584606,0.094971,0.242187,1.205078
331589606,0.117432,0.215576,1.150635
331594606,0.11084,0.250977,1.187256
331599606,0.058105,0.246338,1.045654
331604606,0.132324,0.198242,1.032715
331609606,0.093506,0.202148,0.993408
331614606,0.074219,0.183838,0.918701
331619606,0.125488,0.244873,1.036865
331624606,0.118164,0.181885,1.097656
331629606,0.143555,0.230225,1.123535
331634606,0.021729,0.16748,0.998291
331639606,-0.017578,0.161865,0.809326
331644606,0.085937,0.141357,0.775146
331649606,0.067871,0.166992,1.004639
331654606,0.044922,0.227539,1.00708
331659606,0.075195,0.204346,0.91626
331664606,0.095459,0.226074,1.087646
331669606,0.076172,0.217285,0.994629
331674606,0.064941,0.21167,1.008789
331679606,0.072998,0.20166,0.87085
331684606,0.052734,0.141846,0.856934
331689606,-0.015137,0.054199,0.852783
331694606,0.049316,0.136475,0.931641
331699606,-0.012207,0.277588,1.045898
331704606,0.053711,0.313721,1.22168
331709606,0.050049,0.195068,1.074707
331714606,0.168457,0.18042,1.059326
331719606,0.11792,0.218994,1.081543
331724606,0.061279,0.227539,1.016357
331729606,0.063232,0.192871,0.947266
331734606,0.147705,0.22583,1.044434
331739606,0.133057,0.281738,1.230957
331744606,0.037354,0.095947,0.738281
331749606,0.098145,0.188232,0.971191
331754606,0.118896,0.220215,1.062256
331759606,0.136719,0.286865,0.956299
331764606,0.040771,0.188477,0.97168
331769606,0.133545,0.220215,1.020508
331774606,0.110596,0.125977,0.902344
331779606,0.090576,0.188965,0.963623
331784606,0.079834,0.273682,1.124512
331789606,0.089844,0.165283,1.020996
331794606,0.106201,0.218262,1.056641
331799606,0.132324,0.201904,0.982422
331804606,0.123047,0.153564,1.002197
331809606,0.096436,0.218994,1.080322
331814606,0.008301,0.192871,0.791016
331819606,0.045654,0.111816,0.784424
331824606,0.010986,0.15332,0.775391
331829606,0.108643,0.214844,1.089844
331834606,0.098877,0.22168,1.066406
331839606,0.094238,0.226318,1.099365
331844606,0.099854,0.216553,1.012451
331849606,0.128906,0.218506,0.923584
331854606,0.067139,0.477539,1.092285
331859606,0.021729,0.303223,1.099365
331864606,0.092773,0.200928,1.149658
331869606,0.063721,0.196289,0.86377
331874606,0.125977,0.16333,0.837402
331879606,0.13501,0.204834,1.138184
331884606,0.059082,0.259766,1.035156
331889606,0.065186,0.1875,0.794922
331894606,0.074951,0.223633,0.813477
331899606,0.028076,0.210693,1.1604
331904606,0.098877,0.255859,1.160889
331909606,0.137695,0.23291,1.100098
331914606,0.104248,0.214355,1.000977
331919606,0.101563,0.367676,1.093262
331924606,0.073242,0.360107,1.053711
331929606,0.109863,0.25415,1.139404
331934606,0.023926,0.20874,0.955078
331939606,0.116211,0.140625,1.012695
331944606,0.095703,0.233154,1.018799
331949606,0.047119,0.164551,1.008545
331954606,0.117188,0.289307,1.0896
331959606,0.091797,0.197266,0.885254
331964606,-0.017822,0.207764,0.798096
331969606,0.193604,0.1604,1.279785
331974606,0.091064,0.238037,1.155273
331979606,0.062256,0.232178,0.996582
331984606,-0.004883,0.14917,0.776367
331989606,-0.01416,0.143066,0.998291
331994606,0.077881,0.187256,1.030029
331999606,0.109619,0.210937,0.920166
332004606,0.160645,0.203369,1.025146
332009606,0.099609,0.220215,1.070557
332014606,0.091309,0.22583,0.98999
332019606,0.097412,0.204346,1.013184
332024606,0.087158,0.232422,1.011475
332029606,0.089355,0.215332,1.016113
332034606,0.085693,0.22583,1.02832
332039606,0.088867,0.22583,1.023682
332044606,0.101074,0.207031,1.018799
332049606,0.096924,0.214355,1.026855
332054606,0.092773,0.218018,1.024902
332059606,0.092285,0.219482,1.028076
332064606,0.080811,0.227783,1.028076
332069606,0.088623,0.219482,1.018066
332074606,0.094482,0.218994,1.016602
332079606,0.092285,0.219971,1.020508
332084606,0.09375,0.215332,1.024658
332089606,0.095703,0.222168,1.030518
332094606,0.080811,0.224609,1.024902
332099606,0.094482,0.221436,1.022461
332104606,0.087402,0.226807,1.016602
332109606,0.091553,0.222168,1.022217
332114606,0.104248,0.220215,1.024658
332119606,0.088379,0.220459,1.02124
332124606,0.090332,0.218994,1.021729
332129606,0.098145,0.220703,1.021729
332134606,0.085693,0.223145,1.014648
332139606,0.09082,0.221924,1.019775
332144606,0.09082,0.223145,1.020264
332149606,0.085693,0.219727,1.016113
332154606,0.094727,0.217285,1.018555
332159606,0.089844,0.220459,1.026611
332164606,0.088623,0.218262,1.021729
332169606,0.093262,0.220703,1.025146
332174606,0.087158,0.224609,1.026855
332179606,0.089111,0.217773,1.019531
332184606,0.095947,0.218262,1.02417
332189606,0.091797,0.220215,1.021484
332194606,0.090332,0.222168,1.023926
332199606,0.095459,0.21582,1.026855
332204606,0.089111,0.220947,1.023438
332209606,0.091309,0.223145,1.020264
332214606,0.09668,0.219482,1.017334
332219606,0.089111,0.219482,1.025146
332224606,0.09082,0.219971,1.019531
332229606,0.091309,0.217773,1.019775
332234606,0.09082,0.219238,1.023438
332239606,0.095703,0.2146,1.020264
332244606,0.091553,0.220215,1.02124
332249606,0.0896,0.223877,1.015625
332254606,0.094971,0.220215,1.024902
332259606,0.090332,0.22168,1.019287
332264606,0.0896,0.224121,1.022949
332269606,0.090576,0.221924,1.025879
332274606,0.088379,0.220215,1.012695
332279606,0.086914,0.225586,1.022705
332284606,0.090332,0.214355,1.019531
332289606,0.092041,0.216553,1.021973
332294606,0.092529,0.224609,1.024414
332299606,0.092773,0.219727,1.019775
332304606,0.087158,0.218018,1.021973
332309606,0.094238,0.217773,1.024658
332314606,0.091553,0.223389,1.026367
332319606,0.088867,0.220459,1.02124
332324606,0.09082,0.220215,1.014404
332329606,0.087891,0.222412,1.026855
332334606,0.087646,0.216064,1.016357
332339606,0.091309,0.21875,1.018066
332344606,0.093506,0.220459,1.024414
332349606,0.090332,0.221436,1.016113
332354606,0.091553,0.219727,1.024902
332359606,0.086914,0.219238,1.019043
332364606,0.09375,0.218506,1.025391
332369606,0.091064,0.22168,1.016113
332374606,0.089844,0.22168,1.023682
332379606,0.094971,0.219238,1.021973
332384606,0.090576,0.219727,1.028564
332389606,0.089355,0.222656,1.019531
332394606,0.094238,0.223389,1.022949
332399606,0.090332,0.219727,1.021484
332404606,0.085449,0.217529,1.022217
332409606,0.093262,0.2146,1.023926
332414606,0.088623,0.220703,1.022217
332419606,0.090332,0.220947,1.019043
332424606,0.094727,0.216797,1.02124
332429606,0.092529,0.221191,1.024902
332434606,0.092285,0.222412,1.025146
332439606,0.092529,0.223145,1.019287
332444606,0.091309,0.220947,1.018555
332449606,0.091797,0.218262,1.024658
332454606,0.093018,0.217529,1.018311
332459606,0.0896,0.220215,1.025146
332464606,0.094482,0.220947,1.021973
332469606,0.088135,0.222412,1.025635
332474606,0.089355,0.223877,1.021973
332479606,0.09375,0.225098,1.026611
332484606,0.090088,0.225098,1.015869
332489606,0.089355,0.227295,1.021484
332494606,0.091797,0.226074,1.022461
332499606,0.092529,0.217529,1.020508
332504606,0.090088,0.220947,1.018555
332509606,0.093506,0.221436,1.021484
332514606,0.090088,0.222656,1.018555
332519606,0.091553,0.224365,1.025635
332524606,0.091553,0.2229,1.024658
332529606,0.085449,0.223633,1.026611
332534606,0.088623,0.223389,1.015869
332539606,0.088135,0.223633,1.016357
332544606,0.087646,0.22583,1.020752
332549606,0.094727,0.220215,1.019775
332554606,0.092529,0.2229,1.026123
332559606,0.088867,0.216797,1.022705
332564606,0.0896,0.22168,1.020752
332569606,0.087646,0.222168,1.024658
332574606,0.087158,0.219727,1.027832
332579606,0.094238,0.221191,1.02002
332584606,0.091064,0.213867,1.024902
332589606,0.090576,0.22168,1.022461
332594606,0.095947,0.219727,1.019287
332599606,0.087646,0.223145,1.020264
332604606,0.091797,0.219238,1.022217
332609606,0.094727,0.218018,1.021729
332614606,0.092285,0.217773,1.019287
332619606,0.097412,0.218018,1.025146
332624606,0.093262,0.215576,1.021729
332629606,0.092773,0.219971,1.022705
332634606,0.087891,0.219238,1.015625
332639606,0.090332,0.216797,1.023193
332644606,0.094971,0.219238,1.029053
332649606,0.095215,0.219971,1.021729
332654606,0.091797,0.218506,1.024658
332659606,0.092285,0.224854,1.022217
332664606,0.089355,0.2229,1.023438
332669606,0.087402,0.224609,1.030518
332674606,0.091064,0.226562,1.025635
332679606,0.092041,0.223633,1.021484
332684606,0.093506,0.225342,1.019043
332689606,0.092285,0.220215,1.015625
332694606,0.087646,0.221924,1.018555
332699606,0.091553,0.22583,1.024658
332704606,0.091309,0.221436,1.02417
332709606,0.092773,0.223145,1.018555
332714606,0.092773,0.221924,1.018799
332719606,0.088135,0.221436,1.022705
332724606,0.085937,0.218994,1.023682
332729606,0.093506,0.215576,1.019775
332734606,0.093018,0.2146,1.021729
332739606,0.093018,0.220459,1.02002
332744606,0.090088,0.220703,1.015381
332749606,0.091064,0.217041,1.018555
332754606,0.09375,0.219727,1.02002
332759606,0.090332,0.218262,1.023438
332764606,0.090332,0.219727,1.030273
332769606,0.088867,0.220215,1.029785
332774606,0.088135,0.219971,1.022461
332779606,0.093506,0.220947,1.017334
332784606,0.088867,0.222412,1.023682
332789606,0.091064,0.2229,1.022461
332794606,0.093506,0.221924,1.023682
332799606,0.092773,0.220459,1.025391
332804606,0.09375,0.216309,1.023193
332809606,0.093018,0.220703,1.016846
332814606,0.091064,0.221924,1.023438
332819606,0.095215,0.222656,1.019531
332824606,0.091797,0.22168,1.022949
332829606,0.087891,0.220215,1.019775
332834606,0.089355,0.217529,1.022705
332839606,0.088135,0.219727,1.022705
332844606,0.09668,0.215332,1.014648
332849606,0.092041,0.218506,1.028809
332854606,0.090332,0.220703,1.022461
332859606,0.092041,0.220215,1.028564
332864606,0.092529,0.223877,1.02417
332869606,0.09082,0.222656,1.022217
332874606,0.094482,0.221924,1.016602
332879606,0.087158,0.223145,1.016357
332884606,0.092285,0.225342,1.026611
332889606,0.092529,0.227539,1.023926
332894606,0.087646,0.222412,1.022949
332899606,0.092041,0.222656,1.020508
332904606,0.093262,0.225098,1.023193
332909606,0.08667,0.224609,1.023193
332914606,0.092041,0.223389,1.029053
332919606,0.092285,0.221924,1.025391
332924606,0.087891,0.217529,1.015381
332929606,0.092041,0.219727,1.022217
332934606,0.088379,0.216553,1.020996
332939606,0.091309,0.221436,1.017334
332944606,0.092529,0.220703,1.015869
332949606,0.091553,0.220215,1.02002
332954606,0.092773,0.219238,1.019531
332959606,0.091064,0.218994,1.022217
332964606,0.092041,0.217773,1.021729
332969606,0.094482,0.219238,1.021973
332974606,0.093262,0.219971,1.013428
332979606,0.091797,0.220459,1.021729
332984606,0.09082,0.223389,1.026855
332989606,0.088379,0.21875,1.019287
332994606,0.090332,0.21875,1.022705
332999606,0.087158,0.220215,1.027588
333004606,0.088379,0.219971,1.022949
333009606,0.094482,0.219238,1.020996
333014606,0.084961,0.222656,1.021973
333019606,0.090088,0.219727,1.019775
333024606,0.091553,0.222656,1.020264
333029606,0.0896,0.21875,1.025879
333034606,0.093018,0.220215,1.019531
333039606,0.098145,0.219482,1.022217
333044606,0.094727,0.221191,1.019531
333049606,0.092285,0.219238,1.025879
333054606,0.093018,0.223633,1.020996
333059606,0.088867,0.224121,1.019531
333064606,0.090088,0.220947,1.016357
333069606,0.09082,0.225586,1.025391
333074606,0.094482,0.223145,1.020996
333079606,0.091064,0.22168,1.019531
333084606,0.089111,0.221191,1.025146
333089606,0.088867,0.223145,1.021484
333094606,0.085449,0.223145,1.017578
333099606,0.08667,0.217529,1.020508
333104606,0.0896,0.219971,1.02417
333109606,0.090576,0.21875,1.025146
333114606,0.092529,0.217041,1.021729
333119606,0.090576,0.215332,1.025146
333124606,0.089111,0.21875,1.020752
333129606,0.0896,0.218506,1.022949
333134606,0.092041,0.218018,1.015381
333139606,0.092529,0.220459,1.01416
333144606,0.091309,0.22168,1.025391
333149606,0.093994,0.223633,1.019775
333154606,0.09375,0.219727,1.02124
333159606,0.092529,0.219238,1.022705
333164606,0.088867,0.22168,1.02124
333169606,0.094482,0.22168,1.022461
333174606,0.094482,0.222412,1.018311
333179606,0.09082,0.222656,1.021973
333184606,0.091309,0.222168,1.024658
333189606,0.090088,0.220947,1.020264
333194606,0.088623,0.219971,1.022217
333199606,0.090332,0.224854,1.025146
333204606,0.092041,0.218262,1.022949
333209606,0.087158,0.223633,1.025635
333214606,0.094238,0.217529,1.020996
333219606,0.091064,0.220947,1.022949
333224606,0.090332,0.2229,1.02417
333229606,0.090088,0.220703,1.022949
333234606,0.083496,0.218018,1.022949
333239606,0.093994,0.22168,1.026611
333244606,0.089355,0.223633,1.022705
333249606,0.092529,0.224609,1.021484
333254606,0.094971,0.220459,1.024414
333259606,0.089844,0.225342,1.018066
333264606,0.093994,0.220459,1.017334
333269606,0.087891,0.221924,1.019775
333274606,0.091064,0.219238,1.021973
333279606,0.091064,0.220947,1.025391
333284606,0.090332,0.220459,1.020996
333289606,0.088623,0.223145,1.021729
333294606,0.093994,0.222168,1.023438
333299606,0.086426,0.217041,1.021729
333304606,0.091309,0.222168,1.015625
333309606,0.088135,0.2229,1.024658
333314606,0.095215,0.218506,1.023193
333319606,0.091309,0.218994,1.022949
333324606,0.090576,0.220703,1.01709
333329606,0.094482,0.219482,1.022217
333334606,0.096924,0.220459,1.025879
333339606,0.092285,0.219727,1.017822
333344606,0.095459,0.218018,1.021973
333349606,0.092285,0.215332,1.029053
333354606,0.088867,0.223145,1.025879
333359606,0.090576,0.218994,1.016113
333364606,0.092529,0.221191,1.018066
333369606,0.089844,0.223633,1.025879
333374606,0.087891,0.223389,1.021973
333379606,0.084473,0.223389,1.018799
333384606,0.094727,0.223633,1.019287
333389606,0.087402,0.221924,1.023438
333394606,0.086914,0.224365,1.020752
333399606,0.091553,0.222168,1.028564
333404606,0.092773,0.219727,1.02002
333409606,0.092773,0.219482,1.024902
333414606,0.089844,0.220459,1.019531
333419606,0.09375,0.222168,1.020996
333424606,0.094971,0.21582,1.024414
333429606,0.093506,0.220703,1.015381
333434606,0.092041,0.217529,1.017822
333439606,0.090332,0.221191,1.019287
333444606,0.092773,0.22168,1.018555
333449606,0.092285,0.220215,1.018311
333454606,0.091309,0.223389,1.023193
333459606,0.093994,0.223145,1.020996
333464606,0.093994,0.220947,1.018799
333469606,0.087158,0.225586,1.021973
333474606,0.089355,0.221924,1.02417
333479606,0.091309,0.223633,1.027832
333484606,0.089355,0.223877,1.028809
333489606,0.084961,0.227783,1.017578
333494606,0.087402,0.222168,1.031006
333499606,0.088379,0.221436,1.023193
333504606,0.086914,0.223389,1.024658
333509606,0.0896,0.220215,1.02417
333514606,0.091064,0.221436,1.024902
333519606,0.091553,0.221436,1.023926
333524606,0.089844,0.217529,1.019775
333529606,0.091309,0.219482,1.022461
333534606,0.09082,0.220215,1.02002
333539606,0.089844,0.2146,1.019775
333544606,0.094482,0.218506,1.019775
333549606,0.0896,0.221191,1.016357
333554606,0.09375,0.218018,1.020264
333559606,0.095215,0.219727,1.018799
333564606,0.093018,0.220459,1.01709
333569606,0.092529,0.218262,1.01709
333574606,0.089844,0.218506,1.024902
333579606,0.088623,0.219238,1.025146
333584606,0.091309,0.217529,1.017578
333589606,0.088867,0.225342,1.028076
333594606,0.090576,0.2229,1.023926
333599606,0.088135,0.223633,1.023193
333604606,0.087402,0.216309,1.021484
333609606,0.089111,0.225342,1.020508
333614606,0.090332,0.222412,1.021484
333619606,0.093262,0.220459,1.026123
333624606,0.09375,0.218506,1.029053
333629606,0.094971,0.218262,1.02002
333634606,0.090576,0.218506,1.025146
333639606,0.091797,0.217041,1.015625
333644606,0.092529,0.218994,1.020264
333649606,0.092041,0.220215,1.02124
333654606,0.094971,0.220947,1.017334
333659606,0.092773,0.219727,1.019775
333664606,0.094727,0.222656,1.014404
333669606,0.092041,0.218506,1.026123
333674606,0.094971,0.22168,1.022217
333679606,0.091553,0.223389,1.023438
333684606,0.089355,0.222412,1.024658
333689606,0.092773,0.223389,1.019287
333694606,0.09082,0.221191,1.023193
333699606,0.088379,0.222168,1.025635
333704606,0.087646,0.223877,1.020264
333709606,0.091309,0.221436,1.025391
333714606,0.088867,0.221191,1.022217
333719606,0.092285,0.222656,1.023926
333724606,0.090576,0.217285,1.020996
333729606,0.09375,0.219971,1.017822
333734606,0.093018,0.220459,1.015625
333739606,0.088623,0.217773,1.0271
333744606,0.093506,0.213623,1.027588
333749606,0.094971,0.219727,1.025635
333754606,0.096924,0.220459,1.027588
333759606,0.09375,0.217529,1.018799
333764606,0.090088,0.217529,1.019287
333769606,0.091309,0.218506,1.020752
333774606,0.095215,0.219971,1.017334
333779606,0.09082,0.223145,1.021973
333784606,0.089355,0.219971,1.02124
333789606,0.091064,0.219971,1.027588
333794606,0.09082,0.222412,1.025146
333799606,0.088379,0.222656,1.021484
333804606,0.091553,0.21582,1.020996
333809606,0.090576,0.220215,1.023193
333814606,0.089111,0.216309,1.022217
333819606,0.087891,0.218994,1.025146
333824606,0.094238,0.223145,1.023926
333829606,0.092041,0.222168,1.024658
333834606,0.09082,0.221436,1.022949
333839606,0.092041,0.219971,1.016846
333844606,0.090088,0.224121,1.023926
333849606,0.093994,0.225586,1.020508
333854606,0.092529,0.219482,1.021973
333859606,0.091309,0.22168,1.026611
333864606,0.088623,0.222656,1.022217
333869606,0.090088,0.220947,1.02124
333874606,0.087891,0.223877,1.026855
333879606,0.085937,0.21875,1.022461
333884606,0.09082,0.220215,1.021729
333889606,0.091064,0.220459,1.018311
333894606,0.087158,0.220459,1.023193
333899606,0.087402,0.221191,1.021973
333904606,0.091797,0.222412,1.0271
333909606,0.088623,0.2229,1.025146
333914606,0.090576,0.218994,1.020996
333919606,0.093262,0.22168,1.024902
333924606,0.092773,0.223145,1.029053
333929606,0.089844,0.218994,1.016357
333934606,0.090088,0.216309,1.018066
333939606,0.089111,0.219971,1.019043
333944606,0.094971,0.220215,1.032227
333949606,0.091797,0.219482,1.019775
333954606,0.093506,0.219971,1.021973
333959606,0.092529,0.216797,1.021973
333964606,0.0896,0.217285,1.02002
333969606,0.09082,0.217529,1.024414
333974606,0.087646,0.219238,1.019531
333979606,0.088623,0.219971,1.022217
333984606,0.092285,0.220703,1.0354
333989606,0.092773,0.22168,1.021484
333994606,0.094238,0.219238,1.023682
333999606,0.090576,0.217529,1.020508
334004606,0.089111,0.219482,1.017334
334009606,0.092529,0.223145,1.027832
334014606,0.089844,0.222656,1.020264
334019606,0.091309,0.220703,1.022705
334024606,0.094727,0.223389,1.026123
334029606,0.093262,0.224365,1.025879
334034606,0.090576,0.221924,1.026123
334039606,0.09082,0.222412,1.018311
334044606,0.091797,0.223633,1.019043
334049606,0.088135,0.21875,1.023682
334054606,0.0896,0.216553,1.021729
334059606,0.091553,0.219482,1.019775
334064606,0.091064,0.219971,1.015137
334069606,0.091553,0.2229,1.019531
334074606,0.088623,0.222412,1.02002
334079606,0.092529,0.224121,1.023438
334084606,0.09375,0.219727,1.025635
334089606,0.090576,0.226318,1.027832
334094606,0.089111,0.222656,1.024658
334099606,0.097656,0.22168,1.025635
334104606,0.092773,0.219727,1.02124
334109606,0.091797,0.219727,1.018066
334114606,0.092773,0.221436,1.026855
334119606,0.094238,0.219971,1.017334
334124606,0.088135,0.217529,1.02417
334129606,0.091309,0.217285,1.023193
334134606,0.091553,0.219971,1.01709
334139606,0.092041,0.21875,1.02417
334144606,0.091309,0.219238,1.02832
334149606,0.087402,0.223877,1.020264
334154606,0.087891,0.223145,1.020996
334159606,0.091553,0.224854,1.022217
334164606,0.092529,0.223633,1.022461
334169606,0.089844,0.218994,1.0271
334174606,0.089111,0.223389,1.022705
334179606,0.090088,0.218262,1.026855
334184606,0.092529,0.224854,1.023438
334189606,0.092285,0.219482,1.019043
334194606,0.091064,0.221436,1.02417
334199606,0.095459,0.221436,1.023193
334204606,0.091309,0.216309,1.030762
334209606,0.094482,0.216064,1.023926
334214606,0.095459,0.220947,1.018799
334219606,0.093262,0.218994,1.020264
334224606,0.093262,0.217285,1.02124
334229606,0.094971,0.220947,1.025146
334234606,0.093018,0.220947,1.029541
334239606,0.088135,0.219727,1.024658
334244606,0.089844,0.222168,1.019043
334249606,0.091309,0.224365,1.015381
334254606,0.088867,0.227783,1.02002
334259606,0.0896,0.222412,1.019775
334264606,0.088867,0.223633,1.027344
334269606,0.089355,0.223389,1.025879
334274606,0.088135,0.2229,1.029541
334279606,0.087402,0.226562,1.024902
334284606,0.089844,0.225098,1.032471
334289606,0.091553,0.219971,1.023438
334294606,0.092773,0.222656,1.029541
334299606,0.087646,0.224854,1.025391
334304606,0.0896,0.221924,1.022705
334309606,0.088867,0.221191,1.033936
334314606,0.095703,0.21875,1.026123
334319606,0.092285,0.218018,1.0271
334324606,0.091309,0.218994,1.025635
334329606,0.09375,0.21875,1.024658
334334606,0.091064,0.21875,1.0271
334339606,0.092285,0.219238,1.020264
334344606,0.09668,0.221191,1.015137
334349606,0.092041,0.217773,1.02124
334354606,0.089844,0.218994,1.019287
334359606,0.091309,0.220459,1.020996
334364606,0.092773,0.22168,1.018555
334369606,0.095215,0.217285,1.030273
334374606,0.086914,0.224365,1.022217
334379606,0.091797,0.218018,1.025635
334384606,0.091553,0.222656,1.023193
334389606,0.0896,0.223877,1.024902
334394606,0.091309,0.225342,1.021973
334399606,0.089844,0.220703,1.024414
334404606,0.087891,0.223877,1.024414
334409606,0.090088,0.220459,1.017578
334414606,0.091064,0.220703,1.025391
334419606,0.086914,0.21875,1.018066
334424606,0.091553,0.223145,1.02002
334429606,0.090576,0.220459,1.017334
334434606,0.092041,0.222412,1.022705
334439606,0.09082,0.222656,1.028564
334444606,0.088379,0.216309,1.02124
334449606,0.099121,0.220947,1.020264
334454606,0.092529,0.219238,1.021729
334459606,0.090332,0.217285,1.018311
334464606,0.089844,0.224121,1.018799
334469606,0.091797,0.225586,1.024414
334474606,0.0896,0.224121,1.022217
334479606,0.09082,0.223389,1.017822
334484606,0.09082,0.221191,1.024658
334489606,0.09668,0.223877,1.025391
334494606,0.092285,0.220947,1.022949
334499606,0.088379,0.223389,1.027588
334504606,0.088623,0.223633,1.027344
334509606,0.087402,0.222412,1.023193
334514606,0.091309,0.220215,1.026123
334519606,0.088623,0.220459,1.026611
334524606,0.091064,0.219482,1.027344
334529606,0.093506,0.222412,1.031006
334534606,0.09375,0.222168,1.031494
334539606,0.090332,0.218262,1.018311
334544606,0.093018,0.215576,1.02124
334549606,0.094238,0.216309,1.017822
334554606,0.093262,0.215088,1.020996
334559606,0.091064,0.219482,1.015869
334564606,0.094238,0.217041,1.021729
334569606,0.089844,0.220947,1.021729
334574606,0.090332,0.223877,1.028076
334579606,0.087646,0.219971,1.028076
334584606,0.091553,0.220947,1.023682
334589606,0.095215,0.215332,1.023926
334594606,0.093262,0.218262,1.024658
334599606,0.093018,0.218994,1.021484
334604606,0.091309,0.219727,1.018555
334609606,0.0896,0.226074,1.022949
334614606,0.090088,0.222168,1.020264
334619606,0.090332,0.226318,1.021973
334624606,0.088867,0.225098,1.028564
334629606,0.091553,0.223389,1.021729
334634606,0.0896,0.222656,1.027588
334639606,0.090576,0.22168,1.0271
334644606,0.095215,0.220703,1.022949
334649606,0.09082,0.222656,1.019531
334654606,0.093018,0.219971,1.023193
334659606,0.089111,0.222656,1.019531
334664606,0.0896,0.219727,1.018066
334669606,0.089111,0.22168,1.016846
334674606,0.093262,0.223633,1.020996
334679606,0.093018,0.219971,1.031494
334684606,0.092773,0.22168,1.020264
334689606,0.090576,0.221924,1.026123
334694606,0.091553,0.2229,1.01709
334699606,0.089844,0.220703,1.019775
334704606,0.092773,0.226562,1.018311
334709606,0.091553,0.217529,1.018555
334714606,0.089844,0.224854,1.019531
334719606,0.092285,0.224121,1.025146
334724606,0.085937,0.222656,1.013672
334729606,0.091064,0.224121,1.02417
334734606,0.09082,0.222168,1.019775
334739606,0.088867,0.223389,1.033691
334744606,0.0896,0.21875,1.026123
334749606,0.088135,0.222412,1.019531
334754606,0.088379,0.219727,1.026367
334759606,-0.710449,2.530029,3.999878
334764606,-2.371338,2.067139,3.918701
334769606,-0.823486,2.201416,3.999878
334774606,-1.552734,0.424316,-0.857178
334779606,-0.074707,0.614014,1.833984
334784606,-0.110352,0.47876,1.300781
334789606,-0.72998,0.975586,1.072754
334794606,0.498291,0.723633,1.771973
334799606,0.032227,0.364746,0.97583
334804606,0.135986,0.126465,0.793457
334809606,0.047607,0.164062,1.013916
334814606,0.035645,0.559814,3.999878
334819606,-1.460205,0.31958,-0.495361
334824606,0.163574,0.134277,0.940186
334829606,-0.07959,0.243896,1.147705
334834606,0.087891,0.288574,1.001465
334839606,0.048096,0.103516,0.91626
334844606,0.117188,0.228027,0.998535
334849606,0.046631,0.152588,0.997803
334854606,-0.713867,1.213623,3.210449
334859606,0.10498,0.970703,1.458252
334864606,0.130859,0.258789,0.880859
334869606,0.110107,0.087402,0.795654
334874606,0.164551,0.22168,0.977051
334879606,0.138916,0.267334,1.182617
334884606,-0.036621,0.250977,0.988525
334889606,0.084717,0.273193,0.889893
334894606,0.216797,0.19458,0.917236
334899606,0.148437,0.223145,1.355225
334904606,0.101563,0.202393,0.9104
334909606,0.144775,0.208008,1.093262
334914606,-0.022217,0.196777,1.02417
334919606,0.054443,0.234131,0.949219
334924606,0.052734,0.247559,0.911133
334929606,0.105225,0.229248,1.006104
334934606,0.085693,0.19751,0.997559
334939606,0.105713,0.184082,1.032471
334944606,0.127441,0.202148,0.947754
334949606,0.078125,0.262939,1.057129
334954606,0.038818,0.235352,0.937256
334959606,0.059326,0.241211,0.955322
334964606,0.121582,0.202881,1.055176
334969606,0.098877,0.218506,0.9729
334974606,0.116211,0.228027,1.040039
334979606,0.079834,0.231934,1.021973
334984606,0.115723,0.254395,0.998779
334989606,0.024658,0.237305,0.92627
334994606,0.102051,0.229248,1.057129
334999606,0.098145,0.20874,1.016357
335004606,0.086914,0.21582,1.022461
335009606,0.085449,0.222412,1.003662
335014606,0.081055,0.227539,0.999512
335019606,0.080078,0.223145,0.941162
335024606,0.090332,0.231445,1.027588
335029606,0.094971,0.220703,1.033691
335034606,0.092285,0.205811,1.029297
335039606,0.082031,0.212402,0.974365
335044606,0.088379,0.208984,0.984375
335049606,0.106689,0.225342,1.029297
335054606,0.093994,0.236816,1.035645
335059606,0.079834,0.234131,1.022949
335064606,0.082275,0.22876,1.009766
335069606,0.074951,0.217285,1.002441
335074606,0.081543,0.20874,0.978271
335079606,0.093262,0.219727,1.001221
335084606,0.093994,0.22998,1.045898
335089606,0.08252,0.239746,1.048828
335094606,0.078857,0.233887,1.043457
335099606,0.082275,0.226074,1.013428
335104606,0.096436,0.215576,1.002197
335109606,0.095459,0.206543,1.005127
335114606,0.095703,0.217041,1.042969
335119606,0.099854,0.228271,1.053223
335124606,0.087891,0.227783,1.032471
335129606,0.090332,0.22583,1.030273
335134606,0.092041,0.216553,1.012939
335139606,0.093262,0.213867,1.011719
335144606,0.098145,0.212402,1.020752
335149606,0.095459,0.218262,1.0354
335154606,0.092529,0.22168,1.029297
335159606,0.088867,0.221436,1.016846
335164606,0.093262,0.227783,1.031738
335169606,0.083984,0.223633,1.008301
335174606,0.099854,0.215576,1.008301
335179606,0.090088,0.220459,1.037354
335184606,0.098145,0.229248,1.053467
335189606,0.083984,0.208008,0.988281
335194606,0.088867,0.216064,0.995361
335199606,0.088867,0.245361,1.051514
335204606,0.087402,0.228027,1.015869
335209606,0.093994,0.212646,0.992432
335214606,0.086914,0.218506,1.025635
335219606,0.102539,0.226318,1.068115
335224606,0.080566,0.216309,0.999023
335229606,0.093994,0.217529,0.997559
335234606,0.07959,0.236084,1.048828
335239606,0.092041,0.227051,1.032471
335244606,0.099121,0.217529,1.018555
335249606,0.07373,0.217529,1.008057
335254606,0.104736,0.212402,1.008789
335259606,0.089844,0.215576,1.036621
335264606,0.086182,0.236328,1.025146
335269606,0.098633,0.217041,1.00708
335274606,0.08667,0.224609,1.025879
335279606,0.095459,0.224365,1.019287
335284606,0.096924,0.211182,1.010742
335289606,0.090332,0.227783,1.021973
335294606,0.093994,0.215088,1.007324
335299606,0.09375,0.223633,1.030029
335304606,0.083984,0.234131,1.02832
335309606,0.087646,0.214111,1.022461
335314606,0.087891,0.22998,1.023193
335319606,0.095703,0.218262,1.019531
335324606,0.090576,0.214355,1.012695
335329606,0.087891,0.224121,1.013428
335334606,0.086914,0.220459,1.031738
335339606,0.087646,0.229248,1.023438
335344606,0.082764,0.223877,1.02124
335349606,0.092773,0.217529,1.015869
335354606,0.091553,0.226562,1.02002
335359606,0.094238,0.219727,1.018066
335364606,0.095459,0.219238,1.024414
335369606,0.087158,0.227051,1.029541
335374606,0.089111,0.219482,1.025635
335379606,0.090088,0.22876,1.01709
335384606,0.088135,0.220215,1.015625
335389606,0.08667,0.21582,1.018066
335394606,0.094238,0.223633,1.020508
335399606,0.092285,0.21875,1.026123
335404606,0.08667,0.223877,1.025879
335409606,0.088379,0.225342,1.018066
335414606,0.09082,0.220703,1.019775
335419606,0.08667,0.22168,1.019043
335424606,0.09375,0.223877,1.026611
335429606,0.091309,0.223145,1.023926
335434606,0.087402,0.226074,1.028564
335439606,0.097656,0.222412,1.017334
335444606,0.085205,0.222168,1.011963
335449606,0.091309,0.221436,1.019043
335454606,0.090332,0.223145,1.0271
335459606,0.090332,0.221924,1.02417
335464606,0.091064,0.218506,1.018555
335469606,0.092529,0.224365,1.014893
335474606,0.088379,0.225098,1.020264
335479606,0.090576,0.227783,1.026611
335484606,0.090576,0.22583,1.021973
335489606,0.089111,0.227051,1.019775
335494606,0.087891,0.220947,1.022461
335499606,0.090332,0.222168,1.022705
335504606,0.090332,0.223389,1.015625
335509606,0.091553,0.224854,1.01709
335514606,0.09082,0.22876,1.02832
335519606,0.091797,0.219971,1.024658
335524606,0.088867,0.215332,1.019775
335529606,0.085937,0.217529,1.015137
335534606,0.095947,0.222168,1.033447
335539606,0.092041,0.227051,1.014648
335544606,0.092529,0.216064,1.003418
335549606,0.088379,0.226318,1.021484
335554606,0.086914,0.227051,1.02832
335559606,0.093994,0.2229,1.021484
335564606,0.089355,0.224854,1.018799
335569606,0.087646,0.222656,1.020996
335574606,0.092529,0.221924,1.021973
335579606,0.093018,0.227295,1.027588
335584606,0.091309,0.222168,1.016602
335589606,0.087402,0.226318,1.022461
335594606,0.089355,0.220947,1.015137
335599606,0.091309,0.222656,1.022949
335604606,0.093262,0.222168,1.026611
335609606,0.089844,0.222656,1.026611
335614606,0.09082,0.225586,1.029541
335619606,0.086182,0.232178,1.022705
335624606,0.094971,0.220703,1.013672
335629606,0.088623,0.220947,1.023682
335634606,0.087402,0.219971,1.021973
335639606,0.091309,0.218994,1.02417
335644606,0.087158,0.226807,1.021729
335649606,0.0896,0.221436,1.028809
335654606,0.08667,0.223145,1.025635
335659606,0.088135,0.22168,1.022461
335664606,0.09082,0.220459,1.02002
335669606,0.089844,0.220459,1.020752
335674606,0.092285,0.219971,1.02124
335679606,0.096436,0.22168,1.016846
335684606,0.093018,0.222656,1.017578
335689606,0.09082,0.219971,1.021973
335694606,0.088867,0.226074,1.030029
335699606,0.091553,0.222168,1.026367
335704606,0.089844,0.221436,1.025391
335709606,0.089111,0.2229,1.023682
335714606,0.093018,0.216797,1.022461
335719606,0.088623,0.228516,1.020508
335724606,0.090332,0.222656,1.027832
335729606,0.091309,0.220459,1.026855
335734606,0.090088,0.220947,1.017822
335739606,0.090088,0.218506,1.017334
335744606,0.092529,0.2229,1.014404
335749606,0.089111,0.223389,1.022217
335754606,0.08667,0.224854,1.018799
335759606,0.092529,0.219727,1.027832
335764606,0.094482,0.221436,1.021484
335769606,0.089844,0.219727,1.025391
335774606,0.090332,0.223633,1.021973
335779606,0.087646,0.225098,1.018799
335784606,0.09082,0.227295,1.028076
335789606,0.088623,0.218506,1.027588
335794606,0.087402,0.223145,1.019775
335799606,0.088623,0.226318,1.01709
335804606,0.087891,0.219727,1.023682
335809606,0.093262,0.217529,1.023193
335814606,0.091553,0.217773,1.017334
335819606,0.091553,0.218262,1.019531
335824606,0.094482,0.217285,1.018555
335829606,0.091553,0.215332,1.022461
335834606,0.091309,0.220459,1.020752
335839606,0.091309,0.223633,1.018555
335844606,0.088623,0.22168,1.023682
335849606,0.091309,0.22876,1.022217
335854606,0.088867,0.224609,1.01709
335859606,0.08252,0.227539,1.023438
335864606,0.085449,0.229736,1.024902
335869606,0.089111,0.230713,1.022705
335874606,0.090576,0.221924,1.019775
335879606,0.091064,0.220947,1.02417
335884606,0.088623,0.221191,1.02002
335889606,0.085693,0.224121,1.026123
335894606,0.089355,0.224854,1.032471
335899606,0.088623,0.222412,1.028564
335904606,0.089355,0.217041,1.012451
335909606,0.089111,0.221924,1.019043
335914606,0.09082,0.220947,1.015381
335919606,0.093018,0.221924,1.02002
335924606,0.092285,0.221191,1.025146
335929606,0.088379,0.223877,1.020752
335934606,0.089111,0.225342,1.021484
335939606,0.091553,0.222412,1.028809
335944606,0.089111,0.22583,1.025635
335949606,0.087891,0.22168,1.021484
335954606,0.087646,0.223633,1.021973
335959606,0.0896,0.225586,1.030518
335964606,0.092041,0.223389,1.010498
335969606,0.087646,0.224854,1.022461
335974606,0.087158,0.225586,1.019531
335979606,0.088623,0.224609,1.02124
335984606,0.091064,0.221436,1.021729
335989606,0.091553,0.224121,1.030762
335994606,0.091064,0.226074,1.02832
335999606,0.092529,0.226318,1.023193
336004606,0.087891,0.223389,1.006836
336009606,0.087891,0.225342,1.025635
336014606,0.089844,0.224609,1.024414
336019606,0.087891,0.222656,1.022461
336024606,0.084473,0.220215,1.011963
336029606,0.090332,0.2229,1.018799
336034606,0.0896,0.228516,1.032227
336039606,0.091309,0.229736,1.031494
336044606,0.086914,0.225586,1.028076
336049606,0.088867,0.220703,1.021484
336054606,0.093994,0.223389,1.026367
336059606,0.091309,0.222412,1.024902
336064606,0.094238,0.221436,1.025146
336069606,0.087158,0.219238,1.023926
336074606,0.087158,0.221191,1.023926
336079606,0.092529,0.220459,1.01709
336084606,0.092041,0.22168,1.015869
336089606,0.087891,0.218018,1.013672
336094606,0.09082,0.224365,1.02417
336099606,0.087646,0.225098,1.022705
336104606,0.090576,0.219727,1.011963
336109606,0.090332,0.223389,1.014648
336114606,0.089355,0.222412,1.016113
336119606,0.0896,0.221436,1.02417
336124606,0.089355,0.223145,1.022949
336129606,0.090088,0.223145,1.02124
336134606,0.088135,0.223145,1.017578
336139606,0.088867,0.21875,1.023926
336144606,0.090576,0.222412,1.016113
336149606,0.09375,0.222656,1.029297
336154606,0.090088,0.223877,1.028076
336159606,0.0896,0.217529,1.027832
336164606,0.093262,0.217041,1.017578
336169606,0.088623,0.220215,1.018066
336174606,0.093506,0.224365,1.02417
336179606,0.0896,0.224121,1.016846
336184606,0.091797,0.225586,1.02124
336189606,0.087646,0.221436,1.019531
336194606,0.092773,0.218994,1.024658
336199606,0.087646,0.220947,1.027588
336204606,0.091064,0.21875,1.026855
336209606,0.091797,0.220459,1.026855
336214606,0.089355,0.220703,1.024414
336219606,0.091553,0.221924,1.016846
336224606,0.095459,0.220947,1.022705
336229606,0.094238,0.221191,1.027588
336234606,0.094482,0.222656,1.027832
336239606,0.096924,0.223145,1.029053
336244606,0.090332,0.223145,1.023193
336249606,0.089844,0.2229,1.019043
336254606,0.090332,0.227539,1.020752
336259606,0.090576,0.225586,1.022949
336264606,0.087891,0.224365,1.029541
336269606,0.092285,0.22168,1.031494
336274606,0.0896,0.22168,1.021729
336279606,0.089111,0.224121,1.027832
336284606,0.087891,0.224365,1.026855
336289606,0.0896,0.221191,1.020508
336294606,0.091797,0.222168,1.022949
336299606,0.092529,0.221436,1.019775
336304606,0.088623,0.224854,1.01709
336309606,0.089844,0.226074,1.017578
336314606,0.090332,0.223145,1.02124
336319606,0.095215,0.223633,1.025635
336324606,0.09375,0.221436,1.027588
336329606,0.086182,0.221436,1.025391
336334606,0.092285,0.219482,1.022217
336339606,0.087158,0.222412,1.019775
336344606,0.091309,0.221924,1.025391
336349606,0.092041,0.22168,1.025879
336354606,0.091553,0.220703,1.025146
336359606,0.095947,0.22168,1.017578
336364606,0.090088,0.216553,1.018066
336369606,0.091064,0.22168,1.018799
336374606,0.091553,0.226074,1.017578
336379606,0.091553,0.220947,1.023193
336384606,0.096924,0.217285,1.02417
336389606,0.092529,0.225586,1.018799
336394606,0.091797,0.220947,1.021484
336399606,0.093262,0.22583,1.018799
336404606,0.091309,0.223389,1.018066
336409606,0.087891,0.221924,1.020264
336414606,0.09375,0.22876,1.021729
336419606,0.088379,0.222168,1.023438
336424606,0.091309,0.221436,1.022705
336429606,0.087646,0.221924,1.021484
336434606,0.089111,0.21875,1.016113
336439606,0.088379,0.222168,1.016113
336444606,0.091797,0.223633,1.022461
336449606,0.088379,0.224365,1.02002
336454606,0.097656,0.220459,1.019531
336459606,0.090088,0.223877,1.029297
336464606,0.092285,0.223633,1.024658
336469606,0.09375,0.220947,1.024414
336474606,0.092041,0.222656,1.029785
336479606,0.093018,0.219482,1.026611
336484606,0.090576,0.221191,1.02002
336489606,0.091064,0.222412,1.015137
336494606,0.091553,0.221191,1.020264
336499606,0.090576,0.222168,1.016846
336504606,0.090332,0.221436,1.021484
336509606,0.086182,0.223389,1.023438
336514606,0.086426,0.221436,1.023193
336519606,0.090088,0.222168,1.023193
336524606,0.088135,0.217529,1.021729
336529606,0.091064,0.222412,1.021973
336534606,0.090332,0.222168,1.032227
336539606,0.088867,0.222656,1.029541
336544606,0.088867,0.220459,1.0271
336549606,0.093262,0.229004,1.024414
336554606,0.087646,0.221191,1.016602
336559606,0.092773,0.220947,1.023438
336564606,0.0896,0.224365,1.019775
336569606,0.087402,0.224609,1.015625
336574606,0.093994,0.222656,1.025391
336579606,0.086914,0.219971,1.019043
336584606,0.091553,0.220703,1.020752
336589606,0.092041,0.224121,1.023682
336594606,0.0896,0.220947,1.023193
336599606,0.093262,0.223145,1.02417
336604606,0.094727,0.224854,1.028076
336609606,0.091797,0.221436,1.022217
336614606,0.0896,0.222656,1.031738
336619606,0.0896,0.224854,1.024658
336624606,0.088379,0.223145,1.015137
336629606,0.090088,0.223633,1.027588
336634606,0.090332,0.223145,1.023193
336639606,0.091553,0.2229,1.022949
336644606,0.089111,0.223633,1.021484
336649606,0.088135,0.220215,1.018066
336654606,0.095215,0.223145,1.030029
336659606,0.087158,0.216553,1.020264
336664606,0.088623,0.226807,1.018311
336669606,0.09082,0.220703,1.022949
336674606,0.091064,0.22168,1.021729
336679606,0.090576,0.225342,1.022705
336684606,0.091553,0.22168,1.022949
336689606,0.089111,0.222412,1.022949
336694606,0.090332,0.22583,1.020996
336699606,0.093018,0.220947,1.025879
336704606,0.086426,0.224365,1.027832
336709606,0.091064,0.224854,1.024658
336714606,0.090332,0.223145,1.019775
336719606,0.091309,0.2229,1.02417
336724606,0.090088,0.222168,1.017578
336729606,0.089844,0.219482,1.016602
336734606,0.089111,0.222412,1.022705
336739606,0.089355,0.224121,1.015869
336744606,0.091064,0.222168,1.02124
336749606,0.098145,0.223389,1.023193
336754606,0.090332,0.222168,1.018799
336759606,0.094971,0.221924,1.019531
336764606,0.092773,0.219971,1.018799
336769606,0.0896,0.228271,1.023926
336774606,0.091309,0.220703,1.021973
336779606,0.09082,0.219482,1.018799
336784606,0.087891,0.221191,1.019531
336789606,0.090576,0.223145,1.018555
336794606,0.089355,0.224609,1.022705
336799606,0.089844,0.2229,1.018799
336804606,0.09082,0.223145,1.023438
336809606,0.087646,0.2229,1.020264
336814606,0.088623,0.225342,1.028076
336819606,0.088623,0.223389,1.023193
336824606,0.090332,0.223633,1.022705
336829606,0.092773,0.222168,1.019287
336834606,0.090332,0.219727,1.023926
336839606,0.0896,0.220459,1.022217
336844606,0.095947,0.221191,1.016113
336849606,0.085693,0.219238,1.017334
336854606,0.092041,0.22168,1.023193
336859606,0.092529,0.216797,1.024902
336864606,0.09082,0.221436,1.022461
336869606,0.089844,0.222168,1.019043
336874606,0.088135,0.227783,1.023438
336879606,0.086426,0.225586,1.021729
336884606,0.092285,0.2229,1.021729
336889606,0.084961,0.226562,1.017822
336894606,0.0896,0.223145,1.017578
336899606,0.087646,0.222412,1.015869
336904606,0.090088,0.224609,1.022705
336909606,3.139893,-0.116699,3.999878
336914606,-1.924805,0.517334,0.539307
336919606,-0.169434,-0.060547,-3.115967
336924606,0.272217,2.346924,-0.025146
336929606,0.016602,2.094482,0.748779
336934606,-0.17041,0.237061,1.405762
336939606,0.004883,0.270996,0.564453
336944606,-0.147705,0.310059,0.781738
336949606,0.292236,0.25708,1.056641
336954606,0.133545,0.16626,0.975098
336959606,0.251221,0.192139,1.014893
336964606,0.070068,0.223389,1.159912
336969606,0.001221,0.273193,0.963135
336974606,0.079834,0.271484,1.100342
336979606,0.079346,0.236816,0.993896
336984606,0.10083,0.190918,0.977783
336989606,0.127197,0.177979,0.992432
336994606,-0.922852,1.904053,0.905762
336999606,-0.617187,2.545898,0.35498
337004606,0.157715,1.240967,0.909668
337009606,-0.222656,0.26709,0.923096
337014606,0.114258,0.188232,0.950439
337019606,0.07959,0.197998,1.003418
337024606,0.112549,0.205811,0.954102
337029606,0.11792,0.254395,1.07251
337034606,0.071289,0.268066,1.111572
337039606,0.115479,0.253906,1.08252
337044606,0.094727,0.198242,1.030518
337049606,0.078125,0.184082,0.938965
337054606,0.081787,0.222656,0.970459
337059606,0.07959,0.23291,1.033203
337064606,0.102295,0.249268,1.063721
337069606,0.080811,0.203857,0.973389
337074606,0.168945,0.18335,0.859619
337079606,-0.029297,0.251709,1.246582
337084606,0.143799,0.273438,1.001465
337089606,0.095947,0.216064,0.979004
337094606,0.034668,0.216553,0.934326
337099606,0.093262,0.183105,1.01123
337104606,0.097168,0.179932,0.937988
337109606,0.061523,0.247803,1.028564
337114606,0.065674,0.248291,1.04126
337119606,0.092529,0.234375,1.019043
337124606,0.111816,0.233398,1.055664
337129606,0.090088,0.216797,1.058838
337134606,0.100586,0.235107,1.020752
337139606,0.056885,0.220459,0.94751
337144606,-0.013672,0.148193,0.851807
337149606,0.115479,0.155029,1.015869
337154606,0.127441,0.240234,1.160645
337159606,0.04541,0.242432,1.084473
337164606,0.060303,0.204102,0.973389
337169606,0.123779,0.239014,1.070801
337174606,0.078369,0.197021,0.961426
337179606,0.059814,0.241699,0.990234
337184606,0.078613,0.242432,1.056152
337189606,0.109131,0.235107,1.042725
337194606,0.044434,0.225586,0.993164
337199606,0.047607,0.187012,0.922119
337204606,0.121338,0.219238,0.993408
337209606,0.09375,0.195068,1.007324
337214606,0.223145,0.290527,1.14502
337219606,0.111572,0.239502,1.114746
337224606,0.019287,0.210449,0.978516
337229606,0.09668,0.230713,1.08252
337234606,0.086914,0.224121,1.00415
337239606,0.070312,0.204346,0.968994
337244606,0.116943,0.220459,1.046631
337249606,0.09082,0.236572,1.043457
337254606,0.071045,0.223145,1.025635
337259606,0.103516,0.240479,1.03418
337264606,-0.114258,0.226074,1.51709
337269606,0.069336,0.341064,1.220215
337274606,0.083008,0.234375,1.016357
337279606,0.091064,0.216553,1.074951
337284606,0.080811,0.242432,1.037109
337289606,0.081787,0.214844,1.020508
337294606,0.096436,0.22876,1.01709
337299606,0.088623,0.223633,0.968994
337304606,0.121582,0.246826,1.133057
337309606,0.016113,0.224121,1.264893
337314606,0.059814,0.187256,1.078125
337319606,0.073486,0.199707,1.025635
337324606,0.103027,0.243164,1.053467
337329606,0.116455,0.230469,1.048096
337334606,0.115967,0.203857,0.945801
337339606,0.12207,0.21875,1.005859
337344606,0.053711,0.23291,1.035645
337349606,0.170166,0.23291,1.163086
337354606,0.061035,0.265381,1.361328
337359606,0.125977,0.236816,1.155518
337364606,0.153809,0.187744,0.850098
337369606,0.118896,0.211182,1.069824
337374606,0.077148,0.202393,0.971436
337379606,0.093018,0.226562,1.008057
337384606,0.070312,0.224121,1.038818
337389606,0.015381,0.188477,0.979736
337394606,0.147705,0.218994,1.014404
337399606,0.099609,0.233887,1.052246
337404606,0.064941,0.220215,1.070313
337409606,0.071045,0.232422,1.018555
337414606,0.113281,0.184326,1.07959
337419606,0.066895,0.22168,0.989502
337424606,0.13501,0.213623,0.963623
337429606,0.009033,0.204102,0.82373
337434606,0.086914,0.237793,1.061279
337439606,0.141602,0.196045,1.051514
337444606,0.070557,0.22998,1.059814
337449606,0.112793,0.229248,1.054688
337454606,0.090088,0.216064,1.01709
337459606,0.083984,0.222168,1.028564
337464606,0.097168,0.216797,1.01709
337469606,0.089355,0.228271,1.024414
337474606,0.094971,0.22583,1.040771
337479606,0.088867,0.220947,1.020508
337484606,0.088135,0.216797,1.018799
337489606,0.092773,0.216309,1.006348
337494606,0.089111,0.219238,1.015137
337499606,0.0896,0.223389,1.02417
337504606,0.089844,0.226807,1.031494
337509606,0.0896,0.222656,1.020264
337514606,0.091553,0.21582,1.015137
337519606,0.092529,0.220947,1.015869
337524606,0.091064,0.219482,1.021729
337529606,0.090088,0.217041,1.027344
337534606,0.095459,0.224854,1.030273
337539606,0.089355,0.226074,1.015869
337544606,0.0896,0.2229,1.016357
337549606,0.091309,0.22583,1.012207
337554606,0.086426,0.220215,1.014648
337559606,0.09082,0.2229,1.025391
337564606,0.085693,0.225342,1.031494
337569606,0.088623,0.229248,1.026123
337574606,0.094727,0.22583,1.020508
337579606,0.086914,0.225342,1.014893
337584606,0.089111,0.224609,1.02002
337589606,0.092041,0.221191,1.020752
337594606,0.09082,0.22168,1.027832
337599606,0.087402,0.21875,1.028076
337604606,0.087891,0.218018,1.020508
337609606,0.088867,0.218506,1.016846
337614606,0.091309,0.220703,1.020752
337619606,0.094238,0.218506,1.026367
337624606,0.092529,0.219727,1.021484
337629606,0.093994,0.215576,1.021729
337634606,0.089844,0.219238,1.019775
337639606,0.094238,0.218262,1.016602
337644606,0.091064,0.223145,1.023438
337649606,0.092529,0.220703,1.014893
337654606,0.089844,0.22583,1.027344
337659606,0.092285,0.223633,1.026367
337664606,0.091309,0.225586,1.018555
337669606,0.095215,0.220459,1.027588
337674606,0.090576,0.229736,1.026123
337679606,0.087158,0.223145,1.018066
337684606,0.094482,0.218994,1.020996
337689606,0.088623,0.220459,1.02002
337694606,0.090332,0.220703,1.016357
337699606,0.090088,0.216553,1.025391
337704606,0.089844,0.216553,1.02417
337709606,0.087891,0.22168,1.028564
337714606,0.092529,0.223877,1.027344
337719606,0.09375,0.220947,1.019775
337724606,0.093262,0.223633,1.027344
337729606,0.093506,0.222168,1.029053
337734606,0.092773,0.222656,1.024902
337739606,0.091064,0.224854,1.020264
337744606,0.095215,0.221191,1.015381
337749606,0.090576,0.223633,1.016846
337754606,0.088379,0.225586,1.019043
337759606,0.089844,0.22168,1.018799
337764606,0.09375,0.226562,1.031494
337769606,0.093262,0.2229,1.028809
337774606,0.088135,0.220703,1.019531
337779606,0.093018,0.221191,1.020508
337784606,0.0896,0.218018,1.012451
337789606,0.092529,0.221436,1.020996
337794606,0.089844,0.218994,1.017578
337799606,0.088379,0.215088,1.020264
337804606,0.091797,0.218262,1.022949
337809606,0.088379,0.218994,1.022705
337814606,0.092285,0.217529,1.020508
337819606,0.091309,0.224121,1.024658
337824606,0.087158,0.220703,1.022949
337829606,0.089844,0.228516,1.028076
337834606,0.088623,0.226562,1.017578
337839606,0.08667,0.228271,1.015869
337844606,0.091553,0.224854,1.015625
337849606,0.087158,0.224365,1.025879
337854606,0.088867,0.229736,1.018555
337859606,0.088135,0.224854,1.021484
337864606,0.086182,0.222168,1.024902
337869606,0.088867,0.223389,1.028076
337874606,0.090576,0.217529,1.017822
337879606,0.09375,0.21875,1.019043
337884606,0.087158,0.218018,1.029785
337889606,0.086914,0.218262,1.028809
337894606,0.090088,0.22168,1.017822
337899606,0.094727,0.219238,1.013672
337904606,0.089111,0.221436,1.010254
337909606,0.094238,0.2229,1.015869
337914606,0.090332,0.220459,1.022705
337919606,0.091309,0.2229,1.025879
337924606,0.093262,0.225098,1.030029
337929606,0.094238,0.222412,1.029053
337934606,0.088867,0.223877,1.0271
337939606,0.091309,0.224365,1.027588
337944606,0.0896,0.22168,1.02124
337949606,0.086182,0.229004,1.024414
337954606,0.091064,0.222656,1.019775
337959606,0.087402,0.223877,1.015869
337964606,0.08667,0.222412,1.018066
337969606,0.095459,0.219482,1.019043
337974606,0.090332,0.224121,1.023193
337979606,0.097656,0.218506,1.024658
337984606,0.089844,0.219482,1.02124
337989606,0.091553,0.22168,1.022705
337994606,0.092285,0.22168,1.020264
337999606,0.092529,0.219238,1.023193
338004606,0.089111,0.221191,1.026611
338009606,0.090088,0.223633,1.021729
338014606,0.092773,0.219238,1.029541
338019606,0.092773,0.222168,1.02002
338024606,0.08667,0.223633,1.021973
338029606,0.091064,0.223389,1.02002
338034606,0.088379,0.220947,1.026367
338039606,0.091797,0.223389,1.031982
338044606,0.093994,0.227539,1.022949
338049606,0.091064,0.222412,1.021729
338054606,0.090088,0.223145,1.028809
338059606,0.091309,0.223633,1.023193
338064606,0.091797,0.219727,1.021484
338069606,0.091797,0.218262,1.018555
338074606,0.090576,0.223389,1.025391
338079606,0.090332,0.223145,1.020264
338084606,0.094971,0.221191,1.019043
338089606,0.09082,0.225586,1.01709
338094606,0.09082,0.220703,1.021973
338099606,0.088867,0.223877,1.026123
338104606,0.088623,0.224365,1.021484
338109606,0.090576,0.225098,1.021973
338114606,0.088135,0.229004,1.020264
338119606,0.092041,0.22876,1.019531
338124606,0.0896,0.223633,1.020996
338129606,0.090576,0.222656,1.024414
338134606,0.088379,0.2229,1.021973
338139606,0.090332,0.222412,1.020508
338144606,0.092285,0.228271,1.026123
338149606,0.095947,0.226074,1.018066
338154606,0.091553,0.220215,1.018066
338159606,0.089844,0.220947,1.013916
338164606,0.089111,0.222412,1.02417
338169606,0.087646,0.2229,1.01709
338174606,0.085693,0.218018,1.024414
338179606,0.093018,0.21875,1.020508
338184606,0.091064,0.216797,1.019043
338189606,0.090088,0.220703,1.013916
338194606,0.093262,0.225586,1.020264
338199606,0.089111,0.217529,1.022705
338204606,0.089111,0.22583,1.022461
338209606,0.090088,0.223145,1.023193
338214606,0.087402,0.224609,1.013672
338219606,0.09082,0.219727,1.017578
338224606,0.088867,0.227539,1.027588
338229606,0.091553,0.2229,1.021729
338234606,0.091064,0.222656,1.022705
338239606,0.09082,0.21875,1.024902
338244606,0.092285,0.219727,1.023926
338249606,0.091553,0.220215,1.02124
338254606,0.090332,0.221436,1.023193
338259606,0.090332,0.21582,1.026367
338264606,0.091309,0.21875,1.023926
338269606,0.090332,0.223145,1.025879
338274606,0.091309,0.21875,1.018311
338279606,0.092041,0.220459,1.019287
338284606,0.092041,0.218994,1.02002
338289606,0.094238,0.220703,1.026367
338294606,0.090088,0.221436,1.026611
338299606,0.093018,0.226074,1.023193
338304606,0.092285,0.220459,1.015137
338309606,0.092529,0.22583,1.019287
338314606,0.092285,0.224854,1.026855
338319606,0.09082,0.222656,1.025391
338324606,0.092529,0.224854,1.024658
338329606,0.091553,0.225098,1.019287
338334606,0.090088,0.221924,1.020508
338339606,0.093506,0.223389,1.017578
338344606,0.091309,0.224854,1.02417
338349606,0.088135,0.225342,1.014893
338354606,0.093506,0.226074,1.020508
338359606,0.089844,0.221924,1.019287
338364606,0.088379,0.221436,1.026123
338369606,0.090332,0.229492,1.02832
338374606,0.090332,0.21875,1.027344
338379606,0.093262,0.223389,1.029297
338384606,0.090576,0.221191,1.027344
338389606,0.0896,0.221191,1.018555
338394606,0.089355,0.219482,1.016357
338399606,0.094727,0.222168,1.021973
338404606,0.09082,0.223877,1.02417
338409606,0.095459,0.221924,1.023926
338414606,0.090088,0.218994,1.014893
338419606,0.091064,0.224365,1.020752
338424606,0.090332,0.222412,1.020996
338429606,0.090088,0.224854,1.020508
338434606,0.092285,0.22168,1.015625
338439606,0.089111,0.224854,1.021729
338444606,0.088379,0.223633,1.026123
338449606,0.091309,0.219238,1.026855
338454606,0.088623,0.226074,1.021973
338459606,0.091797,0.223877,1.022217
338464606,0.089355,0.219238,1.022705
338469606,0.090332,0.222412,1.029297
338474606,0.091553,0.221924,1.013916
338479606,0.09082,0.219482,1.019043
338484606,0.090088,0.221191,1.022705
338489606,0.087646,0.220947,1.01709
338494606,0.090332,0.221924,1.022461
338499606,0.088623,0.227539,1.021973
338504606,0.090576,0.219727,1.02124
338509606,0.093262,0.223389,1.026367
338514606,0.08667,0.220703,1.021973
338519606,0.09082,0.22583,1.024414
338524606,0.093262,0.226807,1.023193
338529606,0.091797,0.223389,1.019531
338534606,0.090088,0.225098,1.016357
338539606,0.090332,0.222168,1.02124
338544606,0.089111,0.225098,1.024658
338549606,0.093506,0.22168,1.023193
338554606,0.090332,0.221436,1.019775
338559606,0.089844,0.218994,1.026855
338564606,0.088379,0.222656,1.02124
338569606,0.088623,0.224609,1.019775
338574606,0.090576,0.22583,1.022217
338579606,0.086914,0.222168,1.01709
338584606,0.088135,0.22168,1.019775
338589606,0.088623,0.219971,1.023438
338594606,0.089844,0.223633,1.019287
338599606,0.089355,0.222656,1.015625
338604606,0.092041,0.226807,1.02124
338609606,0.090332,0.223389,1.024414
338614606,0.090576,0.220459,1.015869
338619606,0.090332,0.224854,1.018311
338624606,0.092285,0.221924,1.0271
338629606,0.092529,0.223145,1.028809
338634606,0.086426,0.218994,1.020508
338639606,0.085449,0.219971,1.028809
338644606,0.092041,0.220947,1.018066
338649606,0.090576,0.220703,1.022461
338654606,0.08667,0.221191,1.022461
338659606,0.089844,0.220459,1.018555
338664606,0.090576,0.222412,1.017822
338669606,0.090332,0.223877,1.017578
338674606,0.093262,0.225098,1.016846
338679606,0.089111,0.220459,1.018555
338684606,0.094238,0.223145,1.016113
338689606,0.090088,0.225098,1.020996
338694606,0.094482,0.221191,1.021973
338699606,0.091064,0.222168,1.015137
338704606,0.0896,0.223145,1.023682
338709606,0.090332,0.2229,1.022461
338714606,0.089111,0.223145,1.021973
338719606,0.091309,0.220703,1.018066
338724606,0.088135,0.22168,1.018066
338729606,0.090088,0.223145,1.019775
338734606,0.090332,0.227295,1.025146
338739606,0.093994,0.224854,1.028076
338744606,0.093018,0.216309,1.008057
338749606,0.093994,0.226562,1.018555
338754606,0.091553,0.224365,1.02417
338759606,0.085693,0.224609,1.016846
338764606,0.0896,0.221436,1.016602
338769606,0.089111,0.222656,1.016846
338774606,0.0896,0.220703,1.02417
338779606,0.091797,0.22168,1.027588
338784606,0.089111,0.220947,1.02124
338789606,0.086914,0.219727,1.023193
338794606,0.090088,0.224854,1.019531
338799606,0.088867,0.220703,1.02417
338804606,0.091064,0.220703,1.019043
338809606,0.090088,0.225098,1.025635
338814606,0.0896,0.223389,1.019531
338819606,0.093262,0.223877,1.019043
338824606,0.091309,0.223389,1.018066
338829606,0.089355,0.221924,1.023193
338834606,0.09082,0.223877,1.021973
338839606,0.093262,0.221924,1.022217
338844606,0.0896,0.221924,1.022949
338849606,0.089111,0.220215,1.022705
338854606,0.089844,0.221924,1.018311
338859606,0.088379,0.224121,1.020508
338864606,0.087891,0.220703,1.020508
338869606,0.090332,0.227051,1.019775
338874606,0.090332,0.223877,1.018799
338879606,0.089111,0.224854,1.015137
338884606,0.093994,0.2229,1.025879
338889606,0.090576,0.220459,1.025879
338894606,0.089355,0.226074,1.025391
338899606,0.092285,0.226318,1.022461
338904606,0.093506,0.224365,1.021484
338909606,0.088867,0.223877,1.022949
338914606,0.091064,0.224609,1.029297
338919606,0.090576,0.222412,1.026855
338924606,0.088867,0.225342,1.023438
338929606,0.087646,0.220947,1.024414
338934606,0.090332,0.220703,1.019287
338939606,0.09082,0.223877,1.021729
338944606,0.091064,0.221924,1.021973
338949606,0.090576,0.222412,1.025879
338954606,0.091553,0.222412,1.022705
338959606,0.092041,0.224121,1.025879
338964606,0.092529,0.225098,1.022461
338969606,0.091797,0.22168,1.021729
338974606,0.090088,0.224365,1.023193
338979606,0.093018,0.223633,1.020508
338984606,0.09375,0.223633,1.020752
338989606,0.088623,0.219971,1.02124
338994606,0.092773,0.223633,1.018311
338999606,0.088135,0.223633,1.022949
339004606,0.090088,0.2229,1.015381
339009606,0.087891,0.2229,1.026367
339014606,0.090332,0.224121,1.016357
339019606,0.091553,0.218262,1.015137
339024606,0.088135,0.22168,1.02832
339029606,0.088135,0.223145,1.021484
339034606,0.090332,0.225098,1.019775
339039606,0.089111,0.223389,1.022217
339044606,0.093506,0.219971,1.021729
339049606,0.091797,0.22168,1.028809
339054606,0.09082,0.219238,1.024658
339059606,0.089111,0.221436,1.021973
339064606,0.089844,0.221191,1.025391
339069606,0.09375,0.219971,1.01709
339074606,0.091064,0.224609,1.022217
339079606,0.090332,0.22168,1.02002
339084606,0.093262,0.222168,1.016846
339089606,0.094971,0.225098,1.020508
339094606,0.089111,0.224609,1.015869
339099606,0.091797,0.227783,1.020264
339104606,0.089111,0.224609,1.024902
339109606,0.087402,0.222412,1.018555
339114606,0.087158,0.22583,1.024902
339119606,0.087158,0.223633,1.026611
339124606,0.089844,0.223877,1.025635
339129606,0.090332,0.220947,1.020996
339134606,0.094971,0.222168,1.02002
339139606,0.09082,0.221924,1.025391
339144606,0.0896,0.223145,1.020508
339149606,0.09082,0.224365,1.023926
339154606,0.087891,0.224609,1.019531
339159606,0.095947,0.224365,1.023438
339164606,0.088623,0.22168,1.021484
339169606,0.094727,0.222656,1.02124
339174606,0.090088,0.220947,1.017334
339179606,0.091553,0.221436,1.024658
339184606,0.091553,0.221191,1.026123
339189606,0.09082,0.217529,1.020264
339194606,0.092285,0.224854,1.016846
339199606,0.090332,0.220703,1.024414
339204606,0.091797,0.2229,1.011963
339209606,0.088867,0.226318,1.019531
339214606,0.0896,0.225098,1.023682
339219606,0.087646,0.224609,1.019287
339224606,0.088623,0.225098,1.024414
339229606,0.090332,0.224854,1.022461
339234606,0.09375,0.2229,1.031006
339239606,0.086182,0.223633,1.023926
339244606,0.089355,0.221436,1.022705
339249606,0.089355,0.22168,1.027588
339254606,0.088867,0.218262,1.018555
339259606,0.092529,0.219971,1.02124
339264606,0.089844,0.220459,1.020996
339269606,0.095215,0.220947,1.02124
339274606,0.095215,0.225098,1.017578
339279606,0.095459,0.220947,1.020264
339284606,0.090576,0.221191,1.011963
339289606,0.092041,0.222656,1.02002
339294606,0.08667,0.220215,1.01709
339299606,0.092041,0.222168,1.020752
339304606,0.090576,0.2229,1.019043
339309606,0.090576,0.226318,1.025391
339314606,0.089844,0.225342,1.022949
339319606,0.085205,0.226318,1.023682
339324606,0.08667,0.225098,1.020264
339329606,0.090576,0.224609,1.025635
339334606,0.088379,0.223145,1.019775
339339606,0.092285,0.221436,1.013916
339344606,0.089844,0.224609,1.019531
339349606,0.088135,0.219971,1.017334
339354606,0.092529,0.224854,1.014404
339359606,0.091553,0.224121,1.019287
339364606,0.084229,0.219238,1.02124
339369606,0.092773,0.223633,1.024414
339374606,0.090332,0.220459,1.025391
339379606,0.093262,0.220215,1.02417
339384606,0.091309,0.219971,1.02124
339389606,0.088623,0.218506,1.020508
339394606,0.092773,0.222656,1.022949
339399606,0.095947,0.2229,1.0271
339404606,0.091797,0.219727,1.019531
339409606,0.090576,0.222168,1.015869
339414606,0.089844,0.22168,1.01709
339419606,0.088135,0.219971,1.022705
339424606,0.093262,0.221191,1.017334
339429606,0.091797,0.223145,1.022949
339434606,0.088135,0.224854,1.016357
339439606,0.093018,0.224365,1.02832
339444606,0.084717,0.224121,1.026367
339449606,0.093994,0.22168,1.024414
339454606,0.087646,0.219482,1.021973
339459606,0.087891,0.220947,1.016357
339464606,0.093994,0.218262,1.022949
339469606,0.092529,0.218506,1.026855
339474606,0.0896,0.216797,1.0271
339479606,0.093506,0.220703,1.027832
339484606,0.094971,0.219727,1.020264
339489606,0.0979,0.22168,1.020752
339494606,0.092285,0.219727,1.017334
339499606,0.091797,0.220215,1.023926
339504606,0.09082,0.224609,1.022949
339509606,0.087158,0.227051,1.018799
339514606,0.092041,0.228271,1.024902
339519606,0.088623,0.222168,1.0271
339524606,0.088379,0.227539,1.022217
339529606,0.092041,0.218262,1.025391
339534606,0.091309,0.221924,1.020264
339539606,0.091309,0.224365,1.022705
339544606,0.09082,0.224854,1.020996
339549606,0.087891,0.222656,1.026123
339554606,0.089355,0.220703,1.020508
339559606,0.088867,0.223145,1.0271
339564606,0.091797,0.218994,1.020996
339569606,0.091064,0.222412,1.02124
339574606,0.090088,0.227295,1.024902
339579606,0.090576,0.222412,1.018311
339584606,0.088867,0.219238,1.010498
339589606,0.093994,0.222656,1.017334
339594606,0.093262,0.224854,1.030029
339599606,0.08667,0.219727,1.018311
339604606,0.087891,0.219971,1.018799
339609606,0.089111,0.22168,1.016846
339614606,0.091309,0.224121,1.021729
339619606,0.086182,0.225586,1.019531
339624606,0.090332,0.224121,1.025146
339629606,0.093018,0.222412,1.02417
339634606,0.091064,0.223877,1.017578
339639606,0.091797,0.2229,1.013428
339644606,0.086426,0.226074,1.01709
339649606,0.091064,0.220215,1.020264
339654606,0.088623,0.223145,1.025635
339659606,0.086426,0.224121,1.020752
339664606,0.088623,0.216553,1.019775
339669606,0.088623,0.221924,1.02417
339674606,0.092529,0.224121,1.019775
339679606,0.090332,0.22583,1.022705
339684606,0.087402,0.224609,1.020508
339689606,0.090088,0.221436,1.022217
339694606,0.091797,0.224365,1.02124
339699606,0.090332,0.223633,1.016113
339704606,0.093018,0.222656,1.02002
339709606,0.092041,0.220215,1.020508
339714606,0.089844,0.220215,1.023193
339719606,0.089111,0.222168,1.019287
339724606,0.086182,0.221924,1.017578
339729606,0.092773,0.223145,1.023926
339734606,0.093994,0.218994,1.026123
339739606,0.088623,0.22168,1.019287
339744606,0.089111,0.224365,1.017578
339749606,0.087402,0.22168,1.022949
339754606,0.087646,0.225342,1.019043
339759606,0.092529,0.225098,1.017578
339764606,0.087891,0.225342,1.02124
339769606,0.093018,0.21875,1.020508
339774606,0.089355,0.218018,1.02002
339779606,0.09082,0.221924,1.022217
339784606,0.0896,0.22168,1.022461
339789606,0.089355,0.221924,1.019775
339794606,0.0896,0.218262,1.020508
339799606,0.092285,0.224365,1.021973
339804606,0.092285,0.218506,1.02417
339809606,0.089111,0.226074,1.020752
339814606,0.088135,0.22168,1.020264
339819606,0.087891,0.224365,1.019043
339824606,0.090332,0.221436,1.02417
339829606,0.09082,0.222656,1.019043
339834606,0.090088,0.223877,1.014404
339839606,0.092529,0.221191,1.015625
339844606,0.093018,0.21875,1.025391
339849606,0.092041,0.218994,1.026611
339854606,0.093018,0.224121,1.026367
339859606,0.091309,0.220215,1.01709
339864606,0.094971,0.219482,1.020752
339869606,0.087646,0.223145,1.019043
339874606,0.090332,0.219971,1.024414
339879606,0.087891,0.220459,1.011475
339884606,0.092529,0.220703,1.02417
339889606,0.08667,0.222656,1.017578
339894606,0.092773,0.224609,1.018066
339899606,0.088623,0.225098,1.025879
339904606,0.088135,0.225098,1.023438
339909606,0.093506,0.221436,1.023193
339914606,0.092529,0.223877,1.026855
339919606,0.08667,0.22168,1.021729
339924606,0.092041,0.225098,1.022461
339929606,0.093506,0.226562,1.015869
339934606,0.09082,0.22168,1.019043
339939606,0.091797,0.2229,1.0271
339944606,0.092041,0.219727,1.019287
339949606,0.087402,0.221191,1.019531
339954606,0.095215,0.220947,1.021973
339959606,0.089111,0.2229,1.018066
339964606,0.091553,0.220703,1.018799
339969606,0.094238,0.220703,1.020264
339974606,0.089844,0.226074,1.023193
339979606,0.090088,0.223633,1.02002
339984606,0.0896,0.224365,1.018799
339989606,0.090576,0.228027,1.015869
339994606,0.0896,0.225586,1.021973
339999606,0.088379,0.221436,1.021484
340004606,0.087891,0.225342,1.019775
340009606,0.090332,0.227051,1.027588
340014606,0.092041,0.219727,1.020264
340019606,0.090088,0.223389,1.015381
340024606,0.095459,0.221191,1.022217
340029606,0.094238,0.21875,1.029053
340034606,0.091309,0.218506,1.023926
340039606,0.090576,0.224365,1.020264
340044606,0.092773,0.22168,1.019287
340049606,0.092773,0.225342,1.019775
340054606,0.09082,0.221924,1.011963
340059606,0.087891,0.225342,1.023438
340064606,0.09082,0.221924,1.024414
340069606,0.08667,0.219971,1.023682
340074606,0.087891,0.226562,1.022705
340079606,0.09082,0.222412,1.022461
340084606,0.087646,0.223633,1.019043
340089606,0.092285,0.226807,1.022949
340094606,0.09082,0.219238,1.02124
340099606,0.090088,0.217041,1.015625
340104606,0.094482,0.226074,1.014648
340109606,0.0896,0.220215,1.019775
340114606,0.091309,0.21875,1.01416
340119606,0.094238,0.222656,1.023193
340124606,0.090576,0.220703,1.019775
340129606,0.092529,0.220459,1.019043
340134606,0.088867,0.222168,1.020752
340139606,0.091309,0.222168,1.018799
340144606,0.091797,0.223633,1.028076
340149606,0.087646,0.228516,1.020508
340154606,0.090088,0.222168,1.022705
340159606,0.087646,0.223145,1.021484
340164606,0.087891,0.223145,1.024902
340169606,0.094238,0.224609,1.023926
340174606,0.091309,0.224854,1.026855
340179606,0.091797,0.225098,1.021729
340184606,0.092773,0.225098,1.02002
340189606,0.091309,0.218262,1.019043
340194606,0.090332,0.223877,1.018066
340199606,0.09668,0.22168,1.021729
340204606,0.091309,0.218994,1.020752
340209606,0.094238,0.216553,1.028564
340214606,0.095703,0.217529,1.021729
340219606,0.090088,0.222656,1.024414
340224606,0.094971,0.229248,1.033447
340229606,0.087402,0.219482,1.01001
340234606,0.087402,0.220215,1.017822
340239606,0.091797,0.231689,1.0354
340244606,0.087891,0.221924,1.026123
340249606,0.083496,0.228271,1.019531
340254606,0.089355,0.225098,1.018066
340259606,0.089355,0.222168,1.014648
340264606,0.091064,0.227051,1.029053
340269606,0.0896,0.216553,1.021729
340274606,0.088867,0.223145,1.026367
340279606,0.095459,0.220947,1.0271
340284606,0.090088,0.217285,1.012207
340289606,0.093018,0.219727,1.013672
340294606,0.094238,0.219482,1.019287
340299606,-0.453369,2.781006,3.637695
340304606,-0.619873,3.342773,-2.087646
340309606,0.608887,2.469238,3.999878
340314606,-1.432617,1.39624,0.829346
340319606,-1.263428,1.001465,1.385254
340324606,0.203857,1.163086,1.059082
340329606,0.131836,0.147461,0.846191
340334606,0.093506,0.233398,1.128418
340339606,0.09668,0.319824,1.223633
340344606,0.087158,0.242676,1.072998
340349606,0.090088,0.223877,1.003662
340354606,0.115723,0.203857,1.021973
340359606,0.097168,0.179687,0.993164
340364606,0.088135,0.237549,1.038818
340369606,0.09668,0.231689,1.037354
340374606,0.0979,0.214355,1.015625
340379606,0.104004,0.215576,1.002686
340384606,0.106689,0.202881,1.010742
340389606,0.083496,0.211426,1.010986
340394606,0.088867,0.234863,1.023926
340399606,0.094238,0.219238,1.048096
340404606,0.092285,0.232178,1.049316
340409606,0.084473,0.237305,1.024902
340414606,0.076172,0.230225,1.019043
340419606,0.088379,0.230469,1.029053
340424606,0.074707,0.221924,0.999756
340429606,0.084473,0.219971,1.01416
340434606,0.087402,0.227539,0.999756
340439606,0.086182,0.231934,1.009766
340444606,0.089355,0.226318,1.020508
340449606,0.098389,0.221191,1.038086
340454606,0.117188,0.198242,1.040771
340459606,0.112061,0.208008,0.950439
340464606,-0.080811,0.550293,0.286621
340469606,-0.584961,0.598145,0.535645
340474606,-0.001221,0.237549,0.808594
340479606,0.072998,0.282471,1.05957
340484606,0.063965,0.266357,1.06958
340489606,0.096191,0.230957,1.066895
340494606,0.070068,0.242676,1.046875
340499606,0.107178,0.199219,1.029053
340504606,0.079346,0.250977,1.040771
340509606,0.068604,0.276611,1.039795
340514606,0.078613,0.228027,1.023926
340519606,0.101074,0.218018,1.018555
340524606,0.130615,0.190674,0.997314
340529606,0.114746,0.184814,0.989502
340534606,0.130127,0.2146,1.033691
340539606,0.091064,0.204346,0.94043
340544606,0.557129,0.110596,1.226074
340549606,0.080566,0.297119,0.812256
340554606,-0.106201,0.263916,1.209473
340559606,0.188232,0.299561,1.200684
340564606,0.156982,0.262695,1.123779
340569606,0.085205,0.205566,1.028809
340574606,0.096436,0.206543,0.873535
340579606,0.000244,0.190918,1.266846
340584606,0.121826,0.276123,1.002197
340589606,0.077881,0.200439,0.869385
340594606,0.11377,0.281494,1.262451
340599606,0.15332,0.264404,1.161377
340604606,0.060791,0.226807,1.074951
340609606,0.070068,0.243408,1.066406
340614606,0.118652,0.219238,1.050049
340619606,0.0625,0.189453,0.976318
340624606,0.072021,0.231201,0.977783
340629606,0.084961,0.222412,0.884033
340634606,0.088867,0.203369,1.039307
340639606,0.119873,0.204346,0.970703
340644606,0.127686,0.186279,1.038818
340649606,0.096436,0.170898,0.967041
340654606,0.092285,0.218018,0.989502
340659606,0.059326,0.249023,0.994629
340664606,0.025146,0.224854,0.918213
340669606,0.070801,0.261963,1.075195
340674606,0.10498,0.219482,1.03125
340679606,0.090088,0.210449,1.027832
340684606,0.107422,0.225586,1.064697
340689606,0.077393,0.231689,1.005859
340694606,0.067627,0.259033,1.026367
340699606,0.063965,0.255615,1.033936
340704606,0.088379,0.250488,1.030518
340709606,0.085937,0.230225,1.037598
340714606,0.102539,0.220215,1.046143
340719606,0.109131,0.209717,1.019775
340724606,0.090332,0.211182,1.019287
340729606,0.086914,0.226562,1.016602
340734606,0.089844,0.234619,1.030762
340739606,0.08374,0.2229,0.996582
340744606,0.097412,0.21875,1.017334
340749606,0.101318,0.209229,1.020996
340754606,0.102783,0.206055,1.01416
340759606,0.10083,0.213135,1.028809
340764606,0.084717,0.225098,1.024414
340769606,0.082764,0.233643,1.02832
340774606,0.079834,0.229736,1.033203
340779606,0.085693,0.228027,1.023926
340784606,0.086182,0.217041,1.020752
340789606,0.091553,0.216553,1.017578
340794606,0.093506,0.22168,1.019775
340799606,0.090576,0.230957,1.02417
340804606,0.08252,0.234375,1.021973
340809606,0.083252,0.233398,1.025146
340814606,0.094238,0.222656,1.015869
340819606,0.094238,0.216553,1.018799
340824606,0.099365,0.213623,1.018311
340829606,0.095703,0.212646,1.023193
340834606,0.090088,0.222168,1.020752
340839606,0.087646,0.229492,1.02002
340844606,0.085693,0.229248,1.024658
340849606,0.089111,0.2229,1.018555
340854606,0.095703,0.213623,1.018555
340859606,0.0896,0.217773,1.024658
340864606,0.096436,0.219238,1.022461
340869606,0.084717,0.226318,1.018799
340874606,0.086426,0.22876,1.020752
340879606,0.088379,0.230713,1.024902
340884606,0.086914,0.224609,1.02124
340889606,0.094238,0.219971,1.025146
340894606,0.094238,0.22168,1.019531
340899606,0.092773,0.222656,1.021729
340904606,0.092773,0.224365,1.021973
340909606,0.08667,0.230225,1.021973
340914606,0.090088,0.231201,1.019775
340919606,0.090332,0.224365,1.016846
340924606,0.092773,0.222656,1.021729
340929606,0.09082,0.223877,1.011963
340934606,0.09375,0.227051,1.014648
340939606,0.09082,0.221924,1.020264
340944606,0.08667,0.22998,1.026855
340949606,0.084229,0.227051,1.025146
340954606,0.085449,0.227295,1.022705
340959606,0.090088,0.223145,1.022461
340964606,0.092773,0.222168,1.021973
340969606,0.089111,0.219482,1.020264
340974606,0.087402,0.224609,1.026123
340979606,0.089111,0.226562,1.020508
340984606,0.090088,0.229736,1.020264
340989606,0.088867,0.225586,1.016113
340994606,0.09375,0.225098,1.019531
340999606,0.095947,0.222168,1.016846
341004606,0.091553,0.219482,1.027588
341009606,0.090576,0.226074,1.023193
341014606,0.088867,0.226562,1.022949
341019606,0.084473,0.227051,1.019775
341024606,0.090332,0.222168,1.028809
341029606,0.089355,0.223877,1.026611
341034606,0.093262,0.220703,1.019287
341039606,0.096924,0.220215,1.020996
341044606,0.089111,0.2229,1.019043
341049606,0.093018,0.22583,1.022217
341054606,0.093262,0.229492,1.026855
341059606,0.089844,0.22583,1.019043
341064606,0.093262,0.222412,1.024414
341069606,0.092529,0.223877,1.018799
341074606,0.096924,0.218994,1.027832
341079606,0.094238,0.227051,1.02417
341084606,0.090088,0.219482,1.017822
341089606,0.096191,0.222656,1.015869
341094606,0.088623,0.228271,1.022217
341099606,0.0896,0.220215,1.02124
341104606,0.090576,0.223633,1.010742
341109606,0.088867,0.232666,1.023438
341114606,0.089355,0.226562,1.01709
341119606,0.088135,0.231445,1.019043
341124606,0.088135,0.229004,1.02124
341129606,0.085205,0.223877,1.014404
341134606,0.085449,0.22998,1.019043
341139606,0.091797,0.221436,1.023682
341144606,0.08667,0.218262,1.014893
341149606,0.089355,0.223633,1.018311
341154606,0.093018,0.224854,1.018311
341159606,0.090088,0.227051,1.024902
341164606,0.088379,0.226074,1.022705
341169606,0.09082,0.225342,1.023193
341174606,0.093506,0.219482,1.019043
341179606,0.090576,0.21875,1.019043
341184606,0.091553,0.223877,1.019531
341189606,0.089355,0.229248,1.019775
341194606,0.087402,0.22168,1.023926
341199606,0.087402,0.230713,1.022217
341204606,0.088135,0.223877,1.026855
341209606,0.088867,0.224609,1.021729
341214606,0.091797,0.222656,1.023926
341219606,0.087891,0.224609,1.019043
341224606,0.090576,0.220459,1.02124
341229606,0.089355,0.225586,1.017334
341234606,0.089111,0.221924,1.020752
341239606,0.091064,0.22583,1.024658
341244606,0.09375,0.221191,1.0271
341249606,0.091553,0.22583,1.016357
341254606,0.088867,0.221191,1.02417
341259606,0.083984,0.227295,1.02124
341264606,0.087646,0.2229,1.024414
341269606,0.09375,0.228027,1.023926
341274606,0.086914,0.224854,1.022949
341279606,0.092773,0.224609,1.022217
341284606,0.090088,0.220703,1.017822
341289606,0.088623,0.223877,1.019531
341294606,0.091797,0.225586,1.024658
341299606,0.088379,0.227783,1.023682
341304606,0.091553,0.224365,1.017334
341309606,0.093994,0.226562,1.01709
341314606,0.090576,0.221436,1.012939
341319606,0.091553,0.222412,1.018066
341324606,0.090332,0.225098,1.025879
341329606,0.088379,0.225098,1.025635
341334606,0.092773,0.223389,1.019531
341339606,0.091553,0.2229,1.023438
341344606,0.093018,0.223389,1.018311
341349606,0.093018,0.220703,1.02124
341354606,0.087158,0.220703,1.020264
341359606,0.091553,0.220215,1.018555
341364606,0.092529,0.221924,1.022705
341369606,0.090332,0.221924,1.016602
341374606,0.090332,0.220459,1.020752
341379606,0.087646,0.220703,1.024414
341384606,0.091797,0.221436,1.023682
341389606,0.091309,0.224121,1.023438
341394606,0.090332,0.222412,1.025391
341399606,0.090088,0.220459,1.02002
341404606,0.092285,0.222412,1.020264
341409606,0.089844,0.220459,1.02124
341414606,0.088379,0.222412,1.021973
341419606,0.089844,0.223633,1.019043
341424606,0.089844,0.220459,1.016357
341429606,0.088379,0.225098,1.017334
341434606,0.091064,0.223633,1.016357
341439606,0.08667,0.224854,1.022949
341444606,0.091309,0.222168,1.020996
341449606,0.090088,0.222656,1.017822
341454606,0.091797,0.227295,1.018066
341459606,0.0896,0.223877,1.025879
341464606,0.089355,0.220459,1.021729
341469606,0.094971,0.227295,1.026855
341474606,0.092285,0.224121,1.022705
341479606,0.0896,0.228516,1.016357
341484606,0.091064,0.223145,1.020264
341489606,0.089355,0.224121,1.020996
341494606,0.088379,0.230225,1.022705
341499606,0.088379,0.227783,1.017822
341504606,0.087646,0.226562,1.020264
341509606,0.089844,0.223389,1.031738
341514606,0.0896,0.221191,1.02417
341519606,0.092285,0.223389,1.0271
341524606,0.094482,0.223389,1.029541
341529606,0.094238,0.220947,1.029053
341534606,0.097168,0.223389,1.025635
341539606,0.093018,0.22168,1.02832
341544606,0.087646,0.220459,1.025635
341549606,0.093262,0.222656,1.024414
341554606,0.090332,0.220703,1.016846
341559606,0.0896,0.220215,1.024902
341564606,0.093506,0.225586,1.02832
341569606,0.091309,0.220459,1.027344
341574606,0.094727,0.221924,1.018555
341579606,0.091064,0.220703,1.027588
341584606,0.091553,0.224121,1.026123
341589606,0.090576,0.220947,1.022949
341594606,0.091064,0.223633,1.020752
341599606,0.091553,0.225586,1.020996
341604606,0.094727,0.22168,1.031738
341609606,0.095703,0.221924,1.021484
341614606,0.09082,0.223145,1.018066
341619606,0.094727,0.223633,1.019531
341624606,0.086426,0.222656,1.020508
341629606,0.093506,0.219238,1.027588
341634606,0.089844,0.227539,1.020508
341639606,0.086426,0.224121,1.023926
341644606,0.091309,0.2229,1.024902
341649606,0.084229,0.226318,1.024414
341654606,0.091309,0.22998,1.022217
341659606,0.085693,0.22583,1.022949
341664606,0.085449,0.229248,1.02417
341669606,0.088379,0.225098,1.027344
341674606,0.091309,0.221924,1.026123
341679606,0.091553,0.219727,1.02124
341684606,0.092529,0.222168,1.028809
341689606,0.092285,0.223877,1.022949
341694606,0.093506,0.225342,1.017578
341699606,0.092773,0.21875,1.025635
341704606,0.089844,0.224121,1.021484
341709606,0.092529,0.225586,1.023438
341714606,0.087402,0.225586,1.015137
341719606,0.092285,0.224121,1.020752
341724606,0.091553,0.225586,1.023926
341729606,0.09082,0.221924,1.030762
341734606,0.088379,0.225342,1.026367
341739606,0.085693,0.220703,1.019043
341744606,0.085937,0.226807,1.018799
341749606,0.089355,0.225586,1.015381
341754606,0.087891,0.223145,1.025146
341759606,0.086426,0.222412,1.02002
341764606,0.09375,0.21875,1.023438
341769606,0.091797,0.225586,1.023682
341774606,0.088379,0.221924,1.015381
341779606,0.091553,0.227051,1.013916
341784606,0.086426,0.228516,1.016846
341789606,0.092285,0.228027,1.019775
341794606,0.092529,0.224121,1.024902
341799606,0.094971,0.224365,1.028809
341804606,0.088867,0.2229,1.020264
341809606,0.0896,0.223145,1.017578
341814606,0.089355,0.223145,1.02417
341819606,0.087646,0.224121,1.014648
341824606,0.082764,0.220947,1.019043
341829606,0.090088,0.225098,1.027832
341834606,0.089111,0.227783,1.02832
341839606,0.091064,0.224121,1.029297
341844606,0.085937,0.225098,1.025146
341849606,0.088379,0.224121,1.020264
341854606,0.09082,0.222656,1.014893
341859606,0.092285,0.226562,1.013672
341864606,0.089111,0.228271,1.023926
341869606,0.092285,0.223389,1.026123
341874606,0.092773,0.224121,1.027588
341879606,0.092285,0.224121,1.020996
341884606,0.0896,0.222168,1.023438
341889606,0.09082,0.223633,1.019043
341894606,0.089844,0.225098,1.013184
341899606,0.09082,0.228516,1.022705
341904606,0.091064,0.223633,1.022949
341909606,0.093262,0.220215,1.024414
341914606,0.094727,0.221924,1.024658
341919606,0.090088,0.222168,1.027832
341924606,0.094971,0.222168,1.037354
341929606,0.093506,0.223145,1.019043
341934606,0.087646,0.222168,1.015625
341939606,0.08667,0.226318,1.012695
341944606,0.088623,0.225342,1.014648
341949606,0.089844,0.224365,1.02002
341954606,0.090576,0.228027,1.022461
341959606,0.089844,0.222412,1.022217
341964606,0.096191,0.219727,1.032471
341969606,0.091553,0.221191,1.034424
341974606,0.09375,0.221191,1.04248
341979606,0.093506,0.218018,1.030029
341984606,0.092285,0.223877,1.016357
341989606,0.079102,0.226074,1.013672
341994606,0.087158,0.225342,1.009277
341999606,0.089355,0.229736,1.004883
342004606,0.09082,0.227051,1.023682
342009606,0.095215,0.224121,1.031982
342014606,0.095947,0.225342,1.020996
342019606,0.095947,0.227539,1.032471
342024606,0.092285,0.221436,1.028564
342029606,0.088379,0.228027,1.032715
342034606,0.092773,0.223877,1.026367
342039606,0.09082,0.22583,1.024658
342044606,0.093018,0.223877,1.014404
342049606,0.090576,0.225342,1.012451
342054606,0.083984,0.225586,1.012207
342059606,0.091309,0.224365,1.022949
342064606,0.090088,0.227295,1.022705
342069606,0.086426,0.221436,1.018311
342074606,0.089355,0.220703,1.027832
342079606,0.092285,0.225098,1.022217
342084606,0.091064,0.217773,1.026611
342089606,0.093018,0.219971,1.018799
342094606,0.089844,0.226807,1.020508
342099606,0.091309,0.2229,1.012451
342104606,0.093994,0.219482,1.022217
342109606,0.093506,0.223877,1.021729
342114606,0.090088,0.223389,1.02417
342119606,0.086426,0.221924,1.025391
342124606,0.089844,0.2229,1.017822
342129606,0.089844,0.224609,1.023926
342134606,0.087402,0.224854,1.022217
342139606,0.086914,0.226318,1.019531
342144606,0.088135,0.226074,1.027588
342149606,0.087158,0.229004,1.030029
342154606,0.089111,0.223145,1.020264
342159606,0.08667,0.227295,1.029297
342164606,0.092285,0.223145,1.028564
342169606,0.093018,0.224365,1.026123
342174606,0.0896,0.226318,1.020996
342179606,0.091797,0.22583,1.020264
342184606,0.093262,0.222656,1.015625
342189606,0.088623,0.22583,1.015625
342194606,0.094482,0.226807,1.025879
342199606,0.090332,0.224365,1.018555
342204606,0.09082,0.223145,1.024414
342209606,0.086426,0.224854,1.022949
342214606,0.089844,0.218506,1.016846
342219606,0.096436,0.225098,1.027344
342224606,0.0896,0.224854,1.031738
342229606,0.091553,0.221436,1.019287
342234606,0.091797,0.219971,1.018555
342239606,0.087891,0.219238,1.018799
342244606,0.091797,0.218018,1.014404
342249606,0.093506,0.223633,1.027344
342254606,0.090576,0.21875,1.018555
342259606,0.091309,0.2146,1.014893
342264606,0.091553,0.226074,1.027588
342269606,0.085205,0.223633,1.022949
342274606,0.09082,0.224854,1.027588
342279606,0.088379,0.227051,1.025146
342284606,0.091064,0.224854,1.026123
342289606,0.088379,0.224609,1.021729
342294606,0.090332,0.227295,1.020752
342299606,0.090332,0.22998,1.027588
342304606,0.088379,0.223633,1.029785
342309606,0.090088,0.222168,1.02832
342314606,0.09082,0.216797,1.021729
342319606,0.088623,0.220947,1.015625
342324606,0.090332,0.22168,1.019287
342329606,0.086914,0.224365,1.016846
342334606,0.088135,0.224609,1.02002
342339606,0.087646,0.220215,1.020264
342344606,0.089111,0.223877,1.022217
342349606,0.090576,0.225098,1.017334
342354606,0.095947,0.22583,1.022217
342359606,0.089355,0.22168,1.024658
342364606,0.087402,0.223633,1.01416
342369606,0.091064,0.224609,1.021729
342374606,0.085937,0.225098,1.025635
342379606,0.088135,0.220703,1.029053
342384606,0.088623,0.226562,1.017334
342389606,0.089844,0.225098,1.019287
342394606,0.087158,0.220215,1.019531
342399606,0.086914,0.222412,1.023926
342404606,0.089355,0.225342,1.021973
342409606,0.090088,0.224121,1.027832
342414606,0.086182,0.222412,1.019775
342419606,0.088379,0.224609,1.023926
342424606,0.092529,0.226807,1.018555
342429606,0.091064,0.224854,1.020264
342434606,0.092041,0.224609,1.024658
342439606,0.089111,0.223877,1.026367
342444606,0.091553,0.220947,1.021973
342449606,0.088135,0.220947,1.019775
342454606,0.087158,0.221924,1.015137
342459606,0.092529,0.221924,1.029053
342464606,0.090088,0.219727,1.019531
342469606,0.09082,0.225586,1.019775
342474606,0.091064,0.224854,1.014404
342479606,0.085693,0.223389,1.024658
342484606,0.089844,0.224609,1.026123
342489606,0.0896,0.229492,1.025879
342494606,0.087402,0.224365,1.014893
342499606,0.093506,0.225342,1.022461
342504606,0.095947,0.221436,1.022705
342509606,0.087646,0.222168,1.023438
342514606,0.097412,0.224121,1.021484
342519606,0.087646,0.220703,1.024902
342524606,0.09375,0.220947,1.016846
342529606,0.091309,0.224609,1.020508
342534606,0.091309,0.2229,1.021973
342539606,0.088623,0.223633,1.022705
342544606,0.090332,0.225342,1.021484
342549606,0.087646,0.225342,1.015869
342554606,0.087402,0.228516,1.028076
342559606,0.087891,0.227783,1.020264
342564606,0.093018,0.22998,1.020996
342569606,0.093506,0.225342,1.024902
342574606,0.089844,0.226074,1.026367
342579606,0.089111,0.224121,1.026123
342584606,0.089355,0.228027,1.022461
342589606,0.092285,0.223633,1.026611
342594606,0.092529,0.224121,1.023682
342599606,0.091553,0.2229,1.023682
342604606,0.090576,0.226562,1.016113
342609606,0.090576,0.221191,1.025391
342614606,0.087402,0.2229,1.019531
342619606,0.090576,0.229004,1.020752
342624606,0.0896,0.225098,1.020752
342629606,0.088623,0.224609,1.026367
342634606,0.093018,0.225098,1.029053
342639606,0.087646,0.224121,1.019775
342644606,0.088135,0.220215,1.017822
342649606,0.09082,0.225586,1.026123
342654606,0.092773,0.220703,1.025391
342659606,0.093506,0.221436,1.020996
342664606,0.088867,0.22583,1.022705
342669606,0.093018,0.222168,1.014648
342674606,0.085937,0.223389,1.015381
342679606,0.09082,0.227051,1.01709
342684606,0.092041,0.224121,1.01709
342689606,0.090332,0.223877,1.024658
342694606,0.089111,0.225586,1.015869
342699606,0.089355,0.226074,1.026367
342704606,0.092529,0.224854,1.022949
342709606,0.08374,0.219727,1.030273
342714606,0.090088,0.229004,1.019287
342719606,0.0896,0.224365,1.02417
342724606,0.091064,0.227539,1.019775
342729606,0.093018,0.222168,1.024902
342734606,0.096436,0.226074,1.018066
342739606,0.095703,0.2229,1.02417
342744606,0.09375,0.225586,1.021973
342749606,0.088379,0.220947,1.029053
342754606,0.096191,0.226318,1.017334
342759606,0.091553,0.225586,1.022705
342764606,0.092529,0.220703,1.018799
342769606,0.088623,0.222168,1.02417
342774606,0.094482,0.222168,1.01709
342779606,0.085937,0.226807,1.028564
342784606,0.0896,0.224609,1.022949
342789606,0.084961,0.226318,1.020508
342794606,0.091064,0.228271,1.019775
342799606,0.088867,0.224121,1.019287
342804606,0.09082,0.223389,1.025146
342809606,0.092285,0.21875,1.02832
342814606,0.093018,0.216553,1.016602
342819606,0.093018,0.224609,1.022217
342824606,0.088867,0.219971,1.023438
342829606,0.089355,0.225098,1.028809
342834606,0.088379,0.223877,1.018311
342839606,0.091309,0.222168,1.023926
342844606,0.092041,0.225586,1.020996
342849606,0.093506,0.224609,1.024414
342854606,0.086914,0.225342,1.026367
342859606,0.088379,0.230469,1.019775
342864606,0.088379,0.22998,1.018555
342869606,0.089111,0.229492,1.020508
342874606,0.094238,0.223389,1.023682
342879606,0.089355,0.224121,1.0271
342884606,0.086182,0.228271,1.018311
342889606,0.088379,0.22583,1.019531
342894606,0.090576,0.225586,1.022949
342899606,0.091309,0.22583,1.018555
342904606,0.087646,0.224365,1.024658
342909606,0.08667,0.221191,1.026123
342914606,0.086182,0.22168,1.015137
342919606,0.092529,0.224365,1.018799
342924606,0.087158,0.227295,1.019775
342929606,0.091553,0.222412,1.019043
342934606,0.08667,0.219727,1.021729
342939606,0.092529,0.222168,1.023438
342944606,0.091064,0.218506,1.023438
342949606,0.089111,0.224365,1.022705
342954606,0.092041,0.221436,1.021484
342959606,0.091309,0.220947,1.021973
342964606,0.091309,0.223633,1.019287
342969606,0.092529,0.223145,1.026123
342974606,0.090088,0.222168,1.02002
342979606,0.088867,0.219971,1.017578
342984606,0.087891,0.225098,1.021484
342989606,0.095703,0.218994,1.020264
342994606,0.093994,0.221191,1.023682
342999606,0.09082,0.220947,1.023438
343004606,0.091553,0.222656,1.014404
343009606,0.090576,0.221191,1.02124
343014606,0.088623,0.222168,1.022705
343019606,0.092529,0.218506,1.030762
343024606,0.086914,0.2229,1.023682
343029606,0.092285,0.222656,1.02002
343034606,0.088135,0.225342,1.015137
343039606,0.093262,0.225342,1.02417
343044606,0.093994,0.218018,1.018555
343049606,0.093506,0.220947,1.029297
343054606,0.086182,0.225342,1.023926
343059606,0.091553,0.227539,1.015869
343064606,0.087646,0.224365,1.012451
343069606,0.087402,0.224609,1.015137
343074606,0.087402,0.22168,1.018066
343079606,0.0896,0.224854,1.015625
343084606,0.088379,0.226807,1.028076
343089606,0.090088,0.226562,1.023438
343094606,0.086914,0.226318,1.019775
343099606,0.089844,0.227539,1.020508
343104606,0.088135,0.222412,1.017334
343109606,0.090088,0.226318,1.017334
343114606,0.094238,0.224365,1.025146
343119606,0.095947,0.225586,1.024902
343124606,0.092529,0.227539,1.018311
343129606,0.089844,0.22583,1.023682
343134606,0.088867,0.225098,1.025391
343139606,0.091309,0.226562,1.021729
343144606,0.089844,0.220215,1.025391
343149606,0.089355,0.220459,1.02002
343154606,0.090576,0.222412,1.023193
343159606,0.09082,0.225098,1.016602
343164606,0.087646,0.225098,1.025146
343169606,0.090332,0.223389,1.024902
343174606,0.091309,0.222168,1.019531
343179606,0.087646,0.224121,1.018799
343184606,0.087646,0.220703,1.020264
343189606,0.093994,0.219727,1.013184
343194606,0.094238,0.216064,1.02002
343199606,0.093018,0.21875,1.016113
343204606,0.091797,0.216797,1.02002
343209606,0.094482,0.216309,1.025635
343214606,0.095703,0.219482,1.021973
343219606,0.093018,0.220947,1.020996
343224606,0.091064,0.223145,1.029053
343229606,0.088379,0.225098,1.015625
343234606,0.091064,0.22998,1.021484
343239606,0.091309,0.22583,1.018311
343244606,0.088867,0.226318,1.025391
343249606,0.089844,0.226074,1.028076
343254606,0.090576,0.223633,1.015869
343259606,0.087402,0.229492,1.024658
343264606,0.091309,0.225098,1.027344
343269606,0.089355,0.223633,1.01709
343274606,0.091797,0.2229,1.019531
343279606,0.09082,0.224854,1.016113
343284606,0.0896,0.221191,1.020508
343289606,0.09375,0.225586,1.018799
343294606,0.095947,0.219727,1.026611
343299606,0.093018,0.223145,1.02002
343304606,0.088135,0.221436,1.023926
343309606,0.089111,0.225098,1.019043
343314606,0.092285,0.223389,1.026611
343319606,0.091309,0.22583,1.022705
343324606,0.085693,0.223633,1.018311
343329606,0.085449,0.226074,1.029785
343334606,0.089355,0.223389,1.021484
343339606,0.092529,0.227051,1.015869
343344606,0.094482,0.224121,1.023193
343349606,0.090088,0.224854,1.024414
343354606,0.093506,0.225342,1.020996
343359606,0.089111,0.223877,1.023438
343364606,0.089111,0.227539,1.022461
343369606,0.093262,0.2229,1.024902
343374606,0.0896,0.220459,1.022461
343379606,0.093994,0.224609,1.023926
343384606,0.090332,0.222656,1.017822
343389606,0.091309,0.222412,1.020996
343394606,0.094482,0.222168,1.023438
343399606,0.088379,0.2229,1.02002
343404606,0.091064,0.22583,1.024902
343409606,0.091064,0.22583,1.02124
343414606,0.091797,0.226074,1.018555
343419606,0.093506,0.224854,1.023193
343424606,0.092041,0.225098,1.021484
343429606,0.088379,0.219727,1.022461
343434606,0.093262,0.223877,1.025635
343439606,0.092041,0.2229,1.030273
343444606,0.091797,0.221436,1.022705
343449606,0.093994,0.223145,1.023926
343454606,0.091553,0.222656,1.018799
343459606,0.091309,0.220703,1.024414
343464606,0.088379,0.2229,1.017578
343469606,0.084961,0.225586,1.025146
343474606,0.0896,0.221924,1.022705
343479606,0.087402,0.225098,1.025146
343484606,0.091064,0.219971,1.022949
343489606,0.091064,0.22583,1.025879
343494606,0.089844,0.224121,1.018311
343499606,0.091553,0.227295,1.023438
343504606,0.092529,0.223877,1.022949
343509606,0.092041,0.220703,1.020752
343514606,0.091553,0.223145,1.027588
343519606,0.090332,0.219238,1.023926
343524606,0.09375,0.22168,1.015625
343529606,0.091309,0.227051,1.023438
343534606,0.088379,0.223633,1.02417
343539606,0.087646,0.227051,1.017334
343544606,0.088867,0.220459,1.023438
343549606,0.089111,0.217285,1.022705
343554606,0.091064,0.223633,1.024658
343559606,0.085693,0.2229,1.024902
343564606,0.091553,0.224609,1.021729
343569606,0.088867,0.227051,1.028076
343574606,0.088135,0.228271,1.028076
343579606,0.089844,0.226562,1.020752
343584606,0.092041,0.222412,1.020996
343589606,0.092773,0.223877,1.01416
343594606,0.087646,0.220703,1.020996
343599606,0.091553,0.221436,1.021729
343604606,0.087402,0.224365,1.022949
343609606,0.092529,0.224365,1.021729
343614606,0.08667,0.224365,1.020508
343619606,0.088867,0.225342,1.025879
343624606,0.088379,0.223633,1.023193
343629606,0.090088,0.223389,1.017578
343634606,0.0896,0.22998,1.027588
343639606,0.085937,0.22583,1.02124
343644606,0.088379,0.226074,1.02417
343649606,0.09375,0.225586,1.025635
343654606,0.090088,0.228027,1.020508
343659606,0.09375,0.221924,1.026855
343664606,0.094238,0.221436,1.014648
343669606,0.090088,0.222412,1.019531
343674606,0.093018,0.226807,1.018799
343679606,0.093018,0.224365,1.02124
343684606,0.085449,0.220947,1.010498
343689606,0.09375,0.223633,1.018066
343694606,0.086914,0.221924,1.019043
343699606,0.084961,0.222168,1.020996
343704606,0.089111,0.220703,1.022705
343709606,0.085449,0.223389,1.022217
343714606,0.091797,0.22168,1.028564
343719606,0.08667,0.2229,1.02417
343724606,0.085937,0.222412,1.016846
343729606,0.09668,0.225098,1.020264
343734606,0.089111,0.2229,1.020508
343739606,0.091064,0.218262,1.019287
343744606,0.091309,0.224365,1.025391
343749606,0.088135,0.225586,1.016602
343754606,0.092773,0.222656,1.020508
343759606,0.088623,0.219482,1.023926
343764606,0.087891,0.224121,1.025635
343769606,0.0896,0.227295,1.019531
343774606,0.087891,0.223145,1.021729
343779606,0.091064,0.227295,1.018799
343784606,0.089355,0.22583,1.019043
343789606,0.091797,0.221924,1.02417
343794606,0.091553,0.223389,1.025146
343799606,0.090576,0.221436,1.025146
343804606,0.091064,0.2229,1.025146
343809606,0.091064,0.22168,1.023926
343814606,0.092285,0.225098,1.026611
343819606,0.087158,0.226562,1.024658
343824606,0.091309,0.223633,1.021729
343829606,0.092285,0.223633,1.019531
343834606,0.089111,0.224365,1.024658
343839606,0.087646,0.226074,1.022461
343844606,0.092041,0.228027,1.025879
343849606,0.091309,0.223633,1.020996
343854606,0.090576,0.222168,1.020508
343859606,0.089111,0.22583,1.023193
343864606,0.089355,0.226807,1.019287
343869606,0.093262,0.224609,1.025146
343874606,0.092529,0.226074,1.019043
343879606,0.091064,0.220703,1.023926
343884606,0.093994,0.225586,1.021729
343889606,0.096436,0.226807,1.020752
343894606,0.092285,0.224609,1.016602
343899606,0.093506,0.22168,1.018066
343904606,0.088867,0.2229,1.01709
343909606,0.087891,0.220703,1.013184
343914606,0.094238,0.220459,1.012207
343919606,0.090332,0.222656,1.024414
343924606,0.090576,0.224365,1.020752
343929606,0.088867,0.222412,1.022217
343934606,0.084717,0.228271,1.024658
343939606,0.090088,0.222168,1.019287
343944606,0.087891,0.223389,1.029785
343949606,0.092041,0.22168,1.023682
343954606,0.093262,0.220947,1.022461
343959606,0.089844,0.22168,1.023193
343964606,0.090332,0.222656,1.018066
343969606,0.089111,0.225342,1.016602
343974606,0.0896,0.22876,1.02002
343979606,0.089355,0.22168,1.017822
343984606,0.089844,0.227295,1.023193
343989606,0.090088,0.220703,1.022949
343994606,0.088379,0.223633,1.021973
343999606,0.090332,0.223633,1.024902
344004606,0.092773,0.217773,1.026611
344009606,0.087402,0.220215,1.026611
344014606,0.087646,0.220215,1.016846
344019606,0.091797,0.22876,1.019043
344024606,0.092529,0.226318,1.01709
344029606,0.086914,0.226318,1.023682
344034606,0.088379,0.225342,1.020264
344039606,0.088867,0.223389,1.027588
344044606,0.092773,0.225342,1.02124
344049606,0.094727,0.224609,1.023438
344054606,0.092529,0.22168,1.025879
344059606,0.091064,0.22168,1.022949
344064606,0.088379,0.221924,1.022217
344069606,0.089355,0.220703,1.02002
344074606,0.088867,0.225342,1.019287
344079606,0.091309,0.222656,1.01709
344084606,0.089355,0.227783,1.023193
344089606,0.0896,0.225098,1.021484
344094606,0.088867,0.228027,1.022705
344099606,0.090088,0.221436,1.021973
344104606,0.0896,0.228027,1.0271
344109606,0.085449,0.2229,1.025635
344114606,0.09375,0.228271,1.02124
344119606,0.092041,0.223633,1.025391
344124606,0.090088,0.220215,1.022217
344129606,0.087646,0.226562,1.018066
344134606,0.090332,0.222412,1.020508
344139606,0.091553,0.221191,1.02124
344144606,0.092529,0.222412,1.022217
344149606,0.088379,0.222168,1.018311
344154606,0.092773,0.220459,1.017578
344159606,0.086914,0.223145,1.015869
344164606,0.090088,0.222656,1.019531
344169606,0.094482,0.22168,1.020264
344174606,0.088623,0.226807,1.022217
344179606,0.090088,0.224854,1.023926
344184606,0.093994,0.224854,1.023193
344189606,0.09082,0.226074,1.024658
344194606,0.093262,0.2229,1.023193
344199606,0.0896,0.224854,1.024658
344204606,0.090576,0.224365,1.025635
344209606,0.089844,0.2229,1.020996
344214606,0.091553,0.226807,1.023438
344219606,0.089844,0.225586,1.017334
344224606,0.088135,0.224365,1.020508
344229606,0.089844,0.225342,1.024902
344234606,0.088135,0.222412,1.029785
344239606,0.091553,0.222656,1.0271
344244606,0.087646,0.224365,1.02124
344249606,0.089355,0.223145,1.02002
344254606,0.091797,0.223633,1.024902
344259606,0.088379,0.219727,1.022461
344264606,0.093018,0.223145,1.024902
344269606,0.087891,0.227295,1.027588
344274606,0.09082,0.222656,1.026855
344279606,0.092285,0.225586,1.024658
344284606,0.08667,0.224609,1.026855
344289606,0.087646,0.222168,1.021484
344294606,0.090576,0.223389,1.02124
344299606,0.0896,0.224365,1.021484
344304606,0.090088,0.225342,1.024658
344309606,0.088867,0.225342,1.025635
344314606,0.088867,0.221436,1.017822
344319606,0.086426,0.225586,1.018311
344324606,0.091064,0.226074,1.018555
344329606,0.0896,0.223877,1.019531
344334606,0.088623,0.218994,1.027832
344339606,0.091553,0.223389,1.023926
344344606,0.087646,0.224854,1.02417
344349606,0.091797,0.220947,1.018311
344354606,0.090332,0.223877,1.016846
344359606,0.093018,0.222412,1.018066
344364606,0.091309,0.225586,1.023438
344369606,0.09082,0.220947,1.022461
344374606,0.094482,0.224365,1.021484
344379606,0.092285,0.2229,1.019531
344384606,0.087891,0.223877,1.017334
344389606,0.091309,0.222656,1.019043
344394606,0.093262,0.221191,1.029297
344399606,0.092041,0.22168,1.018799
344404606,0.087646,0.224121,1.021484
344409606,0.088379,0.224121,1.02002
344414606,0.093262,0.228516,1.025391
344419606,0.089844,0.224121,1.018555
344424606,0.088135,0.224609,1.023926
344429606,0.087891,0.222412,1.018066
344434606,0.092773,0.224365,1.017578
344439606,0.091309,0.216309,1.021484
344444606,0.091553,0.220215,1.02002
344449606,0.091064,0.218994,1.019287
344454606,0.093262,0.223633,1.021729
344459606,0.089844,0.224854,1.021729
344464606,0.088867,0.223145,1.02832
344469606,0.088623,0.226074,1.022461
344474606,0.0896,0.224609,1.02124
344479606,0.0896,0.223877,1.015381
344484606,0.090088,0.2229,1.025635
344489606,0.088379,0.223633,1.022705
344494606,0.088623,0.227295,1.024414
344499606,0.089355,0.226074,1.026855
344504606,0.088867,0.225098,1.025635
344509606,-0.157715,2.021973,3.999878
344514606,-1.17749,1.757813,-0.551758
344519606,-1.543457,1.67749,0.249023
344524606,0.29541,0.871826,0.123291
344529606,0.074463,1.328857,1.455322
344534606,0.267578,0.856689,0.627441
344539606,0.123535,0.206055,1.035156
344544606,0.032715,0.387695,1.050537
344549606,0.063965,0.256104,1.019043
344554606,0.133057,0.183594,0.963867
344559606,0.116943,0.168701,1.011963
344564606,0.103027,0.203369,1.054932
344569606,0.258057,0.651855,3.999878
344574606,-0.383301,0.253418,1.0896
344579606,0.177979,0.234375,0.85083
344584606,0.026123,0.19751,1.008301
344589606,0.118896,0.158203,0.990723
344594606,0.11792,0.178467,1.02124
344599606,0.040771,0.225586,0.894775
344604606,0.641602,1.264648,-4.0
344609606,-0.244873,0.427979,1.098633
344614606,0.153809,0.226807,0.872314
344619606,0.068359,0.22583,0.989502
344624606,0.136475,0.235107,1.075684
344629606,0.093994,0.198486,1.103027
344634606,0.184814,0.185059,1.237305
344639606,0.106934,0.261475,0.984131
344644606,0.054687,0.21875,0.976807
344649606,0.087158,0.234863,1.012451
344654606,0.086426,0.224121,1.003418
344659606,0.105713,0.227051,1.067627
344664606,0.107422,0.2229,1.048096
344669606,0.090088,0.202637,1.220459
344674606,-0.416504,0.261719,0.478271
344679606,0.068359,0.171143,0.82666
344684606,0.081055,0.234375,0.982666
344689606,0.094482,0.239502,1.043213
344694606,0.08252,0.195068,1.025146
344699606,0.093262,0.229736,1.026855
344704606,0.086914,0.223145,1.026855
344709606,0.085693,0.224121,1.024658
344714606,0.095947,0.235352,1.025391
344719606,0.111816,0.094238,1.044189
344724606,-0.580322,0.19751,0.963867
344729606,0.204102,0.232178,0.912598
344734606,0.057861,0.215088,0.987549
344739606,0.105713,0.237549,1.114014
344744606,0.226807,0.211426,1.143799
344749606,0.019043,0.240723,1.033203
344754606,0.140625,0.223145,0.981934
344759606,0.051758,0.213379,0.978516
344764606,0.085693,0.237061,1.002197
344769606,0.110352,0.209717,1.028564
344774606,0.071045,0.227539,1.024658
344779606,0.102051,0.225098,1.043457
344784606,0.080322,0.218018,1.016357
344789606,0.078125,0.230225,1.01709
344794606,0.076904,0.231201,1.003906
344799606,0.089355,0.222656,1.011475
344804606,0.089355,0.223633,1.010254
344809606,0.093018,0.219482,1.020508
344814606,0.091553,0.220703,1.031738
344819606,0.093018,0.223877,1.027832
344824606,0.084961,0.226074,1.025879
344829606,0.087402,0.228516,1.014893
344834606,0.083496,0.22583,1.007324
344839606,0.087891,0.221924,1.001221
344844606,0.088135,0.218262,1.003906
344849606,0.091553,0.220947,1.011719
344854606,0.088623,0.224609,1.022705
344859606,0.093018,0.225098,1.025146
344864606,0.088623,0.226807,1.02124
344869606,0.08667,0.222168,1.026611
344874606,0.088623,0.219238,1.031738
344879606,0.092285,0.218994,1.030029
344884606,0.094482,0.222656,1.031738
344889606,0.095947,0.22168,1.028809
344894606,0.085205,0.229492,1.022949
344899606,0.081543,0.229492,1.009277
344904606,0.083496,0.225098,1.020264
344909606,0.088379,0.223145,1.023193
344914606,0.091797,0.218262,1.021973
344919606,0.09375,0.217285,1.018799
344924606,0.088135,0.222656,1.022217
344929606,0.087402,0.225586,1.019043
344934606,0.087891,0.226562,1.025146
344939606,0.088623,0.221436,1.02002
344944606,0.086426,0.226318,1.022461
344949606,0.0896,0.225098,1.017334
344954606,0.094727,0.223389,1.016602
344959606,0.088379,0.2229,1.02124
344964606,0.087646,0.224365,1.025635
344969606,0.090088,0.230225,1.02124
344974606,0.09082,0.22168,1.02002
344979606,0.095703,0.220947,1.01416
344984606,0.09082,0.221436,1.018799
344989606,0.091309,0.222412,1.016113
344994606,0.092041,0.224365,1.02124
344999606,0.087402,0.227295,1.02124
345004606,0.087158,0.224854,1.021729
345009606,0.089355,0.224365,1.021484
345014606,0.085449,0.223145,1.020508
345019606,0.088623,0.224854,1.021729
345024606,0.091797,0.223389,1.026123
345029606,0.092041,0.223877,1.023926
345034606,0.091553,0.228027,1.02832
345039606,0.089355,0.225342,1.023438
345044606,0.087158,0.224609,1.020752
345049606,0.090576,0.219727,1.021484
345054606,0.092285,0.219482,1.016602
345059606,0.087646,0.223877,1.019775
345064606,0.088379,0.222656,1.023438
345069606,0.086914,0.226318,1.025879
345074606,0.095215,0.227051,1.02124
345079606,0.091064,0.2229,1.026367
345084606,0.091064,0.223389,1.026611
345089606,0.090576,0.218262,1.029297
345094606,0.095215,0.224609,1.016602
345099606,0.090088,0.224365,1.018311
345104606,0.090332,0.221436,1.020752
345109606,0.088135,0.223389,1.022217
345114606,0.088867,0.227539,1.026123
345119606,0.087891,0.225586,1.023438
345124606,0.094482,0.222412,1.023193
345129606,0.085205,0.222412,1.016846
345134606,0.088623,0.225342,1.023682
345139606,0.09082,0.224854,1.028809
345144606,0.088867,0.227295,1.020996
345149606,0.086914,0.220947,1.019287
345154606,0.094727,0.226074,1.022461
345159606,0.088135,0.221924,1.024414
345164606,0.089844,0.22168,1.0271
345169606,0.090576,0.218994,1.02124
345174606,0.084229,0.2229,1.02124
345179606,0.090332,0.225098,1.024414
345184606,0.087891,0.227539,1.023438
345189606,0.087891,0.2229,1.029297
345194606,0.085205,0.226807,1.024658
345199606,0.088867,0.222168,1.022705
345204606,0.092285,0.223145,1.026611
345209606,0.09082,0.227539,1.02417
345214606,0.088867,0.221436,1.019043
345219606,0.085693,0.224121,1.025146
345224606,0.0896,0.221436,1.020264
345229606,0.09082,0.223389,1.019043
345234606,0.090332,0.221436,1.025635
345239606,0.086426,0.222412,1.024902
345244606,0.086914,0.227783,1.023193
345249606,0.091064,0.223389,1.017578
345254606,0.090332,0.22998,1.017822
345259606,0.095215,0.223145,1.021729
345264606,0.089844,0.220947,1.025879
345269606,0.087158,0.224365,1.022461
345274606,0.088379,0.223633,1.021729
345279606,0.088379,0.216064,1.019043
345284606,0.0896,0.22876,1.015381
345289606,0.087891,0.2229,1.026367
345294606,0.0896,0.226318,1.020508
345299606,0.088379,0.222412,1.016357
345304606,0.089844,0.221436,1.020752
345309606,0.088135,0.224609,1.018066
345314606,0.0896,0.224121,1.022949
345319606,0.087646,0.227051,1.023926
345324606,0.091064,0.221436,1.021973
345329606,0.087891,0.2229,1.020752
345334606,0.091064,0.217773,1.026611
345339606,0.091064,0.221436,1.023926
345344606,0.088867,0.22168,1.022461
345349606,0.085693,0.22583,1.015137
345354606,0.089355,0.228271,1.018799
345359606,0.087891,0.222412,1.023926
345364606,0.087646,0.225342,1.020508
345369606,0.091309,0.230225,1.021973
345374606,0.083984,0.226807,1.018555
345379606,0.088135,0.224121,1.026123
345384606,0.093506,0.223145,1.027588
345389606,0.086426,0.224854,1.022949
345394606,0.089844,0.225098,1.024414
345399606,0.086182,0.222656,1.018311
345404606,0.088867,0.221191,1.018311
345409606,0.092529,0.227783,1.013428
345414606,0.08667,0.21875,1.019043
345419606,0.089844,0.226074,1.016602
345424606,0.090332,0.225342,1.02124
345429606,0.087158,0.224365,1.019043
345434606,0.09375,0.225098,1.017334
345439606,0.087891,0.218506,1.027832
345444606,0.086182,0.223633,1.022217
345449606,0.092529,0.223633,1.020264
345454606,0.090332,0.226074,1.019287
345459606,0.087402,0.222412,1.028564
345464606,0.092285,0.224854,1.016846
345469606,0.086914,0.227783,1.024414
345474606,0.089844,0.228027,1.019531
345479606,0.084473,0.224365,1.020752
345484606,0.091064,0.223389,1.018555
345489606,0.093506,0.225098,1.021729
345494606,0.087891,0.222168,1.017578
345499606,0.088135,0.224854,1.017822
345504606,0.093018,0.222168,1.019531
345509606,0.09082,0.224854,1.023682
345514606,0.091553,0.225342,1.017578
345519606,0.088623,0.222656,1.025146
345524606,0.086914,0.221924,1.02417
345529606,0.092529,0.225342,1.027588
345534606,0.088135,0.223389,1.021484
345539606,0.088623,0.223877,1.020996
345544606,0.087402,0.224365,1.02124
345549606,0.083008,0.223877,1.023682
345554606,0.092529,0.219482,1.018066
345559606,0.088867,0.224609,1.019287
345564606,0.088379,0.225586,1.018799
345569606,0.091309,0.223877,1.021729
345574606,0.085937,0.225098,1.018311
345579606,0.087891,0.222656,1.021729
345584606,0.092529,0.225586,1.024902
345589606,0.089355,0.220215,1.020508
345594606,0.090088,0.223633,1.022949
345599606,0.093262,0.224609,1.01709
345604606,0.087646,0.219971,1.0271
345609606,0.092773,0.221924,1.02124
345614606,0.087646,0.222168,1.022461
345619606,0.087891,0.220215,1.02002
345624606,0.092529,0.220947,1.02002
345629606,0.08667,0.225586,1.02124
345634606,0.087891,0.225586,1.025879
345639606,0.0896,0.226074,1.023926
345644606,0.085693,0.226074,1.021973
345649606,0.090088,0.226807,1.025635
345654606,0.092773,0.222412,1.018799
345659606,0.087891,0.224609,1.022217
345664606,0.088867,0.223877,1.019043
345669606,0.089111,0.226318,1.017334
345674606,0.090088,0.227051,1.021484
345679606,0.091309,0.219482,1.021973
345684606,0.0896,0.2229,1.022461
345689606,0.093018,0.22168,1.023438
345694606,0.087402,0.217041,1.022461
345699606,0.087891,0.227051,1.022705
345704606,0.09082,0.223633,1.021729
345709606,0.087158,0.226318,1.015869
345714606,0.087158,0.224609,1.02124
345719606,0.089111,0.224854,1.018555
345724606,0.088867,0.224609,1.018311
345729606,0.091797,0.225586,1.022949
345734606,0.090576,0.226807,1.01709
345739606,0.085693,0.222168,1.024902
345744606,0.092773,0.228271,1.021484
345749606,0.085449,0.223633,1.022461
345754606,0.091064,0.222656,1.019043
345759606,0.093018,0.220215,1.021729
345764606,0.091064,0.223877,1.020508
345769606,0.091553,0.221924,1.0271
345774606,0.090332,0.224365,1.02124
345779606,0.090088,0.224854,1.021729
345784606,0.092773,0.223145,1.025635
345789606,0.085693,0.22583,1.0271
345794606,0.086182,0.22168,1.023193
345799606,0.09082,0.223633,1.021973
345804606,0.089844,0.22583,1.018066
345809606,0.089844,0.224365,1.023438
345814606,0.086914,0.221924,1.023682
345819606,0.088623,0.227539,1.022217
345824606,0.087402,0.225342,1.025391
345829606,0.08252,0.226074,1.026123
345834606,0.087891,0.227051,1.020752
345839606,0.087891,0.226318,1.016846
345844606,0.084961,0.220215,1.019043
345849606,0.089111,0.222412,1.021973
345854606,0.092773,0.222168,1.019775
345859606,0.091309,0.224121,1.025635
345864606,0.088135,0.223145,1.019775
345869606,0.090576,0.224854,1.024658
345874606,0.092773,0.224854,1.022461
345879606,0.092285,0.222168,1.019531
345884606,0.086914,0.225586,1.021973
345889606,0.091309,0.2229,1.018555
345894606,0.087891,0.229492,1.024902
345899606,0.085205,0.224854,1.022705
345904606,0.087158,0.222412,1.026611
345909606,0.089355,0.224365,1.018555
345914606,0.086914,0.223389,1.01416
345919606,0.089844,0.2229,1.019287
345924606,0.084229,0.219971,1.020508
345929606,0.088135,0.2229,1.025146
345934606,0.087646,0.218262,1.025879
345939606,0.092041,0.220947,1.021484
345944606,0.088867,0.220703,1.013184
345949606,0.087402,0.224609,1.023193
345954606,0.0896,0.227051,1.021484
345959606,0.088867,0.22583,1.020264
345964606,0.084961,0.225586,1.020508
345969606,0.09082,0.222656,1.026611
345974606,0.088623,0.228271,1.024902
345979606,0.089111,0.225586,1.022461
345984606,0.092529,0.225586,1.026855
345989606,0.091309,0.223877,1.020752
345994606,0.092773,0.224121,1.013916
345999606,0.09375,0.219971,1.025391
346004606,0.090332,0.21875,1.026367
346009606,0.088623,0.2229,1.023926
346014606,0.091064,0.221924,1.022217
346019606,0.093994,0.221191,1.019043
346024606,0.094971,0.2229,1.028809
346029606,0.087158,0.222412,1.027832
346034606,0.09082,0.224854,1.0271
346039606,0.086426,0.224854,1.018555
346044606,0.087891,0.226807,1.027588
346049606,0.08667,0.223633,1.022461
346054606,0.08667,0.227051,1.027344
346059606,0.090576,0.228027,1.023682
346064606,0.089844,0.223145,1.022461
346069606,0.089844,0.225586,1.016846
346074606,-2.122559,2.972656,2.547363
346079606,1.732178,0.147949,-2.745605
346084606,-0.473145,0.585205,-1.672607
346089606,-0.726807,1.679688,-2.763428
346094606,0.041992,1.896484,-0.289551
346099606,-1.092773,0.866211,-0.29126
346104606,-0.281982,1.397705,0.193604
346109606,-0.138184,1.233887,1.099121
346114606,-0.904541,1.342529,-0.425049
346119606,-0.594971,0.104004,0.739014
346124606,-0.524658,0.202881,0.45752
346129606,-1.479004,2.626953,-0.188477
346134606,0.032227,0.372803,1.108643
346139606,0.096436,0.381836,1.071533
346144606,0.058838,0.217529,1.178223
346149606,0.105469,0.241699,0.873047
346154606,0.099365,0.12085,0.890137
346159606,-0.864258,1.958984,0.061279
346164606,-0.221924,1.828857,0.018066
346169606,-3.031738,2.565918,-0.56543
346174606,-0.060059,0.504639,0.891113
346179606,0.156738,0.156494,0.857422
346184606,0.082275,0.195557,-0.146729
346189606,0.002686,0.176025,0.949707
346194606,0.14502,0.216064,0.952637
346199606,0.039795,0.286133,1.033936
346204606,0.108887,0.132568,0.956787
346209606,-0.010254,0.556641,-1.069824
346214606,0.00708,0.259277,1.157715
346219606,-0.11499,0.468506,0.015625
346224606,-0.024414,0.260254,0.789062
346229606,-0.496094,0.493164,0.495117
346234606,0.070068,0.324463,1.291992
346239606,0.06665,0.25708,0.989502
346244606,0.05127,0.091309,-0.333252
346249606,-0.229248,0.255615,1.399658
346254606,0.434814,0.17041,1.479004
346259606,-0.008789,0.259277,0.866455
346264606,0.074219,0.270996,1.059326
346269606,0.06665,0.223633,0.962402
346274606,0.121338,0.251709,1.086914
346279606,0.118896,0.213623,1.099609
346284606,0.074951,0.199219,0.929687
346289606,0.064453,0.219727,1.015869
346294606,0.156494,0.209229,1.150146
346299606,0.070557,0.201416,0.997803
346304606,0.127686,0.229492,1.120117
346309606,0.098389,0.242676,1.076172
346314606,0.033447,0.234863,0.981934
346319606,0.098145,0.231445,1.094727
346324606,0.117676,0.208008,0.949219
346329606,0.045654,0.205566,0.939697
346334606,0.104492,0.205322,1.008301
346339606,0.081299,0.224854,0.948242
346344606,0.074707,0.249268,1.016357
346349606,0.071045,0.23291,1.041016
346354606,0.09375,0.244629,1.053467
346359606,0.093994,0.219971,0.992187
346364606,0.094727,0.215332,1.062012
346369606,0.100098,0.243408,1.079346
346374606,0.086914,0.227539,0.998047
346379606,0.084961,0.228027,1.045654
346384606,0.100098,0.245117,1.079834
346389606,0.084229,0.224365,0.998291
346394606,0.087646,0.223877,1.030029
346399606,0.094482,0.228516,1.019775
346404606,0.091553,0.21875,1.018311
346409606,0.088135,0.223877,1.023926
346414606,0.09082,0.230469,1.026367
346419606,0.085937,0.226318,1.026611
346424606,0.084229,0.22998,1.016602
346429606,0.083496,0.221191,1.012939
346434606,0.09082,0.21582,1.012451
346439606,0.089111,0.221436,1.019775
346444606,0.088867,0.223145,1.026611
346449606,0.089355,0.226807,1.029053
346454606,0.082275,0.233398,1.021484
346459606,0.089355,0.225342,1.022949
346464606,0.087402,0.225342,1.025146
346469606,0.089111,0.221191,1.023438
346474606,0.091064,0.224365,1.021973
346479606,0.088379,0.224854,1.023926
346484606,0.088867,0.226318,1.017578
346489606,0.086914,0.230469,1.02002
346494606,0.088379,0.22583,1.022217
346499606,0.089844,0.225098,1.019043
346504606,0.092773,0.218262,1.018066
346509606,0.087402,0.21875,1.025146
346514606,0.085693,0.225586,1.022949
346519606,0.088867,0.223633,1.019775
346524606,0.08667,0.230713,1.021729
346529606,0.088135,0.228027,1.023682
346534606,0.088135,0.224609,1.019287
346539606,0.092285,0.224854,1.021729
346544606,0.092529,0.224609,1.022949
346549606,0.088379,0.224854,1.021729
346554606,0.091797,0.229736,1.021729
346559606,0.086182,0.23291,1.023926
346564606,0.088379,0.226318,1.022461
346569606,0.085205,0.230225,1.024414
346574606,0.085937,0.223633,1.020264
346579606,0.087402,0.22583,1.02124
346584606,0.090332,0.22583,1.026123
346589606,0.082764,0.222412,1.019287
346594606,0.088379,0.231201,1.019531
346599606,0.092773,0.226318,1.019775
346604606,0.089355,0.220947,1.02417
346609606,0.091553,0.223633,1.016357
346614606,0.089844,0.220703,1.026367
346619606,0.091309,0.223389,1.019775
346624606,0.091553,0.223145,1.023438
346629606,0.088379,0.226562,1.019287
346634606,0.0896,0.228516,1.018311
346639606,0.089844,0.225586,1.027344
346644606,0.088623,0.225098,1.015381
346649606,0.102539,0.210449,0.970459
346654606,0.10083,0.209473,1.047119
346659606,0.095947,0.207764,1.014893
346664606,0.106934,0.210693,1.025879
346669606,0.071045,0.244873,1.005371
346674606,0.094238,0.24707,1.041748
346679606,0.068848,0.265137,1.01123
346684606,0.062012,0.222656,1.009766
346689606,0.071777,0.254883,1.033447
346694606,0.087646,0.236816,1.031738
346699606,0.086182,0.232178,1.018555
346704606,0.083984,0.24292,1.027344
346709606,0.08374,0.228027,1.018555
346714606,0.101318,0.209229,1.016602
346719606,0.109375,0.188477,1.001953
346724606,0.111572,0.184814,1.000244
346729606,0.097168,0.204346,1.010498
346734606,0.091064,0.220459,1.011963
346739606,0.097412,0.230469,1.015625
346744606,0.089355,0.223877,1.032715
346749606,0.083008,0.22168,1.029785
346754606,0.090576,0.226318,1.013184
346759606,0.086426,0.229248,1.022217
346764606,0.082764,0.231689,1.02124
346769606,0.079102,0.241699,1.02832
346774606,0.078613,0.244141,1.028564
346779606,0.076416,0.236816,1.027344
346784606,0.083984,0.231201,1.019775
346789606,0.088867,0.222168,1.016602
346794606,0.085449,0.215576,1.020264
346799606,0.088623,0.230469,1.023926
346804606,0.080322,0.234375,1.023926
346809606,0.08252,0.224121,1.018311
346814606,0.091309,0.217773,1.002197
346819606,0.086182,0.206543,1.01416
346824606,0.109375,0.21582,1.052979
346829606,0.05542,0.189209,0.98584
346834606,0.112061,0.244873,1.062988
346839606,0.128418,0.250732,1.104004
346844606,0.086182,0.220947,0.97168
346849606,0.066406,0.222168,0.908936
346854606,0.061523,0.233887,1.001953
346859606,0.089844,0.221436,1.048828
346864606,0.085937,0.211426,0.98877
346869606,0.083252,0.222656,1.022217
346874606,0.090332,0.22876,1.013184
346879606,0.085449,0.236816,1.01709
346884606,0.084229,0.220703,1.012939
346889606,0.083008,0.227295,1.022461
346894606,0.092041,0.224609,1.022705
346899606,0.090088,0.214844,1.010254
346904606,0.091553,0.222656,1.013916
346909606,0.087646,0.222412,1.020264
346914606,0.092041,0.227295,1.02124
346919606,0.088623,0.229248,1.020508
346924606,0.0896,0.225342,1.019531
346929606,0.092529,0.218018,1.014648
346934606,0.091797,0.2229,1.019775
346939606,0.090332,0.223145,1.025146
