timestamp_us,x_g,y_g,z_g
617,0.222168,0.19458,1.008057
3202034617,0.227051,0.206055,1.008301
3202039617,0.219971,0.199463,0.997314
3202044617,0.222412,0.202637,0.999268
3202049617,0.226807,0.204834,1.007813
3202054617,0.22876,0.200195,1.009521
3202059617,0.218018,0.19751,1.000977
3202064617,0.224854,0.200439,1.015625
3202069617,0.223877,0.206299,1.01123
3202074617,0.227783,0.189697,0.993408
3202079617,0.224121,0.195801,1.003662
3202084617,0.224609,0.20459,1.014648
3202089617,0.226807,0.197754,1.004639
3202094617,0.21582,0.198486,1.007324
3202099617,0.228271,0.199463,1.002197
3202104617,0.223633,0.204102,1.008545
3202109617,0.224365,0.202148,1.009033
3202114617,0.228027,0.196045,1.007324
3202119617,0.22168,0.203857,1.005371
3202124617,0.228271,0.200195,1.004883
3202129617,0.220459,0.203613,1.003174
3202134617,0.220459,0.202637,1.012695
3202139617,0.222168,0.200684,1.005127
3202144617,0.225098,0.203125,1.008789
3202149617,0.225098,0.202881,1.010498
3202154617,0.222656,0.203369,1.00415
3202159617,0.217773,0.201172,1.007813
3202164617,0.227539,0.199951,1.006104
3202169617,0.224121,0.200195,1.005615
3202174617,0.221924,0.199219,1.005127
3202179617,0.220459,0.195801,1.00415
3202184617,0.226807,0.205078,1.006592
3202189617,0.225586,0.197266,1.00415
3202194617,0.224854,0.200195,1.00708
3202199617,0.224854,0.203613,1.008545
3202204617,0.224121,0.200684,1.002441
3202209617,0.221436,0.201172,1.005859
3202214617,0.228027,0.197754,1.00708
3202219617,0.223145,0.201416,1.001465
3202224617,0.221191,0.203125,1.002197
3202229617,0.218506,0.200439,1.009521
3202234617,0.220215,0.206543,1.005859
3202239617,0.221924,0.200928,1.005859
3202244617,0.223633,0.19751,1.004395
3202249617,0.225098,0.195801,1.005127
3202254617,0.221191,0.199951,1.00293
3202259617,0.225098,0.196777,1.004883
3202264617,0.223389,0.199707,1.006348
3202269617,0.221436,0.197998,1.013428
3202274617,0.223389,0.196045,1.007324
3202279617,0.226074,0.200439,1.007813
3205044617,0.219971,0.198486,1.007324
3205049617,0.218018,0.199219,1.008789
3205054617,0.218018,0.194824,1.00708
3205059617,0.215576,0.195068,1.0
3205064617,0.224121,0.196533,1.010254
3205069617,0.21875,0.200928,1.012207
3205074617,0.227295,0.204346,1.008057
3205079617,0.223877,0.206055,1.000488
3205084617,0.226318,0.200684,1.002197
3205089617,0.226074,0.204346,1.01123
3205094617,0.221924,0.210693,1.007324
3205099617,0.226074,0.202881,1.008545
3205104617,0.226562,0.204346,1.000977
3205109617,0.223633,0.203125,1.000977
3205114617,0.224365,0.203125,1.010254
3205119617,0.223145,0.200928,1.003906
3205124617,0.219482,0.206543,1.008301
3205129617,0.226562,0.199951,1.009521
3205134617,0.224365,0.204102,1.019287
3205139617,0.226807,0.19873,1.008789
3205144617,0.221191,0.202637,1.007813
3205149617,0.2229,0.199951,1.003418
3205154617,0.224609,0.199951,1.005859
3205159617,0.222412,0.200195,1.005859
3205164617,0.224609,0.196533,1.007568
3205169617,0.226807,0.203857,1.003174
3205174617,0.21875,0.207764,1.003174
3205179617,0.224365,0.201416,1.042236
3205184617,0.210693,0.201904,0.97583
3205189617,0.231445,0.185791,0.979736
3205194617,0.206543,0.199463,1.021973
3205199617,0.235107,0.186523,1.020508
3205204617,0.224121,0.202393,1.037598
3205209617,0.221191,0.212891,0.991455
3205214617,0.221191,0.185059,1.049072
3205219617,0.216064,0.208252,0.986572
3205224617,0.21875,0.197266,0.997803
3205229617,0.222168,0.221436,0.991943
3205234617,0.211182,0.20166,1.00708
3205239617,0.226562,0.206055,1.017334
3205244617,0.221924,0.200439,1.005859
3205249617,0.238037,0.215088,1.015381
3205254617,0.214111,0.191895,0.998535
3205259617,0.219482,0.188232,1.014893
3205264617,0.238525,0.202148,1.020508
3205269617,0.232178,0.203857,1.011719
3205274617,0.221436,0.192871,1.002686
3205279617,0.225098,0.206787,1.005859
3205284617,0.229492,0.197266,0.985107
3205289617,0.224609,0.210937,1.008789
3205294617,0.221924,0.195312,0.990479
3205299617,0.210449,0.186035,0.998291
3205304617,0.219238,0.202881,1.028809
3205309617,0.231445,0.208984,1.01709
3205314617,0.219971,0.200195,1.001465
3205319617,0.215576,0.201416,1.003662
3205324617,0.226318,0.201904,1.000732
3205329617,0.2229,0.212158,1.012695
3205334617,0.233154,0.210449,1.013184
3205339617,0.226562,0.203369,1.001465
3205344617,0.218018,0.204102,1.001953
3205349617,0.227051,0.20166,1.01123
3205354617,0.227295,0.204102,1.013428
3205359617,0.226074,0.196289,1.01416
3205364617,0.224609,0.19873,0.996094
3205369617,0.217041,0.203613,1.005371
3205374617,0.223633,0.200684,1.007324
3205379617,0.227295,0.196289,0.99707
3205384617,0.225342,0.191162,1.007568
3205389617,0.221191,0.189697,1.009766
3205394617,0.220703,0.201904,1.012695
3205399617,0.224121,0.202393,1.01123
3205404617,0.222656,0.202637,1.000732
3205409617,0.224121,0.203125,0.997803
3205414617,0.226562,0.201172,1.001465
3205419617,0.220459,0.200684,1.007324
3205424617,0.222656,0.203369,1.014893
3205429617,0.22876,0.209961,1.014893
3205434617,0.224365,0.204346,1.01123
3205439617,0.2229,0.206787,1.005615
3205444617,0.220459,0.197021,1.00293
3205449617,0.223633,0.201416,1.00293
3205454617,0.228027,0.198486,1.008301
3205459617,0.218018,0.198975,1.010254
3205464617,0.219482,0.202393,1.012207
3205469617,0.223633,0.19751,1.008789
3205474617,0.222656,0.199463,1.000244
3205479617,0.229248,0.203125,1.00293
3205484617,0.21875,0.203369,1.003174
3205489617,0.221924,0.204346,1.011963
3205494617,0.228027,0.205078,1.006104
3205499617,0.220947,0.201416,1.006104
3205504617,0.22583,0.200928,1.004395
3205509617,0.223877,0.202637,1.005615
3205514617,0.216064,0.20874,1.006592
3205519617,0.234131,0.208496,1.010742
3205524617,0.225586,0.203369,1.003418
3205529617,0.218018,0.200195,1.015381
3205534617,0.224121,0.200928,1.00708
3205539617,0.218506,0.194336,1.002441
3205544617,0.220459,0.198486,1.015137
3205549617,0.227539,0.203613,1.001221
3205554617,0.222168,0.195312,0.99707
3205559617,0.226562,0.197998,1.00293
3205564617,0.224365,0.196533,1.004883
3205569617,0.230469,0.193604,1.008301
3205574617,0.22583,0.199463,1.004395
3205579617,0.219482,0.204102,1.005859
3205584617,0.222656,0.201904,1.009766
3205589617,0.224854,0.196777,1.003906
3205594617,0.222412,0.201904,1.002441
3205599617,0.226562,0.203125,1.010498
3205604617,0.218018,0.202637,1.014648
3205609617,0.223877,0.206543,1.011475
3205614617,0.226074,0.202148,1.012451
3205619617,0.222168,0.201416,1.006348
3205624617,0.225586,0.199951,1.010498
3205629617,0.222168,0.195068,1.006348
3205634617,0.224365,0.194336,1.009766
3205639617,0.226807,0.196045,1.015381
3205644617,0.22168,0.199951,1.008789
3205649617,0.226318,0.200195,1.012939
3205654617,0.227051,0.192871,1.00293
3205659617,0.220459,0.206055,1.009277
3205664617,0.224854,0.201904,1.001221
3205669617,0.219482,0.202148,1.008545
3205674617,0.219238,0.201904,1.003662
3205679617,0.223145,0.202637,1.008789
3205684617,0.222412,0.201416,1.006836
3205689617,0.226807,0.205566,1.010498
3205694617,0.223145,0.201172,1.008057
3205699617,0.220459,0.203613,1.008545
3205704617,0.226562,0.200928,1.00415
3205709617,0.222656,0.201416,1.006836
3205714617,0.224365,0.198486,1.008545
3205719617,0.223389,0.201416,1.006348
3205724617,0.221924,0.200928,1.006348
3205729617,0.224121,0.199463,1.005127
3205734617,0.224854,0.203369,1.003662
3205739617,0.224365,0.200439,1.01416
3205744617,0.223145,0.198975,1.009277
3205749617,0.224609,0.195312,1.003906
3205754617,0.220215,0.197754,1.005615
3205759617,0.221191,0.199707,1.005127
3205764617,0.220947,0.202393,1.007568
3205769617,0.222168,0.201904,1.009521
3205774617,0.223633,0.196533,1.013672
3205779617,0.226807,0.196777,1.005859
3205784617,0.225098,0.197998,1.01001
3205789617,0.222656,0.201416,1.005127
3205794617,0.226074,0.203125,1.007324
3205799617,0.223633,0.197754,1.001709
3205804617,0.219482,0.200928,1.006836
3205809617,0.224121,0.197998,1.006836
3205814617,0.221191,0.202148,1.009033
3205819617,0.225098,0.203613,1.008057
3205824617,0.221924,0.198486,1.006348
3205829617,0.223633,0.198486,1.001465
3205834617,0.225586,0.196289,1.002686
3205839617,0.222168,0.196045,1.006836
3205844617,0.225342,0.203369,1.008545
3205849617,0.224609,0.197998,1.006836
3205854617,0.22583,0.19751,1.000244
3205859617,0.225098,0.204346,1.011963
3205864617,0.227295,0.197998,1.006348
3205869617,0.22583,0.206787,1.010986
3205874617,0.223389,0.201904,1.007813
3205879617,0.226318,0.205322,1.005371
3205884617,0.218994,0.206055,1.01001
3205889617,0.22168,0.19873,1.001221
3205894617,0.225098,0.203613,1.005371
3205899617,0.225586,0.203125,1.006836
3205904617,0.225342,0.199951,1.004639
3205909617,0.222412,0.203125,1.00415
3205914617,0.227051,0.202637,1.009277
3205919617,0.221436,0.202148,1.005127
3205924617,0.2229,0.204346,1.005127
3205929617,0.226074,0.200439,1.001709
3205934617,0.224365,0.199219,1.012207
3205939617,0.228271,0.199463,1.004639
3205944617,0.223633,0.200439,1.008057
3205949617,0.223145,0.199219,1.007568
3205954617,0.218994,0.198486,1.010986
3205959617,0.2229,0.201416,1.010498
3205964617,0.225586,0.202393,1.011963
3205969617,0.222412,0.19873,1.009521
3205974617,0.221924,0.204102,1.009277
3205979617,0.220703,0.196045,1.003418
3205984617,0.220215,0.199219,1.002686
3205989617,0.223877,0.201172,1.01001
3205994617,0.225586,0.20459,1.008545
3205999617,0.223389,0.206299,1.001221
3206004617,0.222168,0.197998,1.003174
3206009617,0.224121,0.206055,1.008545
3206014617,0.218262,0.197998,1.009033
3206019617,0.221191,0.199219,1.004639
3206024617,0.2229,0.197754,1.00708
3206029617,0.223633,0.201172,1.013184
3206034617,0.224365,0.19751,1.007813
3206039617,0.225586,0.200684,1.004883
3206044617,0.224609,0.199707,1.00708
3206049617,0.222168,0.19873,1.009033
3206054617,0.225586,0.201904,1.002441
3206059617,0.22583,0.204834,1.002686
3206064617,0.220215,0.20459,1.008545
3206069617,0.2229,0.20166,1.003418
3206074617,0.225098,0.199707,1.005127
3206079617,0.22583,0.199463,1.005127
3206084617,0.226807,0.197754,1.008301
3206089617,0.222168,0.200684,1.009521
3206094617,0.220459,0.201172,1.002441
3206099617,0.226562,0.202637,1.01123
3206104617,0.223877,0.202148,1.005127
3206109617,0.228027,0.202637,1.008057
3206114617,0.221436,0.206055,1.006104
3206119617,0.225098,0.205566,1.00293
3206124617,0.226807,0.199707,1.000488
3206129617,0.221436,0.202881,1.004883
3206134617,0.226807,0.199707,1.00415
3206139617,0.227783,0.202148,1.004395
3206144617,0.220215,0.195312,1.004395
3206149617,0.22876,0.196045,1.011963
3206154617,-2.0,-0.528076,-2.0
3206159617,1.999939,-2.0,-2.0
3206164617,-2.0,1.246582,-2.0
3206169617,-0.900146,1.249268,0.746094
3206174617,-2.0,1.358154,1.744873
3206179617,-0.255371,1.22876,1.816406
3206184617,0.398193,-0.061523,0.710693
3206189617,0.163574,0.245361,1.081055
3206194617,0.821289,1.276123,1.999939
3206199617,-0.136475,1.999939,-2.0
3206204617,-1.220215,1.999939,-2.0
3206209617,-1.03833,1.999939,-2.0
3206214617,-1.3125,1.904053,0.438232
3206219617,-0.644775,0.930908,-2.0
3206224617,-0.412109,0.384277,-2.0
3206229617,-2.0,1.303955,-2.0
3206234617,-0.264893,1.289551,0.011475
3206239617,-0.03125,0.128174,0.73877
3206244617,-0.213623,0.280762,1.016602
3206249617,0.178711,0.315186,1.028564
3206254617,0.255371,0.238037,1.175781
3206259617,0.208252,0.294189,1.048584
3206264617,0.186035,0.23291,0.884766
3206269617,0.213135,0.221191,0.96582
3206274617,0.286133,0.203613,1.070313
3206279617,0.244873,0.199219,1.034912
3206284617,0.243896,0.235352,1.115479
3206289617,0.219482,0.24292,1.006348
3206294617,0.308105,1.999939,-0.694824
3206299617,-1.054932,1.60083,1.700928
3206304617,0.330566,0.365967,0.978271
3206309617,0.177002,1.428223,1.248291
3206314617,0.385986,1.227539,1.253418
3206319617,0.22876,0.227295,1.127686
3206324617,0.241699,0.221924,1.010986
3206329617,0.205811,0.289551,1.001465
3206334617,0.218994,0.197266,0.995605
3206339617,0.247559,0.149902,0.999023
3206344617,0.228271,-0.166504,-0.080078
3206349617,-0.951172,1.999939,0.108887
3206354617,0.231934,0.784912,0.699219
3206359617,0.14917,0.214111,0.979492
3206364617,0.204834,0.25,0.95459
3206369617,0.145508,0.175049,0.802979
3206374617,0.240967,0.203857,0.990967
3206379617,0.199463,0.221924,1.020752
3206384617,0.516846,0.111084,-1.612305
3206389617,0.160156,1.999939,0.912598
3206394617,0.248779,0.46875,0.816162
3206399617,0.226562,0.212402,1.078125
3206404617,0.260986,0.150391,1.073486
3206409617,0.209961,0.160889,0.929199
3206414617,0.33667,1.44873,1.638672
3206419617,-0.094971,0.426025,1.050781
3206424617,0.257568,0.242676,0.952148
3206429617,0.200684,0.175049,1.012207
3206434617,0.228516,1.999939,1.564453
3206439617,0.285645,0.251953,1.0
3206444617,0.297119,0.253418,1.192383
3206449617,0.244141,0.282959,1.056885
3206454617,0.207275,0.188477,0.996094
3206459617,0.234375,0.201904,1.03833
3206464617,0.215576,0.176514,0.981689
3206469617,0.225098,0.192871,0.984863
3206474617,0.205811,0.21875,1.002686
3206479617,0.217773,0.230713,1.015625
3206484617,0.216309,0.223877,1.010498
3206489617,0.216064,0.199463,0.998779
3206494617,0.219238,0.19165,0.991943
3206499617,0.223633,0.197998,0.998291
3206504617,0.221436,0.216797,1.010498
3206509617,0.2229,0.215576,1.021973
3206514617,0.218994,0.220947,1.016357
3206519617,0.218018,0.206543,1.002197
3206524617,0.222168,0.197754,0.999023
3206529617,0.21875,0.202393,0.998535
3206534617,0.222656,0.210205,1.009766
3206539617,0.214355,0.214111,1.017822
3206544617,0.215576,0.214844,1.011475
3206549617,0.216309,0.205811,1.00293
3206554617,0.213379,0.199463,0.996582
3206559617,0.216064,0.19751,0.997559
3206564617,0.224609,0.209229,1.010742
3206569617,0.218262,0.215576,1.014404
3206574617,0.216064,0.208008,1.015381
3206579617,0.216553,0.202637,1.008057
3206584617,0.218018,0.197021,0.996094
3206589617,0.213867,0.201416,1.003418
3206594617,0.217285,0.208008,1.000732
3206599617,0.217529,0.20459,1.015381
3206604617,0.217285,0.20459,1.006348
3206609617,0.215332,0.205322,1.009766
3206614617,0.211426,0.200684,1.000244
3206619617,0.213135,0.204102,0.998535
3206624617,0.217285,0.206543,1.003906
3206629617,0.218994,0.209961,1.008789
3206634617,0.220947,0.205811,1.013184
3206639617,0.215576,0.205078,1.003662
3206644617,0.217285,0.205811,1.006836
3206649617,0.22583,0.208252,0.994141
3206654617,0.223877,0.209473,0.997314
3206659617,0.220703,0.206787,1.004639
3206664617,0.221191,0.211914,1.00708
3206669617,0.2146,0.202393,1.002686
3206674617,0.215576,0.203125,1.009033
3206679617,0.214111,0.202881,1.000977
3206684617,0.212402,0.205566,1.00415
3206689617,0.213867,0.207275,1.012207
3206694617,0.214111,0.204834,1.013428
3206699617,0.215088,0.205811,1.010254
3206704617,0.215576,0.205322,1.007568
3206709617,0.218506,0.209473,1.008301
3206714617,0.221436,0.20874,1.006836
3206719617,0.224365,0.210205,1.005615
3206724617,0.225098,0.210937,1.008789
3206729617,0.229736,0.210205,1.007813
3206734617,0.227295,0.208496,1.000732
3206739617,0.219482,0.206787,1.003418
3206744617,0.220215,0.205078,1.008789
3206749617,0.217041,0.206055,1.010742
3206754617,0.214844,0.206055,1.014404
3206759617,0.210937,0.207031,1.013428
3206764617,0.204834,0.199951,1.007813
3206769617,0.206787,0.198975,1.001221
3206774617,0.20874,0.207031,1.009033
3206779617,0.207275,0.201172,1.003662
3206784617,0.214355,0.206543,1.009277
3206789617,0.217529,0.20874,1.006104
3206794617,0.22168,0.212646,1.006104
3206799617,0.225586,0.209961,1.007324
3206804617,0.229736,0.210693,1.004639
3206809617,0.228271,0.208252,0.995605
3206814617,0.229248,0.207275,1.003662
3206819617,0.224121,0.206787,1.011475
3206824617,0.224365,0.206543,1.008057
3206829617,0.216309,0.206299,1.005615
3206834617,0.219727,0.202881,1.010986
3206839617,0.218506,0.204834,1.00708
3206844617,0.211182,0.204102,1.006592
3206849617,0.209717,0.202881,1.010986
3206854617,0.213867,0.206299,1.001221
3206859617,0.212891,0.209229,1.004883
3206864617,0.218018,0.208496,1.00708
3206869617,0.218506,0.209961,1.000244
3206874617,0.215088,0.206543,1.007324
3206879617,0.218994,0.208008,1.004639
3206884617,0.224854,0.204834,1.011719
3206889617,0.218018,0.204102,1.003418
3206894617,0.222412,0.205322,0.998535
3206899617,0.225098,0.20874,1.010254
3206904617,0.218018,0.207764,1.012695
3206909617,0.219482,0.205078,1.001709
3206914617,0.215332,0.20166,1.001709
3206919617,0.213379,0.200439,1.009277
3206924617,0.212402,0.203125,1.010254
3206929617,0.212891,0.211182,1.010742
3206934617,0.218506,0.209473,1.021729
3206939617,0.206299,0.213623,0.990967
3206944617,0.222656,0.190918,1.005859
3206949617,0.221436,0.189209,0.991943
3206954617,0.21582,0.195801,1.011719
3206959617,0.218994,0.210693,1.013428
3206964617,0.217041,0.21167,1.008301
3206969617,0.21582,0.212402,1.01001
3206974617,0.221436,0.204346,1.001221
3206979617,0.227295,0.20166,1.003662
3206984617,0.218262,0.202148,1.00415
3206989617,0.2146,0.209473,1.014404
3206994617,0.217285,0.212158,1.009277
3206999617,0.214355,0.20874,1.008545
3207004617,0.219482,0.203613,1.00708
3207009617,0.221924,0.203613,1.003662
3207014617,0.217529,0.200928,1.003174
3207019617,0.217773,0.204346,0.999268
3207024617,0.217041,0.206299,1.013916
3207029617,0.216064,0.205566,1.00708
3207034617,0.217285,0.204102,1.008057
3207039617,0.21582,0.210449,1.009521
3207044617,0.216553,0.206787,1.011475
3207049617,0.217529,0.203613,1.004639
3207054617,0.219482,0.206299,1.009277
3207059617,0.221436,0.204346,1.012207
3207064617,0.213379,0.201904,1.007813
3207069617,0.216309,0.208984,1.011963
3207074617,0.222168,0.208496,1.008057
3207079617,0.215576,0.211426,0.999268
3207084617,0.220459,0.205566,1.003662
3207089617,0.213867,0.207764,0.997803
3207094617,0.217041,0.204346,1.006348
3207099617,0.219727,0.20752,1.002197
3207104617,0.219238,0.210693,1.010986
3207109617,0.216064,0.206055,1.007813
3207114617,0.219482,0.202637,1.00415
3207119617,0.220947,0.203857,1.01001
3207124617,0.216064,0.206543,1.007568
3207129617,0.2146,0.206055,1.004395
3207134617,0.215576,0.20752,1.005859
3207139617,0.219971,0.210205,1.002686
3207144617,0.217773,0.210449,1.01001
3207149617,0.216309,0.209717,1.004639
3207154617,0.21875,0.203613,1.000488
3207159617,0.218506,0.206055,1.006104
3207164617,0.218994,0.201416,1.00708
3207169617,0.218994,0.209961,1.011719
3207174617,0.216553,0.20752,0.997559
3207179617,0.216553,0.207031,1.008301
3207184617,0.218994,0.209229,1.013428
3207189617,0.218262,0.208252,1.002197
3207194617,0.21875,0.209229,0.996582
3207199617,0.219727,0.204834,1.007324
3207204617,0.222656,0.201416,1.00708
3207209617,0.215332,0.207031,1.006592
3207214617,0.217285,0.205322,1.000244
3207219617,0.21875,0.203857,1.001953
3207224617,0.217773,0.20874,1.005371
3207229617,0.221191,0.210449,0.999268
3207234617,0.220947,0.204346,1.005859
3207239617,0.218262,0.204834,1.00708
3207244617,0.222656,0.209717,1.007813
3207249617,0.219238,0.205078,0.997559
3207254617,0.218018,0.20459,1.003174
3207259617,0.217529,0.20166,1.002197
3207264617,0.217529,0.201416,1.009033
3207269617,0.217285,0.213135,0.998291
3207274617,0.213867,0.211182,1.01001
3207279617,0.209229,0.20459,1.001465
3207284617,0.215088,0.205078,1.014648
3207289617,0.217773,0.208496,1.014404
3207294617,0.213135,0.208496,0.998047
3207299617,0.217773,0.20874,1.013428
3207304617,0.21875,0.206543,1.00708
3207309617,0.219238,0.203125,1.009521
3207314617,0.218506,0.211426,1.008057
3207319617,0.223877,0.206055,1.013428
3207324617,0.220459,0.212646,1.017822
3207329617,0.221924,0.202637,0.994629
3207334617,0.219482,0.196045,0.986084
3207339617,0.218506,0.201172,1.009277
3207344617,0.217285,0.207275,1.001465
3207349617,0.212891,0.206055,1.009033
3207354617,0.214844,0.205322,1.008301
3207359617,0.212402,0.20752,1.002197
3207364617,0.211914,0.207275,1.008789
3207369617,0.218018,0.207275,1.007324
3207374617,0.212891,0.207031,0.998291
3207379617,0.220947,0.201416,1.010986
3207384617,0.215332,0.198486,0.990234
3207389617,0.215576,0.204346,1.009033
3207394617,0.222168,0.213867,1.015381
3207399617,0.218506,0.206787,1.002197
3207404617,0.219238,0.205811,0.99585
3207409617,0.220215,0.206787,1.007813
3207414617,0.219727,0.203125,1.012695
3207419617,0.22168,0.202637,1.003174
3207424617,0.217041,0.20459,1.00415
3207429617,0.220215,0.202637,1.001953
3207434617,0.219971,0.207031,1.005615
3207439617,0.216309,0.199463,1.005615
3207444617,0.212891,0.202881,1.012451
3207449617,0.213135,0.211914,1.001953
3207454617,0.221924,0.204834,1.007813
3207459617,0.21875,0.206055,1.01416
3207464617,0.217041,0.20752,1.008545
3207469617,0.216553,0.208984,1.003906
3207474617,0.217285,0.206055,1.001709
3207479617,0.21875,0.20459,0.999512
3207484617,0.216553,0.202148,1.005859
3207489617,0.214111,0.20752,1.010986
3207494617,0.216064,0.206299,1.001953
3207499617,0.213379,0.208008,1.008789
3207504617,0.21582,0.208984,1.016602
3207509617,0.216797,0.207764,1.005371
3207514617,0.219238,0.203613,1.008545
3207519617,0.223145,0.200684,1.003662
3207524617,0.218506,0.206543,1.008545
3207529617,0.217529,0.206543,1.009521
3207534617,0.217773,0.203857,1.003906
3207539617,0.217285,0.205078,1.011475
3207544617,0.217529,0.205078,1.002197
3207549617,0.2146,0.214844,1.006592
3207554617,0.218506,0.207764,1.00708
3207559617,0.219482,0.204834,1.000977
3207564617,0.218994,0.204346,1.006104
3207569617,0.218506,0.208252,1.007324
3207574617,0.213623,0.205811,1.012695
3207579617,0.214355,0.203369,1.015137
3207584617,0.220703,0.201172,1.00708
3207589617,0.215088,0.199951,1.008789
3207594617,0.217773,0.210937,0.999512
3207599617,0.214111,0.208496,1.003418
3207604617,0.214355,0.20874,1.005615
3207609617,0.214355,0.205811,1.007813
3207614617,0.214355,0.208008,1.008545
3207619617,0.214355,0.210449,1.00708
3207624617,0.216064,0.20874,1.006836
3207629617,0.219482,0.20752,1.004395
3207634617,0.219238,0.204346,1.006348
3207639617,0.216309,0.204834,1.008545
3207644617,0.219238,0.203125,1.014648
3207649617,0.214844,0.207031,1.003906
3207654617,0.218994,0.207764,1.00415
3207659617,0.2146,0.20459,1.002686
3207664617,0.220215,0.206299,1.007324
3207669617,0.216064,0.207764,1.004639
3207674617,0.219727,0.205566,1.009033
3207679617,0.218506,0.206787,1.000244
3207684617,0.216064,0.208252,1.009766
3207689617,0.219238,0.210449,1.003662
3207694617,0.217285,0.20874,1.009277
3207699617,0.216797,0.210693,1.008057
3207704617,0.220215,0.20459,1.009277
3207709617,0.215576,0.202637,1.007324
3207714617,0.216309,0.205322,1.003662
3207719617,0.216309,0.207764,1.006348
3207724617,0.215576,0.204834,0.998291
3207729617,0.216309,0.204346,1.003662
3207734617,0.21582,0.201904,1.006592
3207739617,0.21582,0.206787,1.009033
3207744617,0.218262,0.201904,1.006592
3207749617,0.217529,0.205078,1.008057
3207754617,0.216064,0.20752,1.005615
3207759617,0.218018,0.209717,1.003174
3207764617,0.221924,0.208008,1.012695
3207769617,0.219238,0.20752,1.011719
3207774617,0.215332,0.205811,1.003418
3207779617,0.216064,0.20752,1.002197
3207784617,0.224121,0.205078,1.010498
3207789617,0.220947,0.208252,1.006348
3207794617,0.21582,0.205811,1.003418
3207799617,0.21582,0.208008,1.010254
3207804617,0.212402,0.205322,1.001953
3207809617,0.217529,0.201904,1.008057
3207814617,0.216064,0.208008,1.00708
3207819617,0.218506,0.206299,1.012939
3207824617,0.218506,0.208252,1.0
3207829617,0.215332,0.208252,1.005859
3207834617,0.215332,0.20752,1.005127
3207839617,0.217041,0.205078,0.999512
3207844617,0.218018,0.205322,1.005859
3207849617,0.218994,0.209473,1.005127
3207854617,0.214355,0.204834,1.003662
3207859617,0.215576,0.207764,1.008545
3207864617,0.218018,0.202881,1.006592
3207869617,0.213623,0.210693,1.005127
3207874617,0.215576,0.202393,1.004395
3207879617,0.216797,0.20166,1.00415
3207884617,0.219238,0.204834,1.009033
3207889617,0.218994,0.208252,1.008057
3207894617,0.2229,0.20874,1.003906
3207899617,0.221436,0.204346,1.00708
3207904617,0.219238,0.206299,1.002441
3207909617,0.217529,0.209473,1.012451
3207914617,0.217041,0.206055,1.005127
3207919617,0.219238,0.205078,1.008789
3207924617,0.221191,0.210937,1.012695
3207929617,0.216064,0.209717,1.003906
3207934617,0.220947,0.205566,1.000244
3207939617,0.219727,0.204834,1.004639
3207944617,0.219238,0.200195,1.010986
3207949617,0.218994,0.202148,1.006592
3207954617,0.219727,0.208008,1.00293
3207959617,0.21875,0.205811,1.004639
3207964617,0.215576,0.203369,1.00415
3207969617,0.213867,0.203369,1.004883
3207974617,0.21875,0.201416,1.005371
3207979617,0.219971,0.209717,1.003662
3207984617,0.21582,0.207275,0.998535
3207989617,0.214355,0.210693,1.01709
3207994617,0.218506,0.205811,1.007324
3207999617,0.219238,0.208008,1.007568
3208004617,0.215088,0.202148,1.004395
3208009617,0.221191,0.202881,1.007813
3208014617,0.215088,0.20459,1.010498
3208019617,0.213867,0.20874,1.009277
3208024617,0.21582,0.209473,1.012451
3208029617,0.222168,0.207764,1.002197
3208034617,0.216064,0.203369,1.010254
3208039617,0.217773,0.203369,1.006592
3208044617,0.217773,0.204834,1.006348
3208049617,0.221436,0.203857,1.002441
3208054617,0.21582,0.20874,1.003662
3208059617,0.215576,0.208252,0.999023
3208064617,0.217041,0.207031,1.007813
3208069617,0.216309,0.208008,1.005859
3208074617,0.21582,0.208984,1.01001
3208079617,0.218018,0.20459,1.004639
3208084617,0.217529,0.202148,1.009521
3208089617,0.217041,0.206055,1.012695
3208094617,0.221191,0.208252,1.010742
3208099617,0.218506,0.20874,1.002441
3208104617,0.215576,0.20752,1.006836
3208109617,0.217529,0.20874,1.004395
3208114617,0.219727,0.208496,1.006348
3208119617,0.217773,0.204346,1.007324
3208124617,0.217529,0.20459,1.006348
3208129617,0.215332,0.206299,1.009277
3208134617,0.217285,0.205566,0.998047
3208139617,0.2146,0.204834,1.015137
3208144617,0.216553,0.207764,1.008789
3208149617,0.217529,0.210205,1.007813
3208154617,0.220703,0.20752,1.005127
3208159617,0.028809,1.695801,-1.88623
3208164617,0.116943,1.999939,-2.0
3208169617,0.000732,1.972168,-2.0
3208174617,-1.073486,1.999939,-0.972412
3208179617,-0.76709,0.615479,-2.0
3208184617,-2.0,-0.149902,1.887207
3208189617,0.162109,1.999939,-2.0
3208194617,0.561523,1.826416,-1.311768
3208199617,-1.057373,1.781006,-2.0
3208204617,-0.547607,1.96582,-2.0
3208209617,-1.191895,1.999939,-0.119873
3208214617,0.000732,1.999939,0.399414
3208219617,-0.69458,0.990967,1.189941
3208224617,-0.109375,0.901123,-2.0
3208229617,0.204346,1.962891,0.627441
3208234617,0.330811,0.506836,1.409912
3208239617,0.169189,0.712158,0.605469
3208244617,0.156006,0.187988,0.755859
3208249617,-0.831055,1.999939,0.916992
3208254617,0.192383,1.999939,1.264648
3208259617,0.432861,0.245117,1.205566
3208264617,0.252441,0.191895,1.03125
3208269617,0.096924,0.247559,0.752686
3208274617,0.221191,0.23291,1.054443
3208279617,0.287842,1.244385,1.006104
3208284617,0.306641,0.250977,1.239014
3208289617,0.190186,0.181152,0.880615
3208294617,0.24707,0.19043,1.09082
3208299617,0.216797,0.190918,0.942627
3208304617,0.253662,0.203369,1.119873
3208309617,0.239502,0.217041,1.045654
3208314617,0.221191,0.167969,1.022217
3208319617,0.211182,0.22583,0.977783
3208324617,0.210205,0.202881,0.983643
3208329617,0.206299,0.206055,1.011963
3208334617,0.200684,0.210693,0.994385
3208339617,0.233643,0.211426,1.04248
3208344617,0.21167,0.216553,1.010742
3208349617,0.212402,0.221924,1.006836
3208354617,0.218018,0.227295,1.009766
3208359617,0.20459,0.211182,0.99585
3208364617,0.213379,0.209473,1.008789
3208369617,0.223877,0.206543,1.017578
3208374617,0.21167,0.212158,0.998779
3208379617,0.218018,0.208984,1.00415
3208384617,0.217041,0.216064,1.006348
3208389617,0.209961,0.209961,1.0
3208394617,0.216309,0.200684,1.008057
3208399617,0.21582,0.202148,1.012451
3208404617,0.212158,0.200439,1.004639
3208409617,0.217285,0.197754,0.998291
3208414617,0.218262,0.204346,1.007324
3208419617,0.20874,0.201416,1.000488
3208424617,0.216309,0.195801,1.002686
3208429617,0.217285,0.200195,1.012939
3208434617,0.214844,0.201172,1.009277
3208439617,0.211182,0.202881,1.003906
3208444617,0.217773,0.214844,1.006348
3208449617,0.211426,0.209473,1.001953
3208454617,0.215332,0.208008,1.010254
3208459617,0.220947,0.211426,1.007568
3208464617,0.215088,0.211914,1.013428
3208469617,0.213867,0.212402,1.009766
3208474617,0.218994,0.217529,1.004883
3208479617,0.216797,0.211182,1.009033
3208484617,0.220703,0.210693,1.010742
3208489617,0.216309,0.213135,1.008545
3208494617,0.216797,0.206543,1.013184
3208499617,0.217041,0.211182,1.007568
3208504617,0.218262,0.208008,1.00293
3208509617,0.216309,0.20459,1.002686
3208514617,0.219238,0.199951,1.003174
3208519617,0.213379,0.202393,1.010254
3208524617,0.21167,0.199463,1.00415
3208529617,0.213867,0.202881,1.003662
3208534617,0.216064,0.209717,1.002197
3208539617,0.216553,0.208984,1.001221
3208544617,0.217041,0.203613,1.007813
3208549617,0.218506,0.20459,1.005127
3208554617,0.216064,0.20874,1.009766
3208559617,0.217041,0.2146,1.008301
3208564617,0.210205,0.212646,1.001221
3208569617,0.211426,0.210693,1.01001
3208574617,0.216064,0.214844,1.014404
3208579617,0.208008,0.208252,0.996338
3208584617,0.217529,0.208252,1.009521
3208589617,0.218262,0.216797,1.020264
3208594617,0.215332,0.208496,0.996826
3208599617,0.216064,0.201904,1.000732
3208604617,0.214844,0.209473,1.011475
3208609617,0.212158,0.206543,1.008545
3208614617,0.217773,0.199219,1.003174
3208619617,0.219238,0.201416,1.009033
3208624617,0.210205,0.203125,1.006836
3208629617,0.213623,0.20752,1.006836
3208634617,0.216064,0.202637,1.010742
3208639617,0.2146,0.204346,1.004395
3208644617,0.212646,0.205322,1.006104
3208649617,0.218262,0.205811,1.006592
3208654617,0.212891,0.207764,1.007568
3208659617,0.216553,0.211182,1.010986
3208664617,0.213379,0.210937,1.011963
3208669617,0.214111,0.207031,1.008789
3208674617,0.216309,0.207275,1.007324
3208679617,0.214844,0.208252,1.006836
3208684617,0.212402,0.208252,1.003174
3208689617,0.217041,0.207275,1.011963
3208694617,0.214355,0.210449,1.007568
3208699617,0.210449,0.206299,1.006348
3208704617,0.214844,0.205811,1.009277
3208709617,0.218506,0.206299,1.000488
3208714617,0.216309,0.203613,1.001221
3208719617,0.217285,0.20752,1.004639
3208724617,0.215576,0.202637,1.007324
3208729617,0.21875,0.204346,1.002197
3208734617,0.219482,0.205811,1.011475
3208739617,0.211182,0.210449,1.008057
3208744617,0.211182,0.210449,1.010986
3208749617,0.213623,0.210937,1.011719
3208754617,0.214355,0.209229,1.007324
3208759617,0.213623,0.205322,1.003418
3208764617,0.217529,0.208984,1.006836
3208769617,0.217773,0.205322,1.005371
3208774617,0.219238,0.206055,1.003906
3208779617,0.213623,0.207275,1.006104
3208784617,0.217285,0.208496,1.01123
3208789617,0.207031,0.207764,1.001953
3208794617,0.2146,0.207031,1.005859
3208799617,0.215576,0.209961,1.000732
3208804617,0.216064,0.209961,1.00415
3208809617,0.215088,0.208252,1.011475
3208814617,0.216064,0.209717,1.005127
3208819617,0.214111,0.206543,1.009766
3208824617,0.211914,0.20752,1.009033
3208829617,0.215332,0.20874,1.009766
3208834617,0.216553,0.210693,1.001709
3208839617,0.215576,0.210205,1.010498
3208844617,0.216309,0.213623,1.005127
3208849617,0.208496,0.205811,1.003174
3208854617,0.217041,0.201416,1.003174
3208859617,0.216797,0.209229,1.01123
3208864617,0.216797,0.207031,1.001709
3208869617,0.21875,0.20459,1.006836
3208874617,0.218262,0.20752,1.005127
3208879617,0.218506,0.209229,1.011719
3208884617,0.217773,0.206543,1.000977
3208889617,0.217041,0.204346,1.007568
3208894617,0.218262,0.210205,1.008301
3208899617,0.213623,0.205566,1.009277
3208904617,0.211182,0.210693,1.005127
3208909617,0.218018,0.21167,1.006592
3208914617,0.213379,0.205566,1.008545
3208919617,0.21875,0.206787,1.012451
3208924617,0.214111,0.210693,1.006836
3208929617,0.212891,0.206055,1.009277
3208934617,0.219482,0.209961,1.008545
3208939617,0.218262,0.203613,1.008545
3208944617,0.220703,0.202148,1.012939
3208949617,0.205322,0.21875,1.018799
3208954617,0.216309,0.209961,1.001709
3208959617,0.209229,0.19873,0.998535
3208964617,0.222656,0.19458,1.030518
3208969617,0.217285,0.231201,1.04834
3208974617,0.190186,0.217529,0.960449
3208979617,0.220947,0.22168,1.056396
3208984617,0.215332,0.198486,0.977539
3208989617,0.226318,0.206055,1.02832
3208994617,0.211426,0.204346,0.987061
3208999617,0.223877,0.203125,1.018799
3209004617,0.206055,0.213135,0.998535
3209009617,0.215088,0.212402,1.015625
3209014617,0.205322,0.210205,0.999756
3209019617,0.216797,0.206543,1.006348
3209024617,0.215088,0.20874,1.01123
3209029617,0.216797,0.208008,1.010498
3209034617,0.212891,0.206055,1.01123
3209039617,0.212402,0.205811,1.003906
3209044617,0.217041,0.205566,1.010986
3209049617,0.214355,0.206543,1.009033
3209054617,0.216553,0.208252,1.009033
3209059617,0.214844,0.209229,1.006348
3209064617,0.214111,0.20166,1.002197
3209069617,0.214111,0.20752,1.006104
3209074617,0.210937,0.20752,0.999756
3209079617,0.216553,0.208496,1.012207
3209084617,0.2146,0.210449,1.000488
3209089617,0.214844,0.20874,1.013428
3209094617,0.219238,0.209473,1.009033
3209099617,0.212646,0.205322,1.001953
3209104617,0.215576,0.209473,1.003662
3209109617,0.214844,0.208008,1.005371
3209114617,0.213867,0.209229,1.004639
3209119617,0.215332,0.209229,1.005371
3209124617,0.209717,0.20752,1.003418
3209129617,0.215576,0.206543,1.0
3209134617,0.214111,0.206543,1.010498
3209139617,0.213867,0.20459,0.998047
3209144617,0.211182,0.208252,1.025879
3209149617,0.211914,0.213379,1.001465
3209154617,0.212646,0.209717,0.997314
3209159617,0.216553,0.202881,1.010498
3209164617,0.21875,0.210205,1.002686
3209169617,0.216797,0.209961,1.008301
3209174617,0.211426,0.209717,1.000244
3209179617,0.213135,0.211426,1.004639
3209184617,0.215576,0.213623,1.008789
3209189617,0.213623,0.206055,1.005127
3209194617,0.2146,0.208252,1.01001
3209199617,0.214111,0.210693,1.007568
3209204617,0.217041,0.209473,1.012207
3209209617,0.219727,0.210205,1.014404
3209214617,0.217041,0.208984,1.004883
3209219617,0.215576,0.205078,1.007568
3209224617,0.213867,0.204834,1.002686
3209229617,0.210205,0.206543,1.010742
3209234617,0.212891,0.209717,1.007813
3209239617,0.214355,0.208252,1.01001
3209244617,0.214844,0.209961,1.007568
3209249617,0.221436,0.208008,1.005615
3209254617,0.217285,0.204346,1.006836
3209259617,0.216553,0.204834,1.009766
3209264617,0.214355,0.207031,1.006348
3209269617,0.210693,0.207275,1.002686
3209274617,0.216553,0.208008,1.01123
3209279617,0.214844,0.211914,1.010498
3209284617,0.212402,0.20752,1.008057
3209289617,0.209473,0.207031,1.001465
3209294617,0.217529,0.201416,1.008545
3209299617,0.217773,0.205322,1.005859
3209304617,0.218994,0.20752,1.003174
3209309617,0.215088,0.210449,1.003662
3209314617,0.217773,0.206787,1.007813
3209319617,0.218262,0.208008,1.011475
3209324617,0.215332,0.20874,1.007568
3209329617,0.219971,0.20874,1.011963
3209334617,0.21582,0.20874,1.009033
3209339617,0.217773,0.211914,1.00708
3209344617,0.220703,0.20752,1.001221
3209349617,0.221436,0.19873,0.994629
3209354617,0.220703,0.197754,1.009277
3209359617,0.212158,0.205566,1.000488
3209364617,0.211914,0.210937,1.015137
3209369617,0.213867,0.204834,0.998291
3209374617,0.215576,0.206299,1.008057
3209379617,0.211914,0.207275,0.997314
3209384617,0.216309,0.206787,1.005127
3209389617,0.213623,0.202637,1.006348
3209394617,0.215576,0.202148,1.003906
3209399617,0.216553,0.204346,1.00415
3209404617,0.217041,0.205811,1.006348
3209409617,0.209473,0.207275,1.013184
3209414617,0.215088,0.205566,1.005127
3209419617,0.217041,0.207275,1.014404
3209424617,0.219238,0.206543,1.002197
3209429617,0.217041,0.206787,1.007813
3209434617,0.213623,0.206787,1.013184
3209439617,0.208496,0.200195,0.967041
3209444617,0.219727,0.197754,1.016357
3209449617,0.217529,0.19751,1.013184
3209454617,0.210205,0.213135,1.015625
3209459617,0.216797,0.213623,1.006348
3209464617,0.216309,0.20166,1.005859
3209469617,0.218994,0.198975,0.999512
3209474617,0.220459,0.204346,1.000732
3209479617,0.2146,0.20874,1.001953
3209484617,0.2146,0.203857,1.008545
3209489617,0.210205,0.211914,1.007813
3209494617,0.217773,0.209961,1.008789
3209499617,0.211426,0.211914,1.007324
3209504617,0.212891,0.21582,1.010498
3209509617,0.217285,0.215088,1.008545
3209514617,0.20874,0.215332,1.007813
3209519617,0.209961,0.213867,1.005859
3209524617,0.213379,0.212891,1.002441
3209529617,0.217041,0.209961,1.00415
3209534617,0.219482,0.212646,1.013672
3209539617,0.216309,0.210937,1.013428
3209544617,0.215088,0.211914,1.007568
3209549617,0.214844,0.213135,0.999023
3209554617,0.211914,0.210449,1.013916
3209559617,0.215576,0.202637,0.995361
3209564617,0.220947,0.206055,1.013184
3209569617,0.219727,0.201904,1.000244
3209574617,0.216064,0.20166,0.999023
3209579617,0.215576,0.200439,1.005127
3209584617,0.216064,0.203125,1.006348
3209589617,0.209961,0.204346,1.000488
3209594617,0.213867,0.209229,1.003418
3209599617,0.212402,0.20874,1.004395
3209604617,0.216064,0.210449,1.014404
3209609617,0.216797,0.209229,1.008301
3209614617,0.214111,0.2146,1.006592
3209619617,0.211426,0.214355,1.011719
3209624617,0.217773,0.212891,1.006104
3209629617,0.214355,0.206299,1.010254
3209634617,0.216797,0.20874,1.005615
3209639617,0.215576,0.20874,1.006348
3209644617,0.214355,0.20752,1.00708
3209649617,0.213135,0.207031,1.005127
3209654617,0.216553,0.207275,1.007324
3209659617,0.215332,0.207764,1.003418
3209664617,0.216064,0.204834,1.001709
3209669617,0.212158,0.204346,1.002197
3209674617,0.219482,0.205566,1.010254
3209679617,0.213379,0.204102,1.008057
3209684617,0.210693,0.203125,1.009521
3209689617,0.216309,0.207031,1.005859
3209694617,0.217285,0.209717,1.009766
3209699617,0.21582,0.208252,1.005615
3209704617,0.2146,0.210449,1.009766
3209709617,0.212891,0.210693,1.009033
3209714617,0.221436,0.20752,1.007324
3209719617,0.216309,0.209473,1.012207
3209724617,0.217773,0.213135,1.006348
3209729617,0.21582,0.206055,1.009521
3209734617,0.217529,0.209717,1.008545
3209739617,0.219971,0.207764,1.015625
3209744617,0.217529,0.205078,1.008301
3209749617,0.214844,0.200684,1.004395
3209754617,0.214355,0.206299,1.007568
3209759617,0.21582,0.201172,1.008301
3209764617,0.21167,0.205078,1.008545
3209769617,0.2146,0.206543,1.005371
3209774617,0.217773,0.205811,1.004395
3209779617,0.217773,0.206299,1.010254
3209784617,0.21875,0.205811,1.010498
3209789617,0.217529,0.20874,1.000244
3209794617,0.218506,0.20459,1.005371
3209799617,0.218994,0.207031,1.00708
3209804617,0.21582,0.210693,1.005371
3209809617,0.214111,0.208496,1.007813
3209814617,0.213623,0.208984,1.003662
3209819617,0.214844,0.213623,1.007568
3209824617,0.213379,0.212891,1.009277
3209829617,0.211426,0.214355,1.009521
3209834617,0.213867,0.214844,1.009033
3209839617,0.21582,0.214111,1.010986
3209844617,0.213867,0.214111,1.000977
3209849617,0.209473,0.216797,1.003662
3209854617,0.215088,0.211914,1.005615
3209859617,0.215332,0.209717,1.004639
3209864617,0.211914,0.210693,1.006348
3209869617,0.216064,0.210205,1.009033
3209874617,0.214844,0.210449,1.006836
3209879617,0.216553,0.207764,1.004883
3209884617,0.21875,0.205811,1.007813
3209889617,0.21875,0.206787,1.004395
3209894617,0.21582,0.208008,1.005371
3209899617,0.215576,0.203857,1.004395
3209904617,0.216309,0.207275,1.007568
3209909617,0.212891,0.202881,1.006836
3209914617,0.214355,0.205566,1.006592
3209919617,0.210449,0.203369,1.014648
3209924617,0.213867,0.209473,1.009277
3209929617,0.206299,0.209473,0.996826
3209934617,0.218262,0.206055,1.014404
3209939617,0.216309,0.207764,1.007568
3209944617,0.208984,0.205566,0.995605
3209949617,0.218506,0.208252,1.004395
3209954617,0.216553,0.206787,1.003174
3209959617,0.214844,0.206543,1.009521
3209964617,0.219727,0.206299,1.008057
3209969617,0.213867,0.210693,1.01001
3209974617,0.212891,0.210449,1.000977
3209979617,0.216064,0.209473,1.005615
3209984617,0.2146,0.20752,1.006104
3209989617,0.211182,0.210693,1.001953
3209994617,0.213135,0.206543,1.005615
3209999617,0.215332,0.208252,1.019287
3210004617,0.212891,0.211426,1.007324
3210009617,0.208984,0.211426,1.006104
3210014617,0.217041,0.205566,1.012451
3210019617,0.214111,0.209229,1.002686
3210024617,0.217529,0.211182,1.00293
3210029617,0.22583,0.210205,1.004883
3210034617,0.214111,0.206787,1.007568
3210039617,0.218506,0.210693,1.011963
3210044617,0.217285,0.208008,1.003174
3210049617,0.213135,0.215576,1.003418
3210054617,0.215332,0.208496,1.0
3210059617,0.209229,0.206787,1.003418
3210064617,0.2146,0.204834,1.00415
3210069617,0.215088,0.209961,1.012939
3210074617,0.20874,0.203857,0.998535
3210079617,0.21875,0.206299,0.999756
3210084617,0.214355,0.211426,1.012695
3210089617,0.217041,0.210937,1.016357
3210094617,0.216797,0.206787,0.99707
3210099617,0.214844,0.209717,1.002686
3210104617,0.215088,0.208496,1.010742
3210109617,0.216309,0.206543,1.010498
3210114617,0.21167,0.212158,1.001709
3210119617,0.218262,0.203613,1.009766
3210124617,0.218018,0.209961,1.013184
3210129617,0.215332,0.211182,0.998779
3210134617,0.215088,0.206787,1.003906
3210139617,0.210937,0.206787,1.007568
3210144617,0.210937,0.208496,1.005371
3210149617,0.217773,0.207275,1.009277
3210154617,0.211182,0.208252,1.0
3210159617,0.211426,0.207275,0.998047
3210164617,0.214355,0.20874,1.007324
3210169617,0.213379,0.212891,1.005371
3210174617,0.219482,0.208252,1.008301
3210179617,0.221191,0.203857,1.008789
3210184617,0.217285,0.207275,1.004883
3210189617,0.215576,0.20752,1.006348
3210194617,0.213623,0.208984,1.01123
3210199617,0.213623,0.210937,1.00415
3210204617,0.211914,0.211182,1.010742
3210209617,0.213135,0.211182,1.00415
3210214617,0.216064,0.209473,1.008789
3210219617,0.216309,0.20874,1.007568
3210224617,0.218018,0.206055,1.010254
3210229617,0.211426,0.205566,1.001953
3210234617,0.218262,0.204102,1.005371
3210239617,0.216064,0.207031,1.00708
3210244617,0.215576,0.207764,1.006348
3210249617,0.214355,0.210693,1.004883
3210254617,0.215576,0.207764,1.003662
3210259617,0.213379,0.209961,1.012939
3210264617,0.212891,0.205078,1.007568
3210269617,0.21582,0.207275,0.998535
3210274617,0.215576,0.211426,1.010498
3210279617,0.218994,0.210205,1.005859
3210284617,0.2146,0.20874,1.007813
3210289617,0.21582,0.211914,1.005127
3210294617,0.2146,0.210937,0.999512
3210299617,0.216553,0.209717,1.006348
3210304617,0.2146,0.205322,1.004883
3210309617,0.213623,0.206055,1.00415
3210314617,0.217285,0.206055,1.013672
3210319617,0.210205,0.208252,1.012939
3210324617,0.215576,0.212158,1.009521
3210329617,0.214844,0.208496,1.009521
3210334617,0.217041,0.200684,0.998047
3210339617,0.221924,0.205566,1.00415
3210344617,0.217285,0.202148,1.008789
3210349617,0.213623,0.206543,0.995117
3210354617,0.213867,0.205811,1.014404
3210359617,0.216064,0.210937,1.005615
3210364617,0.212402,0.209717,1.016113
3210369617,0.211426,0.20752,1.006104
3210374617,0.216797,0.204346,1.009766
3210379617,0.215332,0.204834,1.008057
3210384617,0.217773,0.208252,1.008789
3210389617,0.21875,0.209473,1.011963
3210394617,0.216064,0.209961,1.000977
3210399617,0.219238,0.204834,1.010742
3210404617,0.2146,0.210205,1.00293
3210409617,0.217529,0.207764,1.005127
3210414617,0.214111,0.210449,1.006836
3210419617,0.213379,0.207764,1.007568
3210424617,0.213135,0.209229,1.005371
3210429617,0.219727,0.203613,1.01001
3210434617,0.211426,0.207764,1.00708
3210439617,0.214355,0.208252,1.000244
3210444617,0.213623,0.206299,1.001953
3210449617,0.208008,0.212158,1.010986
3210454617,0.215576,0.203369,1.002686
3210459617,0.215576,0.211426,1.005859
3210464617,0.213379,0.213379,1.011719
3210469617,0.216797,0.204834,1.011475
3210474617,0.218262,0.206299,1.008545
3210479617,0.216064,0.202881,1.001953
3210484617,0.212158,0.206055,1.004639
3210489617,0.216553,0.213379,1.009277
3210494617,0.215332,0.204102,1.003906
3210499617,0.216064,0.208496,1.009277
3210504617,0.2146,0.205811,1.00415
3210509617,0.216553,0.206543,1.012695
3210514617,0.215088,0.210205,1.007813
3210519617,0.215088,0.208496,1.006836
3210524617,0.216797,0.205078,1.0
3210529617,0.217529,0.210937,1.006348
3210534617,0.215332,0.207275,1.01123
3210539617,0.2146,0.207275,1.002686
3210544617,0.218506,0.203857,1.004883
3210549617,0.214844,0.203369,1.000732
3210554617,0.215088,0.209229,1.013184
3210559617,0.215576,0.21167,1.003418
3210564617,0.2146,0.210205,1.005859
3210569617,0.215088,0.2146,1.001221
3210574617,0.217773,0.207764,1.006348
3210579617,0.220215,0.216309,1.009277
3210584617,0.22168,0.208496,1.008057
3210589617,0.215576,0.206299,1.006836
3210594617,0.213135,0.208008,1.001465
3210599617,0.215088,0.209717,1.005371
3210604617,0.216309,0.206055,1.003662
3210609617,0.21875,0.212891,1.004639
3210614617,0.215088,0.205811,1.006348
3210619617,0.214111,0.205811,1.007568
3210624617,0.21582,0.203857,1.000732
3210629617,0.212646,0.210449,1.01416
3210634617,0.212646,0.209229,1.006592
3210639617,0.211426,0.209229,1.008545
3210644617,0.214355,0.206055,1.006348
3210649617,0.219971,0.206787,1.008301
3210654617,0.215332,0.20752,1.001465
3210659617,0.217529,0.207275,1.000488
3210664617,0.21167,0.208496,1.007813
3210669617,0.213867,0.206787,1.005859
3210674617,0.214844,0.212891,1.007568
3210679617,0.215332,0.207275,1.005127
3210684617,0.215576,0.205566,1.009521
3210689617,0.21582,0.208008,1.007568
3210694617,0.214111,0.20874,1.01001
3210699617,0.216064,0.209961,1.002441
3210704617,0.217041,0.209473,1.007813
3210709617,0.2146,0.206055,1.006592
3210714617,0.216797,0.207031,1.008301
3210719617,0.217773,0.208496,1.01123
3210724617,0.214355,0.210449,1.008545
3210729617,0.217773,0.210205,1.00415
3210734617,0.216064,0.206787,1.007813
3210739617,0.218018,0.206055,1.008301
3210744617,-2.0,0.466064,1.704102
3210749617,-0.764648,0.948486,1.999939
3210754617,-0.605957,0.540283,-2.0
3210759617,-0.882568,1.999939,-2.0
3210764617,-1.119629,1.999939,-0.253174
3210769617,-1.130371,1.657959,-0.572998
3210774617,0.241943,1.877441,0.709473
3210779617,0.101318,0.267334,-0.276855
3210784617,-0.189941,1.999939,0.780518
3210789617,0.431641,0.963623,1.486816
3210794617,0.172119,0.400879,0.164795
3210799617,0.219971,0.119873,0.009766
3210804617,0.247559,0.386475,1.071289
3210809617,-1.136963,1.999939,0.156494
3210814617,-0.563721,0.05835,-0.046143
3210819617,-0.168701,0.446777,1.169678
3210824617,0.225586,0.269043,1.222412
3210829617,0.254883,0.216553,0.991699
3210834617,0.1604,0.564941,1.701416
3210839617,0.138184,0.925293,-1.592285
3210844617,-1.08667,1.706299,-2.0
3210849617,-1.392578,1.999939,-2.0
3210854617,-0.864746,1.848389,-2.0
3210859617,-0.753418,0.338135,0.049805
3210864617,0.290771,0.154785,1.406494
3210869617,0.128418,0.176025,1.123535
3210874617,0.2146,0.190674,0.919922
3210879617,0.298828,0.324951,-1.775635
3210884617,0.143799,0.636963,0.817383
3210889617,0.263184,0.191162,1.029297
3210894617,0.190186,0.080322,0.7229
3210899617,0.248291,0.188965,0.188721
3210904617,0.159912,0.189941,0.762207
3210909617,0.189453,0.193848,1.131104
3210914617,0.21167,0.214111,0.975586
3210919617,0.190186,0.192139,1.003662
3210924617,0.209717,0.189453,0.999023
3210929617,0.208008,0.206299,0.984619
3210934617,0.201416,0.227783,1.004883
3210939617,0.205811,0.22583,1.005371
3210944617,0.215332,0.224365,0.995361
3210949617,0.165039,0.195312,0.876709
3210954617,0.228027,0.210449,1.018311
3210959617,0.207031,0.188232,0.987061
3210964617,0.202881,0.209717,1.006836
3210969617,0.211426,0.222656,0.999756
3210974617,0.20874,0.222168,0.997314
3210979617,0.209717,0.208008,1.006348
3210984617,0.212158,0.192383,1.00293
3210989617,0.214844,0.189941,1.003662
3210994617,0.217773,0.201904,1.006836
3210999617,0.214111,0.209229,0.997803
3211004617,0.208984,0.216797,0.998535
3211009617,0.213623,0.210693,1.006348
3211014617,0.216309,0.201904,1.007813
3211019617,0.216797,0.20459,1.012207
3211024617,0.2146,0.209961,1.008057
3211029617,0.212646,0.216797,1.007568
3211034617,0.214355,0.220459,1.010498
3211039617,0.213135,0.216064,1.012695
3211044617,0.20874,0.209717,1.014893
3211049617,0.206787,0.206543,1.008789
3211054617,0.211914,0.206055,1.008789
3211059617,0.20166,0.213135,1.010498
3211064617,0.210205,0.211914,1.007813
3211069617,0.209229,0.212402,1.009766
3211074617,0.211426,0.210205,1.014648
3211079617,0.209717,0.205566,1.001465
3211084617,0.210693,0.204346,1.000732
3211089617,0.212646,0.205078,1.000732
3211094617,0.211914,0.207031,0.999512
3211099617,0.211182,0.209717,1.008301
3211104617,0.210937,0.206055,1.007324
3211109617,0.212402,0.208496,1.011963
3211114617,0.213623,0.209961,1.006104
3211119617,0.211914,0.209473,1.003174
3211124617,0.211914,0.206055,1.007568
3211129617,0.213379,0.206299,1.001709
3211134617,0.214111,0.205566,1.000732
3211139617,0.212158,0.207764,1.017578
3211144617,0.213867,0.210937,1.001953
3211149617,0.208984,0.208252,1.001465
3211154617,0.210937,0.20752,1.01416
3211159617,0.213135,0.211914,1.003906
3211164617,0.211426,0.207275,1.00293
3211169617,0.210937,0.209961,1.011719
3211174617,0.210937,0.211426,1.004639
3211179617,0.207275,0.206787,1.003174
3211184617,0.21582,0.203369,1.008301
3211189617,0.213135,0.206543,1.009766
3211194617,0.216064,0.211426,1.008789
3211199617,0.206543,0.206055,0.998535
3211204617,0.210205,0.202637,0.993652
3211209617,0.220215,0.218018,1.024414
3211214617,0.206055,0.207764,0.996582
3211219617,0.210693,0.206055,1.003174
3211224617,0.212158,0.211426,1.008789
3211229617,0.212646,0.210693,1.010254
3211234617,0.207764,0.205566,0.998535
3211239617,0.210937,0.206787,1.013184
3211244617,0.214111,0.208252,1.005371
3211249617,0.212646,0.206787,1.004395
3211254617,0.213867,0.210449,1.008301
3211259617,0.212158,0.20752,0.999512
3211264617,0.211914,0.212402,1.014404
3211269617,0.210449,0.205078,1.006104
3211274617,0.208008,0.206787,1.017334
3211279617,0.210205,0.208984,1.008057
3211284617,0.217773,0.209717,1.011963
3211289617,0.207275,0.207764,1.008789
3211294617,0.214355,0.202637,1.012695
3211299617,0.213379,0.206055,1.014648
3211304617,0.213623,0.20752,1.000977
3211309617,0.211426,0.206299,1.005615
3211314617,0.20874,0.204102,1.00293
3211319617,0.217285,0.208252,1.016602
3211324617,0.208252,0.205322,1.005371
3211329617,0.214111,0.207031,1.003418
3211334617,0.216309,0.207275,1.008057
3211339617,0.210449,0.213623,1.004395
3211344617,0.21167,0.209229,1.011475
3211349617,0.210937,0.209229,1.002686
3211354617,0.207764,0.21167,1.00415
3211359617,0.208984,0.207764,1.005615
3211364617,0.211914,0.212891,1.015137
3211369617,0.208496,0.212158,1.00293
3211374617,0.210205,0.207764,1.00415
3211379617,0.216064,0.206543,1.013428
3211384617,0.216064,0.209717,1.005371
3211389617,0.211914,0.20752,1.013428
3211394617,0.219971,0.211426,1.010986
3211399617,0.201904,0.211426,1.007568
3211404617,0.219727,0.210205,1.015137
3211409617,0.21582,0.203613,0.985107
3211414617,0.203857,0.207275,1.00708
3211419617,0.21582,0.218018,1.033447
3211424617,0.214111,0.204834,0.995117
3211429617,0.208252,0.201904,0.992676
3211434617,0.2146,0.207275,1.016846
3211439617,0.217529,0.213623,1.025146
3211444617,0.210449,0.209473,1.00293
3211449617,0.209229,0.200439,0.994873
3211454617,0.211182,0.214111,1.020264
3211459617,0.213379,0.214355,1.018311
3211464617,0.215088,0.208008,1.009277
3211469617,0.209717,0.207031,1.004883
3211474617,0.213867,0.210449,1.00708
3211479617,0.210693,0.21167,1.006592
3211484617,0.209473,0.211182,1.006348
3211489617,0.208252,0.203613,1.000977
3211494617,0.210205,0.202881,1.003418
3211499617,0.211426,0.203125,1.010986
3211504617,0.212158,0.206055,1.005127
3211509617,0.213867,0.206787,1.009277
3211514617,0.216553,0.206299,1.00708
3211519617,0.214844,0.20874,1.007568
3211524617,0.214844,0.210449,1.007813
3211529617,0.213135,0.206543,1.007813
3211534617,0.212158,0.207764,1.012939
3211539617,0.210449,0.214111,1.013672
3211544617,0.208496,0.211426,1.006348
3211549617,0.205078,0.206787,1.01001
3211554617,0.208496,0.207764,1.003418
3211559617,0.210693,0.207764,1.010498
3211564617,0.209473,0.209229,1.002686
3211569617,0.219727,0.21582,1.010254
3211574617,0.219238,0.207031,1.011963
3211579617,0.212402,0.206543,1.010498
3211584617,0.216553,0.207764,1.007324
3211589617,0.2146,0.210205,1.007568
3211594617,0.213379,0.20752,1.006836
3211599617,0.212402,0.209717,1.003662
3211604617,0.208984,0.204102,1.001221
3211609617,0.213379,0.209717,1.010498
3211614617,0.209717,0.209229,1.007813
3211619617,0.211182,0.206543,1.003418
3211624617,0.210937,0.211914,1.011719
3211629617,0.209473,0.205566,1.005859
3211634617,0.209961,0.210937,1.008057
3211639617,0.211426,0.210693,1.007324
3211644617,0.207275,0.209717,1.01123
3211649617,0.211426,0.208984,1.009521
3211654617,0.211914,0.208008,1.010498
3211659617,0.215576,0.209717,1.000244
3211664617,0.211914,0.209961,1.011475
3211669617,0.210449,0.208252,1.010254
3211674617,0.210205,0.208984,1.009033
3211679617,0.213135,0.21167,1.007324
3211684617,0.207275,0.206299,1.008789
3211689617,0.206787,0.208252,1.007324
3211694617,0.210205,0.209229,1.007813
3211699617,0.210205,0.202393,1.001953
3211704617,0.214355,0.206055,1.010498
3211709617,0.214355,0.211182,1.004883
3211714617,0.210449,0.207275,1.003662
3211719617,0.212891,0.205078,1.00293
3211724617,0.218506,0.209717,1.018555
3211729617,0.215088,0.212646,1.011475
3211734617,0.209717,0.206055,0.998779
3211739617,0.214355,0.212402,1.000732
3211744617,0.212158,0.212402,1.015137
3211749617,0.20874,0.213135,1.01001
3211754617,0.210693,0.203125,0.99707
3211759617,0.210693,0.208252,1.005127
3211764617,0.210449,0.210937,1.011475
3211769617,0.207764,0.210937,1.009277
3211774617,0.208984,0.203125,1.00293
3211779617,0.217529,0.205078,1.005127
3211784617,0.209717,0.213379,1.013184
3211789617,0.209717,0.211182,1.016113
3211794617,0.2146,0.210693,1.003906
3211799617,0.215088,0.206787,1.000244
3211804617,0.212646,0.206055,1.001953
3211809617,0.211914,0.213379,1.010986
3211814617,0.213867,0.212646,1.010498
3211819617,0.214844,0.206299,1.002441
3211824617,0.209229,0.206055,0.999268
3211829617,0.209717,0.206543,1.001709
3211834617,0.205322,0.207031,1.006836
3211839617,0.211426,0.209473,1.007324
3211844617,0.207031,0.20874,1.00708
3211849617,0.212646,0.209229,1.005127
3211854617,0.213623,0.211182,1.00415
3211859617,0.213867,0.208496,1.005371
3211864617,0.21167,0.208008,1.005371
3211869617,0.213867,0.209961,1.004395
3211874617,0.214111,0.207031,1.008057
3211879617,0.210205,0.207764,1.011475
3211884617,0.21582,0.207275,1.004883
3211889617,0.210449,0.212646,1.00415
3211894617,0.210449,0.20874,1.013916
3211899617,0.213135,0.209473,1.011719
3211904617,0.210449,0.209717,1.014893
3211909617,0.214844,0.212402,1.01123
3211914617,0.21167,0.212891,1.005127
3211919617,0.211914,0.206055,1.003906
3211924617,0.212402,0.209473,0.998047
3211929617,0.209961,0.204834,1.007813
3211934617,0.209229,0.20752,0.999756
3211939617,0.208984,0.209717,1.009766
3211944617,0.209961,0.206787,1.005615
3211949617,0.214355,0.208008,1.005859
3211954617,0.208984,0.208496,1.008301
3211959617,0.212402,0.20874,1.008057
3211964617,0.210449,0.209229,1.007324
3211969617,0.21582,0.207275,1.009277
3211974617,0.20874,0.209473,1.005371
3211979617,0.205078,0.200928,0.983887
3211984617,0.214844,0.204102,0.999512
3211989617,0.213379,0.212646,1.006348
3211994617,0.207764,0.19458,0.987793
3211999617,0.223145,0.189453,1.01001
3212004617,0.210205,0.195068,0.973877
3212009617,0.208496,0.204834,1.01416
3212014617,0.211182,0.239014,1.013916
3212019617,0.206543,0.23291,1.017334
3212024617,0.208252,0.226074,1.008057
3212029617,0.20459,0.223877,1.011963
3212034617,0.208984,0.224365,1.008789
3212039617,0.208008,0.228271,1.012695
3212044617,0.210449,0.230957,1.008545
3212049617,0.212402,0.216553,1.013428
3212054617,0.211914,0.199951,1.006348
3212059617,0.209473,0.19165,0.99707
3212064617,0.215332,0.185547,1.000977
3212069617,0.213867,0.201172,1.00293
3212074617,0.208008,0.211182,1.005615
3212079617,0.208984,0.210205,0.999268
3212084617,0.20166,0.199219,0.968262
3212089617,0.2146,0.195557,1.026367
3212094617,0.197021,0.210449,0.994141
3212099617,0.211914,0.238037,1.036133
3212104617,0.212158,0.155029,0.91748
3212109617,0.196045,0.234375,1.082031
3212114617,0.205566,0.202637,1.001465
3212119617,0.218262,0.205811,0.975098
3212124617,0.203613,0.227295,1.036621
3212129617,0.215332,0.193848,1.002686
3212134617,0.210693,0.209229,1.007324
3212139617,0.212891,0.2229,1.018311
3212144617,0.211426,0.223633,1.010498
3212149617,0.204834,0.237549,1.012451
3212154617,0.21167,0.240723,1.010254
3212159617,0.203125,0.237549,1.006104
3212164617,0.201172,0.233154,1.014404
3212169617,0.201172,0.223389,1.013672
3212174617,0.210449,0.228271,1.023926
3212179617,0.204102,0.214355,1.020508
3212184617,0.213379,0.214844,1.005859
3212189617,0.211914,0.21167,1.012939
3212194617,0.197021,0.201416,0.98999
3212199617,0.206787,0.186523,1.001953
3212204617,0.212891,0.204102,1.011475
3212209617,0.203613,0.210937,1.008301
3212214617,0.218994,0.224609,1.022705
3212219617,0.199707,0.227539,1.006348
3212224617,0.197998,0.204346,0.996338
3212229617,0.208252,0.195068,0.993652
3212234617,0.212158,0.200195,1.008545
3212239617,0.211426,0.216553,1.02002
3212244617,0.20874,0.215576,1.000732
3212249617,0.203125,0.22168,0.998047
3212254617,0.212402,0.235352,1.012207
3212259617,0.211914,0.227295,1.023682
3212264617,0.206787,0.221191,1.008789
3212269617,0.199463,0.229248,1.002197
3212274617,0.208984,0.253662,1.020752
3212279617,0.200195,0.245361,1.018066
3212284617,0.209717,0.209961,0.990967
3212289617,0.207764,0.202637,1.001953
3212294617,0.217529,0.197998,1.013184
3212299617,0.211914,0.196289,1.001221
3212304617,0.216064,0.208496,1.010498
3212309617,0.209473,0.205566,0.99707
3212314617,0.206299,0.205566,1.010742
3212319617,0.210449,0.20874,0.998047
3212324617,0.205078,0.218994,1.008301
3212329617,0.206299,0.218018,1.002441
3212334617,0.207275,0.217285,1.009521
3212339617,0.179199,0.212158,0.935303
3212344617,0.226318,0.383057,1.080811
3212349617,0.167969,0.229492,0.984131
3212354617,0.210205,0.255371,0.963623
3212359617,0.200439,0.20166,1.006836
3212364617,0.207031,0.218994,0.99707
3212369617,0.200928,0.234619,1.01709
3212374617,0.203857,0.243896,1.004639
3212379617,0.197754,0.260254,0.998535
3212384617,0.206543,0.253174,1.023438
3212389617,0.19165,0.232422,1.001709
3212394617,0.19751,0.239258,1.003906
3212399617,0.207275,0.237793,1.018799
3212404617,0.21875,0.23291,1.021729
3212409617,0.210449,0.2229,0.995361
3212414617,0.210937,0.223877,1.029053
3212419617,0.205322,0.204834,0.991211
3212424617,0.226318,0.198486,1.006104
3212429617,0.210205,0.175781,0.987549
3212434617,0.213867,0.195068,1.02002
3212439617,0.232666,0.202148,1.026611
3212444617,0.215332,0.223145,1.037109
3212449617,0.220947,0.236328,1.016113
3212454617,0.195312,0.238525,1.002686
3212459617,0.191406,0.216797,0.99292
3212464617,0.151367,0.204102,0.94165
3212469617,0.200195,0.202881,0.978516
3212474617,0.208252,0.21167,0.999756
3212479617,0.185303,0.243408,1.002686
3212484617,0.227051,0.265381,1.002441
3212489617,0.20752,0.179443,0.990479
3212494617,-0.692383,1.999939,-0.404053
3212499617,-0.468262,1.999939,1.006592
3212504617,0.214355,0.460693,0.979248
3212509617,0.166748,0.236572,0.974854
3212514617,0.209717,0.203125,0.970947
3212519617,0.206543,0.218018,1.020508
3212524617,0.209717,0.229248,1.010742
3212529617,0.199219,0.236816,1.005615
3212534617,0.204834,0.245605,1.01123
3212539617,0.200684,0.25415,1.006836
3212544617,0.217529,0.706543,-2.0
3212549617,-0.61499,0.368408,1.348389
3212554617,0.07373,0.248047,0.924805
3212559617,0.205566,0.480469,1.02002
3212564617,0.194092,0.241699,0.906006
3212569617,0.18457,0.207764,0.968506
3212574617,0.204346,0.23291,1.019531
3212579617,0.201904,0.165771,0.985107
3212584617,0.212891,0.185059,1.01709
3212589617,0.209229,0.188232,1.000977
3212594617,0.211914,0.161133,0.98584
3212599617,0.207764,0.135742,0.978027
3212604617,0.213867,0.13623,0.987061
3212609617,0.2146,0.147705,0.979248
3212614617,0.208984,0.174316,1.005371
3212619617,0.213135,0.199707,1.014404
3212624617,0.212402,0.236084,1.021484
3212629617,0.212646,0.247803,1.015137
3212634617,0.200928,0.185303,0.996094
3212639617,0.181885,0.248779,1.037354
3212644617,0.220947,0.247803,1.017334
3212649617,0.208008,0.259277,1.015869
3212654617,0.201416,0.294678,1.039063
3212659617,0.201904,0.253906,1.004639
3212664617,0.212891,0.257568,1.01709
3212669617,0.212402,0.243408,1.017334
3212674617,0.23584,0.2146,1.039795
3212679617,0.204346,0.232178,0.999268
3212684617,0.216553,0.234619,1.039307
3212689617,0.214111,0.229492,1.024414
3212694617,0.206543,0.19458,1.027588
3212699617,0.215576,0.153076,0.997314
3212704617,0.213135,0.138428,0.973389
3212709617,0.211426,0.158447,0.979492
3212714617,0.209961,0.174561,0.983154
3212719617,0.207275,0.186035,0.981934
3212724617,0.216309,0.17627,0.994141
3212729617,0.216797,0.159668,0.983398
3212734617,0.211426,0.165039,0.990234
3212739617,0.210693,0.192627,1.007813
3212744617,0.207275,0.214844,1.018799
3212749617,0.209717,0.223389,1.006836
3212754617,0.209961,0.229004,1.015869
3212759617,0.207031,0.243164,1.019531
3212764617,0.208008,0.243896,1.024414
3212769617,0.206299,0.251709,1.019531
3212774617,0.20752,0.249268,1.018555
3212779617,0.209229,0.246826,1.016602
3212784617,0.202393,0.245361,1.022217
3212789617,0.20459,0.235107,1.013672
3212794617,0.20752,0.223633,1.011475
3212799617,0.210449,0.219482,1.015869
3212804617,0.209473,0.209473,1.003174
3212809617,0.21167,0.199951,1.008545
3212814617,0.212158,0.185303,1.008545
3212819617,0.212646,0.172119,0.999512
3212824617,0.213623,0.175049,0.986084
3212829617,0.210937,0.181885,0.990723
3212834617,0.212402,0.179443,0.98999
3212839617,0.210693,0.181396,0.996582
3212844617,0.21167,0.179443,1.001465
3212849617,0.21167,0.188232,0.997314
3212854617,0.213867,0.203857,1.013184
3212859617,0.211182,0.211426,1.011475
3212864617,0.210937,0.209961,1.008545
3212869617,0.207031,0.225098,1.011719
3212874617,0.208252,0.22998,1.017822
3212879617,0.209229,0.228271,1.014893
3212884617,0.209717,0.236328,1.018555
3212889617,0.203613,0.233398,1.012207
3212894617,0.207764,0.229248,1.015381
3212899617,0.209473,0.227295,1.011719
3212904617,0.209473,0.224854,1.01001
3212909617,0.20874,0.220459,1.012939
3212914617,0.211426,0.216309,1.017334
3212919617,0.20874,0.211914,1.002686
3212924617,0.20874,0.200928,1.015137
3212929617,0.210449,0.195801,1.005371
3212934617,0.211914,0.1875,1.000732
3212939617,0.211182,0.187012,1.002441
3212944617,0.211182,0.193115,1.002441
3212949617,0.213379,0.188721,0.996826
3212954617,0.213379,0.189453,0.999512
3212959617,0.210205,0.189697,1.000732
3212964617,0.206787,0.196777,1.008301
3212969617,0.210693,0.20459,1.012207
3212974617,0.209961,0.207275,1.004883
3212979617,0.20874,0.214844,1.006592
3212984617,0.20874,0.217285,1.017822
3212989617,0.20752,0.22168,1.01001
3212994617,0.206543,0.223389,1.004883
3212999617,0.208984,0.223389,1.010254
3213004617,0.208984,0.226562,1.009277
3213009617,0.207031,0.219238,1.006348
3213014617,0.213623,0.222168,1.012695
3213019617,0.211426,0.21582,1.015869
3213024617,0.210205,0.212891,1.014648
3213029617,0.212402,0.214844,1.012695
3213034617,0.212158,0.208984,1.007813
3213039617,0.213135,0.204834,1.011719
3213044617,0.209717,0.201416,1.006592
3213049617,0.21167,0.200439,0.996094
3213054617,0.206299,0.196289,0.994873
3213059617,0.209229,0.19458,1.00293
3213064617,0.208008,0.190918,0.998047
3213069617,0.21167,0.196533,1.003662
3213074617,0.211182,0.198242,1.00293
3213079617,0.210937,0.205322,1.007813
3213084617,0.209717,0.214111,1.006592
3213089617,0.210205,0.215576,1.011475
3213094617,0.209717,0.209229,1.00708
3213099617,0.210449,0.210205,1.01123
3213104617,0.21167,0.210693,1.013672
3213109617,0.210693,0.217041,1.010498
3213114617,0.207031,0.216309,1.01001
3213119617,0.2146,0.234131,1.043457
3213124617,0.20166,0.218506,0.987549
3213129617,0.207031,0.21582,1.016846
3213134617,0.204834,0.218994,1.001221
3213139617,0.205566,0.217773,1.0
3213144617,0.210693,0.206787,1.014648
3213149617,0.212646,0.206055,1.005859
3213154617,0.209961,0.203369,1.010986
3213159617,0.208496,0.206055,1.009766
3213164617,0.213623,0.205811,1.012207
3213169617,0.212158,0.200928,0.992676
3213174617,0.209717,0.199951,0.996582
3213179617,0.210693,0.199463,1.000488
3213184617,0.211426,0.202393,1.006836
3213189617,0.212891,0.203369,1.009766
3213194617,0.208252,0.211426,1.007324
3213199617,0.210937,0.210693,1.012207
3213204617,0.211182,0.20874,1.009033
3213209617,0.212158,0.211914,1.005859
3213214617,0.211426,0.21167,1.013184
3213219617,0.211182,0.217041,1.00708
3213224617,0.208984,0.21582,1.019287
3213229617,0.207275,0.212158,1.005859
3213234617,0.211914,0.20752,1.006348
3213239617,0.207031,0.213379,1.015625
3213244617,0.202637,0.211426,1.000732
3213249617,0.207764,0.209473,1.004395
3213254617,0.207031,0.203613,1.002197
3213259617,0.214844,0.208252,1.010498
3213264617,0.207275,0.21167,1.003174
3213269617,0.211182,0.204834,1.011963
3213274617,0.209229,0.203613,1.009277
3213279617,0.210205,0.203369,1.003174
3213284617,0.210205,0.204346,0.997559
3213289617,0.216309,0.207764,1.008545
3213294617,0.213623,0.20874,1.022949
3213299617,0.206543,0.20752,1.006348
3213304617,0.208008,0.213379,1.013428
3213309617,0.208008,0.212646,1.005615
3213314617,0.209961,0.213623,1.002441
3213319617,0.209473,0.21167,1.01001
3213324617,0.211426,0.214111,1.01416
3213329617,0.210693,0.213379,1.008545
3213334617,0.209961,0.208984,0.99585
3213339617,0.207764,0.20752,1.006348
3213344617,0.20459,0.2146,1.025879
3213349617,0.202637,0.214111,1.003174
3213354617,0.207275,0.210937,1.013184
3213359617,0.20874,0.208252,1.015625
3213364617,0.20874,0.206299,1.004395
3213369617,0.210693,0.204102,1.005127
3213374617,0.207764,0.204834,1.004883
3213379617,0.214844,0.210937,1.01709
3213384617,0.208496,0.214111,0.996826
3213389617,0.216553,0.200928,1.008057
3213394617,0.2146,0.203613,1.013428
3213399617,0.206787,0.209717,1.006104
3213404617,0.214111,0.208008,1.010498
3213409617,0.20874,0.210205,1.004639
3213414617,0.209717,0.211426,1.012207
3213419617,0.209229,0.213135,1.016357
3213424617,0.207764,0.213379,1.008545
3213429617,0.213135,0.208008,1.009521
3213434617,0.205811,0.210937,1.014893
3213439617,0.206787,0.207764,1.011963
3213444617,0.205078,0.208496,1.003418
3213449617,0.209473,0.206055,1.006592
3213454617,0.21582,0.206055,1.01709
3213459617,0.202637,0.209473,1.001709
3213464617,0.202148,0.212402,1.00415
3213469617,0.209717,0.208496,1.01123
3213474617,0.209473,0.208496,1.009033
3213479617,0.209961,0.210205,1.006836
3213484617,0.210205,0.207031,1.008057
3213489617,0.202393,0.203613,1.01416
3213494617,0.208984,0.207031,1.005127
3213499617,0.212402,0.204834,1.008301
3213504617,0.207275,0.206299,1.014404
3213509617,0.2146,0.20459,1.01416
3213514617,0.209717,0.210449,1.005615
3213519617,0.209229,0.206787,1.009033
3213524617,0.212402,0.212646,1.00415
3213529617,0.206787,0.21167,1.006592
3213534617,0.216309,0.212646,1.005859
3213539617,0.214844,0.209717,1.007568
3213544617,0.21167,0.208984,1.001953
3213549617,0.2146,0.206299,1.005859
3213554617,0.210205,0.207031,1.009521
3213559617,0.211426,0.211914,1.015137
3213564617,0.210205,0.212891,1.014404
3213569617,0.209473,0.207764,1.007324
3213574617,0.20752,0.212402,1.00708
3213579617,0.209473,0.209229,1.015869
3213584617,0.211426,0.206299,1.005859
3213589617,0.207764,0.209473,1.006592
3213594617,0.210449,0.209961,1.008057
3213599617,0.21167,0.20752,1.006592
3213604617,0.207275,0.209717,1.004883
3213609617,0.207764,0.206787,1.00415
3213614617,0.210693,0.210205,1.005859
3213619617,0.208252,0.213135,1.006348
3213624617,0.215332,0.210937,1.01001
3213629617,0.211914,0.210449,1.008789
3213634617,0.209717,0.206543,1.00415
3213639617,0.190674,0.229248,0.969482
3213644617,0.250244,0.232666,0.991699
3213649617,0.203857,0.084229,1.009277
3213654617,0.165039,0.209961,1.013428
3213659617,0.216553,0.19043,0.928711
3213664617,0.211182,0.182617,0.996826
3213669617,0.203857,0.249756,0.99585
3213674617,0.193359,0.198486,0.98877
3213679617,0.217773,0.210937,1.017822
3213684617,0.231689,0.239014,1.024902
3213689617,0.217041,0.26709,1.036377
3213694617,0.203613,0.293457,1.032959
3213699617,0.19458,0.29834,1.018555
3213704617,0.199219,0.248779,0.996826
3213709617,0.201416,0.224609,0.995605
3213714617,0.199707,0.216064,0.994141
3213719617,0.199463,0.226318,1.005615
3213724617,0.193115,0.236816,1.014893
3213729617,0.230469,0.236084,1.069824
3213734617,0.223877,0.206055,1.014893
3213739617,0.216309,0.170654,0.981445
3213744617,0.216309,0.189453,1.029297
3213749617,0.246582,0.182617,1.027588
3213754617,0.196533,0.1604,0.966797
3213759617,0.227539,0.176025,1.022461
3213764617,0.213623,0.166748,0.994385
3213769617,0.209229,0.178955,1.010498
3213774617,0.217773,0.186523,0.997803
3213779617,0.215576,0.188477,1.009766
3213784617,0.216064,0.196777,1.016846
3213789617,0.210449,0.240967,1.037598
3213794617,0.144043,0.27417,1.020508
3213799617,0.20752,0.292725,1.007324
3213804617,0.191162,0.240967,1.003418
3213809617,0.184082,0.228027,1.003906
3213814617,0.200684,0.205322,1.015381
3213819617,0.203125,0.20166,1.013672
3213824617,0.207031,0.230225,1.015625
3213829617,0.203857,0.228027,1.000244
3213834617,0.206787,0.215332,1.000488
3213839617,0.203125,0.190186,0.987549
3213844617,0.218018,0.204346,0.99707
3213849617,0.205078,0.217041,1.011475
3213854617,0.207031,0.248291,1.024902
3213859617,0.198486,0.254639,1.023926
3213864617,0.198486,0.26709,1.018311
3213869617,0.196533,0.262695,1.001953
3213874617,0.190186,0.239502,1.003662
3213879617,0.197754,0.240479,1.009277
3213884617,0.203369,0.233154,1.019531
3213889617,0.208252,0.219482,1.022705
3213894617,0.212646,0.207031,1.018311
3213899617,0.205322,0.185547,1.014648
3213904617,0.207275,0.185547,1.003418
3213909617,0.201416,0.156982,0.988281
3213914617,0.2146,0.180908,0.987793
3213919617,0.237793,0.195312,1.031494
3213924617,0.215332,0.211914,1.025391
3213929617,0.20166,0.206299,1.006348
3213934617,0.184082,0.242187,1.002686
3213939617,0.193604,0.257813,1.003662
3213944617,0.187256,0.259521,0.984375
3213949617,0.185059,0.267334,0.975342
3213954617,0.176025,0.28418,1.012695
3213959617,0.177979,0.283447,0.998047
3213964617,0.189453,0.283691,0.982422
3213969617,0.166992,0.274658,1.009766
3213974617,0.224609,0.239502,1.003174
3213979617,0.220459,0.190186,0.983887
3213984617,0.198242,0.248047,1.044922
3213989617,0.234619,0.19043,1.026367
3213994617,0.239502,0.188965,1.032227
3213999617,0.19043,0.192383,1.059814
3214004617,0.217773,0.104248,0.962646
3214009617,0.206787,0.093994,0.929932
3214014617,0.204102,0.130127,0.965088
3214019617,0.214844,0.144775,0.991699
3214024617,0.155273,0.162842,0.932617
3214029617,0.182617,0.212891,1.031982
3214034617,0.20166,0.183594,1.043213
3214039617,0.231201,0.154297,1.011475
3214044617,0.267334,0.137939,0.974609
3214049617,0.211426,0.225098,0.992676
3214054617,0.181396,0.26709,1.049805
3214059617,0.2146,0.293457,1.019775
3214064617,0.2146,0.281738,1.006836
3214069617,0.176514,0.289795,1.01709
3214074617,0.179199,0.24707,0.99585
3214079617,0.208008,0.22998,0.992432
3214084617,0.181885,0.27124,1.024414
3214089617,0.196777,0.2771,1.022705
3214094617,0.209961,0.238281,1.025146
3214099617,0.196289,0.225586,1.015137
3214104617,0.199707,0.219971,0.999268
3214109617,0.212158,0.176025,0.977295
3214114617,0.205811,0.19043,1.011475
3214119617,0.219727,0.19751,1.05542
3214124617,0.20166,0.221191,1.047852
3214129617,0.231201,0.198242,0.999756
3214134617,0.201416,0.187256,1.004639
3214139617,0.210693,0.168213,0.986572
3214144617,0.211914,0.151611,0.974121
3214149617,0.210449,0.163574,1.003906
3214154617,0.203857,0.154785,0.989746
3214159617,0.20874,0.164551,0.998291
3214164617,0.219482,0.21875,0.995361
3214169617,0.189697,0.205566,1.007324
3214174617,0.205566,0.218018,1.000244
3214179617,0.206055,0.197021,0.99585
3214184617,0.201904,0.214111,1.001465
3214189617,0.201416,0.236328,1.033203
3214194617,0.203369,0.252686,1.011475
3214199617,0.206055,0.245361,1.015381
3214204617,0.206543,0.227051,1.017822
3214209617,0.204102,0.20874,1.016846
3214214617,0.210937,0.208252,1.013428
3214219617,0.204834,0.208984,1.013184
3214224617,0.20459,0.210937,1.010498
3214229617,0.205811,0.208496,1.000732
3214234617,0.209717,0.194824,1.005127
3214239617,0.208008,0.184814,1.004883
3214244617,0.20459,0.179687,1.004639
3214249617,0.205078,0.177246,0.993652
3214254617,0.208496,0.178955,1.002441
3214259617,0.202881,0.185059,0.99707
3214264617,0.214111,0.195801,1.002197
3214269617,0.200684,0.195557,0.997559
3214274617,0.203369,0.195312,1.001465
3214279617,0.20752,0.210937,1.008545
3214284617,0.198975,0.213867,1.003418
3214289617,0.213379,0.218506,1.029785
3214294617,0.204346,0.219971,1.008301
3214299617,0.211426,0.220215,1.008789
3214304617,0.213135,0.218018,1.017822
3214309617,0.205078,0.220459,1.008789
3214314617,0.213379,0.212402,1.021484
3214319617,0.204346,0.217529,1.005127
3214324617,0.209717,0.212158,1.020752
3214329617,0.206787,0.210693,1.018799
3214334617,0.20459,0.207275,1.014648
3214339617,0.206055,0.202148,1.003906
3214344617,0.204346,0.196777,1.010254
3214349617,0.209961,0.19873,1.010986
3214354617,0.20459,0.193604,1.00293
3214359617,0.205078,0.192139,1.003174
3214364617,0.212158,0.192383,1.004395
3214369617,0.209229,0.19165,1.007813
3214374617,0.204346,0.197021,1.011719
3214379617,0.202393,0.19873,1.001953
3214384617,0.207764,0.205078,1.006836
3214389617,0.209717,0.204834,1.015625
3214394617,0.207275,0.206787,1.017334
3214399617,0.206055,0.207764,1.010254
3214404617,0.206543,0.212402,1.019775
3214409617,0.210205,0.219482,1.02417
3214414617,0.189209,0.2146,0.999268
3214419617,0.217285,0.210693,1.018066
3214424617,0.212891,0.222168,1.026855
3214429617,0.193115,0.198242,0.993896
3214434617,0.213135,0.197998,1.0
3214439617,0.207275,0.206787,1.020264
3214444617,0.207764,0.205811,1.001709
3214449617,0.205322,0.197021,1.000732
3214454617,0.206543,0.19873,1.004883
3214459617,0.207764,0.198975,1.008301
3214464617,0.206543,0.203125,1.006836
3214469617,0.208008,0.198975,1.00293
3214474617,0.206787,0.205811,1.007568
3214479617,0.208008,0.211182,1.014648
3214484617,0.208496,0.205566,1.005859
3214489617,0.204834,0.20874,1.013184
3214494617,0.204834,0.206299,1.014404
3214499617,0.206299,0.206299,1.015869
3214504617,0.202393,0.217529,1.011719
3214509617,0.201904,0.207275,1.013428
3214514617,0.206055,0.210205,1.008057
3214519617,0.20874,0.204102,1.011475
3214524617,0.207031,0.203125,1.008301
3214529617,0.208496,0.203125,1.017578
3214534617,0.20874,0.205322,1.008057
3214539617,0.213135,0.200195,1.00708
3214544617,0.206543,0.202148,1.010742
3214549617,0.208008,0.202881,1.002686
3214554617,0.206787,0.200439,1.001221
3214559617,0.206543,0.198486,1.006836
3214564617,0.213379,0.201904,1.014648
3214569617,0.202637,0.20752,1.00415
3214574617,0.206055,0.205322,1.011963
3214579617,0.202393,0.248535,0.981689
3214584617,0.202148,0.20459,0.991455
3214589617,0.233643,0.18042,1.017578
3214594617,0.215332,0.201904,1.02124
3214599617,0.183838,0.212646,0.992676
3214604617,0.2146,0.210449,1.030762
3214609617,0.200195,0.204346,1.002686
3214614617,0.213135,0.187988,1.013428
3214619617,0.200684,0.210937,0.996826
3214624617,0.20874,0.199951,0.990479
3214629617,0.210449,0.188721,1.000488
3214634617,0.203369,0.200439,1.002686
3214639617,0.203613,0.20459,1.001709
3214644617,0.202881,0.205322,1.015625
3214649617,0.209961,0.204346,1.008545
3214654617,0.204102,0.205322,1.006592
3214659617,0.206543,0.202148,1.009521
3214664617,0.209229,0.208496,1.010498
3214669617,0.207275,0.205322,1.011963
3214674617,0.20874,0.206299,1.008789
3214679617,0.207764,0.206543,1.008057
3214684617,0.207764,0.204834,1.006348
3214689617,0.201904,0.20874,1.001709
3214694617,0.207764,0.205322,1.020996
3214699617,0.208496,0.210205,1.011475
3214704617,0.211182,0.19873,1.012207
3214709617,0.207275,0.20166,1.019775
3214714617,0.206299,0.205078,1.015625
3214719617,0.206299,0.204834,1.009277
3214724617,0.209473,0.203369,1.007324
3214729617,0.210693,0.202393,1.002197
3214734617,0.205811,0.196533,1.006348
3214739617,0.205322,0.203125,1.014893
3214744617,0.208252,0.203125,1.015625
3214749617,0.202881,0.20166,1.008057
3214754617,0.205566,0.208008,1.009033
3214759617,0.208008,0.205078,1.016113
3214764617,0.20752,0.206543,1.010986
3214769617,0.204834,0.204834,1.009521
3214774617,0.204834,0.210205,1.013672
3214779617,0.207764,0.208252,1.018799
3214784617,0.208496,0.205322,1.013184
3214789617,0.20752,0.203857,1.002686
3214794617,0.206299,0.204346,1.000488
3214799617,0.211426,0.201904,1.020996
3214804617,0.205322,0.206787,1.00415
3214809617,0.208496,0.204102,1.009766
3214814617,0.200684,0.199951,0.982178
3214819617,0.212646,0.187744,0.978027
3214824617,0.227051,0.192383,1.06958
3214829617,0.186279,0.2146,0.974854
3214834617,0.206299,0.221924,1.047607
3214839617,0.199219,0.21875,1.010254
3214844617,0.210449,0.205566,1.03833
3214849617,0.208984,-0.028564,0.970459
3214854617,0.214111,0.32666,1.046143
3214859617,0.20166,0.207275,1.005371
3214864617,0.202393,0.192871,0.983887
3214869617,0.200928,0.200928,0.997314
3214874617,0.198975,0.209961,0.968262
3214879617,0.212158,0.191162,0.997559
3214884617,0.207764,0.189941,0.993408
3214889617,0.213379,0.165283,1.008301
3214894617,0.217041,0.152832,1.002686
3214899617,0.216797,0.157471,1.005371
3214904617,0.216064,0.16333,1.00708
3214909617,0.218018,0.209473,1.022217
3214914617,0.199463,0.251709,1.017578
3214919617,0.194336,0.238281,1.035156
3214924617,0.205566,0.235352,0.980957
3214929617,0.203125,0.237793,0.983887
3214934617,0.210205,0.237061,1.010498
3214939617,0.201172,0.23999,1.000488
3214944617,0.199463,0.21167,0.979736
3214949617,0.222656,0.195312,0.971191
3214954617,0.214844,0.159668,1.024658
3214959617,0.221436,0.141602,1.032227
3214964617,0.202148,0.153564,1.004883
3214969617,0.216553,0.177979,1.008545
3214974617,0.202881,0.214355,1.027832
3214979617,0.211426,0.226807,1.030029
3214984617,0.203125,0.222656,0.97876
3214989617,0.20459,0.223877,1.003662
3214994617,0.198242,0.243164,1.006836
3214999617,0.207031,0.241943,1.01416
3215004617,0.205078,0.246094,1.016357
3215009617,0.207031,0.234863,1.030518
3215014617,0.207031,0.213379,1.024658
3215019617,0.206055,0.199463,1.004883
3215024617,0.208984,0.198486,1.006836
3215029617,0.209229,0.215088,1.013428
3215034617,0.206055,0.222412,1.017334
3215039617,0.20752,0.215332,1.000244
3215044617,0.204834,0.204834,0.991943
3215049617,0.206299,0.188232,0.989502
3215054617,0.214111,0.178467,0.997803
3215059617,0.207031,0.190674,0.998535
3215064617,0.210693,0.198242,1.002441
3215069617,0.210449,0.202148,1.00708
3215074617,0.209961,0.19751,1.00415
3215079617,0.210449,0.197998,1.009766
3215084617,0.203125,0.211914,1.003906
3215089617,0.20459,0.212402,1.011719
3215094617,0.206787,0.214844,1.002197
3215099617,0.208496,0.224121,1.019043
3215104617,0.205811,0.222656,1.019287
3215109617,0.205811,0.221924,1.013184
3215114617,0.206543,0.217041,1.006104
3215119617,0.209229,0.214844,1.012695
3215124617,0.206543,0.217041,1.013916
3215129617,0.208984,0.219482,1.01001
3215134617,0.203369,0.214844,1.0
3215139617,0.207031,0.208496,1.017334
3215144617,0.207031,0.201904,0.990479
3215149617,0.206543,0.196533,1.020752
3215154617,0.205811,0.209961,1.02417
3215159617,0.20166,0.214111,0.997314
3215164617,0.209229,0.193604,0.991455
3215169617,0.217285,0.183105,1.002197
3215174617,0.208984,0.191406,0.994629
3215179617,0.206787,0.205078,1.012695
3215184617,0.197266,0.203857,0.996338
3215189617,0.211914,0.21167,1.04248
3215194617,0.198242,0.228027,1.003906
3215199617,0.207764,0.22168,1.005127
3215204617,0.209473,0.211182,1.005371
3215209617,0.212646,0.202881,1.005127
3215214617,0.210205,0.208252,1.007568
3215219617,0.210205,0.207764,1.008789
3215224617,0.207031,0.208496,1.010742
3215229617,0.203857,0.208496,1.008301
3215234617,0.20874,0.21167,1.022217
3215239617,0.205566,0.204834,1.000488
3215244617,0.20166,0.20459,1.011719
3215249617,0.21167,0.19873,1.005371
3215254617,0.208496,0.20459,1.005859
3215259617,0.206055,0.207275,0.998535
3215264617,0.20874,0.204102,1.00293
3215269617,0.210205,0.206787,1.00293
3215274617,0.206543,0.208008,1.003662
3215279617,0.212891,0.209473,1.012207
3215284617,0.211914,0.212646,1.01001
3215289617,0.204834,0.213135,1.002197
3215294617,0.214355,0.212402,1.015137
3215299617,0.205566,0.208496,0.995117
3215304617,0.213867,0.211426,1.010498
3215309617,0.208984,0.218994,1.021729
3215314617,0.20752,0.2146,1.023193
3215319617,0.204102,0.197754,0.982666
3215324617,0.213867,0.212646,1.013672
3215329617,0.205322,0.213867,1.018066
3215334617,0.202881,0.19751,1.000488
3215339617,0.21167,0.20752,1.010986
3215344617,0.20752,0.205078,1.007324
3215349617,0.207764,0.218018,1.023193
3215354617,0.209229,0.210205,0.998779
3215359617,0.212402,0.200439,1.001953
3215364617,0.212646,0.209229,1.015625
3215369617,0.21167,0.201904,1.008301
3215374617,0.205811,0.212646,1.007813
3215379617,0.204102,0.212646,1.002441
3215384617,0.209961,0.208984,1.004883
3215389617,0.210205,0.204346,1.012939
3215394617,0.206299,0.209473,1.00415
3215399617,0.20874,0.213867,1.007813
3215404617,0.20459,0.212891,1.003174
3215409617,0.208252,0.204102,1.006836
3215414617,0.207031,0.207275,1.012939
3215419617,0.20459,0.206299,1.008301
3215424617,0.210449,0.206543,1.006348
3215429617,0.210205,0.209473,1.007813
3215434617,0.206787,0.200684,0.999512
3215439617,0.207275,0.206787,1.009766
3215444617,0.210449,0.211426,1.017822
3215449617,0.213867,0.208008,0.995361
3215454617,0.202393,0.203369,1.002197
3215459617,0.211426,0.209717,1.012939
3215464617,0.210937,0.213379,1.01416
3215469617,0.207764,0.211914,1.005859
3215474617,0.205322,0.209473,1.006592
3215479617,0.205566,0.214844,1.011963
3215484617,0.209717,0.210205,1.01001
3215489617,0.204346,0.20874,1.010742
3215494617,0.202637,0.213135,1.011475
3215499617,0.20459,0.205078,1.005859
3215504617,0.207764,0.209473,1.008057
3215509617,0.20752,0.209473,1.010498
3215514617,0.205322,0.209473,1.002686
3215519617,0.20459,0.205566,1.009033
3215524617,0.210205,0.208496,1.010254
3215529617,0.203125,0.205566,1.01416
3215534617,0.205078,0.208008,1.004639
3215539617,0.207764,0.210449,1.005859
3215544617,0.207275,0.209717,1.010254
3215549617,0.206055,0.209229,1.007324
3215554617,0.207031,0.20752,1.006592
3215559617,0.206299,0.205811,1.009277
3215564617,0.209473,0.209961,1.006348
3215569617,0.210693,0.207031,1.004883
3215574617,0.212402,0.205322,1.009766
3215579617,0.20752,0.212891,1.008301
3215584617,0.207031,0.208252,1.006836
3215589617,0.203125,0.204834,1.004639
3215594617,0.204346,0.206055,1.008545
3215599617,0.206543,0.209473,1.008301
3215604617,0.206787,0.212646,1.001221
3215609617,0.20752,0.208008,1.010986
3215614617,0.210205,0.205566,1.011475
3215619617,0.20874,0.206787,1.005127
3215624617,0.208008,0.208984,1.01416
3215629617,0.206055,0.206787,1.002686
3215634617,0.205811,0.208252,1.009277
3215639617,0.204102,0.213623,1.006592
3215644617,0.204346,0.206299,1.008301
3215649617,0.206543,0.208252,1.007568
3215654617,0.206787,0.20752,1.010254
3215659617,0.207031,0.205566,1.010742
3215664617,0.208252,0.209961,1.005859
3215669617,0.207031,0.208008,1.016602
3215674617,0.20874,0.205322,1.003662
3215679617,0.209473,0.208984,1.007813
3215684617,0.208252,0.206543,1.01123
3215689617,0.20459,0.210205,1.005371
3215694617,0.207764,0.21167,1.013916
3215699617,0.209229,0.216064,1.013184
3215704617,0.209961,0.204346,1.001953
3215709617,0.207275,0.203125,1.007324
3215714617,0.20459,0.203857,1.014893
3215719617,0.207764,0.213867,1.013672
3215724617,0.206055,0.209229,1.011719
3215729617,0.209473,0.213379,1.006348
3215734617,0.20459,0.206299,1.004395
3215739617,0.206543,0.211182,1.01001
3215744617,0.205078,0.209229,1.005371
3215749617,0.209473,0.209229,1.009277
3215754617,0.208252,0.207275,1.010254
3215759617,0.20874,0.211182,1.012939
3215764617,0.208984,0.20752,1.009033
3215769617,0.205078,0.211426,1.004395
3215774617,0.207764,0.215332,1.009033
3215779617,0.207764,0.20874,1.009521
3215784617,0.205811,0.209473,1.006836
3215789617,0.207764,0.20874,1.009521
3215794617,0.205322,0.210693,1.006104
3215799617,0.20459,0.20874,1.006104
3215804617,0.209229,0.21167,1.005127
3215809617,0.208008,0.20752,0.999268
3215814617,0.206787,0.206299,1.007813
3215819617,0.211182,0.208984,1.011719
3215824617,0.207764,0.211182,1.02002
3215829617,0.206299,0.212402,1.009277
3215834617,0.210449,0.212158,1.005371
3215839617,0.209717,0.207275,1.012451
3215844617,0.209961,0.209473,1.009521
3215849617,-1.282715,-0.186523,-0.369141
3215854617,-0.156982,1.999939,-1.99292
3215859617,1.999939,1.999939,-2.0
3215864617,0.052979,0.249023,-2.0
3215869617,-1.166016,1.999939,-2.0
3215874617,-1.154785,1.830566,-0.391602
3215879617,-0.349121,0.313721,-0.765625
3215884617,-1.584961,1.999939,-2.0
3215889617,-0.696533,1.066162,-2.0
3215894617,0.123291,0.489014,0.90332
3215899617,0.033936,0.200195,1.1875
3215904617,0.106201,0.317627,0.387207
3215909617,-0.428955,0.188965,0.972412
3215914617,-0.053955,1.07251,0.972656
3215919617,0.114258,1.151611,1.02002
3215924617,-0.293701,1.927734,-2.0
3215929617,-1.046143,1.274658,1.339844
3215934617,-0.314697,0.948242,0.938477
3215939617,-0.06958,0.16626,1.01001
3215944617,-0.240967,0.178711,1.108887
3215949617,0.207764,0.16626,0.951172
3215954617,0.25293,0.262939,1.004883
3215959617,0.235596,0.277344,1.005859
3215964617,0.120117,0.208252,0.894043
3215969617,0.27002,0.584229,-1.728516
3215974617,0.230957,0.177734,1.071533
3215979617,0.231689,0.362793,1.185303
3215984617,0.286377,0.20752,1.015381
3215989617,0.157227,0.240234,0.978271
3215994617,-0.033691,0.375488,1.118408
3215999617,0.275391,0.35083,1.135742
3216004617,0.255615,0.15918,1.127686
3216009617,0.243164,0.224121,1.140625
3216014617,0.197754,0.203125,0.968262
3216019617,0.22876,0.214355,1.049072
3216024617,0.192383,0.229004,1.044678
3216029617,0.199219,0.190918,0.996582
3216034617,0.199707,0.193604,1.00293
3216039617,0.200195,0.202393,0.984619
3216044617,0.204346,0.213135,0.989746
3216049617,0.199707,0.209961,1.007568
3216054617,0.209473,0.213867,1.018555
3216059617,0.216553,0.201416,1.018066
3216064617,0.213135,0.197021,1.022949
3216069617,0.205811,0.195557,1.012695
3216074617,0.20874,0.200439,0.998535
3216079617,0.208984,0.208008,1.004395
3216084617,0.216797,0.216309,1.013428
3216089617,0.210449,0.21582,1.012451
3216094617,0.202393,0.209717,1.008789
3216099617,0.202148,0.207031,1.003174
3216104617,0.204346,0.212402,1.001465
3216109617,0.205078,0.217529,1.003906
3216114617,0.20166,0.220947,1.011719
3216119617,0.202637,0.212891,1.012695
3216124617,0.19873,0.213135,1.01001
3216129617,0.206055,0.206055,1.007813
3216134617,0.206299,0.211914,1.010498
3216139617,0.204346,0.210205,1.008301
3216144617,0.209229,0.210693,1.000977
3216149617,0.206299,0.212646,1.012451
3216154617,0.20874,0.210205,1.01709
3216159617,0.20459,0.20874,1.007813
3216164617,0.204834,0.20874,0.997803
3216169617,0.202637,0.212402,0.998291
3216174617,0.210693,0.210205,1.005371
3216179617,0.208008,0.208008,1.012939
3216184617,0.200684,0.206055,1.00708
3216189617,0.202148,0.206299,1.013916
3216194617,0.200928,0.209717,1.010254
3216199617,0.207764,0.208496,1.002441
3216204617,0.20459,0.212158,1.016602
3216209617,0.204834,0.211914,1.01709
3216214617,0.207031,0.213623,1.011475
3216219617,0.207031,0.213135,1.007568
3216224617,0.204834,0.213379,1.008789
3216229617,0.209717,0.213135,1.009277
3216234617,0.203613,0.210937,1.007813
3216239617,0.20752,0.211426,1.01123
3216244617,0.206543,0.214355,1.011475
3216249617,0.205566,0.208496,1.019043
3216254617,0.204102,0.214355,1.011963
3216259617,0.202637,0.216797,1.010498
3216264617,0.202881,0.211914,1.008057
3216269617,0.206055,0.206055,1.004639
3216274617,0.209473,0.205811,1.010498
3216279617,0.203613,0.20459,1.01123
3216284617,0.208496,0.208496,1.012207
3216289617,0.207764,0.203857,1.005859
3216294617,0.205322,0.206787,1.002686
3216299617,0.211182,0.208008,1.003662
3216304617,0.203369,0.210205,1.007568
3216309617,0.210205,0.20752,1.006104
3216314617,0.209717,0.205566,1.007324
3216319617,0.206543,0.212646,1.005615
3216324617,0.209717,0.213379,1.009033
3216329617,0.202148,0.20752,1.012207
3216334617,0.205566,0.210693,1.015137
3216339617,0.205566,0.210205,1.009521
3216344617,0.203369,0.214844,1.008301
3216349617,0.202637,0.209961,1.008057
3216354617,0.207031,0.211914,0.999268
3216359617,0.204834,0.207275,1.008789
3216364617,0.203125,0.209229,1.01416
3216369617,0.208496,0.203857,1.007813
3216374617,0.205322,0.213135,1.011963
3216379617,0.203125,0.211182,1.006348
3216384617,0.202393,0.205078,1.004639
3216389617,0.206787,0.209473,1.008301
3216394617,0.208984,0.201172,1.010254
3216399617,0.20459,0.20874,1.008301
3216404617,0.207764,0.208496,1.008057
3216409617,0.205322,0.211426,1.008545
3216414617,0.207275,0.210205,1.00708
3216419617,0.201416,0.205566,1.013672
3216424617,0.203857,0.211426,1.008545
3216429617,0.208008,0.208984,1.009766
3216434617,0.206299,0.217529,1.007568
3216439617,0.206543,0.212891,1.010498
3216444617,0.207275,0.206787,1.009277
3216449617,0.208252,0.210937,1.004395
3216454617,0.207275,0.206787,1.002197
3216459617,0.207031,0.21167,1.005127
3216464617,0.208984,0.209473,1.01123
3216469617,0.208008,0.212402,1.009766
3216474617,0.200439,0.211914,1.007568
3216479617,0.206299,0.207275,1.015625
3216484617,0.207031,0.207275,1.009521
3216489617,0.208252,0.207275,1.009766
3216494617,0.203369,0.210205,1.01123
3216499617,0.205322,0.207275,1.005859
3216504617,0.203369,0.210937,1.01123
3216509617,0.207275,0.208496,1.005127
3216514617,0.207275,0.207031,1.009277
3216519617,0.206055,0.207031,1.011719
3216524617,0.204834,0.207764,1.011963
3216529617,0.207031,0.212402,1.006104
3216534617,0.20874,0.208496,1.009033
3216539617,0.206787,0.213135,1.008789
3216544617,0.204834,0.209473,1.009766
3216549617,0.207764,0.212158,1.010254
3216554617,0.208496,0.215576,1.015869
3216559617,0.204834,0.21167,1.005371
3216564617,0.209961,0.209717,1.010986
3216569617,0.205322,0.211182,1.008789
3216574617,0.205322,0.217041,1.006348
3216579617,0.203369,0.208008,1.007324
3216584617,0.204834,0.211182,1.007568
3216589617,0.201172,0.207275,1.008789
3216594617,0.206299,0.211914,1.009766
3216599617,0.201172,0.211914,1.013916
3216604617,0.205322,0.212158,1.005127
3216609617,0.206787,0.205811,1.005615
3216614617,0.204834,0.207764,1.004395
3216619617,0.203369,0.205078,1.005127
3216624617,0.206787,0.203369,1.002686
3216629617,0.205566,0.209717,1.01001
3216634617,0.203857,0.20874,1.00708
3216639617,0.206055,0.210937,1.008545
3216644617,0.207275,0.212402,1.010254
3216649617,0.206787,0.207275,1.006836
3216654617,0.210693,0.20874,1.012695
3216659617,0.211914,0.207031,1.009033
3216664617,0.203857,0.205078,1.009277
3216669617,0.20874,0.21167,1.018066
3216674617,0.203857,0.209961,1.009766
3216679617,0.19873,0.208252,1.005615
3216684617,0.205811,0.207031,1.005127
3216689617,0.203369,0.213379,1.014893
3216694617,0.203125,0.216309,1.002686
3216699617,0.20752,0.21582,1.018799
3216704617,0.210937,0.2146,1.00415
3216709617,0.208496,0.205566,1.017822
3216714617,0.20874,0.209961,1.008301
3216719617,0.203613,0.209229,1.01001
3216724617,0.205078,0.208008,1.006592
3216729617,0.202881,0.211182,1.011719
3216734617,0.206543,0.211182,1.010986
3216739617,0.204346,0.205566,1.006348
3216744617,0.204346,0.211426,1.008545
3216749617,0.208496,0.208252,1.000488
3216754617,0.202881,0.209229,1.008789
3216759617,0.206055,0.208984,1.005371
3216764617,0.198242,0.208984,1.00708
3216769617,0.206299,0.209473,1.00708
3216774617,0.203857,0.207031,1.005615
3216779617,0.206543,0.210693,1.010986
3216784617,0.205566,0.209229,1.008545
3216789617,0.207275,0.210693,1.013184
3216794617,0.206055,0.208252,1.011719
3216799617,0.202637,0.20874,1.007813
3216804617,0.20752,0.20752,1.013184
3216809617,0.204834,0.208008,1.003174
3216814617,0.203125,0.209473,1.008789
3216819617,0.205322,0.204834,1.00708
3216824617,0.205811,0.212646,1.009521
3216829617,0.203857,0.209717,1.004639
3216834617,0.210937,0.207275,1.010498
3216839617,0.208008,0.210449,1.005615
3216844617,0.210937,0.20874,1.007324
3216849617,0.202881,0.212402,1.013672
3216854617,0.202148,0.208496,1.013184
3216859617,0.201416,0.209961,1.005615
3216864617,0.203613,0.210449,1.009521
3216869617,0.205078,0.206787,1.02002
3216874617,0.206299,0.210205,1.003906
3216879617,0.205811,0.211426,1.008789
3216884617,0.208496,0.213135,1.011719
3216889617,0.206787,0.213379,1.009277
3216894617,0.201416,0.209961,1.005859
3216899617,0.205811,0.214355,1.007813
3216904617,0.205322,0.20752,1.004883
3216909617,0.210205,0.206055,1.00708
3216914617,0.207031,0.208008,1.007324
3216919617,0.205566,0.20752,1.01416
3216924617,0.205322,0.207764,1.01123
3216929617,0.200439,0.207275,1.013184
3216934617,0.20874,0.207031,1.009521
3216939617,0.204834,0.205078,1.006836
3216944617,0.204102,0.206543,1.013184
3216949617,0.209229,0.208008,1.015137
3216954617,0.204346,0.21167,1.00708
3216959617,0.202393,0.208008,1.010986
3216964617,0.207764,0.207764,1.005615
3216969617,0.209717,0.210449,1.006836
3216974617,0.205566,0.210693,1.002686
3216979617,0.205078,0.205566,1.003418
3216984617,0.203857,0.206055,1.005615
3216989617,0.207031,0.209717,1.005615
3216994617,0.20459,0.204834,1.013916
3216999617,0.201904,0.214355,1.008789
3217004617,0.199707,0.215088,1.013184
3217009617,0.199463,0.213135,1.010986
3217014617,0.203613,0.209961,1.009766
3217019617,0.205566,0.208496,1.011719
3217024617,0.204102,0.208252,1.01001
3217029617,0.20874,0.206299,1.013672
3217034617,0.202393,0.211182,1.008301
3217039617,0.201904,0.21167,1.007324
3217044617,0.206055,0.212402,1.008545
3217049617,0.205566,0.210693,1.008301
3217054617,0.206299,0.215088,1.00293
3217059617,0.200195,0.210449,1.003418
3217064617,0.199463,0.212891,1.012695
3217069617,0.20166,0.210449,1.006348
3217074617,0.202148,0.21167,1.005371
3217079617,0.205078,0.205322,1.009033
3217084617,0.204102,0.210937,1.004883
3217089617,0.19751,0.211914,1.004395
3217094617,0.203857,0.211182,1.002686
3217099617,0.207275,0.211914,1.006592
3217104617,0.205566,0.209473,1.004395
3217109617,0.202881,0.205322,1.011719
3217114617,0.200684,0.211426,1.006836
3217119617,0.199463,0.208252,1.009033
3217124617,0.202881,0.205811,1.00708
3217129617,0.203613,0.212158,1.010742
3217134617,0.19873,0.209961,1.00708
3217139617,0.196289,0.208496,1.01001
3217144617,0.201416,0.203125,1.011719
3217149617,0.201416,0.207764,1.011475
3217154617,0.203125,0.209473,1.012207
3217159617,0.201904,0.206299,1.015137
3217164617,0.201904,0.209961,1.012695
3217169617,0.204102,0.210449,1.005371
3217174617,0.208984,0.211426,1.007568
3217179617,0.20874,0.208496,1.000488
3217184617,0.204346,0.209473,1.001953
3217189617,0.206543,0.205566,1.022461
3217194617,0.202148,0.209717,1.003418
3217199617,0.205322,0.213623,1.02002
3217204617,0.200928,0.214355,1.009766
3217209617,0.205322,0.212646,1.018311
3217214617,0.197754,0.206299,0.999756
3217219617,0.203857,0.207275,1.008057
3217224617,0.19751,0.213379,0.999756
3217229617,0.20166,0.204834,1.003418
3217234617,0.205078,0.210205,1.006104
3217239617,0.207275,0.209229,1.015137
3217244617,0.204102,0.206543,1.004883
3217249617,0.202637,0.20752,1.005615
3217254617,0.208252,0.210937,1.012207
3217259617,0.210693,0.209229,1.004639
3217264617,0.210937,0.209473,1.008301
3217269617,0.209717,0.206299,1.005859
3217274617,0.210693,0.209717,1.007324
3217279617,0.207275,0.213867,1.010742
3217284617,0.206543,0.208008,1.01709
3217289617,0.205322,0.212891,1.008301
3217294617,0.209229,0.20752,1.012451
3217299617,0.207764,0.212646,1.010498
3217304617,0.216064,0.212158,1.01001
3217309617,0.205566,0.210937,1.001953
3217314617,0.207275,0.214355,1.002441
3217319617,0.209961,0.208008,1.004639
3217324617,0.209961,0.21167,1.011475
3217329617,0.210449,0.210205,1.013428
3217334617,0.204346,0.21167,1.012207
3217339617,0.205811,0.207764,1.00415
3217344617,0.201904,0.208252,0.998047
3217349617,0.204834,0.20874,1.002441
3217354617,0.20459,0.209473,1.005371
3217359617,0.203613,0.210937,1.005127
3217364617,0.207764,0.212158,1.014893
3217369617,0.205566,0.209229,1.011719
3217374617,0.205078,0.212646,1.004639
3217379617,0.206299,0.215332,1.006348
3217384617,0.200439,0.208252,1.004639
3217389617,0.203369,0.211914,1.00415
3217394617,0.199463,0.209717,0.996582
3217399617,0.209473,0.211914,1.014893
3217404617,0.209717,0.212158,1.01001
3217409617,0.197021,0.212646,0.999756
3217414617,0.199219,0.208008,1.009033
3217419617,0.211182,0.213379,1.008789
3217424617,0.198486,0.214844,1.000488
3217429617,0.208008,0.208252,1.012207
3217434617,0.202637,0.20752,1.00415
3217439617,0.20459,0.207275,1.001221
3217444617,0.205566,0.210449,1.009521
3217449617,0.206055,0.210693,1.010498
3217454617,0.203369,0.210205,1.006592
3217459617,0.203125,0.204834,1.010254
3217464617,0.201172,0.21167,1.012939
3217469617,0.202881,0.211914,1.012939
3217474617,0.208008,0.209473,1.010498
3217479617,0.208252,0.20874,1.014404
3217484617,0.206543,0.211426,1.006592
3217489617,0.202393,0.212402,1.006348
3217494617,0.202881,0.210693,1.009521
3217499617,0.206543,0.209473,1.003662
3217504617,0.203613,0.208984,1.001465
3217509617,0.20874,0.20874,1.006104
3217514617,0.21167,0.209229,1.007324
3217519617,0.206787,0.208984,1.011475
3217524617,0.206299,0.207031,1.008789
3217529617,0.207031,0.209717,1.015381
3217534617,0.203613,0.210449,1.008789
3217539617,0.206055,0.208008,1.011475
3217544617,0.206543,0.20752,1.01709
3217549617,0.207275,0.212891,1.003174
3217554617,0.205322,0.208008,1.010498
3217559617,0.206543,0.207031,1.001465
3217564617,0.204834,0.209961,1.010742
3217569617,0.209229,0.203857,1.004395
3217574617,0.208496,0.20752,1.008789
3217579617,0.210937,0.209229,1.016602
3217584617,0.206299,0.212891,1.009521
3217589617,0.203125,0.213623,1.006348
3217594617,0.202148,0.206787,1.009277
3217599617,0.205811,0.211182,1.016602
3217604617,0.205811,0.213623,1.009033
3217609617,0.206055,0.207764,1.012451
3217614617,0.203125,0.209229,1.009766
3217619617,0.203369,0.20752,1.012451
3217624617,0.207031,0.209473,1.016602
3217629617,0.202881,0.209717,1.008057
3217634617,0.203125,0.211426,0.998291
3217639617,0.20166,0.21167,1.007568
3217644617,0.210693,0.20874,1.009033
3217649617,0.212646,0.214844,1.001221
3217654617,0.207031,0.209229,1.006348
3217659617,0.207764,0.209229,1.006592
3217664617,0.207275,0.211182,1.005615
3217669617,0.20874,0.208252,1.013428
3217674617,0.205811,0.208008,1.017822
3217679617,0.204834,0.209717,1.006836
3217684617,0.20874,0.208496,1.009521
3217689617,0.206055,0.20752,1.00415
3217694617,0.206299,0.208008,1.012207
3217699617,0.209229,0.213867,1.003662
3217704617,0.201172,0.204102,1.007813
3217709617,0.207031,0.206055,1.007568
3217714617,0.207031,0.205566,1.003662
3217719617,0.203613,0.207764,1.008301
3217724617,0.205322,0.210937,1.007324
3217729617,0.205811,0.21167,1.009277
3217734617,0.206055,0.211914,1.008545
3217739617,0.198975,0.209229,1.007813
3217744617,0.20166,0.212646,1.004639
3217749617,0.204346,0.212646,1.013672
3217754617,0.208984,0.211182,1.013916
3217759617,0.205078,0.21167,1.007568
3217764617,0.19873,0.208252,1.004639
3217769617,0.200195,0.205322,1.00708
3217774617,0.206055,0.209961,1.006592
3217779617,0.20752,0.210449,1.008057
3217784617,0.203125,0.206299,1.003662
3217789617,0.206299,0.203369,1.005615
3217794617,0.202393,0.207031,1.005859
3217799617,0.204102,0.206299,1.005859
3217804617,0.208008,0.207764,1.014404
3217809617,0.205322,0.210693,1.005615
3217814617,0.203613,0.213867,1.005127
3217819617,0.203613,0.206787,1.011475
3217824617,0.20874,0.211914,1.011719
3217829617,0.209717,0.211182,1.012939
3217834617,0.202393,0.210449,1.006348
3217839617,0.205078,0.212402,1.002686
3217844617,0.205811,0.211426,1.006348
3217849617,0.204102,0.211914,1.007324
3217854617,0.205566,0.213867,1.005615
3217859617,0.20874,0.21167,1.010254
3217864617,0.202148,0.205811,1.006348
3217869617,0.203369,0.204346,1.009766
3217874617,0.200684,0.19165,0.996582
3217879617,0.213135,0.176758,1.008545
3217884617,0.199707,0.174561,1.006104
3217889617,0.21167,0.190918,1.000977
3217894617,0.212646,0.217529,0.99585
3217899617,0.219971,0.1875,1.037109
3217904617,0.197021,0.230225,1.052002
3217909617,0.228271,0.20459,0.942383
3217914617,0.233398,0.185303,1.001953
3217919617,0.206543,0.235596,1.034912
3217924617,0.186035,0.257813,1.01416
3217929617,0.189697,0.265625,1.019531
3217934617,0.200928,0.277344,0.97876
3217939617,0.192627,0.224121,0.978271
3217944617,0.186035,0.197754,0.987305
3217949617,0.196289,0.233887,0.994141
3217954617,0.19165,0.252441,1.021729
3217959617,0.205322,0.234863,1.044678
3217964617,0.196533,0.223145,1.038818
3217969617,0.206543,0.213623,1.050293
3217974617,0.197998,0.158936,1.004639
3217979617,0.208984,0.140625,1.002686
3217984617,0.201172,0.157471,1.004883
3217989617,0.198242,0.180664,1.005371
3217994617,0.196533,0.199463,0.999512
3217999617,0.195068,0.190186,0.966797
3218004617,0.209961,0.17627,0.957275
3218009617,0.195801,0.165771,0.984131
3218014617,0.199707,0.203857,1.005859
3218019617,0.197754,0.253418,1.046631
3218024617,0.212402,0.291016,1.048828
3218029617,0.193604,0.277588,1.041748
3218034617,0.187256,0.265137,1.022217
3218039617,0.187988,0.2229,1.006592
3218044617,0.199219,0.224854,1.003662
3218049617,0.195312,0.26001,1.015625
3218054617,0.201904,0.252441,1.001709
3218059617,0.199951,0.240967,0.997559
3218064617,0.203369,0.213623,0.990479
3218069617,0.196045,0.177734,0.977539
3218074617,0.203369,0.15918,0.974365
3218079617,0.209717,0.176514,0.97998
3218084617,0.203125,0.198975,1.005615
3218089617,0.201904,0.211426,1.010742
3218094617,0.199707,0.212646,1.025146
3218099617,0.208984,0.204346,1.013184
3218104617,0.211426,0.196777,1.017578
3218109617,0.209229,0.212646,1.023193
3218114617,0.195312,0.231689,1.028076
3218119617,0.19873,0.251221,1.032715
3218124617,0.199951,0.24707,1.022949
3218129617,0.199219,0.231689,1.015137
3218134617,0.203369,0.214355,1.010254
3218139617,0.200684,0.208984,1.00293
3218144617,0.210693,0.205078,1.001953
3218149617,0.186523,0.220947,0.991943
3218154617,0.201172,0.240723,0.976074
3218159617,0.193115,0.214355,0.98877
3218164617,0.197021,0.213135,0.984131
3218169617,0.21582,0.213135,0.966797
3218174617,0.195557,0.209473,0.967529
3218179617,0.206299,0.244629,1.050537
3218184617,0.236328,0.297852,1.135254
3218189617,0.192139,0.253174,1.034912
3218194617,0.216797,0.19043,1.00293
3218199617,0.198242,0.182129,0.990234
3218204617,0.198486,0.17627,0.977783
3218209617,0.219971,0.19458,1.024658
3218214617,0.198486,0.208008,1.027344
3218219617,0.208984,0.138672,0.965576
3218224617,0.201416,0.145996,0.979248
3218229617,0.205811,0.13916,0.973145
3218234617,0.212646,0.171143,1.003174
3218239617,0.191406,0.187744,0.995361
3218244617,0.204834,0.203125,1.001221
3218249617,0.199463,0.203613,1.007568
3218254617,0.20752,0.202881,1.02417
3218259617,0.20459,0.230713,1.012207
3218264617,0.202393,0.246826,1.028076
3218269617,0.199219,0.244385,1.023682
3218274617,0.202148,0.247314,1.022705
3218279617,0.19873,0.240234,1.019775
3218284617,0.200439,0.235596,1.02002
3218289617,0.205078,0.223877,1.02417
3218294617,0.204346,0.216064,1.019775
3218299617,0.204346,0.206299,1.009277
3218304617,0.207031,0.196777,1.008545
3218309617,0.20459,0.185791,1.009033
3218314617,0.206299,0.181396,1.004639
3218319617,0.207031,0.179932,1.00293
3218324617,0.207031,0.182373,0.992187
3218329617,0.204834,0.171875,0.993896
3218334617,0.207031,0.176025,0.996582
3218339617,0.204834,0.181885,1.000244
3218344617,0.204346,0.192871,1.005127
3218349617,0.206787,0.200684,1.01001
3218354617,0.201416,0.204346,1.018311
3218359617,0.202148,0.211914,1.011475
3218364617,0.207031,0.214111,1.019287
3218369617,0.204346,0.218506,1.01123
3218374617,0.200684,0.223389,1.009521
3218379617,0.202393,0.230713,1.018066
3218384617,0.203857,0.226562,1.022217
3218389617,0.200684,0.219238,1.01709
3218394617,0.200684,0.218994,1.019287
3218399617,0.203857,0.21582,1.016602
3218404617,0.201172,0.218018,1.012451
3218409617,0.204346,0.213135,1.012695
3218414617,0.205811,0.20459,1.012207
3218419617,0.205322,0.19458,1.007324
3218424617,0.204346,0.190918,1.006104
3218429617,0.206543,0.19043,0.997803
3218434617,0.207275,0.189453,1.002441
3218439617,0.205811,0.192383,1.000977
3218444617,0.205566,0.187988,1.004883
3218449617,0.205566,0.191162,1.006836
3218454617,0.203857,0.197998,1.005859
3218459617,0.205566,0.205811,1.008545
3218464617,0.204346,0.203613,1.010742
3218469617,0.204834,0.205322,1.012939
3218474617,0.201904,0.213623,1.01709
3218479617,0.20166,0.215088,1.013428
3218484617,0.202637,0.213867,1.019287
3218489617,0.200928,0.220459,1.012939
3218494617,0.200439,0.218018,1.01416
3218499617,0.208984,0.218262,1.016113
3218504617,0.207031,0.216553,1.014648
3218509617,0.203613,0.210693,1.008301
3218514617,0.204346,0.207031,1.011719
3218519617,0.207764,0.200195,1.016113
3218524617,0.206543,0.202148,1.013428
3218529617,0.205322,0.196045,1.003418
3218534617,0.208252,0.196777,0.997803
3218539617,0.203857,0.192139,1.007568
3218544617,0.202881,0.194092,1.005859
3218549617,0.20459,0.199463,1.011719
3218554617,0.206055,0.195312,1.003174
3218559617,0.203125,0.201172,1.007568
3218564617,0.198975,0.206543,1.011475
3218569617,0.202148,0.208252,1.012695
3218574617,0.201172,0.208008,1.015625
3218579617,0.206055,0.208252,1.015137
3218584617,0.200684,0.216309,1.013672
3218589617,0.202393,0.214111,1.004639
3218594617,0.205811,0.209717,1.016357
3218599617,0.206787,0.211426,1.017334
3218604617,0.202148,0.211182,1.012939
3218609617,0.203857,0.20874,1.004639
3218614617,0.206299,0.206543,1.009277
3218619617,0.200684,0.202393,1.008057
3218624617,0.204834,0.201172,1.00293
3218629617,0.204834,0.199707,1.003662
3218634617,0.208984,0.213867,1.036621
3218639617,0.202148,0.206787,0.994385
3218644617,0.213135,0.1875,1.003418
3218649617,0.217773,0.19458,1.014648
3218654617,0.205811,0.201416,1.004883
3218659617,0.206543,0.210937,1.00708
3218664617,0.201416,0.209229,1.006592
3218669617,0.208984,0.201172,1.012207
3218674617,0.207764,0.210937,1.022217
3218679617,0.206543,0.215088,1.015137
3218684617,0.202393,0.211182,1.006592
3218689617,0.211914,0.211182,1.022461
3218694617,0.200684,0.203369,1.004639
3218699617,0.208008,0.203369,1.005615
3218704617,0.198242,0.213623,1.034668
3218709617,0.175049,0.193848,1.007324
3218714617,0.208984,0.186768,0.993408
3218719617,0.184814,0.200684,0.990234
3218724617,0.20874,0.20874,1.018311
3218729617,0.212646,0.211182,1.015869
3218734617,0.212891,0.204346,1.008789
3218739617,0.219971,0.204346,1.003174
3218744617,0.212402,0.206299,1.005615
3218749617,0.218018,0.213379,1.028564
3218754617,0.199463,0.205078,0.967041
3218759617,0.217285,0.178223,1.011963
3218764617,0.210449,0.20874,1.022217
3218769617,0.1875,0.216064,1.017578
3218774617,0.194824,0.221191,1.021729
3218779617,0.19751,0.197754,0.99707
3218784617,0.19873,0.198975,0.993164
3218789617,0.192383,0.205566,0.999756
3218794617,0.19458,0.211914,1.011475
3218799617,0.207275,0.210693,1.014893
3218804617,0.202393,0.212646,1.001709
3218809617,0.21167,0.191406,1.008545
3218814617,0.21582,0.199463,1.018311
3218819617,0.212646,0.211182,1.016113
3218824617,0.212646,0.20459,1.010254
3218829617,0.212402,0.201172,0.977539
3218834617,0.223877,0.185059,1.013672
3218839617,0.195312,0.19873,1.005859
3218844617,0.199951,0.209717,1.018066
3218849617,0.201416,0.208008,1.010254
3218854617,0.199951,0.200439,1.0
3218859617,0.194092,0.202148,1.007813
3218864617,0.19751,0.210205,1.005127
3218869617,0.195312,0.204834,1.008545
3218874617,0.202637,0.206299,1.016846
3218879617,0.201172,0.206055,1.006104
3218884617,0.202148,0.202637,1.010254
3218889617,0.206055,0.209961,1.011719
3218894617,0.206787,0.211426,1.00415
3218899617,0.210205,0.203369,1.008301
3218904617,0.21167,0.20874,1.004883
3218909617,0.209961,0.205566,1.006836
3218914617,0.209717,0.201172,1.011963
3218919617,0.200928,0.202881,1.006348
3218924617,0.199707,0.208496,1.007324
3218929617,0.20459,0.203613,1.007568
3218934617,0.199219,0.20459,1.002197
3218939617,0.199219,0.202881,1.012207
3218944617,0.202881,0.204346,1.014648
3218949617,0.200195,0.203369,1.012939
3218954617,0.19873,0.208496,1.013184
3218959617,0.20752,0.204346,1.005615
3218964617,0.208496,0.205078,1.01123
3218969617,0.206543,0.208496,1.005859
3218974617,0.209473,0.204346,1.007568
3218979617,0.209229,0.204102,1.011719
3218984617,0.210937,0.206543,1.004395
3218989617,0.20459,0.202393,1.008545
3218994617,0.207031,0.209717,0.997803
3218999617,0.202148,0.204834,1.007568
3219004617,0.202637,0.205078,1.008789
3219009617,0.202148,0.205811,1.012207
3219014617,0.203613,0.203369,1.005615
3219019617,0.20166,0.199707,1.006592
3219024617,0.208496,0.20752,1.015625
3219029617,0.206055,0.208984,1.004639
3219034617,0.204102,0.200439,1.012451
3219039617,0.206787,0.208008,1.010254
3219044617,0.206543,0.205322,1.01123
3219049617,0.207031,0.205078,1.003174
3219054617,0.210693,0.20459,1.009033
3219059617,0.212402,0.206787,1.006836
3219064617,0.203369,0.208496,1.003662
3219069617,0.21167,0.210449,1.026611
3219074617,0.207764,0.212646,1.030273
3219079617,0.201904,0.193359,0.993896
3219084617,0.205078,0.200439,1.0
3219089617,0.19165,0.199463,1.00708
3219094617,0.191406,0.199707,1.015137
3219099617,0.200928,0.207031,1.015869
3219104617,0.197998,0.206543,0.999023
3219109617,0.202148,0.206787,1.017334
3219114617,0.203125,0.209717,1.01123
3219119617,0.209229,0.207764,1.011963
3219124617,0.21167,0.210693,1.003174
3219129617,0.212402,0.205322,1.006592
3219134617,0.216553,0.208496,1.015625
3219139617,0.213379,0.200928,1.007324
3219144617,0.202148,0.159424,0.957275
3219149617,0.214111,0.144043,1.004883
3219154617,0.214844,0.11377,1.010498
3219159617,0.221191,0.216553,0.996582
3219164617,0.206543,0.220215,0.997559
3219169617,0.193848,0.265625,1.047852
3219174617,0.16748,0.254395,1.018555
3219179617,0.181152,0.216797,1.006592
3219184617,0.197021,0.233398,1.010254
3219189617,0.186279,0.280029,1.023438
3219194617,0.190918,0.300293,1.038574
3219199617,0.20459,0.284912,1.033203
3219204617,0.21167,0.24707,1.019531
3219209617,0.212891,0.203857,1.02124
3219214617,0.198486,0.19458,1.019775
3219219617,0.209961,0.177002,1.003174
3219224617,0.206055,0.178467,0.996582
3219229617,0.205322,0.190674,0.995117
3219234617,0.198486,0.179199,1.022217
3219239617,0.203613,0.141357,0.98291
3219244617,0.206055,0.11499,0.969238
3219249617,0.201904,0.114746,0.974365
3219254617,0.213379,0.129883,0.951416
3219259617,0.183594,0.172363,0.989746
3219264617,0.20874,0.188232,1.014648
3219269617,0.20752,0.207764,1.025391
3219274617,0.207031,0.194824,1.037842
3219279617,0.193359,0.213135,1.017334
3219284617,0.212891,0.241455,1.024414
3219289617,0.200195,0.273926,1.015869
3219294617,0.202881,0.271484,1.025146
3219299617,0.199219,0.251465,1.018555
3219304617,0.202881,0.266846,1.019531
3219309617,0.199219,0.248535,1.019531
3219314617,0.178467,0.232666,0.959961
3219319617,0.206299,0.236572,1.064209
3219324617,0.195312,0.253662,1.024414
3219329617,0.205078,0.225586,1.007324
3219334617,0.199951,0.215332,1.011963
3219339617,0.203369,0.183838,1.001221
3219344617,0.204102,0.176758,1.007324
3219349617,0.198975,0.175781,1.000977
3219354617,0.2146,0.188232,0.991455
3219359617,0.202148,0.184082,1.005371
3219364617,0.200439,0.183105,0.993652
3219369617,0.206543,0.192627,0.998047
3219374617,0.199463,0.188232,1.011475
3219379617,0.208008,0.186279,1.002197
3219384617,0.204834,0.184326,1.004883
3219389617,0.196533,0.204834,1.009277
3219394617,0.199951,0.196533,1.008057
3219399617,0.203613,0.204102,1.012939
3219404617,0.199951,0.192383,1.000977
3219409617,0.20874,0.17749,1.006348
3219414617,0.20752,0.172363,0.991455
3219419617,0.209229,0.175049,1.006592
3219424617,0.215332,0.171875,1.006592
3219429617,0.206299,0.196045,1.021973
3219434617,0.216797,0.21582,0.950195
3219439617,0.195312,0.290771,1.078613
3219444617,0.172852,0.288818,1.055176
3219449617,0.176758,0.2854,1.017334
3219454617,0.174805,0.321289,1.008301
3219459617,0.152588,0.290771,1.02832
3219464617,0.172852,0.292725,1.037109
3219469617,0.227051,0.265869,1.029785
3219474617,0.198975,0.260254,1.04834
3219479617,0.215332,0.224365,1.019287
3219484617,0.205078,0.149414,0.989258
3219489617,0.223145,0.157227,1.014893
3219494617,0.208252,0.090332,0.937256
3219499617,0.203857,0.055176,0.959229
3219504617,0.239014,0.104492,0.979736
3219509617,0.193848,0.136963,0.941162
3219514617,0.207031,0.185059,0.993896
3219519617,0.213379,0.210205,1.003906
3219524617,0.212402,0.242676,1.010986
3219529617,0.202393,0.248779,1.029541
3219534617,0.19751,0.252686,1.025635
3219539617,0.187256,0.26416,1.047119
3219544617,0.199707,0.255859,1.040283
3219549617,0.194824,0.249512,1.015381
3219554617,0.19873,0.239746,1.008301
3219559617,0.201172,0.224609,1.007568
3219564617,0.203125,0.22583,1.026123
3219569617,0.19873,0.221191,1.014404
3219574617,0.202393,0.21582,1.006836
3219579617,0.214111,0.220459,1.014404
3219584617,0.203125,0.213379,1.016357
3219589617,0.210693,0.203125,1.018799
3219594617,0.207031,0.19751,1.000488
3219599617,0.208496,0.187988,1.001465
3219604617,0.209473,0.192627,1.010254
3219609617,0.212402,0.177979,1.00415
3219614617,0.199463,0.174805,0.986328
3219619617,0.206787,0.175537,0.993652
3219624617,0.208252,0.181396,1.004639
3219629617,0.201904,0.184082,1.004639
3219634617,0.20874,0.197021,1.013428
3219639617,0.207764,0.212646,1.018311
3219644617,0.20166,0.223145,1.008057
3219649617,0.203857,0.231689,1.019775
3219654617,0.204834,0.23584,1.016846
3219659617,0.20752,0.232422,1.008301
3219664617,0.200195,0.226562,1.008789
3219669617,0.202881,0.223633,1.008057
3219674617,0.206299,0.220703,1.012207
3219679617,0.206787,0.215576,1.011475
3219684617,0.205566,0.213623,1.013672
3219689617,0.203125,0.205811,1.003662
3219694617,0.203369,0.196777,1.008301
3219699617,0.210937,0.189453,1.00708
3219704617,0.206055,0.190674,1.000488
3219709617,0.193604,0.187256,0.982666
3219714617,0.207764,0.187012,1.002441
3219719617,0.214111,0.200195,1.023926
3219724617,0.212646,0.191162,1.003174
3219729617,0.203613,0.193848,0.997803
3219734617,0.200195,0.192383,1.008057
3219739617,0.208496,0.199951,1.002686
3219744617,0.203369,0.214355,1.003174
3219749617,0.19751,0.199951,0.989502
3219754617,0.205566,0.206299,0.995117
3219759617,0.206787,0.218994,1.013916
3219764617,0.204102,0.209961,1.016113
3219769617,0.211426,0.227783,1.046387
3219774617,0.219238,0.214355,1.017822
3219779617,0.202637,0.218018,1.028564
3219784617,0.210937,0.226807,1.040771
3219789617,0.202393,0.212158,1.01123
3219794617,0.20752,0.209473,1.021729
3219799617,0.209473,0.201172,1.015381
3219804617,0.210937,0.191895,1.004883
3219809617,0.210937,0.196533,1.01709
3219814617,0.20752,0.186279,0.999023
3219819617,0.203369,0.181152,1.001465
3219824617,0.211426,0.19458,1.007813
3219829617,0.19165,0.187744,0.991455
3219834617,0.205078,0.188721,1.00293
3219839617,0.210205,0.197998,1.012695
3219844617,0.201904,0.200684,1.012207
3219849617,0.200928,0.201172,1.010254
3219854617,0.204834,0.209473,1.006836
3219859617,0.203857,0.210937,1.010742
3219864617,0.203125,0.213623,1.013428
3219869617,0.205566,0.217773,1.014404
3219874617,0.205322,0.216064,1.008789
3219879617,0.205811,0.214111,1.006348
3219884617,0.209961,0.211914,1.013428
3219889617,0.20752,0.202148,1.013672
3219894617,0.204834,0.206299,1.012939
3219899617,0.206787,0.207275,1.013916
3219904617,0.209229,0.200195,1.003174
3219909617,0.206299,0.198975,1.007568
3219914617,0.20874,0.197021,1.008789
3219919617,0.206299,0.195068,1.009521
3219924617,0.205322,0.195312,1.000488
3219929617,0.207275,0.19873,1.009033
3219934617,0.20459,0.195801,1.010986
3219939617,0.204102,0.201416,1.009033
3219944617,0.205078,0.206055,1.008057
3219949617,0.206787,0.205322,1.009033
3219954617,0.206055,0.206787,1.008545
3219959617,0.203613,0.20874,1.013428
3219964617,0.209961,0.209961,1.015869
3219969617,0.203857,0.212158,1.013672
3219974617,0.208496,0.209473,1.012451
3219979617,0.209717,0.209717,1.010254
3219984617,0.200928,0.206055,1.006592
3219989617,0.203857,0.209229,1.008789
3219994617,0.208984,0.209229,1.008057
3219999617,0.206299,0.200195,1.009521
3220004617,0.206055,0.193604,1.015381
3220009617,0.20874,0.203613,1.009033
3220014617,0.207275,0.19458,1.00293
3220019617,0.204102,0.199463,1.010742
3220024617,0.210205,0.199219,1.014893
3220029617,0.202881,0.203857,1.005859
3220034617,0.203613,0.202637,1.009521
3220039617,0.208496,0.200928,1.003662
3220044617,0.205566,0.205811,1.010986
3220049617,0.208984,0.204102,1.016846
3220054617,0.203613,0.207764,1.013428
3220059617,0.20874,0.211426,1.004395
3220064617,0.20166,0.207031,1.004639
3220069617,0.209717,0.206055,1.009766
3220074617,0.208984,0.208008,1.01123
3220079617,0.201904,0.207031,1.011475
3220084617,0.213135,0.208984,1.009033
3220089617,0.20459,0.199219,1.001221
3220094617,0.202637,0.19873,1.003662
3220099617,0.208252,0.204834,1.006348
3220104617,0.208496,0.203369,1.007568
3220109617,0.215088,0.21875,1.051758
3220114617,0.195557,0.204834,0.977783
3220119617,0.232178,0.174805,1.050537
3220124617,0.208984,0.195312,1.009277
3220129617,0.199219,0.216553,1.019287
3220134617,0.205566,0.202637,1.006592
3220139617,0.222412,0.198242,1.036133
3220144617,0.203125,0.208008,0.995605
3220149617,0.204834,0.203613,1.009277
3220154617,0.205322,0.201172,1.003906
3220159617,0.205078,0.198486,0.985352
3220164617,0.213867,0.209961,1.056641
3220169617,0.199463,0.2146,0.971924
3220174617,0.214844,0.195068,0.993164
3220179617,0.213135,0.190186,1.001953
3220184617,0.207275,0.204102,1.010498
3220189617,0.202637,0.209717,1.005127
3220194617,0.206543,0.218994,1.042236
3220199617,0.197754,0.195068,0.977539
3220204617,0.220947,0.18042,1.044678
3220209617,0.20874,0.20752,1.021484
3220214617,0.19873,0.200684,0.998779
3220219617,0.216064,0.18457,1.026855
3220224617,0.197998,0.20752,0.984619
3220229617,0.201416,0.205811,1.011475
3220234617,0.210449,0.198975,1.004639
3220239617,0.210937,0.195312,1.013428
3220244617,0.203125,0.192383,0.998047
3220249617,0.209229,0.207275,1.016357
3220254617,0.205566,0.217773,1.009033
3220259617,0.208496,0.206787,1.015381
3220264617,0.208984,0.19873,1.001221
3220269617,0.210693,0.203857,1.01123
3220274617,0.199951,0.201904,1.005127
3220279617,0.205322,0.20459,1.008057
3220284617,0.207031,0.19873,1.003662
3220289617,0.204102,0.202881,1.00415
3220294617,0.20752,0.205078,1.004883
3220299617,0.203857,0.206543,1.011475
3220304617,0.203857,0.201172,1.004639
3220309617,0.205811,0.20459,1.009277
3220314617,0.208008,0.203125,1.001953
3220319617,0.204102,0.203857,1.010986
3220324617,0.209961,0.204834,1.013428
3220329617,0.205811,0.203369,1.007324
3220334617,0.20459,0.20459,1.01001
3220339617,0.203369,0.198242,1.008301
3220344617,0.206543,0.201172,1.011475
3220349617,0.208008,0.202637,1.009766
3220354617,0.211182,0.202637,1.021729
3220359617,0.208008,0.20166,1.014404
3220364617,0.20874,0.206543,1.008301
3220369617,0.204346,0.204346,1.009277
3220374617,0.199951,0.203857,1.000977
3220379617,0.20459,0.204102,1.010986
3220384617,0.207275,0.208252,1.016602
3220389617,0.207031,0.203857,1.010986
3220394617,0.207275,0.203613,1.012939
3220399617,0.20166,0.201416,1.010986
3220404617,0.199951,0.203857,0.999268
3220409617,0.20874,0.209717,0.998291
3220414617,0.220459,0.195801,1.013916
3220419617,0.207031,0.197021,0.998535
3220424617,0.205078,0.214355,1.024902
3220429617,0.202148,0.208008,1.011475
3220434617,0.198242,0.203857,1.011963
3220439617,0.200195,0.201172,1.00708
3220444617,0.209229,0.199463,1.005371
3220449617,0.209961,0.200928,1.011719
3220454617,0.211182,0.203125,1.010498
3220459617,0.213379,0.201904,1.010742
3220464617,0.209473,0.202637,1.003662
3220469617,0.207031,0.203857,1.008301
3220474617,0.203369,0.205078,1.005371
3220479617,0.20459,0.204346,1.016357
3220484617,0.206787,0.205078,1.009033
3220489617,0.203125,0.203125,1.006836
3220494617,0.208984,0.207031,1.015869
3220499617,0.20459,0.205566,1.012695
3220504617,0.202637,0.207275,1.006348
3220509617,0.202393,0.209473,1.007813
3220514617,0.205078,0.207275,1.012939
3220519617,0.210693,0.20752,1.013184
3220524617,0.210449,0.205078,1.00415
3220529617,0.208984,0.201172,0.999023
3220534617,0.210449,0.204834,1.008545
3220539617,0.206055,0.202637,1.002686
3220544617,0.205322,0.204102,1.000488
3220549617,0.208496,0.205811,1.003906
3220554617,0.208008,0.204102,1.01123
3220559617,0.202881,0.202393,1.014893
3220564617,0.202881,0.208984,1.01001
3220569617,0.202881,0.203125,1.009033
3220574617,0.207031,0.199951,1.004395
3220579617,0.205078,0.200684,1.01001
3220584617,0.208984,0.215332,1.017822
3220589617,0.208496,0.209961,1.006348
3220594617,0.206787,0.21167,1.016846
3220599617,0.213135,0.206299,1.007324
3220604617,0.205811,0.203613,1.004639
3220609617,0.210937,0.205078,1.003906
3220614617,0.208252,0.204102,1.007324
3220619617,0.209473,0.203125,1.003662
3220624617,0.210693,0.197998,1.007324
3220629617,0.203857,0.199951,1.00708
3220634617,0.203369,0.202881,1.013184
3220639617,0.208252,0.203613,1.010498
3220644617,0.203125,0.201172,1.006104
3220649617,0.200928,0.20166,1.004883
3220654617,0.205078,0.203125,1.013428
3220659617,0.20874,0.204834,1.013184
3220664617,0.203857,0.207764,1.013672
3220669617,0.210205,0.205322,1.016357
3220674617,0.206543,0.205322,1.008301
3220679617,0.207764,0.206055,1.006348
3220684617,0.211426,0.201904,1.013184
3220689617,0.212402,0.204102,1.009766
3220694617,0.204346,0.206787,1.013672
3220699617,0.208496,0.202637,1.000732
3220704617,0.206543,0.200195,1.010986
3220709617,0.207275,0.202637,1.011719
3220714617,0.20752,0.202637,1.008545
3220719617,0.203613,0.19751,1.004639
3220724617,0.205811,0.204834,1.009521
3220729617,0.20459,0.206055,1.009033
3220734617,0.20166,0.205078,1.006104
3220739617,0.20874,0.203613,1.015137
3220744617,0.206787,0.204346,1.008301
3220749617,0.206787,0.207275,1.006592
3220754617,0.20874,0.204834,1.010986
3220759617,0.208984,0.202637,1.003418
3220764617,0.214111,0.200928,1.007324
3220769617,0.208984,0.199219,1.004395
3220774617,0.208984,0.20166,1.010498
3220779617,0.205078,0.20459,1.012695
3220784617,0.206299,0.204102,1.009277
3220789617,0.202637,0.204346,1.003662
3220794617,0.207764,0.207275,1.009766
3220799617,0.203125,0.200195,1.01709
3220804617,0.206543,0.201172,1.010742
3220809617,0.207764,0.202637,1.009277
3220814617,0.203857,0.203857,1.008301
3220819617,0.20166,0.206543,1.015625
3220824617,0.20752,0.209229,1.013428
3220829617,0.198975,0.209473,1.013672
3220834617,0.207031,0.209473,1.012939
3220839617,0.209473,0.206055,1.01123
3220844617,0.209961,0.203125,1.006592
3220849617,0.20874,0.199463,1.002686
3220854617,0.207275,0.198486,1.003174
3220859617,0.206787,0.202148,1.002686
3220864617,0.210937,0.202148,1.011963
3220869617,0.207031,0.205811,1.010742
3220874617,0.206787,0.20459,1.010742
3220879617,0.20874,0.211426,1.011719
3220884617,0.20752,0.209961,1.008545
3220889617,0.211426,0.204102,1.005859
3220894617,0.208252,0.206299,1.011475
3220899617,0.206543,0.200439,1.01001
3220904617,0.200684,0.202881,1.005127
3220909617,0.207275,0.204346,1.004395
3220914617,0.20459,0.204102,1.005859
3220919617,0.206055,0.202393,1.011475
3220924617,0.212402,0.207031,1.015381
3220929617,0.211914,0.206299,1.013916
3220934617,0.204346,0.205322,1.012695
3220939617,0.202148,0.202148,1.006592
3220944617,0.197021,0.199219,1.005127
3220949617,0.204346,0.201904,1.008545
3220954617,0.203613,0.206787,1.010254
3220959617,0.202881,0.206543,1.016846
3220964617,0.208008,0.205811,1.01709
3220969617,0.204834,0.20459,1.009277
3220974617,0.207764,0.209229,1.011963
3220979617,0.206787,0.208496,1.005371
3220984617,0.201416,0.202393,1.002441
3220989617,0.206543,0.204346,1.006836
3220994617,0.20752,0.204346,1.005615
3220999617,0.209961,0.206299,1.013672
3221004617,0.209229,0.203125,1.020264
3221009617,0.202393,0.205566,1.010986
3221014617,0.203857,0.201172,1.007813
3221019617,0.208252,0.201172,1.008545
3221024617,0.207764,0.205322,1.012695
3221029617,0.207764,0.205566,1.012939
3221034617,0.205811,0.200684,1.016113
3221039617,0.208008,0.202393,1.012695
3221044617,0.208008,0.200928,1.016846
3221049617,0.20459,0.203125,1.004639
3221054617,0.204834,0.205811,1.010498
3221059617,0.206787,0.206543,1.015137
3221064617,0.211426,0.203613,1.003906
3221069617,0.211182,0.205078,1.009033
3221074617,0.206543,0.205566,1.011719
3221079617,0.203857,0.200195,1.008301
3221084617,0.208496,0.204834,1.007568
3221089617,0.209717,0.203369,1.009521
3221094617,0.204834,0.200195,1.005615
3221099617,0.211182,0.200684,1.005615
3221104617,0.20752,0.202637,1.015381
3221109617,0.20166,0.203613,1.006592
3221114617,0.201172,0.200195,1.006592
3221119617,0.20874,0.199463,1.012939
3221124617,0.20459,0.204346,1.009277
3221129617,0.205811,0.206055,1.009766
3221134617,0.212646,0.20752,1.019531
3221139617,0.209473,0.207275,1.003662
3221144617,0.202881,0.204346,1.006836
3221149617,0.203125,0.201172,1.010742
3221154617,0.205811,0.206299,1.010986
3221159617,0.205811,0.207764,1.009766
3221164617,0.208008,0.206055,1.014404
3221169617,1.999939,1.999939,-2.0
3221174617,0.155029,1.999939,-2.0
3221179617,-2.0,-0.290527,-0.436768
3221184617,-0.648926,1.47876,1.999939
3221189617,-0.943359,1.936035,-2.0
3221194617,-2.0,0.987061,-0.932861
3221199617,0.311523,0.496826,-1.576904
3221204617,-1.36377,1.439453,0.39624
3221209617,1.075928,1.624023,-2.0
3221214617,-0.410645,0.36792,1.221924
3221219617,-0.944092,0.210693,1.065918
3221224617,0.252197,0.782959,0.415283
3221229617,-0.920166,0.944336,1.153076
3221234617,-0.592041,0.049561,0.787842
3221239617,-0.14502,0.273193,1.090088
3221244617,-0.08667,0.18335,0.879395
3221249617,-1.822021,1.999939,-2.0
3221254617,-0.520508,1.172363,-2.0
3221259617,-0.107666,0.265137,-0.074707
3221264617,-0.011719,0.223145,0.665771
3221269617,0.092773,0.163818,-0.423096
3221274617,-0.116211,0.37085,-2.0
3221279617,-0.943604,1.421387,0.992432
3221284617,0.196533,1.171631,1.125977
3221289617,0.274902,0.307373,1.122559
3221294617,0.270264,1.472656,1.141846
3221299617,0.307861,0.247559,1.122559
3221304617,0.244873,0.236084,1.067139
3221309617,0.224609,0.23877,1.035645
3221314617,0.210205,0.209961,1.046143
3221319617,0.213135,0.193848,1.030029
3221324617,0.209717,0.188477,1.009521
3221329617,0.20459,0.194336,1.012451
3221334617,0.207031,0.206543,1.016113
3221339617,0.208008,0.20166,1.001465
3221344617,0.206543,0.193359,1.012939
3221349617,0.208496,0.189941,1.011719
3221354617,0.208496,0.200195,1.013184
3221359617,0.20166,0.197754,1.010986
3221364617,0.205078,0.195801,1.023682
3221369617,0.203613,0.20874,1.008057
3221374617,0.200195,0.215332,1.006592
3221379617,0.200439,0.213623,1.017578
3221384617,0.207031,0.208008,1.015869
3221389617,0.210205,0.209717,1.02417
3221394617,0.211914,0.216553,1.015869
3221399617,0.199707,0.218994,1.01123
3221404617,0.209229,0.212891,1.014648
3221409617,0.20874,0.212402,1.014404
3221414617,0.199707,0.216309,1.002197
3221419617,0.205078,0.210205,1.015381
3221424617,0.209717,0.206055,1.013184
3221429617,0.206787,0.206055,0.999512
3221434617,0.199951,0.210205,1.0
3221439617,0.205078,0.204346,1.003174
3221444617,0.212402,0.203125,1.010986
3221449617,0.214111,0.200928,1.019775
3221454617,0.210937,0.199951,1.016113
3221459617,0.205322,0.212402,1.011475
3221464617,0.192871,0.210449,1.006592
3221469617,0.193848,0.212158,0.996338
3221474617,0.203613,0.210205,1.005371
3221479617,0.208252,0.208252,1.01123
3221484617,0.202881,0.212646,1.010986
3221489617,0.200928,0.213623,1.004395
3221494617,0.201416,0.211426,1.016357
3221499617,0.206543,0.209961,1.017822
3221504617,0.202637,0.211182,1.012207
3221509617,0.206299,0.212891,1.007568
3221514617,0.204102,0.201904,1.014893
3221519617,0.202881,0.206055,1.007324
3221524617,0.204346,0.209229,1.002441
3221529617,0.203369,0.20459,1.005371
3221534617,0.206543,0.202393,1.014648
3221539617,0.207031,0.204834,1.009766
3221544617,0.20459,0.207764,1.003662
3221549617,0.199219,0.204834,1.005371
3221554617,0.201172,0.204834,1.000977
3221559617,0.205078,0.206055,1.010986
3221564617,0.201172,0.207764,1.004395
3221569617,0.203369,0.206299,1.013184
3221574617,0.206787,0.208984,1.008301
3221579617,0.206055,0.20459,1.013428
3221584617,0.20752,0.209717,1.00415
3221589617,0.20459,0.212402,1.009766
3221594617,0.205566,0.206543,1.004639
3221599617,0.209229,0.209961,1.008789
3221604617,0.207031,0.208252,1.010742
3221609617,0.206543,0.203857,1.010498
3221614617,0.206055,0.209473,1.013916
3221619617,0.206543,0.209473,1.012451
3221624617,0.205322,0.205811,1.009766
3221629617,0.207275,0.208984,1.007813
3221634617,0.208252,0.201904,1.009766
3221639617,0.206787,0.203857,1.011963
3221644617,0.202148,0.208496,1.001953
3221649617,0.203125,0.208496,1.013428
3221654617,0.205078,0.203857,1.009521
3221659617,0.200928,0.211426,1.007568
3221664617,0.208008,0.205322,1.001221
3221669617,0.203857,0.203369,1.011963
3221674617,0.204346,0.205566,1.013916
3221679617,0.20166,0.208496,1.010498
3221684617,0.207764,0.20874,1.012939
3221689617,0.206299,0.207031,1.007324
3221694617,0.205078,0.211426,1.004395
3221699617,0.207764,0.205566,1.016113
3221704617,0.208496,0.208252,1.006104
3221709617,0.202393,0.202881,1.009033
3221714617,0.208008,0.210693,1.016602
3221719617,0.205078,0.211182,1.003906
3221724617,0.201904,0.208984,1.00415
3221729617,0.202637,0.205322,1.007813
3221734617,0.20166,0.206299,1.010498
3221739617,0.203857,0.208984,1.007568
3221744617,0.200684,0.205811,1.011963
3221749617,0.202393,0.207764,1.010498
3221754617,0.203125,0.207764,1.013428
3221759617,0.197754,0.21167,1.009033
3221764617,0.210449,0.208252,1.011963
3221769617,0.20874,0.20874,1.01416
3221774617,0.206299,0.208496,1.006348
3221779617,0.203125,0.210937,1.004883
3221784617,0.203857,0.209229,1.003906
3221789617,0.206787,0.210449,1.006348
3221794617,0.205078,0.206299,1.015625
3221799617,0.201172,0.210937,1.006592
3221804617,0.202637,0.212891,1.013672
3221809617,0.203857,0.206787,1.010254
3221814617,0.204102,0.206543,1.006592
3221819617,0.204102,0.202637,1.0
3221824617,0.203613,0.208008,1.007813
3221829617,0.20459,0.20874,1.008789
3221834617,0.202393,0.207764,1.00293
3221839617,0.208496,0.209717,1.004395
3221844617,0.209717,0.21167,1.007324
3221849617,0.202637,0.209229,1.009033
3221854617,0.208496,0.202393,0.997803
3221859617,0.20459,0.201416,1.007813
3221864617,0.211426,0.208252,1.012207
3221869617,0.202637,0.209717,1.001465
3221874617,0.207275,0.209717,1.00708
3221879617,0.210937,0.208252,1.007568
3221884617,0.21167,0.20752,1.015625
3221889617,0.206055,0.201172,1.001465
3221894617,0.203857,0.202393,1.00415
3221899617,0.203369,0.208984,1.006348
3221904617,0.202393,0.209229,1.011475
3221909617,0.20459,0.208008,1.008789
3221914617,0.206299,0.20752,1.01416
3221919617,0.200928,0.209229,1.010498
3221924617,0.201904,0.209717,1.011475
3221929617,0.20459,0.209717,1.010498
3221934617,0.210449,0.212402,1.01123
3221939617,0.203125,0.213379,1.007324
3221944617,0.208008,0.20874,1.012695
3221949617,0.202148,0.206299,1.004395
3221954617,0.205322,0.208496,1.010742
3221959617,0.205811,0.209473,1.010498
3221964617,0.202148,0.210693,1.004883
3221969617,0.202637,0.21167,1.000732
3221974617,0.20752,0.206787,1.004639
3221979617,0.202393,0.210449,1.010254
3221984617,0.207031,0.208008,1.017578
3221989617,0.201904,0.208252,1.01123
3221994617,0.203125,0.207031,1.00708
3221999617,0.204834,0.205078,1.00708
3222004617,0.203613,0.213867,1.009277
3222009617,0.20166,0.210693,1.013916
3222014617,0.202148,0.21167,1.013428
3222019617,0.201172,0.20874,1.01123
3222024617,0.202881,0.204346,1.018799
3222029617,0.200928,0.20752,1.012939
3222034617,0.198486,0.20166,1.011963
3222039617,0.199951,0.208252,1.010742
3222044617,0.207275,0.205811,1.009033
3222049617,0.206055,0.200684,1.004883
3222054617,0.199219,0.198486,1.010254
3222059617,0.203125,0.198242,1.006104
3222064617,0.199219,0.203125,1.008057
3222069617,0.207764,0.206299,1.012695
3222074617,0.205566,0.205078,1.008545
3222079617,0.208252,0.206299,1.009521
3222084617,0.203125,0.210449,1.007568
3222089617,0.199951,0.20459,1.010986
3222094617,0.206787,0.207031,1.013916
3222099617,0.209229,0.209717,1.007324
3222104617,0.202393,0.21167,1.005859
3222109617,0.201172,0.208984,1.00293
3222114617,0.204346,0.215332,1.008057
3222119617,0.207764,0.209229,1.013428
3222124617,0.207031,0.217285,1.016602
3222129617,0.202637,0.213135,1.004639
3222134617,0.20459,0.205078,1.015625
3222139617,0.198975,0.211182,0.999756
3222144617,0.203857,0.216553,1.02417
3222149617,0.202393,0.208496,1.009033
3222154617,0.213623,0.203857,1.015381
3222159617,0.20752,0.206543,1.001709
3222164617,0.209229,0.205811,1.005615
3222169617,0.211426,0.200684,1.001709
3222174617,0.210693,0.202393,1.001953
3222179617,0.208252,0.208008,1.003662
3222184617,0.205566,0.20874,1.005615
3222189617,0.20459,0.20874,1.003418
3222194617,0.207764,0.206787,1.009277
3222199617,0.201904,0.209229,1.013672
3222204617,0.196533,0.213867,1.00708
3222209617,0.202393,0.213135,1.01001
3222214617,0.201416,0.210205,1.014404
3222219617,0.203613,0.211426,1.016846
3222224617,0.209717,0.20752,1.011719
3222229617,0.207764,0.20459,1.008301
3222234617,0.209229,0.202881,1.004395
3222239617,0.203857,0.202148,1.001953
3222244617,0.205078,0.201416,1.001709
3222249617,0.205322,0.20752,1.005371
3222254617,0.205566,0.207275,1.009521
3222259617,0.205078,0.209717,1.011475
3222264617,0.205322,0.209473,1.01001
3222269617,0.206055,0.207031,1.009766
3222274617,0.208984,0.202393,1.004639
3222279617,0.20874,0.205566,1.009766
3222284617,0.202881,0.210937,1.011719
3222289617,0.200684,0.212646,1.01123
3222294617,0.206299,0.213135,1.011719
3222299617,0.202393,0.216064,1.010986
3222304617,0.207764,0.206055,1.010742
3222309617,0.211426,0.206787,1.008301
3222314617,0.200439,0.202637,0.996094
3222319617,0.208008,0.203125,1.003174
3222324617,0.206299,0.204346,1.01416
3222329617,0.207275,0.206787,1.008789
3222334617,0.205078,0.219482,1.01709
3222339617,0.203125,0.212891,1.007813
3222344617,0.209473,0.194092,1.004883
3222349617,0.204346,0.204346,1.007324
3222354617,0.203369,0.20166,1.008301
3222359617,0.199951,0.212891,1.011719
3222364617,0.201172,0.212158,1.013672
3222369617,0.201904,0.207031,1.011719
3222374617,0.206543,0.207764,1.014893
3222379617,0.202393,0.203369,1.009277
3222384617,0.203125,0.205078,1.006348
3222389617,0.207275,0.208984,1.012939
3222394617,0.205566,0.208496,1.010742
3222399617,0.205078,0.20874,1.012207
3222404617,0.20166,0.208984,1.011963
3222409617,0.206055,0.212402,1.01123
3222414617,0.212891,0.20874,1.012451
3222419617,0.210937,0.20166,1.004883
3222424617,0.208008,0.200928,1.013184
3222429617,0.202148,0.207031,1.006592
3222434617,0.202637,0.206055,1.008789
3222439617,0.205078,0.209229,1.016602
3222444617,0.204346,0.212891,1.02002
3222449617,0.204102,0.210449,1.009277
3222454617,0.208252,0.204834,1.005371
3222459617,0.203613,0.203369,1.007813
3222464617,0.200195,0.201904,1.012451
3222469617,0.204346,0.20459,1.006104
3222474617,0.199951,0.20459,1.003418
3222479617,0.199219,0.206299,1.000732
3222484617,0.202637,0.205811,1.014893
3222489617,0.204346,0.206299,1.008789
3222494617,0.205566,0.209473,1.006348
3222499617,0.198975,0.211182,1.008789
3222504617,0.203125,0.214355,1.010498
3222509617,0.195557,0.209473,1.005127
3222514617,0.202148,0.214111,1.012207
3222519617,0.204834,0.206055,1.009033
3222524617,0.211182,0.210937,1.008545
3222529617,0.203857,0.20752,1.005127
3222534617,0.211914,0.203857,1.012695
3222539617,0.212402,0.206543,1.012695
3222544617,0.208252,0.205811,1.011963
3222549617,0.206055,0.206299,1.011475
3222554617,0.202637,0.206055,1.003662
3222559617,0.203613,0.205078,0.999756
3222564617,0.208984,0.205566,1.010986
3222569617,0.204834,0.20166,1.004883
3222574617,0.206543,0.204346,1.015869
3222579617,0.197754,0.212646,1.012939
3222584617,0.201416,0.213135,1.018066
3222589617,0.197266,0.213135,1.020752
3222594617,0.19751,0.212402,1.012451
3222599617,0.206543,0.210205,1.017334
3222604617,0.205811,0.210205,1.018066
3222609617,0.205811,0.208252,1.002441
3222614617,0.209473,0.20752,1.004639
3222619617,0.208984,0.209473,1.006836
3222624617,0.215332,0.204346,1.003906
3222629617,0.209717,0.20166,1.000977
3222634617,0.207031,0.202881,1.001221
3222639617,0.200684,0.204102,0.996094
3222644617,0.20166,0.20459,1.001709
3222649617,0.200195,0.205078,1.01416
3222654617,0.197021,0.20752,1.00415
3222659617,0.195557,0.20874,1.010986
3222664617,0.203613,0.213623,1.011475
3222669617,0.202148,0.212646,1.014648
3222674617,0.200439,0.212158,1.006348
3222679617,0.206787,0.208496,1.014648
3222684617,0.203125,0.208252,0.996582
3222689617,0.210449,0.211182,1.005615
3222694617,0.204834,0.207031,1.017578
3222699617,0.204346,0.204834,1.008301
3222704617,0.207275,0.210937,1.007813
3222709617,0.206787,0.210449,1.008301
3222714617,0.206787,0.207764,1.013428
3222719617,0.209229,0.208496,1.011963
3222724617,0.208984,0.20752,1.015381
3222729617,0.208008,0.21167,1.007813
3222734617,0.202637,0.206299,1.005127
3222739617,0.200439,0.205322,1.008301
3222744617,0.20166,0.209717,1.011719
3222749617,0.19873,0.206299,1.009521
3222754617,0.199219,0.211426,1.017822
3222759617,0.198486,0.20459,1.013428
3222764617,0.200195,0.207764,1.009521
3222769617,0.201172,0.209473,1.015381
3222774617,0.206787,0.207031,1.004883
3222779617,0.20874,0.210205,1.004395
3222784617,0.212891,0.205566,1.012207
3222789617,0.212646,0.20874,1.006348
3222794617,0.208984,0.207764,1.007324
3222799617,0.205078,0.206787,1.008545
3222804617,0.208984,0.202637,1.003906
3222809617,0.205078,0.20874,1.008057
3222814617,0.206543,0.211182,1.016113
3222819617,0.204102,0.210205,1.013916
3222824617,0.204102,0.21167,1.011475
3222829617,0.200195,0.208496,1.010498
3222834617,0.20166,0.210205,1.012939
3222839617,0.202393,0.212158,1.01123
3222844617,0.203613,0.206055,1.00708
3222849617,0.20752,0.207031,1.01123
3222854617,0.203857,0.205566,1.005615
3222859617,0.20459,0.205811,1.006348
3222864617,0.202881,0.209229,1.00708
3222869617,0.204102,0.206055,1.004395
3222874617,0.195801,0.200439,1.014648
3222879617,0.201904,0.202393,1.0
3222884617,0.201416,0.205566,1.000732
3222889617,0.19873,0.20752,1.003418
3222894617,0.198975,0.209717,1.009277
3222899617,0.205811,0.210205,1.009277
3222904617,0.203125,0.209473,1.008545
3222909617,0.206787,0.206055,1.004883
3222914617,0.209229,0.20752,1.000488
3222919617,0.206299,0.204834,1.005615
3222924617,0.208008,0.205322,1.01123
3222929617,0.210205,0.209229,1.015381
3222934617,0.205566,0.2146,1.012451
3222939617,0.208496,0.209961,1.012939
3222944617,0.202148,0.210693,1.007568
3222949617,0.203125,0.207764,1.008301
3222954617,0.206543,0.206543,1.019775
3222959617,0.209961,0.204834,1.013184
3222964617,0.199219,0.209961,1.005615
3222969617,0.200195,0.21167,1.004883
3222974617,0.210205,0.200439,1.014648
3222979617,0.211426,0.201904,1.012207
3222984617,0.202148,0.205566,1.002441
3222989617,0.203613,0.207031,1.006348
3222994617,0.208496,0.203613,1.009521
3222999617,0.20166,0.205811,1.011475
3223004617,0.201904,0.212158,0.998047
3223009617,0.200928,0.208252,1.003662
3223014617,0.199951,0.206055,1.006104
3223019617,0.200684,0.208252,1.01123
3223024617,0.205811,0.207764,1.012207
3223029617,0.20752,0.209717,1.01123
3223034617,0.194092,0.212646,1.000732
3223039617,0.204102,0.206787,1.01123
3223044617,0.20752,0.20752,1.011475
3223049617,0.207275,0.206543,1.008057
3223054617,0.202393,0.202148,1.009521
3223059617,0.199951,0.201172,1.008789
3223064617,0.209717,0.204834,1.014404
3223069617,0.20459,0.203857,1.008057
3223074617,0.198486,0.211182,1.002686
3223079617,0.205078,0.203613,1.006836
3223084617,0.205811,0.208252,1.018799
3223089617,0.196777,0.212891,1.003662
3223094617,0.196045,0.214111,1.006104
3223099617,0.200684,0.218018,1.012695
3223104617,0.204834,0.211426,1.010254
3223109617,0.203125,0.213135,1.010254
3223114617,0.201416,0.209717,1.010498
3223119617,0.207031,0.206299,1.022705
3223124617,0.20752,0.205566,1.014648
3223129617,0.207031,0.202881,1.010742
3223134617,0.208008,0.199219,1.008789
3223139617,0.206787,0.202393,1.01001
3223144617,0.21167,0.201172,1.008789
3223149617,0.21167,0.202393,0.999268
3223154617,0.204834,0.198975,1.000488
3223159617,0.20459,0.202148,0.992187
3223164617,0.203857,0.206787,1.005127
3223169617,0.20459,0.209473,1.005127
3223174617,0.202637,0.214111,1.003418
3223179617,0.204346,0.212158,1.012207
3223184617,0.203125,0.215332,1.014893
3223189617,0.205322,0.217285,1.017334
3223194617,0.203369,0.210449,1.009521
3223199617,0.203613,0.207031,1.016113
3223204617,0.210937,0.213379,1.01709
3223209617,0.207031,0.202148,1.006592
3223214617,0.208008,0.20166,1.012207
3223219617,0.213623,0.200439,1.003418
3223224617,0.20874,0.206299,1.012695
3223229617,0.205811,0.203613,0.998291
3223234617,0.204834,0.20752,1.004395
3223239617,0.203613,0.203125,1.004883
3223244617,0.203613,0.206543,1.013672
3223249617,0.204102,0.205566,1.016846
3223254617,0.206055,0.207275,1.013672
3223259617,0.202637,0.212158,1.009766
3223264617,0.202637,0.258789,0.942627
3223269617,0.27124,0.132812,1.123291
3223274617,0.168457,0.109131,1.046387
3223279617,0.188232,0.204346,0.962402
3223284617,0.244873,0.173828,0.961914
3223289617,0.215088,0.242432,1.017822
3223294617,0.212402,0.248535,0.998535
3223299617,0.211182,0.217529,1.019043
3223304617,0.186035,0.265625,1.024658
3223309617,0.202148,0.260742,1.015625
3223314617,0.190674,0.265137,1.024902
3223319617,0.19458,0.289063,1.012451
3223324617,0.201172,0.266113,1.012451
3223329617,0.211426,0.241211,1.015381
3223334617,0.20166,0.20459,1.013916
3223339617,0.20752,0.178467,1.023682
3223344617,0.20752,0.180664,1.008301
3223349617,0.196045,0.183838,0.993896
3223354617,0.211426,0.186768,0.996094
3223359617,0.210693,0.186279,1.006348
3223364617,0.206787,0.151611,0.987549
3223369617,0.210449,0.124023,0.974854
3223374617,0.209473,0.134033,0.968262
3223379617,0.202393,0.174561,1.0
3223384617,0.20459,0.206543,1.016113
3223389617,0.199219,0.219727,1.018555
3223394617,0.203369,0.219482,1.014648
3223399617,0.211914,0.219482,1.017822
3223404617,0.203369,0.217529,1.020508
3223409617,0.197754,0.221924,1.006104
3223414617,0.199951,0.237793,1.022705
3223419617,0.204346,0.261719,1.039063
3223424617,0.19043,0.274414,1.017822
3223429617,0.187744,0.253906,1.001709
3223434617,0.18335,0.227051,1.011963
3223439617,0.205322,0.215576,1.009277
3223444617,0.210205,0.20459,1.020996
3223449617,0.197754,0.219482,1.014404
3223454617,0.195557,0.229004,1.005859
3223459617,0.201904,0.214844,0.998535
3223464617,0.206787,0.1875,0.998291
3223469617,0.209473,0.188477,1.004639
3223474617,0.200439,0.171387,1.005127
3223479617,0.212891,0.180176,1.006348
3223484617,0.207275,0.19043,1.008057
3223489617,0.205078,0.202393,1.005859
3223494617,0.205078,0.197021,1.015137
3223499617,0.196289,0.205811,1.021484
3223504617,0.209473,0.231934,1.026855
3223509617,0.205811,0.233887,1.03833
3223514617,0.202148,0.272461,1.031738
3223519617,0.189209,0.219971,1.03418
3223524617,0.197754,0.249512,1.015381
3223529617,0.182129,0.231201,0.985352
3223534617,0.181641,0.276611,0.985596
3223539617,0.18457,0.246582,0.963623
3223544617,0.182373,0.216797,0.955078
3223549617,0.207275,0.205566,0.949951
3223554617,0.209961,0.202881,0.958008
3223559617,0.202881,0.195312,0.979736
3223564617,0.193115,0.200928,1.011719
3223569617,0.202881,0.218018,1.026367
3223574617,0.19751,0.189453,1.063965
3223579617,0.223877,0.233887,1.101074
3223584617,0.20752,0.182861,1.017334
3223589617,0.191895,0.204834,1.02002
3223594617,0.201416,0.196289,0.988281
3223599617,0.200195,0.205078,0.976562
3223604617,0.199951,0.206299,0.985352
3223609617,0.20459,0.195312,0.978271
3223614617,0.202881,0.190918,0.992432
3223619617,0.213135,0.203369,0.999756
3223624617,0.209473,0.232178,1.039307
3223629617,0.196777,0.250977,1.06665
3223634617,0.210937,0.216797,1.00415
3223639617,0.190186,0.18457,1.011719
3223644617,0.194336,0.199707,1.000977
3223649617,0.202148,0.196533,0.983643
3223654617,0.198975,0.219971,1.033203
3223659617,0.19458,0.212402,1.028564
3223664617,0.203369,0.1875,0.987549
3223669617,0.202637,0.189697,1.001953
3223674617,0.210449,0.199951,1.02002
3223679617,0.207031,0.202881,1.005859
3223684617,0.210693,0.197754,1.013184
3223689617,0.214355,0.197021,1.014404
3223694617,0.208496,0.20874,1.026855
3223699617,0.212158,0.213623,1.020752
3223704617,0.202637,0.198242,0.995605
3223709617,0.202881,0.211426,1.00415
3223714617,0.201904,0.210205,1.007324
3223719617,0.205078,0.215088,1.016113
3223724617,0.19458,0.220459,1.014404
3223729617,0.200439,0.206787,1.019531
3223734617,0.194336,0.199707,1.012695
3223739617,0.196045,0.20166,1.01001
3223744617,0.196289,0.196777,1.007568
3223749617,0.202393,0.202148,1.010498
3223754617,0.200684,0.203857,1.006348
3223759617,0.204102,0.202881,1.011719
3223764617,0.208008,0.198486,1.008545
3223769617,0.206543,0.195557,1.014404
3223774617,0.206055,0.203857,1.012695
3223779617,0.210449,0.205078,1.014893
3223784617,0.21167,0.208252,1.003174
3223789617,0.207031,0.207275,1.015381
3223794617,0.207764,0.209717,1.016846
3223799617,0.200928,0.210205,1.011475
3223804617,0.198975,0.206055,1.008301
3223809617,0.199707,0.20752,1.012451
3223814617,0.202881,0.212402,1.013184
3223819617,0.197998,0.207031,1.010986
3223824617,0.204102,0.205566,1.015381
3223829617,0.205811,0.202393,1.01416
3223834617,0.203369,0.198486,1.015137
3223839617,0.202881,0.203369,1.010742
3223844617,0.201904,0.207031,1.000977
3223849617,0.205811,0.204102,1.005615
3223854617,0.20166,0.208008,1.014648
3223859617,0.203369,0.20166,1.006348
3223864617,0.207031,0.199219,1.016113
3223869617,0.205566,0.203369,1.008545
3223874617,0.200684,0.205078,1.003174
3223879617,0.197754,0.204102,1.010742
3223884617,0.19458,0.201904,1.016602
3223889617,0.200928,0.209473,1.016846
3223894617,0.199707,0.20874,1.01001
3223899617,0.202881,0.204102,1.00708
3223904617,0.205078,0.199951,1.003906
3223909617,0.212158,0.19873,1.012207
3223914617,0.200684,0.20459,1.000488
3223919617,0.20752,0.203125,1.00708
3223924617,0.209961,0.204102,1.008301
3223929617,0.203857,0.199463,1.013428
3223934617,0.202637,0.206299,1.010742
3223939617,0.199951,0.208984,1.003662
3223944617,0.197998,0.205078,1.000244
3223949617,0.206299,0.204346,1.004395
3223954617,0.200928,0.199219,0.999023
3223959617,0.206055,0.193115,1.003418
3223964617,0.210937,0.197266,1.015137
3223969617,0.209229,0.209229,1.008301
3223974617,0.212402,0.201416,1.008545
3223979617,0.21167,0.198242,1.016846
3223984617,0.208984,0.200195,1.022217
3223989617,0.202393,0.212891,1.014404
3223994617,0.206299,0.213379,1.01001
3223999617,0.20874,0.211426,0.996094
3224004617,0.216553,0.195557,0.999756
3224009617,0.216797,0.200439,0.995605
3224014617,0.215088,0.199219,1.001221
3224019617,0.212158,0.210937,1.01416
3224024617,0.209961,0.208984,1.008057
3224029617,0.211914,0.20874,1.025879
3224034617,0.201172,0.205811,1.023438
3224039617,0.197266,0.213867,1.004639
3224044617,0.192871,0.206543,1.010986
3224049617,0.193115,0.198975,1.001221
3224054617,0.198242,0.212891,1.005859
3224059617,0.197998,0.210449,0.993652
3224064617,0.206543,0.196045,1.010498
3224069617,0.207764,0.199707,1.000977
3224074617,0.208252,0.213867,1.012695
3224079617,0.204346,0.216309,1.018799
3224084617,0.196289,0.201416,0.988281
3224089617,0.214111,0.19873,1.005859
3224094617,0.204346,0.204346,1.012939
3224099617,0.19751,0.196777,1.016357
3224104617,0.19751,0.175293,1.004639
3224109617,0.188721,0.235352,1.001709
3224114617,0.210449,0.195557,1.019531
3224119617,0.207031,0.173096,0.975586
3224124617,0.206055,0.189941,1.030518
3224129617,0.205078,0.206055,1.011963
3224134617,0.199219,0.203857,1.005127
3224139617,0.211182,0.205322,1.02124
3224144617,0.214844,0.220459,1.030762
3224149617,0.190186,0.2229,0.961426
3224154617,0.213135,0.204102,0.999756
3224159617,0.210449,0.202393,0.991699
3224164617,0.204346,0.202881,1.006348
3224169617,0.201904,0.208984,1.02124
3224174617,0.197021,0.210693,1.004395
3224179617,0.191406,0.206787,1.004395
3224184617,0.199951,0.205078,1.020508
3224189617,0.193359,0.203857,1.014893
3224194617,0.194336,0.204102,1.009277
3224199617,0.192627,0.207031,1.006348
3224204617,0.193115,0.198486,1.001953
3224209617,0.197021,0.196289,1.010986
3224214617,0.199951,0.202881,1.005615
3224219617,0.202881,0.205811,1.003174
3224224617,0.185791,0.244385,0.873779
3224229617,0.213623,0.187256,1.02832
3224234617,0.188965,0.18042,0.966064
3224239617,0.224854,0.219971,1.030029
3224244617,0.198975,0.218262,0.996338
3224249617,0.202637,0.204834,1.003174
3224254617,0.212646,0.194824,0.98999
3224259617,0.210205,0.199707,1.001465
3224264617,0.199707,0.19751,1.015137
3224269617,0.196045,0.203125,1.025635
3224274617,0.199219,0.202393,0.984375
3224279617,0.213867,0.187256,1.036377
3224284617,0.194336,0.188721,0.994873
3224289617,0.191895,0.207764,0.998291
3224294617,0.191162,0.199951,0.977539
3224299617,0.220703,0.182373,1.043213
3224304617,0.195068,0.208252,1.027344
3224309617,0.193604,0.212158,1.00293
3224314617,0.203613,0.20752,1.02002
3224319617,0.206055,0.207031,1.022949
3224324617,0.202881,0.205322,0.996338
3224329617,0.211426,0.207031,1.018799
3224334617,0.205078,0.206787,1.006348
3224339617,0.209717,0.204102,1.008301
3224344617,0.206299,0.202393,1.016846
3224349617,0.207764,0.198975,1.001709
3224354617,0.200684,0.197266,0.999512
3224359617,0.200928,0.19873,1.013428
3224364617,0.196289,0.206299,1.015869
3224369617,0.196045,0.20459,1.018799
3224374617,0.197754,0.203369,0.996582
3224379617,0.20459,0.204102,1.006348
3224384617,0.197998,0.20874,1.009521
3224389617,0.207031,0.2146,1.020508
3224394617,0.196533,0.20874,1.006836
3224399617,0.209961,0.209473,1.016602
3224404617,0.205566,0.208496,1.000732
3224409617,0.212402,0.211182,1.010742
3224414617,0.201172,0.197998,1.012207
3224419617,0.209717,0.198975,1.005615
3224424617,0.212158,0.203369,1.016113
3224429617,0.195801,0.208008,1.00708
3224434617,0.195068,0.202393,1.007324
3224439617,0.196533,0.203613,1.001953
3224444617,0.198486,0.205566,1.006836
3224449617,0.200928,0.206787,1.010742
3224454617,0.199463,0.206787,1.020752
3224459617,0.20459,0.205322,1.016113
3224464617,0.202881,0.205078,1.005859
3224469617,0.206055,0.199707,1.008057
3224474617,0.206543,0.203125,1.012451
3224479617,0.208984,0.203369,1.017334
3224484617,0.206787,0.20752,1.017578
3224489617,0.200928,0.199463,1.010498
3224494617,0.206543,0.200684,1.017822
3224499617,0.200439,0.200439,0.99707
3224504617,0.206543,0.202881,1.000244
3224509617,0.202637,0.203125,1.010986
3224514617,0.185059,0.200195,0.974365
3224519617,0.250732,0.224365,1.065186
3224524617,0.184326,0.200928,0.980469
3224529617,0.203125,0.182861,0.997559
3224534617,0.202637,0.212891,1.017822
3224539617,0.208252,0.213135,1.008789
3224544617,0.195801,0.202393,1.007568
3224549617,0.199463,0.201904,1.012207
3224554617,0.206787,0.194824,1.015625
3224559617,0.206543,0.207031,1.009033
3224564617,0.201172,0.205566,1.018311
3224569617,0.202637,0.200439,1.001221
3224574617,0.205078,0.202148,1.005371
3224579617,0.209229,0.199707,1.020264
3224584617,0.195801,0.204102,1.002441
3224589617,0.206543,0.205322,1.02002
3224594617,0.19873,0.204346,0.999512
3224599617,0.20459,0.19873,1.003906
3224604617,0.202881,0.206299,1.005859
3224609617,0.201416,0.199951,1.003662
3224614617,0.202393,0.208252,1.013672
3224619617,0.201172,0.197021,1.009521
3224624617,0.204834,0.202148,1.007324
3224629617,0.193604,0.206299,1.003906
3224634617,0.204346,0.194092,1.018311
3224639617,0.201172,0.213623,1.000732
3224644617,0.200684,0.202881,1.010498
3224649617,0.200195,0.212891,1.01001
3224654617,0.205811,0.20166,1.009521
3224659617,0.206299,0.207764,0.994629
3224664617,0.210937,0.207031,1.020996
3224669617,0.20166,0.2146,1.005615
3224674617,0.205566,0.198486,1.017822
3224679617,0.198486,0.20874,1.007324
3224684617,0.197998,0.19751,1.010498
3224689617,0.203613,0.204346,1.010498
3224694617,0.201904,0.201416,1.023438
3224699617,0.204834,0.203857,1.009521
3224704617,0.197998,0.198975,0.997803
3224709617,0.209229,0.201416,1.013184
3224714617,0.213867,0.204834,1.017822
3224719617,0.206299,0.201904,1.00708
3224724617,0.20459,0.203857,1.000977
3224729617,0.207031,0.205322,1.01123
3224734617,0.208008,0.209961,1.017578
3224739617,0.200195,0.202881,1.012939
3224744617,0.202148,0.205566,1.013916
3224749617,0.196045,0.20459,1.002441
3224754617,0.193604,0.205566,1.008789
3224759617,0.196777,0.20166,1.003906
3224764617,0.199707,0.203613,1.018555
3224769617,0.199951,0.203125,1.004639
3224774617,0.202637,0.200684,1.01001
3224779617,0.195557,0.20459,1.007324
3224784617,0.201904,0.203369,1.011719
