timestamp_us,x_g,y_g,z_g
3267124617,0.170654,0.19458,1.018799
1879129617,0.175781,0.195801,1.015625
3267134617,0.170898,0.201416,1.017578
3267139617,0.170654,0.201904,1.007568
3267144617,0.176025,0.198975,1.004883
3267149617,0.173828,0.202637,1.003174
3267154617,0.17041,0.205322,1.012207
3267159617,0.169434,0.205078,1.016113
3267164617,0.172119,0.205322,1.017334
3267169617,0.170898,0.209473,1.012451
3267174617,0.169189,0.206055,1.02417
3267179617,0.171631,0.200684,1.024902
3267184617,0.169678,0.196289,1.018311
3267189617,0.168213,0.199707,1.020996
3267194617,0.173828,0.202637,1.022705
3267199617,0.174805,0.199951,1.014648
3267204617,0.172852,0.19873,1.014893
3267209617,0.172119,0.199951,1.013428
3267214617,0.174316,0.197754,1.015381
3267219617,0.173584,0.202148,1.012939
3267224617,0.171875,0.195068,1.009033
3267229617,0.167969,0.197266,1.015137
3267234617,0.165527,0.204834,1.01123
3267239617,0.169922,0.195557,1.011719
3267244617,0.168945,0.200684,1.019287
3267249617,0.17041,0.199463,1.016846
3267254617,0.171631,0.202637,1.021973
3267259617,0.171387,0.20459,1.01709
3267264617,0.171387,0.207031,1.01416
3267269617,0.172363,0.20752,1.019043
3267274617,0.17334,0.206055,1.014404
3267279617,0.175049,0.205322,1.018066
3267284617,0.170654,0.203857,1.011963
3267289617,0.167969,0.200439,1.017334
3267294617,0.172363,0.202148,1.012207
3267299617,0.165527,0.205078,1.017334
3267304617,0.17041,0.196777,1.011475
3267309617,0.169922,0.202881,1.01709
3267314617,0.172607,0.204834,1.016602
3267319617,0.171143,0.19751,1.02124
3267324617,0.171143,0.198975,1.012939
3267329617,0.166992,0.19458,1.015869
3267334617,0.17041,0.195557,1.022461
3267339617,0.169678,0.194824,1.01709
3267344617,0.175781,0.195801,1.02124
3267349617,0.176514,0.199219,1.015381
3267354617,0.174561,0.199463,1.01001
3267359617,0.169434,0.196777,1.013672
3267364617,0.171143,0.20166,1.011475
3267369617,0.171143,0.20874,1.016113
3267374617,0.168213,0.20752,1.015137
3267379617,0.170166,0.208252,1.01709
3267384617,0.168213,0.202881,1.021729
3267389617,0.165527,0.202393,1.021973
3267394617,0.166504,0.200928,1.020996
3267399617,0.169678,0.198975,1.024902
3267404617,0.168945,0.200928,1.019775
3267409617,0.172852,0.198242,1.019287
3267414617,0.172119,0.198975,1.018555
3267419617,0.171387,0.19873,1.013672
3267424617,0.172607,0.196533,1.00708
3267429617,0.17749,0.198242,1.015625
3267434617,0.174316,0.198242,1.009521
3267439617,0.172363,0.200928,1.008545
3267444617,0.17627,0.198975,1.017334
3267449617,0.170654,0.205078,1.018311
3267454617,0.172607,0.198486,1.013672
3267459617,0.169922,0.204834,1.020508
3267464617,0.16748,0.206543,1.019531
3267469617,0.171631,0.202881,1.015625
3267474617,0.171143,0.200928,1.020996
3267479617,0.172363,0.204834,1.017822
3267484617,0.172119,0.203369,1.015869
3267489617,0.173584,0.200928,1.009033
3267494617,0.172607,0.20459,1.015625
3270144617,0.168213,0.199463,1.008057
3270149617,0.171631,0.205078,1.014404
3270154617,0.175293,0.208008,1.021729
3270159617,0.173096,0.202881,1.016357
3270164617,0.175049,0.202148,1.014893
3270169617,0.174805,0.207275,1.02124
3270174617,0.174072,0.200928,1.015137
3270179617,0.177246,0.201172,1.019775
3270184617,0.170898,0.202393,1.012695
3270189617,0.166992,0.195312,1.018555
3270194617,0.17041,0.196533,1.019531
3270199617,0.168945,0.199463,1.016357
3270204617,0.162598,0.20166,1.012939
3270209617,0.170898,0.20166,1.011719
3270214617,0.167725,0.195068,1.02002
3270219617,0.169434,0.20166,1.020508
3270224617,0.16626,0.200928,1.013428
3270229617,0.167969,0.202637,1.02002
3270234617,0.163086,0.200439,1.010254
3270239617,0.168213,0.199219,1.010986
3270244617,0.168457,0.200928,1.021484
3270249617,0.170654,0.196045,1.016113
3270254617,0.167969,0.196533,1.011475
3270259617,0.163086,0.197754,1.006104
3270264617,0.172852,0.196533,1.01709
3270269617,0.170166,0.197754,1.01709
3270274617,0.169189,0.196045,1.015869
3270279617,0.172363,0.195557,1.016846
3270284617,0.165039,0.197266,1.010498
3270289617,0.164307,0.20166,1.011475
3270294617,0.169922,0.20166,1.017334
3270299617,0.174316,0.205811,1.020996
3270304617,0.172607,0.204834,1.013428
3270309617,0.17041,0.199951,1.015869
3270314617,0.17041,0.203857,1.014648
3270319617,0.169678,0.195801,1.015625
3270324617,0.165283,0.199951,1.013916
3270329617,0.167236,0.199951,1.010498
3270334617,0.170898,0.200928,1.012939
3270339617,0.17041,0.197266,1.013184
3270344617,0.172363,0.196045,1.016602
3270349617,0.168701,0.197266,1.02002
3270354617,0.166992,0.201416,1.009521
3270359617,0.17041,0.201172,1.016602
3270364617,0.173096,0.198975,1.015381
3270369617,0.167969,0.198975,1.018555
3270374617,0.167725,0.201904,1.010742
3270379617,0.171631,0.197998,1.009766
3270384617,0.16748,0.199951,1.015381
3270389617,0.166748,0.202148,1.015381
3270394617,0.166748,0.197266,1.007324
3270399617,0.170654,0.203125,1.007568
3270404617,0.165771,0.19458,1.018799
3270409617,0.169434,0.196289,1.017578
3270414617,0.169189,0.196045,1.017822
3270419617,0.177002,0.203369,1.017578
3270424617,0.172363,0.206299,1.013428
3270429617,0.170898,0.203857,1.016602
3270434617,0.172363,0.202881,1.007568
3270439617,0.169189,0.199951,1.016357
3270444617,0.169434,0.201172,1.021729
3270449617,0.168457,0.198242,1.022217
3270454617,0.171631,0.198975,1.019531
3270459617,0.174561,0.203369,1.026367
3270464617,0.170166,0.203125,1.012207
3270469617,0.169189,0.198975,1.00708
3270474617,0.174316,0.20166,1.016602
3270479617,0.174072,0.202393,1.013428
3270484617,0.166748,0.20166,1.006836
3270489617,0.168213,0.204102,1.015381
3270494617,0.169922,0.203125,1.019287
3270499617,0.168701,0.199951,1.017822
3270504617,0.17041,0.204346,1.024658
3270509617,0.174805,0.205811,1.013184
3270514617,0.171631,0.201904,1.004395
3270519617,0.167969,0.201904,1.022461
3270524617,0.169922,0.201172,1.009277
3270529617,0.176514,0.198975,1.016113
3270534617,0.16626,0.202148,1.011963
3270539617,0.170898,0.200195,1.008789
3270544617,0.171631,0.19873,1.023926
3270549617,0.178711,0.197754,1.020996
3270554617,0.176514,0.197754,1.014648
3270559617,0.176758,0.20166,1.012695
3270564617,0.169189,0.200684,1.017822
3270569617,0.169189,0.199951,1.024658
3270574617,0.16626,0.198486,1.012939
3270579617,0.170166,0.197754,1.023682
3270584617,0.174072,0.207275,1.026855
3270589617,0.174805,0.206299,1.019775
3270594617,0.17334,0.202393,1.009277
3270599617,0.169922,0.204834,1.009033
3270604617,0.171143,0.199707,1.016113
3270609617,0.172363,0.194824,1.016357
3270614617,0.170166,0.197998,1.013672
3270619617,0.169434,0.199463,1.015381
3270624617,0.169922,0.198975,1.013184
3270629617,0.168945,0.196289,1.017578
3270634617,0.170898,0.199951,1.013672
3270639617,0.168213,0.201172,1.012207
3270644617,0.169189,0.203369,1.011963
3270649617,0.169678,0.19873,1.019775
3270654617,0.173096,0.197998,1.017334
3270659617,0.174316,0.200684,1.015381
3270664617,0.169678,0.205322,1.015869
3270669617,0.171387,0.198486,1.024414
3270674617,0.172119,0.201172,1.018066
3270679617,0.171387,0.202637,1.020264
3270684617,0.172363,0.20166,1.018311
3270689617,0.167725,0.199219,1.010742
3270694617,0.166748,0.200439,1.015869
3270699617,0.172852,0.200195,1.009766
3270704617,0.167969,0.19873,1.013428
3270709617,0.17334,0.203613,1.016602
3270714617,0.173828,0.203857,1.015625
3270719617,0.169678,0.203613,1.018311
3270724617,0.166748,0.206055,1.012939
3270729617,0.167969,0.20166,1.022705
3270734617,0.172607,0.199951,1.014893
3270739617,0.171143,0.204102,1.015381
3270744617,0.174316,0.201904,1.018066
3270749617,0.168457,0.200928,1.024658
3270754617,0.17334,0.197021,1.019531
3270759617,0.169678,0.199951,1.022705
3270764617,0.170654,0.198975,1.02002
3270769617,0.171631,0.200928,1.008545
3270774617,0.169678,0.199219,1.016846
3270779617,0.170898,0.201416,1.015625
3270784617,0.170898,0.202148,1.016846
3270789617,0.177734,0.202881,1.011475
3270794617,0.168457,0.205566,1.012695
3270799617,0.174072,0.200684,1.020752
3270804617,0.174561,0.203125,1.013916
3270809617,0.172852,0.206787,1.014404
3270814617,0.172852,0.205811,1.013916
3270819617,0.174316,0.202393,1.022461
3270824617,0.169922,0.201904,1.021484
3270829617,0.168701,0.202393,1.011963
3270834617,0.172363,0.197266,1.016602
3270839617,0.167969,0.199951,1.011475
3270844617,0.170898,0.202637,1.009766
3270849617,0.171387,0.199463,1.012451
3270854617,0.175781,0.200195,1.016602
3270859617,0.170654,0.201904,1.01001
3270864617,0.170654,0.204834,1.013672
3270869617,0.174316,0.203857,1.013428
3270874617,0.170166,0.202881,1.012207
3270879617,0.170898,0.206299,1.015869
3270884617,0.173096,0.200684,1.020996
3270889617,0.170898,0.204834,1.019287
3270894617,0.173096,0.205078,1.025391
3270899617,0.167969,0.200195,1.011719
3270904617,0.165527,0.195312,1.01001
3270909617,0.165283,0.200439,1.02417
3270914617,0.170166,0.196289,1.019287
3270919617,0.174316,0.203857,1.01416
3270924617,0.172363,0.202881,1.02002
3270929617,0.172363,0.200195,1.015381
3270934617,0.175537,0.199463,1.013184
3270939617,0.175537,0.203369,1.01709
3270944617,0.170654,0.203125,1.011719
3270949617,0.168701,0.202881,1.017578
3270954617,0.172119,0.202148,1.014404
3270959617,0.17334,0.20166,1.021973
3270964617,0.171387,0.200439,1.02417
3270969617,0.168945,0.199951,1.018066
3270974617,0.172119,0.203125,1.022461
3270979617,0.172607,0.197266,1.017578
3270984617,0.172363,0.204346,1.02124
3270989617,0.166016,0.199463,1.006348
3270994617,0.170898,0.20166,1.018066
3270999617,0.17334,0.20166,1.017822
3271004617,0.171875,0.195312,1.011719
3271009617,0.173096,0.201172,1.012207
3271014617,0.174072,0.196045,1.015137
3271019617,0.175049,0.19873,1.011475
3271024617,0.17334,0.205078,1.02002
3271029617,0.170166,0.200195,1.012451
3271034617,0.176025,0.20459,1.016846
3271039617,0.170166,0.203125,1.012451
3271044617,0.174805,0.202881,1.021729
3271049617,0.169922,0.20166,1.015869
3271054617,0.174072,0.199219,1.023193
3271059617,0.168945,0.203125,1.021729
3271064617,0.166992,0.202148,1.019287
3271069617,0.170898,0.193848,1.01416
3271074617,0.171631,0.195801,1.013916
3271079617,0.171387,0.198975,1.018799
3271084617,0.175293,0.197021,1.015381
3271089617,0.170654,0.198975,1.015625
3271094617,0.173584,0.20166,1.010254
3271099617,0.171875,0.204834,1.015625
3271104617,0.172607,0.205078,1.016602
3271109617,0.174805,0.206543,1.022217
3271114617,0.174561,0.204834,1.016357
3271119617,0.170654,0.20459,1.018311
3271124617,0.17041,0.206299,1.013428
3271129617,0.172119,0.200928,1.016846
3271134617,0.166992,0.20166,1.01709
3271139617,0.173828,0.196533,1.013672
3271144617,0.171143,0.200684,1.017578
3271149617,0.170898,0.198242,1.017578
3271154617,0.170654,0.197021,1.018555
3271159617,0.168701,0.19873,1.012451
3271164617,0.169922,0.196533,1.018799
3271169617,0.173584,0.195312,1.013428
3271174617,0.171875,0.201904,1.016846
3271179617,0.171631,0.205078,1.010254
3271184617,0.174561,0.209229,1.015625
3271189617,0.176514,0.206055,1.017334
3271194617,0.174561,0.208252,1.021973
3271199617,0.169434,0.203369,1.011963
3271204617,0.169922,0.204102,1.018066
3271209617,0.169434,0.20166,1.020264
3271214617,0.173096,0.200195,1.019775
3271219617,0.171387,0.202148,1.019775
3271224617,0.172363,0.195312,1.01123
3271229617,0.168701,0.199951,1.012939
3271234617,0.168457,0.202148,1.016602
3271239617,0.170898,0.19751,1.015869
3271244617,0.168945,0.203125,1.015137
3271249617,0.167725,0.201172,1.014404
3271254617,0.175781,0.204346,1.015625
3271259617,0.169189,0.199219,1.016602
3271264617,0.173096,0.20166,1.014648
3271269617,0.171875,0.20166,1.018799
3271274617,0.171631,0.198975,1.017578
3271279617,0.17041,0.199463,1.010498
3271284617,0.168701,0.199707,1.017822
3271289617,0.169434,0.204102,1.013916
3271294617,0.170166,0.200439,1.010986
3271299617,0.171875,0.200928,1.006836
3271304617,0.170654,0.201904,1.024414
3271309617,0.171631,0.200439,1.015137
3271314617,0.171143,0.199219,1.011963
3271319617,0.173584,0.201904,1.019043
3271324617,0.168945,0.198975,1.017578
3271329617,0.171875,0.205566,1.010254
3271334617,0.17627,0.20166,1.017334
3271339617,0.171631,0.202148,1.023926
3271344617,0.171387,0.193848,1.012451
3271349617,0.173828,0.203369,1.015381
3271354617,0.172363,0.198975,1.022705
3271359617,0.165527,0.19873,1.012207
3271364617,0.166748,0.197998,1.012695
3271369617,0.168457,0.197998,1.020508
3271374617,0.169189,0.197998,1.011475
3271379617,0.168213,0.202881,1.015137
3271384617,0.16748,0.202881,1.008545
3271389617,0.175049,0.204102,1.029785
3271394617,0.170898,0.202148,1.017334
3271399617,0.174072,0.202881,1.015381
3271404617,0.170654,0.199219,1.010986
3271409617,0.171387,0.199951,1.009521
3271414617,0.17041,0.19873,1.013672
3271419617,0.17334,0.199707,1.024414
3271424617,0.174072,0.20166,1.010986
3271429617,0.170166,0.204834,1.017578
3271434617,0.17334,0.197266,1.013184
3271439617,0.168457,0.200439,1.013428
3271444617,0.169922,0.194824,1.013916
3271449617,0.173584,0.197754,1.014648
3271454617,0.165771,0.200684,1.024414
3271459617,0.168945,0.198975,1.013672
3271464617,0.173584,0.202637,1.010986
3271469617,0.17334,0.202881,1.014404
3271474617,0.18042,0.19873,1.02002
3271479617,0.17334,0.199219,1.014404
3271484617,0.171387,0.198486,1.018555
3271489617,0.170166,0.200684,1.010742
3271494617,0.171387,0.201416,1.017578
3271499617,0.172363,0.204102,1.023193
3271504617,0.172607,0.202881,1.017822
3271509617,0.172363,0.205078,1.017334
3271514617,0.174316,0.201172,1.011475
3271519617,0.17041,0.199219,1.019775
3271524617,0.169434,0.201416,1.012939
3271529617,0.169922,0.196777,1.017334
3271534617,0.172363,0.199707,1.010498
3271539617,0.170654,0.197021,1.020752
3271544617,0.171631,0.197754,1.018555
3271549617,0.172607,0.201904,1.015869
3271554617,0.170166,0.200684,1.010986
3271559617,0.173828,0.201416,1.015381
3271564617,0.169922,0.200439,1.010986
3271569617,0.169189,0.197266,1.024414
3271574617,0.169189,0.198242,1.013916
3271579617,0.16626,0.206543,1.012207
3271584617,0.171875,0.199463,1.017578
3271589617,0.171143,0.203369,1.018799
3271594617,0.169922,0.204834,1.016602
3271599617,0.173096,0.202393,1.017578
3271604617,0.17627,0.202148,1.026367
3271609617,0.175537,0.20166,1.008545
3271614617,0.165283,0.197266,1.018311
3271619617,0.161377,0.193604,1.015625
3271624617,0.164795,0.200928,1.019043
3271629617,0.169678,0.197754,1.016113
3271634617,0.171143,0.196533,1.008057
3271639617,0.172119,0.194336,1.011963
3271644617,0.174072,0.200195,1.020264
3271649617,0.165771,0.19458,1.018555
3271654617,0.172363,0.199707,1.020264
3271659617,0.171631,0.200928,1.01001
3271664617,0.165771,0.198486,1.009033
3271669617,0.167725,0.202393,1.016602
3271674617,0.164551,0.206055,1.013672
3271679617,0.172363,0.206299,1.023926
3271684617,0.170898,0.210937,1.024658
3271689617,0.172852,0.206543,1.022217
3271694617,0.172852,0.205322,1.009766
3271699617,0.169922,0.20166,1.017822
3271704617,0.170898,0.203369,1.01709
3271709617,0.174561,0.20166,1.020752
3271714617,0.173096,0.207275,1.019287
3271719617,0.172852,0.19873,1.012207
3271724617,0.17334,0.19873,1.012451
3271729617,0.171875,0.199707,1.016602
3271734617,0.17749,0.193115,1.011475
3271739617,0.173828,0.196777,1.019531
3271744617,0.175049,0.197998,1.016113
3271749617,0.177002,0.205078,1.010498
3271754617,0.16748,0.20459,1.017822
3271759617,0.175781,0.203125,1.018799
3271764617,0.160156,0.201172,1.015625
3271769617,0.157227,0.206543,1.015137
3271774617,0.181641,0.209961,1.037354
3271779617,0.168457,0.205811,1.014893
3271784617,0.172852,0.199707,1.015137
3271789617,0.174561,0.202637,1.009766
3271794617,0.174072,0.200928,1.018555
3271799617,0.17334,0.199219,1.023682
3271804617,0.168945,0.202881,1.013184
3271809617,0.169434,0.199463,1.008301
3271814617,0.167725,0.195801,1.015381
3271819617,0.168701,0.202637,1.010498
3271824617,0.166748,0.201172,1.016113
3271829617,0.173584,0.195801,1.012451
3271834617,0.170654,0.196533,1.021484
3271839617,0.173828,0.201172,1.021973
3271844617,0.171875,0.19873,1.012939
3271849617,0.173584,0.20459,1.013916
3271854617,0.177734,0.201172,1.015625
3271859617,0.170898,0.202637,1.013672
3271864617,0.171387,0.19873,1.011963
3271869617,0.169434,0.201416,1.013672
3271874617,0.170654,0.203369,1.016113
3271879617,0.16748,0.204102,1.01416
3271884617,0.16748,0.204834,1.011475
3271889617,0.172119,0.204834,1.023926
3271894617,0.174072,0.201172,1.016602
3271899617,0.169189,0.19751,1.02002
3271904617,0.169189,0.202881,1.016357
3271909617,0.170898,0.202148,1.016113
3271914617,0.170898,0.204346,1.027588
3271919617,0.166992,0.203369,1.012207
3271924617,0.172852,0.200684,1.017578
3271929617,0.170654,0.200195,1.012451
3271934617,0.173096,0.202637,1.015137
3271939617,0.168213,0.203613,1.011475
3271944617,0.170898,0.206055,1.015381
3271949617,0.167725,0.207031,1.007324
3271954617,0.171631,0.20166,1.02002
3271959617,0.173584,0.205078,1.013672
3271964617,0.173828,0.202881,1.014648
3271969617,0.174316,0.203369,1.016113
3271974617,0.171143,0.203857,1.020996
3271979617,0.171143,0.200928,1.02002
3271984617,0.175781,0.198975,1.02124
3271989617,0.172607,0.200439,1.018311
3271994617,0.172363,0.191162,1.013916
3271999617,0.165527,0.198242,1.005859
3272004617,0.176514,0.199219,1.013916
3272009617,0.175537,0.203125,1.018555
3272014617,0.162842,0.207275,1.025635
3272019617,0.17334,0.205811,1.020996
3272024617,1.999939,1.999939,-2.0
3272029617,-2.0,1.999939,-2.0
3272034617,-1.990723,1.999939,1.999939
3272039617,-1.429688,1.49292,-2.0
3272044617,-0.178711,1.165527,-2.0
3272049617,-2.0,1.999939,0.371338
3272054617,-1.673584,0.339111,0.425049
3272059617,-1.213867,0.170166,-1.955811
3272064617,-2.0,1.594238,-2.0
3272069617,-0.373535,1.324219,-1.400635
3272074617,-1.533447,1.076904,-2.0
3272079617,0.195068,1.490967,0.835693
3272084617,-1.273682,1.875,-0.160645
3272089617,-0.573975,1.999939,1.767822
3272094617,-0.22583,1.999939,1.880859
3272099617,-0.074951,1.765625,1.999939
3272104617,-1.333984,0.91626,1.131592
3272109617,-0.189209,0.069824,0.420166
3272114617,0.267578,1.968018,0.511963
3272119617,0.44458,0.381592,1.999939
3272124617,0.154785,0.359619,1.227295
3272129617,-0.515625,0.979492,0.414307
3272134617,0.163086,1.98877,1.079102
3272139617,0.051758,1.999939,0.928467
3272144617,-0.740234,0.96167,1.189941
3272149617,0.138672,0.737793,1.236572
3272154617,-0.248535,0.971924,1.145996
3272159617,0.018799,1.636475,1.491699
3272164617,0.081543,0.211426,1.240234
3272169617,0.209229,0.759277,0.97998
3272174617,0.137695,1.416504,1.029541
3272179617,0.17334,0.612549,1.114014
3272184617,-0.284424,1.906006,0.792969
3272189617,0.095947,0.539307,0.808838
3272194617,0.225342,1.375977,1.114502
3272199617,0.240967,1.104248,0.986328
3272204617,0.19873,0.335938,1.003174
3272209617,0.245117,0.19873,1.107178
3272214617,0.144287,0.230225,1.061279
3272219617,0.261963,0.225342,1.186523
3272224617,0.242187,0.236084,1.206299
3272229617,0.249268,0.217285,1.10083
3272234617,0.181152,0.188721,1.058838
3272239617,0.157959,0.177734,0.928467
3272244617,0.183838,0.235596,0.95752
3272249617,0.082764,0.20874,0.882324
3272254617,0.149902,0.231201,0.935547
3272259617,0.123291,0.411133,0.946289
3272264617,0.085449,0.233643,0.871582
3272269617,0.152588,0.167236,0.997314
3272274617,0.201904,0.188721,1.061279
3272279617,0.19043,0.189697,1.074219
3272284617,0.189209,0.192627,1.063965
3272289617,0.134277,0.162109,1.018555
3272294617,0.184326,0.348145,1.125732
3272299617,0.248291,0.195312,1.164795
3272304617,0.183594,0.205811,1.084717
3272309617,0.183838,0.209473,1.002197
3272314617,0.19165,0.304932,0.966064
3272319617,0.110107,0.368408,0.981445
3272324617,0.160645,0.171875,0.974365
3272329617,0.09082,0.193115,0.793213
3272334617,0.129639,0.213135,0.884521
3272339617,0.153809,0.219238,1.000244
3272344617,0.13916,0.213623,0.937012
3272349617,0.182373,0.215332,0.970215
3272354617,0.199463,0.198975,0.936035
3272359617,0.106445,0.260254,0.981201
3272364617,0.107422,0.226562,0.961914
3272369617,0.126709,0.266113,0.814453
3272374617,0.083008,0.268799,0.874756
3272379617,0.143311,0.231201,0.844971
3272384617,0.091553,0.196045,0.930664
3272389617,0.158203,0.151367,0.776367
3272394617,0.147461,0.223633,0.907471
3272399617,0.052734,0.199463,0.869629
3272404617,0.203125,0.306885,1.073975
3272409617,0.141602,0.268799,0.95874
3272414617,0.197266,0.181885,1.011963
3272419617,0.104736,0.15625,0.873535
3272424617,0.033447,0.174805,0.747803
3272429617,0.126709,0.205566,0.967041
3272434617,0.182373,0.185547,1.053223
3272439617,0.187256,0.237549,1.081299
3272444617,0.168701,0.208496,1.019775
3272449617,0.154297,0.210449,0.974365
3272454617,0.159668,0.20166,1.0271
3272459617,0.180664,0.193604,1.022949
3272464617,0.170898,0.201416,1.021484
3272469617,0.166504,0.203125,1.026367
3272474617,0.165771,0.199951,1.015625
3272479617,0.158203,0.203613,0.994385
3272484617,0.177246,0.197998,1.023926
3272489617,0.183838,0.19751,1.021484
3272494617,0.166992,0.195801,1.009521
3272499617,0.16626,0.195557,1.019287
3272504617,0.167725,0.194336,1.006104
3272509617,0.170654,0.198242,1.008545
3272514617,0.177734,0.202637,1.026123
3272519617,0.171387,0.204834,1.021729
3272524617,0.163086,0.198486,1.003906
3272529617,0.168457,0.199219,1.019775
3272534617,0.179932,0.199951,1.019775
3272539617,0.172119,0.203613,1.016113
3272544617,0.180176,0.210937,1.029541
3272549617,0.169189,0.205322,1.010986
3272554617,0.167236,0.200928,1.012939
3272559617,0.172852,0.205322,1.021973
3272564617,0.176025,0.199219,1.01416
3272569617,0.164062,0.199951,1.011963
3272574617,0.164307,0.19873,1.019775
3272579617,0.16626,0.198975,1.013184
3272584617,0.173584,0.194336,1.01416
3272589617,0.18042,0.196289,1.022949
3272594617,0.173584,0.200195,1.01709
3272599617,0.162109,0.201904,1.011963
3272604617,0.167236,0.198975,1.012207
3272609617,0.170898,0.199951,1.01123
3272614617,0.178467,0.200928,1.021973
3272619617,0.178223,0.198975,1.027344
3272624617,0.165771,0.201416,1.015137
3272629617,0.159424,0.202148,1.012939
3272634617,0.165527,0.197998,1.012939
3272639617,0.17041,0.19751,1.016846
3272644617,0.172852,0.195801,1.017578
3272649617,0.163086,0.199219,1.022217
3272654617,0.158691,0.196289,1.021973
3272659617,0.161133,0.199707,1.013428
3272664617,0.16626,0.196045,1.007568
3272669617,0.17334,0.194824,1.017578
3272674617,0.170654,0.19751,1.019775
3272679617,0.168945,0.203369,1.018066
3272684617,0.162109,0.19873,1.013184
3272689617,0.168213,0.200684,1.01416
3272694617,0.176025,0.204346,1.025635
3272699617,0.178467,0.199463,1.012695
3272704617,0.17334,0.202148,1.016846
3272709617,0.166992,0.197754,1.013672
3272714617,0.166992,0.199463,1.010986
3272719617,0.166748,0.201416,1.023193
3272724617,0.171631,0.202881,1.018799
3272729617,0.171143,0.203857,1.012451
3272734617,0.166992,0.199219,1.019043
3272739617,0.17041,0.198975,1.015137
3272744617,0.17041,0.200928,1.010742
3272749617,0.175049,0.198975,1.02417
3272754617,0.173584,0.198975,1.019287
3272759617,0.168457,0.204102,1.015869
3272764617,0.168945,0.197998,1.013672
3272769617,0.17041,0.198486,1.017822
3272774617,0.170654,0.20166,1.018066
3272779617,0.169922,0.196045,1.008789
3272784617,0.169434,0.202881,1.010742
3272789617,0.175293,0.206299,1.029297
3272794617,0.173096,0.200684,1.011475
3272799617,0.16748,0.19873,1.015137
3272804617,0.17041,0.199219,1.013916
3272809617,0.169434,0.201172,1.023193
3272814617,0.174072,0.207031,1.020996
3272819617,0.166016,0.198242,1.018799
3272824617,0.164551,0.20166,1.01709
3272829617,0.171875,0.204102,1.017334
3272834617,0.168701,0.198975,1.018311
3272839617,0.166016,0.194824,1.016602
3272844617,0.171631,0.194824,1.015381
3272849617,0.171875,0.192627,1.020996
3272854617,0.17041,0.193848,1.016357
3272859617,0.171631,0.194092,1.010254
3272864617,0.172363,0.197754,1.025146
3272869617,0.166016,0.193604,1.015625
3272874617,0.165527,0.199219,1.018555
3272879617,0.169678,0.195801,1.008789
3272884617,0.169678,0.202148,1.010498
3272889617,0.169922,0.202393,1.023926
3272894617,0.161377,0.206543,1.019287
3272899617,0.166992,0.202393,1.015625
3272904617,0.167236,0.208252,1.022461
3272909617,0.168701,0.205811,1.022705
3272914617,0.172363,0.203369,1.016113
3272919617,0.175293,0.208496,1.01416
3272924617,0.172852,0.201416,1.021484
3272929617,0.171875,0.206055,1.024414
3272934617,0.176514,0.199951,1.012207
3272939617,0.168945,0.191895,1.010498
3272944617,0.170166,0.197998,1.018555
3272949617,0.169434,0.195801,1.007813
3272954617,0.170654,0.193604,1.013672
3272959617,0.162598,0.197266,1.012451
3272964617,0.167236,0.192139,1.014648
3272969617,0.164307,0.195068,1.018311
3272974617,0.165039,0.19873,1.009277
3272979617,0.164307,0.198975,1.012207
3272984617,0.172363,0.200684,1.013428
3272989617,0.168457,0.202393,1.018066
3272994617,0.173584,0.203125,1.023682
3272999617,0.171631,0.206055,1.016113
3273004617,0.171631,0.208008,1.023438
3273009617,0.171387,0.202881,1.016602
3273014617,0.167236,0.206787,1.009277
3273019617,0.171143,0.204346,1.023438
3273024617,0.166016,0.204834,1.022461
3273029617,0.167969,0.204102,1.025146
3273034617,0.162598,0.199951,1.023193
3273039617,0.164307,0.202148,1.017822
3273044617,0.169189,0.200684,1.019287
3273049617,0.172119,0.195801,1.012207
3273054617,0.172852,0.194336,1.00708
3273059617,0.170898,0.196289,1.01709
3273064617,0.168213,0.201904,1.016113
3273069617,0.168945,0.199707,1.014404
3273074617,0.17627,0.198975,1.014404
3273079617,0.173584,0.199951,1.020264
3273084617,0.172119,0.199463,1.01416
3273089617,0.169922,0.200439,1.014648
3273094617,0.168945,0.198242,1.014893
3273099617,0.166992,0.200928,1.025146
3273104617,0.168213,0.198486,1.022217
3273109617,0.169678,0.199707,1.018311
3273114617,0.168701,0.20459,1.020996
3273119617,0.165527,0.203857,1.013916
3273124617,0.167236,0.201904,1.018555
3273129617,0.171631,0.200684,1.009521
3273134617,0.173096,0.198242,1.019775
3273139617,0.169189,0.205078,1.010986
3273144617,0.174316,0.200439,1.011475
3273149617,0.176025,0.202393,1.02002
3273154617,0.171387,0.203369,1.003662
3273159617,0.170898,0.200684,1.018555
3273164617,0.171631,0.200928,1.023193
3273169617,0.170166,0.200684,1.01709
3273174617,0.167725,0.198486,1.019287
3273179617,0.169678,0.200195,1.022949
3273184617,0.170166,0.200439,1.011719
3273189617,0.164062,0.195068,1.012451
3273194617,0.171631,0.205322,1.026367
3273199617,0.166016,0.20166,1.023438
3273204617,0.173828,0.202148,1.014404
3273209617,0.174316,0.208496,1.022461
3273214617,0.165527,0.210205,1.015137
3273219617,0.170166,0.202881,1.016846
3273224617,0.170654,0.200439,1.01416
3273229617,0.169434,0.197266,1.019287
3273234617,0.170898,0.198486,1.017578
3273239617,0.170654,0.201416,1.017578
3273244617,0.174316,0.196533,1.02124
3273249617,0.168213,0.201904,1.016357
3273254617,0.162598,0.196533,1.014404
3273259617,0.167236,0.199219,1.016846
3273264617,0.163818,0.201416,1.017334
3273269617,0.163086,0.19751,1.019531
3273274617,0.168457,0.199951,1.015381
3273279617,0.168457,0.200928,1.012207
3273284617,0.169434,0.209229,1.016113
3273289617,0.172119,0.205078,1.020264
3273294617,0.171143,0.205811,1.02124
3273299617,0.171387,0.202881,1.014404
3273304617,0.173584,0.208252,1.017822
3273309617,0.172363,0.206787,1.017822
3273314617,0.17749,0.201172,1.02124
3273319617,0.174072,0.199951,1.020508
3273324617,0.168701,0.199219,1.015381
3273329617,0.167236,0.197266,1.014404
3273334617,0.168945,0.197266,1.028076
3273339617,0.162598,0.196045,1.007568
3273344617,0.173828,0.203613,1.025146
3273349617,0.170898,0.200439,1.010986
3273354617,0.166504,0.196289,1.002197
3273359617,0.159912,0.196777,1.009033
3273364617,0.16626,0.200439,1.018066
3273369617,0.171631,0.200439,1.020264
3273374617,0.172852,0.205566,1.015869
3273379617,0.16748,0.200684,1.016113
3273384617,0.173584,0.203369,1.020508
3273389617,0.171875,0.201416,1.026123
3273394617,0.16748,0.200684,1.017334
3273399617,0.173096,0.201416,1.017822
3273404617,0.171875,0.199463,1.019775
3273409617,0.17041,0.199463,1.016357
3273414617,0.172607,0.196045,1.013672
3273419617,0.169922,0.199219,1.015625
3273424617,0.164062,0.200684,1.019287
3273429617,0.166504,0.197266,1.010742
3273434617,0.169434,0.201416,1.015137
3273439617,0.176514,0.199951,1.020508
3273444617,0.175781,0.200439,1.020264
3273449617,0.172852,0.208984,1.026611
3273454617,0.158691,0.203613,1.008301
3273459617,0.166504,0.193359,1.006592
3273464617,0.178955,0.20166,1.021973
3273469617,0.167236,0.203369,1.023193
3273474617,0.172607,0.198486,1.015381
3273479617,0.174072,0.200439,1.019531
3273484617,0.16748,0.195801,1.013672
3273489617,0.167236,0.19873,1.019775
3273494617,0.167725,0.204834,1.011963
3273499617,0.16333,0.203125,1.013672
3273504617,0.165527,0.195801,0.999756
3273509617,0.175293,0.194336,1.017822
3273514617,0.173584,0.202148,1.021973
3273519617,0.169434,0.203613,1.016357
3273524617,0.174072,0.201416,1.016602
3273529617,0.170898,0.201904,1.014648
3273534617,0.169678,0.20166,1.016602
3273539617,0.172119,0.206299,1.019043
3273544617,0.168701,0.199463,1.018066
3273549617,0.170654,0.197266,1.013672
3273554617,0.169922,0.199707,1.023438
3273559617,0.172607,0.199707,1.016846
3273564617,0.171387,0.199463,1.015869
3273569617,0.166992,0.202148,1.013428
3273574617,0.171875,0.201416,1.023926
3273579617,0.171143,0.200928,1.013428
3273584617,0.1604,0.194092,1.005859
3273589617,0.163574,0.198975,1.022949
3273594617,0.174561,0.208252,1.026123
3273599617,0.174561,0.209717,1.034668
3273604617,0.177002,0.197266,1.015137
3273609617,0.176514,0.19873,1.001465
3273614617,0.171387,0.206055,1.021729
3273619617,0.181885,0.206787,1.029785
3273624617,0.174805,0.19043,1.009033
3273629617,0.173828,0.201416,1.020508
3273634617,0.172363,0.205078,1.017334
3273639617,0.167969,0.195068,1.001953
3273644617,0.172363,0.19751,1.01123
3273649617,0.172119,0.20459,1.022949
3273654617,0.167236,0.205811,1.01709
3273659617,0.171387,0.204102,1.020264
3273664617,0.17041,0.205078,1.018555
3273669617,0.165039,0.199219,1.009277
3273674617,0.175049,0.206299,1.030762
3273679617,0.171143,0.209229,1.01709
3273684617,0.172607,0.198242,1.016602
3273689617,0.177002,0.202393,1.018311
3273694617,0.175781,0.205566,1.015381
3273699617,0.172607,0.206299,1.017334
3273704617,0.18042,0.204346,1.016357
3273709617,0.175049,0.197754,1.013184
3273714617,0.172119,0.201904,1.014648
3273719617,0.173584,0.198486,1.015869
3273724617,0.170898,0.197021,1.012451
3273729617,0.170166,0.199951,1.01416
3273734617,0.171875,0.201904,1.024414
3273739617,0.166992,0.20166,1.019531
3273744617,0.163818,0.19873,1.020264
3273749617,0.166748,0.19751,1.018311
3273754617,0.169189,0.200439,1.017822
3273759617,0.172852,0.201904,1.016846
3273764617,0.171387,0.204102,1.023682
3273769617,0.171875,0.201172,1.020752
3273774617,0.170654,0.199951,1.021484
3273779617,0.172363,0.20459,1.013916
3273784617,0.171387,0.202881,1.014893
3273789617,0.17749,0.202881,1.015869
3273794617,0.173828,0.203125,1.014893
3273799617,0.174316,0.200439,1.015625
3273804617,0.176025,0.197754,1.016357
3273809617,0.174316,0.202881,1.018066
3273814617,0.174561,0.203125,1.010986
3273819617,0.171143,0.19873,1.018066
3273824617,0.17041,0.199707,1.011963
3273829617,0.173096,0.202393,1.022461
3273834617,0.172852,0.197266,1.020996
3273839617,0.169189,0.20166,1.015625
3273844617,0.16626,0.201904,1.014404
3273849617,0.162354,0.200439,1.013916
3273854617,0.170166,0.202393,1.010986
3273859617,0.165039,0.202393,1.020508
3273864617,0.166504,0.202637,1.018066
3273869617,0.169189,0.202148,1.019287
3273874617,0.169189,0.202393,1.01416
3273879617,0.169678,0.198486,1.015869
3273884617,0.17334,0.200684,1.013184
3273889617,0.17041,0.198242,1.016113
3273894617,0.170166,0.202881,1.018799
3273899617,0.176025,0.200195,1.016113
3273904617,0.174561,0.200684,1.016357
3273909617,0.171143,0.200928,1.020996
3273914617,0.173584,0.20166,1.018799
3273919617,0.169189,0.201416,1.019287
3273924617,0.175781,0.203125,1.02417
3273929617,0.168701,0.195068,1.02002
3273934617,0.169434,0.198242,1.02417
3273939617,0.171143,0.197998,1.020508
3273944617,0.17041,0.200195,1.022705
3273949617,0.173584,0.201904,1.02417
3273954617,0.175049,0.202881,1.014893
3273959617,0.170166,0.203613,1.016113
3273964617,0.174072,0.202881,1.015625
3273969617,0.171631,0.197021,1.02124
3273974617,0.170654,0.197998,1.023438
3273979617,0.169922,0.201904,1.016113
3273984617,0.16626,0.202393,1.022705
3273989617,0.172119,0.20459,1.015869
3273994617,0.168457,0.197266,1.01123
3273999617,0.171875,0.198975,1.016357
3274004617,0.171875,0.201416,1.017334
3274009617,0.17041,0.199463,1.020752
3274014617,0.170898,0.200195,1.017334
3274019617,0.175049,0.201904,1.021973
3274024617,0.169678,0.198975,1.013184
3274029617,0.170166,0.199463,1.018311
3274034617,0.172119,0.199951,1.01709
3274039617,0.174316,0.204834,1.018799
3274044617,0.169678,0.19873,1.021484
3274049617,0.172119,0.199951,1.018311
3274054617,0.166504,0.197266,1.017578
3274059617,0.168701,0.202881,1.020752
3274064617,0.173096,0.199707,1.018311
3274069617,0.171875,0.20166,1.011963
3274074617,0.169189,0.202148,1.02124
3274079617,0.168701,0.199707,1.013672
3274084617,0.169189,0.201172,1.015625
3274089617,0.169189,0.203125,1.02124
3274094617,0.164062,0.201904,1.018555
3274099617,0.167969,0.200684,1.009521
3274104617,0.171631,0.204102,1.017578
3274109617,0.16748,0.202881,1.019043
3274114617,0.166992,0.199463,1.017822
3274119617,0.169189,0.20166,1.014893
3274124617,0.169922,0.200195,1.018799
3274129617,0.16626,0.199463,1.017822
3274134617,0.168457,0.200928,1.022949
3274139617,0.171143,0.19873,1.020752
3274144617,0.172119,0.198975,1.020996
3274149617,0.165039,0.196289,1.015381
3274154617,0.165771,0.198975,1.013672
3274159617,0.169434,0.19873,1.015625
3274164617,0.17334,0.197998,1.015625
3274169617,0.167725,0.197021,1.025391
3274174617,0.16748,0.200928,1.015625
3274179617,0.164307,0.196777,1.013916
3274184617,0.172607,0.199463,1.016113
3274189617,0.175049,0.202393,1.020752
3274194617,0.178955,0.200684,1.023193
3274199617,0.17627,0.205078,1.013184
3274204617,0.172852,0.203369,1.013672
3274209617,0.172119,0.204346,1.013916
3274214617,0.170654,0.200195,1.018066
3274219617,0.173584,0.199707,1.021973
3274224617,0.17749,0.200684,1.019775
3274229617,0.17334,0.198242,1.016357
3274234617,0.166748,0.198486,1.01709
3274239617,0.169189,0.19873,1.021484
3274244617,0.164551,0.204834,1.019287
3274249617,0.174561,0.197266,1.017822
3274254617,0.169434,0.197021,1.016357
3274259617,0.170166,0.202148,1.015625
3274264617,0.166748,0.194824,1.012939
3274269617,0.172852,0.200684,1.019531
3274274617,0.171631,0.202881,1.017822
3274279617,0.171387,0.199463,1.015137
3274284617,0.172363,0.200439,1.015137
3274289617,0.172607,0.203857,1.015625
3274294617,0.172119,0.199463,1.013184
3274299617,0.168945,0.199463,1.017334
3274304617,0.168945,0.200928,1.026855
3274309617,0.169189,0.197266,1.016846
3274314617,0.173096,0.203369,1.018311
3274319617,0.164795,0.196533,1.018066
3274324617,0.164062,0.194824,1.012695
3274329617,0.162842,0.202148,1.01416
3274334617,0.168213,0.200195,1.019775
3274339617,0.166504,0.202637,1.019043
3274344617,0.168457,0.204834,1.020264
3274349617,0.16626,0.206543,1.019043
3274354617,0.166992,0.200195,1.020996
3274359617,0.168457,0.199219,1.019775
3274364617,0.169434,0.201416,1.002197
3274369617,0.171875,0.209473,1.01709
3274374617,0.175781,0.202881,1.022461
3274379617,0.175293,0.19751,1.012695
3274384617,0.174072,0.197998,1.021729
3274389617,0.173096,0.199707,1.013184
3274394617,0.172607,0.19751,1.019043
3274399617,0.170166,0.196533,1.016846
3274404617,0.171631,0.20166,1.016846
3274409617,0.168945,0.197754,1.012451
3274414617,0.170654,0.201904,1.015137
3274419617,0.169434,0.204102,1.027832
3274424617,0.170898,0.200439,1.013184
3274429617,0.164551,0.19751,1.015381
3274434617,0.168701,0.200928,1.021484
3274439617,0.168213,0.203125,1.012207
3274444617,0.169678,0.202148,1.020508
3274449617,0.168945,0.202881,1.020752
3274454617,0.171387,0.203613,1.015381
3274459617,0.169189,0.202881,1.011719
3274464617,0.174805,0.202393,1.016113
3274469617,0.176758,0.200684,1.023682
3274474617,0.170166,0.195801,1.013672
3274479617,0.168457,0.20166,1.016113
3274484617,0.172607,0.197266,1.015381
3274489617,0.167236,0.19751,1.016113
3274494617,0.165771,0.200195,1.011475
3274499617,0.168457,0.199707,1.021729
3274504617,0.164062,0.201416,1.011475
3274509617,0.163086,0.195801,1.013184
3274514617,0.16748,0.199219,1.014648
3274519617,0.169678,0.204102,1.01416
3274524617,0.168213,0.202393,1.018799
3274529617,0.169922,0.204346,1.010254
3274534617,0.172852,0.200195,1.019531
3274539617,0.169922,0.197266,1.019043
3274544617,0.169922,0.203125,1.011719
3274549617,0.171875,0.201904,1.014404
3274554617,0.169678,0.200195,1.019775
3274559617,0.172363,0.19751,1.013184
3274564617,0.168701,0.197021,1.012695
3274569617,0.168213,0.199219,1.013184
3274574617,0.17334,0.201416,1.015381
3274579617,0.167725,0.198975,1.019287
3274584617,0.168701,0.203369,1.014404
3274589617,0.16333,0.198242,1.02124
3274594617,0.171631,0.198242,1.024902
3274599617,0.17749,0.202393,1.020264
3274604617,0.177002,0.200439,1.016357
3274609617,0.172607,0.202637,1.019775
3274614617,0.174316,0.200684,1.018311
3274619617,0.174805,0.200928,1.017578
3274624617,0.172607,0.204102,1.019287
3274629617,0.16748,0.203369,1.01416
3274634617,0.168213,0.200684,1.015869
3274639617,0.170166,0.19873,1.017334
3274644617,0.168945,0.195557,1.009521
3274649617,0.169434,0.194336,1.021973
3274654617,0.165527,0.201904,1.013916
3274659617,0.167969,0.203125,1.017578
3274664617,0.169189,0.201904,1.02002
3274669617,0.171387,0.199219,1.019531
3274674617,0.173584,0.203613,1.017334
3274679617,0.167969,0.201904,1.008789
3274684617,0.168213,0.201904,1.015137
3274689617,0.174561,0.20166,1.019531
3274694617,0.169434,0.205078,1.015381
3274699617,0.169434,0.201172,1.010254
3274704617,0.171875,0.200684,1.017822
3274709617,0.17041,0.203369,1.020752
3274714617,0.169922,0.201904,1.014648
3274719617,0.169922,0.19873,1.015625
3274724617,0.169922,0.20166,1.024658
3274729617,0.168457,0.20166,1.014404
3274734617,0.16748,0.199463,1.022705
3274739617,0.170166,0.201416,1.012695
3274744617,0.167969,0.201172,1.018311
3274749617,0.172119,0.203857,1.018311
3274754617,0.169434,0.198975,1.015137
3274759617,0.175293,0.203857,1.010986
3274764617,0.168457,0.201904,1.018555
3274769617,0.168945,0.201172,1.023438
3274774617,0.171631,0.202881,1.016113
3274779617,0.165527,0.198486,1.012695
3274784617,0.17041,0.194824,1.015381
3274789617,0.171143,0.199951,1.019287
3274794617,0.16626,0.198975,1.022461
3274799617,0.173828,0.198486,1.022217
3274804617,0.169189,0.199951,1.018311
3274809617,0.16748,0.198486,1.009766
3274814617,0.17041,0.200195,1.01709
3274819617,0.168213,0.195312,1.013672
3274824617,0.170898,0.198242,1.014648
3274829617,0.167969,0.200195,1.014893
3274834617,0.172852,0.202393,1.01709
3274839617,0.169922,0.208008,1.017578
3274844617,0.171387,0.202881,1.016113
3274849617,0.168945,0.206055,1.01416
3274854617,0.175293,0.202148,1.028076
3274859617,0.166504,0.203125,1.018311
3274864617,0.168213,0.19458,1.01123
3274869617,0.171387,0.205078,1.017578
3274874617,0.166992,0.202637,1.01123
3274879617,0.173828,0.199707,1.019775
3274884617,0.180176,0.200684,1.017822
3274889617,0.170654,0.203369,1.008545
3274894617,0.172119,0.201416,1.008057
3274899617,0.175537,0.200195,1.018799
3274904617,0.175293,0.19458,1.025146
3274909617,0.173584,0.198242,1.021484
3274914617,0.169678,0.201172,1.019043
3274919617,0.170898,0.200928,1.012695
3274924617,0.169922,0.202881,1.019775
3274929617,0.17041,0.197754,1.016113
3274934617,0.169189,0.200195,1.016602
3274939617,0.175781,0.200928,1.019775
3274944617,0.171631,0.197266,1.018311
3274949617,1.999939,-2.0,-2.0
3274954617,-0.348145,1.292236,-2.0
3274959617,-1.333496,1.820068,1.999939
3274964617,-0.9646,-0.424316,-2.0
3274969617,0.685059,0.537842,-2.0
3274974617,-2.0,1.999939,0.403076
3274979617,-0.63501,1.999939,-2.0
3274984617,-1.234619,1.192139,1.999939
3274989617,0.170898,0.555664,1.999939
3274994617,0.591064,0.134277,1.999939
3274999617,0.190186,0.077637,1.20874
3275004617,-0.940186,0.137939,-2.0
3275009617,-1.503174,1.641846,0.808594
3275014617,-0.75708,1.672119,1.469971
3275019617,-1.484619,0.374023,1.666992
3275024617,0.182373,0.584229,1.13623
3275029617,0.121826,0.219971,0.773682
3275034617,0.21875,0.064697,0.865967
3275039617,0.147705,0.172119,1.005371
3275044617,0.181641,0.249756,1.013428
3275049617,0.181641,0.236572,1.044678
3275054617,0.191162,0.201904,1.077148
3275059617,0.143799,0.20874,1.02417
3275064617,0.192139,1.999939,-2.0
3275069617,-0.092773,1.797607,-2.0
3275074617,-0.583008,1.999939,0.248535
3275079617,-1.178711,0.883301,0.136719
3275084617,-0.337402,1.230225,-2.0
3275089617,-0.489014,1.129639,-1.567383
3275094617,-1.306396,0.746094,1.142822
3275099617,-1.158447,1.360107,-0.026611
3275104617,0.201904,0.284424,1.668701
3275109617,0.162842,0.171875,1.070068
3275114617,-1.211914,1.194336,-1.0896
3275119617,-0.31958,1.785156,1.128906
3275124617,0.279785,0.45459,1.097412
3275129617,0.156982,0.187744,1.034668
3275134617,0.150146,0.203369,1.052979
3275139617,0.19165,0.1604,1.042969
3275144617,0.186279,0.213867,1.03833
3275149617,0.141846,0.1875,1.015381
3275154617,0.166748,0.188232,0.987305
3275159617,0.165771,0.190918,0.9729
3275164617,0.172607,0.19458,1.009766
3275169617,0.176025,0.195068,1.04834
3275174617,0.167725,0.198242,1.025146
3275179617,0.172607,0.216309,1.024658
3275184617,0.174316,0.222168,1.030273
3275189617,0.165283,0.230957,1.020264
3275194617,0.163086,0.218262,1.004395
3275199617,0.170166,0.203857,1.025879
3275204617,0.181885,0.204102,1.031982
3275209617,0.173828,0.199707,1.023926
3275214617,0.166748,0.208496,1.02002
3275219617,0.16333,0.208984,1.019043
3275224617,0.168213,0.208008,1.015869
3275229617,0.171143,0.199707,1.01709
3275234617,0.172363,0.188721,1.012451
3275239617,0.174561,0.178711,1.01709
3275244617,0.168945,0.182617,1.008789
3275249617,0.169678,0.195068,1.012207
3275254617,0.166748,0.206787,1.02124
3275259617,0.172119,0.207764,1.018311
3275264617,0.16748,0.199951,1.019043
3275269617,0.16748,0.191895,1.016602
3275274617,0.16626,0.189209,1.010986
3275279617,0.177002,0.192627,1.020264
3275284617,0.167725,0.209961,1.024414
3275289617,0.166504,0.220947,1.022217
3275294617,0.168213,0.21875,1.02002
3275299617,0.165527,0.209229,1.022217
3275304617,0.166992,0.20166,1.015869
3275309617,0.169678,0.192871,1.01416
3275314617,0.165039,0.197266,1.008301
3275319617,0.171387,0.202637,1.01416
3275324617,0.169922,0.208008,1.019287
3275329617,0.16748,0.204102,1.012695
3275334617,0.172119,0.201172,1.017334
3275339617,0.168701,0.188965,1.012207
3275344617,0.159668,0.183105,1.002441
3275349617,0.166992,0.189453,1.013428
3275354617,0.166504,0.200195,1.018066
3275359617,0.168213,0.208496,1.013672
3275364617,0.160645,0.203125,1.017578
3275369617,0.166504,0.202881,1.01416
3275374617,0.169678,0.196777,1.015137
3275379617,0.171143,0.194336,1.017334
3275384617,0.172363,0.198242,1.013428
3275389617,0.169434,0.206787,1.026123
3275394617,0.168213,0.2146,1.019043
3275399617,0.164551,0.208252,1.014893
3275404617,0.168213,0.205322,1.019287
3275409617,0.163086,0.196777,1.013672
3275414617,0.171143,0.196777,1.017822
3275419617,0.164795,0.19873,1.016357
3275424617,0.161865,0.200439,1.012207
3275429617,0.166992,0.205811,1.021484
3275434617,0.168213,0.204834,1.02124
3275439617,0.171143,0.19458,1.015137
3275444617,0.166992,0.194824,1.016357
3275449617,0.167236,0.193604,1.013916
3275454617,0.175781,0.199707,1.019287
3275459617,0.172363,0.199463,1.016602
3275464617,0.172607,0.207031,1.02002
3275469617,0.17041,0.207275,1.014893
3275474617,0.171875,0.195801,1.018066
3275479617,0.170654,0.199951,1.017578
3275484617,0.170166,0.194824,1.019043
3275489617,0.177979,0.205078,1.019287
3275494617,0.169678,0.208496,1.021729
3275499617,0.165527,0.206787,1.01709
3275504617,0.16748,0.205078,1.015869
3275509617,0.167236,0.196533,1.018066
3275514617,0.172119,0.194336,1.022461
3275519617,0.172119,0.200439,1.017822
3275524617,0.168945,0.205322,1.012207
3275529617,0.170654,0.200439,1.024414
3275534617,0.170166,0.200928,1.015137
3275539617,0.177002,0.202637,1.015625
3275544617,0.171387,0.199707,1.018311
3275549617,0.164795,0.193115,1.013916
3275554617,0.165039,0.19873,1.017578
3275559617,0.171143,0.201172,1.015381
3275564617,0.168457,0.205811,1.015625
3275569617,0.168457,0.206055,1.017578
3275574617,0.168213,0.20166,1.021729
3275579617,0.172852,0.19873,1.018311
3275584617,0.172363,0.198242,1.01709
3275589617,0.171387,0.200928,1.013916
3275594617,0.17041,0.20166,1.018066
3275599617,0.17334,0.202881,1.014404
3275604617,0.169678,0.199707,1.018799
3275609617,0.170898,0.205078,1.015381
3275614617,0.170654,0.193359,1.017822
3275619617,0.168701,0.197998,1.017822
3275624617,0.169434,0.199463,1.013428
3275629617,0.168457,0.201172,1.018311
3275634617,0.166748,0.20166,1.015869
3275639617,0.164795,0.204102,1.016602
3275644617,0.17041,0.199951,1.022217
3275649617,0.16626,0.200928,1.014893
3275654617,0.169189,0.203857,1.018066
3275659617,0.170654,0.200684,1.017578
3275664617,0.170898,0.206055,1.020508
3275669617,0.171631,0.206055,1.024658
3275674617,0.169189,0.200684,1.016602
3275679617,0.167725,0.200195,1.020752
3275684617,0.171387,0.19751,1.015137
3275689617,0.171875,0.202393,1.011719
3275694617,0.172119,0.19873,1.016846
3275699617,0.167725,0.202393,1.016846
3275704617,0.168701,0.201904,1.020264
3275709617,0.164551,0.200684,1.018066
3275714617,0.161377,0.200928,1.01416
3275719617,0.16626,0.199707,1.02002
3275724617,0.167236,0.200195,1.020996
3275729617,0.167236,0.201904,1.016846
3275734617,0.16748,0.203613,1.013672
3275739617,0.172607,0.197021,1.02002
3275744617,0.168701,0.203857,1.012695
3275749617,0.169678,0.199463,1.012939
3275754617,0.167969,0.199219,1.013672
3275759617,0.173096,0.198486,1.012695
3275764617,0.169434,0.199219,1.016846
3275769617,0.171387,0.201416,1.024658
3275774617,0.169678,0.202637,1.015137
3275779617,0.172852,0.205566,1.019287
3275784617,0.173584,0.206055,1.016113
3275789617,0.172363,0.203857,1.016846
3275794617,0.166016,0.199951,1.012939
3275799617,0.168213,0.203125,1.018066
3275804617,0.166504,0.205566,1.032227
3275809617,0.165771,0.203857,1.022461
3275814617,0.16748,0.203613,1.015137
3275819617,0.175293,0.20459,1.025146
3275824617,0.164551,0.199707,1.00708
3275829617,0.16626,0.20166,1.017578
3275834617,0.169678,0.202637,1.017334
3275839617,0.16748,0.19751,1.019531
3275844617,0.171143,0.201416,1.018799
3275849617,0.171143,0.20166,1.018311
3275854617,0.171631,0.19873,1.015381
3275859617,0.171875,0.200439,1.02002
3275864617,0.172363,0.19873,1.011475
3275869617,0.173828,0.202637,1.013184
3275874617,0.169434,0.204102,1.015625
3275879617,0.173584,0.202393,1.013672
3275884617,0.171875,0.199463,1.021484
3275889617,0.174072,0.20459,1.018799
3275894617,0.171387,0.201904,1.012451
3275899617,0.16748,0.205811,1.021973
3275904617,0.168945,0.20459,1.019531
3275909617,0.163574,0.202148,1.015625
3275914617,0.162842,0.200195,1.010742
3275919617,0.166748,0.202637,1.018555
3275924617,0.162842,0.204102,1.017578
3275929617,0.166504,0.199463,1.025635
3275934617,0.167969,0.203857,1.011719
3275939617,0.167236,0.200439,1.020752
3275944617,0.167725,0.197998,1.020264
3275949617,0.174316,0.19751,1.020752
3275954617,0.175049,0.197754,1.012939
3275959617,0.17334,0.196045,1.019531
3275964617,0.175293,0.193359,1.017334
3275969617,0.172119,0.200439,1.015869
3275974617,0.171143,0.200439,1.013428
3275979617,0.170898,0.198486,1.020508
3275984617,0.16333,0.20166,1.01709
3275989617,0.164307,0.199463,1.013184
3275994617,0.164551,0.201904,1.02002
3275999617,0.166748,0.205322,1.027588
3276004617,0.162109,0.205322,1.021729
3276009617,0.16748,0.209717,1.020264
3276014617,0.161377,0.207031,1.025391
3276019617,0.169189,0.20459,1.01709
3276024617,0.168213,0.202393,1.014648
3276029617,0.171631,0.202148,1.020264
3276034617,0.17041,0.198242,1.016357
3276039617,0.172607,0.200195,1.018555
3276044617,0.174072,0.199463,1.017578
3276049617,0.177002,0.199219,1.018555
3276054617,0.174316,0.199463,1.012451
3276059617,0.172119,0.198242,1.015381
3276064617,0.167236,0.196533,1.015381
3276069617,0.168457,0.19751,1.016602
3276074617,0.169434,0.200928,1.015381
3276079617,0.16626,0.202393,1.01709
3276084617,0.168457,0.201904,1.012939
3276089617,0.167725,0.200439,1.01709
3276094617,0.168213,0.203613,1.019531
3276099617,0.173096,0.202881,1.020264
3276104617,0.170654,0.203613,1.021484
3276109617,0.16748,0.204834,1.020752
3276114617,0.16748,0.20752,1.013428
3276119617,0.170166,0.205811,1.016602
3276124617,0.168457,0.200684,1.01416
3276129617,0.166504,0.19873,1.021484
3276134617,0.16626,0.200684,1.018555
3276139617,0.163574,0.200195,1.02124
3276144617,0.164307,0.198975,1.01709
3276149617,0.167969,0.192627,1.018555
3276154617,0.168945,0.194092,1.020508
3276159617,0.167969,0.195312,1.024902
3276164617,0.165283,0.199707,1.019775
3276169617,0.167725,0.196045,1.010986
3276174617,0.168457,0.199463,1.01709
3276179617,0.168457,0.20459,1.015137
3276184617,0.170654,0.20459,1.015625
3276189617,0.170654,0.203125,1.019531
3276194617,0.166504,0.206787,1.019043
3276199617,0.166992,0.206787,1.009033
3276204617,0.170166,0.203369,1.013916
3276209617,0.174316,0.206299,1.012695
3276214617,0.173096,0.210205,1.020264
3276219617,0.168945,0.207764,1.01416
3276224617,0.166992,0.202637,1.013672
3276229617,0.171387,0.200195,1.027588
3276234617,0.170654,0.199219,1.014404
3276239617,0.17041,0.19458,1.011475
3276244617,0.168945,0.196045,1.019043
3276249617,0.168213,0.19751,1.023438
3276254617,0.169189,0.203125,1.009033
3276259617,0.171387,0.199463,1.009766
3276264617,0.16626,0.193848,1.01709
3276269617,0.169922,0.203613,1.013916
3276274617,0.167969,0.198242,1.018799
3276279617,0.170654,0.199463,1.009033
3276284617,0.16626,0.203125,1.015625
3276289617,0.171387,0.203369,1.02417
3276294617,0.169922,0.198975,1.016113
3276299617,0.16748,0.204102,1.012939
3276304617,0.170898,0.204346,1.019775
3276309617,0.168457,0.207031,1.019775
3276314617,0.164062,0.203613,1.020508
3276319617,0.17041,0.207764,1.021484
3276324617,0.161865,0.201904,1.020752
3276329617,0.164551,0.201416,1.018311
3276334617,0.168701,0.205566,1.018555
3276339617,0.166504,0.195312,1.019287
3276344617,0.165527,0.199463,1.012939
3276349617,0.168701,0.202881,1.017578
3276354617,0.168213,0.19751,1.024658
3276359617,0.171875,0.195312,1.017822
3276364617,0.171387,0.198486,1.016357
3276369617,0.174072,0.198975,1.010986
3276374617,0.169189,0.200439,1.019287
3276379617,0.171387,0.194824,1.015137
3276384617,0.174316,0.199951,1.016602
3276389617,0.167236,0.20459,1.019775
3276394617,0.166016,0.205811,1.018066
3276399617,0.163818,0.203125,1.016357
3276404617,0.167969,0.206543,1.017334
3276409617,0.16626,0.204834,1.023193
3276414617,0.164551,0.206543,1.020752
3276419617,0.16626,0.203613,1.015137
3276424617,0.163574,0.202637,1.013672
3276429617,0.166504,0.199951,1.020996
3276434617,0.170654,0.197998,1.021729
3276439617,0.17041,0.199951,1.014893
3276444617,0.172852,0.196045,1.011475
3276449617,0.178223,0.198242,1.016846
3276454617,0.173828,0.197266,1.01123
3276459617,0.168213,0.196289,1.009277
3276464617,0.17041,0.196045,1.016602
3276469617,0.168213,0.196777,1.015869
3276474617,0.168945,0.200439,1.018311
3276479617,0.169678,0.197021,1.009521
3276484617,0.164551,0.200439,1.02002
3276489617,0.157959,0.191406,1.009521
3276494617,0.165283,0.205811,1.025879
3276499617,0.166992,0.210693,1.026123
3276504617,0.162842,0.195557,1.008057
3276509617,0.174561,0.214111,1.019531
3276514617,0.175293,0.206543,1.019043
3276519617,0.178955,0.207275,0.987793
3276524617,0.166748,0.208496,0.996338
3276529617,0.16626,0.192627,1.005127
3276534617,0.168945,0.195312,1.006836
3276539617,0.189209,0.252197,1.033203
3276544617,0.196533,0.174072,1.08252
3276549617,0.185059,0.196533,1.057617
3276554617,0.174072,0.208252,1.019043
3276559617,0.1604,0.195557,1.012207
3276564617,0.172852,0.207031,1.019043
3276569617,0.164062,0.216309,1.020996
3276574617,0.167969,0.214111,1.029541
3276579617,0.168213,0.224609,1.025146
3276584617,0.161133,0.215576,1.016846
3276589617,0.16333,0.202148,1.013184
3276594617,0.17041,0.207764,1.026611
3276599617,0.160645,0.194336,1.014404
3276604617,0.166748,0.192627,1.002441
3276609617,0.174316,0.189453,1.013428
3276614617,0.154541,0.184326,0.988281
3276619617,0.171387,0.18335,1.010742
3276624617,0.168701,0.180908,1.003418
3276629617,0.168701,0.178711,1.009277
3276634617,0.174316,0.185547,1.005859
3276639617,0.174561,0.200439,1.022949
3276644617,0.168945,0.201172,1.023682
3276649617,0.170654,0.207275,1.016602
3276654617,0.165039,0.211182,1.021484
3276659617,0.171631,0.203613,1.011475
3276664617,0.173096,0.19873,1.010742
3276669617,0.17041,0.192871,1.015625
3276674617,0.167969,0.199219,1.017334
3276679617,0.166016,0.2146,1.00708
3276684617,0.158691,0.18335,0.994873
3276689617,0.172607,0.201904,1.025635
3276694617,0.155518,0.228516,1.050049
3276699617,0.169189,0.219482,1.037598
3276704617,0.157959,0.228271,1.023682
3276709617,0.155762,0.223877,1.005127
3276714617,0.159668,0.225342,1.008789
3276719617,0.161133,0.219971,1.015625
3276724617,0.197998,0.238037,1.072021
3276729617,0.16626,0.235596,1.052246
3276734617,0.177979,0.191162,0.969238
3276739617,0.164307,0.196777,1.013672
3276744617,0.169922,0.180908,1.014893
3276749617,0.174316,0.178467,1.010254
3276754617,0.165771,0.180664,1.011963
3276759617,0.177979,0.171143,1.007568
3276764617,0.167236,0.181885,1.019531
3276769617,0.166016,0.198486,1.019287
3276774617,0.166504,0.200439,0.999512
3276779617,0.162354,0.218018,1.020508
3276784617,0.172852,0.245605,1.008301
3276789617,0.157471,0.240479,1.001709
3276794617,0.189697,0.293457,1.065186
3276799617,0.121094,0.230957,1.038574
3276804617,0.1521,0.243652,1.045898
3276809617,0.17334,0.254395,1.034668
3276814617,0.135498,0.234131,0.996094
3276819617,0.161865,0.187744,1.014404
3276824617,0.263428,0.277588,1.130615
3276829617,0.124268,0.13501,0.964355
3276834617,0.196533,0.125488,1.014404
3276839617,0.085449,-0.049316,0.816895
3276844617,0.286865,0.055664,1.033936
3276849617,0.197021,0.155762,1.049805
3276854617,0.181885,0.158691,0.988037
3276859617,0.187744,0.2146,0.970947
3276864617,0.173584,0.190918,1.055176
3276869617,0.189697,0.31543,1.097656
3276874617,0.185791,0.254883,1.019531
3276879617,0.104248,0.343994,1.079102
3276884617,0.126465,0.289795,1.025635
3276889617,0.13501,0.289307,1.044678
3276894617,0.135254,0.25708,1.041504
3276899617,0.19043,0.226074,1.048096
3276904617,0.155518,0.210449,1.022461
3276909617,0.161865,0.245117,1.039307
3276914617,0.172119,0.213379,1.017334
3276919617,0.181152,0.205566,1.029297
3276924617,0.17041,0.181152,1.02124
3276929617,0.173096,0.124512,0.995605
3276934617,0.184082,0.121338,0.984131
3276939617,0.190918,0.141357,1.017334
3276944617,0.174316,0.156006,1.013672
3276949617,0.177246,0.157715,0.995361
3276954617,0.168213,0.139648,0.981445
3276959617,0.178467,0.132324,0.978516
3276964617,0.172363,0.133789,0.993652
3276969617,0.178223,0.168457,1.021729
3276974617,0.173584,0.201172,1.04126
3276979617,0.161621,0.217773,1.029297
3276984617,0.171875,0.245117,1.035156
3276989617,0.167725,0.248291,1.029297
3276994617,0.161133,0.23877,1.023682
3276999617,0.1604,0.23877,1.024414
3277004617,0.16333,0.236816,1.03418
3277009617,0.166504,0.243408,1.031738
3277014617,0.159668,0.258057,1.029541
3277019617,0.165771,0.256836,1.037598
3277024617,0.174316,0.227295,1.029785
3277029617,0.173828,0.203613,1.018311
3277034617,0.170166,0.188721,1.025635
3277039617,0.177979,0.182861,1.017578
3277044617,0.169922,0.176514,1.006592
3277049617,0.170654,0.17334,0.999512
3277054617,0.174805,0.159912,0.995605
3277059617,0.175781,0.151123,0.994873
3277064617,0.174561,0.142822,0.996094
3277069617,0.175537,0.151611,0.983154
3277074617,0.169434,0.16626,0.998779
3277079617,0.169434,0.188232,1.017334
3277084617,0.166504,0.203125,1.020752
3277089617,0.171143,0.205078,1.020508
3277094617,0.168945,0.218018,1.029785
3277099617,0.171387,0.225586,1.028809
3277104617,0.170654,0.233154,1.024658
3277109617,0.168457,0.067139,0.753662
3277114617,0.158691,0.226562,1.076904
3277119617,0.020264,0.538086,1.208984
3277124617,0.181396,0.227539,0.912842
3277129617,0.052734,0.15918,0.937012
3277134617,0.130127,0.416016,1.046387
3277139617,0.119873,0.214844,0.923828
3277144617,0.118652,0.183105,0.907227
3277149617,0.226318,0.171875,0.961182
3277154617,0.309326,0.256104,1.401611
3277159617,0.153564,-0.002441,0.885742
3277164617,0.164551,0.141113,0.743896
3277169617,0.234375,0.232422,1.178711
3277174617,0.166504,0.201904,1.084473
3277179617,0.178467,0.140869,0.986084
3277184617,0.175781,0.125,0.993652
3277189617,0.189697,0.247803,1.028076
3277194617,0.158936,0.367676,1.07959
3277199617,0.124023,0.349121,1.026611
3277204617,0.142578,0.300293,1.028809
3277209617,0.175781,0.197266,1.01416
3277214617,0.167969,0.167969,1.00293
3277219617,0.163574,0.187744,1.006104
3277224617,0.166504,0.24585,1.034668
3277229617,0.168213,0.276367,1.054443
3277234617,0.171875,0.26416,1.041992
3277239617,0.177979,0.190918,1.020752
3277244617,0.183105,0.135498,1.018311
3277249617,0.183838,0.094727,0.94873
3277254617,0.197021,0.193604,0.966797
3277259617,0.154541,0.372559,1.22876
3277264617,0.086426,0.211914,0.551758
3277269617,0.225098,0.069336,1.240234
3277274617,0.118164,0.036377,0.972168
3277279617,0.235352,0.101074,1.012695
3277284617,0.18335,0.130615,1.0271
3277289617,0.187988,0.233154,1.033447
3277294617,0.164062,0.186279,1.007568
3277299617,0.176758,0.204834,1.02002
3277304617,0.189941,0.192627,1.009521
3277309617,0.171875,0.202393,1.019531
3277314617,0.165771,0.255859,1.040039
3277319617,0.163818,0.303955,1.021973
3277324617,0.158936,0.321045,1.043457
3277329617,0.162354,0.2854,1.041748
3277334617,0.171387,0.224854,1.027344
3277339617,0.171143,0.206787,1.02002
3277344617,0.171387,0.204102,1.017822
3277349617,0.172119,0.212646,1.013428
3277354617,0.169678,0.216064,1.028076
3277359617,0.182373,0.167236,1.001221
3277364617,0.178223,0.130371,0.987793
3277369617,0.180908,0.101807,0.989258
3277374617,0.185547,0.111084,0.988525
3277379617,0.186768,0.140625,1.000244
3277384617,0.189209,0.169922,1.002197
3277389617,0.191895,0.177002,1.008057
3277394617,0.189941,0.168457,1.006592
3277399617,0.175781,0.219482,1.04541
3277404617,0.217041,0.220459,1.007813
3277409617,0.148437,0.265869,1.037354
3277414617,0.151367,0.25415,1.035889
3277419617,0.164795,0.264404,1.019775
3277424617,0.156982,0.254883,1.037354
3277429617,0.165527,0.250488,1.011719
3277434617,0.258057,0.274414,0.893555
3277439617,0.153809,0.319092,1.058594
3277444617,0.140381,0.299561,1.039551
3277449617,0.098145,0.270264,1.049072
3277454617,0.158447,0.219238,1.041504
3277459617,0.175781,0.192383,1.028564
3277464617,0.190674,0.175049,1.02124
3277469617,0.182129,0.189209,1.021973
3277474617,0.197998,0.154541,0.999512
3277479617,0.18457,0.11084,0.955322
3277484617,0.184326,0.105225,0.928467
3277489617,0.174316,0.114746,0.945557
3277494617,0.16333,0.151855,1.0271
3277499617,0.185791,0.16626,1.025146
3277504617,0.185791,0.180908,1.028564
3277509617,0.170898,0.213379,1.030029
3277514617,0.165527,0.224121,1.031738
3277519617,0.168945,0.23584,1.010498
3277524617,0.15332,0.264404,1.01123
3277529617,0.172363,0.264648,1.071289
3277534617,0.141357,0.180664,1.008545
3277539617,0.186523,0.250732,1.025635
3277544617,0.172607,0.157959,0.987061
3277549617,0.17627,0.161133,0.997314
3277554617,0.19165,0.151123,0.989258
3277559617,0.172119,0.171143,1.007568
3277564617,0.178467,0.194092,1.020752
3277569617,0.179687,0.210693,1.023926
3277574617,0.173828,0.205811,1.030029
3277579617,0.173096,0.221191,1.022217
3277584617,0.167725,0.242676,1.026367
3277589617,0.166748,0.253906,1.027344
3277594617,0.165039,0.263916,1.040283
3277599617,0.166016,0.252197,1.024414
3277604617,0.171631,0.243896,1.023682
3277609617,0.166016,0.235352,1.028076
3277614617,0.173828,0.223145,1.024414
3277619617,0.171631,0.222412,1.023682
3277624617,0.174316,0.205811,1.026611
3277629617,0.180908,0.183594,1.010742
3277634617,0.172852,0.181152,1.01416
3277639617,0.171631,0.176025,1.010254
3277644617,0.175781,0.193359,1.037598
3277649617,0.19458,0.172607,1.068848
3277654617,0.181152,0.165039,0.972412
3277659617,0.166016,0.141602,0.975342
3277664617,0.182373,0.162598,0.996094
3277669617,0.176514,0.179687,1.002686
3277674617,0.173828,0.192383,1.019287
3277679617,0.170166,0.190918,1.012451
3277684617,0.175781,0.195801,1.006104
3277689617,0.176758,0.198975,1.015137
3277694617,0.171875,0.203613,1.018555
3277699617,0.172607,0.209229,1.020752
3277704617,0.169434,0.223877,1.020996
3277709617,0.171143,0.235107,1.021973
3277714617,0.172607,0.23999,1.022949
3277719617,0.169922,0.231934,1.024902
3277724617,0.171143,0.224121,1.019043
3277729617,0.172119,0.215088,1.012939
3277734617,0.175537,0.214111,1.022217
3277739617,0.172852,0.214355,1.02124
3277744617,0.167725,0.215332,1.021973
3277749617,0.171387,0.211426,1.015137
3277754617,0.170654,0.195068,1.018311
3277759617,0.17749,0.17749,1.013428
3277764617,0.176758,0.171631,1.006104
3277769617,0.178955,0.176025,1.015625
3277774617,0.179443,0.178711,1.013916
3277779617,0.176514,0.189697,1.016113
3277784617,0.177002,0.193359,1.016846
3277789617,0.176514,0.192139,1.014648
3277794617,0.174072,0.192627,1.005371
3277799617,0.175049,0.191406,1.013184
3277804617,0.171875,0.202148,1.012695
3277809617,0.171631,0.213135,1.018311
3277814617,0.167725,0.219238,1.026611
3277819617,0.167725,0.226074,1.023926
3277824617,0.172852,0.219971,1.020264
3277829617,0.173096,0.217285,1.020752
3277834617,0.170654,0.213379,1.026611
3277839617,0.177002,0.210205,1.018311
3277844617,0.173828,0.215332,1.019531
3277849617,0.173584,0.213379,1.018799
3277854617,0.172607,0.209229,1.022705
3277859617,0.181396,0.201172,1.022217
3277864617,0.177002,0.193115,1.005371
3277869617,0.179199,0.187256,1.011963
3277874617,0.174805,0.193115,1.005615
3277879617,0.174561,0.192627,1.016602
3277884617,0.174072,0.198486,1.011963
3277889617,0.172852,0.198486,1.007324
3277894617,0.171143,0.197266,1.00708
3277899617,0.175537,0.186035,1.016113
3277904617,0.17627,0.190918,1.010254
3277909617,0.175049,0.193604,1.019043
3277914617,0.175293,0.200684,1.014648
3277919617,0.176514,0.211182,1.02002
3277924617,0.175537,0.217285,1.024414
3277929617,0.173096,0.216309,1.016113
3277934617,0.175537,0.215088,1.016113
3277939617,0.17334,0.214355,1.013916
3277944617,0.173584,0.213379,1.018066
3277949617,0.17041,0.21582,1.018066
3277954617,0.170166,0.215088,1.013916
3277959617,0.171143,0.210693,1.016602
3277964617,0.172363,0.200439,1.020752
3277969617,0.175293,0.197998,1.016357
3277974617,0.176758,0.192871,1.013428
3277979617,0.176514,0.195557,1.009766
3277984617,0.178467,0.196533,1.012451
3277989617,0.177734,0.196777,1.020264
3277994617,0.175049,0.195801,1.010742
3277999617,0.177979,0.195068,1.008545
3278004617,0.175293,0.193359,1.012695
3278009617,0.179687,0.197754,1.01001
3278014617,0.171875,0.197998,1.01123
3278019617,0.169434,0.203857,1.012939
3278024617,0.171143,0.208008,1.019043
3278029617,0.171143,0.210937,1.017822
3278034617,0.168701,0.210693,1.015625
3278039617,0.173584,0.208984,1.015625
3278044617,0.173584,0.207031,1.018311
3278049617,0.173828,0.208008,1.016602
3278054617,0.175293,0.202637,1.019775
3278059617,0.178955,0.212646,1.015137
3278064617,0.177734,0.209473,1.018555
3278069617,-1.220459,1.483887,-2.0
3278074617,-1.208984,0.242187,0.68335
3278079617,-0.160645,0.696533,-0.097412
3278084617,-0.209229,0.529297,0.760254
3278089617,0.218506,0.531738,1.167236
3278094617,0.280029,0.335938,1.310791
3278099617,0.161621,0.766357,1.095947
3278104617,0.17749,0.317383,0.94458
3278109617,0.169434,1.999939,0.166016
3278114617,-0.025635,1.287109,1.121826
3278119617,0.249268,0.340576,1.181885
3278124617,0.033203,1.385498,-0.789307
3278129617,-0.161377,0.839355,0.535156
3278134617,0.2771,0.224121,1.505371
3278139617,0.185059,0.24707,1.200928
3278144617,0.137451,0.391113,0.97168
3278149617,0.117676,0.301025,1.037354
3278154617,0.210205,1.460938,1.004883
3278159617,0.150635,0.246826,1.102051
3278164617,0.183838,0.228271,1.015869
3278169617,0.180908,0.192139,0.999268
3278174617,0.168701,0.205566,1.004883
3278179617,0.17041,0.198486,1.017822
3278184617,0.189209,0.180664,1.040771
3278189617,0.169434,0.189453,1.007813
3278194617,0.175293,0.190186,0.999512
3278199617,-0.324707,0.852295,-1.986328
3278204617,-0.168701,0.505615,-0.724365
3278209617,-0.894043,0.11084,0.541504
3278214617,-0.003418,0.225342,1.299561
3278219617,0.072021,0.58252,1.07373
3278224617,0.22583,0.44873,1.000244
3278229617,0.105469,0.995605,1.043457
3278234617,0.131836,0.311035,0.013184
3278239617,0.018311,1.369141,0.80957
3278244617,0.159668,1.621094,0.800293
3278249617,0.126465,0.257813,0.960693
3278254617,0.210205,0.356689,1.01416
3278259617,0.193848,0.212158,1.019043
3278264617,0.173096,0.203125,1.033447
3278269617,0.174072,0.210693,1.005615
3278274617,0.180908,0.196777,0.994873
3278279617,0.176514,0.20166,1.01123
3278284617,0.177734,0.205078,1.008545
3278289617,0.176758,0.183105,1.012695
3278294617,0.173096,0.177979,1.014893
3278299617,0.174561,0.17749,1.014404
3278304617,0.176514,0.195557,1.017822
3278309617,0.177979,0.208008,1.01416
3278314617,0.169678,0.210937,1.006836
3278319617,0.169678,0.197021,1.019775
3278324617,0.175781,0.195557,1.022949
3278329617,0.17627,0.195801,1.014893
3278334617,0.175049,0.203369,1.018799
3278339617,0.166504,0.214355,1.016846
3278344617,0.16748,0.222168,1.012207
3278349617,0.166992,0.21875,1.019531
3278354617,0.174316,0.206299,1.022705
3278359617,0.173584,0.198486,1.013916
3278364617,0.176514,0.191162,1.013184
3278369617,0.172119,0.196045,1.017578
3278374617,0.171631,0.200928,1.019531
3278379617,0.176514,0.201172,1.021973
3278384617,0.178467,0.199707,1.022217
3278389617,0.176758,0.188721,1.018799
3278394617,0.178955,0.179932,1.015869
3278399617,0.177246,0.183105,1.013184
3278404617,0.177979,0.189453,1.009521
3278409617,0.177734,0.203369,1.010742
3278414617,0.172363,0.206543,1.018555
3278419617,0.172119,0.201904,1.014893
3278424617,0.171631,0.20166,1.013916
3278429617,0.172119,0.201416,1.02002
3278434617,0.174805,0.203613,1.020508
3278439617,0.168457,0.207275,1.027588
3278444617,0.172607,0.214355,1.020996
3278449617,0.172119,0.217529,1.019287
3278454617,0.173584,0.210937,1.025391
3278459617,0.172607,0.202148,1.020264
3278464617,0.176758,0.200684,1.016602
3278469617,0.174805,0.197021,1.011475
3278474617,0.171875,0.200684,1.008301
3278479617,0.175293,0.204102,1.012939
3278484617,0.171875,0.200195,1.014404
3278489617,0.172852,0.19751,1.008057
3278494617,0.173828,0.193359,1.009277
3278499617,0.171387,0.19043,1.012451
3278504617,0.173584,0.191895,1.008789
3278509617,0.172119,0.199219,1.014404
3278514617,0.174561,0.200195,1.024658
3278519617,0.17627,0.203125,1.018311
3278524617,0.178467,0.204834,1.022949
3278529617,0.175537,0.199707,1.011475
3278534617,0.173584,0.204346,1.014648
3278539617,0.176758,0.205078,1.010254
3278544617,0.177246,0.20874,1.01709
3278549617,0.176514,0.210937,1.015625
3278554617,0.183594,0.210205,1.016113
3278559617,0.175781,0.205322,1.022461
3278564617,0.17627,0.19873,1.007813
3278569617,0.175781,0.198242,1.014648
3278574617,0.171143,0.196289,1.013916
3278579617,0.169678,0.194824,1.014893
3278584617,0.171875,0.195801,1.020996
3278589617,0.174072,0.198242,1.016602
3278594617,0.177002,0.194336,1.014893
3278599617,0.175049,0.189941,1.010742
3278604617,0.177246,0.189209,1.011963
3278609617,-2.0,-2.0,-2.0
3278614617,1.999939,1.999939,-2.0
3278619617,-0.788086,1.999939,1.999939
3278624617,-2.0,1.481934,1.999939
3278629617,-1.048584,1.999939,-0.891602
3278634617,-1.091797,-0.057617,-0.837646
3278639617,-1.309082,0.445801,-0.611572
3278644617,-0.49292,1.625732,-1.811279
3278649617,-0.010742,1.303955,1.27124
3278654617,0.08667,1.049072,1.114502
3278659617,-0.315674,1.106934,-2.0
3278664617,0.171387,1.999939,0.227051
3278669617,0.107178,0.135742,1.253662
3278674617,-1.040039,1.58374,-2.0
3278679617,-1.522217,1.338867,1.342041
3278684617,-1.166504,0.285645,1.055176
3278689617,0.022705,0.183838,1.036133
3278694617,0.158936,0.266357,1.036377
3278699617,0.190186,0.532227,1.074219
3278704617,0.172607,0.217041,1.048584
3278709617,0.183105,0.214355,1.001221
3278714617,-0.911377,1.999939,-2.0
3278719617,-0.978027,0.005127,-2.0
3278724617,-0.236572,-0.037109,-2.0
3278729617,-0.832764,0.514404,-2.0
3278734617,0.289795,0.30957,1.246826
3278739617,0.108154,0.185059,0.91748
3278744617,0.127441,0.679932,0.343994
3278749617,0.133301,0.894775,0.950195
3278754617,0.638184,0.316895,0.687012
3278759617,0.243652,0.234619,1.231689
3278764617,0.111084,0.114502,0.869141
3278769617,0.205078,0.137939,1.046387
3278774617,0.167725,0.195068,0.99292
3278779617,0.19165,0.210693,1.001709
3278784617,0.084229,0.254883,1.470703
3278789617,0.200439,0.182861,0.834473
3278794617,0.137939,0.225342,1.008057
3278799617,0.166504,0.191895,1.044678
3278804617,0.184814,0.185303,1.004395
3278809617,0.172363,0.199707,1.024414
3278814617,0.161133,0.212891,1.03125
3278819617,0.17334,0.212158,1.011719
3278824617,0.172363,0.240479,1.001465
3278829617,0.161621,0.206055,0.978516
3278834617,0.158447,0.184814,0.996826
3278839617,0.157471,0.174805,0.985352
3278844617,0.182373,0.174805,1.001221
3278849617,0.173584,0.197266,1.011963
3278854617,0.18335,0.223389,1.057861
3278859617,0.171387,0.223633,1.003174
3278864617,0.150146,0.201416,0.994629
3278869617,0.181152,0.185059,1.043945
3278874617,0.179199,0.18457,1.004639
3278879617,0.186035,0.170898,0.998291
3278884617,0.147461,0.233154,1.020996
3278889617,0.188477,0.208008,1.031494
3278894617,0.17334,0.218262,1.032715
3278899617,0.189453,0.205811,1.036621
3278904617,0.164307,0.185303,0.992187
3278909617,0.179443,0.17041,1.012695
3278914617,0.169678,0.200684,1.019287
3278919617,0.178467,0.198486,1.014404
3278924617,0.164307,0.225342,1.020752
3278929617,0.180664,0.213379,1.029785
3278934617,0.175293,0.201416,1.008789
3278939617,0.171387,0.186279,1.007324
3278944617,0.175293,0.185791,1.00415
3278949617,0.174805,0.195557,1.011719
3278954617,0.178955,0.211182,1.026123
3278959617,0.171875,0.214844,1.021729
3278964617,0.169434,0.212402,1.02124
3278969617,0.169434,0.205078,1.016113
3278974617,0.174561,0.194336,1.015625
3278979617,0.175293,0.196533,1.022217
3278984617,0.171631,0.199951,1.015625
3278989617,0.175537,0.169922,0.988281
3278994617,0.179443,0.134277,1.003662
3278999617,0.18457,0.168213,1.02832
3279004617,0.184326,0.13208,0.994141
3279009617,0.17334,0.152344,0.97583
3279014617,0.178711,0.187744,1.014648
3279019617,0.187988,0.25293,1.076904
3279024617,0.195312,0.217041,1.012451
3279029617,0.138184,0.22876,1.035889
3279034617,0.156982,0.288818,1.030273
3279039617,0.161377,0.230225,1.003418
3279044617,0.147705,0.267578,1.028076
3279049617,0.162598,0.265869,1.030273
3279054617,0.168213,0.237549,1.012207
3279059617,0.158447,0.239014,1.023682
3279064617,0.161621,0.221924,1.010498
3279069617,0.17041,0.218506,1.009277
3279074617,0.165283,0.22583,1.027344
3279079617,0.168457,0.223145,1.030273
3279084617,0.167236,0.221436,1.006348
3279089617,0.163574,0.219238,1.009033
3279094617,0.174561,0.2146,1.023682
3279099617,0.183838,0.211914,1.025879
3279104617,0.184082,0.20874,1.025146
3279109617,0.186035,0.1875,1.007324
3279114617,0.178955,0.203369,1.02832
3279119617,0.172607,0.199951,1.004883
3279124617,0.153809,0.199463,1.015625
3279129617,0.155762,0.212891,1.016602
3279134617,0.154053,0.202881,1.012939
3279139617,0.161133,0.207275,1.047363
3279144617,0.188232,0.192383,1.014404
3279149617,0.170654,0.198975,1.003662
3279154617,0.178711,0.190186,1.026611
3279159617,0.16626,0.196533,1.00293
3279164617,0.184082,0.1604,0.983643
3279169617,0.17627,0.168457,1.012207
3279174617,0.168945,0.172363,1.005127
3279179617,0.181152,0.16626,0.991455
3279184617,0.172363,0.149414,0.996826
3279189617,0.228271,0.196777,1.023926
3279194617,0.168701,0.193115,1.023193
3279199617,0.192871,0.152832,1.041504
3279204617,0.187988,0.204102,0.976807
3279209617,0.160645,0.164795,1.020752
3279214617,0.159424,0.246338,1.030518
3279219617,0.177734,0.235107,1.034424
3279224617,0.147217,0.271484,1.0
3279229617,0.16333,0.253418,1.0271
3279234617,0.16748,0.252441,1.014404
3279239617,0.164551,0.239502,1.033203
3279244617,0.147217,0.249268,0.994873
3279249617,0.180664,0.240723,1.045166
3279254617,0.184082,0.256836,1.059814
3279259617,0.184082,0.218018,1.024658
3279264617,0.186768,0.201904,1.059326
3279269617,0.165527,0.175049,1.02832
3279274617,0.171143,0.161133,1.006104
3279279617,0.177734,0.141846,0.995117
3279284617,0.185547,0.141113,0.994629
3279289617,0.180176,0.136719,0.983643
3279294617,0.180176,0.14209,0.97876
3279299617,0.180908,0.133789,0.972656
3279304617,0.184082,0.149658,0.990723
3279309617,0.175781,0.17041,1.012939
3279314617,0.174805,0.187744,1.019043
3279319617,0.173096,0.206787,1.031982
3279324617,0.173828,0.22998,1.04248
3279329617,0.174316,0.238281,1.027344
3279334617,0.164795,0.234375,1.026123
3279339617,0.162354,0.240723,1.025879
3279344617,0.167236,0.239014,1.026611
3279349617,0.17041,0.245605,1.032959
3279354617,0.167236,0.255615,1.03418
3279359617,0.165283,0.251221,1.025391
3279364617,0.166016,0.245117,1.023438
3279369617,0.166992,0.236084,1.022705
3279374617,0.174072,0.218506,1.016846
3279379617,0.177734,0.197021,1.020508
3279384617,0.166016,0.193604,1.027344
3279389617,0.175049,0.180664,1.012695
3279394617,0.174072,0.171631,1.009277
3279399617,0.17749,0.156982,0.999512
3279404617,0.177002,0.140137,0.990479
3279409617,0.178467,0.138672,0.989014
3279414617,0.176758,0.147217,0.994629
3279419617,0.171631,0.167236,0.999268
3279424617,0.174072,0.184082,1.015381
3279429617,0.177979,0.192871,1.01709
3279434617,0.172119,0.198975,1.013916
3279439617,0.17334,0.210693,1.021484
3279444617,0.175537,0.225586,1.029297
3279449617,0.170898,0.234131,1.022949
3279454617,0.164307,0.243164,1.027832
3279459617,0.164551,0.244873,1.029541
3279464617,0.163574,0.243164,1.032715
3279469617,0.165771,0.236816,1.0354
3279474617,0.165283,0.233154,1.034424
3279479617,0.169189,0.22583,1.016846
3279484617,0.185059,0.183838,0.969482
3279489617,0.069824,0.101074,0.613281
3279494617,0.141602,0.126709,1.177979
3279499617,0.230469,0.203857,1.003174
3279504617,0.149414,0.153564,0.94458
3279509617,0.187012,0.065918,0.998779
3279514617,0.190918,0.172119,0.973877
3279519617,0.179443,0.142578,1.001221
3279524617,0.196777,0.224609,1.061523
3279529617,0.151611,0.179932,1.013672
3279534617,0.184082,0.201416,1.003174
3279539617,0.183105,0.175293,1.011475
3279544617,0.177246,0.171875,1.022461
3279549617,0.176514,0.192871,1.027832
3279554617,0.169434,0.25293,1.078125
3279559617,0.145264,0.169434,0.963623
3279564617,0.222412,0.240967,1.048096
3279569617,0.133057,0.333008,1.120605
3279574617,0.171631,0.151367,0.980469
3279579617,0.15625,0.238525,1.011963
3279584617,0.166748,0.269775,1.029297
3279589617,0.15918,0.238525,1.02124
3279594617,0.155518,0.252441,1.045166
3279599617,0.149414,0.24585,1.022217
3279604617,0.182617,0.256592,1.046875
3279609617,0.169189,0.179443,1.003174
3279614617,0.179932,0.174805,1.025635
3279619617,0.203125,0.167725,1.005615
3279624617,0.204834,0.172607,1.00415
3279629617,0.185547,0.186768,1.015869
3279634617,0.177246,0.174316,0.993408
3279639617,0.173584,0.164795,0.992432
3279644617,0.172363,0.163818,0.993164
3279649617,0.166992,0.203369,1.029053
3279654617,0.199463,0.286377,1.068848
3279659617,0.11084,0.294189,1.006104
3279664617,0.169922,0.248047,1.024902
3279669617,0.173584,0.269775,0.995605
3279674617,0.17334,0.213867,1.022705
3279679617,0.097168,0.154541,0.807129
3279684617,0.147705,0.255127,1.111084
3279689617,0.181152,0.26416,1.056396
3279694617,0.188232,0.190186,0.960205
3279699617,0.179932,0.192871,0.993408
3279704617,0.1521,0.068848,0.95752
3279709617,0.182861,0.048584,0.95459
3279714617,0.177979,0.093994,0.981934
3279719617,0.16748,0.152344,0.991455
3279724617,0.189453,0.192627,1.013428
3279729617,0.193359,0.193848,1.022949
3279734617,0.174072,0.138428,1.021484
3279739617,0.192139,0.137695,1.016846
3279744617,0.180176,0.224365,1.075195
3279749617,0.185547,0.258057,1.012451
3279754617,0.125,0.343994,1.024414
3279759617,0.145752,0.34082,1.026123
3279764617,0.153076,0.302979,1.012695
3279769617,0.153809,0.276855,1.030273
3279774617,0.142822,0.256104,1.057373
3279779617,0.193848,0.243652,1.038574
3279784617,0.166504,0.250732,1.023438
3279789617,0.169922,0.265625,1.057861
3279794617,0.191895,0.241455,1.039063
3279799617,0.181396,0.191406,1.019287
3279804617,0.166504,0.128418,1.04248
3279809617,0.187256,0.075684,0.944336
3279814617,0.187012,0.09375,0.941406
3279819617,0.179199,0.147461,1.005371
3279824617,0.184082,0.135254,0.978516
3279829617,0.180664,0.128418,0.9646
3279834617,0.186035,0.124512,0.965576
3279839617,0.180664,0.122559,0.971436
3279844617,0.182861,0.121094,0.977783
3279849617,0.172607,0.157959,1.022217
3279854617,0.172363,0.203613,1.054443
3279859617,0.167236,0.249268,1.041504
3279864617,0.185303,0.252197,1.017334
3279869617,0.170898,0.248047,1.026855
3279874617,0.156494,0.23877,1.035645
3279879617,0.165771,0.230957,1.023438
3279884617,0.206055,0.103516,0.93335
3279889617,0.178223,0.402344,1.259521
3279894617,0.137695,0.275391,0.940918
3279899617,0.165283,0.198242,1.004883
3279904617,0.142578,0.271973,1.037354
3279909617,0.203125,0.243164,1.02002
3279914617,0.144531,0.193604,1.036133
3279919617,0.188721,0.200195,1.025879
3279924617,0.178223,0.142578,1.00708
3279929617,0.180664,0.160645,1.013184
3279934617,0.181885,0.154785,1.002441
3279939617,0.171143,0.128418,0.977783
3279944617,0.176758,0.13623,0.983154
3279949617,0.177246,0.158936,0.986572
3279954617,0.173096,0.170166,1.006592
3279959617,0.163086,0.186279,1.013184
3279964617,0.172363,0.218994,1.022461
3279969617,0.176514,0.22998,1.030762
3279974617,0.172363,0.239502,1.024658
3279979617,0.17041,0.241943,1.028564
3279984617,0.156738,0.228027,1.024414
3279989617,0.17749,0.233398,1.03125
3279994617,0.175049,0.235107,1.035889
3279999617,0.168945,0.234375,1.04541
3280004617,0.170166,0.231201,1.02417
3280009617,0.182861,0.219727,1.022461
3280014617,0.167969,0.188232,1.040283
3280019617,0.178223,0.18457,1.015869
3280024617,0.181396,0.162598,1.003174
3280029617,0.179443,0.161865,1.009766
3280034617,0.175537,0.159912,0.992432
3280039617,0.179199,0.143799,0.97998
3280044617,0.174561,0.147461,0.993164
3280049617,0.17041,0.144775,1.000977
3280054617,0.171387,0.154785,1.005371
3280059617,0.172607,0.172852,1.022949
3280064617,0.180664,0.190674,1.021973
3280069617,0.175293,0.196533,1.018311
3280074617,0.177246,0.202881,1.022705
3280079617,0.168457,0.233887,1.042969
3280084617,0.169189,0.266846,1.0271
3280089617,0.159912,0.283203,1.031982
3280094617,0.147461,0.278076,1.0271
3280099617,0.167969,0.248779,1.023193
3280104617,0.162842,0.244873,1.027832
3280109617,0.175781,0.230957,1.015381
3280114617,0.179687,0.204834,1.019043
3280119617,0.168457,0.196777,1.020508
3280124617,0.170166,0.198975,1.025635
3280129617,0.171631,0.164551,0.994873
3280134617,0.176514,0.131836,0.985596
3280139617,0.180176,0.13208,0.998779
3280144617,0.179443,0.143066,1.001221
3280149617,0.179932,0.170898,1.005127
3280154617,0.181641,0.23584,1.034912
3280159617,0.169434,0.239014,1.017578
3280164617,0.177979,0.249512,1.018555
3280169617,0.166016,0.235596,1.031738
3280174617,0.172607,0.216064,1.013184
3280179617,0.17041,0.226807,1.02417
3280184617,0.153564,0.249023,1.035889
3280189617,0.156738,0.275879,1.030029
3280194617,0.17334,0.29126,1.023682
3280199617,0.160156,0.222412,1.037598
3280204617,0.180176,0.176514,1.019531
3280209617,0.168213,0.160156,1.014404
3280214617,0.179443,0.169189,1.006348
3280219617,0.174072,0.196289,1.017822
3280224617,0.181885,0.197021,1.009521
3280229617,0.18457,0.189453,1.002686
3280234617,0.187744,0.133301,0.977539
3280239617,0.179199,0.141113,0.985596
3280244617,0.187012,0.129639,0.990967
3280249617,0.18042,0.159668,1.00708
3280254617,0.188232,0.19043,1.015137
3280259617,0.165039,0.242432,1.038818
3280264617,0.191162,0.224854,1.006348
3280269617,0.149902,0.233887,1.03125
3280274617,0.160645,0.218262,1.031494
3280279617,0.164795,0.242432,1.026123
3280284617,0.150391,0.243896,1.021973
3280289617,0.153076,0.261963,1.023682
3280294617,0.149902,0.270264,1.015381
3280299617,0.162842,0.23291,1.024414
3280304617,0.165527,0.208252,1.035156
3280309617,0.186768,0.165527,1.011475
3280314617,0.181885,0.163086,1.011719
3280319617,0.175781,0.180908,1.010986
3280324617,0.17334,0.248779,1.046143
3280329617,0.176758,0.200928,0.995605
3280334617,0.176025,0.20752,1.017578
3280339617,0.188965,0.189941,1.028076
3280344617,0.165039,0.174561,0.993652
3280349617,0.168945,0.226562,1.025146
3280354617,0.159912,0.250488,1.017334
3280359617,0.161133,0.259766,1.031982
3280364617,0.148682,0.236816,1.01001
3280369617,0.183594,0.198975,1.013916
3280374617,0.174316,0.186523,1.026123
3280379617,0.177734,0.178467,1.012207
3280384617,0.163574,0.206055,1.022705
3280389617,0.164551,0.218994,1.02124
3280394617,0.172119,0.219482,1.027344
3280399617,0.174072,0.196777,1.023438
3280404617,0.169678,0.179199,1.018799
3280409617,0.181396,0.166748,0.99585
3280414617,0.164307,0.201904,1.033691
3280419617,0.173828,0.213623,1.022217
3280424617,0.174072,0.218018,1.009766
3280429617,0.168213,0.219727,1.016357
3280434617,0.187012,0.189697,1.036377
3280439617,0.165527,0.178223,1.015869
3280444617,0.178223,0.15918,0.973633
3280449617,0.161621,0.163818,1.001709
3280454617,0.173096,0.193604,1.011475
3280459617,0.175781,0.201416,1.016602
3280464617,0.170166,0.202393,1.018799
3280469617,0.173828,0.178467,1.001465
3280474617,0.177979,0.166748,1.010986
3280479617,0.177246,0.179443,1.012695
3280484617,0.178711,0.191895,1.017578
3280489617,0.178467,0.2146,1.023438
3280494617,0.174561,0.231689,1.031006
3280499617,0.173096,0.224121,1.017578
3280504617,0.178711,0.215088,1.014648
3280509617,0.173828,0.208496,1.021729
3280514617,0.169189,0.204346,1.020508
3280519617,0.171387,0.21582,1.016846
3280524617,0.169189,0.223877,1.022461
3280529617,0.168701,0.22168,1.026367
3280534617,0.172119,0.212158,1.025391
3280539617,0.172363,0.199707,1.018311
3280544617,0.175049,0.18457,1.011719
3280549617,0.173096,0.175293,1.006104
3280554617,0.175049,0.185303,1.013672
3280559617,0.170166,0.199219,1.01123
3280564617,0.17334,0.201904,1.012207
3280569617,0.174805,0.195068,1.005615
3280574617,0.174316,0.188232,1.012695
3280579617,0.170898,0.184326,1.006104
3280584617,0.175049,0.187012,1.013184
3280589617,0.169434,0.198486,1.010986
3280594617,0.170898,0.207031,1.021729
3280599617,0.169189,0.210449,1.025635
3280604617,0.173584,0.210693,1.025146
3280609617,0.17041,0.200928,1.020264
3280614617,0.171631,0.197266,1.019043
3280619617,0.175293,0.19751,1.017334
3280624617,0.169434,0.20752,1.026123
3280629617,0.174316,0.212158,1.019287
3280634617,0.172363,0.215576,1.018311
3280639617,0.169434,0.208252,1.018799
3280644617,0.174072,0.197266,1.010742
3280649617,0.172363,0.191162,1.014404
3280654617,0.170166,0.189697,1.011963
3280659617,0.172363,0.200928,1.011475
3280664617,0.169922,0.20166,1.021484
3280669617,0.174316,0.203857,1.018555
3280674617,0.174072,0.200684,1.020508
3280679617,0.174072,0.190186,1.010254
3280684617,0.176758,0.191406,1.014404
3280689617,0.17627,0.196533,1.012451
3280694617,0.17627,0.206055,1.009521
3280699617,0.179687,0.205566,1.019043
3280704617,0.176514,0.20874,1.018066
3280709617,0.173584,0.201904,1.015625
3280714617,0.172852,0.201416,1.014648
3280719617,0.17334,0.198242,1.010742
3280724617,0.174072,0.197998,1.016113
3280729617,0.171631,0.207764,1.017822
3280734617,0.169434,0.203857,1.017334
3280739617,0.173584,0.203613,1.022461
3280744617,0.172852,0.202881,1.018066
3280749617,0.169678,0.197021,1.017822
3280754617,0.175293,0.190674,1.009521
3280759617,0.172852,0.195557,1.013916
3280764617,0.174072,0.203125,1.012939
3280769617,0.171631,0.206787,1.01123
3280774617,0.171387,0.20752,1.015869
3280779617,0.174316,0.202881,1.015869
3280784617,0.170898,0.203613,1.009033
3280789617,0.167969,0.195801,1.019531
3280794617,0.168457,0.198486,1.02002
3280799617,0.17041,0.199463,1.019287
3280804617,0.172607,0.200439,1.026367
3280809617,0.177002,0.199951,1.019775
3280814617,0.173828,0.194336,1.020996
3280819617,0.178467,0.186768,1.020752
3280824617,0.174072,0.192139,1.012451
3280829617,0.178223,0.194336,1.014893
3280834617,0.174316,0.201904,1.015381
3280839617,0.174805,0.202881,1.015869
3280844617,0.169678,0.20459,1.013428
3280849617,0.170898,0.199219,1.010742
3280854617,0.175293,0.199219,1.013916
3280859617,0.16626,0.197266,1.016602
3280864617,0.172119,0.201904,1.013428
3280869617,0.168457,0.208008,1.018311
3280874617,0.168945,0.207031,1.015625
3280879617,0.174561,0.204346,1.018066
3280884617,0.176758,0.200195,1.017822
3280889617,0.176514,0.198486,1.018311
3280894617,0.176758,0.199463,1.013428
3280899617,0.175781,0.205566,1.011719
3280904617,0.179687,0.206299,1.013184
3280909617,0.175781,0.203125,1.017334
3280914617,0.174072,0.198486,1.013672
3280919617,0.175049,0.196289,1.020996
3280924617,0.174561,0.197266,1.016846
3280929617,0.170166,0.196533,1.013916
3280934617,0.173828,0.196533,1.009521
3280939617,0.172852,0.199219,1.015869
3280944617,0.172607,0.20166,1.01709
3280949617,0.172119,0.197021,1.01709
3280954617,0.173584,0.202393,1.016602
3280959617,0.170166,0.199219,1.01709
3280964617,0.174561,0.202637,1.017334
3280969617,0.171143,0.206543,1.018066
3280974617,0.170898,0.207764,1.015869
3280979617,0.169434,0.204346,1.012695
3280984617,0.171143,0.206299,1.013428
3280989617,0.172852,0.200439,1.014893
3280994617,0.166748,0.199707,1.011475
3280999617,0.168457,0.200684,1.019775
3281004617,0.175781,0.198975,1.02002
3281009617,0.176025,0.199463,1.018066
3281014617,0.174561,0.194336,1.019775
3281019617,0.175293,0.195312,1.018066
3281024617,0.174072,0.196533,1.015381
3281029617,0.177002,0.193604,1.008301
3281034617,0.175781,0.191406,1.015869
3281039617,0.175537,0.196045,1.012939
3281044617,0.179932,0.201416,1.013184
3281049617,0.173584,0.201416,1.007324
3281054617,0.17627,0.200928,1.016113
3281059617,0.173828,0.203857,1.009277
3281064617,0.168945,0.203369,1.01001
3281069617,0.170166,0.205322,1.019531
3281074617,0.171875,0.208008,1.019043
3281079617,0.171875,0.207275,1.018555
3281084617,0.172363,0.20752,1.01416
3281089617,0.170166,0.202881,1.021973
3281094617,0.173828,0.202393,1.017334
3281099617,0.179932,0.202148,1.020508
3281104617,0.178223,0.202637,1.013672
3281109617,0.176514,0.199463,1.019775
3281114617,0.174561,0.199463,1.013184
3281119617,0.175537,0.201416,1.013184
3281124617,0.175293,0.197754,1.014404
3281129617,0.174561,0.196533,1.008057
3281134617,0.175049,0.197998,1.012939
3281139617,0.17334,0.197754,1.019043
3281144617,0.169434,0.20166,1.016357
3281149617,0.168701,0.20166,1.020752
3281154617,0.175781,0.198486,1.018799
3281159617,0.169189,0.201416,1.017334
3281164617,0.170166,0.194824,1.013672
3281169617,0.115479,0.040527,0.828613
3281174617,0.20166,0.255371,1.230957
3281179617,0.13501,0.251221,1.070557
3281184617,0.111084,0.125977,0.990723
3281189617,0.172119,0.261475,1.012695
3281194617,0.172363,0.232422,0.973389
3281199617,0.220459,0.234863,1.069336
3281204617,0.243652,0.240479,1.070068
3281209617,0.182373,0.243896,1.00293
3281214617,0.167236,0.250732,1.019775
3281219617,0.17334,0.253662,1.038086
3281224617,0.182129,0.230713,1.042236
3281229617,0.181885,0.23584,1.03418
3281234617,0.185059,0.235596,1.009277
3281239617,0.188965,0.222656,0.979492
3281244617,0.186279,0.167236,1.020752
3281249617,0.163086,0.134277,1.005127
3281254617,0.14624,0.129639,0.979492
3281259617,0.177002,0.148926,0.991699
3281264617,0.170166,0.134033,0.956787
3281269617,0.168457,0.194092,1.015869
3281274617,0.186768,0.178467,1.009033
3281279617,0.177734,0.142334,1.009033
3281284617,0.183594,0.14624,1.004883
3281289617,0.183594,0.165283,1.015625
3281294617,0.16626,0.239014,1.058594
3281299617,0.175049,0.289795,1.023438
3281304617,0.167725,0.28418,1.00708
3281309617,0.144287,0.271484,1.030518
3281314617,0.172607,0.233643,1.015625
3281319617,0.17749,0.223877,1.009277
3281324617,0.158691,0.240479,1.022705
3281329617,0.168457,0.241455,1.026611
3281334617,0.180664,0.227051,1.025391
3281339617,0.179687,0.200928,1.010742
3281344617,0.172607,0.143555,1.005859
3281349617,0.19165,0.124268,0.99292
3281354617,0.187256,0.125977,0.996094
3281359617,0.181885,0.185547,1.02124
3281364617,0.173828,0.223633,1.019775
3281369617,0.169922,0.233154,1.015869
3281374617,0.163818,0.236816,1.029541
3281379617,0.16333,0.231689,1.02002
3281384617,0.16748,0.227051,1.010254
3281389617,0.159912,0.245361,1.02124
3281394617,0.151855,0.256348,1.020508
3281399617,0.160156,0.248535,1.012695
3281404617,0.159668,0.234619,1.029785
3281409617,0.176514,0.200684,1.024414
3281414617,0.176758,0.154053,0.994873
3281419617,0.180908,0.147217,1.005859
3281424617,0.188721,0.150146,0.993408
3281429617,0.187256,0.180176,1.017578
3281434617,0.183594,0.205078,1.020752
3281439617,0.181396,0.201416,1.01709
3281444617,0.182129,0.19873,1.01709
3281449617,0.172852,0.203613,1.024414
3281454617,0.160645,0.228271,1.01709
3281459617,0.163086,0.263184,1.032959
3281464617,0.150879,0.279785,1.018555
3281469617,0.148682,0.280762,1.017334
3281474617,0.165527,0.253906,1.020752
3281479617,0.175537,0.222412,1.016602
3281484617,0.178955,0.194824,1.049561
3281489617,0.177979,0.227783,1.042236
3281494617,0.175293,0.227295,1.009521
3281499617,0.187012,0.219238,1.016602
3281504617,0.194336,0.185791,1.019775
3281509617,0.175293,0.165283,1.036133
3281514617,0.170654,0.147461,0.983643
3281519617,0.17749,0.136475,0.967529
3281524617,0.182129,0.153564,0.989746
3281529617,0.170898,0.169922,0.979736
3281534617,0.182861,0.174072,1.005127
3281539617,0.178711,0.162842,1.003418
3281544617,0.181885,0.154541,0.998291
3281549617,0.176025,0.169434,1.008545
3281554617,0.173584,0.19043,1.026855
3281559617,0.173584,0.209229,1.025391
3281564617,0.172119,0.227051,1.024414
3281569617,0.17334,0.235596,1.025879
3281574617,0.180176,0.230713,1.02124
3281579617,0.175293,0.224365,1.025635
3281584617,0.177246,0.220703,1.018555
3281589617,0.175049,0.226318,1.018799
3281594617,0.171143,0.233398,1.024658
3281599617,0.172119,0.228516,1.034912
3281604617,0.174072,0.214355,1.020752
3281609617,0.177002,0.202881,1.02832
3281614617,0.180664,0.181396,1.030762
3281619617,0.178467,0.172363,1.005127
3281624617,0.172363,0.174072,0.996094
3281629617,0.178223,0.177979,1.003174
3281634617,0.181641,0.179932,1.00708
3281639617,0.185059,0.178467,1.020996
3281644617,0.182129,0.171387,1.005615
3281649617,0.188965,0.167725,1.00293
3281654617,0.177246,0.173828,1.011963
3281659617,0.181396,0.185547,1.022461
3281664617,0.181885,0.196533,1.031982
3281669617,0.178467,0.210449,1.037842
3281674617,0.176025,0.219238,1.032715
3281679617,0.172852,0.2229,1.026611
3281684617,0.171875,0.216553,1.020996
3281689617,0.172852,0.217773,1.016113
3281694617,0.175049,0.219238,1.019043
3281699617,0.177979,0.219482,1.024414
3281704617,0.179932,0.221924,1.032715
3281709617,0.177734,0.217773,1.032959
3281714617,0.178711,0.212646,1.027832
3281719617,0.175537,0.200928,1.014404
3281724617,0.178223,0.189453,1.019043
3281729617,0.176758,0.18457,1.005615
3281734617,0.177734,0.189941,1.013916
3281739617,0.175293,0.184814,1.010742
3281744617,0.17627,0.1875,1.013672
3281749617,0.177979,0.185791,1.008789
3281754617,0.179687,0.175537,1.00415
3281759617,0.180664,0.179443,1.005859
3281764617,0.180908,0.18457,1.00415
3281769617,0.177734,0.19043,1.013916
3281774617,0.177979,0.201904,1.022705
3281779617,0.175293,0.209473,1.02124
3281784617,0.174561,0.207275,1.018066
3281789617,0.17627,0.210693,1.019531
3281794617,0.17334,0.209473,1.017334
3281799617,0.171875,0.209473,1.021484
3281804617,0.170898,0.216797,1.026367
3281809617,0.171143,0.216309,1.02124
3281814617,0.17334,0.210693,1.021484
3281819617,0.171387,0.205078,1.013672
3281824617,0.172363,0.205078,1.024902
3281829617,0.175293,0.199463,1.01123
3281834617,0.17749,0.19165,1.010742
3281839617,0.181152,0.189697,1.011719
3281844617,0.178223,0.19043,1.006836
3281849617,0.178955,0.193359,1.006836
3281854617,0.178467,0.187744,1.01709
3281859617,0.181885,0.195312,1.022949
3281864617,0.172852,0.196533,1.001221
3281869617,0.17627,0.19751,1.005127
3281874617,0.174805,0.197754,1.020508
3281879617,0.172363,0.204346,1.013916
3281884617,0.175293,0.207764,1.023682
3281889617,0.172852,0.203613,1.004639
3281894617,0.177734,0.203613,1.025146
3281899617,0.171631,0.205078,1.018799
3281904617,0.176025,0.213867,1.024414
3281909617,0.175537,0.211182,1.021729
3281914617,0.179687,0.211182,1.016602
3281919617,0.178223,0.203369,1.013184
3281924617,0.178223,0.204102,1.018066
3281929617,0.176025,0.200928,1.011475
3281934617,0.179687,0.193359,1.018066
3281939617,0.177246,0.188965,1.009766
3281944617,0.172119,0.195068,1.009033
3281949617,0.170898,0.191895,1.007324
3281954617,0.175781,0.195801,1.013916
3281959617,0.178955,0.191162,1.012451
3281964617,0.177734,0.188477,1.005615
3281969617,0.175781,0.198486,1.012939
3281974617,0.173828,0.195557,1.010498
3281979617,0.177002,0.205078,1.017334
3281984617,0.17627,0.200684,1.021973
3281989617,0.172607,0.20874,1.013428
3281994617,0.177246,0.200195,1.015137
3281999617,0.181396,0.204102,1.033203
3282004617,0.171631,0.205322,1.02002
3282009617,0.175049,0.204346,1.012207
3282014617,0.171631,0.201172,1.021729
3282019617,0.171631,0.203857,1.015137
3282024617,0.176025,0.202148,1.014648
3282029617,0.174805,0.200439,1.02002
3282034617,0.175049,0.200684,1.01123
3282039617,0.178711,0.196045,1.012451
3282044617,0.179443,0.19458,1.014404
3282049617,0.175781,0.194336,1.015625
3282054617,0.179443,0.194092,1.021729
3282059617,0.179199,0.196777,1.018555
3282064617,0.176025,0.201172,1.012695
3282069617,0.175293,0.198242,1.004395
3282074617,0.176514,0.196289,1.010742
3282079617,0.178955,0.201416,1.00708
3282084617,0.174561,0.201172,1.016357
3282089617,0.176758,0.202393,1.015381
3282094617,0.177246,0.203369,1.013428
3282099617,0.173584,0.202148,1.011719
3282104617,0.175049,0.200928,1.015381
3282109617,0.175781,0.19873,1.022461
3282114617,0.172119,0.203857,1.021729
3282119617,0.173584,0.201416,1.012695
3282124617,0.171143,0.20166,1.019287
3282129617,0.175293,0.196533,1.016113
3282134617,0.173584,0.204346,1.010498
3282139617,0.17749,0.201416,1.016113
3282144617,0.179687,0.197998,1.020752
3282149617,0.170898,0.202881,1.018311
3282154617,0.175781,0.197266,1.009766
3282159617,0.180176,0.199951,1.019287
3282164617,0.176514,0.202881,1.012939
3282169617,0.173584,0.197021,1.00415
3282174617,0.178955,0.196533,1.014648
3282179617,0.177979,0.195068,1.022461
3282184617,0.179443,0.199951,1.022217
3282189617,0.172363,0.200684,1.020264
3282194617,0.17749,0.201416,1.021729
3282199617,0.170898,0.196289,1.015625
3282204617,0.175537,0.20166,1.016357
3282209617,0.177734,0.202148,1.01416
3282214617,0.173096,0.203613,1.012939
3282219617,0.174316,0.200439,1.02124
3282224617,0.170166,0.204102,1.015625
3282229617,0.173584,0.201416,1.020264
3282234617,0.175537,0.199951,1.014648
3282239617,0.176758,0.199219,1.015625
3282244617,0.173096,0.193115,1.017822
3282249617,0.174561,0.199463,1.020752
3282254617,0.172852,0.197998,1.011475
3282259617,0.173584,0.200195,1.01416
3282264617,0.177979,0.198486,1.009277
3282269617,0.179199,0.198242,1.016602
3282274617,0.172852,0.196777,1.020508
3282279617,0.173828,0.202393,1.02124
3282284617,0.174561,0.19751,1.016357
3282289617,0.176025,0.20166,1.018555
3282294617,0.176025,0.201904,1.024658
3282299617,0.179199,0.203613,1.010742
3282304617,0.172852,0.201416,1.016846
3282309617,0.172607,0.19873,1.017334
3282314617,0.175781,0.197754,1.012695
3282319617,0.176025,0.199463,1.019287
3282324617,0.17749,0.201416,1.025635
3282329617,0.175537,0.202881,1.018799
3282334617,0.180664,0.200195,1.022217
3282339617,0.178711,0.199463,1.024414
3282344617,0.17627,0.198486,1.017334
3282349617,0.175537,0.197021,1.016602
3282354617,0.176758,0.200195,1.009766
3282359617,0.179199,0.19751,1.017334
3282364617,0.176758,0.197998,1.01416
3282369617,0.17627,0.202148,1.016113
3282374617,0.174805,0.195557,1.020264
3282379617,0.180664,0.196777,1.020996
3282384617,0.179932,0.201904,1.022217
3282389617,0.173828,0.199707,1.015869
3282394617,0.177734,0.198975,1.010498
3282399617,0.174561,0.197021,1.020996
3282404617,0.182129,0.197266,1.020508
3282409617,0.172119,0.199463,1.013916
3282414617,0.175781,0.199707,1.016113
3282419617,0.173096,0.200439,1.010254
3282424617,0.174561,0.199219,1.010986
3282429617,0.175781,0.202637,1.01709
3282434617,0.176025,0.196045,1.017578
3282439617,0.176025,0.19873,1.01001
3282444617,0.177979,0.201416,1.013916
3282449617,0.172852,0.202148,1.015137
3282454617,0.171143,0.200684,1.008545
3282459617,0.169922,0.200439,1.013672
3282464617,0.180908,0.198975,1.019531
3282469617,0.17749,0.196777,1.012695
3282474617,0.180176,0.19751,1.0271
3282479617,0.179443,0.199951,1.01709
3282484617,0.173584,0.199951,1.011963
3282489617,0.175049,0.196289,1.011475
3282494617,0.176025,0.19751,1.016602
3282499617,0.17749,0.20166,1.019775
3282504617,0.174316,0.200439,1.017822
3282509617,0.174316,0.201904,1.026855
3282514617,0.168701,0.202881,1.019287
3282519617,0.172852,0.201416,1.02417
3282524617,0.177979,0.197998,1.014648
3282529617,0.178711,0.200684,1.01001
3282534617,0.177979,0.199707,1.018311
3282539617,0.178955,0.20166,1.020752
3282544617,0.178955,0.203369,1.019043
3282549617,0.176514,0.20166,1.013428
3282554617,0.171143,0.201904,1.018311
3282559617,0.174561,0.197998,1.014893
3282564617,0.17749,0.202393,1.016357
3282569617,0.173828,0.195557,1.016113
3282574617,0.178223,0.200684,1.015625
3282579617,0.176025,0.197754,1.01416
3282584617,0.174072,0.203369,1.016357
3282589617,0.175293,0.200195,1.016113
3282594617,0.177002,0.197754,1.014648
3282599617,0.170654,0.198242,1.015869
3282604617,0.174805,0.199951,1.01709
3282609617,0.177734,0.195068,1.02124
3282614617,0.175049,0.201172,1.018066
3282619617,0.176025,0.199707,1.023438
3282624617,0.265625,0.161377,0.977539
3282629617,0.165039,0.140625,1.101074
3282634617,0.159424,0.356689,1.03833
3282639617,0.173828,0.135254,1.043701
3282644617,0.178223,0.207275,1.037109
3282649617,0.175293,0.248535,1.034424
3282654617,0.173584,0.153076,0.964355
3282659617,0.156006,0.166016,0.977783
3282664617,0.173584,0.241455,1.04834
3282669617,0.168701,0.317139,1.052979
3282674617,0.181152,0.348633,1.040039
3282679617,0.195557,0.202148,0.912598
3282684617,0.188477,0.317383,1.05957
3282689617,0.210449,0.227783,0.971436
3282694617,0.077148,0.260498,1.047119
3282699617,0.144043,0.223389,1.036377
3282704617,0.16333,0.258545,1.017334
3282709617,0.156738,0.220947,0.981445
3282714617,0.154785,0.191162,0.986572
3282719617,0.158691,0.182373,0.97168
3282724617,0.177246,0.189941,0.980469
3282729617,0.168945,0.193359,0.998047
3282734617,0.170898,0.207031,1.014404
3282739617,0.19458,0.23999,1.018555
3282744617,0.189453,0.237549,1.032959
3282749617,0.190674,0.132324,0.987305
3282754617,0.178223,0.198486,0.999512
3282759617,0.161621,0.186279,1.018799
3282764617,0.151611,0.173096,1.022949
3282769617,0.152344,0.200928,1.033936
3282774617,0.151367,0.227051,1.04126
3282779617,0.16333,0.205811,1.040771
3282784617,0.167236,0.202393,1.036133
3282789617,0.16748,0.182861,1.029053
3282794617,0.153564,0.182129,1.060059
3282799617,0.164795,0.211426,1.045166
3282804617,0.177979,0.201904,1.035645
3282809617,0.165527,0.215332,1.046143
3282814617,0.163086,0.1875,1.016357
3282819617,0.166992,0.175049,1.025879
3282824617,0.166748,0.287109,1.116455
3282829617,0.157227,0.265137,1.042969
3282834617,0.160889,0.25293,1.014404
3282839617,0.178467,0.233398,1.019043
3282844617,0.158691,0.263184,1.065674
3282849617,0.17627,0.220459,1.019531
3282854617,0.17041,0.252686,0.999023
3282859617,0.186279,0.148926,1.019287
3282864617,0.181152,0.198486,1.009521
3282869617,0.181885,0.205322,0.993408
3282874617,0.184326,0.202881,1.010498
3282879617,0.192139,0.106934,0.999023
3282884617,0.183105,0.192139,1.029053
3282889617,0.169922,0.291748,1.041992
3282894617,0.190186,0.228027,1.019775
3282899617,0.190186,0.227783,1.035889
3282904617,0.183594,0.203857,1.026123
3282909617,0.182617,0.241943,1.017334
3282914617,0.181152,0.262207,1.013428
3282919617,0.17749,0.317383,1.021973
3282924617,0.174316,0.29126,1.014893
3282929617,0.191162,0.242676,0.989258
3282934617,0.201904,0.181396,0.962891
3282939617,0.186523,0.196533,0.952393
3282944617,0.174805,0.224854,0.953857
3282949617,0.185303,0.215088,0.942139
3282954617,0.179687,0.207275,0.920654
3282959617,0.193604,0.226562,0.907959
3282964617,0.179932,0.186279,0.895264
3282969617,0.176514,0.15332,0.893799
3282974617,0.173584,0.189209,0.86499
3282979617,0.198975,0.196289,0.868408
3282984617,0.113037,0.067627,1.020996
3282989617,0.215576,0.418213,1.043701
3282994617,0.178955,-0.056396,0.922119
3282999617,0.207031,0.362549,1.067871
3283004617,0.270508,-0.021973,1.249756
3283009617,0.595215,0.052002,1.881592
3283014617,0.115479,0.28125,1.151123
3283019617,0.070312,0.226318,0.810791
3283024617,0.107178,0.183105,0.739014
3283029617,0.195801,0.168945,0.875977
3283034617,0.258057,0.198486,1.133789
3283039617,0.174805,0.196289,1.100342
3283044617,0.190674,0.171143,0.947266
3283049617,0.179199,0.1875,0.979248
3283054617,0.255371,0.147217,1.087158
3283059617,0.202148,0.060059,1.052979
3283064617,0.156982,0.108643,0.921143
3283069617,0.130859,0.136963,0.86792
3283074617,0.187988,0.106689,0.826904
3283079617,0.17749,0.15918,0.950195
3283084617,0.22876,0.157715,1.124756
3283089617,0.203369,0.30957,1.200928
3283094617,0.174072,0.284912,1.117188
3283099617,0.137695,0.304199,0.994141
3283104617,0.159668,0.266357,0.982666
3283109617,0.187256,0.232422,1.032471
3283114617,0.197754,0.201904,1.102539
3283119617,0.120117,0.288818,1.047363
3283124617,0.184326,0.283447,0.981934
3283129617,0.179443,0.274658,1.02832
3283134617,0.163086,0.238281,1.031494
3283139617,0.179932,0.198486,0.974609
3283144617,0.196777,0.146484,0.993896
3283149617,0.187256,0.165527,1.053711
3283154617,0.181152,0.179199,1.033203
3283159617,0.157227,0.199463,0.996094
3283164617,0.181885,0.19458,0.984131
3283169617,0.18335,0.14502,0.987305
3283174617,0.193848,0.11084,0.971436
3283179617,0.182861,0.115723,0.949463
3283184617,0.181396,0.14624,0.961182
3283189617,0.181396,0.189697,1.010742
3283194617,0.185303,0.203613,1.03833
3283199617,0.184082,0.193115,1.014404
3283204617,0.179443,0.182373,1.006348
3283209617,0.176758,0.184082,1.009521
3283214617,0.178955,0.208008,1.018311
3283219617,0.17334,0.246094,1.040771
3283224617,0.180176,0.275146,1.056152
3283229617,0.160156,0.27832,1.047119
3283234617,0.169434,0.257813,1.021484
3283239617,0.17041,0.229004,1.001709
3283244617,0.175049,0.218262,1.009033
3283249617,0.175781,0.22168,1.028564
3283254617,0.176025,0.23584,1.038574
3283259617,0.183594,0.235596,1.04541
3283264617,0.182861,0.209473,1.032715
3283269617,0.179443,0.165039,1.008545
3283274617,0.190918,0.137695,0.990723
3283279617,0.177246,0.140137,0.969971
3283284617,0.181641,0.166748,0.978027
3283289617,0.17749,0.185791,1.01416
3283294617,0.180664,0.181152,1.010742
3283299617,0.179932,0.165527,0.99585
3283304617,0.17749,0.161377,0.991699
3283309617,0.182861,0.170898,0.99585
3283314617,0.178467,0.193848,1.014893
3283319617,0.178955,0.214111,1.031494
3283324617,0.181396,0.222412,1.029297
3283329617,0.179687,0.222656,1.038086
3283334617,0.17041,0.223877,1.017578
3283339617,0.177734,0.226807,1.017578
3283344617,0.169678,0.236572,1.031738
3283349617,0.172363,0.237549,1.034912
3283354617,0.173096,0.234131,1.023193
3283359617,0.171631,0.226074,1.02124
3283364617,0.175537,0.219971,1.016846
3283369617,0.177979,0.211914,1.02002
3283374617,0.177734,0.202637,1.019043
3283379617,0.178711,0.193115,1.02124
3283384617,0.177979,0.179199,1.010742
3283389617,0.18335,0.174072,1.011719
3283394617,0.178955,0.174805,1.002686
3283399617,0.185547,0.180176,1.005127
3283404617,0.178223,0.176758,1.001709
3283409617,0.182861,0.172607,1.005371
3283414617,0.180908,0.182129,1.000732
3283419617,0.177734,0.195557,1.006836
3283424617,0.173096,0.20166,1.009033
3283429617,0.175293,0.207764,1.012207
3283434617,0.180664,0.207764,1.019043
3283439617,0.170898,0.209961,1.018311
3283444617,0.175781,0.222168,1.024414
3283449617,0.176758,0.223389,1.028564
3283454617,0.17627,0.224854,1.024902
3283459617,0.177246,0.223145,1.023682
3283464617,0.174805,0.211426,1.025391
3283469617,0.174316,0.216309,1.021729
3283474617,0.181396,0.210693,1.021973
3283479617,0.175781,0.208984,1.016113
3283484617,0.178467,0.20874,1.021729
3283489617,0.173096,0.194824,1.005127
3283494617,0.177979,0.184814,1.015381
3283499617,0.176514,0.186279,1.012695
3283504617,0.178955,0.182129,1.003662
3283509617,0.174805,0.191162,1.000244
3283514617,0.180908,0.190674,1.013916
3283519617,0.181396,0.186768,1.008545
3283524617,0.177246,0.1875,1.003174
3283529617,0.17627,0.199707,1.005371
3283534617,0.179687,0.199219,1.010254
3283539617,0.176514,0.205322,1.015625
3283544617,0.179199,0.209717,1.022705
3283549617,0.175781,0.211426,1.021973
3283554617,0.177246,0.213867,1.019043
3283559617,0.17627,0.209717,1.019775
3283564617,0.173828,0.212158,1.021973
3283569617,0.174561,0.209717,1.01709
3283574617,0.17627,0.211182,1.023193
3283579617,0.177246,0.204834,1.021973
3283584617,0.175537,0.203857,1.013428
3283589617,0.178711,0.202148,1.02002
3283594617,0.181396,0.200195,1.017334
3283599617,0.177002,0.200439,1.004883
3283604617,0.17334,0.195801,1.015625
3283609617,0.184082,0.19043,1.02002
3283614617,0.178711,0.189697,1.018066
3283619617,0.172607,0.193115,0.990234
3283624617,0.194336,0.189209,1.040771
3283629617,0.167969,0.189941,0.996094
3283634617,0.182617,0.215088,1.015625
3283639617,0.166992,0.20459,1.013916
3283644617,0.177246,0.201416,1.016357
3283649617,0.177002,0.203369,1.015625
3283654617,0.17334,0.200684,1.01709
3283659617,0.174316,0.205078,1.018555
3283664617,0.176025,0.207764,1.018311
3283669617,0.175537,0.207764,1.018311
3283674617,0.173096,0.209473,1.022949
3283679617,0.172852,0.210205,1.018066
3283684617,0.179443,0.203125,1.02124
3283689617,0.177734,0.202148,1.01001
3283694617,0.182129,0.199707,1.010498
3283699617,0.181396,0.197998,1.012939
3283704617,0.177979,0.200928,1.016846
3283709617,0.18042,0.197266,1.011963
3283714617,0.173828,0.192627,1.006836
3283719617,0.17627,0.195557,1.008057
3283724617,0.177246,0.196045,1.012451
3283729617,0.174072,0.196045,1.009033
3283734617,0.173096,0.197754,1.009033
3283739617,0.174316,0.200439,1.018555
3283744617,0.179687,0.199463,1.013428
3283749617,0.175293,0.206055,1.009766
3283754617,0.172852,0.202881,1.026611
3283759617,0.176025,0.206299,1.007813
3283764617,0.17627,0.202393,1.010254
3283769617,0.178223,0.205322,1.025635
3283774617,0.174561,0.206543,1.011719
3283779617,0.177246,0.201172,1.008545
3283784617,0.184814,0.206299,1.025146
3283789617,0.176514,0.200439,1.008057
3283794617,0.173096,0.196045,1.014648
3283799617,0.178223,0.19873,1.017334
3283804617,0.177979,0.198975,1.015137
3283809617,0.172607,0.197266,1.009766
3283814617,0.171631,0.195557,0.980957
3283819617,0.198242,0.188477,1.065674
3283824617,0.163818,0.204102,0.989746
3283829617,0.18335,0.205566,1.032715
3283834617,0.178223,0.207764,1.022461
3283839617,0.174805,0.206055,1.018066
3283844617,0.181152,0.205078,1.005859
3283849617,0.189453,0.20459,1.017822
3283854617,0.183838,0.207275,1.004883
3283859617,0.181396,0.205322,1.020752
3283864617,0.181885,0.205566,1.022949
3283869617,0.177246,0.198242,1.02002
3283874617,0.176025,0.203125,1.021973
3283879617,0.166748,0.203613,1.01001
3283884617,0.162354,0.202393,0.999756
3283889617,0.169678,0.199219,1.008301
3283894617,0.177734,0.200928,1.010498
3283899617,0.175049,0.197266,1.022461
3283904617,0.175049,0.196045,1.032959
3283909617,0.182129,0.200928,1.012939
3283914617,0.178711,0.205811,1.020752
3283919617,0.181396,0.203125,1.003662
3283924617,0.190674,0.203125,1.018799
3283929617,0.188232,0.205078,1.004639
3283934617,0.186523,0.196533,1.019043
3283939617,0.181152,0.198486,1.006836
3283944617,0.181152,0.201904,1.016602
3283949617,0.174072,0.199707,1.01001
3283954617,0.17334,0.199951,1.026123
3283959617,0.173096,0.19751,1.018555
3283964617,0.165283,0.200195,1.020752
3283969617,0.16748,0.202881,1.012207
3283974617,0.169434,0.201416,1.013672
3283979617,0.174072,0.201416,1.008057
3283984617,0.18457,0.198486,1.012207
3283989617,0.189453,0.199463,1.028076
3283994617,0.182373,0.196045,0.998535
3283999617,0.184814,0.201904,1.026367
3284004617,0.178711,0.196533,1.009766
3284009617,0.178223,0.198975,1.022461
3284014617,0.175537,0.206787,1.020508
3284019617,0.172119,0.201172,1.003418
3284024617,0.177246,0.202393,1.018555
3284029617,0.178223,0.194824,1.019043
3284034617,0.173584,0.192139,1.016357
3284039617,0.173584,0.200439,1.016602
3284044617,0.172852,0.203857,1.017334
3284049617,0.17627,0.206787,1.016602
3284054617,0.17627,0.205078,1.018555
3284059617,0.182373,0.206299,1.022461
3284064617,0.17334,0.203125,1.006592
3284069617,0.182129,0.200684,1.014648
3284074617,0.180176,0.206543,1.01709
3284079617,0.182861,0.197998,1.019531
3284084617,0.181396,0.204102,1.013184
3284089617,0.181396,0.199951,1.018311
3284094617,0.18042,0.19751,1.020996
3284099617,0.17627,0.200439,1.019287
3284104617,0.173096,0.203857,1.012695
3284109617,0.17749,0.197998,1.013672
3284114617,0.175293,0.201904,1.021484
3284119617,0.170654,0.195801,1.02002
3284124617,0.178467,0.198242,1.013184
3284129617,0.17041,0.20874,1.015137
3284134617,0.177979,0.204102,1.019287
3284139617,0.173584,0.198242,1.012695
3284144617,0.182861,0.205078,1.012451
3284149617,0.178467,0.202148,1.018311
3284154617,0.171631,0.205078,1.002197
3284159617,0.180664,0.203369,1.02002
3284164617,0.179199,0.196777,1.006592
3284169617,0.179687,0.198975,1.02002
3284174617,0.172852,0.205322,1.015869
3284179617,0.17749,0.199951,1.016602
3284184617,0.17627,0.196777,1.015381
3284189617,0.17749,0.195801,1.015381
3284194617,0.178711,0.202881,1.018555
3284199617,0.181396,0.199463,1.013184
3284204617,0.179199,0.20459,1.018311
3284209617,0.178467,0.203125,1.019043
3284214617,0.178223,0.207031,1.011963
3284219617,0.178711,0.200195,1.013428
3284224617,0.17749,0.202393,1.014893
3284229617,0.180176,0.205811,1.010254
3284234617,0.177246,0.203369,1.013672
3284239617,0.183594,0.202393,1.015137
3284244617,0.17627,0.201416,1.017334
3284249617,0.174072,0.19751,1.013916
3284254617,0.175293,0.199707,1.012695
3284259617,0.173584,0.194824,1.010742
3284264617,0.178711,0.199463,1.019531
3284269617,0.177002,0.200928,1.021973
3284274617,0.176758,0.203857,1.016113
3284279617,0.174072,0.198242,1.01001
3284284617,0.174072,0.199219,1.011963
3284289617,0.181885,0.200928,1.016113
3284294617,0.178467,0.199463,1.017578
3284299617,0.173096,0.20166,1.010986
3284304617,0.177002,0.202637,1.012451
3284309617,0.179443,0.200195,1.013916
3284314617,0.179687,0.202637,1.015137
3284319617,0.182129,0.202148,1.014648
3284324617,0.17749,0.20459,1.01123
3284329617,0.177246,0.200928,1.017578
3284334617,0.173096,0.202881,1.010742
3284339617,0.175537,0.200439,1.019775
3284344617,0.174316,0.205078,1.019287
3284349617,0.179687,0.199219,1.017578
3284354617,0.177734,0.203125,1.015869
3284359617,0.173828,0.199463,1.023926
3284364617,0.174316,0.204834,1.013672
3284369617,0.172607,0.203857,1.009766
3284374617,0.176758,0.207031,1.016113
3284379617,0.174561,0.201904,1.006592
3284384617,0.179687,0.202881,1.017578
3284389617,0.175049,0.203613,1.01123
3284394617,0.17749,0.197754,1.006348
3284399617,0.181152,0.199219,1.016113
3284404617,0.181885,0.202148,1.019287
3284409617,0.182373,0.196777,1.007568
3284414617,0.175293,0.195068,1.013672
3284419617,0.180908,0.197754,1.021729
3284424617,0.17627,0.202393,1.018311
3284429617,0.169678,0.203125,1.004883
3284434617,0.169678,0.205566,1.006836
3284439617,0.173828,0.201904,1.016846
3284444617,0.17334,0.201904,1.017822
3284449617,0.174805,0.206299,1.02124
3284454617,0.174561,0.207275,1.02002
3284459617,0.175537,0.205322,1.018066
3284464617,0.177979,0.206055,1.012451
3284469617,0.183105,0.202148,1.009277
3284474617,0.182861,0.200928,1.01709
3284479617,0.187256,0.20166,1.024414
3284484617,0.182129,0.201904,1.020996
3284489617,0.183105,0.202881,1.014648
3284494617,0.179932,0.195068,1.013428
3284499617,0.178467,0.199707,1.016357
3284504617,0.170654,0.198242,1.013916
3284509617,0.176758,0.20166,1.015381
3284514617,0.176025,0.202148,1.007324
3284519617,0.173828,0.203125,1.013184
3284524617,0.177979,0.205811,1.016602
3284529617,0.173584,0.203125,1.017822
3284534617,0.17627,0.20166,1.017822
3284539617,0.178711,0.202637,1.014404
3284544617,0.178955,0.205811,1.018066
3284549617,0.185303,0.204834,1.015381
3284554617,0.181396,0.202637,1.016602
3284559617,0.177979,0.204346,1.019287
3284564617,0.183838,0.203613,1.012695
3284569617,0.17749,0.19873,1.01001
3284574617,0.178223,0.196777,1.015625
3284579617,0.180176,0.198486,1.007813
3284584617,0.179687,0.197266,1.016113
3284589617,0.17041,0.206299,1.006836
3284594617,0.176514,0.19873,1.01416
3284599617,0.175781,0.198486,1.018799
3284604617,0.178955,0.200195,1.020752
3284609617,0.177246,0.201172,1.011719
3284614617,0.178711,0.204102,1.012451
3284619617,0.180176,0.197021,1.016113
3284624617,0.182861,0.199219,1.012939
3284629617,0.178955,0.201904,1.007568
3284634617,0.178711,0.203369,1.019287
3284639617,0.183105,0.20752,1.016113
3284644617,0.177979,0.205811,1.019043
3284649617,0.17627,0.202637,1.010986
3284654617,0.175293,0.200195,1.017578
3284659617,0.175293,0.202881,1.018066
3284664617,0.167969,0.196533,1.016846
3284669617,0.175293,0.202637,1.015381
3284674617,0.175293,0.202393,1.014893
3284679617,0.177002,0.200684,1.022949
3284684617,0.175537,0.20166,1.010498
3284689617,0.176514,0.202148,1.009033
3284694617,0.181641,0.195312,1.017334
3284699617,0.181396,0.199463,1.014648
3284704617,0.176758,0.203125,1.010254
3284709617,0.181885,0.206055,1.017578
3284714617,0.179932,0.203125,1.014404
3284719617,0.179443,0.203613,1.021973
3284724617,0.178467,0.205811,1.012451
3284729617,0.178711,0.201904,1.01123
3284734617,0.177246,0.200928,1.019287
3284739617,0.180176,0.200928,1.02002
3284744617,0.177734,0.200928,1.019043
3284749617,0.18042,0.200195,1.016113
3284754617,0.175293,0.198486,1.014893
3284759617,0.180908,0.199707,1.015869
3284764617,0.175781,0.197998,1.012451
3284769617,0.175781,0.201416,1.011719
3284774617,0.178711,0.202881,1.018066
3284779617,0.171875,0.203613,1.018311
3284784617,0.180664,0.207764,1.014404
3284789617,0.177002,0.206543,1.015869
3284794617,0.17749,0.207031,1.016846
3284799617,0.179199,0.202148,1.021973
3284804617,0.176025,0.202148,1.016357
3284809617,0.177979,0.204346,1.018066
3284814617,0.178467,0.202148,1.021729
3284819617,0.177979,0.19873,1.010986
3284824617,0.179932,0.199219,1.017822
3284829617,0.178955,0.197998,1.01001
3284834617,0.177979,0.195557,1.015381
3284839617,0.182373,0.199707,1.011475
3284844617,0.177979,0.199707,1.012451
3284849617,0.178711,0.202881,1.005127
3284854617,0.180176,0.201904,1.008789
3284859617,0.175049,0.201172,1.011719
3284864617,0.178223,0.201416,1.016357
3284869617,0.177002,0.200928,1.017334
3284874617,0.178223,0.203369,1.015137
3284879617,0.178223,0.206299,1.01416
3284884617,0.181641,0.206055,1.022461
3284889617,0.174805,0.208496,1.018311
3284894617,0.180908,0.205811,1.018799
3284899617,0.179932,0.200439,1.02002
3284904617,0.175049,0.19873,1.015137
3284909617,0.175049,0.201172,1.013672
3284914617,0.177734,0.200928,1.018555
3284919617,0.180176,0.199707,1.013672
3284924617,0.175781,0.19751,1.020508
3284929617,0.175293,0.201416,1.017578
3284934617,0.172363,0.204834,1.019531
3284939617,0.174316,0.199463,1.013672
3284944617,0.176758,0.199707,1.013672
3284949617,0.179687,0.201416,1.015137
3284954617,0.179199,0.19751,1.011475
3284959617,0.177246,0.202881,1.017578
3284964617,0.184082,0.200439,1.020996
3284969617,0.177979,0.203369,1.013916
3284974617,0.176025,0.204834,1.008789
3284979617,0.17749,0.207764,1.010254
3284984617,0.172363,0.206787,1.013672
3284989617,0.174316,0.197998,1.017578
3284994617,0.177002,0.20166,1.020508
3284999617,0.181152,0.203125,1.022461
3285004617,0.179199,0.203857,1.011475
3285009617,0.176758,0.198242,1.016846
3285014617,0.172363,0.196777,1.013428
3285019617,0.178467,0.193359,1.015137
3285024617,0.179932,0.199219,1.017334
3285029617,0.17749,0.199951,1.020264
3285034617,0.179932,0.196777,1.017822
3285039617,0.17627,0.19751,1.007813
3285044617,0.176758,0.19873,1.008789
3285049617,0.177979,0.199707,1.007324
3285054617,0.17749,0.196045,1.012939
3285059617,0.178223,0.205811,1.007324
3285064617,0.174316,0.202881,1.016602
3285069617,-1.714111,1.321289,1.999939
3285074617,1.371094,0.158691,-2.0
3285079617,1.54541,-0.671875,1.999939
3285084617,-1.79541,1.542969,-0.095947
3285089617,-0.288574,1.999939,-2.0
3285094617,-2.0,1.257324,-2.0
3285099617,0.008057,1.917236,0.139404
3285104617,0.338135,0.003418,1.663086
3285109617,-0.480225,1.307617,-2.0
3285114617,-0.998291,1.350342,-2.0
3285119617,0.352539,0.19165,0.656982
3285124617,0.266357,0.300049,1.739014
3285129617,0.327637,0.342529,1.570801
3285134617,0.044678,0.261475,1.139893
3285139617,0.208984,0.262207,1.064697
3285144617,0.196777,0.206055,0.979248
3285149617,0.217773,0.143311,0.981689
3285154617,-0.488037,1.587891,1.004883
3285159617,-0.378174,1.479492,1.226074
3285164617,0.251709,1.999939,1.235596
3285169617,0.128662,1.722412,1.286133
3285174617,-0.77124,0.555176,1.506592
3285179617,0.260254,1.599365,1.031494
3285184617,-1.490234,0.694824,1.416504
3285189617,-0.07251,0.203613,1.357422
3285194617,0.191895,0.238037,1.108154
3285199617,0.134277,0.215576,0.924805
3285204617,0.137695,0.246826,0.990967
3285209617,0.153809,0.269043,1.026611
3285214617,0.151855,0.734375,0.999512
3285219617,-0.241455,1.218506,1.260742
3285224617,-0.397461,0.306152,0.914307
3285229617,0.214111,0.150879,0.938721
3285234617,0.066406,1.786865,1.086182
3285239617,-0.116943,1.223877,1.185059
3285244617,0.263672,0.216553,1.186768
3285249617,0.228271,0.160889,1.003418
3285254617,0.234619,0.226562,1.121582
3285259617,0.187744,0.177002,1.084961
3285264617,0.133057,0.155762,0.904297
3285269617,0.143311,0.131348,0.895508
3285274617,0.172363,0.365479,0.829102
3285279617,0.180176,0.197754,1.016602
3285284617,0.137939,0.190186,1.021729
3285289617,0.184082,0.237305,1.035156
3285294617,0.179199,0.205566,1.049072
3285299617,0.165527,0.216309,1.056152
3285304617,0.18457,0.255371,1.038818
3285309617,0.178711,0.233887,1.016846
3285314617,0.171143,0.211182,1.033936
3285319617,0.195312,0.243408,1.029053
3285324617,0.183594,0.206787,1.030762
3285329617,0.184326,0.217285,1.011719
3285334617,0.165771,0.211426,0.999268
3285339617,0.165527,0.17041,0.981934
3285344617,0.163086,0.187256,0.990479
3285349617,0.188232,0.202393,1.005859
3285354617,0.167236,0.176025,1.012695
3285359617,0.170898,0.169434,1.030273
3285364617,0.162354,0.19043,1.014404
3285369617,0.173828,0.191895,1.009521
3285374617,0.170166,0.185059,1.02124
3285379617,0.175781,0.197021,1.011719
3285384617,0.167236,0.200195,0.983154
3285389617,0.182617,0.21875,1.036133
3285394617,0.195068,0.220947,1.030029
3285399617,0.145508,0.196289,1.01001
3285404617,0.185791,0.224609,1.039063
3285409617,0.164551,0.213379,1.024658
3285414617,0.148193,0.20459,1.001221
3285419617,0.174072,0.21582,1.025635
3285424617,0.16748,0.204346,1.02124
3285429617,0.16748,0.195801,1.029785
3285434617,0.186768,0.217529,1.03833
3285439617,0.168213,0.197998,1.031982
3285444617,0.168701,0.200439,1.024658
3285449617,0.176514,0.203857,1.029541
3285454617,0.158447,0.190674,0.996338
3285459617,0.175537,0.191162,1.001709
3285464617,0.175537,0.193604,1.021973
3285469617,0.168701,0.196777,1.009766
3285474617,0.171387,0.205078,1.016602
3285479617,0.169678,0.199463,1.019531
3285484617,0.171143,0.203125,1.010254
3285489617,0.168213,0.199463,1.00708
3285494617,0.169922,0.20459,1.01416
3285499617,0.174805,0.207031,1.028076
3285504617,0.166748,0.212402,1.015381
3285509617,0.177002,0.215088,1.017334
3285514617,0.174561,0.211426,1.017334
3285519617,0.171875,0.211426,1.01001
3285524617,0.178467,0.210205,1.020264
3285529617,0.173828,0.197754,1.016113
3285534617,0.172852,0.204102,1.020508
3285539617,0.173828,0.201904,1.016357
3285544617,0.175049,0.203857,1.029541
3285549617,0.177002,0.202637,1.021973
3285554617,0.174805,0.203369,1.017822
3285559617,0.17627,0.196533,1.023926
3285564617,0.175537,0.196045,1.007813
3285569617,0.172119,0.190674,1.010498
3285574617,0.168213,0.196045,1.01123
3285579617,0.169434,0.211182,1.008789
3285584617,0.170654,0.20874,1.008789
3285589617,0.17334,0.204346,1.014893
3285594617,0.171875,0.209229,1.02417
3285599617,0.171143,0.20874,1.018799
3285604617,0.165771,0.201904,1.016113
3285609617,0.168457,0.209229,1.018311
3285614617,0.173828,0.212158,1.021484
3285619617,0.169678,0.204834,1.012207
3285624617,0.175781,0.205566,1.016113
3285629617,0.169922,0.199463,1.017578
3285634617,0.170166,0.196289,1.017334
3285639617,0.172607,0.201416,1.015381
3285644617,0.17334,0.195312,1.016357
3285649617,0.168945,0.192383,1.005859
3285654617,0.175293,0.202881,1.008545
3285659617,0.171631,0.201172,1.019775
3285664617,0.169922,0.200195,1.015381
3285669617,0.172363,0.204346,1.015625
3285674617,0.16748,0.200684,1.01416
3285679617,0.168213,0.206787,1.018066
3285684617,0.166992,0.201416,1.017334
3285689617,0.173828,0.206787,1.004639
3285694617,0.18042,0.209473,1.020264
3285699617,0.174072,0.20166,1.018066
3285704617,0.174561,0.207275,1.01709
3285709617,0.175049,0.20166,1.014404
3285714617,0.174805,0.206787,1.012695
3285719617,0.174805,0.202881,1.010742
3285724617,0.174316,0.205078,1.015137
3285729617,0.170898,0.201904,1.007324
3285734617,0.168457,0.198242,1.008057
3285739617,0.174072,0.19873,1.015625
3285744617,0.17334,0.197021,1.019043
3285749617,0.171631,0.193848,1.011475
3285754617,0.173828,0.198242,1.018311
3285759617,0.174805,0.19751,1.01123
3285764617,0.170166,0.203369,1.01709
3285769617,0.17334,0.202393,1.011719
3285774617,0.165771,0.205322,1.015137
3285779617,0.174316,0.207275,1.012695
3285784617,0.169922,0.208252,1.017334
3285789617,0.175537,0.208252,1.015625
3285794617,0.174316,0.210205,1.017822
3285799617,0.169189,0.205566,1.020996
3285804617,0.170898,0.211426,1.017334
3285809617,0.17627,0.202637,1.025391
3285814617,0.173828,0.202637,1.016846
3285819617,0.173584,0.19751,1.015381
3285824617,0.171631,0.192139,1.017334
3285829617,0.17334,0.195557,1.017578
3285834617,0.172119,0.199463,1.012695
3285839617,0.174805,0.197266,1.005127
3285844617,0.175049,0.199707,1.01123
3285849617,0.176758,0.204102,1.012207
3285854617,0.172607,0.198975,1.00708
3285859617,0.172119,0.205566,1.009766
3285864617,0.172607,0.203369,1.013184
3285869617,0.171143,0.213623,1.018311
3285874617,0.168945,0.208496,1.017334
3285879617,0.172363,0.208008,1.014893
3285884617,0.171631,0.207764,1.02002
3285889617,0.172119,0.203125,1.013916
3285894617,0.172119,0.202148,1.013428
3285899617,0.168457,0.206787,1.015381
3285904617,0.176758,0.210449,1.019775
3285909617,0.18335,0.205566,1.016602
3285914617,0.173096,0.200195,1.013916
3285919617,0.177002,0.20166,1.01123
3285924617,0.173828,0.203125,1.01709
3285929617,0.174316,0.200195,1.005859
3285934617,0.172852,0.202637,1.015625
3285939617,0.169434,0.203613,1.012695
3285944617,0.178223,0.200928,1.014404
3285949617,0.172119,0.200195,1.018555
3285954617,0.17041,0.201904,1.019531
3285959617,0.167236,0.203369,1.001709
3285964617,0.177979,0.203125,1.011475
3285969617,0.171387,0.214844,1.02832
3285974617,0.169678,0.212402,1.024658
3285979617,0.16626,0.211914,1.017334
3285984617,0.168945,0.210205,1.01709
3285989617,0.168701,0.205322,1.012695
3285994617,0.171875,0.204102,1.018799
3285999617,0.170166,0.208252,1.011719
3286004617,0.174072,0.204346,1.02002
3286009617,0.168945,0.202393,1.018555
3286014617,0.171387,0.200439,1.014404
3286019617,0.168213,0.195557,1.021484
3286024617,0.170654,0.193115,1.013184
3286029617,0.176758,0.197266,1.01416
3286034617,0.175049,0.195312,1.015381
3286039617,0.177246,0.197998,1.013428
3286044617,0.17749,0.202637,1.009766
3286049617,0.177246,0.202637,1.013184
3286054617,0.17334,0.198975,1.011963
3286059617,0.173828,0.207031,1.009766
3286064617,0.179443,0.215332,1.013672
3286069617,0.174805,0.211182,1.02002
3286074617,0.173096,0.211182,1.02124
3286079617,0.176025,0.20874,1.015625
3286084617,0.169189,0.208252,1.026367
3286089617,0.165283,0.206787,1.012207
3286094617,0.173584,0.205078,1.016602
3286099617,0.170898,0.205078,1.018555
3286104617,0.175293,0.202881,1.023926
3286109617,0.171143,0.203369,1.017578
3286114617,0.172363,0.199463,1.010742
3286119617,0.173096,0.201904,1.015625
3286124617,0.174561,0.196045,1.015625
3286129617,0.169434,0.198486,1.006836
3286134617,0.173096,0.204102,1.010742
3286139617,0.171631,0.20166,1.014648
3286144617,0.173584,0.203369,1.016113
3286149617,0.169922,0.202881,1.020264
3286154617,0.169922,0.200928,1.021484
3286159617,0.169922,0.197754,1.015869
3286164617,0.17334,0.207275,1.022461
3286169617,0.176758,0.206543,1.019287
3286174617,0.174805,0.20874,1.02124
3286179617,0.176514,0.207764,1.014404
3286184617,0.172607,0.207275,1.013428
3286189617,0.175537,0.205566,1.016113
3286194617,0.170654,0.207764,1.012939
3286199617,0.170898,0.20752,1.01123
3286204617,0.169434,0.206055,1.012939
3286209617,0.17749,0.209473,1.020264
3286214617,0.169189,0.200439,1.017822
3286219617,0.173584,0.203857,1.018311
3286224617,0.172119,0.202393,1.016846
3286229617,0.173584,0.197266,1.015625
3286234617,0.174805,0.199463,1.016602
3286239617,0.173828,0.204834,1.015625
3286244617,0.176025,0.202393,1.011963
3286249617,0.171875,0.20166,1.020508
3286254617,0.172119,0.203369,1.018799
3286259617,0.170898,0.201172,1.018311
3286264617,0.174072,0.202637,1.017334
3286269617,0.167969,0.202637,1.01416
3286274617,0.163818,0.194336,1.026123
3286279617,0.180664,0.214355,1.040527
3286284617,0.173584,0.205811,1.025146
3286289617,0.169922,0.205322,1.02124
3286294617,0.163574,0.210449,1.021484
3286299617,0.163086,0.141113,1.012207
3286304617,0.163818,0.244629,0.996338
3286309617,0.16333,0.167236,1.001709
3286314617,0.158447,0.197998,1.024658
3286319617,0.190918,0.246582,1.060547
3286324617,0.185303,0.1875,1.033691
3286329617,0.16626,0.193115,0.988281
3286334617,0.174805,0.191406,1.009521
3286339617,0.166748,0.215332,1.009277
3286344617,0.177979,0.209961,1.022217
3286349617,0.166016,0.208496,1.022461
3286354617,0.171143,0.210937,1.014404
3286359617,0.192627,0.206055,1.028809
3286364617,0.158203,0.209717,1.016113
3286369617,0.174072,0.20874,1.012207
3286374617,0.153809,0.210449,1.009033
3286379617,0.165771,0.212158,1.006104
3286384617,0.186768,0.222412,1.023438
3286389617,0.172852,0.204102,1.024658
3286394617,0.18335,0.201172,1.02124
3286399617,0.178467,0.18457,1.035156
3286404617,0.195801,0.201172,1.05249
3286409617,0.176025,0.187744,1.02002
3286414617,0.17627,0.198486,1.020752
3286419617,0.179443,0.198975,1.026367
3286424617,0.153076,0.130371,0.999023
3286429617,0.173828,0.17041,1.009521
3286434617,0.194824,0.190674,1.011963
3286439617,0.161621,0.208008,1.002197
3286444617,0.170166,0.209717,1.011719
3286449617,0.165283,0.227783,1.03418
3286454617,0.184814,0.221924,1.025391
3286459617,0.166504,0.228271,1.025146
3286464617,0.168945,0.232666,1.025146
3286469617,0.173584,0.237549,1.023682
3286474617,0.169434,0.236084,1.025146
3286479617,0.173096,0.23291,1.028564
3286484617,0.169189,0.215332,1.017578
3286489617,0.178711,0.196533,1.010742
3286494617,0.160156,0.16626,0.998779
3286499617,0.158936,0.181396,0.977539
3286504617,0.17749,0.164307,1.006104
3286509617,0.182129,0.188965,1.002197
3286514617,0.182129,0.171143,1.023926
3286519617,0.180176,0.17627,0.998291
3286524617,0.178223,0.18042,1.023438
3286529617,0.190918,0.196289,1.028809
3286534617,0.168701,0.18335,1.028809
3286539617,0.182129,0.208984,1.022705
3286544617,0.163086,0.200928,1.026123
3286549617,0.172607,0.218994,1.005859
3286554617,0.178467,0.223145,1.024658
3286559617,0.168457,0.224854,1.020996
3286564617,0.171631,0.224121,1.026611
3286569617,0.173096,0.229248,1.028564
3286574617,0.166504,0.21875,1.020996
3286579617,0.173584,0.224365,1.016357
3286584617,0.169189,0.221191,1.021484
3286589617,0.172119,0.204834,1.013428
3286594617,0.169434,0.19458,1.005615
3286599617,0.169922,0.19165,1.008301
3286604617,0.17334,0.185303,1.013916
3286609617,0.17334,0.185791,1.016357
3286614617,0.17627,0.187012,1.010254
3286619617,0.172119,0.187256,1.009033
3286624617,0.17041,0.1875,1.008545
3286629617,0.172363,0.190674,1.009521
3286634617,0.174072,0.192383,1.008789
3286639617,0.170166,0.197754,1.010742
3286644617,0.171387,0.202881,1.013428
3286649617,0.172363,0.206787,1.024902
3286654617,0.17334,0.215088,1.02002
3286659617,0.171875,0.21582,1.024414
3286664617,0.171387,0.216553,1.020752
3286669617,0.172119,0.212158,1.021973
3286674617,0.168457,0.216064,1.021973
3286679617,0.172363,0.21582,1.020508
3286684617,0.168945,0.216797,1.02002
3286689617,0.173096,0.211426,1.02002
3286694617,0.175293,0.209961,1.015381
3286699617,0.171631,0.200439,1.02124
3286704617,0.169678,0.198242,1.013672
3286709617,0.168457,0.193359,1.004883
3286714617,0.175537,0.191406,1.009521
3286719617,0.177246,0.193848,1.012695
3286724617,0.175049,0.194092,1.01123
3286729617,0.173096,0.192627,1.016602
3286734617,0.172363,0.196045,1.013428
3286739617,0.168213,0.197754,1.012207
3286744617,0.169434,0.201172,1.009033
3286749617,0.171143,0.203125,1.013672
3286754617,0.174316,0.205078,1.015137
3286759617,0.169678,0.210205,1.019287
3286764617,0.17334,0.210937,1.020996
3286769617,0.164307,0.213379,1.019775
3286774617,0.172852,0.206543,1.017822
3286779617,0.172119,0.208984,1.022217
3286784617,0.175781,0.209229,1.018066
3286789617,0.169434,0.208496,1.021729
3286794617,0.174072,0.206055,1.021729
3286799617,0.172852,0.205811,1.019775
3286804617,0.178223,0.207764,1.013428
3286809617,0.172363,0.196777,1.011963
3286814617,0.169434,0.19873,1.006348
3286819617,0.170898,0.198975,1.015381
3286824617,0.171387,0.195312,1.01123
3286829617,0.172119,0.197754,1.014648
3286834617,0.175293,0.199219,1.014893
3286839617,0.171875,0.195312,1.006104
3286844617,0.169434,0.203857,1.010742
3286849617,0.171143,0.205322,1.012695
3286854617,0.177734,0.202393,1.016602
3286859617,0.173828,0.207275,1.02002
3286864617,0.170898,0.205322,1.015137
3286869617,0.199219,0.1875,1.008301
3286874617,0.158691,0.164795,1.023926
3286879617,0.177734,0.208008,1.0
3286884617,0.189453,0.196289,1.021484
3286889617,0.168701,0.220947,1.042969
3286894617,0.177246,0.211914,1.030273
3286899617,0.16333,0.210205,1.035889
3286904617,0.170654,0.200439,1.008057
3286909617,0.168213,0.215088,1.008057
3286914617,0.168213,0.229248,1.009766
3286919617,0.163086,0.237549,1.004883
3286924617,0.157959,0.241455,1.007568
3286929617,0.163574,0.228516,1.008545
3286934617,0.161865,0.221924,1.003662
3286939617,0.169678,0.222656,1.017578
3286944617,0.208008,0.268311,1.186523
3286949617,0.185059,0.276123,1.102051
3286954617,0.191406,0.22998,1.004639
3286959617,0.17334,0.170898,0.999756
3286964617,0.184814,0.220947,0.97583
3286969617,0.189209,0.164795,0.969482
3286974617,0.184326,0.169922,1.009277
3286979617,0.176025,0.170898,0.997803
3286984617,0.18042,0.178467,0.989746
3286989617,0.165771,0.170654,1.011719
3286994617,0.164062,0.150635,1.013428
3286999617,0.171631,0.160156,0.999268
3287004617,0.17749,0.180908,1.003174
3287009617,0.166504,0.192627,1.001709
3287014617,0.169434,0.189697,1.014648
3287019617,0.16748,0.198242,1.016357
3287024617,0.178711,0.197998,1.008301
3287029617,0.169189,0.212891,1.020996
3287034617,0.16626,0.221436,1.026611
3287039617,0.168945,0.231201,1.021973
3287044617,0.176514,0.242187,1.01709
3287049617,0.174316,0.253662,1.034668
3287054617,0.164795,0.245117,1.033447
3287059617,0.175293,0.233154,1.022949
3287064617,0.176514,0.224365,1.021973
3287069617,0.165283,0.213623,1.023926
3287074617,0.166504,0.216064,1.022705
3287079617,0.172363,0.209961,1.018799
3287084617,0.169434,0.186523,1.009033
3287089617,0.174805,0.178711,1.014893
3287094617,0.175293,0.164795,1.002686
3287099617,0.170166,0.16333,0.983887
3287104617,0.178223,0.169678,0.99707
3287109617,0.175781,0.170898,1.006836
3287114617,0.175293,0.171143,1.008057
3287119617,0.173828,0.182129,1.002441
3287124617,0.173828,0.186768,1.010742
3287129617,0.170166,0.198242,1.015625
3287134617,0.175537,0.208008,1.026123
3287139617,0.173584,0.223877,1.020264
3287144617,0.168701,0.224854,1.031982
3287149617,0.166504,0.232178,1.029541
3287154617,0.171387,0.234619,1.024658
3287159617,0.169678,0.22998,1.021484
3287164617,0.171387,0.220459,1.024658
3287169617,0.171875,0.216064,1.020752
3287174617,0.173828,0.220703,1.025879
3287179617,0.175049,0.215576,1.027588
3287184617,0.174072,0.208984,1.011963
3287189617,0.175293,0.20166,1.012207
3287194617,0.178223,0.188232,1.010254
3287199617,0.167969,0.180664,1.003906
3287204617,0.176025,0.177002,1.006592
3287209617,0.177246,0.179199,1.008301
3287214617,0.174316,0.184326,1.007324
3287219617,0.172363,0.186523,1.005615
3287224617,0.172852,0.190918,1.004639
3287229617,0.176025,0.191895,1.02124
3287234617,0.173584,0.198242,1.012695
3287239617,0.173096,0.201904,1.021973
3287244617,0.172852,0.207031,1.018799
3287249617,0.169434,0.217285,1.024414
3287254617,0.167725,0.222412,1.023438
3287259617,0.171875,0.21875,1.022705
3287264617,0.172119,0.2146,1.020508
3287269617,0.173828,0.215576,1.015869
3287274617,0.171387,0.215088,1.015137
3287279617,0.171143,0.210937,1.025635
3287284617,0.171875,0.209473,1.017334
3287289617,0.177002,0.20874,1.019287
3287294617,0.172119,0.198975,1.016357
3287299617,0.175049,0.190186,1.012451
3287304617,0.174072,0.189941,1.009277
3287309617,0.175049,0.184814,1.00415
3287314617,0.171875,0.187988,1.003174
3287319617,0.173584,0.191162,1.016357
3287324617,0.172852,0.197754,1.012695
3287329617,0.176758,0.191895,1.006592
3287334617,0.175049,0.197754,1.012451
3287339617,0.169922,0.195312,1.012451
3287344617,0.171143,0.199463,1.012451
3287349617,0.172119,0.207031,1.020996
3287354617,0.168945,0.212402,1.025879
3287359617,0.177246,0.215576,1.023926
3287364617,0.165039,0.209717,1.017822
3287369617,0.176758,0.209961,1.014648
3287374617,0.172607,0.204834,1.014404
3287379617,0.174072,0.202393,1.019043
3287384617,0.174316,0.205322,1.022217
3287389617,0.172852,0.20459,1.023682
3287394617,0.173828,0.202393,1.013428
3287399617,0.174316,0.200195,1.015869
3287404617,0.175049,0.195068,1.007813
3287409617,0.170654,0.192871,1.009521
3287414617,0.172852,0.193604,1.02124
3287419617,0.169678,0.194824,1.014648
3287424617,0.173828,0.203369,1.013672
3287429617,0.179932,0.196289,1.015625
3287434617,0.175537,0.199707,1.017578
3287439617,0.176514,0.201172,1.015869
3287444617,0.174072,0.199951,1.018799
3287449617,0.171875,0.199707,1.018066
3287454617,0.172607,0.208252,1.013672
3287459617,0.175293,0.209473,1.016602
3287464617,0.171631,0.207764,1.014648
3287469617,0.168457,0.212402,1.016113
3287474617,0.174316,0.205566,1.009521
3287479617,0.167969,0.204102,1.011475
3287484617,0.171875,0.201904,1.019043
3287489617,0.175293,0.203857,1.022705
3287494617,0.174805,0.203125,1.01709
3287499617,0.174561,0.201172,1.01416
3287504617,0.167969,0.197998,1.015381
3287509617,0.175537,0.192871,1.013184
3287514617,0.174072,0.194336,1.014648
3287519617,0.174805,0.196533,1.016113
3287524617,0.171875,0.201172,1.01709
3287529617,0.173828,0.205078,1.014893
3287534617,0.168457,0.20459,1.017822
3287539617,0.165527,0.203613,1.013672
3287544617,0.16333,0.202393,1.018799
3287549617,0.168701,0.20874,1.018066
3287554617,0.165283,0.20874,1.017334
3287559617,0.168213,0.210449,1.02002
3287564617,0.169922,0.208496,1.01416
3287569617,0.170898,0.208008,1.022949
3287574617,0.172607,0.205811,1.012939
3287579617,0.177734,0.198975,1.016602
3287584617,0.178955,0.200928,1.017578
3287589617,0.17749,0.198486,1.016113
3287594617,0.177979,0.198242,1.010254
3287599617,0.178467,0.199219,1.012207
3287604617,0.177246,0.19873,1.004395
3287609617,0.179687,0.195312,1.009033
3287614617,0.17334,0.197021,1.016113
3287619617,0.173096,0.195557,1.014404
3287624617,0.173096,0.197998,1.02002
3287629617,0.172852,0.201172,1.019043
3287634617,0.173096,0.201416,1.016113
3287639617,0.172119,0.202881,1.012695
3287644617,0.172119,0.202148,1.015137
3287649617,0.177979,0.204346,1.010742
3287654617,0.171631,0.208252,1.01709
3287659617,-0.603516,0.006592,-1.486816
3287664617,-0.04126,0.59375,1.999939
3287669617,-0.859863,0.428223,1.999939
3287674617,-0.842285,0.9021,-1.278564
3287679617,0.36084,1.999939,1.268311
3287684617,0.736084,0.447021,0.912842
3287689617,-1.299072,1.999939,-1.852295
3287694617,-2.0,1.999939,1.999939
3287699617,-1.925537,1.999939,1.999939
3287704617,-0.675781,-0.177734,1.999939
3287709617,-0.459961,-0.123535,-2.0
3287714617,-0.01416,0.618652,1.103516
3287719617,0.212891,0.090088,0.289551
3287724617,0.070312,0.098877,0.640137
3287729617,0.127686,0.183838,0.605469
3287734617,0.122314,0.240723,0.93335
3287739617,0.100098,0.236084,1.01123
3287744617,0.202148,0.066162,0.959229
3287749617,0.167969,0.088623,1.040527
3287754617,-0.64502,0.812744,-2.0
3287759617,-0.786621,0.802246,-0.208008
3287764617,0.124023,0.872803,0.667725
3287769617,-0.152344,0.175049,-1.87915
3287774617,-0.041504,0.895508,0.871826
3287779617,-0.687256,0.164062,-1.907959
3287784617,0.220703,0.29834,-0.914795
3287789617,0.228027,0.256104,0.232178
3287794617,0.024658,0.242432,1.069336
3287799617,0.050049,0.319092,0.734375
3287804617,0.184326,0.275146,1.008301
3287809617,0.213379,0.24707,1.097412
3287814617,0.970459,-0.747559,0.165527
3287819617,-1.512207,1.336914,1.369385
3287824617,-0.606689,0.287842,1.282959
3287829617,0.094971,0.422119,1.056641
3287834617,0.156494,0.301025,1.161621
3287839617,0.171387,0.38623,1.099609
3287844617,0.0896,0.124512,0.852051
3287849617,0.156982,0.209717,0.882568
3287854617,0.196777,0.437256,1.102783
3287859617,0.179687,0.265381,1.092529
3287864617,0.144775,0.251221,1.107178
3287869617,0.186768,0.226562,1.036133
3287874617,0.121338,0.153564,0.878906
3287879617,0.237061,0.233398,1.011475
3287884617,0.103027,0.092773,1.025391
3287889617,-0.072754,0.921387,-1.189697
3287894617,-0.023437,1.180176,1.333008
3287899617,0.11792,0.236084,0.967529
3287904617,0.134766,0.223633,0.973145
3287909617,0.156982,0.154297,0.944092
3287914617,0.170166,0.183838,0.974121
3287919617,0.141357,0.27002,1.028564
3287924617,0.172607,0.256836,1.106201
3287929617,0.207031,0.242676,1.054932
3287934617,0.151367,0.214111,0.997559
3287939617,0.177734,0.189453,1.04126
3287944617,0.172363,0.158203,0.98584
3287949617,0.164062,0.162354,0.980469
3287954617,0.208252,0.187988,1.036133
3287959617,0.183105,0.203125,1.02417
3287964617,0.153076,0.201416,1.008789
3287969617,0.140869,0.21875,1.034912
3287974617,0.013428,0.600098,-1.327148
3287979617,-0.103516,1.583252,0.561035
3287984617,0.208252,0.334961,1.231689
3287989617,0.262939,0.203125,1.110596
3287994617,0.146973,0.256836,1.06665
3287999617,0.143799,0.294434,0.966797
3288004617,0.179443,0.241699,1.022217
3288009617,0.144287,0.218994,0.957764
3288014617,0.170166,0.26123,1.046875
3288019617,0.184326,0.258301,1.048828
3288024617,0.163086,0.237549,0.983398
3288029617,0.168457,0.218018,1.012695
3288034617,0.155029,0.218018,1.04126
3288039617,0.174561,0.195312,1.008057
3288044617,0.237061,1.041748,1.147461
3288049617,0.164307,0.153076,0.994141
3288054617,0.196045,0.229004,1.050537
3288059617,0.162842,0.264893,1.072754
3288064617,0.210937,0.218506,0.979248
3288069617,0.151611,0.496826,0.98584
3288074617,0.181641,0.31543,0.979492
3288079617,0.216064,0.193604,1.095947
3288084617,0.180664,0.208008,1.0896
3288089617,0.170654,0.263672,1.112793
3288094617,0.110107,0.314453,0.972168
3288099617,0.147461,0.267334,0.945801
3288104617,0.155029,0.215332,0.976074
3288109617,0.178955,0.193848,1.015869
3288114617,0.141113,0.186768,1.106445
3288119617,-0.164307,0.425293,-2.0
3288124617,-2.0,0.904297,1.450928
3288129617,-0.946777,0.31543,1.485107
3288134617,0.173584,0.23877,0.9646
3288139617,0.05249,0.330811,0.905762
3288144617,0.182861,0.381104,0.990967
3288149617,0.197266,0.144775,1.025879
3288154617,0.160645,0.192383,1.039307
3288159617,0.181641,0.245117,1.02417
3288164617,0.158203,0.265137,1.041748
3288169617,0.157227,0.16333,1.045654
3288174617,0.229004,0.226562,1.205078
3288179617,0.12915,1.728027,1.091553
3288184617,0.255859,1.471191,1.121094
3288189617,0.134277,0.317139,1.042969
3288194617,0.205566,0.232666,1.000977
3288199617,0.13208,0.25708,1.018311
3288204617,0.162598,0.236328,1.054932
3288209617,0.137939,0.209717,1.007324
3288214617,0.228516,0.246582,1.178955
3288219617,0.266357,0.095947,1.117676
3288224617,0.092041,0.294434,1.031982
3288229617,0.197998,0.208496,0.908203
3288234617,0.055664,0.23291,0.785156
3288239617,0.025635,1.324707,0.95459
3288244617,0.202148,0.192627,0.992676
3288249617,0.157471,0.211426,0.984375
3288254617,0.21875,0.175537,1.078125
3288259617,0.093018,0.211426,1.06958
3288264617,0.180908,0.191162,0.955811
3288269617,0.165283,0.181396,0.953613
3288274617,0.171631,0.205811,1.07959
3288279617,0.149902,0.204346,1.019531
3288284617,0.191406,0.184326,0.983643
3288289617,0.179687,0.208984,1.094727
3288294617,0.171875,0.22583,1.074463
3288299617,0.180176,0.213867,1.033936
3288304617,0.166016,0.207764,1.008789
3288309617,0.150391,0.220459,1.01416
3288314617,0.161621,0.192139,0.97168
3288319617,0.16748,0.198242,1.01123
3288324617,0.165039,0.202881,1.016357
3288329617,0.159668,0.208252,0.999512
3288334617,0.16333,0.216064,1.009521
3288339617,0.183594,0.196045,1.039551
3288344617,0.175049,0.202881,1.024414
3288349617,0.177002,0.179687,1.00415
3288354617,0.160156,0.192383,0.999756
3288359617,0.17041,0.191895,1.010986
3288364617,0.165283,0.210937,1.01001
3288369617,0.166016,0.201904,1.016113
3288374617,0.173828,0.207031,1.026855
3288379617,0.158203,0.196533,1.005615
3288384617,0.168701,0.196533,1.022949
3288389617,0.168213,0.205566,1.021729
3288394617,0.170898,0.207764,1.022705
3288399617,0.174072,0.220459,1.028076
3288404617,0.168213,0.220215,1.022217
3288409617,0.173096,0.2146,1.026367
3288414617,0.172607,0.206787,1.007568
3288419617,0.17627,0.204834,1.010498
3288424617,0.174316,0.203613,1.015381
3288429617,0.171875,0.200439,1.021484
3288434617,0.171387,0.21167,1.01709
3288439617,0.170166,0.211182,1.016113
3288444617,0.16626,0.205078,1.015625
3288449617,0.171631,0.199951,1.021973
3288454617,0.164551,0.192139,1.005127
3288459617,0.166748,0.199707,1.008789
3288464617,0.165283,0.201416,1.007813
3288469617,0.162842,0.208984,1.02124
3288474617,0.158203,0.205811,1.02124
3288479617,0.162354,0.204346,1.026123
3288484617,0.161865,0.203125,1.009033
3288489617,0.160645,0.203857,1.009766
3288494617,0.162598,0.205078,1.014893
3288499617,0.164062,0.208984,1.019287
3288504617,0.156982,0.217529,1.017578
3288509617,0.169678,0.209961,1.015625
3288514617,0.174072,0.206787,1.020508
3288519617,0.17041,0.200195,1.016846
3288524617,0.168213,0.196777,1.015381
3288529617,0.167969,0.193848,1.013428
3288534617,0.165527,0.191162,1.019043
3288539617,0.168945,0.196533,1.025391
3288544617,0.164307,0.182861,1.01709
3288549617,0.170166,0.193115,1.011719
3288554617,0.174805,0.190186,1.011963
3288559617,0.172852,0.190674,1.009277
3288564617,0.168945,0.204346,1.00708
3288569617,0.169678,0.20752,1.009521
3288574617,0.165771,0.212402,1.022949
3288579617,0.166748,0.217041,1.018311
3288584617,0.162109,0.214111,1.026367
3288589617,0.16626,0.208008,1.014404
3288594617,0.164062,0.210205,1.015869
3288599617,0.160645,0.213379,1.023438
3288604617,0.161621,0.213135,1.025146
3288609617,0.167969,0.2146,1.028076
3288614617,0.168945,0.208496,1.016357
3288619617,0.169434,0.205078,1.024414
3288624617,0.170166,0.208984,1.014893
3288629617,0.168701,0.199219,1.000488
3288634617,0.177002,0.193604,1.013428
3288639617,0.170166,0.195557,1.012695
3288644617,0.16626,0.206299,1.012939
3288649617,0.172607,0.203857,1.010498
3288654617,0.17041,0.196533,1.010742
3288659617,0.17334,0.195068,1.01123
3288664617,0.171631,0.199707,1.030762
3288669617,0.16333,0.20459,1.017822
3288674617,0.160889,0.209473,1.017578
3288679617,0.165283,0.20874,1.014404
3288684617,0.164307,0.209961,1.02002
3288689617,0.164307,0.212158,1.021484
3288694617,0.165283,0.209473,1.019287
3288699617,0.167725,0.214355,1.016113
3288704617,0.166504,0.206299,1.015625
3288709617,0.163086,0.201172,1.018799
3288714617,0.165039,0.205078,1.023926
3288719617,0.163818,0.20752,1.016113
3288724617,0.167969,0.196045,1.018311
3288729617,0.174072,0.200928,1.011963
3288734617,0.17334,0.197754,1.019043
3288739617,0.168945,0.200195,1.009277
3288744617,0.167236,0.197998,1.017334
3288749617,0.169189,0.198975,1.012695
3288754617,0.160645,0.203125,1.008057
3288759617,0.167725,0.199951,1.011719
3288764617,0.16748,0.201172,1.016846
3288769617,0.164307,0.207275,1.013672
3288774617,0.166504,0.211182,1.012451
3288779617,0.16626,0.210449,1.026123
3288784617,0.163818,0.215332,1.01709
3288789617,0.168457,0.210449,1.01709
3288794617,0.16748,0.206787,1.016602
3288799617,0.171875,0.208252,1.018066
3288804617,0.171387,0.206543,1.015625
3288809617,0.172119,0.207031,1.019531
3288814617,0.168945,0.208252,1.007324
3288819617,0.16626,0.201416,1.007813
3288824617,0.166016,0.19873,1.009766
3288829617,0.167969,0.199707,1.010498
3288834617,0.169434,0.19873,1.016357
3288839617,0.166748,0.201416,1.010986
3288844617,0.169678,0.200928,1.017822
3288849617,0.169189,0.199707,1.020752
3288854617,0.165283,0.204346,1.020264
3288859617,0.171387,0.206299,1.020264
3288864617,0.168213,0.206787,1.013184
3288869617,0.168701,0.204346,1.015381
3288874617,0.168945,0.20752,1.015137
3288879617,0.164551,0.210693,1.018555
3288884617,0.16748,0.210449,1.015381
3288889617,0.164551,0.21167,1.020996
3288894617,0.16333,0.20874,1.019775
3288899617,0.166504,0.203857,1.020264
3288904617,0.16626,0.199219,1.022705
3288909617,0.162109,0.20166,1.007324
3288914617,0.16748,0.208008,1.013916
3288919617,0.172363,0.198975,1.013672
3288924617,0.174072,0.191406,1.016846
3288929617,0.165283,0.197021,1.019775
3288934617,0.170654,0.203125,1.015869
3288939617,0.172119,0.201172,1.012939
3288944617,0.169189,0.198975,1.009277
3288949617,0.164551,0.206787,1.017334
3288954617,0.166992,0.206055,1.015625
3288959617,0.166504,0.208496,1.019287
3288964617,0.161377,0.210205,1.010986
3288969617,0.166748,0.206299,1.01416
3288974617,0.162842,0.212646,1.01709
3288979617,0.164795,0.208984,1.01123
3288984617,0.167236,0.208252,1.023926
3288989617,0.168457,0.208252,1.020752
3288994617,0.169434,0.206299,1.018555
3288999617,0.16626,0.208984,1.006592
3289004617,0.170166,0.21167,1.02124
3289009617,0.17041,0.20874,1.001709
3289014617,0.172607,0.198975,1.01709
3289019617,0.168701,0.20166,1.014404
3289024617,0.164307,0.20166,1.012695
3289029617,0.171631,0.199219,1.011475
3289034617,0.170166,0.202637,1.01001
3289039617,0.165771,0.202637,1.010498
3289044617,0.165771,0.201172,1.01123
3289049617,0.171143,0.202881,1.026123
3289054617,0.16626,0.203613,1.012939
3289059617,0.166748,0.208984,1.021729
3289064617,0.170654,0.212646,1.019775
3289069617,0.16748,0.214844,1.015381
3289074617,0.169678,0.211426,1.016846
3289079617,0.170898,0.209961,1.01709
3289084617,0.170654,0.207764,1.020996
3289089617,0.169678,0.204834,1.013184
3289094617,0.171875,0.205566,1.025391
3289099617,0.167725,0.204102,1.018799
3289104617,0.171143,0.201172,1.017578
3289109617,0.165283,0.195068,1.017822
3289114617,0.167725,0.19458,1.005859
3289119617,0.165527,0.194824,1.013184
3289124617,0.170166,0.193359,1.018555
3289129617,0.168213,0.200684,1.013672
3289134617,0.165039,0.201172,1.012451
3289139617,0.170898,0.202881,1.013916
3289144617,0.163574,0.205078,1.013916
3289149617,0.163818,0.206055,1.012207
3289154617,0.163574,0.209961,1.011963
3289159617,0.165527,0.21582,1.016602
3289164617,0.168213,0.210693,1.02124
3289169617,0.166748,0.210937,1.025146
3289174617,0.167725,0.208984,1.02002
3289179617,0.169434,0.209961,1.012451
3289184617,0.171143,0.206055,1.013672
3289189617,0.18042,0.204346,1.019043
3289194617,0.17041,0.20166,1.019531
3289199617,0.169922,0.205811,1.014893
3289204617,0.169434,0.20459,1.01001
3289209617,0.169922,0.197998,1.005615
3289214617,0.167236,0.19873,1.018555
3289219617,0.167236,0.202148,1.014404
3289224617,0.168945,0.202637,1.013672
3289229617,0.166992,0.198242,1.012695
3289234617,0.168701,0.197021,1.018555
3289239617,0.170166,0.197998,1.024414
3289244617,0.165771,0.204102,1.016602
3289249617,0.164062,0.209473,1.008545
3289254617,0.169189,0.208008,1.01416
3289259617,0.166992,0.204834,1.013916
3289264617,0.164551,0.209473,1.004395
3289269617,0.164307,0.209961,1.018799
3289274617,0.168701,0.212402,1.016113
3289279617,0.163818,0.207031,1.015137
3289284617,0.165527,0.209229,1.009766
3289289617,0.164062,0.204346,1.012695
3289294617,0.170898,0.204346,1.021729
3289299617,0.172607,0.200439,1.011963
3289304617,0.172363,0.197754,1.019531
3289309617,0.169922,0.195801,1.018555
3289314617,0.16748,0.19458,1.014404
3289319617,0.170166,0.197998,1.016846
3289324617,0.169189,0.198975,1.020752
3289329617,0.170654,0.203613,1.012207
3289334617,0.168945,0.203369,1.01416
3289339617,0.170898,0.207031,1.014893
3289344617,0.169434,0.206543,1.013428
3289349617,0.16748,0.209473,1.015869
3289354617,0.164307,0.208984,1.016113
3289359617,0.171875,0.211426,1.016602
3289364617,0.166992,0.20752,1.024658
3289369617,0.158203,0.209717,1.017334
3289374617,0.168213,0.208984,1.016846
3289379617,0.168701,0.20752,1.019531
3289384617,0.167969,0.205078,1.018311
3289389617,0.17334,0.205566,1.015625
3289394617,0.17749,0.202881,1.009277
3289399617,0.169434,0.200928,1.012695
3289404617,0.167969,0.198486,1.005615
3289409617,0.171143,0.203613,1.011719
3289414617,0.169922,0.197754,1.010254
3289419617,0.168213,0.200439,1.016602
3289424617,0.165283,0.202637,1.00708
3289429617,0.167236,0.202637,1.014893
3289434617,0.171387,0.202637,1.01709
3289439617,0.163574,0.204102,1.012207
3289444617,0.169678,0.204834,1.022217
3289449617,0.165283,0.205566,1.016357
3289454617,0.165527,0.205566,1.014648
3289459617,0.170166,0.213379,1.012695
3289464617,0.169678,0.210205,1.020752
3289469617,0.165283,0.213623,1.014648
3289474617,0.165527,0.205078,1.008301
3289479617,0.166016,0.208252,1.013428
3289484617,0.16626,0.206787,1.016113
3289489617,0.166016,0.206299,1.013184
3289494617,0.165039,0.198486,1.016602
3289499617,0.162842,0.198242,1.016357
3289504617,0.166748,0.193359,1.014893
3289509617,0.171143,0.194336,1.015869
3289514617,0.169189,0.196533,1.013916
3289519617,0.173584,0.197021,1.012695
3289524617,0.170898,0.200195,1.01123
3289529617,0.169678,0.20166,1.012207
3289534617,0.167969,0.208496,1.010986
3289539617,0.168701,0.210205,1.012939
3289544617,0.165283,0.212646,1.004395
3289549617,0.165527,0.210449,1.014404
3289554617,0.168457,0.213623,1.024414
3289559617,0.168945,0.2146,1.027344
3289564617,0.16333,0.206787,1.020508
3289569617,0.165283,0.209473,1.027588
3289574617,0.169189,0.205811,1.02124
3289579617,0.164795,0.205322,1.013428
3289584617,0.169678,0.205322,1.017578
3289589617,0.170166,0.202393,1.005859
3289594617,0.172119,0.200684,1.010254
3289599617,0.166504,0.199219,1.002441
3289604617,0.170166,0.201172,1.009277
3289609617,0.173096,0.199463,1.017334
3289614617,0.167725,0.198975,1.006592
3289619617,0.169678,0.196533,1.013184
3289624617,0.168213,0.200928,1.01001
3289629617,0.16626,0.204102,1.013916
3289634617,0.166016,0.206055,1.015381
3289639617,0.164551,0.202637,1.023193
3289644617,0.170166,0.20752,1.012451
3289649617,0.166992,0.205566,1.015625
3289654617,0.165527,0.210205,1.011475
3289659617,0.166016,0.212402,1.024658
3289664617,0.166504,0.210449,1.012939
3289669617,0.16748,0.211914,1.017578
3289674617,0.165771,0.210693,1.022461
3289679617,0.165771,0.206055,1.020752
3289684617,0.168945,0.207031,1.013428
3289689617,0.165283,0.203125,1.018311
3289694617,0.170898,0.199707,1.017578
3289699617,0.170654,0.194092,1.016602
3289704617,0.170654,0.200928,1.015381
3289709617,0.173584,0.195068,1.008301
3289714617,0.172119,0.196777,1.01709
3289719617,0.169434,0.193604,1.01416
3289724617,0.168945,0.202637,1.010986
3289729617,0.166504,0.202637,1.009277
3289734617,0.165771,0.205811,1.015137
3289739617,0.16626,0.20874,1.016357
3289744617,0.163086,0.20752,1.018311
3289749617,0.162842,0.209473,1.016602
3289754617,0.164307,0.20874,1.015625
3289759617,0.168457,0.211914,1.018066
3289764617,0.166504,0.206787,1.021729
