timestamp_us,x_g,y_g,z_g
283204606,0.05127,0.230225,1.118896
283209606,0.086426,0.145996,1.155518
283214606,0.083984,0.215332,1.140137
283219606,0.009033,0.226074,1.061035
283224606,0.02124,0.262451,1.020264
283229606,0.015869,0.265137,1.003662
283234606,0.030518,0.226562,1.049316
283239606,0.057861,0.20166,1.01001
283244606,0.140869,0.130615,0.964844
283249606,0.065918,0.15625,0.964111
283254606,0.040039,0.20874,1.040527
283259606,-0.008789,0.1875,1.045166
283264606,0.032959,0.174072,1.039551
283269606,0.085693,0.136719,1.000732
283274606,0.077637,0.144287,1.003418
283279606,0.05127,0.165771,1.018066
283284606,0.031494,0.208008,1.056396
283289606,0.032471,0.203613,1.026611
283294606,0.024902,0.228516,1.040283
283299606,0.041748,0.213623,1.039307
283304606,0.055176,0.176025,1.02417
283309606,0.04834,0.1875,1.005127
283314606,0.080078,0.205811,1.074951
283319606,0.053955,0.223145,1.066406
283324606,0.037354,0.227051,1.077393
283329606,0.049316,0.210449,1.048096
283334606,0.054199,0.185059,1.046387
283339606,0.045166,0.197998,1.015869
283344606,0.057861,0.167969,0.99585
283349606,0.075439,0.168701,1.009277
283354606,0.079346,0.159668,1.034668
283359606,0.057129,0.193359,1.008057
283364606,0.041748,0.172607,0.989502
283369606,0.071777,0.182373,1.036133
283374606,0.075439,0.166748,1.031982
283379606,0.049072,0.187256,1.028564
283384606,0.0354,0.213135,1.048584
283389606,0.03125,0.212891,1.057861
283394606,-0.00415,0.281006,1.051514
283399606,0.020508,0.220215,1.016357
283404606,0.016846,0.226562,1.054443
283409606,0.0625,0.16748,1.036865
283414606,0.075684,0.161133,1.027344
283419606,0.04248,0.227051,1.019775
283424606,0.042236,0.206299,1.048584
283429606,0.048828,0.203125,1.031738
283434606,0.067871,0.19751,1.020508
283439606,0.060303,0.182373,1.020508
283444606,0.029297,0.206299,1.029053
283449606,0.034424,0.218994,1.029785
283454606,0.036377,0.196045,1.024414
283459606,0.048828,0.178955,1.028564
283464606,0.062744,0.16626,1.035645
283469606,0.044922,0.195312,1.032227
283474606,0.043457,0.20874,1.029541
283479606,0.039551,0.192871,1.03418
283484606,0.053467,0.190186,1.064941
283489606,0.042236,0.21875,1.0354
283494606,0.025146,0.217773,1.051514
283499606,0.031494,0.213867,1.046143
283504606,0.043701,0.203369,1.023682
283509606,0.05127,0.205078,1.018066
283514606,0.05835,0.198486,1.031738
283519606,0.04541,0.198975,1.031494
283524606,0.052979,0.213135,1.02417
283529606,0.032715,0.22168,1.031738
283534606,0.023682,0.206787,1.01709
283539606,0.039307,0.205811,1.015625
283544606,0.036621,0.207275,1.032715
283549606,0.040527,0.187256,1.037598
283554606,0.036377,0.202148,1.030273
283559606,0.036865,0.1875,1.033691
283564606,0.044189,0.199951,1.034424
283569606,0.042725,0.20166,1.035645
283574606,0.044434,0.204102,1.0271
283579606,0.042969,0.201904,1.031738
283584606,0.049805,0.200439,1.0271
283589606,0.05127,0.203369,1.025635
283594606,0.047607,0.198975,1.027832
283599606,0.044434,0.193359,1.029785
283604606,0.041748,0.209717,1.02417
283609606,0.04834,0.20166,1.028564
283614606,0.048584,0.203857,1.026855
283619606,0.040039,0.200439,1.032471
283624606,0.036621,0.20166,1.034912
283629606,0.035889,0.203613,1.035156
283634606,0.042236,0.205322,1.036377
283639606,0.039795,0.19458,1.030273
286239606,0.086914,0.189453,1.028809
286244606,0.091309,0.189453,1.031738
286249606,0.089844,0.187988,1.029541
286254606,0.088135,0.190186,1.026611
286259606,0.089844,0.192383,1.028564
286264606,0.090088,0.193604,1.033691
286269606,0.091064,0.190674,1.028809
286274606,0.083496,0.190674,1.028564
286279606,0.090088,0.188477,1.027588
286284606,0.090088,0.187988,1.029785
286289606,0.084961,0.189941,1.027832
286294606,0.091553,0.187988,1.0271
286299606,0.085693,0.188965,1.028564
286304606,0.088867,0.189209,1.021729
286309606,0.089355,0.186523,1.028076
286314606,0.088135,0.191406,1.027588
286319606,0.085449,0.187256,1.027832
286324606,0.087891,0.188232,1.0271
286329606,0.086914,0.187744,1.031006
286334606,0.091797,0.194092,1.028076
286339606,0.08667,0.188721,1.031494
286344606,0.089111,0.187744,1.031494
286349606,0.091309,0.186279,1.030029
286354606,0.088623,0.19043,1.034424
286359606,0.087891,0.187744,1.035645
286364606,0.0896,0.188965,1.030762
286369606,0.092529,0.187744,1.035156
286374606,0.08667,0.189453,1.032959
286379606,0.087158,0.189697,1.029297
286384606,0.085937,0.189453,1.025391
286389606,0.091309,0.193359,1.026611
286394606,0.086182,0.19458,1.032959
286399606,0.088867,0.192627,1.028809
286404606,0.087402,0.188721,1.02832
286409606,0.089844,0.189697,1.029297
286414606,0.086426,0.192139,1.024658
286419606,0.0896,0.193848,1.031982
286424606,0.091797,0.19043,1.033691
286429606,0.091797,0.185547,1.03125
286434606,0.089355,0.190674,1.034668
286439606,0.088867,0.188965,1.028809
286444606,0.088135,0.188477,1.031494
286449606,0.088135,0.19043,1.030029
286454606,0.084473,0.193115,1.025146
286459606,0.087158,0.19458,1.031738
286464606,0.090332,0.188721,1.030273
286469606,0.088135,0.193115,1.026367
286474606,0.087402,0.189697,1.027832
286479606,0.091064,0.189453,1.028809
286484606,0.092529,0.193359,1.033691
286489606,0.091309,0.189941,1.031982
286494606,0.08667,0.187256,1.025635
286499606,0.09082,0.189697,1.029297
286504606,0.092285,0.187256,1.025635
286509606,0.088867,0.193359,1.032227
286514606,0.090088,0.188477,1.030518
286519606,0.086914,0.191162,1.028564
286524606,0.089111,0.196045,1.03418
286529606,0.093506,0.188232,1.02832
286534606,0.085449,0.192627,1.034912
286539606,0.086182,0.192139,1.033203
286544606,0.086426,0.189941,1.030762
286549606,0.088135,0.190918,1.027588
286554606,0.089844,0.189209,1.0354
286559606,0.090332,0.188965,1.02124
286564606,0.084229,0.19043,1.037354
286569606,0.089844,0.190918,1.03418
286574606,0.086914,0.193115,1.030518
286579606,0.091797,0.192871,1.031982
286584606,0.089844,0.190918,1.033691
286589606,0.083252,0.191895,1.031006
286594606,0.088135,0.193359,1.038574
286599606,0.087646,0.195312,1.028809
286604606,0.087158,0.195068,1.030518
286609606,0.087646,0.19165,1.024902
286614606,0.088623,0.195068,1.031494
286619606,0.093262,0.188477,1.028564
286624606,0.085205,0.190186,1.029541
286629606,0.088867,0.189697,1.032959
286634606,0.090332,0.194336,1.030762
286639606,0.090088,0.188965,1.027344
286644606,0.090332,0.189697,1.032715
286649606,0.089111,0.186279,1.0271
286654606,0.0896,0.189453,1.03418
286659606,0.092529,0.189941,1.028809
286664606,0.091553,0.192139,1.02832
286669606,0.088623,0.189941,1.03418
286674606,0.088135,0.189209,1.026855
286679606,0.085693,0.189209,1.023926
286684606,0.086426,0.196289,1.03418
286689606,0.090332,0.188232,1.0354
286694606,0.087402,0.195801,1.030273
286699606,0.091797,0.195068,1.031006
286704606,0.089844,0.187744,1.026123
286709606,0.090088,0.1875,1.027588
286714606,0.085937,0.187012,1.026611
286719606,0.087891,0.19165,1.028809
286724606,0.0896,0.19043,1.026855
286729606,0.090576,0.188965,1.029053
286734606,0.091309,0.189453,1.025635
286739606,0.088623,0.192139,1.021484
286744606,0.087158,0.188477,1.030518
286749606,0.089844,0.19043,1.026855
286754606,0.089111,0.191406,1.025635
286759606,0.088623,0.190918,1.032715
286764606,0.088623,0.190918,1.022949
286769606,0.091064,0.192139,1.029541
286774606,0.090332,0.190918,1.021729
286779606,0.090332,0.192139,1.035156
286784606,0.088379,0.195068,1.032959
286789606,0.089355,0.190918,1.025635
286794606,0.087646,0.191162,1.026855
286799606,0.088135,0.19043,1.028564
286804606,0.086182,0.186279,1.02832
286809606,0.088623,0.189453,1.030518
286814606,0.090332,0.187744,1.031494
286819606,0.093018,0.185303,1.031982
286824606,0.094971,0.189697,1.027832
286829606,0.088135,0.188965,1.031494
286834606,0.089111,0.193604,1.030518
286839606,0.089844,0.189941,1.033691
286844606,0.0896,0.194092,1.030518
286849606,0.089355,0.192627,1.031006
286854606,0.088135,0.191895,1.02417
286859606,0.086182,0.192139,1.026367
286864606,0.090576,0.191406,1.026855
286869606,0.086182,0.193115,1.030762
286874606,0.09082,0.192383,1.029785
286879606,0.086914,0.194092,1.030029
286884606,0.089844,0.188232,1.032227
286889606,0.089844,0.194336,1.038086
286894606,0.092041,0.192871,1.031006
286899606,0.089111,0.190674,1.037109
286904606,0.091064,0.190674,1.030762
286909606,0.089355,0.189941,1.031738
286914606,0.090332,0.190674,1.031494
286919606,0.089844,0.191406,1.028564
286924606,0.093506,0.187988,1.033447
286929606,0.088379,0.189941,1.03125
286934606,0.088867,0.187012,1.026611
286939606,0.091064,0.190186,1.030762
286944606,0.091553,0.189209,1.0271
286949606,0.089844,0.189209,1.024658
286954606,0.088379,0.187988,1.036621
286959606,0.087646,0.189209,1.029785
286964606,0.08667,0.190674,1.0271
286969606,0.087402,0.191895,1.026611
286974606,0.087158,0.189209,1.031982
286979606,0.08252,0.192139,1.027344
286984606,0.092285,0.194824,1.033936
286989606,0.087891,0.194336,1.031982
286994606,0.083984,0.191162,1.031982
286999606,0.088135,0.190674,1.028564
287004606,0.090576,0.195312,1.029297
287009606,0.09082,0.194092,1.03125
287014606,0.087402,0.189209,1.032715
287019606,0.088867,0.194092,1.0354
287024606,0.0896,0.190918,1.029297
287029606,0.08374,0.193848,1.02832
287034606,0.090576,0.194092,1.026123
287039606,0.085937,0.192627,1.032471
287044606,0.085205,0.196777,1.028076
287049606,0.087402,0.19043,1.030273
287054606,0.091553,0.193848,1.026123
287059606,0.090088,0.193359,1.032227
287064606,0.091309,0.195557,1.029053
287069606,0.091797,0.189209,1.030029
287074606,0.087402,0.19165,1.028809
287079606,0.090576,0.185791,1.028076
287084606,0.090088,0.188477,1.026367
287089606,0.087402,0.19043,1.029053
287094606,0.090088,0.193604,1.0354
287099606,0.088623,0.192383,1.030762
287104606,0.089111,0.196289,1.035156
287109606,0.090088,0.19751,1.034424
287114606,0.091553,0.196777,1.029785
287119606,0.088623,0.192871,1.031738
287124606,0.087891,0.189453,1.032227
287129606,0.093262,0.192139,1.022705
287134606,0.09375,0.192383,1.029785
287139606,0.091797,0.192139,1.027588
287144606,0.093262,0.188965,1.027588
287149606,0.090088,0.190918,1.027588
287154606,0.088867,0.193848,1.03833
287159606,0.086182,0.195312,1.028076
287164606,0.090088,0.193359,1.031982
287169606,0.090332,0.196045,1.031738
287174606,0.084473,0.191406,1.029785
287179606,0.089111,0.19458,1.031738
287184606,0.091553,0.189209,1.0354
287189606,0.089355,0.194336,1.033936
287194606,0.089355,0.196533,1.029297
287199606,0.089844,0.190186,1.029785
287204606,0.088867,0.195068,1.024414
287209606,0.094238,0.189941,1.036377
287214606,0.089844,0.192383,1.02417
287219606,0.087646,0.192383,1.032471
287224606,0.087891,0.195068,1.029053
287229606,0.088135,0.195801,1.022461
287234606,0.088379,0.192627,1.028564
287239606,0.093018,0.193604,1.030029
287244606,0.090576,0.195312,1.022949
287249606,0.090088,0.195312,1.025146
287254606,0.090088,0.192139,1.022217
287259606,0.095215,0.189453,1.027832
287264606,0.088135,0.196533,1.030518
287269606,0.088135,0.191895,1.031494
287274606,0.092773,0.190918,1.032227
287279606,0.087891,0.188232,1.031006
287284606,0.088135,0.195801,1.024902
287289606,0.09082,0.196777,1.029785
287294606,0.089355,0.196045,1.023193
287299606,0.090332,0.194336,1.03125
287304606,0.088379,0.192627,1.033203
287309606,0.090332,0.19458,1.025635
287314606,0.093262,0.19165,1.033691
287319606,0.089111,0.192871,1.032959
287324606,0.086914,0.192383,1.023926
287329606,0.09082,0.190918,1.031494
287334606,0.087891,0.194824,1.033691
287339606,0.093018,0.191406,1.02832
287344606,0.089355,0.193359,1.030518
287349606,0.089355,0.189453,1.027832
287354606,0.089844,0.192627,1.029541
287359606,0.088135,0.19458,1.0271
287364606,0.085449,0.19458,1.028564
287369606,0.09375,0.19458,1.030762
287374606,0.087891,0.193115,1.033691
287379606,0.086914,0.195312,1.027588
287384606,0.091309,0.193115,1.032227
287389606,0.09082,0.192383,1.025879
287394606,0.088867,0.195312,1.023438
287399606,0.089844,0.193359,1.026855
287404606,0.088623,0.193848,1.026611
287409606,0.092041,0.188965,1.029297
287414606,0.09375,0.192383,1.025879
287419606,0.0896,0.191162,1.0271
287424606,0.092529,0.195801,1.03418
287429606,0.0896,0.191406,1.029541
287434606,0.090332,0.194336,1.034668
287439606,0.085693,0.195312,1.029297
287444606,0.088379,0.191162,1.025391
287449606,0.095215,0.19043,1.037598
287454606,0.087891,0.192627,1.028809
287459606,0.092041,0.191406,1.026855
287464606,0.088379,0.190674,1.030273
287469606,0.086426,0.193115,1.037354
287474606,0.087646,0.189941,1.036377
287479606,0.090088,0.193359,1.027588
287484606,0.086426,0.195312,1.029053
287489606,0.090332,0.193359,1.0271
287494606,0.086182,0.191895,1.026611
287499606,0.092529,0.192627,1.028076
287504606,0.091309,0.187744,1.024658
287509606,0.090088,0.191162,1.029541
287514606,0.087891,0.193848,1.03833
287519606,0.089844,0.194092,1.025391
287524606,0.088135,0.19751,1.032715
287529606,0.087646,0.195312,1.032959
287534606,0.089355,0.194092,1.029297
287539606,0.093262,0.192627,1.030029
287544606,0.093018,0.190918,1.034912
287549606,0.088379,0.189697,1.033447
287554606,0.090088,0.191406,1.030518
287559606,0.086914,0.192627,1.025879
287564606,1.255127,-1.015137,-0.351563
287569606,2.655273,1.751953,2.24707
287574606,0.73584,3.999878,1.194824
287579606,1.67627,0.250977,3.999878
287584606,3.182373,1.253174,3.999878
287589606,-2.293213,1.54126,2.64624
287594606,-0.464111,3.037842,2.620605
287599606,0.751953,1.534912,-1.655518
287604606,-1.595703,1.463623,-0.739258
287609606,-1.189453,2.119385,3.999878
287614606,-1.358643,1.893311,0.512451
287619606,-1.781494,0.76709,0.471191
287624606,0.02832,1.778809,-2.981445
287629606,-0.582275,0.398682,1.321533
287634606,-1.164795,1.223389,0.919678
287639606,-0.859131,1.982422,0.981689
287644606,-0.592773,0.734375,-1.755127
287649606,-2.260498,-0.575195,1.939941
287654606,-1.809814,2.374023,-4.0
287659606,-1.598389,1.743896,1.715088
287664606,-2.428467,1.051758,0.887695
287669606,-1.097168,0.715332,0.943848
287674606,-0.449219,0.274414,0.652832
287679606,-1.249512,0.407959,0.725342
287684606,-1.71875,0.25708,1.375
287689606,-0.900146,0.263672,1.181641
287694606,0.032959,0.177979,1.036865
287699606,0.095215,0.18457,1.023193
287704606,0.091797,0.212646,1.061523
287709606,0.072266,0.239258,1.031494
287714606,0.04541,0.258301,1.060791
287719606,0.080078,0.227539,1.040527
287724606,0.096924,0.189453,1.016113
287729606,0.108887,0.168945,1.011963
287734606,0.127197,0.195801,1.09668
287739606,-0.158936,0.165771,-0.844727
287744606,-1.470215,1.484375,0.272217
287749606,-1.576904,0.55542,0.962402
287754606,-1.661133,0.21167,0.943604
287759606,-0.792236,0.123047,0.88623
287764606,-0.19043,0.198486,1.036377
287769606,0.120117,0.218262,1.053955
287774606,0.061279,0.237061,1.024658
287779606,0.086182,0.230225,1.028564
287784606,0.105225,0.177246,1.00708
287789606,0.210937,0.077148,0.157959
287794606,-0.050537,0.200684,1.830322
287799606,0.149658,0.283447,1.233887
287804606,-0.059326,0.23584,0.893066
287809606,0.061768,0.188477,0.899414
287814606,0.116455,0.155273,0.936035
287819606,0.096924,0.185547,1.00415
287824606,0.105469,0.180176,1.003174
287829606,0.052979,0.250977,1.047607
287834606,-0.117676,0.307861,1.192627
287839606,-0.371338,0.222168,0.869141
287844606,0.045898,0.188477,1.050049
287849606,0.085937,0.215576,1.109863
287854606,0.120117,0.212402,1.05835
287859606,0.065918,0.241699,1.063721
287864606,0.117188,0.243652,1.213623
287869606,0.103516,0.254395,1.307373
287874606,0.109863,0.252197,1.396973
287879606,0.117188,0.226318,1.154297
287884606,0.101318,0.235107,1.171387
287889606,0.067871,0.215576,1.040771
287894606,0.087646,0.210937,0.930664
287899606,-1.249268,1.623047,1.499268
287904606,-0.826416,0.286865,1.200928
287909606,-0.198242,0.215088,1.001953
287914606,0.070801,0.176758,0.828613
287919606,-0.019531,0.231934,0.682861
287924606,0.01416,0.165527,0.92334
287929606,0.040039,0.16333,0.853516
287934606,-0.566895,0.627441,0.841064
287939606,-0.164307,0.15918,0.910889
287944606,0.103516,0.171875,0.91333
287949606,0.067139,0.195801,0.929932
287954606,0.083252,0.216064,1.035645
287959606,0.099365,0.213623,1.077637
287964606,0.101563,0.209473,1.082275
287969606,0.101807,0.204102,1.057617
287974606,0.090332,0.201904,1.023926
287979606,0.083008,0.207764,1.018311
287984606,0.087402,0.206787,1.009521
287989606,0.082764,0.201904,1.009766
287994606,0.091797,0.200439,1.018066
287999606,0.094238,0.20459,1.027832
288004606,0.093994,0.206299,1.029785
288009606,0.088623,0.205322,1.03418
288014606,0.087891,0.204346,1.029785
288019606,0.088379,0.205078,1.027344
288024606,0.094971,0.201172,1.027344
288029606,0.093018,0.20459,1.025391
288034606,0.087646,0.203369,1.023926
288039606,0.088623,0.206787,1.022705
288044606,0.092773,0.204346,1.026611
288049606,0.092041,0.204102,1.026855
288054606,0.091064,0.20752,1.030273
288059606,0.088623,0.205811,1.023438
288064606,0.088623,0.20752,1.033203
288069606,0.089355,0.203613,1.02002
288074606,0.086182,0.203369,1.023438
288079606,0.091309,0.205566,1.02832
288084606,0.090088,0.203857,1.026367
288089606,0.089355,0.20459,1.020752
288094606,0.089355,0.202637,1.028809
288099606,0.092773,0.207275,1.027832
288104606,0.0896,0.204346,1.034912
288109606,0.090576,0.202637,1.027588
288114606,0.086182,0.204834,1.024658
288119606,0.08667,0.206787,1.031494
288124606,0.090088,0.205811,1.030762
288129606,0.087646,0.205322,1.028564
288134606,0.088379,0.20459,1.033691
288139606,0.088623,0.206543,1.020996
288144606,0.0896,0.206055,1.023193
288149606,0.093506,0.203125,1.027344
288154606,0.092773,0.202393,1.029297
288159606,0.089111,0.20459,1.026611
288164606,0.087158,0.205566,1.026855
288169606,0.085205,0.205566,1.018799
288174606,0.087158,0.208252,1.024414
288179606,0.087891,0.209229,1.032227
288184606,0.09082,0.203857,1.030762
288189606,0.087402,0.208984,1.028809
288194606,0.086914,0.206543,1.022949
288199606,0.089355,0.205322,1.022217
288204606,0.088623,0.205322,1.02417
288209606,0.091553,0.200684,1.019775
288214606,0.0896,0.202637,1.025146
288219606,0.091553,0.20459,1.02002
288224606,0.09082,0.206299,1.026123
288229606,0.090576,0.208252,1.023438
288234606,0.09082,0.207275,1.027832
288239606,0.091309,0.207275,1.035889
288244606,0.090088,0.20874,1.023926
288249606,0.085937,0.205078,1.027832
288254606,0.090332,0.206299,1.030518
288259606,0.090088,0.204102,1.019531
288264606,0.0896,0.206543,1.024902
288269606,0.090088,0.203125,1.024902
288274606,0.091797,0.205322,1.022949
288279606,0.090576,0.208984,1.029297
288284606,0.089111,0.20459,1.025146
288289606,0.088135,0.202637,1.020996
288294606,0.0896,0.208496,1.022949
288299606,0.091797,0.204102,1.030273
288304606,0.086426,0.206787,1.032471
288309606,0.087646,0.206543,1.025879
288314606,0.086426,0.206299,1.024902
288319606,0.090332,0.204102,1.022949
288324606,0.089111,0.203613,1.025146
288329606,0.091064,0.206543,1.023193
288334606,0.090332,0.206055,1.025635
288339606,0.093506,0.205566,1.028809
288344606,0.089844,0.20874,1.026855
288349606,0.091064,0.208252,1.024414
288354606,0.087891,0.205322,1.026855
288359606,0.089111,0.207031,1.027344
288364606,0.087891,0.207764,1.025146
288369606,0.091797,0.204346,1.029053
288374606,0.086914,0.209961,1.022461
288379606,0.087158,0.20459,1.024902
288384606,0.090576,0.209473,1.033936
288389606,0.091309,0.207764,1.039063
288394606,0.090088,0.206299,1.023193
288399606,0.089844,0.204834,1.023682
288404606,0.0896,0.202148,1.024414
288409606,0.088379,0.203857,1.030518
288414606,0.09082,0.206299,1.023193
288419606,0.092529,0.203369,1.032227
288424606,0.092529,0.205322,1.022705
288429606,0.095947,0.205811,1.024902
288434606,0.092285,0.203613,1.021729
288439606,0.091553,0.201172,1.020508
288444606,0.0896,0.207275,1.02832
288449606,0.088867,0.208496,1.031006
288454606,0.086182,0.204346,1.022217
288459606,0.087646,0.209717,1.021484
288464606,0.087891,0.205566,1.030762
288469606,0.086914,0.208252,1.025879
288474606,0.091064,0.20752,1.031738
288479606,0.086426,0.204102,1.025391
288484606,0.090332,0.207764,1.026855
288489606,0.093262,0.206543,1.023926
288494606,0.093018,0.201904,1.023926
288499606,0.092041,0.206787,1.030762
288504606,0.093506,0.204102,1.024658
288509606,0.089844,0.208008,1.02124
288514606,0.09375,0.202637,1.025635
288519606,0.093018,0.205322,1.026855
288524606,0.087646,0.205322,1.024658
288529606,0.092041,0.208496,1.023926
288534606,0.093506,0.204346,1.024414
288539606,0.091553,0.203369,1.025146
288544606,0.09375,0.201172,1.020264
288549606,0.09375,0.202393,1.025146
288554606,0.090088,0.205322,1.024658
288559606,0.083252,0.207031,1.023926
288564606,0.0896,0.203125,1.011963
288569606,0.079102,0.208496,1.028076
288574606,0.106201,0.213867,1.058105
288579606,0.077637,0.201904,0.999512
288584606,0.083496,0.203613,1.017578
288589606,0.092285,0.216309,1.050293
288594606,0.089111,0.201904,1.022217
288599606,0.091064,0.208252,1.024414
288604606,0.096436,0.205566,1.022461
288609606,0.09082,0.198975,1.020752
288614606,0.0896,0.203857,1.026855
288619606,0.098145,0.201416,1.022461
288624606,0.089355,0.205566,1.03125
288629606,0.090332,0.204102,1.014404
288634606,0.09082,0.204834,1.02002
288639606,0.088867,0.205811,1.025635
288644606,0.092041,0.201904,1.029785
288649606,0.085937,0.210449,1.028564
288654606,0.086182,0.20874,1.032715
288659606,0.09082,0.20874,1.025391
288664606,0.093994,0.206299,1.017578
288669606,0.091553,0.206787,1.030762
288674606,0.091309,0.209717,1.027832
288679606,0.091064,0.208008,1.025635
288684606,0.093018,0.210205,1.019287
288689606,0.093018,0.205811,1.022217
288694606,0.092773,0.203857,1.02417
288699606,0.091553,0.205078,1.025879
288704606,0.092529,0.208008,1.024658
288709606,0.085693,0.209961,1.032715
288714606,0.090088,0.207275,1.024902
288719606,0.0896,0.202393,1.020996
288724606,0.084717,0.206543,1.025146
288729606,0.087891,0.210937,1.026123
288734606,0.0896,0.20752,1.028076
288739606,0.090576,0.209473,1.025391
288744606,0.094727,0.206299,1.022461
288749606,0.093506,0.203369,1.019043
288754606,0.091309,0.203857,1.02832
288759606,0.092773,0.208008,1.0271
288764606,0.091309,0.208252,1.020264
288769606,0.090576,0.207031,1.018799
288774606,0.087402,0.205078,1.02417
288779606,0.087891,0.207275,1.029541
288784606,0.087158,0.205322,1.027832
288789606,0.087891,0.208008,1.026611
288794606,0.088135,0.20459,1.029541
288799606,0.091309,0.206543,1.032471
288804606,0.086182,0.207031,1.029541
288809606,0.088867,0.204834,1.019775
288814606,0.094482,0.209473,1.029053
288819606,0.087402,0.208984,1.028809
288824606,0.086914,0.212158,1.024414
288829606,0.0896,0.20459,1.02417
288834606,0.091064,0.205322,1.02417
288839606,0.090088,0.212646,1.027344
288844606,0.088623,0.210449,1.025635
288849606,0.0896,0.205811,1.026123
288854606,0.090576,0.206055,1.021729
288859606,0.089844,0.205322,1.023926
288864606,0.090576,0.206299,1.021484
288869606,0.085693,0.208984,1.026123
288874606,0.090332,0.205566,1.023682
288879606,0.091553,0.208252,1.0271
288884606,0.0896,0.205322,1.030762
288889606,0.092773,0.205566,1.024902
288894606,0.096191,0.205322,1.027832
288899606,0.087158,0.201904,1.025635
288904606,0.087158,0.203857,1.033447
288909606,0.093262,0.202637,1.026123
288914606,0.089355,0.204102,1.024414
288919606,0.090332,0.207764,1.029053
288924606,0.091309,0.200684,1.028564
288929606,0.089844,0.20752,1.026367
288934606,0.092773,0.204346,1.030273
288939606,0.090576,0.204346,1.020264
288944606,0.089844,0.203613,1.02417
288949606,0.087158,0.207764,1.024902
288954606,0.087891,0.207764,1.017822
288959606,0.092041,0.20874,1.028076
288964606,0.092041,0.20752,1.030273
288969606,0.089111,0.206787,1.023193
288974606,0.092529,0.206543,1.032471
288979606,0.090088,0.207275,1.028564
288984606,0.090576,0.209473,1.026855
288989606,0.092041,0.205811,1.026855
288994606,0.08667,0.205078,1.029541
288999606,0.088867,0.205811,1.032715
289004606,0.093018,0.206543,1.03125
289009606,0.087158,0.203369,1.022705
289014606,0.08667,0.207764,1.023926
289019606,0.091797,0.210937,1.023193
289024606,0.091064,0.207275,1.02832
289029606,0.090576,0.204834,1.026611
289034606,0.084229,0.204346,1.026855
289039606,0.088867,0.207764,1.023438
289044606,0.088135,0.207764,1.024658
289049606,0.088867,0.207275,1.024902
289054606,0.091309,0.205078,1.018799
289059606,0.093506,0.204102,1.022461
289064606,0.092529,0.207031,1.022705
289069606,0.091553,0.207275,1.021729
289074606,0.087891,0.202148,1.027344
289079606,0.087158,0.206055,1.024414
289084606,0.089355,0.206055,1.026855
289089606,0.093506,0.207275,1.032471
289094606,0.094482,0.208984,1.025879
289099606,0.092041,0.200439,1.02832
289104606,0.090332,0.207764,1.028809
289109606,0.088867,0.205078,1.027832
289114606,0.087646,0.202393,1.024902
289119606,0.0896,0.205566,1.029785
289124606,0.091309,0.206299,1.030762
289129606,0.091797,0.204102,1.02832
289134606,0.091309,0.204102,1.02417
289139606,0.087646,0.205811,1.024658
289144606,0.088867,0.207764,1.021729
289149606,0.091797,0.20752,1.017334
289154606,0.09375,0.21167,1.0271
289159606,0.08667,0.209229,1.02417
289164606,0.087891,0.208496,1.024414
289169606,0.090332,0.205811,1.028809
289174606,0.091553,0.206055,1.029297
289179606,0.086426,0.212402,1.027344
289184606,0.091797,0.207275,1.0354
289189606,0.093262,0.206299,1.026855
289194606,0.092529,0.207275,1.029785
289199606,0.091797,0.207275,1.023193
289204606,0.090332,0.206787,1.022461
289209606,0.088135,0.205811,1.026611
289214606,0.089844,0.206299,1.02832
289219606,0.091064,0.206299,1.020508
289224606,0.091553,0.209473,1.025146
289229606,0.091797,0.206543,1.030029
289234606,0.089111,0.205811,1.02832
289239606,0.092041,0.207275,1.025391
289244606,0.088135,0.20752,1.023682
289249606,0.091797,0.206299,1.026123
289254606,0.093262,0.207031,1.030273
289259606,0.09082,0.205811,1.031982
289264606,0.092529,0.20752,1.026367
289269606,0.089111,0.206299,1.026855
289274606,0.094971,0.202148,1.024658
289279606,0.089111,0.202393,1.028076
289284606,0.093994,0.205078,1.030762
289289606,0.091797,0.208252,1.0271
289294606,0.088867,0.209229,1.026367
289299606,0.088623,0.206787,1.028076
289304606,0.092285,0.205322,1.030518
289309606,0.09082,0.210449,1.026123
289314606,0.085693,0.209961,1.030273
289319606,0.089844,0.207275,1.025391
289324606,0.090088,0.207031,1.025146
289329606,0.0896,0.200684,1.024658
289334606,0.090088,0.207031,1.023438
289339606,0.088867,0.206543,1.019287
289344606,0.087158,0.205078,1.025391
289349606,0.092285,0.206543,1.028809
289354606,0.088135,0.20752,1.025635
289359606,0.086914,0.20874,1.025879
289364606,0.087891,0.206787,1.026123
289369606,0.091553,0.204834,1.027344
289374606,0.091553,0.206543,1.028076
289379606,0.091064,0.21167,1.030273
289384606,0.085205,0.206543,1.021973
289389606,0.0896,0.207275,1.023682
289394606,0.0896,0.20459,1.024658
289399606,0.093262,0.205322,1.0271
289404606,0.088379,0.209717,1.028076
289409606,0.084961,0.204834,1.025635
289414606,0.089111,0.209961,1.027588
289419606,0.092773,0.204102,1.025391
289424606,0.089355,0.206543,1.033691
289429606,0.094971,0.209961,1.02832
289434606,0.090088,0.206787,1.023193
289439606,0.091309,0.207764,1.024658
289444606,0.671875,-0.440918,-4.0
289449606,-4.0,-0.83667,-0.520264
289454606,-1.472656,3.662842,3.999878
289459606,-1.633301,0.415039,1.245361
289464606,-1.610596,-1.372559,2.557373
289469606,-1.844238,1.210693,-0.724854
289474606,0.570068,0.168213,-2.177979
289479606,-0.24585,0.536377,-3.061768
289484606,-1.269043,1.25708,0.073975
289489606,-1.262207,0.702881,0.997559
289494606,-0.41748,0.174561,1.33667
289499606,-0.425781,1.194824,3.999878
289504606,-0.366943,2.013428,0.48999
289509606,0.01123,0.340332,1.303711
289514606,-1.319336,1.705322,3.999878
289519606,-1.628418,2.496094,-2.489014
289524606,-1.166016,-0.287842,-2.883057
289529606,-1.717529,1.288086,-2.060791
289534606,-0.873535,1.287109,-1.173096
289539606,-0.993896,1.142334,0.545166
289544606,-0.584229,0.210937,0.975342
289549606,0.385498,0.802979,-2.47168
289554606,0.057373,0.60498,0.960693
289559606,0.108643,0.189453,0.861572
289564606,0.03833,0.239014,0.959229
289569606,0.037842,0.431152,0.729248
289574606,-0.019043,0.321289,1.07666
289579606,0.107178,0.165039,0.936279
289584606,0.087646,0.23877,1.051514
289589606,0.166748,0.174072,1.13623
289594606,0.124756,0.24292,1.155762
289599606,0.004395,0.513672,1.065186
289604606,0.033447,2.135742,1.094727
289609606,0.0979,0.606445,1.040283
289614606,0.115234,0.25,1.076172
289619606,0.108398,0.195801,1.023926
289624606,0.081787,0.209473,1.003174
289629606,0.066162,0.239258,1.030273
289634606,0.087402,0.226562,1.026367
289639606,0.109375,0.200928,1.046631
289644606,0.118164,0.190186,1.006348
289649606,0.104492,0.179199,0.959961
289654606,0.111328,0.281982,1.048096
289659606,0.110107,0.278564,1.172119
289664606,0.119141,0.386719,1.268311
289669606,0.065186,0.210693,0.916016
289674606,0.106445,0.195557,1.040283
289679606,0.104004,0.175781,1.000244
289684606,0.084473,0.21582,1.004395
289689606,0.063965,0.216309,1.000244
289694606,0.082764,0.216797,1.013672
289699606,0.095703,0.206299,1.105469
289704606,0.095703,0.187012,1.057861
289709606,0.091797,0.195068,1.045166
289714606,0.05957,0.239502,0.994385
289719606,-0.013184,0.256104,0.976074
289724606,0.097656,0.239258,0.981201
289729606,0.059814,0.205811,0.978516
289734606,0.099854,0.162354,0.977051
289739606,0.078369,0.20459,0.996582
289744606,0.099365,0.237061,1.095703
289749606,0.09668,0.239502,1.104004
289754606,0.102783,0.218994,1.079834
289759606,0.123047,0.40332,0.944092
289764606,0.155762,0.402344,0.926025
289769606,0.052734,0.212402,1.080811
289774606,0.096924,0.254883,1.049072
289779606,0.080322,0.241943,1.108398
289784606,0.110596,0.222656,0.984131
289789606,0.084961,0.18335,1.003174
289794606,0.084717,0.192139,1.013428
289799606,0.061523,0.226807,0.994385
289804606,0.141113,0.240479,1.116211
289809606,0.157227,0.242432,1.152588
289814606,0.027588,0.362549,0.995361
289819606,0.125,0.301025,0.925781
289824606,0.05957,0.239502,1.024902
289829606,0.089355,0.205078,1.079346
289834606,0.105713,0.21875,1.113281
289839606,0.100342,0.21167,1.048828
289844606,0.09668,0.189453,1.004395
289849606,0.064453,0.19873,0.923828
289854606,0.102295,0.272217,0.963623
289859606,0.083496,0.264404,1.130615
289864606,0.109375,0.262695,1.05542
289869606,0.086182,0.1875,1.018555
289874606,0.088867,0.167969,0.954346
289879606,0.084473,0.224854,1.023438
289884606,0.108398,0.202393,1.073975
289889606,0.138672,0.39624,1.151123
289894606,0.1521,1.008545,1.289795
289899606,0.119873,0.2854,0.997559
289904606,0.095703,0.205811,1.010254
289909606,0.067383,0.205566,1.014404
289914606,0.120117,0.224609,1.074951
289919606,0.101318,0.239746,1.10498
289924606,0.050293,0.902344,1.164063
289929606,0.062012,0.231445,1.007324
289934606,0.106934,0.206055,1.001465
289939606,0.108398,0.214355,1.092285
289944606,0.077881,0.213867,1.013672
289949606,0.085205,0.214355,1.060791
289954606,0.021973,0.188232,0.899414
289959606,0.104492,1.06543,1.117188
289964606,0.106689,0.212891,1.042236
289969606,0.044922,0.215088,0.976318
289974606,0.104736,0.193848,1.040283
289979606,0.066895,0.202637,1.028564
289984606,0.081787,0.637207,1.062744
289989606,0.127197,0.200195,1.072266
289994606,0.062744,0.226807,0.94751
289999606,0.080811,0.207764,0.916748
290004606,0.125732,0.276611,1.123535
290009606,0.092773,0.246826,1.089355
290014606,0.052002,0.21875,0.943848
290019606,0.076904,0.192383,1.075195
290024606,0.095703,0.209717,1.005127
290029606,0.105713,0.195312,0.990967
290034606,0.020508,0.172607,0.844482
290039606,0.091309,0.178467,0.942139
290044606,0.084473,0.233887,1.060791
290049606,0.099121,0.213623,1.052979
290054606,0.084473,0.216553,1.012695
290059606,0.092041,0.197754,0.992187
290064606,0.086182,0.210693,1.023193
290069606,0.091309,0.222656,1.041748
290074606,0.09082,0.216553,1.028564
290079606,0.083496,0.213379,1.016602
290084606,0.086182,0.203369,1.009033
290089606,0.096436,0.209473,1.0354
290094606,0.089111,0.2146,1.037842
290099606,0.08667,0.220459,1.036621
290104606,0.08374,0.215088,1.015381
290109606,0.091797,0.216064,1.025879
290114606,0.095459,0.211914,1.02832
290119606,0.09375,0.208496,1.022461
290124606,0.089111,0.21167,1.02832
290129606,0.087646,0.211914,1.018311
290134606,0.085693,0.215576,1.027832
290139606,0.095947,0.210693,1.026123
290144606,0.0896,0.209961,1.022461
290149606,0.09375,0.217529,1.022461
290154606,0.080078,0.213623,1.021973
290159606,0.087158,0.210693,1.031494
290164606,0.091553,0.214111,1.032959
290169606,0.089355,0.204102,1.023193
290174606,0.085449,0.211426,1.031738
290179606,0.088135,0.218018,1.029053
290184606,0.085693,0.218018,1.02002
290189606,0.087646,0.212158,1.023438
290194606,0.094727,0.209717,1.022217
290199606,0.092529,0.212158,1.022949
290204606,0.092529,0.213135,1.025146
290209606,0.087402,0.21167,1.025146
290214606,0.087402,0.21167,1.025635
290219606,0.091797,0.209229,1.019043
290224606,0.086426,0.206299,1.0271
290229606,0.088867,0.210449,1.021729
290234606,0.091309,0.215088,1.024658
290239606,0.086182,0.214111,1.019043
290244606,0.090088,0.211426,1.023926
290249606,0.088867,0.207764,1.021484
290254606,0.093262,0.209229,1.026123
290259606,0.088623,0.212402,1.026123
290264606,0.08667,0.215088,1.025879
290269606,0.088867,0.213135,1.027588
290274606,0.090088,0.214844,1.022949
290279606,0.090088,0.212158,1.022705
290284606,0.089844,0.2146,1.021729
290289606,0.087402,0.213379,1.022949
290294606,0.089111,0.2146,1.02832
290299606,0.085937,0.215576,1.022705
290304606,0.088135,0.209473,1.02417
290309606,0.091064,0.210693,1.026367
290314606,0.092773,0.213867,1.027832
290319606,0.090576,0.213135,1.028809
290324606,0.087646,0.213379,1.026855
290329606,0.088623,0.210937,1.02124
290334606,0.089355,0.213623,1.019043
290339606,0.091064,0.214355,1.023926
290344606,0.091797,0.210693,1.020752
290349606,0.090088,0.213867,1.025635
290354606,0.089844,0.213135,1.0271
290359606,0.08374,0.21582,1.025391
290364606,0.092285,0.21582,1.03125
290369606,0.088379,0.21582,1.02417
290374606,0.087158,0.212158,1.018799
290379606,0.090332,0.213379,1.023193
290384606,0.088623,0.214355,1.026367
290389606,0.088379,0.212646,1.026611
290394606,0.085449,0.211914,1.022949
290399606,0.089844,0.21582,1.02417
290404606,0.092529,0.211182,1.020752
290409606,0.087891,0.210205,1.023682
290414606,0.087158,0.215088,1.023438
290419606,0.086182,0.214355,1.026367
290424606,0.087158,0.210449,1.028076
290429606,0.087646,0.211426,1.029785
290434606,0.085937,0.207764,1.021729
290439606,0.091309,0.217041,1.021973
290444606,0.091309,0.217285,1.023193
290449606,0.084717,0.216553,1.025635
290454606,0.087646,0.211914,1.02417
290459606,0.090088,0.212402,1.033447
290464606,0.09082,0.212891,1.024414
290469606,0.09082,0.210937,1.029541
290474606,0.090576,0.212891,1.028076
290479606,0.087158,0.214844,1.023193
290484606,0.091064,0.213867,1.022217
290489606,0.08374,0.213379,1.025146
290494606,0.086914,0.214111,1.013916
290499606,0.087402,0.220459,1.034424
290504606,0.099121,0.220703,1.042969
290509606,0.082764,0.208984,1.000732
290514606,0.097412,0.209473,1.016113
290519606,0.093018,0.217041,1.038086
290524606,0.09082,0.20459,1.02417
290529606,0.08667,0.216553,1.026855
290534606,0.091309,0.214844,1.017822
290539606,0.090576,0.213867,1.016602
290544606,0.085449,0.215088,1.018799
290549606,0.093262,0.212891,1.025391
290554606,0.085693,0.219482,1.036133
290559606,0.084473,0.217773,1.029541
290564606,0.09082,0.212402,1.016846
290569606,0.090088,0.20874,1.024658
290574606,0.095703,0.202881,1.018555
290579606,0.094238,0.2146,1.034424
290584606,0.089844,0.212158,1.023682
290589606,0.09375,0.213379,1.016113
290594606,0.090088,0.212402,1.019775
290599606,0.09082,0.20874,1.022705
290604606,0.087402,0.213135,1.020264
290609606,0.088379,0.210449,1.028564
290614606,0.08374,0.220459,1.026123
290619606,0.084961,0.218994,1.021729
290624606,0.086914,0.210449,1.023193
290629606,0.093262,0.213135,1.022217
290634606,0.092773,0.215576,1.026367
290639606,0.088379,0.215088,1.029541
290644606,0.092041,0.215088,1.024414
290649606,0.089355,0.213379,1.018555
290654606,0.09375,0.206055,1.023926
290659606,0.093506,0.208252,1.024902
290664606,0.082764,0.210693,1.028564
290669606,0.090576,0.215576,1.02832
290674606,0.087891,0.217041,1.029541
290679606,0.083496,0.213135,1.020264
290684606,0.089355,0.213379,1.026123
290689606,0.087402,0.212402,1.029541
290694606,0.085205,0.213379,1.025879
290699606,0.090332,0.218506,1.03125
290704606,0.085937,0.211426,1.017578
290709606,0.093994,0.208252,1.019043
290714606,0.093506,0.20752,1.019531
290719606,0.089111,0.210693,1.026123
290724606,0.085693,0.216064,1.025879
290729606,0.085449,0.21582,1.023926
290734606,0.088135,0.215088,1.018066
290739606,0.094971,0.212891,1.023926
290744606,0.088623,0.215576,1.026123
290749606,0.087891,0.212646,1.02832
290754606,0.086426,0.217041,1.03125
290759606,0.086182,0.216064,1.017334
290764606,0.089111,0.20752,1.022705
290769606,0.09082,0.212891,1.023193
290774606,0.091064,0.212646,1.027588
290779606,0.089111,0.210693,1.023682
290784606,0.093018,0.214111,1.021973
290789606,0.090088,0.216309,1.024658
290794606,0.09082,0.218018,1.025879
290799606,0.08667,0.214355,1.025635
290804606,0.089844,0.217041,1.02417
290809606,0.086182,0.218994,1.025146
290814606,0.083008,0.216064,1.024902
290819606,0.089111,0.212891,1.024902
290824606,0.091309,0.209229,1.024658
290829606,0.093506,0.208984,1.026855
290834606,0.088623,0.212646,1.028076
290839606,0.090576,0.211182,1.022705
290844606,0.092529,0.212158,1.027588
290849606,0.092285,0.2146,1.026611
290854606,0.087158,0.210693,1.023438
290859606,0.09082,0.2146,1.028076
290864606,0.087402,0.212158,1.025391
290869606,0.087158,0.2146,1.026123
290874606,0.087402,0.214355,1.028809
290879606,0.088867,0.209717,1.030029
290884606,0.091064,0.215332,1.021973
290889606,0.09082,0.214355,1.021729
290894606,0.086182,0.21167,1.025879
290899606,0.090332,0.209961,1.025146
290904606,0.093262,0.209717,1.020996
290909606,0.0896,0.208496,1.018555
290914606,0.090088,0.214111,1.025635
290919606,0.085937,0.213379,1.021484
290924606,0.088623,0.220215,1.026611
290929606,0.086426,0.208984,1.032715
290934606,0.087891,0.21582,1.025146
290939606,0.091309,0.211182,1.030273
290944606,0.085937,0.213135,1.023438
290949606,0.089844,0.21167,1.019775
290954606,0.092285,0.210693,1.022217
290959606,0.089355,0.213135,1.019531
290964606,0.088867,0.213623,1.024902
290969606,0.090576,0.211182,1.02832
290974606,0.087891,0.215576,1.019775
290979606,0.086426,0.212646,1.025879
290984606,0.088379,0.216064,1.027832
290989606,0.088379,0.212402,1.024414
290994606,0.087646,0.212402,1.024414
290999606,0.088867,0.211426,1.028809
291004606,0.089355,0.216064,1.027588
291009606,0.085937,0.213379,1.023438
291014606,0.091064,0.21582,1.018799
291019606,0.084961,0.215332,1.020264
291024606,0.087158,0.212402,1.022461
291029606,0.090088,0.215576,1.023438
291034606,0.085693,0.215576,1.024658
291039606,0.08667,0.214844,1.019043
291044606,0.091797,0.213379,1.022217
291049606,0.092529,0.213867,1.022949
291054606,0.093506,0.212646,1.030273
291059606,0.089844,0.2146,1.027344
291064606,0.0896,0.2146,1.024658
291069606,0.088135,0.215576,1.02417
291074606,0.094238,0.212158,1.023926
291079606,0.089844,0.217773,1.026611
291084606,0.089844,0.215332,1.02417
291089606,0.090088,0.211182,1.027344
291094606,0.088135,0.212158,1.023438
291099606,0.088379,0.215576,1.028076
291104606,0.089355,0.212158,1.023438
291109606,0.08667,0.215332,1.023682
291114606,0.088867,0.216064,1.029541
291119606,0.088623,0.216064,1.016846
291124606,0.087646,0.213135,1.025635
291129606,0.087646,0.2146,1.028076
291134606,0.085693,0.216797,1.02002
291139606,0.088379,0.216553,1.029541
291144606,0.088623,0.211914,1.025391
291149606,0.084961,0.212158,1.027832
291154606,0.090088,0.214111,1.021973
291159606,0.091309,0.216309,1.021729
291164606,0.087402,0.212646,1.023682
291169606,0.091064,0.212646,1.025146
291174606,0.086914,0.214111,1.026123
291179606,0.085693,0.210693,1.030518
291184606,0.09082,0.212891,1.025146
291189606,0.08667,0.214844,1.02002
291194606,0.089111,0.210205,1.028564
291199606,0.089355,0.216553,1.023193
291204606,0.092285,0.209717,1.025635
291209606,0.089355,0.212402,1.021484
291214606,0.090088,0.215332,1.026367
291219606,0.092773,0.214355,1.02417
291224606,0.091309,0.217285,1.031494
291229606,0.090088,0.211182,1.022949
291234606,0.088867,0.21875,1.022461
291239606,0.091064,0.212158,1.02124
291244606,0.087158,0.214111,1.030273
291249606,0.088623,0.213867,1.025879
291254606,0.090088,0.216064,1.026123
291259606,0.089355,0.214111,1.024902
291264606,0.08667,0.214111,1.023438
291269606,0.093506,0.214355,1.024658
291274606,0.087891,0.213867,1.021729
291279606,0.091064,0.213135,1.022705
291284606,0.091553,0.213379,1.025391
291289606,0.087891,0.213867,1.024658
291294606,0.089355,0.211426,1.026855
291299606,0.08374,0.208496,1.011963
291304606,0.094727,0.219238,1.040283
291309606,0.09082,0.221924,1.034912
291314606,0.078857,0.212402,1.01123
291319606,0.098389,0.210205,1.014893
291324606,0.087402,0.21875,1.04126
291329606,0.085937,0.215332,1.022461
291334606,0.093506,0.214355,1.0271
291339606,0.081299,0.213379,1.020752
291344606,0.090576,0.20752,1.011475
291349606,0.091797,0.216309,1.033203
291354606,0.086426,0.210693,1.020264
291359606,0.088379,0.212402,1.02124
291364606,0.092773,0.217285,1.047607
291369606,0.090088,0.210937,1.019043
291374606,0.092285,0.214355,1.024902
291379606,0.089355,0.21167,1.020264
291384606,3.999878,3.999878,-2.753662
291389606,1.649414,0.67041,3.999878
291394606,-1.469971,0.739746,2.693115
291399606,0.288574,0.112061,3.999878
291404606,-1.124512,0.03418,-0.098389
291409606,-2.576416,1.058594,0.764893
291414606,-1.03833,0.841309,1.709961
291419606,-1.232422,1.539795,0.684326
291424606,-0.93042,0.708252,1.886475
291429606,-1.274414,1.095215,1.113525
291434606,-0.855957,0.308594,-0.008057
291439606,0.0979,2.450439,-0.74292
291444606,-0.207275,0.893555,-1.685059
291449606,-0.35791,0.275146,0.664307
291454606,0.134033,0.102295,0.831299
291459606,0.038086,0.183594,0.853271
291464606,-0.263672,0.413086,1.133545
291469606,0.234863,1.020752,1.398926
291474606,0.000977,0.3396,1.380127
291479606,0.092041,0.374512,1.103271
291484606,-0.954102,-0.435791,1.862305
291489606,0.348389,0.917236,0.043701
291494606,-1.090332,-0.164795,-1.506348
291499606,-1.138184,1.303223,1.738281
291504606,-0.109619,0.187744,0.428223
291509606,-1.03833,0.033691,0.918457
291514606,0.093018,0.312256,0.768555
291519606,-0.101318,0.382324,1.7229
291524606,0.237305,0.435791,0.320313
291529606,0.115479,0.129395,0.951904
291534606,0.153564,0.127686,0.833008
291539606,0.055176,0.256348,0.924561
291544606,0.054687,0.31543,1.065186
291549606,0.044434,0.23999,1.107178
291554606,0.125732,0.159424,1.072021
291559606,0.098877,0.204346,0.859375
291564606,-0.926758,0.096191,1.69043
291569606,-1.815918,2.276367,-3.211182
291574606,0.267578,1.86377,-0.716797
291579606,-0.189209,0.746582,0.916016
291584606,0.005371,0.260742,0.823486
291589606,0.143311,0.169678,1.018311
291594606,0.0271,0.157471,0.713623
291599606,0.126953,0.236084,1.141113
291604606,0.07959,0.131348,1.249756
291609606,-0.377197,0.296143,0.584229
291614606,0.211426,0.207764,1.217773
291619606,0.084961,0.191162,0.981934
291624606,0.140869,0.236816,1.210205
291629606,0.075684,0.230957,1.022217
291634606,0.000488,0.285645,0.932373
291639606,0.027588,0.278564,1.084717
291644606,0.18335,0.199219,1.185547
291649606,0.055908,0.128662,0.841553
291654606,0.108398,0.200195,0.936523
291659606,0.093994,0.215576,1.098633
291664606,0.096924,0.233154,1.154053
291669606,0.081055,0.235352,0.988037
291674606,0.078369,0.203369,1.030518
291679606,0.09668,0.21167,1.009521
291684606,0.076416,0.175781,0.952148
291689606,0.075195,0.234619,0.99707
291694606,0.077881,0.243652,1.031738
291699606,0.086914,0.196289,1.024902
291704606,0.085449,0.205811,0.976562
291709606,0.098389,0.203369,1.001953
291714606,0.084717,0.197998,1.010742
291719606,0.070801,0.234131,1.020264
291724606,0.072266,0.259766,1.053955
291729606,0.070068,0.239014,1.012695
291734606,0.094238,0.225586,1.015625
291739606,0.097656,0.196045,1.003906
291744606,0.103027,0.190674,1.009766
291749606,0.102783,0.205811,1.030762
291754606,0.088379,0.215576,1.026123
291759606,0.093506,0.203369,1.02832
291764606,0.094482,0.211426,1.010986
291769606,0.095703,0.204102,1.012451
291774606,0.090088,0.216064,1.026855
291779606,0.080322,0.232422,1.033691
291784606,0.075684,0.235107,1.030273
291789606,0.084473,0.23291,1.037109
291794606,0.091309,0.213379,1.018555
291799606,0.090576,0.204346,1.011475
291804606,0.091797,0.207031,1.015625
291809606,0.088867,0.2146,1.026611
291814606,0.084229,0.223145,1.030029
291819606,0.089355,0.219238,1.018555
291824606,0.092773,0.210693,1.01416
291829606,0.071533,0.211182,1.042725
291834606,0.11084,0.220215,1.100586
291839606,0.095703,0.218506,1.012207
291844606,0.074951,0.220947,0.987061
291849606,0.093018,0.227783,1.038818
291854606,0.097412,0.210937,1.035645
291859606,0.086426,0.213379,1.015381
291864606,0.083496,0.213379,1.021484
291869606,0.087402,0.217285,1.029541
291874606,0.085693,0.22583,1.031006
291879606,0.087158,0.215576,1.022949
291884606,0.093018,0.207764,1.013916
291889606,0.088867,0.216064,1.02417
291894606,0.093262,0.215332,1.032471
291899606,0.087891,0.210937,1.023193
291904606,0.087891,0.216064,1.027344
291909606,0.092285,0.212646,1.02832
291914606,0.090576,0.211182,1.022705
291919606,0.091553,0.213379,1.027344
291924606,0.088867,0.225098,1.030273
291929606,0.080322,0.225586,1.019531
291934606,0.087646,0.220947,1.014404
291939606,0.088135,0.218994,1.023926
291944606,0.087646,0.210449,1.018799
291949606,0.087891,0.219482,1.024414
291954606,0.088867,0.217773,1.021484
291959606,0.086914,0.218018,1.018066
291964606,0.09082,0.213379,1.02417
291969606,0.091553,0.213379,1.024414
291974606,0.091309,0.215088,1.029785
291979606,0.087891,0.217041,1.029785
291984606,0.086914,0.222412,1.025391
291989606,0.086426,0.219971,1.02832
291994606,0.09082,0.216064,1.029053
291999606,0.088379,0.212891,1.018799
292004606,0.089355,0.2146,1.027832
292009606,0.0896,0.222168,1.037109
292014606,0.089844,0.219727,1.029053
292019606,0.08667,0.216797,1.020508
292024606,0.087402,0.217041,1.015381
292029606,0.088135,0.217529,1.019531
292034606,0.084961,0.216797,1.022461
292039606,0.088379,0.216797,1.020996
292044606,0.089844,0.216553,1.024902
292049606,0.090576,0.213867,1.015869
292054606,0.092041,0.212158,1.017822
292059606,0.093994,0.213623,1.012939
292064606,0.0896,0.216309,1.025879
292069606,0.086426,0.212402,1.021973
292074606,0.087891,0.213867,1.014893
292079606,0.090576,0.213623,1.030518
292084606,0.081055,0.218262,0.995361
292089606,0.091797,0.219971,1.043457
292094606,0.092529,0.220703,1.037598
292099606,0.087158,0.204346,1.012451
292104606,0.088379,0.208984,1.008057
292109606,0.088867,0.21167,1.024414
292114606,0.094482,0.212646,1.035889
292119606,0.086182,0.214844,1.014404
292124606,0.093262,0.214844,1.03418
292129606,0.092041,0.213623,1.02832
292134606,0.082275,0.216064,1.02417
292139606,0.0896,0.217285,1.025146
292144606,0.086182,0.220947,1.027344
292149606,0.089111,0.216309,1.020264
292154606,0.087891,0.212158,1.016357
292159606,0.092529,0.217529,1.040039
292164606,0.090576,0.228271,1.024414
292169606,0.090576,0.20874,1.00708
292174606,0.073975,0.231445,1.004395
292179606,0.081543,0.234619,1.042236
292184606,0.091309,0.230225,1.039551
292189606,0.087158,0.221924,1.012207
292194606,0.085693,0.223877,1.013428
292199606,0.085449,0.210693,1.015381
292204606,0.086182,0.214844,1.024658
292209606,0.091553,0.215576,1.022705
292214606,0.080811,0.220703,1.030029
292219606,0.096924,0.206055,1.028564
292224606,0.087402,0.233398,1.046387
292229606,0.099121,0.229736,1.040039
292234606,0.097656,0.218018,1.033203
292239606,0.099365,0.221436,1.071289
292244606,0.104492,0.21167,1.05249
292249606,0.080322,0.217041,1.014893
292254606,0.098389,0.213623,1.044678
292259606,0.097412,0.213623,1.041748
292264606,0.081055,0.215332,1.004883
292269606,0.088623,0.213867,1.030029
292274606,0.090332,0.213135,1.031738
292279606,0.089111,0.210693,1.024658
292284606,0.085205,0.216797,1.030518
292289606,0.087402,0.21582,1.032715
292294606,0.087402,0.217773,1.026855
292299606,0.091309,0.2146,1.027588
292304606,0.09082,0.21582,1.019775
292309606,0.089111,0.218506,1.021729
292314606,0.092529,0.215576,1.027588
292319606,0.090088,0.214355,1.031006
292324606,0.090088,0.215088,1.022949
292329606,0.096924,0.218018,1.014404
292334606,0.089355,0.220215,1.020264
292339606,0.088135,0.21875,1.022949
292344606,0.086182,0.218994,1.0271
292349606,0.085449,0.220703,1.024658
292354606,0.091064,0.219482,1.029053
292359606,0.086182,0.217041,1.023438
292364606,0.087891,0.218018,1.027832
292369606,0.088867,0.21582,1.02124
292374606,0.09082,0.216064,1.032227
292379606,0.087402,0.21875,1.02832
292384606,0.083252,0.21582,1.023438
292389606,0.0896,0.220459,1.032227
292394606,0.084961,0.214355,1.019287
292399606,0.090088,0.218506,1.023438
292404606,0.091553,0.219482,1.021973
292409606,0.086426,0.221436,1.026855
292414606,0.085937,0.2146,1.025879
292419606,0.086914,0.219482,1.026855
292424606,0.091797,0.221436,1.024414
292429606,0.085449,0.218506,1.027832
292434606,0.089111,0.216064,1.029297
292439606,0.08667,0.217285,1.0271
292444606,0.09082,0.211182,1.022461
292449606,0.088135,0.215332,1.02002
292454606,0.090576,0.2146,1.023926
292459606,0.087646,0.210937,1.021973
292464606,0.094727,0.209229,1.031738
292469606,0.08374,0.212402,1.028564
292474606,0.092285,0.212891,1.021973
292479606,0.09375,0.211914,1.016846
292484606,0.085205,0.208252,1.026367
292489606,0.094971,0.222412,1.030762
292494606,0.091553,0.215576,1.025146
292499606,0.08252,0.220947,1.017334
292504606,0.093262,0.21582,1.021729
292509606,0.089355,0.213135,1.027344
292514606,0.0896,0.219238,1.024658
292519606,0.091309,0.212646,1.023682
292524606,0.082764,0.220215,1.025146
292529606,0.090332,0.220703,1.024414
292534606,0.088135,0.212158,1.019043
292539606,0.089355,0.216309,1.024902
292544606,0.09082,0.212402,1.021973
292549606,0.086426,0.22168,1.025391
292554606,0.084961,0.2229,1.017822
292559606,0.085937,0.21582,1.020264
292564606,0.088867,0.216553,1.025879
292569606,0.0896,0.214111,1.023193
292574606,0.08667,0.216797,1.029785
292579606,0.090332,0.215088,1.023193
292584606,0.084717,0.216553,1.02124
292589606,0.090088,0.213623,1.018066
292594606,0.090332,0.214111,1.020508
292599606,0.092041,0.218262,1.030518
292604606,0.089844,0.21582,1.025146
292609606,0.088379,0.218262,1.024902
292614606,0.087402,0.2146,1.018555
292619606,0.090332,0.212891,1.02417
292624606,0.092041,0.215576,1.032959
292629606,0.089111,0.218018,1.026611
292634606,0.095703,0.212891,1.027588
292639606,0.088867,0.217773,1.022705
292644606,0.091797,0.212158,1.027832
292649606,0.094971,0.212891,1.027588
292654606,0.089844,0.215576,1.025391
292659606,0.088379,0.216553,1.025635
292664606,0.087158,0.221436,1.029297
292669606,0.088867,0.217773,1.024902
292674606,0.089844,0.213867,1.02124
292679606,0.094971,0.215088,1.025635
292684606,0.091797,0.217285,1.02832
292689606,0.090088,0.216309,1.020752
292694606,0.089111,0.213867,1.020752
292699606,0.092285,0.215332,1.018799
292704606,0.089844,0.2146,1.021973
292709606,0.087891,0.216064,1.021973
292714606,0.087402,0.219238,1.026123
292719606,0.090332,0.220215,1.020996
292724606,0.086914,0.221436,1.029541
292729606,0.088379,0.220215,1.024902
292734606,0.087402,0.218994,1.020264
292739606,0.088623,0.214844,1.021729
292744606,0.088379,0.21875,1.019287
292749606,0.088867,0.217529,1.02417
292754606,0.089355,0.216553,1.019287
292759606,0.089844,0.214355,1.022217
292764606,0.087402,0.216309,1.025635
292769606,0.091309,0.216553,1.0271
292774606,0.0896,0.216797,1.024902
292779606,0.089844,0.214355,1.025635
292784606,0.089355,0.218018,1.021484
292789606,0.086426,0.211914,1.02417
292794606,0.088867,0.218018,1.025146
292799606,0.084961,0.219971,1.025391
292804606,0.087402,0.219971,1.020752
292809606,0.089844,0.219238,1.022461
292814606,0.086426,0.219971,1.026367
292819606,0.091553,0.219238,1.028809
292824606,0.09082,0.215332,1.025391
292829606,0.089844,0.217285,1.026611
292834606,0.092529,0.216064,1.022705
292839606,0.091309,0.216309,1.022461
292844606,0.088623,0.212158,1.019287
292849606,0.088379,0.216553,1.028076
292854606,0.093262,0.218506,1.020752
292859606,0.089111,0.219238,1.025146
292864606,0.08667,0.217041,1.024414
292869606,0.088623,0.216064,1.025879
292874606,0.087891,0.211426,1.025879
292879606,0.08667,0.218262,1.023682
292884606,0.09082,0.220947,1.029541
292889606,0.087158,0.219971,1.025635
292894606,0.086914,0.21582,1.022217
292899606,0.087402,0.218994,1.026611
292904606,0.083008,0.213135,1.025879
292909606,0.087891,0.218994,1.025146
292914606,0.085449,0.214844,1.024658
292919606,0.089844,0.214111,1.029053
292924606,0.0896,0.219482,1.012451
292929606,0.089111,0.21875,1.027588
292934606,0.090332,0.217773,1.023193
292939606,0.087646,0.217285,1.021973
292944606,0.092285,0.215088,1.024902
292949606,0.09082,0.218018,1.020508
292954606,0.088867,0.220215,1.02832
292959606,0.090576,0.217285,1.022949
292964606,0.088379,0.215576,1.029053
292969606,0.090088,0.220215,1.018066
292974606,0.084961,0.216064,1.023926
292979606,0.089844,0.216309,1.022705
292984606,0.093018,0.218018,1.02417
292989606,0.09082,0.217529,1.021484
292994606,0.087158,0.212891,1.025146
292999606,0.088867,0.217529,1.028076
293004606,0.089844,0.217285,1.023193
293009606,0.091064,0.216797,1.024658
293014606,0.088379,0.220459,1.0271
293019606,0.089844,0.219971,1.025879
293024606,0.088135,0.216309,1.025635
293029606,0.088135,0.217285,1.010986
293034606,0.088135,0.216064,1.01709
293039606,0.089111,0.216309,1.026611
293044606,0.088379,0.211914,1.017822
293049606,0.085693,0.217529,1.016113
293054606,0.088135,0.215088,1.022949
293059606,0.089844,0.219727,1.025391
293064606,0.087158,0.215088,1.031738
293069606,0.089355,0.216064,1.023926
293074606,0.091064,0.216553,1.021484
293079606,0.089355,0.220459,1.030518
293084606,0.087158,0.21582,1.02417
293089606,0.093262,0.21875,1.025391
293094606,0.091309,0.217773,1.027588
293099606,0.089844,0.215332,1.024658
293104606,0.091064,0.218506,1.022217
293109606,0.091553,0.214111,1.026367
293114606,0.090088,0.215332,1.026855
293119606,0.08374,0.215332,1.022461
293124606,0.087402,0.216553,1.024414
293129606,0.086914,0.218506,1.025146
293134606,0.093262,0.218994,1.023193
293139606,0.088379,0.216064,1.024414
293144606,0.090576,0.21582,1.027344
293149606,0.088135,0.216797,1.028076
293154606,0.087158,0.217041,1.020264
293159606,0.090332,0.21875,1.023926
293164606,0.08667,0.21582,1.017822
293169606,0.088867,0.218506,1.025879
293174606,0.085449,0.217285,1.02832
293179606,0.090332,0.216064,1.02002
293184606,0.090088,0.217041,1.0271
293189606,0.09082,0.215332,1.019043
293194606,0.089355,0.216553,1.019531
293199606,0.090088,0.213135,1.025635
293204606,0.085937,0.217529,1.018311
293209606,0.086914,0.219727,1.023438
293214606,0.087402,0.215088,1.025391
293219606,0.089844,0.218262,1.023926
293224606,0.090576,0.217041,1.023682
293229606,0.091309,0.218506,1.021484
293234606,0.086914,0.218262,1.022461
293239606,0.088623,0.217285,1.019287
293244606,0.087891,0.215576,1.013916
293249606,0.091309,0.214111,1.020508
293254606,0.089844,0.216797,1.023926
293259606,0.088135,0.218018,1.024902
293264606,0.091553,0.213135,1.022949
293269606,0.089355,0.216064,1.029297
293274606,0.089844,0.216797,1.025146
293279606,0.088379,0.217285,1.020508
293284606,0.088867,0.215088,1.025635
293289606,0.088867,0.217041,1.017334
293294606,0.087891,0.214355,1.02124
293299606,-0.873535,1.833252,-2.914063
293304606,3.999878,-2.435059,-0.04248
293309606,-0.162842,2.511719,3.999878
293314606,0.381836,-0.144775,1.440674
293319606,0.076416,1.717773,-1.216309
293324606,-0.345215,1.788086,-4.0
293329606,-0.69043,2.369141,-2.529297
293334606,-0.402832,2.543701,0.657471
293339606,-0.154297,1.633301,-0.231934
293344606,-0.278809,0.111572,1.282471
293349606,-1.269043,1.548828,0.60083
293354606,-0.649902,1.303223,-0.246826
293359606,-0.883545,0.719727,-0.403076
293364606,0.125,1.794189,1.114746
293369606,0.111572,0.374268,1.146729
293374606,-0.319092,0.789062,1.33667
293379606,0.134766,0.19165,0.976562
293384606,0.040039,0.224121,0.906006
293389606,0.061523,0.288086,1.164063
293394606,0.054687,0.284668,1.147949
293399606,0.083984,0.279785,0.924561
293404606,0.075928,0.170654,1.050781
293409606,-0.983887,0.934082,1.490234
293414606,-1.111328,0.396973,0.619629
293419606,-0.251221,0.216309,1.258301
293424606,-1.578369,1.620605,-0.7854
293429606,-0.235352,0.401855,-3.381348
293434606,-0.664551,1.901123,-0.164551
293439606,0.233154,0.722412,1.475098
293444606,-0.209961,0.200928,0.991699
293449606,0.079102,0.174561,0.96167
293454606,0.079102,0.240479,0.977051
293459606,0.02124,0.290283,1.036377
293464606,0.063965,0.29834,1.0896
293469606,0.096191,0.267578,1.070801
293474606,0.056885,0.22583,0.988037
293479606,0.062988,0.248291,1.048828
293484606,0.054687,0.287842,1.049072
293489606,0.073242,0.274658,1.029297
293494606,0.108643,0.168457,1.024902
293499606,0.147949,0.171143,0.968506
293504606,0.14209,0.166504,1.012207
293509606,0.093994,0.172119,1.005127
293514606,0.078857,0.18042,0.970947
293519606,-0.356689,1.588379,3.794434
293524606,-0.466309,2.516357,0.430664
293529606,0.111572,2.182373,1.208008
293534606,-0.042236,1.475098,1.175537
293539606,0.240479,0.091064,1.071045
293544606,0.063477,0.216064,0.941162
293549606,0.0625,0.294189,0.996826
293554606,0.088867,0.241943,1.088867
293559606,0.282959,0.267334,1.714355
293564606,-0.047607,0.174316,0.590576
293569606,0.093262,0.187012,0.930176
293574606,0.087891,0.263428,1.1875
293579606,0.11084,0.203613,1.05542
293584606,0.078613,0.223633,0.978027
293589606,0.106445,0.151367,0.976562
293594606,0.039063,0.197021,1.205322
293599606,0.166016,0.223145,1.195313
293604606,0.024414,0.167969,0.855225
293609606,0.070557,0.287109,1.088379
293614606,0.106934,0.224365,1.050293
293619606,0.054199,0.219482,0.957031
293624606,0.15625,0.165771,0.851318
293629606,-0.087402,0.214355,0.836426
293634606,0.145752,0.25708,1.082031
293639606,0.101318,0.248047,1.11377
293644606,0.095215,0.181396,0.9646
293649606,0.095459,0.169434,0.968994
293654606,0.040039,0.148926,0.752441
293659606,0.089844,0.282471,1.269775
293664606,0.151611,0.21875,0.962402
293669606,0.0271,0.232178,0.933838
293674606,0.12207,0.207275,1.098389
293679606,0.109619,0.17749,1.009766
293684606,0.131592,0.274414,1.262451
293689606,0.082764,0.234863,0.913574
293694606,0.045166,0.240479,1.020752
293699606,0.098877,0.2229,1.033203
293704606,0.10376,0.207764,1.049072
293709606,0.080566,0.216309,0.968262
293714606,0.088135,0.252441,0.996338
293719606,0.081055,0.266846,1.120117
293724606,0.086426,0.229248,0.983398
293729606,0.12915,0.177979,1.052246
293734606,0.053467,0.160889,0.87793
293739606,0.107422,0.206787,1.044678
293744606,0.085449,0.247559,1.080811
293749606,0.076172,0.207764,0.976807
293754606,0.051514,0.274902,1.214355
293759606,0.12207,0.238037,1.089111
293764606,0.074219,0.175293,0.95166
293769606,0.088867,0.224854,1.050049
293774606,0.119385,0.19043,1.014893
293779606,0.028076,0.226318,0.9375
293784606,0.092529,0.2229,1.057373
293789606,0.108398,0.242187,1.093506
293794606,0.096924,0.218994,1.028076
293799606,0.046631,0.186523,0.971191
293804606,0.123291,0.228027,1.101807
293809606,0.085937,0.221191,1.005615
293814606,0.081055,0.20166,1.026367
293819606,0.080322,0.209229,0.995605
293824606,0.106201,0.208008,1.045898
293829606,0.092041,0.218506,1.027344
293834606,0.051514,0.247803,1.077881
293839606,0.088379,0.221436,1.010498
293844606,0.083252,0.202637,1.005615
293849606,0.09082,0.193848,0.979736
293854606,0.084961,0.199463,0.956299
293859606,0.070068,0.224365,0.977051
293864606,0.088867,0.237549,1.047119
293869606,0.079102,0.233643,1.050049
293874606,0.085449,0.223389,1.06665
293879606,0.099854,0.212158,1.020996
293884606,0.087646,0.191895,0.999512
293889606,0.097656,0.216797,1.073975
293894606,0.100342,0.2229,1.025146
293899606,0.087402,0.194824,0.942871
293904606,0.077637,0.212891,1.030273
293909606,0.118164,0.225098,1.051514
293914606,0.075928,0.19458,0.966309
293919606,0.057617,0.222656,0.973633
293924606,0.105713,0.231934,1.074219
293929606,0.091797,0.224121,1.019287
293934606,0.106934,0.213135,1.085693
293939606,0.09668,0.217773,1.00415
293944606,0.078857,0.213867,0.997314
293949606,0.070312,0.219971,0.975342
293954606,0.099854,0.223877,1.057617
293959606,0.104004,0.219482,1.057861
293964606,0.075195,0.20166,0.936279
293969606,0.085449,0.21875,1.041748
293974606,0.099121,0.218018,1.015869
293979606,0.069824,0.212891,0.988281
293984606,0.093018,0.224609,1.028564
293989606,0.085205,0.219727,1.044434
293994606,0.095459,0.21875,1.020752
293999606,0.083008,0.220947,1.006348
294004606,0.090332,0.230225,1.026855
294009606,0.095703,0.216064,1.020752
294014606,0.081787,0.219238,1.01416
294019606,0.099609,0.213135,1.019287
294024606,0.090332,0.219482,1.024658
294029606,0.089844,0.225098,1.008789
294034606,0.089111,0.210693,1.004883
294039606,0.095459,0.228271,1.036621
294044606,0.092285,0.211426,1.016357
294049606,0.089355,0.218018,1.026123
294054606,0.095215,0.220703,1.019287
294059606,0.092773,0.218262,1.032227
294064606,0.088623,0.222412,1.016846
294069606,0.091309,0.218262,1.02832
294074606,0.093506,0.216797,1.021484
294079606,0.091064,0.21582,1.016357
294084606,0.091797,0.218018,1.02832
294089606,0.0896,0.217529,1.012451
294094606,0.092529,0.216797,1.023438
294099606,0.089355,0.218994,1.020996
294104606,0.088867,0.218506,1.020264
294109606,0.085693,0.218018,1.024902
294114606,0.090332,0.221436,1.02002
294119606,0.088867,0.219727,1.026123
294124606,0.09082,0.219727,1.025879
294129606,0.089111,0.217529,1.023682
294134606,0.094727,0.216797,1.0271
294139606,0.088623,0.217041,1.019775
294144606,0.086914,0.219727,1.016357
294149606,0.090088,0.21582,1.025635
294154606,0.089844,0.214844,1.023682
294159606,0.091553,0.221191,1.022217
294164606,0.091064,0.216797,1.027832
294169606,0.092041,0.221436,1.029785
294174606,0.088867,0.221924,1.02124
294179606,0.09082,0.219482,1.023926
294184606,0.089355,0.219238,1.02124
294189606,0.095703,0.216064,1.026611
294194606,0.089355,0.218506,1.020996
294199606,0.091797,0.216309,1.022461
294204606,0.091797,0.218506,1.022949
294209606,0.090088,0.21875,1.02832
294214606,0.090332,0.219238,1.019531
294219606,0.095215,0.223633,1.018799
294224606,0.089111,0.22168,1.023438
294229606,0.088135,0.214111,1.023438
294234606,0.087646,0.220459,1.021973
294239606,0.090576,0.217041,1.01709
294244606,0.090332,0.218262,1.02002
294249606,0.09375,0.22168,1.019287
294254606,0.094971,0.218994,1.025879
294259606,0.095947,0.217529,1.022461
294264606,0.091064,0.216797,1.023438
294269606,0.089111,0.216064,1.019775
294274606,0.088623,0.216309,1.027832
294279606,0.087158,0.217285,1.0271
294284606,0.086914,0.220215,1.022461
294289606,0.089111,0.218506,1.025391
294294606,0.086426,0.223877,1.021729
294299606,0.089844,0.222168,1.02417
294304606,0.085205,0.217041,1.02124
294309606,0.091553,0.218018,1.026611
294314606,0.087891,0.218262,1.023438
294319606,0.092773,0.215088,1.021973
294324606,0.094971,0.218506,1.020996
294329606,0.094482,0.217529,1.023682
294334606,0.09375,0.218994,1.029297
294339606,0.090332,0.214844,1.026367
294344606,0.088135,0.214844,1.019775
294349606,0.091553,0.217285,1.02124
294354606,0.088867,0.214355,1.021973
294359606,0.093994,0.221191,1.022705
294364606,0.089355,0.224121,1.015381
294369606,0.091309,0.22168,1.02417
294374606,0.090576,0.222412,1.018311
294379606,0.088623,0.219727,1.024902
294384606,0.090332,0.217529,1.020264
294389606,0.091797,0.222412,1.029053
294394606,0.0896,0.217773,1.0271
294399606,0.096924,0.215332,1.023926
294404606,0.093506,0.218018,1.026367
294409606,0.092041,0.20874,1.020752
294414606,0.092285,0.218994,1.021973
294419606,0.087646,0.214844,1.013672
294424606,0.088867,0.216064,1.024902
294429606,0.089111,0.21875,1.023193
294434606,0.086426,0.223145,1.019775
294439606,0.090332,0.221436,1.023682
294444606,0.086914,0.22583,1.020508
294449606,0.090576,0.225342,1.023682
294454606,0.088135,0.219727,1.015869
294459606,0.08667,0.218994,1.013428
294464606,0.090088,0.218018,1.023193
294469606,0.096924,0.212158,1.012695
294474606,0.091309,0.213623,1.010986
294479606,0.093262,0.214355,1.01416
294484606,0.093506,0.216309,1.017822
294489606,0.089355,0.216309,1.019287
294494606,0.090088,0.215576,1.016113
294499606,0.090332,0.223877,1.022949
294504606,0.091064,0.224854,1.033447
294509606,0.085937,0.225098,1.026367
294514606,0.091797,0.217529,1.021729
294519606,0.088867,0.22168,1.023438
294524606,0.095459,0.213379,1.02417
294529606,0.094727,0.215088,1.026611
294534606,0.095947,0.22583,1.026367
294539606,0.095947,0.21582,1.025146
294544606,0.095459,0.215088,1.025879
294549606,0.093018,0.213379,1.030762
294554606,0.090332,0.216064,1.032227
294559606,0.087891,0.220215,1.034424
294564606,0.083496,0.222412,1.033936
294569606,0.088135,0.220459,1.030518
294574606,0.084229,0.221436,1.027832
294579606,0.08667,0.220459,1.025879
294584606,0.08667,0.223145,1.030518
294589606,0.088867,0.218994,1.022949
294594606,0.091064,0.2146,1.022705
294599606,0.100342,0.215332,1.020752
294604606,0.100098,0.212158,1.022217
294609606,0.095947,0.215332,1.015625
294614606,0.0979,0.216797,1.026611
294619606,0.095215,0.215576,1.023438
294624606,0.091064,0.21875,1.022705
294629606,0.089111,0.218018,1.025391
294634606,0.085693,0.219482,1.023682
294639606,0.083984,0.217285,1.029541
294644606,0.084473,0.222656,1.023438
294649606,0.080078,0.217285,1.026123
294654606,0.09082,0.214844,1.026367
294659606,0.092529,0.216797,1.026611
294664606,0.095459,0.212891,1.028076
294669606,0.095703,0.213135,1.0271
294674606,0.096436,0.217285,1.023438
294679606,0.092773,0.21875,1.016602
294684606,0.094971,0.220947,1.026123
294689606,0.09375,0.222412,1.018799
294694606,0.0896,0.224121,1.026123
294699606,0.088623,0.225098,1.031982
294704606,0.084229,0.222412,1.026123
294709606,0.084961,0.225342,1.023193
294714606,0.090332,0.220215,1.023682
294719606,0.089111,0.214111,1.019287
294724606,0.092773,0.212402,1.02832
294729606,0.091797,0.21167,1.019287
294734606,0.093994,0.211182,1.022705
294739606,0.09375,0.212402,1.018311
294744606,0.092529,0.219971,1.013428
294749606,0.094238,0.218018,1.02124
294754606,0.093506,0.224365,1.022705
294759606,0.091309,0.223145,1.020508
294764606,0.087646,0.225098,1.028076
294769606,0.082031,0.224121,1.025146
294774606,0.091309,0.226074,1.03125
294779606,0.089111,0.220947,1.024414
294784606,0.08667,0.218994,1.02832
294789606,0.090576,0.216797,1.02832
294794606,0.089844,0.209961,1.020752
294799606,0.095215,0.211182,1.021729
294804606,0.097656,0.214844,1.024902
294809606,0.09375,0.2146,1.017334
294814606,0.094482,0.214355,1.026367
294819606,0.093994,0.221436,1.019531
294824606,0.091553,0.220703,1.030029
294829606,0.091309,0.223633,1.023926
294834606,0.087158,0.227295,1.021729
294839606,0.0896,0.223877,1.024414
294844606,0.089355,0.221924,1.028076
294849606,0.093262,0.217041,1.022217
294854606,0.097168,0.211914,1.026367
294859606,0.087646,0.215088,1.021729
294864606,0.089355,0.211914,1.026855
294869606,0.087158,0.216553,1.028076
294874606,0.092041,0.212646,1.021973
294879606,0.088135,0.216797,1.027832
294884606,0.093994,0.22168,1.026123
294889606,0.08374,0.221191,1.025391
294894606,0.086182,0.225342,1.029297
294899606,0.086914,0.224365,1.02417
294904606,0.093506,0.222168,1.022705
294909606,0.091797,0.218994,1.022461
294914606,0.089355,0.217041,1.019287
294919606,0.088867,0.210937,1.020996
294924606,0.097168,0.213135,1.020508
294929606,0.093018,0.217285,1.020996
294934606,0.09082,0.212646,1.019775
294939606,0.091553,0.21582,1.030762
294944606,0.087402,0.218018,1.026611
294949606,0.084961,0.224121,1.02002
294954606,0.087891,0.224121,1.027344
294959606,0.087158,0.220459,1.018066
294964606,0.0896,0.2229,1.020752
294969606,0.091309,0.221436,1.024658
294974606,0.088867,0.220947,1.023193
294979606,0.092773,0.216309,1.024414
294984606,0.092773,0.215332,1.020508
294989606,0.091309,0.216064,1.024414
294994606,0.094238,0.215088,1.017334
294999606,0.0896,0.216553,1.02002
295004606,0.089355,0.216553,1.029541
295009606,0.088623,0.213867,1.023193
295014606,0.087891,0.218018,1.021484
295019606,0.088867,0.21875,1.019043
295024606,0.085449,0.22168,1.027344
295029606,0.091309,0.223877,1.031982
295034606,0.087891,0.220947,1.023438
295039606,0.089844,0.216797,1.021729
295044606,0.092773,0.220459,1.011719
295049606,0.089844,0.214844,1.019043
295054606,0.093994,0.216797,1.023438
295059606,0.093262,0.22168,1.033691
295064606,0.095947,0.219238,1.028809
295069606,0.091064,0.211914,1.013428
295074606,0.09668,0.209961,1.014404
295079606,0.092529,0.216309,1.023193
295084606,0.089111,0.219482,1.027588
295089606,0.08667,0.220215,1.021484
295094606,0.090332,0.223389,1.019775
295099606,0.089111,0.218994,1.018066
295104606,0.0896,0.218262,1.018799
295109606,0.089355,0.220947,1.029785
295114606,0.089844,0.221924,1.031982
295119606,0.087402,0.224609,1.022461
295124606,0.092041,0.217773,1.019775
295129606,0.091309,0.21875,1.018799
295134606,0.099121,0.214355,1.016602
295139606,0.093262,0.215576,1.027832
295144606,0.09082,0.217773,1.025391
295149606,0.088867,0.219238,1.02124
295154606,0.090576,0.220215,1.020264
295159606,0.091797,0.217041,1.016846
295164606,0.086182,0.218506,1.023682
295169606,0.088867,0.223145,1.030273
295174606,0.088379,0.225586,1.032471
295179606,0.086426,0.225586,1.032959
295184606,0.089111,0.223633,1.017334
295189606,0.092285,0.218506,1.01416
295194606,0.092773,0.219482,1.022705
295199606,0.091064,0.216064,1.028564
295204606,0.090088,0.216064,1.023193
295209606,0.095459,0.217041,1.018555
295214606,0.095703,0.215576,1.018799
295219606,0.091064,0.212891,1.025879
295224606,0.094971,0.218506,1.023193
295229606,0.089355,0.222412,1.032715
295234606,0.090576,0.222168,1.02124
295239606,0.085937,0.223877,1.016846
295244606,0.089111,0.225098,1.025635
295249606,0.091309,0.220459,1.028809
295254606,0.085693,0.223389,1.027344
295259606,0.093018,0.2229,1.026123
295264606,0.088135,0.218262,1.021729
295269606,0.090332,0.214355,1.013916
295274606,0.095703,0.210937,1.022217
295279606,0.095459,0.213623,1.019043
295284606,0.095703,0.220947,1.019775
295289606,0.085937,0.218506,1.019775
295294606,0.092041,0.216064,1.020508
295299606,0.089111,0.214844,1.021484
295304606,0.087646,0.218018,1.022461
295309606,0.0896,0.217041,1.026611
295314606,0.084717,0.229004,1.022949
295319606,0.089844,0.223877,1.024414
295324606,0.091064,0.21875,1.0271
295329606,0.091553,0.215576,1.016602
295334606,0.092529,0.214355,1.017578
295339606,0.093506,0.217041,1.022461
295344606,0.092529,0.216553,1.016113
295349606,0.09668,0.216064,1.020508
295354606,0.094238,0.218018,1.025635
295359606,0.093262,0.213623,1.022217
295364606,0.092285,0.217529,1.030029
295369606,0.087891,0.220703,1.022461
295374606,0.086426,0.223389,1.0271
295379606,0.086182,0.221436,1.025635
295384606,0.089111,0.223145,1.022461
295389606,0.090332,0.223145,1.022949
295394606,0.092285,0.221436,1.020508
295399606,0.088867,0.219482,1.025391
295404606,0.091553,0.217529,1.023193
295409606,0.091797,0.2146,1.020752
295414606,0.095703,0.213379,1.016357
295419606,0.095703,0.214111,1.02832
295424606,0.088867,0.216309,1.021484
295429606,0.09082,0.219971,1.017334
295434606,0.091797,0.219727,1.020996
295439606,0.090088,0.223877,1.019775
295444606,0.090088,0.221924,1.015869
295449606,0.092285,0.219238,1.02417
295454606,0.089844,0.218994,1.026855
295459606,0.089844,0.220215,1.028076
295464606,0.089844,0.214844,1.013916
295469606,0.092285,0.215576,1.026855
295474606,0.091553,0.215576,1.025879
295479606,0.093994,0.2146,1.019043
295484606,0.093262,0.220215,1.024658
295489606,0.093018,0.221436,1.020752
295494606,0.0896,0.218262,1.022217
295499606,0.091064,0.221191,1.0271
295504606,0.091064,0.22168,1.022705
295509606,0.09082,0.2229,1.018311
295514606,0.086182,0.225342,1.026367
295519606,0.092041,0.218262,1.019531
295524606,0.092773,0.219482,1.019043
295529606,0.094727,0.215088,1.023682
295534606,0.090088,0.214111,1.017578
295539606,0.087646,0.21875,1.025146
295544606,0.089355,0.219727,1.019531
295549606,0.0896,0.218018,1.023682
295554606,0.089844,0.218262,1.017334
295559606,0.087646,0.219482,1.019531
295564606,0.091553,0.219971,1.023682
295569606,0.08667,0.222168,1.025635
295574606,0.088379,0.221436,1.033203
295579606,0.092285,0.216797,1.028564
295584606,0.095459,0.217285,1.019287
295589606,0.096191,0.214355,1.023682
295594606,0.095947,0.220703,1.02124
295599606,0.091553,0.219238,1.020996
295604606,0.094971,0.217773,1.018799
295609606,0.091309,0.218994,1.018799
295614606,0.086182,0.219482,1.026611
295619606,0.090576,0.217529,1.021729
295624606,0.087646,0.222656,1.020508
295629606,0.083252,0.22168,1.025146
295634606,0.090576,0.224121,1.025879
295639606,0.093506,0.21875,1.022705
295644606,0.088867,0.218018,1.022461
295649606,0.09082,0.216309,1.023193
295654606,0.088135,0.2146,1.023682
295659606,0.096924,0.215332,1.018555
295664606,0.091553,0.215332,1.023193
295669606,0.091797,0.211914,1.024658
295674606,0.093262,0.214844,1.021973
295679606,0.089355,0.220703,1.017334
295684606,0.091064,0.217041,1.022705
295689606,0.092041,0.224365,1.025391
295694606,0.087891,0.220703,1.029297
295699606,0.095703,0.220459,1.022217
295704606,0.09375,0.221191,1.025879
295709606,0.091309,0.219971,1.025879
295714606,0.093506,0.218262,1.016602
295719606,0.094238,0.2146,1.026855
295724606,0.092529,0.218018,1.02124
295729606,0.09082,0.215332,1.024902
295734606,0.091064,0.217529,1.029053
295739606,0.090332,0.217773,1.023438
295744606,0.093994,0.219971,1.022461
295749606,0.092773,0.222656,1.025146
295754606,0.091797,0.218994,1.028809
295759606,0.096436,0.218506,1.019287
295764606,0.101563,0.219482,1.018066
295769606,0.102783,0.213867,1.026367
295774606,0.099121,0.211426,1.018311
295779606,0.096191,0.21582,1.010254
295784606,0.093506,0.216797,1.014404
295789606,0.095215,0.210449,1.014893
295794606,0.092041,0.217285,1.021729
295799606,0.09082,0.220215,1.018799
295804606,0.093262,0.218994,1.020996
295809606,0.08667,0.220215,1.019287
295814606,0.087402,0.220947,1.02002
295819606,0.093262,0.219971,1.020996
295824606,0.089844,0.222656,1.023438
295829606,0.089111,0.218018,1.018066
295834606,0.094482,0.218018,1.018799
295839606,0.09082,0.219727,1.018311
295844606,0.095459,0.217773,1.0271
295849606,0.091064,0.217285,1.028809
295854606,0.090088,0.223633,1.024902
295859606,0.09375,0.217285,1.022949
295864606,0.087402,0.21875,1.023926
295869606,0.089355,0.214844,1.024658
295874606,0.084473,0.218262,1.0271
295879606,0.091309,0.216797,1.032227
295884606,0.089355,0.214844,1.023193
295889606,0.091797,0.219482,1.02002
295894606,0.090332,0.21582,1.024902
295899606,0.089844,0.219238,1.021973
295904606,0.088867,0.218018,1.025391
295909606,0.087158,0.216553,1.018066
295914606,0.092285,0.219482,1.013916
295919606,0.092529,0.216064,1.015869
295924606,0.093262,0.221924,1.021729
295929606,0.094238,0.222412,1.026611
295934606,0.087646,0.220947,1.031494
295939606,0.089355,0.22168,1.025146
295944606,0.089355,0.217041,1.024658
295949606,0.086914,0.217041,1.024902
295954606,0.090576,0.220947,1.02832
295959606,0.095459,0.215576,1.015869
295964606,0.089355,0.217773,1.021729
295969606,0.088379,0.219727,1.029541
295974606,0.091553,0.216553,1.025391
295979606,0.09082,0.22168,1.023682
295984606,0.088379,0.21875,1.021729
295989606,0.088867,0.218994,1.026855
295994606,0.090088,0.218506,1.027832
295999606,0.092529,0.217773,1.02124
296004606,0.089111,0.214355,1.020264
296009606,0.09375,0.216797,1.023193
296014606,0.089844,0.215088,1.017822
296019606,0.094482,0.217285,1.022217
296024606,0.095459,0.218994,1.019043
296029606,0.091797,0.220215,1.021973
296034606,0.088867,0.219971,1.021484
296039606,0.087891,0.219238,1.02002
296044606,0.090088,0.218262,1.023193
296049606,0.091309,0.223877,1.0271
296054606,0.089111,0.221436,1.026855
296059606,0.091553,0.222412,1.0271
296064606,0.092529,0.220703,1.016602
296069606,0.090576,0.219238,1.021484
296074606,0.09375,0.212891,1.019775
296079606,0.0896,0.213623,1.016357
296084606,0.092773,0.219238,1.02417
296089606,0.093506,0.217285,1.026123
296094606,0.088379,0.219971,1.026855
296099606,0.091064,0.217529,1.024414
296104606,0.093018,0.222412,1.022705
296109606,0.087402,0.222412,1.022461
296114606,0.092773,0.223145,1.02832
296119606,0.089844,0.220947,1.024658
296124606,0.092041,0.217285,1.02832
296129606,0.088623,0.21875,1.0271
296134606,0.091064,0.21875,1.027832
296139606,0.093018,0.217041,1.031006
296144606,0.094238,0.215332,1.027832
296149606,0.090332,0.21582,1.021973
296154606,0.092041,0.21582,1.026855
296159606,0.088867,0.217285,1.024414
296164606,0.091553,0.220215,1.0271
296169606,0.091553,0.220703,1.024902
296174606,0.0896,0.219971,1.026123
296179606,0.091064,0.221924,1.022461
296184606,0.087646,0.219727,1.025879
296189606,0.0896,0.223877,1.018066
296194606,0.089355,0.220215,1.018799
296199606,0.089844,0.217773,1.021729
296204606,0.093018,0.220703,1.02124
296209606,0.087402,0.217285,1.028076
296214606,0.092529,0.218018,1.020996
296219606,0.098145,0.213135,1.023926
296224606,0.093018,0.219727,1.018555
296229606,0.093262,0.21875,1.023682
296234606,0.094238,0.220459,1.024658
296239606,0.090576,0.220947,1.029053
296244606,0.087402,0.225098,1.022949
296249606,0.09082,0.218018,1.025391
296254606,0.088623,0.219971,1.01709
296259606,0.089844,0.217041,1.024902
296264606,0.088867,0.223633,1.028564
296269606,0.091064,0.216797,1.021729
296274606,0.09082,0.217041,1.02124
296279606,0.095459,0.217041,1.023193
296284606,0.095459,0.219727,1.013428
296289606,0.093262,0.218018,1.022705
296294606,0.087891,0.218018,1.023193
296299606,0.086426,0.21875,1.020996
296304606,0.087646,0.217041,1.02417
296309606,0.088867,0.218994,1.020508
296314606,0.09082,0.218994,1.023926
296319606,0.0896,0.220459,1.023682
296324606,0.091797,0.219238,1.019043
296329606,0.088135,0.220459,1.025391
296334606,0.089111,0.222412,1.014893
296339606,0.090332,0.215576,1.022217
296344606,0.09375,0.222412,1.027344
296349606,0.090576,0.215332,1.027344
296354606,0.089844,0.221924,1.02417
296359606,0.094482,0.22168,1.025879
296364606,0.092529,0.219971,1.023926
296369606,0.091553,0.215576,1.025635
296374606,0.089355,0.221436,1.031006
296379606,0.091064,0.217285,1.025879
296384606,0.092285,0.212158,1.019775
296389606,0.093262,0.215088,1.028809
296394606,0.091309,0.223877,1.027344
296399606,0.093018,0.214355,1.025391
296404606,0.087402,0.217773,1.015625
296409606,0.088135,0.219971,1.019043
296414606,0.091553,0.229004,1.03418
296419606,0.086914,0.217529,1.016846
296424606,0.089111,0.220947,1.017822
296429606,0.095703,0.222412,1.022949
296434606,0.0896,0.213623,1.024414
296439606,0.090332,0.220703,1.026611
296444606,0.092529,0.217285,1.017822
296449606,0.091553,0.213379,1.021484
296454606,0.090576,0.21875,1.022705
296459606,0.089844,0.215088,1.022217
296464606,0.088379,0.214844,1.019043
296469606,-3.163818,-4.0,-4.0
296474606,3.999878,1.240967,-4.0
296479606,-0.336914,3.550293,-4.0
296484606,-1.787354,0.912354,1.316895
296489606,0.113525,1.052246,3.696533
296494606,-0.61377,1.952637,-0.644531
296499606,-0.268311,0.54248,-1.888184
296504606,-0.922607,2.266846,2.156982
296509606,-0.896973,0.26709,0.794922
296514606,-0.578369,0.48877,1.901611
296519606,-0.017822,0.183594,0.749512
296524606,0.048584,0.252441,0.77832
296529606,0.116455,0.296631,1.148438
296534606,-0.001221,0.25708,0.827148
296539606,-0.01001,0.269775,0.848389
296544606,0.164551,0.235107,1.635498
296549606,0.045654,0.150391,1.062988
296554606,0.162842,0.156006,1.070801
296559606,0.049561,0.2146,0.993408
296564606,0.088867,0.287109,1.039307
296569606,0.053955,0.282715,1.072998
296574606,0.093994,0.194824,1.015381
296579606,0.080811,0.167236,0.965576
296584606,-0.638184,0.195068,3.999878
296589606,-0.168701,2.178711,0.14502
296594606,-0.166992,0.245117,1.189697
296599606,-0.862061,1.981689,2.241211
296604606,0.141357,0.712646,1.026855
296609606,-0.292236,0.432617,1.339355
296614606,0.262451,0.4375,1.469971
296619606,-0.053955,1.074219,1.042969
296624606,0.144043,0.30249,0.921143
296629606,-0.033936,0.529541,0.908447
296634606,0.019287,0.092529,0.967285
296639606,0.110107,0.210937,0.960205
296644606,0.077637,0.123535,0.903809
296649606,0.099365,0.248535,1.020508
296654606,0.082275,0.227295,0.997314
296659606,0.255615,0.116943,1.13916
296664606,0.173828,0.165283,1.076172
296669606,-0.338379,0.514648,0.316406
296674606,0.245605,0.367432,0.913818
296679606,0.014893,0.219482,1.018555
296684606,-0.01123,0.253906,1.038818
296689606,0.093994,0.263672,0.9646
296694606,0.057129,0.235596,0.937988
296699606,0.112061,0.234619,1.080078
296704606,0.086182,0.22583,1.023926
296709606,0.063232,0.217529,0.995117
296714606,0.320557,0.157471,1.345459
296719606,0.133545,0.293945,0.905518
296724606,0.048584,0.204346,0.925293
296729606,0.088867,0.182373,0.957275
296734606,0.137451,0.194824,1.068115
296739606,0.081299,0.183594,0.970215
296744606,0.074707,0.242432,1.01001
296749606,0.102539,0.231689,1.03833
296754606,0.128662,0.134521,1.001953
296759606,0.034668,0.250977,0.876465
296764606,0.074951,0.201904,1.069092
296769606,0.093262,0.248291,1.064697
296774606,0.064941,0.256104,0.990723
296779606,0.078369,0.238525,1.026855
296784606,0.148682,0.197754,1.207275
296789606,0.139404,0.205322,1.161865
296794606,0.058594,0.232666,0.924805
296799606,0.054687,0.248047,1.023926
296804606,0.100586,0.225586,1.073242
296809606,0.086182,0.195557,1.000244
296814606,0.091553,0.260498,1.106445
296819606,0.104248,0.174316,0.975342
296824606,0.0625,0.229004,0.981201
296829606,0.118408,0.200195,1.025635
296834606,0.099365,0.178223,0.939453
296839606,0.086914,0.224365,1.0354
296844606,0.105225,0.204834,1.036133
296849606,0.100342,0.205566,1.026123
296854606,0.091553,0.201904,1.052979
296859606,0.081543,0.223145,1.0
296864606,0.087891,0.196289,1.022705
296869606,0.088379,0.235352,1.04126
296874606,0.09375,0.226562,1.030273
296879606,0.090576,0.211182,1.008057
296884606,0.112793,0.224121,1.038574
296889606,0.118408,0.210937,1.039795
296894606,0.087646,0.214844,0.996826
296899606,0.089111,0.22583,1.01123
296904606,0.083496,0.231689,1.029541
296909606,0.092041,0.22583,1.020996
296914606,0.079834,0.228516,1.030273
296919606,0.101563,0.203125,1.0271
296924606,0.089844,0.21582,1.029541
296929606,0.084717,0.221191,1.012939
296934606,0.085449,0.227051,1.021973
296939606,0.09082,0.219238,1.031738
296944606,0.095459,0.228271,1.034424
296949606,0.089355,0.222656,1.011719
296954606,0.094238,0.217285,1.027832
296959606,0.101318,0.220703,1.032959
296964606,0.095215,0.218994,1.025879
296969606,0.093262,0.218018,1.021973
296974606,0.087402,0.227051,1.016357
296979606,0.095703,0.218262,1.023438
296984606,0.084473,0.222412,1.025146
296989606,0.094971,0.217041,1.01709
296994606,0.092529,0.212646,1.021729
296999606,0.090576,0.21582,1.017578
297004606,0.0896,0.221924,1.019775
297009606,0.088623,0.223877,1.018311
297014606,0.091553,0.226562,1.021484
297019606,0.091797,0.219238,1.018066
297024606,0.093994,0.221924,1.017822
297029606,0.091309,0.218506,1.02832
297034606,0.091309,0.219971,1.022949
297039606,0.086426,0.227539,1.025391
297044606,0.088867,0.224854,1.019531
297049606,0.091309,0.22168,1.030029
297054606,0.084229,0.221924,1.020264
297059606,0.09668,0.216553,1.022705
297064606,0.096436,0.215576,1.02124
297069606,0.087646,0.214844,1.022217
297074606,0.095703,0.219971,1.019287
297079606,0.092529,0.223389,1.018799
297084606,0.085937,0.22168,1.016846
297089606,0.095947,0.217529,1.016846
297094606,0.095947,0.220703,1.029785
297099606,0.091064,0.218262,1.02002
297104606,0.092285,0.223145,1.025879
297109606,0.091064,0.231201,1.021484
297114606,0.094238,0.219971,1.013916
297119606,0.093018,0.225586,1.018799
297124606,0.09082,0.22168,1.02124
297129606,0.091553,0.221191,1.021973
297134606,0.089111,0.223145,1.025391
297139606,0.089844,0.219971,1.019287
297144606,0.085449,0.220947,1.016113
297149606,0.086182,0.223145,1.011963
297154606,0.092041,0.21582,1.020996
297159606,0.084229,0.22168,1.029053
297164606,0.087402,0.218994,1.0271
297169606,0.087891,0.219971,1.026123
297174606,0.093018,0.225098,1.018066
297179606,0.094971,0.215576,1.023926
297184606,0.092773,0.219482,1.022949
297189606,0.095947,0.224365,1.0271
297194606,0.095703,0.217773,1.015869
297199606,0.093262,0.2229,1.015869
297204606,0.095703,0.223389,1.016846
297209606,0.091309,0.220215,1.029053
297214606,0.0896,0.225342,1.026367
297219606,0.086426,0.222168,1.025879
297224606,0.094727,0.220215,1.030029
297229606,0.088379,0.215576,1.018799
297234606,0.093506,0.217041,1.020996
297239606,0.091553,0.221436,1.026855
297244606,0.09082,0.221924,1.027344
297249606,0.093994,0.220947,1.018066
297254606,0.092041,0.221191,1.025391
297259606,0.094238,0.222656,1.018799
297264606,0.092773,0.2229,1.026367
297269606,0.094238,0.224609,1.021973
297274606,0.092773,0.223389,1.024414
297279606,0.087891,0.227783,1.023682
297284606,0.088379,0.218506,1.015381
297289606,0.089355,0.220947,1.023926
297294606,0.089111,0.22168,1.023682
297299606,0.089355,0.21875,1.026611
297304606,0.090332,0.219238,1.023193
297309606,0.086914,0.216553,1.021484
297314606,0.087402,0.22168,1.02417
297319606,0.088379,0.220215,1.022217
297324606,0.092041,0.221924,1.02124
297329606,0.093506,0.224854,1.023193
297334606,0.088867,0.222168,1.033936
297339606,0.092041,0.223877,1.020508
297344606,0.090332,0.217041,1.025635
297349606,0.090332,0.221191,1.024902
297354606,0.088623,0.222168,1.026611
297359606,0.090576,0.219238,1.028809
297364606,0.089844,0.223633,1.019531
297369606,0.093018,0.220947,1.01709
297374606,0.092529,0.224609,1.02417
297379606,0.088379,0.224365,1.024658
297384606,0.091309,0.224365,1.022461
297389606,0.0896,0.22583,1.024658
297394606,0.087891,0.2229,1.018555
297399606,0.088379,0.220703,1.02124
297404606,0.086914,0.22583,1.025879
297409606,0.093994,0.222412,1.052002
297414606,0.090576,0.22876,1.050293
297419606,0.085205,0.216797,1.008789
297424606,0.096191,0.219482,1.032227
297429606,0.096191,0.220459,1.025146
297434606,0.093994,0.217285,1.019043
297439606,0.101074,0.219482,1.027588
297444606,0.089111,0.223145,1.028076
297449606,0.089111,0.2229,1.027588
297454606,0.090576,0.223145,1.02417
297459606,0.091309,0.2229,1.010742
297464606,0.091309,0.222412,1.022949
297469606,0.089111,0.223145,1.023438
297474606,0.086182,0.221191,1.018311
297479606,0.090332,0.222656,1.031494
297484606,0.092529,0.219238,1.024414
297489606,0.091553,0.215576,1.020996
297494606,0.091309,0.220459,1.025635
297499606,0.092285,0.21875,1.025146
297504606,0.091797,0.216064,1.026123
297509606,0.093262,0.218506,1.024414
297514606,0.095215,0.214111,1.021484
297519606,0.093018,0.220947,1.013672
297524606,0.09082,0.223389,1.018066
297529606,0.092285,0.223145,1.025146
297534606,0.089844,0.224609,1.023682
297539606,0.086182,0.218506,1.022217
297544606,0.09082,0.221924,1.023682
297549606,0.092529,0.223145,1.021729
297554606,0.089844,0.220215,1.026123
297559606,0.093506,0.218506,1.028564
297564606,0.090332,0.218994,1.020264
297569606,0.095215,0.216064,1.02002
297574606,0.095947,0.22168,1.024658
297579606,0.090332,0.21875,1.02124
297584606,0.09082,0.219727,1.021973
297589606,0.096924,0.224121,1.012451
297594606,0.090088,0.224121,1.017822
297599606,0.091064,0.223877,1.019043
297604606,0.090332,0.221924,1.022461
297609606,0.091064,0.221191,1.023682
297614606,0.092773,0.223633,1.025635
297619606,0.088623,0.218262,1.027588
297624606,0.093262,0.22168,1.02417
297629606,0.092529,0.21582,1.025635
297634606,0.089355,0.217773,1.02002
297639606,0.089844,0.219971,1.021973
297644606,0.092529,0.217529,1.024902
297649606,0.091553,0.214844,1.024414
297654606,0.090332,0.22583,1.022217
297659606,0.087646,0.224121,1.013916
297664606,0.089844,0.222168,1.017822
297669606,0.092285,0.223145,1.022705
297674606,0.091553,0.226562,1.022705
297679606,0.091064,0.216797,1.022949
297684606,0.086182,0.220459,1.025391
297689606,0.087646,0.224365,1.027832
297694606,0.088379,0.220703,1.020752
297699606,0.095215,0.220459,1.023438
297704606,0.094238,0.216309,1.022705
297709606,0.09082,0.220215,1.021973
297714606,0.09375,0.217773,1.019287
297719606,0.090088,0.219238,1.021729
297724606,0.092041,0.220703,1.023926
297729606,0.089111,0.22168,1.025879
297734606,0.087646,0.221436,1.024658
297739606,0.087158,0.220215,1.026367
297744606,0.088867,0.222412,1.023682
297749606,0.087646,0.221436,1.02832
297754606,0.09082,0.22168,1.020996
297759606,0.096436,0.225098,1.022705
297764606,0.092041,0.219727,1.026611
297769606,0.092041,0.221924,1.023193
297774606,0.093018,0.214844,1.021729
297779606,0.094971,0.218994,1.020752
297784606,0.095703,0.216064,1.024414
297789606,0.092285,0.225586,1.021484
297794606,0.090332,0.220703,1.022217
297799606,0.087891,0.2229,1.02417
297804606,0.091797,0.223145,1.019287
297809606,0.088135,0.227051,1.027588
297814606,0.090576,0.221191,1.022461
297819606,0.087891,0.224365,1.029541
297824606,0.086182,0.223877,1.022705
297829606,0.090088,0.224609,1.026367
297834606,0.088379,0.221191,1.026855
297839606,0.092285,0.216553,1.027588
297844606,0.094482,0.220703,1.026367
297849606,0.094482,0.217773,1.017334
297854606,0.093018,0.220459,1.026367
297859606,0.090576,0.223389,1.023682
297864606,0.090088,0.219238,1.019287
297869606,0.089111,0.220947,1.019775
297874606,0.0896,0.218994,1.0271
297879606,0.090088,0.223389,1.022949
297884606,0.086426,0.225098,1.026367
297889606,0.092529,0.223389,1.027344
297894606,0.092773,0.220459,1.0271
297899606,0.09375,0.220215,1.019775
297904606,0.094971,0.218262,1.0271
297909606,0.092041,0.218506,1.027344
297914606,0.098877,0.21582,1.022949
297919606,0.095459,0.223389,1.026611
297924606,0.091064,0.223633,1.02124
297929606,0.094971,0.220703,1.019287
297934606,0.0896,0.220947,1.02124
297939606,0.090088,0.219482,1.024658
297944606,0.089111,0.223145,1.018799
297949606,0.090576,0.2229,1.022461
297954606,0.089355,0.222412,1.014893
297959606,0.088135,0.21875,1.02417
297964606,0.092041,0.222656,1.016357
297969606,0.090332,0.217285,1.024414
297974606,0.088867,0.217041,1.019775
297979606,0.086182,0.220215,1.016113
297984606,0.091797,0.219727,1.022705
297989606,0.093994,0.220947,1.019287
297994606,0.089844,0.222656,1.0271
297999606,0.091064,0.224121,1.020264
298004606,0.093018,0.222656,1.015137
298009606,0.091309,0.223633,1.024414
298014606,0.090332,0.220215,1.021973
298019606,0.091309,0.218994,1.025391
298024606,0.093506,0.21875,1.019287
298029606,0.094482,0.220947,1.023193
298034606,0.088623,0.218506,1.022217
298039606,0.091797,0.217285,1.026123
298044606,0.090332,0.220703,1.024658
298049606,0.086914,0.222168,1.019775
298054606,0.088379,0.225098,1.018066
298059606,0.086182,0.2229,1.021484
298064606,0.090332,0.22168,1.026611
298069606,0.087402,0.223145,1.021484
298074606,0.095459,0.225342,1.01709
298079606,0.09375,0.219238,1.017822
298084606,0.091797,0.219727,1.022705
298089606,0.093018,0.217041,1.020996
298094606,0.092773,0.216064,1.025879
298099606,0.091553,0.218994,1.020264
298104606,0.090332,0.217529,1.020508
298109606,0.092285,0.221191,1.022461
298114606,0.090088,0.229004,1.023682
298119606,0.0896,0.224365,1.026367
298124606,0.090576,0.223389,1.024414
298129606,0.091553,0.223877,1.019775
298134606,0.09082,0.223145,1.026611
298139606,0.088379,0.218018,1.026123
298144606,0.088379,0.22583,1.022461
298149606,0.091309,0.224609,1.024902
298154606,0.089844,0.218994,1.023193
298159606,0.095215,0.216797,1.016846
298164606,0.094727,0.216309,1.02832
298169606,0.09375,0.217773,1.02124
298174606,0.098633,0.222168,1.028076
298179606,0.090088,0.223633,1.019531
298184606,0.089355,0.221924,1.014404
298189606,0.093262,0.22583,1.022949
298194606,0.090088,0.226074,1.018066
298199606,0.089844,0.224609,1.030762
298204606,0.093018,0.223389,1.031738
298209606,0.089111,0.218018,1.020508
298214606,0.088867,0.217773,1.024414
298219606,0.091797,0.217529,1.017578
298224606,0.088867,0.217041,1.015625
298229606,0.095459,0.221191,1.026367
298234606,0.092773,0.220215,1.02417
298239606,0.096436,0.22168,1.021484
298244606,0.092285,0.21875,1.023193
298249606,0.090576,0.223145,1.022461
298254606,0.093262,0.219727,1.02417
298259606,0.093018,0.22583,1.026367
298264606,0.087891,0.225586,1.019775
298269606,0.092773,0.224609,1.020264
298274606,0.088623,0.220703,1.020752
298279606,0.093994,0.220947,1.020264
298284606,0.096436,0.223389,1.02832
298289606,0.087891,0.217529,1.024414
298294606,0.088379,0.220459,1.018066
298299606,0.086426,0.219971,1.018799
298304606,0.088867,0.22168,1.014404
298309606,0.087646,0.223145,1.025391
298314606,0.088135,0.221436,1.022217
298319606,0.088135,0.220215,1.019531
298324606,0.092285,0.2229,1.019287
298329606,0.091309,0.219971,1.016602
298334606,0.092285,0.216309,1.024658
298339606,0.094238,0.21582,1.026611
298344606,0.090576,0.2146,1.029785
298349606,0.093994,0.214844,1.023926
298354606,0.097168,0.214111,1.022461
298359606,0.094971,0.218506,1.01416
298364606,0.092529,0.225586,1.021973
298369606,0.083984,0.225342,1.02124
298374606,0.088135,0.223633,1.022949
298379606,0.092529,0.221924,1.022705
298384606,0.091797,0.227539,1.028076
298389606,0.09082,0.224121,1.028076
298394606,0.090576,0.224854,1.023438
298399606,0.089355,0.21875,1.019287
298404606,0.093262,0.219727,1.022705
298409606,0.090576,0.213867,1.017578
298414606,0.092773,0.214111,1.020752
298419606,0.096436,0.212891,1.008545
298424606,0.094482,0.217041,1.015625
298429606,0.085937,0.221924,1.020996
298434606,0.0896,0.220459,1.020996
298439606,0.086426,0.227783,1.017334
298444606,0.088379,0.232178,1.018555
298449606,0.087402,0.230957,1.031738
298454606,0.088379,0.236084,1.026611
298459606,0.093262,0.227051,1.025146
298464606,0.092285,0.214355,1.0271
298469606,0.094238,0.218262,1.024414
298474606,0.097656,0.214355,1.025146
298479606,0.0979,0.208496,1.024902
298484606,0.099121,0.209229,1.024658
298489606,0.093994,0.212891,1.022461
298494606,0.093506,0.216553,1.019287
298499606,0.091553,0.222168,1.016357
298504606,0.08667,0.226074,1.015869
298509606,0.084717,0.230469,1.026367
298514606,0.084717,0.23291,1.021729
298519606,0.082764,0.231689,1.021973
298524606,0.09082,0.227539,1.021729
298529606,0.088623,0.223877,1.020996
298534606,0.089355,0.218506,1.032959
298539606,0.092773,0.220703,1.029297
298544606,0.095215,0.213379,1.02002
298549606,0.097656,0.202637,1.024658
298554606,0.099121,0.207275,1.016846
298559606,0.092285,0.210449,1.020508
298564606,0.095215,0.216309,1.019531
298569606,0.092041,0.22168,1.020508
298574606,0.0896,0.223145,1.019775
298579606,0.09082,0.226074,1.026123
298584606,0.085693,0.22998,1.02124
298589606,0.082764,0.234131,1.037354
298594606,0.092529,0.228516,1.023682
298599606,0.089111,0.225342,1.026123
298604606,0.094971,0.218262,1.025391
298609606,0.095703,0.218262,1.019043
298614606,0.099365,0.220947,1.026855
298619606,0.101074,0.210449,1.02002
298624606,0.102295,0.208984,1.019287
298629606,0.094238,0.210449,1.020264
298634606,0.093506,0.215576,1.017578
298639606,0.089355,0.222168,1.024414
298644606,0.089355,0.226807,1.022217
298649606,0.088623,0.223633,1.023926
298654606,0.085693,0.230469,1.029297
298659606,0.0896,0.232422,1.02832
298664606,0.085205,0.227295,1.024414
298669606,0.088379,0.224609,1.025879
298674606,0.090576,0.220703,1.027588
298679606,0.091309,0.217041,1.027832
298684606,0.095459,0.216553,1.022461
298689606,0.097412,0.20874,1.015625
298694606,0.094482,0.209473,1.01416
298699606,0.097656,0.216797,1.020996
298704606,0.093262,0.218506,1.014648
298709606,0.088623,0.216797,1.023193
298714606,0.087891,0.221924,1.02832
298719606,0.0896,0.219727,1.018555
298724606,0.088379,0.226807,1.027832
298729606,0.087891,0.227051,1.029541
298734606,0.088867,0.224121,1.027588
298739606,0.08667,0.221191,1.026855
298744606,0.092285,0.218506,1.023926
298749606,0.094971,0.215576,1.015625
298754606,0.094482,0.218262,1.025879
298759606,0.094971,0.216064,1.018799
298764606,0.094238,0.217285,1.016602
298769606,0.095703,0.219727,1.020996
298774606,0.092041,0.22168,1.01709
298779606,0.088623,0.225098,1.024414
298784606,0.09082,0.223145,1.021484
298789606,0.087158,0.224854,1.024902
298794606,0.0896,0.219971,1.026123
298799606,0.087402,0.223877,1.029785
298804606,0.091553,0.221924,1.024414
298809606,0.091309,0.220947,1.017578
298814606,0.089844,0.217529,1.022461
298819606,0.093994,0.214111,1.023682
298824606,0.095215,0.213379,1.023193
298829606,0.092773,0.2146,1.020752
298834606,0.093262,0.217773,1.019287
298839606,0.092773,0.218994,1.020752
298844606,0.092285,0.216797,1.025635
298849606,0.093018,0.221924,1.031494
298854606,0.088623,0.224854,1.027588
298859606,0.089111,0.2229,1.022217
298864606,0.086914,0.222168,1.020996
298869606,0.087891,0.221436,1.023193
298874606,0.089111,0.216797,1.027832
298879606,0.092529,0.217773,1.021484
298884606,0.090088,0.217773,1.02417
298889606,0.097412,0.22168,1.027832
298894606,0.092773,0.217041,1.016113
298899606,0.094238,0.217529,1.019775
298904606,0.09375,0.218506,1.020508
298909606,0.093018,0.221924,1.019531
298914606,0.087891,0.223389,1.0271
298919606,0.087891,0.224121,1.021973
298924606,0.088135,0.224854,1.02417
298929606,0.089844,0.223877,1.023438
298934606,0.089355,0.223145,1.027344
298939606,0.087891,0.226074,1.023193
298944606,0.092285,0.221436,1.028076
298949606,0.09082,0.220459,1.019287
298954606,0.093262,0.22168,1.019287
298959606,0.092773,0.216797,1.02124
298964606,0.091309,0.21875,1.024658
298969606,0.095703,0.216797,1.019043
298974606,0.089111,0.219727,1.021973
298979606,0.089844,0.223145,1.021973
298984606,0.089355,0.223633,1.025879
298989606,0.088379,0.222412,1.021729
298994606,0.092285,0.222168,1.032471
298999606,0.091553,0.2229,1.02417
299004606,0.088379,0.225586,1.028076
299009606,0.087158,0.218994,1.025146
299014606,0.089844,0.219971,1.021973
299019606,0.088867,0.2229,1.023193
299024606,0.092285,0.220947,1.02002
299029606,0.091797,0.221191,1.017334
299034606,0.092041,0.219238,1.018799
299039606,0.091309,0.220459,1.02124
299044606,0.093262,0.224609,1.029541
299049606,0.092285,0.228516,1.018555
299054606,0.091797,0.222412,1.020752
299059606,0.090332,0.223633,1.022949
299064606,0.090088,0.220459,1.020508
299069606,0.091064,0.22168,1.019775
299074606,0.092529,0.227539,1.026367
299079606,0.087891,0.2229,1.025391
299084606,0.091309,0.218262,1.021973
299089606,0.090576,0.226318,1.026123
299094606,0.090332,0.218506,1.024902
299099606,0.091797,0.219238,1.021484
299104606,0.092529,0.22168,1.026611
299109606,0.090332,0.21875,1.024658
299114606,0.087891,0.219727,1.023926
299119606,0.093018,0.221191,1.025879
299124606,0.092773,0.220459,1.025146
299129606,0.091797,0.224609,1.023193
299134606,0.094727,0.218018,1.023438
299139606,0.088623,0.217041,1.026611
299144606,0.093506,0.21875,1.027832
299149606,0.098633,0.219971,1.022705
299154606,0.094482,0.222168,1.024902
299159606,0.09668,0.218994,1.022705
299164606,0.091064,0.213867,1.022217
299169606,0.092773,0.222168,1.020996
299174606,0.093506,0.221191,1.020508
299179606,0.089355,0.220215,1.027344
299184606,0.094238,0.222656,1.024902
299189606,0.097656,0.224365,1.027344
299194606,0.094482,0.220947,1.022949
299199606,0.091309,0.222412,1.021484
299204606,0.095215,0.219727,1.022217
299209606,0.092041,0.219482,1.018555
299214606,0.09082,0.217529,1.025635
299219606,0.091797,0.219727,1.018799
299224606,0.091553,0.219238,1.023193
299229606,0.087158,0.221924,1.022217
299234606,0.091553,0.222656,1.019287
299239606,0.091064,0.222656,1.022461
299244606,0.094971,0.222412,1.021973
299249606,0.088623,0.222656,1.028564
299254606,0.093506,0.219971,1.020752
299259606,0.093018,0.222168,1.020508
299264606,0.090332,0.223389,1.021973
299269606,0.090088,0.2229,1.018311
299274606,0.091797,0.217773,1.027588
299279606,0.093262,0.227051,1.023926
299284606,0.093018,0.221924,1.025391
299289606,0.090576,0.222412,1.022217
299294606,0.090576,0.224854,1.021973
299299606,0.085693,0.222412,1.029785
299304606,0.09082,0.219238,1.021973
299309606,0.091553,0.223389,1.018555
299314606,0.092529,0.220459,1.023438
299319606,0.090088,0.22168,1.024414
299324606,0.092529,0.2229,1.020508
299329606,0.093262,0.220703,1.020508
299334606,0.090088,0.222412,1.022705
299339606,0.092285,0.220947,1.02124
299344606,0.091797,0.220459,1.016602
299349606,0.089111,0.22168,1.023193
299354606,0.089844,0.223877,1.025391
299359606,0.092529,0.226807,1.018555
299364606,0.093262,0.223877,1.01123
299369606,0.087402,0.223145,1.021973
299374606,0.091309,0.217773,1.026611
299379606,0.095215,0.221924,1.027344
299384606,0.091064,0.2229,1.017578
299389606,0.093018,0.217773,1.0271
299394606,0.091064,0.224609,1.020508
299399606,0.0896,0.221924,1.025146
299404606,0.093506,0.220459,1.025879
299409606,0.09082,0.219971,1.021484
299414606,0.088867,0.222656,1.022949
299419606,0.095459,0.2229,1.020996
299424606,0.089355,0.221436,1.019531
299429606,0.087891,0.223145,1.024414
299434606,0.091064,0.218262,1.027344
299439606,0.093262,0.223877,1.023926
299444606,0.088623,0.219971,1.021729
299449606,0.095215,0.224609,1.024902
299454606,0.095703,0.221436,1.029785
299459606,0.090332,0.218506,1.02417
299464606,0.092285,0.218506,1.022705
299469606,0.094238,0.2229,1.023926
299474606,0.092773,0.223633,1.02002
299479606,0.095947,0.218506,1.016602
299484606,0.093506,0.217773,1.021484
299489606,0.093018,0.221436,1.024658
299494606,0.090332,0.222656,1.023193
299499606,0.091553,0.227051,1.018066
299504606,0.093262,0.218994,1.021729
299509606,0.093506,0.225586,1.028809
299514606,0.09082,0.219727,1.019775
299519606,0.092041,0.221191,1.025879
299524606,0.089111,0.222168,1.02832
299529606,0.089355,0.219971,1.029541
299534606,0.088867,0.221924,1.024658
299539606,0.089355,0.223877,1.020264
299544606,0.092285,0.222412,1.023193
299549606,0.088867,0.221436,1.023682
299554606,0.086426,0.2229,1.022217
299559606,0.09375,0.223145,1.025146
299564606,0.088623,0.217285,1.022949
299569606,-0.22168,-1.586182,-2.249023
299574606,-1.415771,2.822021,-0.30249
299579606,-0.740723,1.543701,-1.427979
299584606,-1.871826,2.570801,2.558594
299589606,-2.100098,2.287842,-4.0
299594606,-2.184082,1.942383,-2.426758
299599606,-1.559326,0.791748,-0.640869
299604606,-0.695557,1.297363,0.296143
299609606,-0.883057,0.681396,1.09375
299614606,0.01709,0.075439,0.872803
299619606,-0.032227,0.296875,2.620605
299624606,-1.504639,0.808105,1.682373
299629606,-0.564209,0.378906,1.014648
299634606,0.095215,0.243164,0.950439
299639606,0.048096,0.24707,1.09082
299644606,0.087402,0.13501,0.953125
299649606,0.147461,0.220947,0.936523
299654606,0.035889,0.135254,1.045654
299659606,0.218506,0.256836,1.241943
299664606,0.150146,0.209961,1.055664
299669606,0.005615,0.243896,0.811279
299674606,0.102295,0.244385,0.98291
299679606,0.034424,0.22998,0.946777
299684606,0.324707,0.251221,-0.733887
299689606,-0.176758,0.101318,-0.367188
299694606,0.232178,0.174805,0.937988
299699606,0.045898,0.390869,1.137207
299704606,0.162842,0.077637,0.898926
299709606,0.103027,0.224121,1.194824
299714606,0.10498,0.292236,1.150879
299719606,0.032227,0.207275,0.864258
299724606,0.033691,0.208252,0.796875
299729606,0.091064,0.196045,0.867432
299734606,0.112061,0.226562,1.082031
299739606,0.107666,0.244873,1.132324
299744606,-0.442627,0.377441,-2.48584
299749606,-0.192139,0.240967,1.050781
299754606,0.092041,0.347412,0.886719
299759606,0.070557,0.246826,1.153564
299764606,0.145752,0.149902,0.980225
299769606,0.083252,0.228027,1.053223
299774606,0.07251,0.247803,1.06543
299779606,0.042969,0.206299,0.896729
299784606,-0.945312,1.530029,1.10376
299789606,0.125732,0.25293,1.102783
299794606,0.093018,0.182373,0.975586
299799606,0.079834,0.251221,1.064941
299804606,0.123535,0.1875,1.010986
299809606,0.037598,0.18042,0.818604
299814606,0.004639,0.288574,1.192871
299819606,0.182373,0.227539,1.028809
299824606,0.152344,0.224121,1.10498
299829606,0.061035,0.154541,0.942627
299834606,0.118652,0.206055,0.992432
299839606,0.080566,0.259766,1.030273
299844606,0.093018,0.21167,1.005371
299849606,0.091309,0.220215,1.015625
299854606,0.097412,0.215088,1.022461
299859606,0.091309,0.216309,1.017334
299864606,0.085693,0.23999,1.033203
299869606,0.095703,0.223877,1.026123
299874606,0.092285,0.212646,1.016357
299879606,0.093994,0.222168,1.025146
299884606,0.095947,0.222656,1.019043
299889606,0.088623,0.22168,1.025391
299894606,0.094482,0.224365,1.022217
299899606,0.094727,0.212646,1.02124
299904606,0.088623,0.222412,1.021484
299909606,0.09375,0.224365,1.026367
299914606,0.094727,0.221924,1.026855
299919606,0.09375,0.221924,1.022705
299924606,0.095947,0.217529,1.020996
299929606,0.093018,0.218262,1.023926
299934606,0.088867,0.224121,1.025635
299939606,0.094482,0.224365,1.024658
299944606,0.090088,0.219238,1.0271
299949606,0.095459,0.219482,1.023682
299954606,0.093994,0.215088,1.02002
299959606,0.093018,0.221436,1.02124
299964606,0.0896,0.223389,1.029541
299969606,0.09375,0.218506,1.020996
299974606,0.092285,0.221924,1.018799
299979606,0.092041,0.226318,1.022705
299984606,0.088135,0.219238,1.022461
299989606,0.093994,0.220703,1.022949
299994606,0.092529,0.223877,1.022217
299999606,0.090332,0.217773,1.019775
300004606,0.092041,0.218506,1.016602
300009606,0.092041,0.224854,1.025146
300014606,0.09082,0.218018,1.020752
300019606,0.091064,0.219482,1.019043
300024606,0.087646,0.218994,1.028809
300029606,0.092285,0.220459,1.020996
300034606,0.092773,0.221191,1.02124
300039606,0.09082,0.224609,1.026367
300044606,0.095947,0.223145,1.022949
300049606,0.093018,0.220947,1.026123
300054606,0.094727,0.221191,1.02417
300059606,0.092041,0.220947,1.019287
300064606,0.093506,0.223877,1.016602
300069606,0.088623,0.221436,1.022461
300074606,0.092041,0.219971,1.023438
300079606,0.091064,0.219971,1.026855
300084606,0.094482,0.22168,1.026855
300089606,0.091797,0.222412,1.023926
300094606,0.0896,0.218506,1.020752
300099606,0.092041,0.220947,1.018799
300104606,0.096924,0.220215,1.024658
300109606,0.088623,0.222656,1.025879
300114606,0.091553,0.225586,1.014893
300119606,0.094727,0.220215,1.023926
300124606,0.092773,0.219971,1.020508
300129606,0.091309,0.219971,1.019287
300134606,0.094727,0.222412,1.019531
300139606,0.090088,0.224121,1.024414
300144606,0.091553,0.2229,1.027832
300149606,0.092529,0.224854,1.026611
300154606,0.093994,0.224121,1.022705
300159606,0.090088,0.21582,1.020752
300164606,0.095703,0.223145,1.022461
300169606,0.093018,0.220947,1.015381
300174606,0.092773,0.219727,1.015869
300179606,0.092529,0.219971,1.022461
300184606,0.095215,0.223633,1.02002
300189606,0.091797,0.220703,1.020996
300194606,0.094238,0.224609,1.018799
300199606,0.09082,0.227539,1.020508
300204606,0.088623,0.222656,1.022461
300209606,0.096436,0.221924,1.029541
300214606,0.094727,0.223389,1.022949
300219606,0.088867,0.220459,1.02832
300224606,0.091797,0.221436,1.018066
300229606,0.091553,0.220459,1.013184
300234606,0.09375,0.221436,1.019287
300239606,0.093018,0.2229,1.02417
300244606,0.09375,0.220459,1.02417
300249606,0.091553,0.220215,1.030273
300254606,0.0896,0.221436,1.016846
300259606,0.091064,0.219971,1.021973
300264606,0.090088,0.220947,1.025146
300269606,0.092041,0.220947,1.01709
300274606,0.091797,0.218262,1.023438
300279606,0.091797,0.220459,1.022461
300284606,0.094971,0.219971,1.025146
300289606,0.095947,0.221436,1.02002
300294606,0.090088,0.22168,1.023682
300299606,0.091309,0.221436,1.02124
300304606,0.092041,0.21875,1.022949
300309606,0.091797,0.221191,1.01709
300314606,0.094238,0.224609,1.022949
300319606,0.093506,0.219482,1.022461
300324606,0.094238,0.221924,1.023438
300329606,0.09082,0.223877,1.022949
300334606,0.091553,0.22168,1.020508
300339606,0.094238,0.223145,1.025146
300344606,0.092041,0.2229,1.017578
300349606,0.099609,0.2229,1.015625
300354606,0.091064,0.222168,1.019043
300359606,0.091797,0.22583,1.02417
300364606,0.093262,0.21875,1.027344
300369606,0.092041,0.217285,1.025391
300374606,0.093018,0.221191,1.019287
300379606,0.097168,0.221436,1.025391
300384606,0.09375,0.217041,1.022705
300389606,0.094238,0.222656,1.018311
300394606,0.090332,0.224609,1.026123
300399606,0.093994,0.220459,1.022949
300404606,0.091553,0.2229,1.024902
300409606,0.094727,0.225586,1.02124
300414606,0.093018,0.219238,1.018311
300419606,0.091797,0.2229,1.02124
300424606,0.094238,0.219238,1.020508
300429606,0.095459,0.223389,1.020508
300434606,0.093262,0.224365,1.016357
300439606,0.092041,0.22168,1.024902
300444606,0.092773,0.224609,1.027832
300449606,0.092285,0.219971,1.028809
300454606,0.092773,0.223389,1.014648
300459606,0.093994,0.219971,1.020508
300464606,0.091309,0.222412,1.021729
300469606,0.093018,0.223877,1.029053
300474606,0.090332,0.220703,1.023193
300479606,0.089844,0.221191,1.02002
300484606,0.088867,0.226318,1.023682
300489606,0.089844,0.222168,1.020264
300494606,0.09375,0.222168,1.024658
300499606,0.0896,0.220703,1.021973
300504606,0.094482,0.221924,1.023193
300509606,0.09375,0.223633,1.027832
300514606,0.095459,0.217285,1.020996
300519606,0.087891,0.217041,1.023682
300524606,0.091553,0.220215,1.018066
300529606,0.092529,0.218018,1.021973
300534606,0.09082,0.218994,1.023438
300539606,0.091309,0.226074,1.022217
300544606,0.092529,0.225098,1.016113
300549606,0.088379,0.227783,1.024902
300554606,0.092041,0.227539,1.017822
300559606,0.093262,0.22583,1.018555
300564606,0.093994,0.227783,1.026367
300569606,0.09375,0.221436,1.022217
300574606,0.091553,0.223389,1.022461
300579606,0.093506,0.222656,1.021729
300584606,0.091797,0.218994,1.024658
300589606,0.092041,0.219971,1.02002
300594606,0.093262,0.214844,1.018311
300599606,0.090332,0.217773,1.022949
300604606,0.092285,0.219727,1.024414
300609606,0.09375,0.225098,1.022949
300614606,0.093506,0.227539,1.020996
300619606,0.090332,0.223389,1.025635
300624606,0.09082,0.225586,1.026855
300629606,0.088623,0.224121,1.023682
300634606,0.092285,0.219482,1.022705
300639606,0.094971,0.218994,1.022461
300644606,0.091797,0.223145,1.021484
300649606,0.097656,0.218994,1.020264
300654606,0.090332,0.220947,1.019043
300659606,0.093018,0.220459,1.022949
300664606,0.091553,0.217529,1.0271
300669606,0.091797,0.220947,1.016113
300674606,0.092285,0.223145,1.024902
300679606,0.093262,0.222168,1.027588
300684606,0.089111,0.221436,1.018555
300689606,0.094971,0.225342,1.02124
300694606,0.095703,0.220947,1.016846
300699606,0.093506,0.225342,1.025635
300704606,0.089844,0.223877,1.020508
300709606,0.092285,0.224854,1.018799
300714606,0.095947,0.223389,1.030762
300719606,0.089355,0.220947,1.025879
300724606,0.091553,0.222656,1.03125
300729606,0.093994,0.222168,1.022217
300734606,0.090332,0.216553,1.024414
300739606,0.0896,0.218018,1.02832
300744606,0.092041,0.220947,1.025391
300749606,0.090088,0.217773,1.022461
300754606,0.091309,0.219238,1.023193
300759606,0.092529,0.224854,1.021973
300764606,0.088867,0.218994,1.019531
300769606,0.092773,0.220947,1.024414
300774606,0.094482,0.220459,1.02002
300779606,0.089355,0.222412,1.019043
300784606,0.088623,0.219238,1.024902
300789606,0.092285,0.221436,1.023438
300794606,0.099609,0.221924,1.025146
300799606,0.091553,0.217773,1.023682
300804606,0.087402,0.223389,1.02417
300809606,0.093506,0.223389,1.025635
300814606,0.091553,0.219482,1.025146
300819606,0.092041,0.224121,1.023682
300824606,0.092285,0.224854,1.0271
300829606,0.091309,0.225342,1.024902
300834606,0.088379,0.224609,1.015625
300839606,0.088135,0.221924,1.015625
300844606,0.0896,0.223145,1.022461
300849606,0.094971,0.217285,1.024658
300854606,0.091309,0.223389,1.028076
300859606,0.092041,0.218506,1.021484
300864606,0.093994,0.21582,1.022461
300869606,0.091797,0.22168,1.02002
300874606,0.095459,0.219482,1.023193
300879606,0.095459,0.221436,1.019775
300884606,0.091309,0.223389,1.023926
300889606,0.093262,0.222656,1.021729
300894606,0.088135,0.226318,1.020264
300899606,0.091064,0.22583,1.020752
300904606,0.092041,0.22583,1.026123
300909606,0.092529,0.2229,1.020752
300914606,0.092529,0.222168,1.024658
300919606,0.091309,0.223633,1.026855
300924606,0.092773,0.221436,1.022217
300929606,0.094727,0.217041,1.019775
300934606,0.091797,0.217041,1.021484
300939606,0.092529,0.223389,1.020264
300944606,0.094971,0.219238,1.01709
300949606,0.095215,0.225586,1.019531
300954606,0.092529,0.220703,1.029053
300959606,0.090576,0.224365,1.022705
300964606,0.088135,0.227539,1.025879
300969606,0.09375,0.224365,1.020752
300974606,0.088867,0.224121,1.022705
300979606,0.095459,0.223145,1.02124
300984606,0.092529,0.22168,1.030029
300989606,0.094971,0.219727,1.029297
300994606,0.093506,0.221924,1.021973
300999606,0.092529,0.219482,1.02417
301004606,0.095459,0.218018,1.02002
301009606,0.097168,0.222656,1.023682
301014606,0.089355,0.224121,1.026123
301019606,0.093018,0.221191,1.031494
301024606,0.093262,0.224121,1.023438
301029606,0.088135,0.222656,1.020508
301034606,0.088867,0.220459,1.0271
301039606,0.095215,0.220459,1.020752
301044606,0.087891,0.218994,1.02002
301049606,0.088135,0.218018,1.02002
301054606,0.094727,0.219727,1.019043
301059606,0.088379,0.219238,1.018311
301064606,0.091309,0.220215,1.019043
301069606,0.094482,0.222656,1.021973
301074606,0.089844,0.22168,1.024658
301079606,0.090332,0.220459,1.023682
301084606,0.090576,0.223877,1.023193
301089606,0.09082,0.219727,1.019043
301094606,0.09375,0.221436,1.030273
301099606,0.089111,0.2229,1.023438
301104606,0.092285,0.226562,1.019531
301109606,0.090576,0.22168,1.023193
301114606,0.090088,0.220215,1.022461
301119606,0.097656,0.218506,1.023438
301124606,0.092285,0.217041,1.020508
301129606,0.090088,0.22168,1.019043
301134606,0.089355,0.221436,1.021484
301139606,0.092773,0.222168,1.020508
301144606,0.097168,0.220947,1.023926
301149606,0.094238,0.221924,1.018799
301154606,0.087646,0.226562,1.023438
301159606,0.09375,0.224854,1.02002
301164606,0.093262,0.219727,1.024902
301169606,0.096924,0.221191,1.02124
301174606,0.101074,0.217529,0.998291
301179606,0.080811,0.217041,1.022705
301184606,0.088135,0.218506,1.034424
301189606,0.095703,0.225098,1.022217
301194606,0.09375,0.213623,1.027832
301199606,0.0979,0.212402,1.016846
301204606,0.0896,0.217041,1.015869
301209606,0.0896,0.21875,1.02002
301214606,0.097168,0.218262,1.019531
301219606,0.107666,0.238525,1.061523
301224606,0.102295,0.213379,1.016113
301229606,0.082764,0.206543,1.01001
301234606,0.116699,0.215332,1.026367
301239606,0.072754,0.241943,1.077393
301244606,0.091553,0.230225,1.004639
301249606,0.06958,0.250244,1.033691
301254606,0.099121,0.195068,1.016113
301259606,0.099121,0.208984,1.021729
301264606,0.09082,0.218018,1.02124
301269606,0.088867,0.217285,1.015869
301274606,0.094971,0.220215,1.027344
301279606,0.103271,0.227783,1.031738
301284606,0.109131,0.192383,0.974609
301289606,0.075684,0.200439,1.061279
301294606,0.071777,0.253662,1.001221
301299606,0.099121,0.150146,0.881348
301304606,0.071045,0.244141,1.005127
301309606,0.08374,0.214355,1.041748
301314606,0.102051,0.237549,1.039551
301319606,0.10376,0.20459,1.039063
301324606,0.086182,0.216797,1.015381
301329606,0.094238,0.225098,1.030518
301334606,0.157471,0.174805,1.09082
301339606,0.109863,0.210693,0.941162
301344606,0.099609,0.215332,0.983154
301349606,0.101563,0.226562,1.017578
301354606,0.097656,0.195068,1.019043
301359606,0.116699,0.248779,1.04248
301364606,0.086182,0.200195,1.022461
301369606,0.099365,0.238281,1.033691
301374606,0.089844,0.240234,1.037109
301379606,0.091797,0.205811,1.031494
301384606,0.103516,0.222412,1.02417
301389606,0.097656,0.218018,1.010986
301394606,0.086426,0.217041,1.015381
301399606,0.086426,0.224609,1.025635
301404606,0.098877,0.227783,1.019531
301409606,0.09082,0.210449,1.021729
301414606,0.099609,0.220215,1.033691
301419606,0.089355,0.216797,1.006348
301424606,0.081299,0.222412,1.019775
301429606,0.082764,0.237549,1.026611
301434606,0.082275,0.230957,1.027344
301439606,0.090576,0.226074,1.028076
301444606,0.090332,0.22168,1.024902
301449606,0.092041,0.221436,1.024658
301454606,0.0896,0.227295,1.025391
301459606,0.094727,0.225098,1.01416
301464606,0.091797,0.221191,1.015869
301469606,0.0979,0.200439,1.023926
301474606,0.098389,0.224365,1.020508
301479606,0.099121,0.20752,1.019287
301484606,0.092773,0.209229,1.018311
301489606,0.092773,0.232666,1.027344
301494606,0.077393,0.22876,1.031006
301499606,0.081787,0.249023,1.026855
301504606,0.081787,0.251465,1.026367
301509606,0.085205,0.24292,1.024414
301514606,0.086182,0.236816,1.018799
301519606,0.08374,0.227539,1.026367
301524606,0.083008,0.238281,1.025879
301529606,0.086426,0.232422,1.024902
301534606,0.09082,0.227539,1.020752
301539606,0.094482,0.213623,1.02124
301544606,0.096924,0.21167,1.02832
301549606,0.094238,0.216064,1.014893
301554606,0.095215,0.214844,1.02002
301559606,0.09375,0.214844,1.02417
301564606,0.095947,0.216797,1.027588
301569606,0.093018,0.218506,1.027832
301574606,0.090576,0.224365,1.037354
301579606,0.092041,0.230957,1.024658
301584606,0.087402,0.213135,0.999512
301589606,0.085937,0.2229,0.992676
301594606,0.068359,0.235596,0.970703
301599606,0.052246,0.27417,1.109619
301604606,0.13208,0.216309,0.965576
301609606,0.06543,0.18042,0.882568
301614606,0.069336,0.257324,1.096191
301619606,0.090576,0.222656,0.946777
301624606,0.095215,0.140869,0.955078
301629606,0.128906,0.264648,1.205078
301634606,0.076904,0.245117,0.978516
301639606,0.081299,0.083252,0.831543
301644606,0.111328,0.267578,1.21167
301649606,0.151855,0.246094,1.052246
301654606,0.072021,0.073975,1.077637
301659606,0.081787,0.37793,1.136475
301664606,0.10498,0.159424,0.862793
301669606,0.039307,0.230957,1.17334
301674606,0.103027,0.296631,0.920654
301679606,0.121094,0.147705,1.108398
301684606,0.033691,0.303467,1.069336
301689606,0.109131,0.196777,0.955811
301694606,0.060547,0.244141,1.059326
301699606,0.089111,0.22876,0.959717
301704606,0.116455,0.196289,1.094482
301709606,0.077637,0.260254,1.019775
301714606,0.117188,0.181152,1.051025
301719606,0.060547,0.240723,1.081055
301724606,0.070068,0.217529,0.887695
301729606,0.094971,0.184326,0.968506
301734606,0.087158,0.258301,1.09668
301739606,0.091553,0.224121,0.976807
301744606,0.115723,0.193115,1.064697
301749606,0.072021,0.251709,1.017334
301754606,0.118896,0.180908,0.978027
301759606,0.106689,0.232178,1.085693
301764606,0.0896,0.235107,1.00708
301769606,0.094727,0.224365,1.101074
301774606,0.082764,0.24585,0.997314
301779606,0.096436,0.187988,0.99707
301784606,0.090576,0.231934,1.083496
301789606,0.084717,0.221924,0.987305
301794606,0.095947,0.20874,1.025391
301799606,0.089111,0.256104,1.054443
301804606,0.089844,0.197998,0.925049
301809606,0.101563,0.199707,1.016602
301814606,0.081299,0.240967,0.98584
301819606,0.105957,0.201416,1.012207
301824606,0.09668,0.251221,1.054932
301829606,0.094482,0.209717,0.992432
301834606,0.085205,0.213135,1.023682
301839606,0.083984,0.245361,1.004639
301844606,0.098145,0.198242,1.010254
301849606,0.080322,0.241943,1.098389
301854606,0.098389,0.235596,1.016357
301859606,0.096436,0.19165,1.039795
301864606,0.076416,0.24292,1.025879
301869606,0.099609,0.202393,0.997803
301874606,0.081543,0.223145,1.064941
301879606,0.093262,0.227783,1.014404
301884606,0.086426,0.218994,1.023193
301889606,0.102783,0.218018,0.996826
301894606,0.094238,0.208252,1.007324
301899606,0.087402,0.227539,1.006104
301904606,0.110596,0.214844,1.030762
301909606,0.07959,0.230469,1.021973
301914606,0.102783,0.218994,1.039063
301919606,0.084717,0.232178,1.005127
301924606,0.089111,0.219238,1.00708
301929606,0.098145,0.224121,1.044434
301934606,0.077148,0.23877,1.025391
301939606,0.102051,0.216064,1.026855
301944606,0.082031,0.230713,1.036865
301949606,0.097168,0.218262,1.007324
301954606,0.099121,0.208008,1.025635
301959606,0.09375,0.223633,1.026855
301964606,0.099854,0.2146,1.017822
301969606,0.098389,0.223389,1.038818
301974606,0.095703,0.222656,1.00293
301979606,0.088379,0.218018,1.016113
301984606,0.102783,0.228027,1.020752
301989606,0.084473,0.221924,1.024902
301994606,0.086914,0.227783,1.034424
301999606,0.094482,0.229004,1.016357
302004606,0.087891,0.218018,1.019043
302009606,0.091309,0.223145,1.026367
302014606,0.094482,0.216309,1.025635
302019606,0.090332,0.220459,1.029785
302024606,0.097168,0.218506,1.02002
302029606,0.091553,0.213867,1.018311
302034606,0.094727,0.221191,1.010986
302039606,0.095947,0.219482,1.017578
302044606,0.091309,0.220215,1.026123
302049606,0.095215,0.22876,1.019775
302054606,0.094238,0.224121,1.020264
302059606,0.088867,0.225098,1.010498
302064606,0.089355,0.227295,1.014893
302069606,0.087158,0.222412,1.026855
302074606,0.091064,0.224365,1.022217
302079606,0.092529,0.226318,1.019043
302084606,0.090576,0.217529,1.02124
302089606,0.088379,0.218506,1.023682
302094606,0.095947,0.219238,1.016113
302099606,0.094971,0.219238,1.025146
302104606,0.094238,0.218018,1.024658
302109606,0.087646,0.220947,1.02124
302114606,0.091797,0.221924,1.019043
302119606,0.091064,0.216064,1.023193
302124606,0.094238,0.227051,1.021484
302129606,0.092529,0.224121,1.027832
302134606,0.091309,0.225342,1.023438
302139606,0.087402,0.223633,1.019531
302144606,0.091064,0.222656,1.018066
302149606,0.090332,0.222656,1.017334
302154606,0.091797,0.218994,1.027588
302159606,0.095947,0.222656,1.02124
302164606,0.098877,0.217285,1.025146
302169606,0.091797,0.215576,1.02124
302174606,0.095703,0.219971,1.019531
302179606,0.096191,0.216553,1.022705
302184606,0.095215,0.221924,1.02417
302189606,0.093506,0.223877,1.027832
302194606,0.094727,0.229004,1.025635
302199606,0.093506,0.223633,1.021484
302204606,0.092041,0.226074,1.030762
302209606,0.093506,0.220459,1.025391
302214606,0.090088,0.221924,1.026367
302219606,0.092285,0.221191,1.021973
302224606,0.091553,0.220947,1.018311
302229606,0.091797,0.219238,1.021973
302234606,0.094238,0.219482,1.024658
302239606,0.092285,0.220459,1.018555
302244606,0.090576,0.222168,1.025879
302249606,0.087158,0.221191,1.022217
302254606,0.091309,0.221191,1.02417
302259606,0.092773,0.223633,1.017578
302264606,0.091309,0.22583,1.016113
302269606,0.091553,0.223633,1.023926
302274606,0.088379,0.226074,1.025146
302279606,0.094238,0.221924,1.021729
302284606,0.093018,0.220215,1.010986
302289606,0.092529,0.222168,1.020996
302294606,0.094482,0.220459,1.020996
302299606,0.088623,0.222412,1.020508
302304606,0.093994,0.221436,1.026123
302309606,0.091553,0.217041,1.017334
302314606,0.088135,0.219971,1.020508
302319606,0.094727,0.2229,1.019287
302324606,0.091309,0.219971,1.022705
302329606,0.095215,0.222656,1.027344
302334606,0.097168,0.223877,1.018311
302339606,0.089844,0.220703,1.023926
302344606,0.093262,0.222412,1.019775
302349606,0.093018,0.222656,1.021973
302354606,0.091797,0.227295,1.019287
302359606,0.093018,0.2229,1.022461
302364606,0.089111,0.227051,1.021484
302369606,0.090332,0.22583,1.019531
302374606,0.0896,0.223145,1.019775
302379606,0.093018,0.2229,1.02124
302384606,0.094971,0.220703,1.02002
302389606,0.0896,0.217773,1.022705
302394606,0.092773,0.214844,1.01709
302399606,0.093262,0.221436,1.021484
302404606,0.093018,0.222412,1.02417
302409606,0.090576,0.220947,1.018555
302414606,0.094482,0.22583,1.021729
302419606,0.091797,0.223877,1.020996
302424606,0.092773,0.224609,1.024414
302429606,0.091309,0.226318,1.027588
302434606,0.092041,0.223877,1.01709
302439606,0.091309,0.222656,1.018555
302444606,0.091797,0.223877,1.01416
302449606,0.095703,0.215576,1.02124
302454606,0.093506,0.222412,1.019287
302459606,0.090576,0.220703,1.022461
302464606,0.092041,0.219727,1.023438
302469606,0.092285,0.220215,1.023193
302474606,0.091553,0.219238,1.023926
302479606,0.094238,0.220459,1.009521
302484606,0.091553,0.220947,1.021729
302489606,0.087402,0.221436,1.019287
302494606,0.086914,0.223389,1.02124
302499606,0.089111,0.227783,1.020508
302504606,0.092773,0.224609,1.024658
302509606,0.088867,0.223145,1.014404
302514606,0.09082,0.219971,1.020264
302519606,0.094971,0.218018,1.022461
302524606,0.092285,0.218994,1.023193
302529606,0.091553,0.216064,1.017578
302534606,0.093506,0.217773,1.022217
302539606,0.087646,0.217529,1.019531
302544606,0.093994,0.224121,1.02002
302549606,0.095703,0.219971,1.018066
302554606,0.092529,0.222656,1.021973
302559606,0.090332,0.219971,1.026123
302564606,0.0896,0.22583,1.020996
302569606,0.087158,0.226562,1.020264
302574606,0.092285,0.227783,1.018311
302579606,0.090088,0.2229,1.020996
302584606,0.090576,0.219238,1.022217
302589606,0.088379,0.220459,1.017334
302594606,0.089111,0.221191,1.02417
302599606,0.090576,0.219727,1.025879
302604606,0.090576,0.218262,1.020996
302609606,0.09375,0.22168,1.016357
302614606,0.094238,0.217041,1.022705
302619606,0.09375,0.22168,1.024658
302624606,0.092041,0.21875,1.021729
302629606,0.09082,0.222412,1.022949
302634606,0.093994,0.219482,1.02002
302639606,0.094971,0.226562,1.021729
302644606,0.091553,0.224365,1.021484
302649606,0.092041,0.224609,1.024658
302654606,0.090332,0.221191,1.019775
302659606,0.092773,0.223877,1.026367
302664606,0.090088,0.220459,1.018311
302669606,0.093018,0.221924,1.02002
302674606,0.088135,0.222168,1.019287
302679606,3.999878,3.450684,3.999878
302684606,-0.768555,1.443115,0.786133
302689606,-1.537109,1.342041,-2.959961
302694606,-1.029297,2.543457,3.999878
302699606,-0.857178,2.365723,2.505371
302704606,-0.325439,1.284424,-1.344238
302709606,-1.017578,1.248535,1.375
302714606,-0.3125,1.304688,0.298828
302719606,-0.582764,0.251221,0.059814
302724606,-0.181885,0.17749,0.547363
302729606,0.028076,0.347168,1.360107
302734606,0.286621,0.195557,1.140869
302739606,-0.057373,0.262451,0.651123
302744606,-0.275391,0.503906,-0.380615
302749606,-0.156982,0.481689,1.060303
302754606,0.177002,0.152832,1.069336
302759606,0.090088,0.251709,0.954102
302764606,0.158447,0.107422,0.672363
302769606,0.060791,0.146484,0.894043
302774606,0.140625,0.294434,1.211914
302779606,0.053955,0.216553,1.163086
302784606,0.076904,0.318604,1.012695
302789606,0.060547,0.221924,1.023193
302794606,0.169189,0.216797,1.121582
302799606,0.082764,0.133545,1.021484
302804606,-0.886475,0.299561,0.606445
302809606,-0.407471,1.101807,-1.185059
302814606,0.021973,0.297363,0.7229
302819606,-1.44165,1.3396,-1.328369
302824606,0.184814,2.423584,1.914551
302829606,0.204346,-0.196289,0.501465
302834606,0.138184,0.274414,1.00708
302839606,-0.016846,0.298096,0.974121
302844606,0.185059,0.056885,1.317871
302849606,0.276855,0.214844,0.998535
302854606,0.069824,0.268799,1.062256
302859606,0.111328,0.185303,1.16748
302864606,0.140137,0.301514,1.096436
302869606,-0.122314,0.155518,0.391602
302874606,0.032227,0.353516,1.696777
302879606,-0.085205,0.11499,0.65918
302884606,0.217773,0.170898,0.8396
302889606,0.043701,0.230469,1.026611
302894606,0.123535,0.246582,0.925781
302899606,0.080811,0.137451,0.98291
302904606,0.09082,0.265625,1.091309
302909606,0.07959,0.140625,0.754395
302914606,0.097412,0.222412,0.977295
302919606,0.09082,0.260254,1.133545
302924606,0.113525,0.204102,1.097656
302929606,-0.000732,0.179199,0.583496
302934606,0.072754,0.247803,0.992676
302939606,0.112061,0.235352,1.108887
302944606,0.108887,0.231689,1.093262
302949606,0.085693,0.171387,0.887695
302954606,0.059082,0.220215,1.114746
302959606,0.141357,0.251465,1.029785
302964606,0.063477,0.23877,1.02832
302969606,0.071045,0.24292,0.979736
302974606,0.092041,0.207275,1.046631
302979606,0.114746,0.219971,1.042236
302984606,0.100342,0.204346,0.985596
302989606,0.095215,0.21582,1.048828
302994606,0.080566,0.246582,1.033447
302999606,0.089111,0.225098,0.991455
303004606,0.061035,0.239746,0.991455
303009606,0.117432,0.230713,1.041748
303014606,0.093506,0.213379,0.974365
303019606,0.102539,0.216797,1.056885
303024606,0.108398,0.231934,1.070557
303029606,0.0896,0.229736,0.980957
303034606,0.100098,0.234131,1.048584
303039606,0.099121,0.227051,1.046387
303044606,0.109619,0.219971,1.025879
303049606,0.091553,0.229248,1.017578
303054606,0.085449,0.211426,0.99585
303059606,0.092773,0.223145,1.049316
303064606,0.104492,0.229492,1.0354
303069606,0.085693,0.230225,1.03125
303074606,0.101074,0.231689,1.032715
303079606,0.097168,0.21875,1.022461
303084606,0.093262,0.224121,1.022705
303089606,0.098389,0.210449,1.030029
303094606,0.08667,0.213379,1.000488
303099606,0.088867,0.212646,0.974854
303104606,0.089844,0.229736,1.015625
303109606,0.101318,0.237305,1.018799
303114606,0.091064,0.220947,1.025391
303119606,0.089844,0.21875,0.99707
303124606,0.086182,0.224609,1.012939
303129606,0.095459,0.224121,0.993652
303134606,0.083984,0.228027,1.00293
303139606,0.08667,0.22998,0.997559
303144606,0.088867,0.224854,1.031982
303149606,0.092529,0.222168,1.02832
303154606,0.098145,0.229004,1.0271
303159606,0.094482,0.220703,1.023193
303164606,0.094971,0.215576,0.997803
303169606,0.092529,0.217041,1.029785
303174606,0.0979,0.230713,1.037109
303179606,0.091553,0.219238,1.012939
303184606,0.088867,0.230713,1.02417
303189606,0.100586,0.222168,1.03418
303194606,0.098877,0.220215,1.022949
303199606,0.093506,0.22168,1.02124
303204606,0.093262,0.219971,1.026855
303209606,0.093262,0.226074,1.029785
303214606,0.094238,0.221436,1.026855
303219606,0.093018,0.223633,1.021484
303224606,0.091553,0.224609,1.022949
303229606,0.094727,0.222412,1.019043
303234606,0.097412,0.221191,1.018311
303239606,0.095947,0.222412,1.018311
303244606,0.093506,0.222168,1.021729
303249606,0.094727,0.229736,1.017334
303254606,0.099365,0.222168,1.021484
303259606,0.092773,0.223633,1.018555
303264606,0.09375,0.22168,1.018066
303269606,0.092773,0.220459,1.024658
303274606,0.090576,0.225586,1.023438
303279606,0.090576,0.223633,1.01709
303284606,0.093262,0.224609,1.019531
303289606,0.092285,0.222412,1.013184
303294606,0.091309,0.228027,1.017578
303299606,0.09668,0.225098,1.022949
303304606,0.096436,0.223145,1.02417
303309606,0.098877,0.222656,1.027344
303314606,0.092285,0.220947,1.025391
303319606,0.091064,0.222412,1.022217
303324606,0.097412,0.222168,1.018066
303329606,0.096191,0.22583,1.0271
303334606,0.094238,0.222412,1.028076
303339606,0.093994,0.224121,1.023438
303344606,0.092285,0.221191,1.018066
303349606,0.093262,0.220215,1.018066
303354606,0.089844,0.221436,1.019775
303359606,0.091309,0.226807,1.016113
303364606,0.090332,0.221924,1.019531
303369606,0.09375,0.222656,1.020996
303374606,0.096191,0.225342,1.014404
303379606,0.093994,0.22583,1.017334
303384606,0.095459,0.222656,1.020264
303389606,0.093262,0.2229,1.026367
303394606,0.094727,0.223389,1.024902
303399606,0.093994,0.220703,1.020752
303404606,0.094482,0.2229,1.021973
303409606,0.096924,0.218994,1.018311
303414606,0.091064,0.221191,1.016846
303419606,0.092041,0.2229,1.022217
303424606,0.093262,0.225098,1.022461
303429606,0.093994,0.219238,1.015625
303434606,0.094971,0.221436,1.02417
303439606,0.097412,0.22583,1.023926
303444606,0.09375,0.220215,1.022705
303449606,0.092285,0.221924,1.026367
303454606,0.094727,0.222168,1.018799
303459606,0.091064,0.225586,1.016113
303464606,0.103271,0.212158,0.998291
303469606,0.092529,0.225586,1.04834
303474606,0.106201,0.2229,1.004883
303479606,0.09375,0.222656,1.0271
303484606,0.093506,0.226318,1.019775
303489606,0.093018,0.220215,1.023926
303494606,0.086182,0.230469,1.023682
303499606,0.094971,0.224609,1.021484
303504606,0.089111,0.226562,1.020508
303509606,0.087158,0.227295,1.024414
303514606,0.087158,0.230225,1.027344
303519606,0.091309,0.224365,1.009766
303524606,0.097168,0.225586,1.027832
303529606,0.101563,0.217773,1.029541
303534606,0.103516,0.229004,1.034912
303539606,0.096924,0.215332,1.016357
303544606,0.097168,0.220459,1.024414
303549606,0.106445,0.229248,1.04126
303554606,0.088135,0.213379,0.981445
303559606,0.0979,0.219238,1.013916
303564606,0.102295,0.216553,1.022461
303569606,0.100342,0.211426,1.013916
303574606,0.094727,0.219482,1.025879
303579606,0.092773,0.224609,1.015625
303584606,0.081055,0.231445,1.000488
303589606,0.083984,0.215088,0.997314
303594606,0.095947,0.224609,1.025391
303599606,0.093994,0.226807,1.019043
303604606,0.090332,0.216309,1.012695
303609606,0.097412,0.220947,1.019287
303614606,0.101563,0.223877,1.045898
303619606,0.092285,0.219971,1.01416
303624606,0.086426,0.220947,1.00708
303629606,0.094482,0.220703,1.011963
303634606,0.0979,0.21875,1.02002
303639606,0.091309,0.232666,1.020508
303644606,0.088379,0.221924,1.023682
303649606,0.092529,0.222412,1.024658
303654606,0.097656,0.225342,1.02832
303659606,0.093506,0.21582,1.040039
303664606,0.09375,0.227295,1.026367
303669606,0.092529,0.2229,1.021484
303674606,0.087646,0.223389,1.012207
303679606,0.0979,0.219727,1.009033
303684606,0.094727,0.21582,1.014893
303689606,0.091064,0.226318,1.030273
303694606,0.101563,0.207275,1.017578
303699606,0.10376,0.233398,1.016602
303704606,0.091309,0.212402,1.018799
303709606,0.094482,0.219971,1.021973
303714606,0.087891,0.234375,1.023682
303719606,0.086914,0.219971,1.021484
303724606,0.091797,0.231934,1.026855
303729606,0.085449,0.231689,1.020996
303734606,0.09082,0.225586,1.020752
303739606,0.087158,0.231934,1.021484
303744606,0.090332,0.226074,1.021729
303749606,0.102539,0.221191,0.996826
303754606,0.072754,0.209717,1.01123
303759606,0.114746,0.217285,1.011719
303764606,0.095947,0.223389,1.025146
303769606,0.093262,0.217041,1.023193
303774606,0.104248,0.21582,1.01709
303779606,0.091309,0.226562,1.022949
303784606,0.091064,0.22583,1.016357
303789606,0.093506,0.227539,1.029541
303794606,0.092529,0.229492,1.017578
303799606,0.093506,0.226074,1.014893
303804606,0.093994,0.224365,1.013184
303809606,0.091797,0.217041,1.012695
303814606,0.098145,0.227783,1.017822
303819606,0.099609,0.219971,1.020752
303824606,0.099121,0.221924,1.006104
303829606,0.097168,0.19751,1.025146
303834606,0.100342,0.212891,1.012695
303839606,0.092773,0.203125,1.021729
303844606,0.104736,0.178955,1.00293
303849606,0.114014,0.236816,1.015381
303854606,0.091309,0.202637,1.027588
303859606,0.085449,0.23291,1.033203
303864606,0.054199,0.300781,1.051758
303869606,0.066162,0.266113,0.998535
303874606,0.075439,0.239014,1.025391
303879606,0.091064,0.245117,1.022217
303884606,0.105957,0.224365,1.032471
303889606,0.072021,0.21582,1.020508
303894606,0.09375,0.249023,1.015625
303899606,0.104248,0.204102,1.005615
303904606,0.10791,0.188721,1.004395
303909606,0.100586,0.206055,1.027832
303914606,0.084717,0.232422,1.04541
303919606,0.0625,0.265381,1.01416
303924606,0.090576,0.263428,1.003662
303929606,0.08252,0.229248,1.020508
303934606,0.092529,0.218506,1.030029
303939606,0.099365,0.239746,1.037598
303944606,0.091064,0.21582,1.017334
303949606,0.101807,0.223877,1.014893
303954606,0.090332,0.23877,1.015625
303959606,0.086426,0.251709,1.013916
303964606,0.083008,0.191162,1.012451
303969606,0.088867,0.250244,1.059814
303974606,0.09082,0.229004,1.019287
303979606,0.080566,0.196045,1.035156
303984606,0.075928,0.246826,1.010498
303989606,0.093506,0.207031,0.999023
303994606,0.091797,0.209229,1.019775
303999606,0.090332,0.229736,1.003174
304004606,0.085449,0.232422,1.016602
304009606,0.087402,0.220459,1.026611
304014606,0.088379,0.244385,1.02124
304019606,0.096436,0.234375,1.017578
304024606,0.083984,0.228271,1.014404
304029606,0.091309,0.241211,1.023682
304034606,0.096436,0.220947,1.020508
304039606,0.095947,0.213867,1.018555
304044606,0.098633,0.22583,1.018799
304049606,0.083008,0.226074,1.020752
304054606,0.08374,0.237793,1.015625
304059606,0.079102,0.244141,1.038818
304064606,0.092773,0.217041,1.027344
304069606,0.089355,0.216309,1.026123
304074606,0.092773,0.220459,1.025635
304079606,0.085693,0.226807,1.020752
304084606,0.087402,0.229492,1.021484
304089606,0.088867,0.229492,1.0271
304094606,0.087891,0.229248,1.009277
304099606,0.089111,0.228027,1.023193
304104606,0.088135,0.234863,1.025391
304109606,0.085205,0.223145,1.0271
304114606,0.089111,0.228271,1.01416
304119606,0.093262,0.230469,1.019531
304124606,0.093018,0.215088,1.016113
304129606,0.095703,0.2229,1.013428
304134606,0.091064,0.225342,1.02832
304139606,0.087402,0.22998,1.031006
304144606,0.092529,0.232666,1.03125
304149606,0.089355,0.233154,1.029053
304154606,0.083984,0.236084,1.023926
304159606,0.08374,0.229004,1.02002
304164606,0.079346,0.237061,1.028564
304169606,0.084961,0.241455,1.0271
304174606,0.083984,0.231934,1.016846
304179606,0.08667,0.239502,1.017822
304184606,0.092773,0.226318,1.019531
304189606,0.074219,0.239746,1.051758
304194606,0.11084,0.2229,1.012451
304199606,0.077881,0.216309,1.032715
304204606,0.0979,0.228271,1.010498
304209606,0.088135,0.210937,1.01001
304214606,0.089111,0.233887,1.034912
304219606,0.086426,0.217773,0.972412
304224606,0.093506,0.20752,0.973389
304229606,0.098389,0.210937,0.992187
304234606,0.106689,0.203857,0.995361
304239606,0.10376,0.202148,1.010742
304244606,0.108398,0.210449,1.008545
304249606,0.10376,0.203857,1.016846
304254606,0.100586,0.210205,1.018066
304259606,0.103516,0.216797,1.021729
304264606,0.097656,0.218506,1.013428
304269606,0.093018,0.226318,1.023682
304274606,0.089111,0.230713,1.025391
304279606,0.086426,0.227539,1.020508
304284606,0.089355,0.230225,1.026123
304289606,0.088867,0.229492,1.027832
304294606,0.090332,0.233398,1.029053
304299606,0.086914,0.226562,1.028564
304304606,0.086182,0.231689,1.029785
304309606,0.085693,0.228516,1.020752
304314606,0.085937,0.22876,1.019531
304319606,0.090088,0.226807,1.016357
304324606,0.094727,0.226562,1.023193
304329606,0.099365,0.219727,1.019043
304334606,0.098633,0.215332,1.02002
304339606,0.096924,0.216797,1.017822
304344606,0.09668,0.214355,1.014648
304349606,0.099121,0.212402,1.018799
304354606,0.098145,0.215332,1.017822
304359606,0.104736,0.223145,1.016846
304364606,0.094482,0.219482,1.014893
304369606,0.094482,0.223389,1.014893
304374606,0.095459,0.224854,1.015625
304379606,0.089355,0.232422,1.021484
304384606,0.090332,0.228271,1.019043
304389606,0.090332,0.228027,1.025879
304394606,0.087158,0.229736,1.021729
304399606,0.087891,0.226562,1.021484
304404606,0.091064,0.22998,1.027344
304409606,0.0896,0.225586,1.021729
304414606,0.094482,0.228027,1.023682
304419606,0.095215,0.229248,1.022217
304424606,0.094238,0.218994,1.015381
304429606,0.099121,0.217285,1.025635
304434606,0.10498,0.219482,1.016846
304439606,0.102051,0.216553,1.020264
304444606,0.100098,0.221191,1.018799
304449606,0.099609,0.219482,1.018066
304454606,0.099121,0.219971,1.015869
304459606,0.096191,0.223145,1.01416
304464606,0.089355,0.224121,1.020264
304469606,0.090088,0.224365,1.020508
304474606,0.089844,0.224609,1.022705
304479606,0.089111,0.227783,1.025391
304484606,0.092041,0.230957,1.029053
304489606,0.089355,0.226318,1.023682
304494606,0.092529,0.227051,1.036133
304499606,0.09082,0.222168,1.025635
304504606,0.091553,0.22583,1.018066
304509606,0.094482,0.2229,1.023926
304514606,0.096924,0.219727,1.018066
304519606,0.095703,0.220459,1.013184
304524606,0.097412,0.216553,1.023682
304529606,0.09668,0.21875,1.018555
304534606,0.099121,0.219482,1.019531
304539606,0.09375,0.220703,1.024902
304544606,0.098633,0.222412,1.023682
304549606,0.097168,0.21875,1.017334
304554606,0.092285,0.229004,1.019531
304559606,0.094238,0.229492,1.023193
304564606,0.097656,0.231445,1.02417
304569606,0.095215,0.226807,1.01709
304574606,0.090576,0.22583,1.024414
304579606,0.093506,0.228516,1.021484
304584606,0.0896,0.220215,1.02124
304589606,0.094971,0.2229,1.01709
304594606,0.092529,0.224365,1.016357
304599606,0.096924,0.223877,1.020508
304604606,0.0979,0.219238,1.024414
304609606,0.097412,0.220215,1.020996
304614606,0.097656,0.220947,1.017578
304619606,0.098145,0.220703,1.023682
304624606,0.094727,0.2229,1.017334
304629606,0.094727,0.228027,1.024902
304634606,0.09375,0.223877,1.020508
304639606,0.092041,0.227051,1.020752
304644606,0.098633,0.224609,1.02417
304649606,0.092773,0.229248,1.020752
304654606,0.095459,0.22583,1.023438
304659606,0.09082,0.226074,1.019775
304664606,0.092285,0.224854,1.016846
304669606,0.095459,0.221191,1.023682
304674606,0.097656,0.21875,1.023682
304679606,0.095947,0.219482,1.023438
304684606,0.099609,0.217773,1.026123
304689606,0.094482,0.220703,1.029297
304694606,0.09668,0.223389,1.020264
304699606,0.097656,0.223389,1.026855
304704606,0.093506,0.222412,1.018066
304709606,0.097656,0.224609,1.020264
304714606,0.098389,0.220703,1.018066
304719606,0.091553,0.225098,1.023193
304724606,0.094727,0.224854,1.02417
304729606,0.091553,0.227051,1.025146
304734606,0.092773,0.224365,1.024414
304739606,0.093018,0.224609,1.022705
304744606,0.094482,0.223877,1.022949
304749606,0.098389,0.223145,1.022217
304754606,0.093018,0.221436,1.015869
304759606,0.094727,0.220947,1.020752
304764606,0.09668,0.22168,1.016357
304769606,0.096924,0.223145,1.014404
304774606,0.093994,0.218994,1.019287
304779606,0.097412,0.221436,1.02002
304784606,0.098633,0.223633,1.021484
304789606,0.095459,0.224121,1.021729
304794606,0.095947,0.222656,1.019287
304799606,0.094482,0.227539,1.023438
304804606,0.091797,0.220947,1.022949
304809606,0.085937,0.228516,1.02002
304814606,0.090088,0.225586,1.017334
304819606,0.091064,0.221191,1.027832
304824606,0.09375,0.223145,1.02124
304829606,0.093262,0.222656,1.022461
304834606,0.091797,0.222168,1.021729
304839606,0.094238,0.22168,1.018311
304844606,0.095215,0.220459,1.022949
304849606,0.098145,0.219971,1.020508
304854606,0.094971,0.219971,1.018311
304859606,0.096191,0.224854,1.021484
304864606,0.097412,0.223877,1.023193
304869606,0.097168,0.227051,1.019287
304874606,0.093506,0.220215,1.018799
304879606,0.093262,0.221924,1.025391
304884606,0.095215,0.226074,1.023682
304889606,0.092529,0.224121,1.023926
304894606,0.091797,0.224854,1.023438
304899606,0.092773,0.221924,1.026611
304904606,0.094727,0.224365,1.024414
304909606,0.092529,0.219727,1.021973
304914606,0.095459,0.221436,1.019531
304919606,0.093994,0.222412,1.019531
304924606,0.095215,0.220459,1.025146
304929606,0.096436,0.224121,1.02417
304934606,0.092773,0.219238,1.020264
304939606,0.095215,0.220947,1.018799
304944606,0.09375,0.221924,1.014404
304949606,0.092285,0.223633,1.016357
304954606,0.097168,0.224854,1.028076
304959606,0.092041,0.227051,1.02002
304964606,0.094971,0.225586,1.020264
304969606,0.096191,0.224365,1.026611
304974606,0.09082,0.226074,1.024902
304979606,0.095215,0.228027,1.022461
304984606,0.093994,0.224854,1.019775
304989606,0.092773,0.224854,1.022949
304994606,0.094727,0.225342,1.016602
304999606,0.0979,0.223389,1.023682
305004606,0.099609,0.224854,1.022217
305009606,0.09375,0.221436,1.025391
305014606,0.09668,0.224609,1.021973
305019606,0.094971,0.224121,1.022705
305024606,0.093994,0.2229,1.018555
305029606,0.096924,0.219971,1.016846
305034606,0.09375,0.224609,1.016113
305039606,0.092529,0.226318,1.025391
305044606,0.09082,0.224854,1.020996
305049606,0.093994,0.222168,1.02124
305054606,0.092773,0.222168,1.025879
305059606,0.093506,0.222656,1.024414
305064606,0.093018,0.223145,1.023193
305069606,0.093506,0.220947,1.0271
305074606,0.09082,0.220459,1.022461
305079606,0.090088,0.223877,1.018555
305084606,0.096924,0.223145,1.016602
305089606,0.095703,0.2229,1.014648
305094606,0.09668,0.224854,1.022461
305099606,0.093506,0.223389,1.023682
305104606,0.097412,0.223877,1.02124
305109606,0.09668,0.225098,1.020996
305114606,0.098633,0.226318,1.027344
305119606,0.09375,0.21875,1.023926
305124606,0.09668,0.223633,1.02002
305129606,0.096191,0.21875,1.017822
305134606,0.095703,0.224121,1.024658
305139606,0.090332,0.225586,1.016846
305144606,0.094727,0.223389,1.022461
305149606,0.092041,0.220459,1.019531
305154606,0.094238,0.2229,1.021484
305159606,0.093506,0.222412,1.023682
305164606,0.098877,0.223389,1.022217
305169606,0.0979,0.224854,1.01709
305174606,0.096436,0.224365,1.016602
305179606,0.09668,0.223389,1.019287
305184606,0.093994,0.222656,1.022705
305189606,0.094482,0.225586,1.031494
305194606,0.091064,0.222656,1.029785
305199606,0.094238,0.225586,1.02417
305204606,0.092529,0.223145,1.021484
305209606,0.097168,0.219727,1.019287
305214606,0.092529,0.224121,1.023438
305219606,0.093018,0.217041,1.017822
305224606,0.093018,0.220459,1.021973
305229606,0.0896,0.223633,1.02002
305234606,0.094971,0.22583,1.022705
305239606,0.087402,0.222412,1.025879
305244606,0.097656,0.222656,1.017578
305249606,0.095215,0.222412,1.019287
305254606,0.096924,0.22583,1.026367
305259606,3.516113,3.512451,3.999878
305264606,1.443115,-0.973633,-1.491699
305269606,-0.393799,2.775146,-0.932373
305274606,0.230469,-0.414307,2.477783
305279606,-0.312988,2.706055,0.441406
305284606,-0.61377,0.55957,-1.548584
305289606,0.145752,0.171631,-0.462891
305294606,-0.077637,2.529541,-1.285645
305299606,-0.976074,0.086182,0.450684
305304606,-1.155029,0.334717,1.127441
305309606,-0.171875,0.509033,1.032715
305314606,0.14209,0.281494,0.876953
305319606,0.025146,0.440918,1.07373
305324606,0.203857,0.263184,1.196045
305329606,0.037354,0.355957,1.224609
305334606,0.121338,0.209229,1.047852
305339606,0.162842,0.262207,0.793701
305344606,-0.026123,0.383789,0.82666
305349606,0.320068,0.093994,1.101074
305354606,0.025635,0.166992,1.059082
305359606,0.079834,0.238281,0.924072
305364606,0.014404,2.563721,-1.252197
305369606,-0.437012,1.033691,0.585937
305374606,0.161865,0.171143,0.830078
305379606,0.127197,0.249023,1.256348
305384606,0.154053,0.123535,0.75415
305389606,0.121582,0.219482,1.11792
305394606,0.442139,0.079102,-2.664063
305399606,-0.08374,0.1521,1.447754
305404606,0.106201,0.262451,0.677002
305409606,-1.65332,1.321045,-4.0
305414606,-0.224365,0.188477,0.899414
305419606,0.155762,0.19165,0.971924
305424606,0.131348,0.347168,1.071045
305429606,0.012939,0.229004,1.040771
305434606,0.141357,0.264648,0.960693
305439606,0.210693,0.229492,1.449219
305444606,0.091309,0.16333,0.974609
305449606,0.202637,0.24292,1.427979
305454606,0.03125,0.275391,1.034668
305459606,0.122559,0.232422,1.043457
305464606,-0.037842,0.229004,0.482178
305469606,0.025635,0.258301,1.427002
305474606,0.196045,0.201172,1.044678
305479606,0.126709,0.234375,1.27832
305484606,0.21167,0.157959,1.025635
305489606,-0.301758,0.384521,-0.63501
305494606,-0.0896,0.389404,1.06958
305499606,0.171387,0.136963,1.025635
305504606,0.040527,0.191895,0.866455
305509606,0.099609,0.216553,0.999512
305514606,0.100098,0.212402,1.032227
305519606,0.108398,0.198242,1.012695
305524606,0.099609,0.22998,1.03125
305529606,0.083496,0.228027,0.994385
305534606,0.088867,0.240479,1.060547
305539606,0.111816,0.233887,1.017822
305544606,0.074951,0.227051,0.996094
305549606,0.096191,0.21167,1.003174
305554606,0.084717,0.224854,1.030273
305559606,0.08667,0.221191,0.989258
305564606,0.094971,0.222412,1.036133
305569606,0.100098,0.235596,1.022949
305574606,0.070557,0.239014,0.998291
305579606,0.103271,0.232666,1.057861
305584606,0.104004,0.246338,1.083252
305589606,0.136719,0.211914,1.04834
305594606,0.040283,0.159668,0.765381
305599606,0.150391,0.29126,1.236084
305604606,0.16748,0.233154,1.071045
305609606,0.044189,0.224365,0.957031
305614606,0.091553,0.228027,0.955078
305619606,0.10498,0.194092,0.983398
305624606,0.099365,0.22583,1.044922
305629606,0.107666,0.215088,1.027832
305634606,0.093262,0.221436,1.021484
305639606,0.086426,0.235352,1.02124
305644606,0.09082,0.229004,1.014648
305649606,0.084961,0.234375,1.030273
305654606,0.091797,0.224854,1.017334
305659606,0.095215,0.216064,1.017334
305664606,0.089355,0.22168,1.021484
305669606,0.092285,0.228516,1.022949
305674606,0.077148,0.248535,0.989258
305679606,0.073486,0.289307,0.957764
305684606,0.087402,0.276367,1.072754
305689606,0.112061,0.254395,1.067627
305694606,0.098389,0.227051,0.978271
305699606,0.102783,0.203369,0.987305
305704606,0.115234,0.193848,1.051514
305709606,0.119873,0.204834,1.075195
305714606,0.115234,0.198242,1.067383
305719606,0.112061,0.186279,1.034424
305724606,0.110107,0.178223,0.991699
305729606,0.114746,0.175049,1.003662
305734606,0.104492,0.179687,0.996826
305739606,0.094482,0.195557,0.996826
305744606,0.085693,0.218262,1.003906
305749606,0.081299,0.239746,1.010742
305754606,0.088379,0.247559,1.011475
305759606,0.085693,0.240723,0.999512
305764606,0.08667,0.254639,1.025635
305769606,0.090576,0.253418,1.03833
305774606,0.090088,0.24707,1.044189
305779606,0.094727,0.244873,1.04126
305784606,0.10376,0.234619,1.033447
305789606,0.103027,0.223389,1.023193
305794606,0.093262,0.233154,1.039063
