timestamp_us,x_g,y_g,z_g
3392179617,0.173096,0.216553,1.007813
3392184617,0.175049,0.215576,1.011963
3392189617,0.174561,0.218018,1.01123
3392194617,0.173828,0.212402,1.01123
3392199617,0.175049,0.214355,1.017822
3392204617,0.173828,0.219727,1.01001
3392209617,0.175049,0.218994,1.017822
3392214617,0.177246,0.217285,1.004883
3392219617,0.174561,0.215576,1.013428
3392224617,0.173096,0.214844,1.014648
3392229617,0.170654,0.219238,1.005371
3392234617,0.172119,0.217285,1.015869
3392239617,0.169434,0.2146,1.009766
3392244617,0.170898,0.21582,1.014893
3392249617,0.17627,0.214111,1.014893
3392254617,0.172607,0.213135,1.016846
3392259617,0.173584,0.215088,1.013428
3392264617,0.174072,0.209229,1.010986
3392269617,0.176025,0.213867,1.009766
3392274617,0.171387,0.214844,1.005859
3392279617,0.174072,0.210205,1.010742
3392284617,0.180176,0.214844,1.013916
3392289617,0.174561,0.218262,1.014404
3392294617,0.175049,0.21582,1.011475
3392299617,0.170898,0.217773,1.011963
3392304617,0.17627,0.21582,1.012695
3392309617,0.176025,0.2229,1.010498
3392314617,0.173096,0.217285,1.016846
3392319617,0.175781,0.21582,1.014404
3392324617,0.176514,0.213623,1.014404
3392329617,0.175293,0.212402,1.01416
3392334617,0.177246,0.21875,1.014404
3392339617,0.175049,0.215576,1.016113
3392344617,0.174805,0.214844,1.012939
3392349617,0.175049,0.215332,1.007568
3392354617,0.179199,0.219727,1.011719
3392359617,0.174561,0.213867,1.013184
3392364617,0.177979,0.217773,1.010254
3392369617,0.17749,0.220947,1.017334
3392374617,0.179199,0.219482,1.011475
3392379617,0.17749,0.220459,1.007324
3392384617,0.174072,0.215576,1.005859
3392389617,0.177246,0.215576,1.018555
3392394617,0.177246,0.213135,1.008301
3392399617,0.17627,0.215088,1.01001
3392404617,0.168457,0.21167,1.01709
3392409617,0.171875,0.215576,1.014404
3392414617,0.173828,0.219238,1.017578
3392419617,0.173828,0.217529,1.01416
3392424617,0.172607,0.217529,1.011719
3392429617,0.176758,0.214111,1.004639
3392434617,0.169678,0.219482,1.012451
3392439617,0.172852,0.219238,1.013672
3392444617,0.177979,0.217529,1.016113
3392449617,0.179443,0.217529,1.01416
3392454617,0.176514,0.216553,1.010254
3392459617,0.179687,0.215576,1.01123
3392464617,0.17627,0.219482,1.013184
3392469617,0.181152,0.216553,1.019287
3392474617,0.173828,0.217285,1.012451
3392479617,0.178955,0.217529,1.015381
3392484617,0.174072,0.21582,1.010254
3392489617,0.173584,0.2146,1.01001
3392494617,0.17041,0.21582,1.012939
3392499617,0.17041,0.216553,1.011719
3392504617,0.173584,0.218994,1.010498
3392509617,0.172119,0.21875,1.007568
3392514617,0.172119,0.222168,1.013428
3392519617,0.172363,0.219238,1.018555
3392524617,0.180908,0.218506,1.014648
3392529617,0.176758,0.21582,1.01709
3392534617,0.174316,0.218994,1.014893
3392539617,0.174316,0.219727,1.016602
3392544617,0.172119,0.220459,1.013916
3392549617,0.173828,0.217041,1.006104
3392554617,0.168213,0.214111,1.011475
3392559617,0.174805,0.21582,1.017822
3392564617,0.174805,0.212891,1.007813
3392569617,0.173828,0.208008,1.012451
3392574617,0.174561,0.210937,1.012451
3392579617,0.171143,0.212891,1.018555
3392584617,0.173828,0.215576,1.011963
3392589617,0.173828,0.213379,1.015625
3392594617,0.17749,0.216309,1.008545
3392599617,0.174072,0.214111,1.013916
3392604617,0.177002,0.218994,1.013672
3392609617,0.174561,0.21875,1.014648
3392614617,0.177246,0.213135,1.017822
3392619617,0.175537,0.216553,1.016113
3392624617,0.176514,0.211914,1.016357
3392629617,0.172363,0.2146,1.017334
3392634617,0.174805,0.21582,1.014404
3392639617,0.178223,0.216064,1.012939
3392644617,0.176514,0.215088,1.010254
3392649617,0.17334,0.220215,1.010986
3392654617,0.172607,0.214844,1.015381
3392659617,0.173828,0.216553,1.014404
3392664617,0.176514,0.217529,1.013184
3392669617,0.177002,0.219971,1.015381
3392674617,0.177246,0.221191,1.010742
3392679617,0.174316,0.216797,1.016357
3392684617,0.172607,0.217773,1.011963
3395199617,0.175537,0.213135,1.011719
3395204617,0.171143,0.213379,1.016602
3395209617,0.175781,0.214355,1.013428
3395214617,0.171387,0.21582,1.011963
3395219617,0.171143,0.219238,1.015869
3395224617,0.174316,0.216309,1.013916
3395229617,0.172119,0.213867,1.012939
3395234617,0.175049,0.217773,1.008301
3395239617,0.174072,0.217529,1.014404
3395244617,0.177734,0.217529,1.008301
3395249617,0.173096,0.213867,1.012695
3395254617,0.175537,0.216797,1.016357
3395259617,0.171143,0.216553,1.012207
3395264617,0.174561,0.216553,1.011963
3395269617,0.176025,0.216553,1.014404
3395274617,0.175293,0.216797,1.008545
3395279617,0.172119,0.217041,1.012695
3395284617,0.172852,0.216064,1.015625
3395289617,0.171875,0.212158,1.007568
3395294617,0.172607,0.214355,1.016113
3395299617,0.176758,0.217773,1.009277
3395304617,0.175537,0.216797,1.019775
3395309617,0.174805,0.217529,1.010254
3395314617,0.174805,0.217773,1.009521
3395319617,0.177734,0.213867,1.012451
3395324617,0.176514,0.21875,1.014404
3395329617,0.176025,0.218018,1.014404
3395334617,0.175049,0.21582,1.010498
3395339617,0.171875,0.217529,1.012207
3395344617,0.175537,0.214844,1.010254
3395349617,0.172852,0.214844,1.015869
3395354617,0.176514,0.2146,1.006836
3395359617,0.174561,0.216797,1.011719
3395364617,0.180176,0.217041,1.01001
3395369617,0.174316,0.213379,1.013916
3395374617,0.175049,0.217773,1.007813
3395379617,0.174072,0.217285,1.010986
3395384617,0.179932,0.21875,1.012695
3395389617,0.174316,0.2146,1.010254
3395394617,0.177734,0.214844,1.017334
3395399617,0.172119,0.216797,1.009521
3395404617,0.173096,0.218018,1.013916
3395409617,0.172607,0.218262,1.012695
3395414617,0.174316,0.219482,1.010742
3395419617,0.174561,0.217773,1.014404
3395424617,0.170898,0.220459,1.010742
3395429617,0.179443,0.218262,1.015625
3395434617,0.175049,0.217529,1.015137
3395439617,0.174561,0.217773,1.006592
3395444617,0.17334,0.218018,1.012939
3395449617,0.17627,0.212402,1.012939
3395454617,0.175537,0.214355,1.015869
3395459617,0.175781,0.216797,1.012207
3395464617,0.178223,0.213623,1.013672
3395469617,0.177734,0.217285,1.006348
3395474617,0.173828,0.219238,1.016602
3395479617,0.177246,0.215576,1.01123
3395484617,0.172119,0.214111,1.015137
3395489617,0.17334,0.215088,1.015381
3395494617,0.17041,0.218262,1.013672
3395499617,0.175781,0.216797,1.01709
3395504617,0.174561,0.218506,1.012451
3395509617,0.177002,0.216309,1.014893
3395514617,0.173096,0.218018,1.012207
3395519617,0.175293,0.219971,1.008301
3395524617,0.173828,0.217773,1.008789
3395529617,0.177246,0.216064,1.01001
3395534617,0.176025,0.216553,1.004395
3395539617,0.175293,0.212402,1.014404
3395544617,0.177734,0.2146,1.010742
3395549617,0.173096,0.214111,1.01123
3395554617,0.17334,0.216797,1.012451
3395559617,0.173584,0.219238,1.012207
3395564617,0.178223,0.215332,1.01123
3395569617,0.180664,0.218262,1.014893
3395574617,0.175049,0.215576,1.009766
3395579617,0.170898,0.218018,1.015137
3395584617,0.171143,0.216797,1.009033
3395589617,0.171875,0.216064,1.02124
3395594617,0.170166,0.217041,1.011719
3395599617,0.174805,0.217529,1.016602
3395604617,0.17041,0.21875,1.013428
3395609617,0.171875,0.219238,1.008545
3395614617,0.17334,0.219482,1.015137
3395619617,0.176025,0.217041,1.011719
3395624617,0.172363,0.21582,1.005615
3395629617,0.173584,0.214844,1.010986
3395634617,0.177734,0.21582,1.012451
3395639617,0.175293,0.216064,1.011719
3395644617,0.180176,0.2146,1.013916
3395649617,0.171631,0.216064,1.015625
3395654617,0.173828,0.216553,1.009033
3395659617,0.17334,0.216309,1.010254
3395664617,0.175293,0.208496,1.014648
3395669617,0.170898,0.215576,1.015869
3395674617,0.171875,0.215332,1.010986
3395679617,0.173096,0.213623,1.015625
3395684617,0.170654,0.216064,1.008789
3395689617,0.175049,0.216553,1.015625
3395694617,0.171875,0.217773,1.012451
3395699617,0.175049,0.217285,1.01123
3395704617,0.171631,0.218262,1.007568
3395709617,0.178467,0.21582,1.008789
3395714617,0.173828,0.218262,1.015381
3395719617,0.175049,0.218018,1.016113
3395724617,0.172119,0.21582,1.005127
3395729617,0.174805,0.216064,1.012207
3395734617,0.177246,0.219727,1.018066
3395739617,0.180176,0.21875,1.013428
3395744617,0.179932,0.217773,1.017578
3395749617,0.172363,0.215576,1.009033
3395754617,0.171875,0.217285,1.01001
3395759617,0.171875,0.21875,1.013916
3395764617,0.175049,0.215576,1.011963
3395769617,0.174072,0.217041,1.017334
3395774617,0.172119,0.219971,1.01416
3395779617,0.176758,0.220459,1.006836
3395784617,0.17749,0.216064,1.018799
3395789617,0.17627,0.215576,1.012451
3395794617,0.176025,0.215332,1.016357
3395799617,0.171631,0.215576,1.01001
3395804617,0.17749,0.219238,1.012207
3395809617,0.174805,0.220459,1.015625
3395814617,0.171387,0.221191,1.010498
3395819617,0.171631,0.216064,1.006592
3395824617,0.17041,0.218994,1.011475
3395829617,0.173584,0.217529,1.014404
3395834617,0.168457,0.219727,1.013184
3395839617,0.177002,0.2146,1.016113
3395844617,0.174805,0.216309,1.016357
3395849617,0.175537,0.214844,1.008545
3395854617,0.175293,0.2146,1.01123
3395859617,0.172363,0.216797,1.013184
3395864617,0.175781,0.217773,1.010254
3395869617,0.175293,0.216553,1.010986
3395874617,0.174561,0.218506,1.012451
3395879617,0.172607,0.219238,1.013428
3395884617,0.17334,0.21167,1.012451
3395889617,0.172607,0.215088,1.010498
3395894617,0.173828,0.215088,1.014893
3395899617,0.175049,0.22168,1.012207
3395904617,0.173828,0.216553,1.007568
3395909617,0.176758,0.216797,1.01001
3395914617,0.172119,0.220703,1.005371
3395919617,0.178223,0.215576,1.011719
3395924617,0.174561,0.217529,1.008057
3395929617,0.176514,0.2146,1.009033
3395934617,0.176758,0.222168,1.004395
3395939617,0.17334,0.215332,1.013916
3395944617,0.175537,0.216064,1.01123
3395949617,0.174316,0.215332,1.010498
3395954617,0.174316,0.2146,1.009033
3395959617,0.177734,0.216064,1.012695
3395964617,0.178467,0.214355,1.012695
3395969617,0.176514,0.21582,1.013184
3395974617,0.177734,0.21875,1.014893
3395979617,0.170654,0.21875,1.000488
3395984617,0.173584,0.2146,1.014404
3395989617,0.169678,0.216064,1.01123
3395994617,0.175781,0.216064,1.020996
3395999617,0.174805,0.219971,1.015381
3396004617,0.17749,0.218262,1.015137
3396009617,0.172119,0.217285,1.011719
3396014617,0.175781,0.215576,1.015137
3396019617,0.17334,0.221436,1.015137
3396024617,0.174072,0.216553,1.010742
3396029617,0.173828,0.216553,1.015381
3396034617,0.17334,0.220459,1.014648
3396039617,0.173584,0.218018,1.007568
3396044617,0.178223,0.218262,1.016113
3396049617,0.171143,0.216553,1.005859
3396054617,0.174561,0.217041,1.013428
3396059617,0.17627,0.218506,1.01001
3396064617,0.175049,0.215576,1.011719
3396069617,0.17334,0.217285,1.012695
3396074617,-0.85376,-2.0,-2.0
3396079617,1.999939,1.785156,-2.0
3396084617,-2.0,0.989746,-0.633301
3396089617,1.999939,1.591064,-0.847412
3396094617,-2.0,1.999939,-0.587891
3396099617,-1.136475,1.481934,-1.387939
3396104617,-0.052246,1.999939,0.127441
3396109617,-0.10498,1.114746,-0.40332
3396114617,-0.269043,0.525146,0.963623
3396119617,0.483643,0.36084,0.635742
3396124617,0.292969,1.782227,-0.25293
3396129617,-1.006348,1.447754,1.148193
3396134617,-0.988281,0.642822,1.011963
3396139617,0.250488,0.650146,1.103516
3396144617,0.077637,1.431396,1.58252
3396149617,0.13208,1.096436,1.788574
3396154617,0.202393,0.514648,1.077148
3396159617,0.234863,0.180664,1.17041
3396164617,0.143799,0.281494,1.150879
3396169617,0.246094,0.218994,1.067139
3396174617,0.156494,0.236816,0.986084
3396179617,0.170898,0.737793,1.307861
3396184617,0.19458,0.497314,1.104004
3396189617,0.249756,0.244629,0.994629
3396194617,0.148437,0.343018,1.228027
3396199617,0.188477,0.181885,0.89502
3396204617,0.149658,0.16333,0.883057
3396209617,0.159912,0.235352,1.001709
3396214617,0.184326,0.231201,0.993408
3396219617,0.158936,0.26001,1.017822
3396224617,0.19165,0.256836,1.068604
3396229617,0.186523,0.200439,1.000977
3396234617,0.174805,0.158447,0.97998
3396239617,0.172607,0.130859,0.966309
3396244617,0.212158,0.234619,0.947021
3396249617,0.149414,0.218262,1.033203
3396254617,0.21167,0.286377,1.050049
3396259617,0.17627,0.218506,1.008789
3396264617,0.174316,0.20752,0.98584
3396269617,0.19751,0.206299,1.019775
3396274617,-0.779785,1.252441,1.377686
3396279617,-0.753906,0.207031,1.020264
3396284617,-0.062256,0.262451,0.933838
3396289617,0.165771,0.273438,0.914795
3396294617,0.18335,0.313965,1.170654
3396299617,0.202637,0.233887,1.01709
3396304617,0.196045,0.201172,0.997559
3396309617,0.165527,0.223389,1.045654
3396314617,0.169922,0.22583,0.994873
3396319617,0.158203,0.248047,0.969482
3396324617,0.165771,0.243408,1.007324
3396329617,-0.368652,0.290039,1.903809
3396334617,-0.844238,0.469727,1.148193
3396339617,0.089111,0.341797,0.941162
3396344617,0.17749,0.723877,1.026123
3396349617,0.20459,0.335449,1.002686
3396354617,0.17041,0.335938,1.008789
3396359617,0.168213,1.245361,0.990234
3396364617,0.145264,1.089844,1.07251
3396369617,0.121338,0.509521,0.958496
3396374617,0.191406,0.673096,1.028076
3396379617,0.188232,0.260254,1.0354
3396384617,0.276611,0.235596,1.176514
3396389617,0.147949,0.234863,0.977295
3396394617,0.186035,0.245605,1.010254
3396399617,0.178955,0.249756,1.041748
3396404617,0.176025,0.231934,1.026855
3396409617,0.171387,0.200195,0.98291
3396414617,0.173828,0.204346,0.987305
3396419617,0.19751,0.21582,1.012939
3396424617,0.183105,0.218018,1.013672
3396429617,0.178223,0.220947,1.028564
3396434617,0.182617,0.226807,1.024902
3396439617,0.172852,0.22168,1.006836
3396444617,0.181152,0.205566,0.994385
3396449617,0.184082,0.205566,0.992432
3396454617,0.17749,0.215332,0.993408
3396459617,0.178223,0.231201,1.02124
3396464617,0.184814,0.237305,1.029297
3396469617,0.179932,0.231689,1.029053
3396474617,0.176758,0.226318,1.023926
3396479617,0.180908,0.224854,1.00415
3396484617,0.175293,0.219238,0.997314
3396489617,0.176025,0.217041,1.002197
3396494617,0.187012,0.227051,1.016113
3396499617,0.179932,0.22876,1.02002
3396504617,0.184326,0.224121,1.025879
3396509617,0.187012,0.217529,1.023438
3396514617,0.177002,0.20874,0.999023
3396519617,0.172119,0.211914,0.984131
3396524617,0.180908,0.218018,1.004395
3396529617,0.176025,0.221191,1.006104
3396534617,0.185547,0.225586,1.0271
3396539617,0.187256,0.224121,1.0271
3396544617,0.174805,0.219482,1.019775
3396549617,0.17749,0.220947,1.001953
3396554617,0.181396,0.219727,0.998047
3396559617,0.173584,0.220459,1.006348
3396564617,0.182617,0.230469,1.020264
3396569617,0.183594,0.229248,1.022461
3396574617,0.174561,0.224609,1.025391
3396579617,0.181396,0.220947,1.013916
3396584617,0.180908,0.216064,1.013184
3396589617,0.173096,0.217041,0.990479
3396594617,0.177734,0.219238,1.008545
3396599617,0.178223,0.223145,1.005615
3396604617,0.174805,0.2229,1.015869
3396609617,0.18042,0.219238,1.02002
3396614617,0.182129,0.218262,1.018555
3396619617,0.174072,0.219482,1.001709
3396624617,0.178467,0.218262,1.002441
3396629617,0.181885,0.2229,1.004639
3396634617,0.172852,0.2229,1.007813
3396639617,0.185059,0.216064,1.012695
3396644617,0.176025,0.224121,1.02002
3396649617,0.177979,0.220459,1.009766
3396654617,0.179687,0.220215,1.015137
3396659617,0.175781,0.22168,1.009521
3396664617,0.17627,0.224365,0.999756
3396669617,0.180664,0.228271,1.008057
3396674617,0.182373,0.219727,1.016357
3396679617,0.178467,0.216064,1.015137
3396684617,0.182129,0.216553,1.020508
3396689617,0.177979,0.217773,1.005615
3396694617,0.17749,0.220947,1.006836
3396699617,0.178711,0.218018,1.010254
3396704617,0.181641,0.218506,1.012451
3396709617,0.18042,0.222412,1.015869
3396714617,0.184814,0.220459,1.019775
3396719617,0.178711,0.220215,1.006836
3396724617,0.176758,0.222656,1.005371
3396729617,0.17627,0.222656,1.012207
3396734617,0.181885,0.226074,1.011963
3396739617,0.17749,0.222168,1.004639
3396744617,0.180664,0.223877,1.009033
3396749617,0.179932,0.22583,1.016602
3396754617,0.180176,0.220459,1.016846
3396759617,0.178955,0.223145,1.012939
3396764617,0.177002,0.224854,1.005371
3396769617,0.183105,0.216309,1.005615
3396774617,0.177979,0.224365,1.003174
3396779617,0.181396,0.221191,1.01123
3396784617,0.178955,0.22168,1.003418
3396789617,0.178711,0.217041,1.006836
3396794617,0.180664,0.221924,1.007813
3396799617,0.177246,0.221436,1.010742
3396804617,0.177979,0.218994,1.010742
3396809617,0.18042,0.220459,1.019043
3396814617,0.181885,0.220215,1.014648
3396819617,0.176025,0.219727,1.006348
3396824617,0.18042,0.219727,1.013916
3396829617,0.176514,0.223389,1.003418
3396834617,0.178467,0.218506,1.018066
3396839617,0.181641,0.22876,1.011475
3396844617,0.181641,0.223633,1.009521
3396849617,0.180176,0.217773,1.013184
3396854617,0.183105,0.219238,1.009033
3396859617,0.178955,0.220215,1.001465
3396864617,0.17749,0.223633,1.014404
3396869617,0.180664,0.218506,1.010742
3396874617,0.179443,0.221436,1.012207
3396879617,0.176025,0.219971,1.014893
3396884617,0.176514,0.220215,1.008789
3396889617,0.180176,0.222168,1.013916
3396894617,0.174805,0.218994,1.007324
3396899617,0.180176,0.22168,1.007324
3396904617,0.181885,0.223877,1.008057
3396909617,0.180664,0.217041,1.010254
3396914617,0.181396,0.219482,1.012695
3396919617,0.178467,0.218994,1.011963
3396924617,0.17627,0.220947,1.007813
3396929617,0.17627,0.219482,1.011719
3396934617,0.17749,0.222168,1.015381
3396939617,0.176758,0.218994,1.013672
3396944617,0.18335,0.223145,1.01709
3396949617,0.178955,0.221436,1.01001
3396954617,0.177246,0.220703,1.010254
3396959617,0.178955,0.222168,1.016357
3396964617,0.180176,0.223633,1.008789
3396969617,0.175293,0.219482,1.009521
3396974617,0.186035,0.216553,1.013916
3396979617,0.179932,0.220703,1.015137
3396984617,0.177979,0.223389,1.016846
3396989617,0.175537,0.224121,1.01001
3396994617,0.180664,0.223145,1.01123
3396999617,0.173096,0.221436,1.008545
3397004617,0.175781,0.224854,1.013672
3397009617,0.175049,0.22168,1.013672
3397014617,0.177246,0.218994,1.008057
3397019617,0.177979,0.2229,1.018311
3397024617,0.178955,0.2229,1.013184
3397029617,0.17749,0.2229,1.008545
3397034617,0.181396,0.224609,1.009033
3397039617,0.177246,0.217285,1.012207
3397044617,0.178955,0.223145,1.008789
3397049617,0.177734,0.222168,1.013916
3397054617,0.177979,0.221924,1.010986
3397059617,0.179932,0.222412,1.012207
3397064617,0.180664,0.219238,1.010254
3397069617,0.176514,0.219971,1.013672
3397074617,0.177734,0.221924,1.011719
3397079617,0.181396,0.222168,1.009277
3397084617,0.177734,0.2229,1.01709
3397089617,0.17334,0.220215,1.011475
3397094617,0.177246,0.218262,1.008789
3397099617,0.174316,0.221436,1.012939
3397104617,0.176514,0.222412,1.014648
3397109617,0.182861,0.223633,1.010254
3397114617,0.181152,0.215332,1.014404
3397119617,0.180908,0.221191,1.012939
3397124617,0.182373,0.221436,1.006592
3397129617,0.179687,0.219238,1.008545
3397134617,0.179443,0.223145,1.005859
3397139617,0.177979,0.215088,1.013184
3397144617,0.179687,0.218994,1.008545
3397149617,0.175781,0.219238,1.003662
3397154617,0.177002,0.219727,1.015625
3397159617,0.175781,0.218994,1.016602
3397164617,0.177246,0.219238,1.013916
3397169617,0.177734,0.222168,1.009277
3397174617,0.17627,0.218994,1.014404
3397179617,0.176758,0.21875,1.015137
3397184617,0.17749,0.219482,1.014648
3397189617,0.177979,0.220459,1.010986
3397194617,0.176514,0.221436,1.007813
3397199617,0.179199,0.222656,1.010742
3397204617,0.180908,0.223145,1.009521
3397209617,0.179199,0.225098,1.00708
3397214617,0.180176,0.220215,1.010742
3397219617,0.174072,0.222168,1.006104
3397224617,0.182861,0.222656,1.007813
3397229617,0.179443,0.219971,1.015137
3397234617,0.175781,0.216797,1.008545
3397239617,0.181641,0.220459,1.01001
3397244617,0.179687,0.222168,1.013428
3397249617,0.180908,0.223633,1.006348
3397254617,0.182617,0.217285,1.010498
3397259617,0.178223,0.226562,1.008057
3397264617,0.176025,0.220215,1.008545
3397269617,0.178223,0.220459,1.011963
3397274617,0.180664,0.224121,1.010986
3397279617,0.183105,0.219727,1.012451
3397284617,0.179932,0.224609,1.014893
3397289617,0.182617,0.223145,1.013184
3397294617,0.174561,0.226074,1.008789
3397299617,0.179687,0.221436,1.014648
3397304617,0.177734,0.219238,1.007568
3397309617,0.178955,0.223389,1.009277
3397314617,0.180908,0.217041,1.006592
3397319617,0.174805,0.217529,1.009521
3397324617,0.179932,0.219727,1.012695
3397329617,0.179932,0.225586,1.008301
3397334617,0.185303,0.2229,1.013184
3397339617,0.178711,0.22168,1.010254
3397344617,0.180176,0.2229,1.010254
3397349617,0.180908,0.225098,1.010498
3397354617,0.178223,0.22583,1.005615
3397359617,0.179932,0.220703,1.013916
3397364617,0.182129,0.222412,1.014404
3397369617,0.175049,0.221924,1.011475
3397374617,0.18042,0.224854,1.00415
3397379617,0.17749,0.222412,1.008057
3397384617,0.182129,0.220947,1.018311
3397389617,0.179443,0.218506,1.016113
3397394617,0.179687,0.222656,1.01123
3397399617,0.179687,0.219482,1.010742
3397404617,0.178955,0.223633,1.009033
3397409617,0.174805,0.216797,1.009766
3397414617,0.182373,0.219727,1.006592
3397419617,0.175049,0.218018,1.013184
3397424617,0.179687,0.224121,1.010498
3397429617,0.178467,0.22168,1.011963
3397434617,0.177246,0.219971,1.015625
3397439617,0.174561,0.218994,1.015381
3397444617,0.176758,0.222412,1.008057
3397449617,0.177734,0.222412,1.018066
3397454617,0.178711,0.222656,1.011963
3397459617,0.178711,0.221191,1.011963
3397464617,0.177979,0.223877,1.012939
3397469617,0.18042,0.220459,1.014404
3397474617,0.175537,0.222168,1.011963
3397479617,0.182617,0.219238,1.010742
3397484617,0.181152,0.219727,1.008057
3397489617,0.183594,0.219482,1.006592
3397494617,0.180176,0.21875,1.009521
3397499617,0.182129,0.219238,1.003662
3397504617,0.180908,0.221924,1.009033
3397509617,0.176025,0.224121,1.012451
3397514617,0.18042,0.221924,1.016357
3397519617,0.177734,0.221191,1.010742
3397524617,0.177002,0.224121,1.013428
3397529617,0.17627,0.22168,1.009277
3397534617,0.178223,0.222168,1.008789
3397539617,0.182129,0.223389,1.01709
3397544617,0.178467,0.218506,1.010498
3397549617,0.176758,0.220703,1.013916
3397554617,0.180176,0.217041,1.014404
3397559617,0.179199,0.218018,1.005371
3397564617,0.177246,0.219971,1.010742
3397569617,0.180908,0.22583,1.017334
3397574617,0.181641,0.223633,1.012451
3397579617,0.182373,0.219727,1.01001
3397584617,0.17627,0.224121,1.007568
3397589617,0.176758,0.223389,1.015381
3397594617,0.179687,0.222412,1.010254
3397599617,0.181641,0.222412,1.012939
3397604617,0.180176,0.219482,1.014893
3397609617,0.178711,0.220215,1.009521
3397614617,0.179443,0.222412,1.010254
3397619617,0.177979,0.218994,1.002686
3397624617,0.178711,0.220215,1.012451
3397629617,0.182373,0.222168,1.010498
3397634617,0.182617,0.218262,1.010498
3397639617,0.17749,0.219971,1.014648
3397644617,0.179932,0.218262,1.010254
3397649617,0.181396,0.2229,1.012207
3397654617,0.179932,0.223877,1.012695
3397659617,0.181885,0.224365,1.020996
3397664617,0.176514,0.221436,1.011963
3397669617,0.181396,0.224854,1.009277
3397674617,0.175293,0.223389,1.013428
3397679617,0.179443,0.226318,1.008545
3397684617,0.177979,0.222656,1.015381
3397689617,0.179932,0.22168,1.009277
3397694617,0.178223,0.222168,1.01001
3397699617,0.180664,0.221924,1.005127
3397704617,0.180664,0.22168,1.009521
3397709617,0.180908,0.222412,1.006592
3397714617,0.177002,0.21875,1.013428
3397719617,0.179932,0.21875,1.012695
3397724617,0.181885,0.222656,1.017334
3397729617,0.181396,0.222656,1.015381
3397734617,0.18457,0.22168,1.016846
3397739617,0.18457,0.223145,1.008545
3397744617,0.185547,0.2229,1.00293
3397749617,0.186035,0.223145,1.011963
3397754617,0.188965,0.220947,1.013672
3397759617,0.18042,0.218994,1.009766
3397764617,0.182373,0.221191,1.013184
3397769617,0.178711,0.222412,1.008301
3397774617,0.181152,0.223145,1.006592
3397779617,0.177002,0.226562,1.010254
3397784617,0.18042,0.22168,1.010498
3397789617,0.178955,0.2229,1.01001
3397794617,0.179932,0.219971,1.015625
3397799617,0.178223,0.221191,1.015381
3397804617,0.181396,0.222656,1.016357
3397809617,0.179199,0.227783,1.015869
3397814617,0.178955,0.219482,1.010742
3397819617,0.177246,0.224365,1.005371
3397824617,0.179687,0.2229,1.012207
3397829617,0.181641,0.221436,1.01001
3397834617,0.181152,0.219727,1.012207
3397839617,0.178467,0.220703,1.007568
3397844617,0.180664,0.220947,1.017822
3397849617,0.173828,0.221924,1.012695
3397854617,0.178467,0.225342,1.009033
3397859617,0.174072,0.221436,1.009277
3397864617,0.180176,0.218262,1.008545
3397869617,0.179443,0.224365,1.01123
3397874617,0.177979,0.226562,1.009277
3397879617,0.179199,0.2229,1.009766
3397884617,0.180664,0.221436,1.01001
3397889617,0.179199,0.217773,1.017334
3397894617,0.178467,0.221191,1.012207
3397899617,0.175781,0.217285,1.01123
3397904617,0.173584,0.220947,1.011719
3397909617,0.180176,0.219971,1.009277
3397914617,0.178711,0.22168,1.013916
3397919617,0.182617,0.216309,1.01001
3397924617,0.182129,0.222412,1.000244
3397929617,0.180908,0.220215,1.011719
3397934617,0.17749,0.222412,1.003174
3397939617,0.179443,0.227539,1.01123
3397944617,0.187012,0.223389,1.008057
3397949617,0.181152,0.22168,1.012451
3397954617,0.184082,0.225342,1.008057
3397959617,0.186523,0.220459,1.006592
3397964617,0.179199,0.222412,1.005859
3397969617,0.179932,0.222168,1.001953
3397974617,0.176514,0.221191,1.012207
3397979617,0.178711,0.223389,1.015625
3397984617,0.177979,0.223145,1.012695
3397989617,0.179687,0.21582,1.009521
3397994617,0.179687,0.220459,1.008057
3397999617,0.17749,0.221924,1.006836
3398004617,0.176514,0.221924,1.002686
3398009617,0.178223,0.222412,1.006104
3398014617,0.181152,0.220703,1.010254
3398019617,0.18042,0.223145,1.010498
3398024617,0.180176,0.226807,1.005615
3398029617,0.18042,0.224365,1.012939
3398034617,0.181152,0.224854,1.009033
3398039617,0.178467,0.226074,1.004883
3398044617,0.175293,0.221924,1.005371
3398049617,0.18042,0.218994,1.01416
3398054617,0.177002,0.22168,1.012695
3398059617,0.181152,0.221924,1.010986
3398064617,0.181885,0.222168,1.01123
3398069617,0.178711,0.217529,1.014404
3398074617,0.177979,0.222656,1.012939
3398079617,0.18042,0.214844,1.013428
3398084617,0.181396,0.223389,1.011475
3398089617,0.173828,0.2229,1.01001
3398094617,0.18042,0.222168,1.014404
3398099617,0.176758,0.224121,1.012695
3398104617,0.184326,0.219727,1.01416
3398109617,0.185059,0.223389,1.015625
3398114617,0.179443,0.223389,1.004883
3398119617,0.18335,0.22583,1.010254
3398124617,0.178955,0.2229,1.013184
3398129617,0.179932,0.221436,1.012451
3398134617,0.181152,0.223633,1.015625
3398139617,0.181152,0.2229,1.014893
3398144617,0.178711,0.220459,1.014893
3398149617,0.180176,0.222412,1.015869
3398154617,0.18042,0.223389,1.005371
3398159617,0.184326,0.222412,1.009766
3398164617,0.182129,0.216553,1.008301
3398169617,0.177734,0.218994,1.01416
3398174617,0.178711,0.21875,1.010254
3398179617,0.798096,-1.707764,0.331299
3398184617,-1.373779,1.999939,1.999939
3398189617,-2.0,-1.662354,0.028564
3398194617,-2.0,1.695313,-1.861816
3398199617,0.462402,1.999939,-1.241211
3398204617,-1.323242,0.764893,-1.327393
3398209617,-1.005859,1.999939,1.999939
3398214617,-0.439697,-0.059814,-2.0
3398219617,-0.441162,0.460693,1.847168
3398224617,0.192627,0.149902,1.258545
3398229617,0.356689,0.487305,1.383301
3398234617,0.094238,0.109375,0.776611
3398239617,0.187256,0.237549,0.989258
3398244617,0.164795,0.341064,1.123047
3398249617,0.215332,0.14624,1.081055
3398254617,0.092041,0.204346,0.869385
3398259617,0.192383,0.165771,0.770752
3398264617,-1.225098,1.190918,1.860107
3398269617,-1.720215,0.337402,-0.790527
3398274617,-0.938965,0.281006,1.075439
3398279617,0.158447,0.270508,1.390869
3398284617,-0.606445,1.999939,-2.0
3398289617,0.211426,0.241455,1.19165
3398294617,0.073486,0.329834,1.069336
3398299617,0.211182,0.235596,0.922363
3398304617,0.188477,0.319824,1.177002
3398309617,0.187256,0.459961,-1.396484
3398314617,0.184326,0.303467,1.101807
3398319617,0.220947,0.218262,0.963135
3398324617,0.186035,0.278564,0.98999
3398329617,0.172363,0.301025,1.071045
3398334617,0.179932,0.25415,0.997803
3398339617,0.197754,0.192383,1.034668
3398344617,0.181641,0.208008,1.025391
3398349617,0.187988,0.278809,1.167725
3398354617,0.254639,0.202637,1.021973
3398359617,0.147461,0.241455,0.935547
3398364617,0.164307,0.203125,0.957764
3398369617,0.186279,0.186035,0.98999
3398374617,0.200195,0.175537,1.028076
3398379617,0.165771,0.0896,1.27124
3398384617,0.162842,0.327881,1.065918
3398389617,0.25415,0.117432,1.241455
3398394617,0.121094,0.298096,0.924072
3398399617,0.166992,0.270752,0.924316
3398404617,0.267822,0.301758,1.144043
3398409617,0.171875,0.222168,1.088623
3398414617,0.185791,0.194092,1.019775
3398419617,0.420166,0.092285,0.943359
3398424617,0.140137,0.330078,0.820312
3398429617,0.202637,0.284668,0.964111
3398434617,0.200684,0.27417,1.074463
3398439617,0.172852,0.193115,1.009766
3398444617,0.201172,0.137939,0.962891
3398449617,0.204346,0.179199,1.055176
3398454617,0.18042,0.222168,1.042725
3398459617,0.154785,0.22168,0.967773
3398464617,0.181885,0.229492,1.002441
3398469617,0.198242,0.203857,0.994873
3398474617,0.179932,0.177734,0.969971
3398479617,0.193115,0.181396,1.024658
3398484617,0.190918,0.201416,1.032715
3398489617,0.166016,0.237549,1.013428
3398494617,0.175781,0.268555,1.042236
3398499617,0.186279,0.276123,1.022949
3398504617,0.155762,0.248291,0.976318
3398509617,0.18335,0.21582,1.006104
3398514617,0.191895,0.213379,1.030029
3398519617,0.178223,0.222656,1.026611
3398524617,0.181885,0.244873,1.046875
3398529617,0.18042,0.260742,1.037109
3398534617,0.162109,0.243164,0.979004
3398539617,0.179932,0.210693,0.984619
3398544617,0.194336,0.187744,0.995361
3398549617,0.178467,0.178955,0.984131
3398554617,0.195557,0.193359,1.019775
3398559617,0.188232,0.223633,1.029541
3398564617,0.171875,0.23877,1.009277
3398569617,0.175293,0.231201,0.999512
3398574617,0.181396,0.216064,0.99585
3398579617,0.175781,0.198486,0.982422
3398584617,0.186035,0.203125,1.019775
3398589617,0.191162,0.228027,1.038574
3398594617,0.174072,0.244629,1.02002
3398599617,0.175049,0.259033,1.024902
3398604617,0.178955,0.253906,1.013184
3398609617,0.171143,0.221436,0.989258
3398614617,0.17627,0.203613,1.005859
3398619617,0.187988,0.205811,1.016846
3398624617,0.179687,0.214844,1.01416
3398629617,0.180908,0.229248,1.028076
3398634617,0.18042,0.238525,1.029785
3398639617,0.175049,0.223633,0.996338
3398644617,0.179443,0.205322,0.993164
3398649617,0.188721,0.194092,0.99585
3398654617,0.179687,0.198242,0.99585
3398659617,0.183594,0.215576,1.014648
3398664617,0.182617,0.238281,1.029053
3398669617,0.176514,0.245361,1.019287
3398674617,0.177979,0.237305,1.009521
3398679617,0.177734,0.224854,1.002197
3398684617,0.17627,0.209717,0.995117
3398689617,0.18457,0.210937,1.006592
3398694617,0.186279,0.22876,1.026123
3398699617,0.177979,0.242676,1.02002
3398704617,0.176758,0.242187,1.026123
3398709617,0.176025,0.229004,1.007324
3398714617,0.175537,0.210449,0.992432
3398719617,0.181396,0.205078,0.994629
3398724617,0.18457,0.207031,1.000977
3398729617,0.17749,0.217529,1.013916
3398734617,0.182373,0.233643,1.019287
3398739617,0.180908,0.234863,1.023438
3398744617,0.177734,0.220947,1.006836
3398749617,0.178711,0.208252,0.998047
3398754617,0.186523,0.209473,0.998047
3398759617,0.179199,0.224365,1.019043
3398764617,0.17627,0.231201,1.012695
3398769617,0.174561,0.23291,1.006836
3398774617,0.176758,0.227539,1.006836
3398779617,0.174561,0.224365,1.006592
3398784617,0.182373,0.21875,1.012451
3398789617,0.183838,0.214844,1.019775
3398794617,0.181885,0.221191,1.010986
3398799617,0.177979,0.227539,1.015869
3398804617,0.177979,0.223389,1.007324
3398809617,0.179199,0.219727,1.01123
3398814617,0.17749,0.211914,0.998779
3398819617,0.181885,0.20752,1.001465
3398824617,0.182861,0.212891,1.013184
3398829617,0.179443,0.219727,1.014648
3398834617,0.175781,0.229492,1.01416
3398839617,0.176758,0.229004,1.012451
3398844617,0.182373,0.225342,1.004395
3398849617,0.179443,0.217041,1.010254
3398854617,0.181641,0.218018,1.013184
3398859617,0.182373,0.219727,1.015381
3398864617,0.176758,0.226074,1.019287
3398869617,0.180176,0.232422,1.012695
3398874617,0.178711,0.228271,1.007568
3398879617,0.178955,0.220459,1.008789
3398884617,0.182129,0.21582,1.004395
3398889617,0.179443,0.21582,1.009277
3398894617,0.182617,0.219238,1.019775
3398899617,0.181152,0.224121,1.018311
3398904617,0.180664,0.230469,1.012207
3398909617,0.177246,0.226074,1.005615
3398914617,0.179932,0.223145,1.008057
3398919617,0.176025,0.218506,1.006836
3398924617,0.180908,0.219238,1.006592
3398929617,0.18335,0.225098,1.014404
3398934617,0.180908,0.229248,1.007324
3398939617,0.176758,0.224854,1.013428
3398944617,0.17749,0.22876,1.006104
3398949617,0.178711,0.221436,1.009521
3398954617,0.18457,0.218994,0.999268
3398959617,0.180664,0.218994,1.007813
3398964617,0.178223,0.225586,1.011719
3398969617,0.181152,0.224121,1.021484
3398974617,0.179443,0.231934,1.013672
3398979617,0.177979,0.221436,1.007813
3398984617,0.182129,0.216553,1.003906
3398989617,0.178223,0.216309,1.010498
3398994617,0.178467,0.2146,1.005615
3398999617,0.182373,0.228027,1.009033
3399004617,0.178467,0.227051,1.014648
3399009617,0.17749,0.227295,1.013428
3399014617,0.181152,0.227783,1.011963
3399019617,0.177734,0.217773,1.00293
3399024617,0.177246,0.219238,1.003418
3399029617,0.180908,0.225342,1.008301
3399034617,0.181396,0.227295,1.003174
3399039617,0.182129,0.226562,1.007813
3399044617,0.177979,0.22583,1.017334
3399049617,0.179687,0.222412,1.013184
3399054617,0.179443,0.223633,1.01001
3399059617,0.179443,0.222656,1.004395
3399064617,0.18042,0.223633,1.012207
3399069617,0.18042,0.224365,1.013428
3399074617,0.180176,0.225098,1.014893
3399079617,0.177979,0.221191,1.014404
3399084617,0.179687,0.22168,1.017822
3399089617,0.182861,0.215332,1.006348
3399094617,0.17627,0.220703,1.012695
3399099617,0.177734,0.222412,1.011719
3399104617,0.179199,0.222168,1.012695
3399109617,0.18042,0.226074,1.013916
3399114617,0.181641,0.221924,1.014893
3399119617,0.183105,0.220215,1.005615
3399124617,0.181152,0.223633,1.005615
3399129617,0.179199,0.220947,1.012695
3399134617,0.181396,0.218018,1.008545
3399139617,0.182129,0.222656,1.019287
3399144617,0.181396,0.219238,1.015625
3399149617,0.181885,0.219727,1.015137
3399154617,0.181641,0.222412,1.016602
3399159617,0.182129,0.220703,1.00708
3399164617,0.180176,0.218994,1.005615
3399169617,0.180176,0.222168,1.008789
3399174617,0.179199,0.221436,1.015137
3399179617,0.177734,0.224365,1.015869
3399184617,0.181396,0.223145,1.01123
3399189617,0.176514,0.226318,1.009766
3399194617,0.175293,0.217285,1.006592
3399199617,0.179932,0.223877,1.012939
3399204617,0.180176,0.225586,1.008789
3399209617,0.178467,0.227539,1.011719
3399214617,0.180176,0.228271,1.009521
3399219617,0.181885,0.226318,1.010742
3399224617,0.186279,0.22168,1.006104
3399229617,0.18042,0.217529,1.01001
3399234617,0.183594,0.219482,1.00415
3399239617,0.180908,0.219971,1.012451
3399244617,0.181152,0.222412,1.01416
3399249617,0.181885,0.220215,1.009521
3399254617,0.184814,0.224365,1.008301
3399259617,0.179443,0.222168,1.006348
3399264617,0.180176,0.226562,1.009521
3399269617,0.178955,0.224365,1.009766
3399274617,0.180176,0.225342,1.008789
3399279617,0.177246,0.225098,1.009033
3399284617,0.179199,0.227539,1.01416
3399289617,0.179932,0.221924,1.006104
3399294617,0.180664,0.2229,1.003174
3399299617,0.17749,0.220947,1.002197
3399304617,0.18042,0.222656,1.012695
3399309617,0.176758,0.224121,1.01416
3399314617,0.182617,0.222168,1.010986
3399319617,0.181885,0.219482,1.002441
3399324617,0.184082,0.217773,1.008545
3399329617,0.181396,0.219238,1.010986
3399334617,0.179199,0.219727,1.006592
3399339617,0.183838,0.220703,1.013916
3399344617,0.181641,0.220947,1.007324
3399349617,0.176758,0.225098,1.004639
3399354617,0.176758,0.22583,1.009033
3399359617,0.178955,0.22168,1.010254
3399364617,0.179199,0.224854,1.012207
3399369617,0.174561,0.224609,1.012939
3399374617,0.177979,0.226562,1.012451
3399379617,0.181396,0.220947,1.011719
3399384617,0.178223,0.22583,1.012207
3399389617,0.183838,0.21875,1.01416
3399394617,0.178223,0.222168,1.009521
3399399617,0.181152,0.221924,1.007813
3399404617,0.184082,0.221436,1.008545
3399409617,0.175537,0.221924,1.013672
3399414617,0.176758,0.21875,1.009033
3399419617,0.180908,0.22168,1.011719
3399424617,0.179932,0.224854,1.011475
3399429617,0.178955,0.217529,1.017334
3399434617,0.181152,0.224365,1.007568
3399439617,0.178223,0.22876,1.01001
3399444617,0.18042,0.221924,1.01416
3399449617,0.179443,0.223145,1.014893
3399454617,0.177979,0.219238,1.007324
3399459617,0.178955,0.218506,1.012939
3399464617,0.183594,0.222168,1.010498
3399469617,0.180176,0.219482,1.009033
3399474617,0.179932,0.223633,1.011963
3399479617,0.177734,0.223145,1.007568
3399484617,0.18042,0.223877,1.007324
3399489617,0.183838,0.218018,1.003174
3399494617,0.18457,0.22583,1.005127
3399499617,0.183105,0.224854,1.008545
3399504617,0.175781,0.224854,1.00708
3399509617,0.182373,0.22168,1.011719
3399514617,0.181396,0.223145,1.013428
3399519617,0.183594,0.219971,1.00708
3399524617,0.184082,0.224121,1.00293
3399529617,0.181152,0.219238,1.009766
3399534617,0.181885,0.219971,1.011963
3399539617,0.180908,0.226074,1.011963
3399544617,0.181396,0.223145,1.013672
3399549617,0.18335,0.220215,1.011963
3399554617,0.185059,0.218994,1.007813
3399559617,0.182861,0.225098,1.011475
3399564617,0.181396,0.22583,1.009521
3399569617,0.181885,0.222412,1.014893
3399574617,0.185791,0.221924,1.011719
3399579617,0.178467,0.222412,1.00708
3399584617,0.180908,0.221191,1.006348
3399589617,0.179687,0.218506,1.01001
3399594617,0.177002,0.221436,1.013428
3399599617,0.181885,0.224365,1.003662
3399604617,0.180908,0.223877,1.015625
3399609617,0.178711,0.223877,1.011963
3399614617,0.177979,0.223145,1.015137
3399619617,0.179932,0.221191,1.007813
3399624617,0.18335,0.226562,1.008301
3399629617,0.178223,0.219238,1.011963
3399634617,0.183838,0.218506,1.013428
3399639617,0.177979,0.223145,1.010498
3399644617,0.179687,0.224365,1.001709
3399649617,0.180176,0.219727,1.013672
3399654617,0.179932,0.223389,1.010254
3399659617,0.172363,0.223145,1.010498
3399664617,0.179443,0.219238,1.013916
3399669617,0.181396,0.220703,1.011475
3399674617,0.180176,0.222412,1.016846
3399679617,0.179687,0.221924,1.012207
3399684617,0.181396,0.220459,1.012695
3399689617,0.179687,0.224609,1.011719
3399694617,0.180176,0.226562,1.012939
3399699617,0.177734,0.223145,1.015381
3399704617,0.180664,0.221191,1.014648
3399709617,0.181396,0.2229,1.013916
3399714617,0.174316,0.22583,1.010498
3399719617,0.179199,0.219971,1.013428
3399724617,0.175781,0.220459,1.011719
3399729617,0.17749,0.222412,1.015869
3399734617,0.18335,0.222656,1.013184
3399739617,0.18042,0.224121,1.010498
3399744617,0.178467,0.2229,1.012695
3399749617,0.180176,0.229736,1.008789
3399754617,0.176025,0.220703,1.011475
3399759617,0.179443,0.225342,1.011719
3399764617,0.180176,0.223633,1.008545
3399769617,0.178955,0.224854,1.009033
3399774617,0.177246,0.220215,1.013672
3399779617,0.177246,0.227783,1.009033
3399784617,0.181641,0.222168,1.016357
3399789617,0.181152,0.222412,1.012451
3399794617,0.177002,0.223877,1.015381
3399799617,0.181641,0.22168,1.013672
3399804617,0.179199,0.223145,1.007324
3399809617,0.178955,0.222168,1.011475
3399814617,0.182861,0.220215,1.013916
3399819617,0.182129,0.224854,1.014893
3399824617,0.181152,0.225586,1.009033
3399829617,0.182129,0.222412,1.008789
3399834617,0.178467,0.223389,1.008545
3399839617,0.18042,0.220703,1.009521
3399844617,0.178711,0.223389,1.008057
3399849617,0.181885,0.221191,1.009521
3399854617,0.178711,0.224609,1.01001
3399859617,0.182617,0.223145,1.003662
3399864617,0.17749,0.220215,1.008057
3399869617,0.179687,0.2229,1.012939
3399874617,0.184082,0.222656,1.008545
3399879617,0.181885,0.220459,1.012451
3399884617,0.181885,0.22583,1.007813
3399889617,0.177002,0.223633,1.010986
3399894617,0.178711,0.221436,1.008301
3399899617,0.179443,0.225098,1.01123
3399904617,0.179443,0.225098,1.010254
3399909617,0.185059,0.220459,1.009521
3399914617,0.184082,0.222656,1.014404
3399919617,0.182373,0.225098,1.010742
3399924617,0.18042,0.223389,1.006592
3399929617,0.185303,0.2229,1.010986
3399934617,0.183105,0.225342,1.012451
3399939617,0.182617,0.222656,1.012451
3399944617,0.180664,0.222656,1.012695
3399949617,0.179443,0.218262,1.012451
3399954617,0.179199,0.221191,1.011719
3399959617,0.177002,0.220215,1.014648
3399964617,0.178223,0.217529,1.009033
3399969617,0.179932,0.221924,1.010254
3399974617,0.180176,0.220215,1.010742
3399979617,0.179199,0.223389,1.015869
3399984617,0.184082,0.221436,1.010498
3399989617,0.180664,0.221191,1.011963
3399994617,0.18335,0.217285,1.009033
3399999617,0.178711,0.217773,1.004883
3400004617,0.179932,0.222168,1.01123
3400009617,0.180908,0.225098,1.008057
3400014617,0.175537,0.219971,1.015381
3400019617,0.177246,0.2229,1.013672
3400024617,0.18042,0.224365,1.014404
3400029617,0.181641,0.221436,1.008301
3400034617,0.182373,0.225586,1.00708
3400039617,0.181396,0.22168,1.01123
3400044617,0.179443,0.222656,1.006836
3400049617,0.179199,0.221924,1.007568
3400054617,0.178467,0.222168,1.008545
3400059617,0.180908,0.226074,1.008545
3400064617,0.178467,0.223145,1.009521
3400069617,0.181885,0.219482,1.010742
3400074617,0.181641,0.223633,1.012939
3400079617,0.179687,0.219971,1.005127
3400084617,0.177002,0.222656,1.011719
3400089617,0.178955,0.225098,1.003906
3400094617,0.181396,0.224609,1.008301
3400099617,0.181885,0.223145,1.007568
3400104617,0.180176,0.220947,1.013428
3400109617,0.179687,0.224609,1.009521
3400114617,0.182861,0.22168,1.011475
3400119617,0.177979,0.226074,1.01001
3400124617,0.179443,0.226562,1.015137
3400129617,0.181641,0.221436,1.007568
3400134617,0.181641,0.224609,1.010254
3400139617,0.183594,0.223145,1.017334
3400144617,0.181396,0.2229,1.005615
3400149617,0.180176,0.221924,1.01416
3400154617,0.177246,0.218018,1.006836
3400159617,0.178711,0.219971,1.014893
3400164617,0.185059,0.221436,1.016602
3400169617,0.176025,0.222168,1.012939
3400174617,0.179687,0.222412,1.012939
3400179617,0.178955,0.2229,1.012451
3400184617,0.182129,0.221924,1.013184
3400189617,0.182373,0.222168,1.010254
3400194617,0.178711,0.222656,1.010254
3400199617,0.180664,0.226074,1.013916
3400204617,0.177246,0.222412,1.009766
3400209617,0.178711,0.222168,1.006592
3400214617,0.180908,0.223633,1.015381
3400219617,0.177979,0.218506,1.013428
3400224617,0.181885,0.222656,1.008301
3400229617,0.179199,0.21875,1.000732
3400234617,0.181641,0.220947,1.005615
3400239617,0.181885,0.221436,1.013184
3400244617,0.181885,0.220703,1.01123
3400249617,0.179932,0.220947,1.009766
3400254617,0.17749,0.219727,1.009033
3400259617,0.177002,0.218994,1.012939
3400264617,0.176758,0.223145,1.008789
3400269617,0.179687,0.223877,1.01416
3400274617,0.18335,0.22168,1.019287
3400279617,0.181396,0.223389,1.009521
3400284617,0.179932,0.222412,1.004883
3400289617,0.18042,0.224609,1.009277
3400294617,0.176758,0.22168,1.006348
3400299617,0.177734,0.218262,1.008301
3400304617,0.178467,0.221191,1.012207
3400309617,0.178223,0.223145,1.008789
3400314617,0.181641,0.220215,1.008545
3400319617,0.177002,0.221436,1.013916
3400324617,0.180908,0.226074,1.010986
3400329617,0.180176,0.22168,1.009521
3400334617,0.178223,0.227051,1.006836
3400339617,0.179199,0.223877,1.013672
3400344617,0.181396,0.223389,1.01001
3400349617,0.18457,0.2229,1.006592
3400354617,0.175781,0.220703,1.007568
3400359617,0.178467,0.220947,1.012939
3400364617,0.179932,0.217529,1.014648
3400369617,0.18457,0.219971,1.009277
3400374617,0.181152,0.224854,1.010254
3400379617,0.183105,0.220459,1.014404
3400384617,0.185547,0.222168,1.013672
3400389617,0.183105,0.220215,1.007813
3400394617,0.183105,0.220947,1.008057
3400399617,0.179687,0.222168,1.004883
3400404617,0.178223,0.221436,1.013184
3400409617,0.177246,0.22168,1.014404
3400414617,0.175049,0.221191,1.009766
3400419617,0.182373,0.221924,1.01123
3400424617,0.177734,0.216553,1.012207
3400429617,0.180664,0.221191,1.009766
3400434617,0.179443,0.220215,1.018066
3400439617,0.180664,0.218994,1.014893
3400444617,0.181885,0.224609,1.016357
3400449617,0.180664,0.2229,1.007813
3400454617,0.181396,0.220215,1.008545
3400459617,0.177002,0.222412,1.007568
3400464617,0.175537,0.224854,1.010498
3400469617,0.174805,0.227783,1.009033
3400474617,0.182617,0.223145,1.015137
3400479617,0.179932,0.22168,1.005371
3400484617,0.182129,0.220459,1.006104
3400489617,0.174805,0.223145,1.009033
3400494617,0.182129,0.222656,1.009277
3400499617,0.181152,0.223877,1.006592
3400504617,0.182129,0.217285,1.006592
3400509617,0.180664,0.222412,1.015381
3400514617,0.174561,0.224609,1.015137
3400519617,0.176514,0.222412,1.013672
3400524617,0.182373,0.224121,1.015869
3400529617,0.176514,0.222656,1.004395
3400534617,0.179443,0.222168,1.013916
3400539617,0.181641,0.220947,1.010498
3400544617,0.181885,0.220703,1.008057
3400549617,0.178955,0.223389,1.005615
3400554617,0.178955,0.224854,1.010254
3400559617,0.175537,0.220459,1.009277
3400564617,0.178955,0.21875,1.013184
3400569617,0.176758,0.22168,1.013672
3400574617,0.179932,0.221436,1.009277
3400579617,0.182617,0.221436,1.009033
3400584617,0.181885,0.220459,1.011963
3400589617,0.17627,0.219971,1.010254
3400594617,0.181152,0.220459,1.011963
3400599617,0.177246,0.222168,1.00293
3400604617,0.180176,0.223145,1.013672
3400609617,0.176758,0.226074,1.007568
3400614617,0.179199,0.220947,1.012207
3400619617,0.182617,0.225098,1.011963
3400624617,0.183594,0.2229,1.016113
3400629617,0.17627,0.225342,1.005859
3400634617,0.181396,0.223633,1.002686
3400639617,0.181152,0.223389,1.010254
3400644617,0.183594,0.221191,1.017334
3400649617,0.182861,0.218262,1.005127
3400654617,0.176025,0.223633,1.008789
3400659617,0.179199,0.222412,1.010498
3400664617,0.180664,0.226807,1.019287
3400669617,0.177979,0.223877,1.005615
3400674617,-1.800781,-0.846924,1.999939
3400679617,-0.603271,1.140381,1.999939
3400684617,0.083252,1.999939,1.673828
3400689617,-1.413574,1.314453,-2.0
3400694617,-0.881592,1.999939,-1.225342
3400699617,-0.389893,1.999939,0.725586
3400704617,0.630615,1.999939,-2.0
3400709617,-2.0,1.999939,-0.338867
3400714617,-1.126221,1.888916,0.8125
3400719617,0.144287,1.999939,0.267578
3400724617,0.12207,0.34375,0.85498
3400729617,0.292725,0.345947,1.473145
3400734617,0.06958,0.236572,0.88916
3400739617,0.168701,0.199951,0.908447
3400744617,-0.371338,0.865723,1.352051
3400749617,-0.075928,0.992432,-2.0
3400754617,-0.057617,0.283936,1.289307
3400759617,0.201416,0.3396,1.106201
3400764617,0.126221,0.244873,1.103271
3400769617,0.19043,0.169678,0.937012
3400774617,0.145752,0.211914,0.948486
3400779617,0.153076,0.257324,1.004395
3400784617,0.188232,0.225586,0.953613
3400789617,0.160156,0.209229,0.911621
3400794617,0.16626,0.209473,0.976807
3400799617,0.200684,0.182617,1.013916
3400804617,0.166504,0.196533,0.98584
3400809617,0.176514,0.205078,0.981934
3400814617,0.221436,0.227051,1.044434
3400819617,0.20166,0.237549,0.994385
3400824617,0.048096,0.258057,-1.116211
3400829617,-2.0,1.936279,-1.496826
3400834617,-1.275391,0.289063,0.997559
3400839617,-0.645996,0.200928,0.830566
3400844617,0.203369,0.281494,1.050049
3400849617,0.140381,0.294922,1.028076
3400854617,0.179199,0.233154,0.970947
3400859617,0.199707,0.243408,1.047119
3400864617,0.194336,0.234619,1.026367
3400869617,0.192139,0.220459,1.037842
3400874617,0.210937,0.230713,1.071289
3400879617,0.20874,0.199219,1.001465
3400884617,0.15625,0.184326,0.947266
3400889617,0.040771,0.446045,1.241699
3400894617,0.450439,0.978516,-2.0
3400899617,-0.657227,1.982422,0.419678
3400904617,0.21167,0.364746,0.821045
3400909617,0.155029,0.242676,1.035889
3400914617,0.165771,0.233643,0.991211
3400919617,0.064209,1.090332,1.04541
3400924617,0.161621,0.25293,1.02832
3400929617,0.165039,0.234863,0.905762
3400934617,0.150391,0.247559,0.915771
3400939617,0.1604,0.232422,1.061279
3400944617,0.16333,0.226807,1.002441
3400949617,0.120361,0.244385,0.969482
3400954617,0.226807,0.232666,1.027588
3400959617,0.160645,0.238037,0.989014
3400964617,0.178467,0.237305,1.005127
3400969617,0.245117,0.782715,1.105225
3400974617,0.171875,0.203613,0.901611
3400979617,0.182129,0.192871,1.02002
3400984617,0.185791,0.218262,1.02002
3400989617,0.215576,0.196045,1.081055
3400994617,0.214111,0.230469,1.094727
3400999617,0.192627,0.255859,1.043457
3401004617,0.181152,0.227295,1.014648
3401009617,0.190674,0.203613,1.083252
3401014617,0.174805,0.212646,1.002686
3401019617,0.185547,0.234131,1.019775
3401024617,0.169922,0.25,1.007813
3401029617,0.191895,0.246338,1.045898
3401034617,0.204834,0.206055,1.065186
3401039617,0.195801,0.235596,1.069092
3401044617,0.179687,0.237305,1.03125
3401049617,0.169678,0.20459,1.00708
3401054617,0.167725,0.23291,0.998535
3401059617,0.190674,0.198486,0.976807
3401064617,0.176025,0.236816,1.013184
3401069617,0.178467,0.201904,1.015869
3401074617,0.208984,0.201416,1.048584
3401079617,0.168701,0.203369,0.975586
3401084617,0.197021,0.21875,1.046143
3401089617,0.193359,0.207031,1.059326
3401094617,0.175781,0.238037,1.008301
3401099617,0.170898,0.22876,1.012939
3401104617,0.186035,0.240234,1.032959
3401109617,0.168945,0.236328,1.006592
3401114617,0.180664,0.233398,1.011963
3401119617,0.17627,0.2146,1.001465
3401124617,0.178467,0.225098,1.020996
3401129617,0.195801,0.208008,1.053467
3401134617,0.178711,0.237305,0.992432
3401139617,0.174316,0.220215,0.998535
3401144617,0.190918,0.213379,1.026123
3401149617,0.181885,0.212158,1.018799
3401154617,0.18042,0.215576,0.997559
3401159617,0.186523,0.210693,1.020996
3401164617,0.177246,0.2146,1.006592
3401169617,0.179199,0.234375,1.009277
3401174617,0.171631,0.224365,0.987305
3401179617,0.188721,0.209229,1.006592
3401184617,0.17627,0.222412,1.013428
3401189617,0.175781,0.223389,1.004639
3401194617,0.184326,0.226807,1.021484
3401199617,0.178467,0.231934,1.005859
3401204617,0.17627,0.23291,1.003418
3401209617,0.181641,0.232178,1.015137
3401214617,0.177734,0.227295,1.006836
3401219617,0.178467,0.222412,1.01123
3401224617,0.1875,0.219238,1.032959
3401229617,0.182129,0.226074,1.029541
3401234617,0.172119,0.232178,1.005859
3401239617,0.179199,0.219482,1.012939
3401244617,0.171875,0.219727,1.009521
3401249617,0.185059,0.22168,1.013672
3401254617,0.179443,0.217041,1.01123
3401259617,0.180176,0.224121,1.011719
3401264617,0.178223,0.225586,1.010498
3401269617,0.173828,0.227783,1.00708
3401274617,0.183838,0.219482,1.02124
3401279617,0.181396,0.225342,1.014404
3401284617,0.182373,0.225586,1.005371
3401289617,0.175049,0.217529,1.010986
3401294617,0.177979,0.223389,1.00293
3401299617,0.176025,0.229248,1.008301
3401304617,0.178223,0.225098,1.01123
3401309617,0.180908,0.220703,1.011963
3401314617,0.181152,0.218262,1.009277
3401319617,0.180664,0.220459,1.011719
3401324617,0.175049,0.219482,1.008301
3401329617,0.175781,0.223633,1.000488
3401334617,0.173584,0.219238,1.002441
3401339617,0.178955,0.219971,1.006592
3401344617,0.174316,0.212646,1.009521
3401349617,0.177246,0.221924,1.013428
3401354617,0.174316,0.226807,0.995117
3401359617,0.180664,0.226074,1.004883
3401364617,0.178467,0.22583,1.017578
3401369617,0.173584,0.23291,1.015381
3401374617,0.177246,0.227539,1.022705
3401379617,0.173096,0.227539,1.002686
3401384617,0.177002,0.220947,1.002686
3401389617,0.183105,0.226074,1.016846
3401394617,0.179199,0.223145,1.008545
3401399617,0.185303,0.223877,1.01709
3401404617,0.180176,0.224854,1.01416
3401409617,0.174805,0.224365,1.006592
3401414617,0.184814,0.223145,1.019287
3401419617,0.176025,0.221436,1.003174
3401424617,0.180908,0.224121,1.010742
3401429617,0.181396,0.221924,1.02124
3401434617,0.174316,0.225586,0.998291
3401439617,0.176514,0.223633,1.01001
3401444617,0.176758,0.220947,1.02124
3401449617,0.183594,0.223877,1.010254
3401454617,0.182617,0.222412,1.016846
3401459617,0.178223,0.223389,1.012939
3401464617,0.179687,0.226807,1.012939
3401469617,0.185547,0.229248,1.013184
3401474617,0.185547,0.223877,1.012451
3401479617,0.178955,0.225586,1.005127
3401484617,0.174072,0.22583,1.004639
3401489617,0.182129,0.217529,1.011963
3401494617,0.175293,0.221191,1.011475
3401499617,0.182129,0.225586,1.018555
3401504617,0.178955,0.223633,1.015625
3401509617,0.179199,0.226318,1.013672
3401514617,0.178223,0.221924,1.015869
3401519617,0.17749,0.227783,1.012451
3401524617,0.181885,0.226074,1.004395
3401529617,0.180176,0.229004,1.011475
3401534617,0.18457,0.221924,1.017334
3401539617,0.181396,0.229004,1.01001
3401544617,0.177979,0.22583,1.015137
3401549617,0.176025,0.224609,1.012695
3401554617,0.178955,0.219727,1.011475
3401559617,0.179199,0.223145,1.005127
3401564617,0.18042,0.220947,1.010254
3401569617,0.17749,0.223877,1.016113
3401574617,0.176758,0.223877,1.006348
3401579617,0.179443,0.224121,1.010254
3401584617,0.178467,0.222412,1.00293
3401589617,0.175781,0.224121,1.007813
3401594617,0.179687,0.225342,1.013428
3401599617,0.175049,0.224121,1.000977
3401604617,0.179443,0.222656,1.004395
3401609617,0.179932,0.221924,1.019287
3401614617,0.177246,0.222168,1.007568
3401619617,0.180664,0.225342,1.013428
3401624617,0.179443,0.222412,1.015625
3401629617,0.173584,0.221924,1.006836
3401634617,0.182617,0.219238,1.014404
3401639617,0.179932,0.225098,1.009766
3401644617,0.18457,0.223145,1.013428
3401649617,0.177246,0.223633,1.016113
3401654617,0.179443,0.227539,1.012207
3401659617,0.17627,0.223633,1.013672
3401664617,0.177002,0.223389,1.007568
3401669617,0.172852,0.223389,1.007568
3401674617,0.178467,0.22876,1.003906
3401679617,0.180664,0.219482,1.016357
3401684617,0.179199,0.225098,0.997559
3401689617,0.177734,0.225098,1.012207
3401694617,0.181396,0.219971,1.006836
3401699617,0.181641,0.218018,1.015381
3401704617,0.177002,0.226318,1.017334
3401709617,0.179443,0.224121,1.008301
3401714617,0.17334,0.22583,1.014648
3401719617,0.179443,0.223633,1.003906
3401724617,0.177246,0.227783,1.009766
3401729617,0.175537,0.226074,1.00293
3401734617,0.18042,0.223633,1.017578
3401739617,0.173584,0.228027,1.01123
3401744617,0.175293,0.227295,1.009521
3401749617,0.178467,0.224121,1.009033
3401754617,0.182617,0.221436,1.00708
3401759617,0.182129,0.21875,1.014893
3401764617,0.178955,0.219971,1.00293
3401769617,0.175781,0.221436,1.006348
3401774617,0.180664,0.220947,1.011719
3401779617,0.180176,0.218018,1.007813
3401784617,0.177734,0.221436,1.009766
3401789617,0.174805,0.223877,1.010986
3401794617,0.180176,0.227051,1.012451
3401799617,0.176514,0.224365,1.010986
3401804617,0.180664,0.227783,1.022217
3401809617,0.182617,0.229492,1.011475
3401814617,0.171875,0.218506,1.000977
3401819617,0.176758,0.230469,1.016602
3401824617,0.183594,0.2229,1.013916
3401829617,0.172607,0.229492,1.005127
3401834617,0.174316,0.21875,1.005615
3401839617,0.178955,0.220703,1.001953
3401844617,0.178711,0.224609,1.010986
3401849617,0.179932,0.222168,1.017578
3401854617,0.176758,0.219971,1.007568
3401859617,0.182861,0.223145,1.009033
3401864617,0.180176,0.222412,1.013916
3401869617,0.179443,0.224609,1.007568
3401874617,0.18042,0.219482,1.018066
3401879617,0.180176,0.221924,1.007568
3401884617,0.17749,0.224854,1.012451
3401889617,0.180176,0.22168,1.015869
3401894617,0.181152,0.224609,1.021973
3401899617,0.175781,0.223389,1.009521
3401904617,0.178711,0.221924,1.016602
3401909617,0.17627,0.226074,1.006104
3401914617,0.180176,0.220459,1.013672
3401919617,0.18042,0.222412,1.011963
3401924617,0.176025,0.228271,1.00415
3401929617,0.179199,0.224121,1.009033
3401934617,0.176514,0.228271,1.011475
3401939617,0.18335,0.22168,1.011963
3401944617,0.179443,0.217041,1.010986
3401949617,0.178223,0.222656,1.00415
3401954617,0.175781,0.220947,1.012207
3401959617,0.177734,0.226074,1.010986
3401964617,0.180176,0.222412,1.012695
3401969617,0.174561,0.222656,1.002197
3401974617,0.17627,0.224121,1.010498
3401979617,0.182373,0.219238,1.015869
3401984617,0.180176,0.222168,1.009521
3401989617,0.178223,0.227783,1.003662
3401994617,0.180908,0.224121,1.013916
3401999617,0.174805,0.223633,1.008789
3402004617,0.18042,0.220459,1.013428
3402009617,0.180664,0.222412,1.010742
3402014617,0.177002,0.225098,1.009277
3402019617,0.179199,0.224365,1.008057
3402024617,0.176025,0.226074,1.020264
3402029617,0.162354,0.22168,0.957764
3402034617,0.181885,0.159912,0.93042
3402039617,0.144531,0.073242,1.035889
3402044617,0.039307,0.16748,0.842041
3402049617,0.14209,0.208008,1.099609
3402054617,0.164551,0.172607,0.977051
3402059617,0.244141,0.228027,1.026123
3402064617,0.260986,0.281006,0.962158
3402069617,0.225098,0.362793,1.016846
3402074617,0.201416,0.289307,1.038818
3402079617,0.133545,0.305664,0.986084
3402084617,0.16626,0.339355,1.091553
3402089617,0.146973,0.36792,1.043457
3402094617,0.158447,0.302734,1.037354
3402099617,0.197998,0.209961,0.999756
3402104617,0.215332,0.176025,1.015625
3402109617,0.208008,0.144043,0.983643
3402114617,0.175781,0.149902,1.036621
3402119617,0.181152,0.201416,1.02002
3402124617,0.190674,0.15625,0.962158
3402129617,0.200928,0.15332,0.968018
3402134617,0.184326,0.168213,0.994385
3402139617,0.197266,0.18335,1.013672
3402144617,0.201416,0.231934,1.058105
3402149617,0.171631,0.259033,1.001953
3402154617,0.155762,0.286377,1.0
3402159617,0.166016,0.32373,1.011475
3402164617,0.159668,0.268555,0.994629
3402169617,0.151611,0.289063,1.032715
3402174617,0.164062,0.312988,1.04126
3402179617,0.171875,0.289551,1.019775
3402184617,0.182617,0.271729,1.019287
3402189617,0.178711,0.295898,1.050537
3402194617,0.183105,0.215332,1.011719
3402199617,0.19165,0.140137,0.987793
3402204617,0.182617,0.132568,1.02002
3402209617,0.222656,0.089111,0.936523
3402214617,0.194092,0.152832,0.978516
3402219617,0.212646,0.180908,0.989258
3402224617,0.190918,0.138672,0.978271
3402229617,0.178223,0.194824,0.98999
3402234617,0.204346,0.225342,1.018555
3402239617,0.188965,0.19043,0.998291
3402244617,0.176025,0.230469,1.035156
3402249617,0.176025,0.287842,1.071533
3402254617,0.183594,0.294434,1.064941
3402259617,0.153076,0.285889,1.010498
3402264617,0.172119,0.26709,0.962891
3402269617,0.164307,0.259766,0.979736
3402274617,0.159424,0.262939,1.044922
3402279617,0.165039,0.292725,1.111084
3402284617,0.156982,0.3125,1.046387
3402289617,0.179932,0.294678,1.04248
3402294617,0.179932,0.244629,1.026855
3402299617,0.174316,0.278564,1.01416
3402304617,0.180908,0.228027,1.023438
3402309617,0.209961,0.23584,1.125
3402314617,0.197021,0.251953,1.052979
3402319617,0.16748,0.168945,0.992187
3402324617,0.211182,0.158691,1.002686
3402329617,0.181152,0.14624,0.980469
3402334617,0.19165,0.17627,0.970947
3402339617,0.193115,0.178711,1.004883
3402344617,0.198486,0.165771,0.973145
3402349617,0.195557,0.132568,0.959473
3402354617,0.199463,0.122803,0.963623
3402359617,0.196533,0.151855,0.980713
3402364617,0.191406,0.177246,0.995117
3402369617,0.1875,0.19751,1.01001
3402374617,0.186279,0.197998,0.999023
3402379617,0.187256,0.200195,1.006592
3402384617,0.188232,0.224609,1.03833
3402389617,0.171631,0.254395,1.071045
3402394617,0.177734,0.261719,1.020508
3402399617,0.169434,0.27124,0.98291
3402404617,0.165527,0.301758,1.041748
3402409617,0.157227,0.301758,1.042725
3402414617,0.169434,0.295898,1.02417
3402419617,0.166016,0.286133,1.025391
3402424617,0.169434,0.276367,1.026611
3402429617,0.177246,0.272949,1.025635
3402434617,0.185059,0.249512,1.029297
3402439617,0.177002,0.230957,1.053223
3402444617,0.185059,0.216309,0.998047
3402449617,0.194824,0.187744,0.99585
3402454617,0.1875,0.193359,1.010742
3402459617,0.191162,0.154053,0.977295
3402464617,0.199463,0.147217,0.944092
3402469617,0.19165,0.161377,0.985596
3402474617,0.193604,0.164551,0.994629
3402479617,0.190674,0.175781,0.98877
3402484617,0.186035,0.179932,0.987549
3402489617,0.188232,0.182373,0.997559
3402494617,0.186035,0.191162,0.994141
3402499617,0.182373,0.201904,1.003662
3402504617,0.182617,0.22583,1.024414
3402509617,0.170166,0.252197,1.044434
3402514617,0.165283,0.273682,1.037598
3402519617,0.174805,0.276123,1.013916
3402524617,0.166992,0.27832,1.02417
3402529617,0.1604,0.277588,1.033447
3402534617,0.172119,0.271973,1.016846
3402539617,0.169189,0.270996,1.023682
3402544617,0.179687,0.268799,1.0271
3402549617,0.172852,0.251221,1.031006
3402554617,0.174316,0.228516,1.027344
3402559617,0.188477,0.202148,1.008057
3402564617,0.184814,0.193359,0.998291
3402569617,0.187256,0.1875,1.00415
3402574617,0.189697,0.175781,0.987305
3402579617,0.191406,0.178711,0.988525
3402584617,0.191162,0.174805,0.990967
3402589617,0.190674,0.176758,0.992432
3402594617,0.195312,0.177734,0.991455
3402599617,0.190918,0.181885,0.990723
3402604617,0.187744,0.193848,0.994873
3402609617,0.185791,0.215576,1.013916
3402614617,0.182861,0.22583,1.021484
3402619617,0.174072,0.238525,1.026855
3402624617,0.173584,0.248047,1.025635
3402629617,0.172852,0.25708,1.028076
3402634617,0.177246,0.271484,1.021484
3402639617,0.166748,0.267822,1.023193
3402644617,0.175781,0.272461,1.02832
3402649617,0.175049,0.259033,1.023193
3402654617,0.178955,0.250244,1.023438
3402659617,0.178711,0.235352,1.022461
3402664617,0.182373,0.214355,1.005371
3402669617,0.186768,0.206787,1.007813
3402674617,0.185791,0.200195,1.004639
3402679617,0.186279,0.190674,0.998535
3402684617,0.187988,0.186768,0.987549
3402689617,0.1875,0.185547,0.997314
3402694617,0.186035,0.183105,0.986816
3402699617,0.189209,0.187988,0.992432
3402704617,0.18335,0.195312,1.000244
3402709617,0.182861,0.208252,1.003418
3402714617,0.180664,0.221436,1.01416
3402719617,0.178711,0.231445,1.012207
3402724617,0.177979,0.238037,1.018799
3402729617,0.174561,0.240723,1.02002
3402734617,0.174316,0.249023,1.022705
3402739617,0.171631,0.256836,1.016846
3402744617,0.174072,0.255859,1.029541
3402749617,0.175293,0.253418,1.023438
3402754617,0.17749,0.245361,1.015869
3402759617,0.181885,0.235352,1.018555
3402764617,0.182617,0.226562,1.01123
3402769617,0.182861,0.214111,1.007813
3402774617,0.182861,0.208984,1.009766
3402779617,0.183594,0.204346,1.002197
3402784617,0.179687,0.20459,0.988037
3402789617,0.18457,0.178711,1.009521
3402794617,0.169189,0.209717,0.972412
3402799617,0.174316,0.195557,1.011963
3402804617,0.179687,0.210693,0.996338
3402809617,0.172607,0.21582,1.004639
3402814617,0.176758,0.227295,1.005371
3402819617,0.182861,0.230225,1.024658
3402824617,0.172852,0.236572,1.01709
3402829617,0.177734,0.239258,1.02124
3402834617,0.173828,0.238525,1.011719
3402839617,0.178711,0.24585,1.012939
3402844617,0.178955,0.238281,1.019531
3402849617,0.175781,0.243408,1.017822
3402854617,0.179443,0.236572,1.016113
3402859617,0.181396,0.226807,1.012207
3402864617,0.181641,0.223633,1.006104
3402869617,0.181152,0.213135,1.003174
3402874617,0.181152,0.212402,1.001709
3402879617,0.183105,0.208008,1.006104
3402884617,0.185791,0.210693,1.009033
3402889617,0.183838,0.207275,1.00293
3402894617,0.18457,0.203125,1.003418
3402899617,0.183594,0.20874,1.006836
3402904617,0.183594,0.210937,1.00708
3402909617,0.182373,0.218994,1.009033
3402914617,0.180664,0.227539,1.009277
3402919617,0.179932,0.229492,1.01709
3402924617,0.180176,0.229736,1.012695
3402929617,0.176514,0.228271,0.994873
3402934617,0.180664,0.229492,1.036621
3402939617,0.175049,0.241699,1.015381
3402944617,0.171875,0.23999,1.010254
3402949617,0.180176,0.232666,1.013916
3402954617,0.175781,0.230225,1.009033
3402959617,0.194824,0.21875,1.012207
3402964617,0.199463,0.217285,1.039795
3402969617,0.17749,0.211182,1.007813
3402974617,0.194824,0.214355,1.025879
3402979617,0.169678,0.21167,0.979004
3402984617,0.207275,0.190918,1.019531
3402989617,0.198975,0.193848,1.042969
3402994617,0.17041,0.217041,1.001709
3402999617,0.173584,0.228516,1.016113
3403004617,0.174072,0.219238,1.018066
3403009617,0.180908,0.234619,1.003418
3403014617,0.182373,0.226074,1.01709
3403019617,0.177246,0.23291,1.020508
3403024617,0.17041,0.238037,0.987793
3403029617,0.18042,0.228027,1.017822
3403034617,0.178955,0.230469,1.013184
3403039617,0.178955,0.225098,1.0
3403044617,0.18457,0.220459,1.013184
3403049617,0.175293,0.228027,0.997559
3403054617,0.197021,0.211914,0.994141
3403059617,0.196777,0.203369,1.039795
3403064617,0.174561,0.212891,0.999023
3403069617,0.177734,0.229004,1.019287
3403074617,0.176025,0.216309,1.027832
3403079617,0.183105,0.218262,1.011475
3403084617,0.18042,0.220947,1.013428
3403089617,0.175781,0.221436,0.996582
3403094617,0.179687,0.224365,1.009521
3403099617,0.186523,0.222656,1.015869
3403104617,0.181885,0.235107,1.002441
3403109617,0.181152,0.231934,1.005615
3403114617,0.179443,0.22168,1.006836
3403119617,0.181885,0.225098,1.00708
3403124617,0.182617,0.224365,1.012695
3403129617,0.178467,0.219482,1.000977
3403134617,0.185547,0.219238,1.031738
3403139617,0.181641,0.227051,1.009521
3403144617,0.176758,0.216309,1.010986
3403149617,0.185791,0.222656,1.009277
3403154617,0.184082,0.212402,1.007568
3403159617,0.186035,0.218506,1.0
3403164617,0.181396,0.223389,1.002197
3403169617,0.180176,0.221924,1.011719
3403174617,0.184082,0.222168,1.01001
3403179617,0.181396,0.223145,1.006836
3403184617,0.185303,0.220459,1.011963
3403189617,0.182617,0.229004,1.013916
3403194617,0.182373,0.228271,1.014893
3403199617,0.179687,0.228027,1.012939
3403204617,0.181641,0.225342,1.004395
3403209617,0.181152,0.219727,1.007813
3403214617,0.179932,0.223389,1.003662
3403219617,0.18042,0.218018,1.010254
3403224617,0.186035,0.223145,1.010986
3403229617,0.182617,0.220459,1.00415
3403234617,0.18335,0.221924,1.009033
3403239617,0.182861,0.22168,1.016846
3403244617,0.182129,0.223389,1.007813
3403249617,0.178467,0.221436,1.004883
3403254617,0.181396,0.218262,1.016113
3403259617,0.177734,0.221191,1.013672
3403264617,0.180664,0.22998,1.010254
3403269617,0.182617,0.224854,1.007324
3403274617,0.185303,0.224854,1.01416
3403279617,0.178467,0.224365,1.01001
3403284617,0.179687,0.221924,1.006592
3403289617,0.183105,0.22168,1.009766
3403294617,0.180664,0.222656,1.003174
3403299617,0.184082,0.219482,1.01123
3403304617,0.180908,0.219238,1.013672
3403309617,0.182617,0.224609,1.018311
3403314617,0.184082,0.222412,1.018066
3403319617,0.185547,0.217529,1.003906
3403324617,0.181152,0.217773,1.019775
3403329617,0.18335,0.227539,0.993164
3403334617,0.165283,0.172607,1.006836
3403339617,0.198975,0.171875,0.996582
3403344617,0.158203,0.138428,1.001953
3403349617,0.227295,0.151855,1.032959
3403354617,0.240234,0.12085,1.063721
3403359617,0.237793,0.135986,1.009766
3403364617,0.207275,0.268066,1.078125
3403369617,0.186768,0.187988,1.073975
3403374617,0.149658,0.2146,1.01709
3403379617,0.178223,0.303223,0.968994
3403384617,0.119629,0.326172,0.96582
3403389617,0.13208,0.360107,0.953613
3403394617,0.096191,0.38623,0.982666
3403399617,0.094971,0.391602,0.980713
3403404617,0.096924,0.403076,1.01001
3403409617,0.121094,0.351807,1.009521
3403414617,0.177734,0.294922,1.039307
3403419617,0.135986,0.244141,1.117676
3403424617,0.074463,0.280518,1.126465
3403429617,0.161865,0.233154,1.01416
3403434617,0.19873,0.12207,0.96875
3403439617,0.182617,0.134521,0.928223
3403444617,0.167236,0.13623,0.852539
3403449617,0.185791,0.108887,0.970459
3403454617,0.203613,0.152344,0.989746
3403459617,0.203125,0.106934,0.965088
3403464617,0.216797,0.082764,1.008301
3403469617,0.206787,0.111816,1.047119
3403474617,0.199219,0.269043,1.102295
3403479617,0.178955,0.261719,0.990723
3403484617,0.151367,0.264893,1.016357
3403489617,0.145752,0.300781,1.048096
3403494617,0.16626,0.291992,1.015381
3403499617,0.140869,0.319336,1.04126
3403504617,0.144287,0.333252,1.040527
3403509617,0.159912,0.293701,1.031494
3403514617,0.162354,0.289551,1.033447
3403519617,0.160889,0.228271,1.034424
3403524617,0.173096,0.20166,0.99585
3403529617,0.177734,0.190186,0.993164
3403534617,0.165283,0.209717,1.029297
3403539617,0.179199,0.19043,0.992432
3403544617,0.181152,0.159424,0.962402
3403549617,0.189941,0.136719,0.981201
3403554617,0.189941,0.136719,0.977783
3403559617,0.193115,0.132812,0.960449
3403564617,0.200928,0.134766,1.000244
3403569617,0.192139,0.157715,0.97998
3403574617,0.178955,0.176758,1.00415
3403579617,0.18335,0.179932,0.998047
3403584617,0.188721,0.174316,1.000732
3403589617,0.187256,0.215088,1.021973
3403594617,0.182861,0.285156,1.085938
3403599617,0.160889,0.255859,1.003662
3403604617,0.175293,0.258789,1.013672
3403609617,0.171143,0.275879,1.044922
3403614617,0.159912,0.269287,1.031494
3403619617,0.165283,0.26416,1.011719
3403624617,0.149658,0.274414,1.023438
3403629617,0.151123,0.286377,1.000488
3403634617,0.146484,0.307129,1.0271
3403639617,0.156006,0.251709,1.013672
3403644617,0.16626,0.237305,1.022217
3403649617,0.173584,0.231445,1.02417
3403654617,0.175293,0.22998,1.022949
3403659617,0.172363,0.213135,1.006348
3403664617,0.179687,0.20874,1.01123
3403669617,0.179932,0.202637,1.004639
3403674617,0.182617,0.198486,0.996582
3403679617,0.172363,0.198242,0.990967
3403684617,0.184082,0.20874,1.005371
3403689617,0.179932,0.199951,1.003662
3403694617,0.156738,0.154785,1.004883
3403699617,0.201416,0.19751,0.987549
3403704617,0.178467,0.155273,1.001953
3403709617,0.188965,0.194824,1.020752
3403714617,0.174072,0.24707,1.060791
3403719617,0.178223,0.256348,0.998047
3403724617,0.152832,0.272217,1.03418
3403729617,0.147705,0.279785,1.031982
3403734617,0.156494,0.253906,0.997559
3403739617,0.141113,0.277344,1.012695
3403744617,0.146484,0.314941,1.034912
3403749617,0.132324,0.314453,1.0
3403754617,0.139648,0.334717,1.009033
3403759617,0.166504,0.297852,0.951416
3403764617,0.208984,0.284912,1.145508
3403769617,0.118164,0.265381,1.050537
3403774617,0.177979,0.226318,1.01001
3403779617,0.180176,0.270996,1.052734
3403784617,0.175781,0.163086,0.999756
3403789617,0.192139,0.155273,0.969971
3403794617,0.170166,0.108398,0.979492
3403799617,0.218018,0.054199,0.932129
3403804617,0.210205,0.099609,0.964111
3403809617,0.208984,0.091064,0.944336
3403814617,0.202637,0.081543,0.935791
3403819617,0.199951,0.108887,0.968994
3403824617,0.209473,0.138428,1.016113
3403829617,0.189697,0.265381,1.156494
3403834617,0.153564,0.271973,0.98877
3403839617,0.163818,0.355469,1.184082
3403844617,0.145508,0.362793,0.991455
3403849617,0.125732,0.355957,1.023193
3403854617,0.113281,0.347168,1.023926
3403859617,0.133545,0.344238,1.014404
3403864617,0.110107,0.367432,1.034424
3403869617,0.152832,0.362061,1.077393
3403874617,0.182129,0.321289,1.026855
3403879617,0.175293,0.312012,1.13623
3403884617,0.169434,0.235107,1.064453
3403889617,0.186523,0.176514,1.014648
3403894617,0.19043,0.166748,0.98999
3403899617,0.169922,0.150879,0.987305
3403904617,0.198242,0.102783,0.936279
3403909617,0.198486,0.079102,0.947021
3403914617,0.196289,0.041504,0.887695
3403919617,0.200928,0.068115,0.867676
3403924617,0.210693,0.099121,0.955078
3403929617,0.192871,0.133545,0.948486
3403934617,0.203125,0.152832,0.991699
3403939617,0.187256,0.160645,0.982422
3403944617,0.178955,0.168213,1.003418
3403949617,0.15918,0.143555,0.996338
3403954617,0.211426,0.22876,0.98877
3403959617,0.164795,0.324219,1.161377
3403964617,0.144531,0.32959,1.068604
3403969617,0.170654,0.283447,0.986084
3403974617,0.151367,0.298828,1.05835
3403979617,0.14209,0.302734,1.025391
3403984617,0.163818,0.324463,1.030029
3403989617,0.047607,0.141602,0.573975
3403994617,0.074951,0.496826,1.426025
3403999617,-0.018311,0.345947,0.740723
3404004617,0.283936,0.241455,1.243408
3404009617,0.187256,0.174561,1.008545
3404014617,0.165771,0.132812,0.861084
3404019617,0.20874,0.199707,1.086914
3404024617,0.212402,0.196777,1.071289
3404029617,0.233154,0.103271,0.948242
3404034617,0.209961,0.130371,0.928467
3404039617,0.210205,0.156738,1.004883
3404044617,0.191406,0.167725,0.991943
3404049617,0.179932,0.169678,0.973389
3404054617,0.17749,0.220215,0.995361
3404059617,0.18457,0.30249,1.054199
3404064617,0.165039,0.33252,1.071045
3404069617,0.163574,0.286621,1.026123
3404074617,0.172852,0.273193,1.048828
3404079617,0.166504,0.252197,1.012207
3404084617,0.170898,0.245117,1.069092
3404089617,0.168457,0.259033,1.077148
3404094617,0.135254,0.249512,1.042236
3404099617,0.202881,0.22998,1.038574
3404104617,0.217285,0.132812,0.962646
3404109617,0.183105,0.10791,0.985107
3404114617,0.169678,0.158691,0.925293
3404119617,0.193359,0.157227,0.938721
3404124617,0.156494,0.16626,0.978516
3404129617,0.165039,0.200928,0.942139
3404134617,0.168213,0.186279,0.944336
3404139617,0.166992,0.214355,0.971924
3404144617,0.450195,0.069336,1.787109
3404149617,-0.064941,0.205811,0.490967
3404154617,0.218262,0.30542,0.999268
3404159617,0.088623,0.450195,1.095459
3404164617,0.212891,0.389648,1.228516
3404169617,0.130615,0.098389,0.827637
3404174617,0.187988,0.241211,1.104248
3404179617,0.219727,0.303711,1.008057
3404184617,0.164307,0.273682,1.059814
3404189617,0.183105,0.210449,1.000732
3404194617,0.178955,0.260498,1.011963
3404199617,0.163086,0.262939,0.991455
3404204617,0.140625,0.228027,1.012695
3404209617,0.151367,0.149414,0.974365
3404214617,0.169189,0.188721,0.994141
3404219617,0.173584,0.236816,1.021729
3404224617,0.17334,0.244873,1.020264
3404229617,0.168701,0.203613,1.008057
3404234617,0.179932,0.17334,0.996094
3404239617,0.185547,0.185059,1.006592
3404244617,0.181641,0.184082,1.003906
3404249617,0.169189,0.204346,1.005371
3404254617,0.156982,0.260742,1.029053
3404259617,0.173828,0.277588,1.015625
3404264617,0.156494,0.269287,1.013672
3404269617,0.162354,0.242187,1.006104
3404274617,0.170654,0.22998,1.009766
3404279617,0.15918,0.252197,1.021973
3404284617,0.145752,0.274414,1.020996
3404289617,0.151855,0.288574,1.02002
3404294617,0.162842,0.265869,1.021729
3404299617,0.171143,0.223633,1.010498
3404304617,0.170166,0.195312,1.010986
3404309617,0.177734,0.194092,1.01416
3404314617,0.171387,0.21582,1.017578
3404319617,0.162354,0.231934,1.019775
3404324617,0.165771,0.237061,1.003418
3404329617,0.162109,0.231689,0.9729
3404334617,0.18457,0.224365,1.026855
3404339617,0.185791,0.206787,1.008301
3404344617,0.18335,0.2146,1.010498
3404349617,0.176758,0.215576,1.011963
3404354617,0.177002,0.228271,1.013672
3404359617,0.174561,0.222656,1.013428
3404364617,0.176025,0.211914,1.003662
3404369617,0.182129,0.202637,1.002197
3404374617,0.175049,0.197266,1.009766
3404379617,0.170654,0.207275,1.000977
3404384617,0.173584,0.2229,0.999756
3404389617,0.170166,0.240479,1.023438
3404394617,0.159424,0.251465,1.022705
3404399617,0.160645,0.254883,1.015381
3404404617,0.162109,0.251221,1.017822
3404409617,0.165039,0.24707,1.020996
3404414617,0.164551,0.250732,1.017578
3404419617,0.156738,0.269775,1.018799
3404424617,0.161133,0.267822,1.019287
3404429617,0.160889,0.259033,1.02832
3404434617,0.17749,0.231689,1.012939
3404439617,0.176758,0.202881,1.019287
3404444617,0.18335,0.183594,0.996338
3404449617,0.18042,0.182617,0.998047
3404454617,0.177734,0.190674,1.009277
3404459617,0.178711,0.189941,0.995605
3404464617,0.181152,0.184326,0.996094
3404469617,0.172363,0.179199,0.989502
3404474617,0.180176,0.188721,0.992187
3404479617,0.172852,0.199219,1.0
3404484617,0.164551,0.219971,1.01123
3404489617,0.16626,0.246582,1.022949
3404494617,0.167236,0.259277,1.020752
3404499617,0.16333,0.251221,1.019775
3404504617,0.164795,0.253906,1.022705
3404509617,0.169922,0.24585,1.017822
3404514617,0.17041,0.247314,1.019531
3404519617,0.166016,0.249268,1.027344
3404524617,0.169434,0.245605,1.016846
3404529617,0.169434,0.231934,1.015381
3404534617,0.173584,0.214111,1.008545
3404539617,0.174316,0.198975,1.005371
3404544617,0.176025,0.196289,1.000977
3404549617,0.18042,0.188721,1.000488
3404554617,0.179932,0.198242,0.998779
3404559617,0.174805,0.197754,0.999512
3404564617,0.181396,0.208008,1.030762
3404569617,0.175293,0.204102,0.997803
3404574617,0.185547,0.204346,1.015625
3404579617,0.179932,0.20874,1.02124
3404584617,0.177002,0.219482,1.013184
3404589617,0.16748,0.232666,1.026123
3404594617,0.169189,0.243652,1.023193
3404599617,0.166504,0.247803,1.032959
3404604617,0.166016,0.246094,1.022705
3404609617,0.16748,0.239502,1.020264
3404614617,0.164551,0.239258,1.017334
3404619617,0.165771,0.236572,1.015137
3404624617,0.16748,0.241943,1.022705
3404629617,0.172607,0.232666,1.020996
3404634617,0.17334,0.222412,1.010986
3404639617,0.177002,0.212158,1.009277
3404644617,0.174072,0.205322,1.008057
3404649617,0.176025,0.201904,1.00708
3404654617,0.175293,0.209717,0.998779
3404659617,0.174805,0.209473,1.003662
3404664617,0.172852,0.210449,1.009521
3404669617,0.172852,0.209961,1.01001
3404674617,0.178467,0.216553,1.010742
3404679617,0.172363,0.22168,1.010742
3404684617,0.17041,0.223877,1.010986
3404689617,0.17041,0.227783,1.016602
3404694617,0.171387,0.239746,1.019287
3404699617,0.166992,0.238037,1.015137
3404704617,0.169434,0.236816,1.018311
3404709617,0.170654,0.234375,1.019287
3404714617,0.172363,0.233887,1.017822
3404719617,0.169434,0.226074,1.019531
3404724617,0.170654,0.226074,1.014893
3404729617,0.17041,0.223633,1.015869
3404734617,0.173584,0.223877,1.010742
3404739617,0.171387,0.212891,1.010254
3404744617,0.171875,0.209473,1.008545
3404749617,0.178223,0.210693,1.000244
3404754617,0.175293,0.212646,1.010254
3404759617,0.170898,0.2146,1.004883
3404764617,0.17334,0.216797,1.009521
3404769617,0.177002,0.224121,1.008789
3404774617,0.170654,0.218018,1.013184
3404779617,0.171387,0.220215,1.020264
3404784617,0.168213,0.223633,1.017334
3404789617,0.167236,0.23291,1.018799
3404794617,0.171631,0.229736,1.020996
3404799617,0.169434,0.233398,1.015137
3404804617,0.170654,0.229004,1.014893
3404809617,0.170898,0.231689,1.014648
3404814617,0.171387,0.224609,1.009521
3404819617,0.173828,0.219482,1.012939
3404824617,0.175781,0.217773,1.008301
3404829617,0.17334,0.218994,1.008789
3404834617,0.176514,0.218262,1.007813
3404839617,0.172607,0.218262,1.014893
3404844617,0.174072,0.214844,1.012939
3404849617,0.17749,0.215088,1.01123
3404854617,0.174805,0.216309,1.013672
3404859617,0.171143,0.216064,1.013184
3404864617,0.171387,0.226318,1.014404
3404869617,0.171387,0.225586,1.010742
3404874617,0.175049,0.228027,1.010742
3404879617,0.173584,0.224609,1.003418
3404884617,0.17041,0.22583,1.010986
3404889617,0.173828,0.229736,1.004883
3404894617,0.175049,0.227783,1.024414
3404899617,0.173096,0.223877,1.01123
3404904617,0.169922,0.2229,1.018311
3404909617,0.171387,0.22168,1.008545
3404914617,0.169678,0.2229,1.007813
3404919617,0.17041,0.220703,1.004639
3404924617,0.171143,0.219971,1.014648
3404929617,0.17041,0.220459,1.016602
3404934617,0.174316,0.218262,1.012207
3404939617,0.172119,0.220215,1.008789
3404944617,0.172852,0.21875,1.013672
3404949617,0.17041,0.217773,1.012695
3404954617,0.171631,0.220215,1.011475
3404959617,0.174316,0.22583,1.010986
3404964617,0.174561,0.224609,1.01123
3404969617,0.174316,0.225342,1.012451
3404974617,0.169922,0.224609,1.016357
3404979617,0.171875,0.221436,1.012451
3404984617,0.17041,0.224854,1.015869
3404989617,0.170166,0.226562,1.012207
3404994617,0.167969,0.223877,1.018799
3404999617,0.173828,0.226074,1.023438
3405004617,0.172607,0.225342,1.010498
3405009617,0.170166,0.225342,1.016602
3405014617,0.16626,0.221924,1.013428
3405019617,0.176025,0.217529,1.01123
3405024617,0.177246,0.221924,1.008057
3405029617,0.171631,0.222168,1.016846
3405034617,0.173584,0.226807,1.008789
3405039617,0.174805,0.221191,1.013916
3405044617,0.17041,0.223633,1.01001
3405049617,0.172852,0.220459,1.006836
3405054617,0.172363,0.222412,1.009277
3405059617,0.180176,0.223145,1.013184
3405064617,0.174561,0.223389,1.007324
3405069617,0.168457,0.222412,1.01123
3405074617,0.167725,0.219482,1.010254
3405079617,0.168701,0.223633,1.007324
3405084617,0.168213,0.224609,1.005371
3405089617,0.168457,0.224854,1.012451
3405094617,0.169922,0.22876,1.008057
3405099617,0.171143,0.221924,1.015137
3405104617,0.17334,0.227051,1.010254
3405109617,0.175537,0.225586,1.013916
3405114617,0.174561,0.226562,1.015869
3405119617,0.176025,0.22583,1.00415
3405124617,0.176514,0.221191,1.010742
3405129617,0.176025,0.221436,1.005371
3405134617,0.174316,0.21875,1.020508
3405139617,0.174561,0.219971,1.010742
3405144617,0.171387,0.222168,1.008789
3405149617,0.169434,0.216553,1.014648
3405154617,0.173828,0.224854,1.010986
3405159617,0.163818,0.221191,1.0
3405164617,0.168213,0.219482,1.009277
3405169617,0.172119,0.224365,1.019043
3405174617,0.166016,0.224854,1.013184
3405179617,0.175293,0.227295,1.006348
3405184617,0.172119,0.221924,1.010742
3405189617,0.173828,0.2229,1.009277
3405194617,0.17334,0.223389,1.009033
3405199617,0.172852,0.221924,1.00708
3405204617,0.172119,0.225586,1.018311
3405209617,0.171875,0.220459,1.012939
3405214617,0.174805,0.222168,1.010986
3405219617,0.172607,0.224121,1.016113
3405224617,0.167725,0.221191,1.01001
3405229617,0.173096,0.217041,1.005859
3405234617,0.169434,0.220947,1.010254
3405239617,0.169678,0.223389,1.010986
3405244617,0.170898,0.223633,1.012695
3405249617,0.171387,0.225342,1.016357
3405254617,0.172119,0.219482,1.018311
3405259617,0.171631,0.236572,1.016846
3405264617,0.170898,0.224854,1.01001
3405269617,0.175537,0.222656,1.010742
3405274617,0.175049,0.221436,1.010742
3405279617,0.174561,0.224854,1.013916
3405284617,0.180176,0.221436,1.01416
3405289617,0.176514,0.223389,1.013672
3405294617,0.169434,0.221191,1.009521
3405299617,0.17041,0.228516,1.016357
3405304617,0.167725,0.221436,1.012695
3405309617,0.174316,0.225586,1.00708
3405314617,0.171143,0.223389,1.003662
3405319617,0.172607,0.224609,1.012451
3405324617,0.171387,0.221191,1.013672
3405329617,0.172607,0.22168,1.018311
3405334617,0.174561,0.223389,1.007813
3405339617,0.171387,0.221191,1.017334
3405344617,0.170166,0.220703,1.021973
3405349617,0.170166,0.223389,1.012695
3405354617,0.17041,0.226562,1.011475
3405359617,0.17041,0.222656,1.003418
3405364617,0.170654,0.222412,1.009033
3405369617,0.171143,0.223389,1.009277
3405374617,0.173584,0.219971,1.008789
3405379617,0.171875,0.221924,1.006348
3405384617,0.174072,0.218994,1.013184
3405389617,0.175049,0.220459,1.017334
3405394617,0.172852,0.224854,1.005615
3405399617,0.168945,0.226074,1.013672
3405404617,0.170654,0.223145,1.014404
3405409617,0.172607,0.22583,1.010742
3405414617,0.168701,0.224365,1.009766
3405419617,0.169189,0.222168,1.014648
3405424617,0.168213,0.224854,1.007324
3405429617,0.175537,0.218506,1.01416
3405434617,0.169189,0.22876,1.009521
3405439617,0.171631,0.222656,1.006836
3405444617,0.170898,0.2229,1.013916
3405449617,0.171875,0.2229,1.001953
3405454617,0.171387,0.2229,1.01123
3405459617,0.174316,0.220215,1.010742
3405464617,0.172119,0.22583,1.01123
3405469617,0.170654,0.223389,1.01416
3405474617,0.168457,0.2229,1.014404
3405479617,0.175293,0.222412,1.012695
3405484617,0.169434,0.227295,1.008301
3405489617,0.169678,0.222412,1.013672
3405494617,0.171387,0.223633,1.01123
3405499617,0.171631,0.216797,1.008545
3405504617,0.174072,0.221191,1.013672
3405509617,0.16626,0.221436,1.009277
3405514617,0.172363,0.222412,1.015137
3405519617,0.168213,0.220703,1.012695
3405524617,0.171143,0.219971,1.008545
3405529617,0.170898,0.224854,1.017334
3405534617,0.169189,0.223389,1.010986
3405539617,0.171143,0.222656,1.011719
3405544617,0.173584,0.220215,1.007813
3405549617,0.17334,0.225098,1.018066
3405554617,0.175049,0.224854,1.015137
3405559617,0.171387,0.223633,1.008301
3405564617,0.172363,0.220215,1.008057
3405569617,0.180664,0.218506,1.015137
3405574617,0.173584,0.221924,1.007324
3405579617,0.17334,0.222412,1.010254
3405584617,0.169678,0.223389,1.009521
3405589617,0.170654,0.224609,1.014404
3405594617,0.173096,0.230225,1.009521
3405599617,0.172363,0.2229,1.018066
3405604617,0.170166,0.226562,1.011719
3405609617,0.16748,0.22583,1.006348
3405614617,0.178223,0.222168,1.01123
3405619617,0.172119,0.22168,1.008057
3405624617,0.175293,0.220947,1.017578
3405629617,0.172119,0.222168,1.010498
3405634617,0.170166,0.2229,1.018799
3405639617,0.170898,0.22168,1.005859
3405644617,0.168945,0.2229,1.016602
3405649617,0.177246,0.225098,1.012939
3405654617,0.174072,0.22168,1.015381
3405659617,0.169678,0.224365,1.009033
3405664617,0.168213,0.220947,1.008545
3405669617,0.169189,0.224609,1.01123
3405674617,0.17041,0.225098,1.014404
3405679617,0.171631,0.225342,1.010498
3405684617,0.167725,0.224854,1.007568
3405689617,0.174561,0.221436,1.018311
3405694617,0.174805,0.219971,1.013428
3405699617,0.172363,0.231934,1.017822
3405704617,0.16748,0.224609,1.007813
3405709617,0.171875,0.223389,1.019043
3405714617,0.17041,0.223877,1.01416
3405719617,0.169922,0.221191,1.013672
3405724617,0.171143,0.222656,1.009521
3405729617,0.173584,0.224854,1.007568
3405734617,0.168945,0.221436,1.00708
3405739617,0.169922,0.220703,1.022217
3405744617,0.174561,0.221924,1.005127
3405749617,0.168701,0.217529,1.010986
3405754617,0.16748,0.218994,1.010986
3405759617,0.166992,0.220947,1.020752
3405764617,0.172119,0.221924,1.013428
3405769617,0.171143,0.223389,1.015381
3405774617,0.174072,0.223389,1.010254
3405779617,0.174316,0.222656,1.016846
3405784617,0.173828,0.219971,1.019287
3405789617,0.174072,0.218018,1.013916
3405794617,0.169922,0.223633,1.009521
3405799617,0.172852,0.222656,1.01416
3405804617,0.171875,0.224121,1.012939
3405809617,0.169189,0.219482,1.010986
3405814617,0.170166,0.219971,1.010254
3405819617,0.172852,0.226318,1.005127
3405824617,0.168457,0.222412,1.010498
3405829617,0.166504,0.223145,1.006104
3405834617,0.171875,0.226562,1.008545
3405839617,0.172852,0.227783,1.013428
3405844617,0.177246,0.22583,1.016113
3405849617,0.171143,0.228027,1.010254
3405854617,0.172363,0.224854,1.013916
3405859617,0.171143,0.222168,1.011719
3405864617,0.17041,0.222656,1.015381
3405869617,0.167969,0.222656,1.006348
3405874617,0.171143,0.223389,1.013428
3405879617,0.169189,0.22168,1.012451
3405884617,0.16626,0.224854,1.011719
3405889617,0.171631,0.223145,1.015625
3405894617,0.171143,0.227295,1.011963
3405899617,0.174561,0.2229,1.014404
3405904617,0.170654,0.228027,1.016357
3405909617,0.171875,0.223633,1.014404
3405914617,0.17041,0.224854,1.01416
3405919617,0.172363,0.225586,1.010498
3405924617,0.172363,0.228271,1.008057
3405929617,0.173584,0.2229,1.006348
3405934617,0.17334,0.2229,1.014404
3405939617,0.174072,0.226318,1.012451
3405944617,0.173096,0.222656,1.010742
3405949617,0.171631,0.221924,1.015625
3405954617,0.170654,0.220947,1.006348
3405959617,0.174072,0.21875,1.008057
3405964617,0.171387,0.229004,1.010498
3405969617,0.173584,0.221924,1.01123
3405974617,0.174316,0.224365,1.012939
3405979617,0.170654,0.226318,1.01416
3405984617,0.172852,0.224121,1.01709
3405989617,0.171387,0.221436,1.011963
3405994617,0.168945,0.22168,1.01001
3405999617,0.171387,0.217773,1.012939
3406004617,0.174072,0.220215,1.01123
3406009617,0.169678,0.220947,1.011963
3406014617,0.171875,0.216553,1.015869
3406019617,0.169434,0.218018,1.010254
3406024617,0.169678,0.21875,1.007568
3406029617,0.174805,0.219482,1.010498
3406034617,0.172119,0.223877,1.016113
3406039617,0.169189,0.221436,1.017822
3406044617,0.174316,0.223389,1.013672
3406049617,0.166992,0.226562,1.013184
3406054617,0.167725,0.226807,1.010986
3406059617,0.170166,0.226807,1.009277
3406064617,0.166504,0.222412,1.010986
3406069617,0.168945,0.223389,1.009277
3406074617,0.169922,0.227051,1.007568
3406079617,0.173828,0.226074,1.012451
3406084617,0.176025,0.226074,1.005127
3406089617,0.168213,0.221924,1.009521
3406094617,0.169922,0.22168,1.008789
3406099617,0.174561,0.222656,1.010742
3406104617,0.171143,0.227295,1.005371
3406109617,0.17627,0.223633,1.015381
3406114617,0.173584,0.227539,1.009521
3406119617,0.171387,0.225586,1.011963
3406124617,0.168457,0.224365,1.007568
3406129617,0.169434,0.222412,1.015869
3406134617,0.167236,0.2229,1.01123
3406139617,0.169189,0.219971,1.010254
3406144617,0.172363,0.220459,1.013184
3406149617,0.168701,0.219727,1.017578
3406154617,0.169922,0.223633,1.013916
3406159617,0.173584,0.219971,1.003906
3406164617,0.172363,0.220947,1.015625
3406169617,0.171387,0.223633,1.011719
3406174617,0.172607,0.219482,1.007813
3406179617,0.175293,0.218262,1.010986
3406184617,0.175781,0.221191,1.012695
3406189617,0.173828,0.222656,1.014648
3406194617,0.17334,0.222656,1.016113
3406199617,0.17334,0.223633,1.016602
3406204617,0.172607,0.218506,1.010742
3406209617,0.168213,0.221924,1.010254
3406214617,0.172852,0.220215,1.008301
3406219617,0.17041,0.220215,1.006104
3406224617,0.169434,0.222412,1.013672
3406229617,0.172852,0.221924,1.011963
3406234617,0.168701,0.223877,1.010742
3406239617,0.17334,0.223145,1.006836
3406244617,0.175293,0.223633,1.009521
3406249617,0.173096,0.223633,1.00415
3406254617,0.166992,0.21875,1.011963
3406259617,0.170654,0.225342,1.011475
3406264617,0.171631,0.225342,1.012207
3406269617,0.171387,0.224365,1.019775
3406274617,0.17334,0.224609,1.015625
3406279617,0.169678,0.225586,1.010498
3406284617,0.166504,0.220459,1.013184
3406289617,0.174072,0.220215,1.012451
3406294617,0.172119,0.222656,1.015137
3406299617,0.166748,0.22168,1.012451
3406304617,0.172852,0.223633,1.003174
3406309617,0.170898,0.220215,1.000488
3406314617,0.172363,0.224121,1.01001
3406319617,0.171631,0.224854,1.013916
3406324617,0.17334,0.221436,1.013672
3406329617,0.174072,0.227539,1.011963
3406334617,0.174072,0.224854,1.010986
3406339617,0.175293,0.223145,1.011475
3406344617,0.172363,0.223145,1.016846
3406349617,0.175049,0.226318,1.010254
3406354617,0.171387,0.228027,1.012451
3406359617,0.172607,0.220947,1.016357
3406364617,0.175293,0.21875,1.008789
3406369617,0.174072,0.21875,1.01123
3406374617,0.172119,0.21875,1.012451
3406379617,0.172363,0.224121,1.019775
3406384617,0.17041,0.223633,1.016846
3406389617,0.166992,0.223877,1.010498
3406394617,0.169189,0.229004,1.014893
3406399617,0.174561,0.225098,1.003174
3406404617,0.174072,0.222412,1.003906
3406409617,0.17627,0.223145,1.0271
3406414617,0.174316,0.22168,1.011963
3406419617,0.169434,0.226562,1.00708
3406424617,0.171143,0.222656,1.025391
3406429617,0.162842,0.223877,1.008301
3406434617,0.168457,0.224121,1.01001
3406439617,0.175293,0.224365,1.008545
3406444617,0.177979,0.213623,1.000732
3406449617,0.172607,0.219482,1.005127
3406454617,0.177246,0.216553,1.010986
3406459617,0.17041,0.217285,1.017334
3406464617,0.168945,0.225586,1.01416
3406469617,0.171387,0.225098,1.017334
3406474617,0.172363,0.224609,1.003174
3406479617,0.174561,0.222412,1.004883
3406484617,0.176514,0.224121,1.019043
3406489617,0.174805,0.221924,1.010498
3406494617,0.173828,0.230713,1.01416
3406499617,0.174805,0.227539,1.016113
3406504617,0.174316,0.230225,1.00415
3406509617,0.174561,0.225098,1.007813
3406514617,0.17334,0.228027,1.010254
3406519617,0.174805,0.225098,1.007324
3406524617,0.17334,0.220703,1.006348
3406529617,0.171875,0.221924,1.002686
3406534617,0.174072,0.220703,1.017822
3406539617,0.169678,0.220947,1.017334
3406544617,0.165771,0.221924,1.007813
3406549617,0.172363,0.224609,1.018555
3406554617,0.167969,0.2229,1.016357
3406559617,0.166504,0.224365,1.009766
3406564617,0.166016,0.222412,1.013916
3406569617,0.177734,0.223145,1.013672
3406574617,0.180176,0.226074,1.017822
3406579617,0.178467,0.230225,1.017578
3406584617,0.173096,0.221924,1.011719
3406589617,0.17334,0.226318,1.006836
3406594617,0.175049,0.221191,1.008789
3406599617,0.175049,0.222412,1.003418
3406604617,0.165527,0.221191,1.01123
3406609617,0.169434,0.219727,1.016357
3406614617,0.171875,0.221191,1.015381
3406619617,0.169922,0.220215,1.011963
3406624617,0.169434,0.219482,1.01416
3406629617,0.170166,0.219238,1.018555
3406634617,0.171631,0.220459,1.008545
3406639617,0.169678,0.225098,1.012207
3406644617,0.172363,0.222412,1.008789
3406649617,0.170654,0.223389,1.015869
3406654617,0.173096,0.225586,1.010742
3406659617,0.172363,0.224121,1.01001
3406664617,0.178467,0.224609,1.005615
3406669617,0.177979,0.220947,1.013184
3406674617,0.17749,0.22168,1.008301
3406679617,0.170898,0.222168,1.008301
3406684617,0.17627,0.222656,1.015381
3406689617,0.172119,0.220947,1.013184
3406694617,0.169678,0.226318,1.02124
3406699617,0.171631,0.222412,1.008301
3406704617,0.170898,0.225098,1.011719
3406709617,0.173096,0.219482,1.013916
3406714617,0.169189,0.223389,1.017578
3406719617,0.169189,0.227539,1.014404
3406724617,0.170166,0.223633,1.014893
3406729617,0.170654,0.227783,1.013672
3406734617,0.170898,0.229248,1.00415
3406739617,0.168701,0.225586,1.006592
3406744617,0.174316,0.22583,1.012207
3406749617,0.175537,0.226074,1.015625
3406754617,0.175293,0.225586,1.012207
3406759617,0.174072,0.221924,1.013428
3406764617,0.172607,0.221191,1.011719
3406769617,0.169922,0.219238,1.013184
3406774617,0.173584,0.218262,1.007568
3406779617,0.173096,0.218506,1.012695
3406784617,0.173828,0.21875,1.010742
3406789617,0.174805,0.218506,1.012207
3406794617,0.169189,0.226318,1.007568
3406799617,0.171387,0.224609,1.010254
3406804617,0.172119,0.224854,1.012207
3406809617,0.168457,0.225342,1.01416
3406814617,0.172852,0.224121,1.012207
3406819617,0.169922,0.226318,1.012939
3406824617,0.171387,0.230469,1.010254
3406829617,0.168945,0.228271,1.004883
3406834617,0.17627,0.223145,1.013916
3406839617,0.171631,0.219482,1.018066
3406844617,0.171143,0.222656,1.016602
3406849617,0.174805,0.217285,1.006836
3406854617,0.171143,0.214355,1.008301
3406859617,0.169678,0.218506,1.011963
3406864617,0.172607,0.215332,1.011963
3406869617,0.175049,0.217529,1.008789
3406874617,0.17041,0.218994,1.005859
3406879617,0.171387,0.218018,1.004395
3406884617,0.175537,0.222412,1.006104
3406889617,0.17627,0.223145,1.010742
3406894617,0.171875,0.22583,1.016602
3406899617,0.172852,0.223145,1.018066
3406904617,0.174561,0.22876,1.01709
3406909617,0.175537,0.224854,1.01416
3406914617,0.172607,0.228516,1.009521
3406919617,0.169678,0.229248,1.014893
3406924617,0.172607,0.225586,1.013672
3406929617,0.170654,0.225586,1.006592
3406934617,0.173584,0.222656,1.005859
3406939617,0.16626,0.221436,1.01123
3406944617,0.170166,0.221924,1.011963
3406949617,0.171387,0.2229,1.016113
3406954617,0.173828,0.223633,1.011719
3406959617,0.172119,0.223633,1.012207
3406964617,0.172852,0.224854,1.010498
3406969617,0.168945,0.222168,1.010498
3406974617,0.172363,0.224365,1.006592
3406979617,0.172119,0.223877,1.009033
3406984617,0.171143,0.224609,1.012451
3406989617,0.170898,0.225586,1.010986
3406994617,0.167969,0.225342,1.013184
3406999617,0.170654,0.225098,1.018311
3407004617,0.169434,0.228271,1.013428
3407009617,0.168457,0.226318,1.015137
3407014617,0.173096,0.220459,1.010498
3407019617,0.169678,0.221191,1.01416
3407024617,0.166748,0.221191,1.007568
3407029617,0.170898,0.218018,1.007813
3407034617,0.171875,0.224365,1.011475
3407039617,0.174072,0.217285,1.004395
3407044617,0.17041,0.220459,1.012207
3407049617,0.174316,0.220215,1.016602
3407054617,0.168701,0.223145,1.01123
3407059617,0.17041,0.220459,1.008301
3407064617,0.173828,0.223145,1.01001
3407069617,0.171387,0.222412,1.015625
3407074617,0.172119,0.226074,1.007568
3407079617,0.17334,0.223877,1.019775
3407084617,0.171875,0.224365,1.013428
3407089617,0.172607,0.219482,1.008545
3407094617,0.173584,0.219971,1.010742
3407099617,0.173828,0.221191,1.009766
3407104617,0.172607,0.226562,1.009521
3407109617,0.172607,0.222168,1.01001
3407114617,0.174805,0.229248,1.016846
3407119617,0.171631,0.224365,1.008057
3407124617,0.172852,0.221924,1.014404
3407129617,0.179443,0.222168,1.012451
3407134617,0.171875,0.217285,1.011475
3407139617,0.173828,0.224609,1.015381
3407144617,0.169678,0.226807,1.015869
3407149617,0.172363,0.224854,1.011963
3407154617,0.171875,0.222168,1.006348
3407159617,0.168701,0.2229,1.009766
3407164617,0.175049,0.219971,1.009277
3407169617,0.171387,0.225098,1.006104
3407174617,0.171143,0.221436,1.00708
3407179617,0.171631,0.224609,1.01123
3407184617,0.17334,0.2229,1.007568
3407189617,0.169922,0.226807,1.011475
3407194617,0.172852,0.226074,1.013672
3407199617,0.168213,0.225342,1.013916
3407204617,0.172363,0.226318,1.012695
3407209617,0.174561,0.225342,1.017334
3407214617,0.169678,0.222168,1.013916
3407219617,0.172363,0.225342,1.009033
3407224617,0.178711,0.221191,1.013672
3407229617,0.171875,0.218506,1.013428
3407234617,0.172607,0.220215,1.006836
3407239617,0.177979,0.222656,1.010498
3407244617,0.173096,0.223633,1.013916
3407249617,0.169189,0.221436,1.009521
3407254617,0.166748,0.223145,1.01709
3407259617,0.17041,0.220459,1.013916
3407264617,0.166748,0.224121,1.021729
3407269617,0.171631,0.222656,1.015137
3407274617,0.170898,0.223145,1.013428
3407279617,0.172607,0.220459,1.013916
3407284617,0.167236,0.225342,1.016846
3407289617,0.171143,0.222656,1.016602
3407294617,0.172363,0.217041,1.01123
3407299617,0.167236,0.226562,1.00415
3407304617,0.171387,0.219971,1.007324
3407309617,0.173828,0.218994,1.008789
3407314617,0.172119,0.220459,1.008545
3407319617,0.17334,0.227539,1.016602
3407324617,0.174316,0.224121,1.005127
3407329617,0.17041,0.22583,1.010742
3407334617,0.175537,0.227539,1.015869
3407339617,0.17041,0.223633,1.011963
3407344617,0.172607,0.230469,1.007324
3407349617,0.168213,0.22168,1.008301
3407354617,0.16748,0.226074,1.010986
3407359617,0.17627,0.225098,1.012939
3407364617,0.169434,0.223633,1.008301
3407369617,0.17041,0.223145,1.012939
3407374617,0.170898,0.2229,1.009521
3407379617,0.560303,-1.364746,-2.0
3407384617,-1.599609,1.999939,-2.0
3407389617,-1.03125,1.999939,-1.711426
3407394617,-0.576904,1.999939,-0.733398
3407399617,-0.126953,0.372314,1.541504
3407404617,-0.75293,-0.058838,1.999939
3407409617,-1.189209,1.999939,1.060791
3407414617,-0.672363,0.71875,-1.789307
3407419617,0.187744,0.324707,1.032959
3407424617,0.215332,0.307373,1.037598
3407429617,0.155762,0.198486,1.059326
3407434617,0.200928,0.189697,1.127686
3407439617,0.192139,0.286377,1.158203
3407444617,0.166748,0.311523,1.164795
3407449617,0.161621,0.219238,1.057617
3407454617,0.187744,0.234863,0.965576
3407459617,0.176758,0.213867,1.093262
3407464617,0.204102,0.223633,1.131104
3407469617,0.159912,0.195312,0.963135
3407474617,0.203613,0.236572,1.072021
3407479617,0.12207,0.252197,0.980469
3407484617,0.122559,0.249023,0.923584
3407489617,0.171143,0.237793,0.973633
3407494617,0.181641,0.173828,1.02124
3407499617,0.100586,0.162109,0.875244
3407504617,0.190918,0.196533,0.98291
3407509617,0.502686,-0.096924,1.12915
3407514617,-0.097168,0.242432,1.180176
3407519617,0.104736,0.219971,1.085938
3407524617,0.067383,0.229004,1.038818
3407529617,0.141602,0.433838,1.262207
3407534617,0.276611,0.266846,1.218506
3407539617,0.243408,0.275879,1.100342
3407544617,-0.041016,0.259277,0.911377
3407549617,0.320068,-0.057617,1.612549
3407554617,-0.972656,1.506592,1.751709
3407559617,-0.72168,0.326172,0.920898
3407564617,0.313721,0.202393,1.548828
3407569617,-0.362793,0.567871,0.187012
3407574617,-0.111328,1.276855,0.750977
3407579617,0.23877,0.159912,0.654785
3407584617,0.168213,0.298584,1.106689
3407589617,0.084961,0.335693,1.023926
3407594617,0.327393,0.258545,1.178711
3407599617,0.109619,0.182617,1.015137
3407604617,0.303711,0.19751,0.77832
3407609617,0.168457,0.213135,0.844727
3407614617,0.038574,0.236328,0.966553
3407619617,0.143066,0.229004,0.982422
3407624617,0.244873,0.233154,1.10376
3407629617,0.171143,0.255859,1.101318
3407634617,0.139648,0.188721,1.048584
3407639617,0.225586,0.185059,1.029053
3407644617,0.185791,0.227051,0.927734
3407649617,0.097168,0.192383,0.727051
3407654617,0.231201,0.226562,1.044434
3407659617,0.203613,0.23584,1.051514
3407664617,0.128174,0.192139,1.003662
3407669617,0.226318,0.203613,1.105225
3407674617,0.214844,0.255371,1.041504
3407679617,0.103027,0.233643,0.964111
3407684617,0.179687,0.259033,1.048828
3407689617,0.155762,0.260254,0.977295
3407694617,0.128662,0.220947,1.013916
3407699617,0.241699,0.219482,1.097412
3407704617,0.18042,0.235107,0.973389
3407709617,0.110107,0.208008,0.948242
3407714617,0.169922,0.226807,1.06665
3407719617,0.154297,0.243896,0.96167
3407724617,0.123535,0.216309,0.949951
3407729617,0.209717,0.212402,1.07373
3407734617,0.217285,0.203857,1.0
3407739617,0.112549,0.206299,0.991699
3407744617,0.20166,0.213135,1.057373
3407749617,0.166504,0.234619,0.974609
3407754617,0.123779,0.224121,0.983398
3407759617,0.249023,0.240234,1.120361
3407764617,0.183594,0.225342,0.975342
3407769617,0.131104,0.218018,1.005615
3407774617,0.227295,0.223389,1.095459
3407779617,0.151367,0.23999,0.962158
3407784617,0.13208,0.221191,0.988281
3407789617,0.222656,0.239746,1.091309
3407794617,0.12915,0.221191,0.932617
3407799617,0.133301,0.202393,0.96582
3407804617,0.25,0.201416,1.106201
3407809617,0.178223,0.216797,0.977783
3407814617,0.100098,0.212402,0.973877
3407819617,0.207764,0.236328,1.091553
3407824617,0.18457,0.237061,0.976074
3407829617,0.133545,0.21167,0.970459
3407834617,0.213379,0.208984,1.054932
3407839617,0.176025,0.230957,0.971436
3407844617,0.11084,0.220215,0.938965
3407849617,0.219238,0.232422,1.089355
3407854617,0.197998,0.246338,1.038086
3407859617,0.140381,0.237793,0.980957
3407864617,0.170166,0.223633,1.040771
3407869617,0.196045,0.226318,1.021973
3407874617,0.128662,0.216553,0.964355
3407879617,0.167969,0.214844,1.026123
3407884617,0.20459,0.232666,1.04248
3407889617,0.138672,0.234619,0.990723
3407894617,0.163818,0.222168,1.029541
3407899617,0.197021,0.220947,1.030762
3407904617,0.153076,0.212646,0.977051
3407909617,0.165039,0.211182,1.007324
3407914617,0.191406,0.230225,1.023682
3407919617,0.154785,0.232422,0.996582
3407924617,0.165283,0.227051,1.02124
3407929617,0.193848,0.232666,1.032959
3407934617,0.159668,0.223877,0.999512
3407939617,0.170654,0.221191,1.011963
3407944617,0.184814,0.227051,1.026855
3407949617,0.149414,0.226074,0.988525
3407954617,0.161865,0.228027,1.02002
3407959617,0.186279,0.233887,1.033203
3407964617,0.154053,0.223145,0.995605
3407969617,0.163086,0.209717,1.016357
3407974617,0.183838,0.21582,1.0271
3407979617,0.158691,0.216553,0.995117
3407984617,0.166504,0.216797,1.01709
3407989617,0.184814,0.226318,1.0271
3407994617,0.155518,0.227783,0.996094
3407999617,0.166992,0.216309,1.015869
3408004617,0.189941,0.21875,1.015869
3408009617,0.165527,0.2229,0.999023
3408014617,0.167725,0.223145,1.023682
3408019617,0.184814,0.230713,1.019775
3408024617,0.157959,0.22998,0.992676
3408029617,0.171631,0.223145,1.020752
3408034617,0.186035,0.219727,1.026123
3408039617,0.164551,0.220215,1.000977
3408044617,0.169678,0.218262,1.02124
3408049617,0.177002,0.231934,1.021729
3408054617,0.154785,0.229248,0.993896
3408059617,0.168457,0.223633,1.015625
3408064617,0.178223,0.228271,1.016357
3408069617,0.159912,0.220947,0.997559
3408074617,0.165771,0.221436,1.01001
3408079617,0.181641,0.229492,1.02002
3408084617,0.164551,0.229248,0.996094
3408089617,0.17334,0.224609,1.018555
3408094617,0.179443,0.232178,1.024414
3408099617,0.159912,0.226807,0.996094
3408104617,0.173584,0.222168,1.013916
3408109617,0.177734,0.225586,1.018066
3408114617,0.162354,0.223633,1.000488
3408119617,0.16748,0.2229,1.025879
3408124617,0.17627,0.22998,1.01709
3408129617,0.157715,0.223877,1.005859
3408134617,0.169189,0.218018,1.019287
3408139617,0.177002,0.223145,1.017822
3408144617,0.162598,0.222168,1.004883
3408149617,0.173096,0.221436,1.016602
3408154617,0.178223,0.230225,1.019043
3408159617,0.177979,0.231445,1.014648
3408164617,0.160645,0.224609,1.00293
3408169617,0.175049,0.225098,1.016846
3408174617,0.176758,0.225342,1.013428
3408179617,0.165283,0.223877,0.999023
3408184617,0.172363,0.22583,1.023438
3408189617,0.176514,0.229248,1.013428
3408194617,0.163818,0.224121,1.008545
3408199617,0.173828,0.219971,1.019287
3408204617,0.175537,0.220703,1.012695
3408209617,0.160889,0.219238,0.996826
3408214617,0.172119,0.219482,1.023193
3408219617,0.173584,0.224854,1.012451
3408224617,0.158691,0.221924,1.008301
3408229617,0.168701,0.226074,1.013184
3408234617,0.173584,0.225098,1.014404
3408239617,0.165039,0.226562,1.006104
3408244617,0.174805,0.226074,1.024414
3408249617,0.17627,0.229248,1.011475
3408254617,0.165527,0.229736,1.005859
3408259617,0.175293,0.228027,1.014648
3408264617,0.171387,0.229004,1.01001
3408269617,0.163574,0.223877,1.009521
3408274617,0.172607,0.22168,1.013184
3408279617,0.170898,0.223877,1.014648
3408284617,0.162842,0.220703,1.007813
3408289617,0.171875,0.216309,1.017334
3408294617,0.166992,0.226074,1.012939
3408299617,0.159912,0.21875,0.994141
3408304617,0.180176,0.226074,1.015381
3408309617,0.174561,0.219727,1.016357
3408314617,0.161133,0.221191,0.996582
3408319617,0.16626,0.219971,1.016113
3408324617,0.178711,0.228027,1.012695
3408329617,0.166992,0.220215,1.000244
3408334617,0.175293,0.214844,1.010498
3408339617,0.177979,0.208008,1.011475
3408344617,0.183105,0.206787,1.00415
3408349617,0.172363,0.221191,1.010742
3408354617,0.176025,0.242187,1.014404
3408359617,0.165771,0.253174,1.031006
3408364617,0.168701,0.236328,1.002441
3408369617,0.15918,0.225098,1.011963
3408374617,0.1604,0.23584,1.016602
3408379617,0.165527,0.233154,1.015869
3408384617,0.160889,0.237549,1.013672
3408389617,0.176758,0.247314,1.007568
3408394617,0.151855,0.201904,1.009521
3408399617,0.165039,0.2229,0.991943
3408404617,0.194336,0.199707,1.026367
3408409617,0.185059,0.208496,1.017334
3408414617,0.164307,0.207031,1.005127
3408419617,0.175537,0.221436,1.010498
3408424617,0.164795,0.223145,1.014893
3408429617,0.170898,0.217773,1.000732
3408434617,0.175537,0.208984,1.010742
3408439617,0.17749,0.223145,1.000488
3408444617,0.167969,0.210205,1.001709
3408449617,0.177979,0.234375,1.010742
3408454617,0.173096,0.233643,1.007813
3408459617,0.154785,0.227783,1.017334
3408464617,0.169434,0.238281,1.015137
3408469617,0.1604,0.241699,1.014893
3408474617,0.146973,0.250244,1.020264
3408479617,0.155762,0.264404,1.029541
3408484617,0.143799,0.251709,1.006104
3408489617,0.158936,0.259521,1.025635
3408494617,0.137451,0.255127,0.993164
3408499617,0.156006,0.264404,0.991455
3408504617,0.155273,0.223145,1.009521
3408509617,0.178955,0.240234,1.011475
3408514617,0.177979,0.212158,1.020508
3408519617,0.175537,0.188721,0.995361
3408524617,0.175537,0.173584,0.993652
3408529617,0.182373,0.171875,0.993164
3408534617,0.168701,0.169678,0.984863
3408539617,0.181152,0.187012,1.014404
3408544617,0.180176,0.185791,1.004395
3408549617,0.177979,0.17627,1.009521
3408554617,0.172363,0.190918,1.01123
3408559617,0.150635,0.240967,1.032959
3408564617,0.144531,0.283691,1.021484
3408569617,0.153564,0.315918,1.013916
3408574617,0.136963,0.312988,1.040527
3408579617,0.149414,0.2854,1.006104
3408584617,0.158691,0.276855,1.012939
3408589617,0.14624,0.276611,1.018799
3408594617,0.173584,0.261963,1.023926
3408599617,0.158936,0.246338,1.023682
3408604617,0.163574,0.265381,1.037598
3408609617,0.171143,0.234619,0.996338
3408614617,0.170166,0.191406,1.01001
3408619617,0.172852,0.18042,0.99707
3408624617,0.169678,0.127441,0.980713
3408629617,0.170898,0.176025,0.96582
3408634617,0.174072,0.174561,0.993408
3408639617,0.177002,0.192383,0.999023
3408644617,0.177979,0.180664,1.000977
3408649617,0.176025,0.177734,1.010498
3408654617,0.178223,0.188965,1.00708
3408659617,0.174316,0.226318,1.015381
3408664617,0.131836,0.212158,1.01416
3408669617,0.139648,0.237549,1.072754
3408674617,0.187256,0.273682,0.998779
3408679617,0.158936,0.287842,0.975342
3408684617,0.162842,0.25415,1.030273
3408689617,0.157227,0.249023,1.027832
3408694617,0.148193,0.25293,1.001709
3408699617,0.141113,0.304199,1.008057
3408704617,0.117432,0.331543,1.057129
3408709617,0.119141,0.335449,1.018066
3408714617,0.139648,0.301025,1.01123
3408719617,0.192139,0.229248,1.033936
3408724617,0.175537,0.180908,1.02124
3408729617,0.166504,0.181641,1.001709
3408734617,0.184814,0.207764,1.007813
3408739617,0.167725,0.209717,1.022217
3408744617,0.183594,0.168457,0.987793
3408749617,0.191406,0.121582,0.978027
3408754617,0.19458,0.12085,0.977539
3408759617,0.190186,0.135742,1.0
3408764617,0.188965,0.175537,1.010986
3408769617,0.158936,0.260254,1.050293
3408774617,0.161621,0.332031,1.030762
3408779617,0.145752,0.299316,1.019775
3408784617,0.121338,0.306641,1.046875
3408789617,0.145752,0.253174,1.008789
3408794617,0.144775,0.262451,1.017334
3408799617,0.139893,0.285889,1.026123
3408804617,0.146729,0.276367,1.019043
3408809617,0.174805,0.252441,1.018555
3408814617,0.179687,0.206055,1.017334
3408819617,0.183594,0.141846,0.980957
3408824617,0.19165,0.127686,0.991943
3408829617,0.189209,0.134766,0.991211
3408834617,0.189453,0.136475,0.976074
3408839617,0.155273,0.253906,1.051025
3408844617,0.163574,0.291504,1.032227
3408849617,0.168213,0.274414,1.023926
3408854617,0.151855,0.260986,1.032715
3408859617,0.17041,0.226074,1.003662
3408864617,0.156494,0.229736,0.999756
3408869617,0.143555,0.27002,1.011475
3408874617,0.148682,0.311768,1.027588
3408879617,0.147949,0.285645,1.010742
3408884617,0.160889,0.240234,1.000488
3408889617,0.184326,0.18335,1.012207
3408894617,0.180664,0.171875,1.014648
3408899617,0.171387,0.193848,1.004395
3408904617,0.163818,0.233154,1.008545
3408909617,0.162842,0.26001,1.014404
3408914617,0.164062,0.238281,1.003906
3408919617,0.17041,0.202881,1.003418
3408924617,0.176025,0.183838,1.00293
3408929617,0.172119,0.209473,1.008057
3408934617,0.155273,0.246094,1.016357
3408939617,0.157715,0.267578,1.00708
3408944617,0.150879,0.286133,1.035645
3408949617,0.170898,0.245361,1.036133
3408954617,0.172607,0.191895,0.998535
3408959617,0.166748,0.195312,1.011719
3408964617,0.170654,0.22168,1.018555
3408969617,0.156982,0.275391,1.02002
3408974617,0.144287,0.269043,0.992432
3408979617,0.149658,0.170898,1.01416
3408984617,0.165283,0.251953,1.04248
3408989617,0.188477,0.188232,0.990967
3408994617,0.157471,0.200439,1.004883
3408999617,0.17749,0.227051,1.006592
3409004617,0.174072,0.229004,1.016602
3409009617,0.167969,0.222168,1.010254
3409014617,0.17334,0.211914,1.009521
3409019617,0.172852,0.198242,1.021484
3409024617,0.179443,0.220703,1.012939
3409029617,0.13916,0.246338,1.023926
3409034617,0.167725,0.272705,1.01123
3409039617,0.138916,0.288086,1.032227
3409044617,0.144287,0.276123,1.017822
3409049617,0.163086,0.236572,1.015625
3409054617,0.154541,0.241455,1.02002
3409059617,0.163086,0.229492,1.003906
3409064617,0.162598,0.242676,1.023193
3409069617,0.163086,0.240723,1.026367
3409074617,0.181396,0.230713,1.002686
3409079617,0.179443,0.180664,1.008301
3409084617,0.181885,0.175781,0.977051
3409089617,0.17749,0.174316,0.996338
3409094617,0.177734,0.18335,0.986816
3409099617,0.177002,0.202637,1.017578
3409104617,0.168213,0.211914,1.01123
3409109617,0.173096,0.213623,1.012207
3409114617,0.169189,0.209961,1.007568
3409119617,0.17041,0.219971,1.02124
3409124617,0.167725,0.239258,1.040039
3409129617,0.161377,0.259033,1.023682
3409134617,0.1521,0.273926,1.009521
3409139617,0.163574,0.259033,1.017578
3409144617,0.161133,0.236328,1.011475
3409149617,0.164062,0.227051,1.018311
3409154617,0.166992,0.220215,1.010498
3409159617,0.169678,0.216309,1.008057
3409164617,0.166504,0.21875,1.011963
3409169617,0.170898,0.222412,1.007324
3409174617,0.175049,0.213379,1.003418
3409179617,0.171387,0.20166,1.0
3409184617,0.170898,0.189941,0.998291
3409189617,0.178223,0.199707,1.006592
3409194617,0.170898,0.212402,1.007568
3409199617,0.165039,0.221924,1.01416
3409204617,0.169434,0.236084,1.018799
3409209617,0.161621,0.229248,1.013428
3409214617,0.167725,0.229004,1.016357
3409219617,0.163574,0.233643,1.013916
3409224617,0.165039,0.234375,1.011719
3409229617,0.164551,0.243164,1.019531
3409234617,0.162354,0.246826,1.018799
3409239617,0.165283,0.243408,1.021973
3409244617,0.167725,0.233398,1.018555
3409249617,0.167725,0.220459,1.008789
3409254617,0.17041,0.217285,1.009521
3409259617,0.168213,0.216309,1.009521
3409264617,0.166748,0.216309,1.000488
3409269617,0.169678,0.21582,1.006592
3409274617,0.170166,0.216553,1.012939
3409279617,0.168457,0.213379,1.015381
3409284617,0.172607,0.210205,1.008545
3409289617,0.176025,0.2146,1.010742
3409294617,0.167969,0.224854,1.011963
3409299617,0.166016,0.23291,1.011963
3409304617,0.167725,0.238037,1.017578
3409309617,0.162842,0.233887,1.020264
3409314617,0.16333,0.233643,1.014648
3409319617,0.168213,0.230469,1.010498
3409324617,0.170898,0.22876,1.010986
3409329617,0.167725,0.229248,1.012939
3409334617,0.16748,0.227295,1.014893
3409339617,0.166748,0.229492,1.018311
3409344617,0.167725,0.224365,1.010254
3409349617,0.167236,0.215576,1.005371
3409354617,0.175293,0.216064,1.011963
3409359617,0.170654,0.212402,1.007324
3409364617,0.168213,0.218994,1.013184
3409369617,0.165771,0.222412,1.003174
3409374617,0.167969,0.222412,1.015381
3409379617,0.167725,0.2229,1.014648
3409384617,0.16748,0.220703,1.01416
3409389617,0.166992,0.220459,1.010254
3409394617,0.165771,0.226074,1.019531
3409399617,0.164062,0.233398,1.017334
3409404617,0.165039,0.235352,1.011963
3409409617,0.163818,0.233398,1.020752
3409414617,0.167236,0.228516,1.010986
3409419617,0.165771,0.224121,1.014648
3409424617,0.16748,0.220459,1.017334
3409429617,0.169189,0.221924,1.009521
3409434617,0.168945,0.226562,1.01709
3409439617,0.169922,0.221191,1.009766
3409444617,0.164795,0.220703,1.008789
3409449617,0.168701,0.219238,1.011963
3409454617,0.170654,0.218262,1.016602
3409459617,0.170166,0.217529,1.012939
3409464617,0.166992,0.221436,1.008789
3409469617,0.168213,0.223633,1.010498
3409474617,0.165771,0.229492,1.018799
3409479617,0.164307,0.227783,1.016113
3409484617,0.166992,0.222656,1.008789
3409489617,0.168945,0.225342,1.01416
3409494617,0.167236,0.224609,1.005615
3409499617,0.166016,0.228027,1.014893
3409504617,0.16626,0.225342,1.008301
3409509617,0.169922,0.226318,1.012695
3409514617,0.169922,0.225586,1.012207
3409519617,0.168701,0.22168,1.019531
3409524617,0.166992,0.218018,1.006348
3409529617,0.168457,0.223389,1.008301
3409534617,0.171143,0.22583,1.008789
3409539617,0.166748,0.222656,1.004639
3409544617,0.169189,0.222168,1.010498
3409549617,0.168213,0.222412,1.007813
3409554617,0.170898,0.220703,1.007324
3409559617,0.173584,0.222168,1.006348
3409564617,0.168701,0.223145,1.013184
3409569617,0.168945,0.22583,1.013916
3409574617,0.163574,0.225342,1.010986
3409579617,0.167725,0.224365,1.015381
3409584617,0.165527,0.227783,1.018066
3409589617,0.162109,0.222168,1.009521
3409594617,0.169189,0.222412,1.009277
3409599617,0.168457,0.224854,1.016113
3409604617,0.166504,0.226318,1.009766
3409609617,0.171875,0.22583,1.012207
3409614617,0.169434,0.221436,1.004883
3409619617,0.163818,0.220215,1.00708
3409624617,0.171143,0.223633,1.005371
3409629617,0.168701,0.223389,1.019531
3409634617,0.164551,0.219727,1.014893
3409639617,0.165283,0.223633,1.020508
3409644617,0.166992,0.226807,1.012939
3409649617,0.165283,0.224854,1.014893
3409654617,0.164551,0.224609,1.016357
3409659617,0.166748,0.226562,1.016113
3409664617,0.168945,0.226562,1.014893
3409669617,0.16748,0.227295,1.009521
3409674617,0.163818,0.228271,1.009766
3409679617,0.168213,0.226074,1.006348
3409684617,0.166748,0.223633,1.008545
3409689617,0.168701,0.220215,1.010254
3409694617,0.164307,0.2229,1.013428
3409699617,0.165039,0.224609,1.014648
3409704617,0.162354,0.227539,1.010254
3409709617,0.169189,0.223389,1.022461
3409714617,0.16626,0.224121,1.008789
3409719617,0.167969,0.224609,1.011719
3409724617,0.170898,0.22168,1.013184
3409729617,0.16626,0.220459,1.011963
3409734617,0.17041,0.226318,1.011719
3409739617,0.171387,0.225342,1.010498
3409744617,0.166504,0.225098,1.003906
3409749617,0.168213,0.228027,1.01416
3409754617,0.167236,0.2229,1.008545
3409759617,0.165527,0.223389,1.001953
3409764617,0.170898,0.225586,1.011963
3409769617,0.167725,0.224121,1.017822
3409774617,0.166504,0.224365,1.007568
3409779617,0.167236,0.225098,1.010254
3409784617,0.169189,0.225098,1.015625
3409789617,0.163574,0.222168,1.008789
3409794617,0.168213,0.227295,1.006836
3409799617,0.166748,0.225098,1.010498
3409804617,0.163086,0.223877,1.012451
3409809617,0.167969,0.227539,1.006104
3409814617,0.168945,0.224365,1.011719
3409819617,0.16626,0.220459,1.012207
3409824617,0.163818,0.223389,1.016113
3409829617,0.168701,0.224609,1.008301
3409834617,0.169434,0.225586,1.006104
3409839617,0.168945,0.224609,1.012939
3409844617,0.16626,0.222168,1.008545
3409849617,0.16748,0.227539,1.008789
3409854617,0.167725,0.22583,1.010498
3409859617,0.167725,0.220459,1.01123
3409864617,0.17041,0.226807,1.018066
3409869617,0.169434,0.226318,1.01123
3409874617,0.165039,0.222412,1.012451
3409879617,0.166992,0.22583,1.003906
3409884617,0.168457,0.226318,1.01001
3409889617,0.164551,0.223877,1.014404
3409894617,1.069336,1.343506,1.999939
3409899617,-2.0,0.824463,-1.494873
3409904617,-2.0,1.999939,-2.0
3409909617,-0.064209,1.685059,-2.0
3409914617,-1.482178,1.189697,1.999939
3409919617,-2.0,1.999939,-2.0
3409924617,-2.0,1.999939,-1.734375
3409929617,-0.551025,1.393555,-2.0
3409934617,-1.479004,0.223633,-2.0
3409939617,-0.545654,1.072021,-2.0
3409944617,-0.209717,1.478271,-0.973145
3409949617,-0.062744,0.427979,1.18335
3409954617,0.250732,-0.011719,1.03833
3409959617,0.137451,0.194336,1.177246
3409964617,0.213379,0.282227,1.438721
3409969617,0.156738,0.301025,1.127441
3409974617,0.178223,0.260498,0.994873
3409979617,0.174805,0.271484,1.084961
3409984617,0.158691,0.260986,1.071533
3409989617,0.172607,0.181152,0.977051
3409994617,0.187988,0.199463,0.979736
3409999617,0.12915,0.207764,0.943115
3410004617,0.182129,0.270752,1.042236
3410009617,0.183105,0.297119,1.073975
3410014617,-0.495117,1.999939,1.310547
3410019617,-0.847412,0.217529,1.052734
3410024617,0.247314,0.251465,0.979736
3410029617,0.172852,0.436279,0.898437
3410034617,0.217041,0.213623,1.073486
3410039617,-0.04126,0.355469,1.515869
3410044617,-0.620605,1.05542,1.276123
3410049617,0.233887,1.456299,1.060303
3410054617,0.140381,0.229492,1.002686
3410059617,0.207764,0.190918,1.053711
3410064617,0.166504,0.171143,1.011475
3410069617,0.119629,0.194336,0.926758
3410074617,0.119141,0.211182,0.918213
3410079617,0.179443,0.252441,1.090576
3410084617,0.078369,0.187256,0.833984
3410089617,-0.791748,1.53418,1.06665
3410094617,0.097412,0.224365,1.008057
3410099617,0.168213,0.30127,1.007324
3410104617,0.198975,0.224365,1.139893
3410109617,0.128418,0.216064,1.030273
3410114617,-0.164795,1.561035,1.617432
3410119617,-0.735596,0.640869,1.157227
3410124617,0.134766,0.241699,1.091309
3410129617,0.124756,0.206787,0.999512
3410134617,0.121094,0.248535,0.945801
3410139617,0.244629,0.186768,1.058105
3410144617,0.193359,0.203613,1.071289
3410149617,0.157959,0.231445,1.030762
3410154617,-0.403809,1.582764,1.115479
3410159617,0.043701,0.217285,0.952637
3410164617,0.140869,0.206055,1.003418
3410169617,0.210449,0.244141,1.089111
3410174617,0.14917,0.208252,0.981689
3410179617,-0.583252,1.361816,0.787354
3410184617,-0.115479,1.268311,1.015869
3410189617,0.125977,0.191406,0.932861
3410194617,0.164551,0.23291,1.055908
3410199617,0.135498,0.232666,1.02002
3410204617,0.193115,0.244385,1.043945
3410209617,0.189697,0.239258,1.015869
3410214617,0.172607,0.255859,1.013184
3410219617,0.138184,0.221436,0.970947
3410224617,0.156494,0.228027,0.979736
3410229617,0.163086,0.245605,1.015137
3410234617,0.178467,0.210937,1.027832
3410239617,0.184082,0.220215,1.041016
3410244617,0.171143,0.222412,1.006592
3410249617,0.126709,0.225098,0.912109
3410254617,0.140869,0.245361,0.933594
3410259617,0.125244,0.183838,0.979004
3410264617,0.19458,0.250732,0.978516
3410269617,0.151611,0.214111,0.97998
3410274617,0.196289,0.201172,1.063965
3410279617,0.169434,0.400391,1.049316
3410284617,0.141113,0.257568,1.012451
3410289617,0.186279,0.249512,1.055176
3410294617,0.167236,0.231934,1.014893
3410299617,0.163574,0.220459,1.010986
3410304617,0.159424,0.241211,1.001953
3410309617,0.151123,0.208008,0.999023
3410314617,0.227539,0.226318,1.131104
3410319617,0.224121,0.640625,1.001709
3410324617,0.09082,0.294922,1.047363
3410329617,0.247803,0.246094,0.983154
3410334617,0.147705,0.21582,0.989502
3410339617,0.220947,0.6521,1.074951
3410344617,0.189697,0.228516,1.07251
3410349617,0.178711,0.240479,1.027344
3410354617,0.162598,0.2146,1.042969
3410359617,0.191406,0.247559,1.075439
3410364617,0.146729,0.24585,0.994141
3410369617,0.172852,0.25293,1.009521
3410374617,0.186279,0.206543,0.985596
3410379617,0.139648,0.195312,0.956299
3410384617,0.182373,0.255615,1.035889
3410389617,0.130615,1.028564,0.975586
3410394617,0.129883,0.23291,1.029297
3410399617,0.175781,0.229248,1.034424
3410404617,0.14502,0.200195,0.977295
3410409617,0.115234,0.233643,0.953125
3410414617,0.152344,0.229248,0.985352
3410419617,0.155762,0.222656,0.977295
3410424617,0.207275,0.216064,1.044678
3410429617,0.165527,0.227295,1.009521
3410434617,0.203125,0.785889,1.083008
3410439617,0.116943,0.238525,0.944336
3410444617,0.173096,0.238037,1.004883
3410449617,0.113281,0.193359,0.93335
3410454617,0.15625,0.222412,0.98584
3410459617,0.171387,0.227295,1.025146
3410464617,0.147217,0.234863,1.018066
3410469617,0.178467,0.221924,0.987549
3410474617,0.18335,1.581299,1.028564
3410479617,0.202148,0.237549,1.114502
3410484617,0.142578,0.282959,0.918945
3410489617,0.155273,0.228516,1.049561
3410494617,0.193604,0.224609,1.042725
3410499617,0.142334,0.236084,1.009766
3410504617,0.188232,0.225586,1.033203
3410509617,0.178955,0.220215,1.000244
3410514617,0.191406,0.186279,1.013672
3410519617,0.156494,0.35083,0.990967
3410524617,0.125,0.271973,0.969727
3410529617,0.164551,0.208252,0.994629
3410534617,0.163818,0.241455,0.979492
3410539617,0.147217,0.24585,1.000244
3410544617,0.1875,0.271729,1.016357
3410549617,0.162842,0.204102,1.009277
3410554617,0.164795,0.219727,0.986084
3410559617,0.205811,0.222656,1.050293
3410564617,0.169678,0.224854,1.039551
3410569617,0.153809,0.229492,0.993408
3410574617,0.179199,0.208008,1.042236
3410579617,0.137451,0.188477,1.020752
3410584617,0.190918,0.204102,1.007813
3410589617,0.198486,0.195557,1.052002
3410594617,0.169434,0.258301,1.0625
3410599617,0.159424,0.322266,0.973633
3410604617,0.150391,0.227295,1.033691
3410609617,0.171387,0.226562,0.995117
3410614617,0.11499,0.183838,0.882812
3410619617,0.15918,0.270508,1.032471
3410624617,0.126465,1.29834,0.979492
3410629617,0.165771,0.210937,0.995605
3410634617,0.228516,0.237061,1.08667
3410639617,0.151611,0.216309,0.998047
3410644617,0.168701,0.222412,1.021484
3410649617,0.183105,0.210205,1.006348
3410654617,0.140137,0.208496,0.944824
3410659617,0.162109,0.260742,0.996094
3410664617,0.170654,0.250244,1.047119
3410669617,0.149658,0.2146,1.018555
3410674617,0.198242,0.220459,1.086914
3410679617,0.162354,0.220459,0.996338
3410684617,0.158203,0.210205,0.99707
3410689617,0.169434,0.223389,1.013672
3410694617,0.163086,0.226318,1.009521
3410699617,0.168945,0.237305,1.01709
3410704617,0.170166,0.229004,1.023193
3410709617,0.169434,0.217529,1.007568
3410714617,0.17041,0.212646,0.999756
3410719617,0.164062,0.220459,1.008789
3410724617,0.166992,0.224365,1.015869
3410729617,0.164307,0.234863,1.01416
3410734617,0.168945,0.231689,1.018066
3410739617,0.164795,0.227295,1.020264
3410744617,0.167725,0.22168,1.013184
3410749617,0.169678,0.219482,1.009033
3410754617,0.172363,0.224121,1.022705
3410759617,0.159424,0.231445,0.98999
3410764617,0.165771,0.231201,1.015381
3410769617,0.171631,0.226562,1.008301
3410774617,0.166748,0.219238,1.006836
3410779617,0.169678,0.219727,1.013672
3410784617,0.166016,0.218506,1.008301
3410789617,0.164551,0.223389,1.006104
3410794617,0.161865,0.221436,1.007568
3410799617,0.165771,0.228271,1.018066
3410804617,0.169678,0.224365,1.013184
3410809617,0.161133,0.224365,1.011719
3410814617,0.16626,0.223389,1.014404
3410819617,0.166504,0.22168,1.012207
3410824617,0.16748,0.216064,1.013672
3410829617,0.169189,0.225586,1.015625
3410834617,0.164551,0.233154,1.014648
3410839617,0.161865,0.230713,1.01123
3410844617,0.164795,0.227783,1.009033
3410849617,0.166016,0.220459,1.006836
3410854617,0.169922,0.2229,1.008545
3410859617,0.163574,0.227783,1.013672
3410864617,0.16626,0.229492,1.011719
3410869617,0.166504,0.224854,1.020996
3410874617,0.165771,0.228271,1.015137
3410879617,0.164551,0.223389,1.01123
3410884617,0.168457,0.218018,1.013428
3410889617,0.168457,0.220459,1.006836
3410894617,0.166992,0.223877,1.012695
3410899617,0.166992,0.227295,1.007813
3410904617,0.164062,0.228027,1.010742
3410909617,0.172119,0.22583,1.018555
3410914617,0.171143,0.228027,1.011963
3410919617,0.168457,0.224609,1.005127
3410924617,0.166016,0.225342,1.008545
3410929617,0.166016,0.226074,1.006592
3410934617,0.170166,0.230713,1.010254
3410939617,0.166504,0.223145,1.013916
3410944617,0.164551,0.22168,1.020996
3410949617,0.165771,0.220947,1.011719
3410954617,0.164307,0.222412,1.011475
3410959617,0.162842,0.219971,1.01416
3410964617,0.167236,0.219971,1.013672
3410969617,0.167725,0.220947,1.010498
3410974617,0.167725,0.220215,1.008301
3410979617,0.168945,0.220459,1.004883
3410984617,0.167969,0.219238,1.001221
3410989617,0.171631,0.224854,1.007813
3410994617,0.169922,0.223145,1.005615
3410999617,0.171387,0.23291,1.014893
3411004617,0.168945,0.231201,1.008789
3411009617,0.165283,0.22998,1.020508
3411014617,0.166504,0.228516,1.009277
3411019617,0.165771,0.224121,1.014648
3411024617,0.169678,0.223389,1.011963
3411029617,0.165771,0.225342,1.01416
3411034617,0.16748,0.219482,1.010742
3411039617,0.167725,0.217773,1.01123
3411044617,0.167236,0.216309,1.010742
3411049617,0.166992,0.222412,1.003662
3411054617,0.170166,0.21582,1.004639
3411059617,0.171143,0.21875,1.008789
3411064617,0.170166,0.226318,1.007324
3411069617,0.170898,0.22583,1.009277
3411074617,0.166504,0.230225,1.015625
3411079617,0.164307,0.227783,1.003662
3411084617,0.163574,0.231445,1.010986
3411089617,0.166504,0.225098,1.014893
3411094617,0.160889,0.225586,1.014648
3411099617,0.159668,0.229492,1.015869
3411104617,0.16748,0.22583,1.017822
3411109617,0.16626,0.228027,1.017578
3411114617,0.166992,0.219727,1.018555
3411119617,0.16626,0.217285,1.012695
3411124617,0.16626,0.21582,1.008057
3411129617,0.168945,0.220703,1.014648
3411134617,0.167236,0.219238,1.009766
3411139617,0.17041,0.226074,1.010742
3411144617,0.16748,0.228271,1.009033
3411149617,0.169189,0.227295,1.012695
3411154617,0.171143,0.227539,1.011475
3411159617,0.170898,0.227783,1.005127
3411164617,0.169678,0.230469,1.018066
3411169617,0.168945,0.22998,1.012695
3411174617,0.162598,0.230469,1.018799
3411179617,0.164307,0.220459,1.013428
3411184617,0.16626,0.21875,1.015137
3411189617,0.16748,0.219482,1.009766
3411194617,0.167236,0.217285,1.016602
3411199617,0.16333,0.218994,1.009277
3411204617,0.163574,0.222656,1.004639
3411209617,0.166504,0.225342,1.010742
3411214617,0.166748,0.226074,1.011719
3411219617,0.165771,0.224609,1.006104
3411224617,0.168701,0.22583,1.010986
3411229617,0.165283,0.227051,1.010498
3411234617,0.169189,0.230225,1.010986
3411239617,0.170654,0.226074,1.019043
3411244617,0.165283,0.222656,1.009033
3411249617,0.172852,0.224609,1.010254
3411254617,0.166504,0.224609,1.020752
3411259617,0.167969,0.217285,1.008789
3411264617,0.167236,0.221924,1.010254
3411269617,0.166748,0.221191,1.014404
3411274617,0.16626,0.220703,1.00708
3411279617,0.164307,0.223877,1.006104
3411284617,0.162354,0.227051,1.012939
3411289617,0.162354,0.232422,1.010742
3411294617,0.16748,0.228271,1.012939
3411299617,0.166016,0.227783,1.016357
3411304617,0.166748,0.226807,1.019531
3411309617,0.167969,0.227051,1.015625
3411314617,0.165771,0.224121,1.011475
3411319617,0.174072,0.222168,1.010986
3411324617,0.170654,0.223389,1.008789
3411329617,0.172119,0.218262,1.01709
3411334617,0.173584,0.220947,1.010254
3411339617,0.167725,0.218506,1.008301
3411344617,0.169434,0.22583,1.008789
3411349617,0.168457,0.220703,1.004639
3411354617,0.165039,0.228516,1.016113
3411359617,0.165039,0.227295,1.017334
3411364617,0.166016,0.22876,1.008057
3411369617,0.161621,0.228027,1.011963
3411374617,0.16626,0.226807,1.015137
3411379617,0.167236,0.227051,1.011963
3411384617,0.163818,0.225586,1.014893
3411389617,0.172119,0.221436,1.013184
3411394617,0.166748,0.220703,1.01123
3411399617,0.171387,0.220215,1.009033
3411404617,0.170898,0.22168,1.007568
3411409617,0.168213,0.221924,1.005859
3411414617,0.172363,0.221436,1.004883
3411419617,0.166748,0.223389,1.013184
3411424617,0.165527,0.223877,1.010254
3411429617,0.168701,0.226074,1.010986
3411434617,0.167236,0.22583,1.016113
3411439617,0.165771,0.229492,1.019287
3411444617,0.165039,0.229492,1.010742
3411449617,0.165283,0.230713,1.018311
3411454617,0.165039,0.229248,1.012939
3411459617,0.16748,0.225098,1.012939
3411464617,0.168213,0.220703,1.015381
3411469617,0.168457,0.219482,1.012695
3411474617,0.167725,0.217529,1.007813
3411479617,0.17041,0.216553,1.005371
3411484617,0.168457,0.220947,1.018066
3411489617,0.163818,0.223877,1.001221
3411494617,0.169922,0.223389,1.016113
3411499617,0.167969,0.229004,1.011475
3411504617,0.164551,0.229492,1.014404
3411509617,0.168213,0.230469,1.018311
3411514617,0.165039,0.22998,1.012695
3411519617,0.161133,0.22583,1.019287
3411524617,0.169434,0.225586,1.011475
3411529617,0.167725,0.226807,1.018066
3411534617,0.168945,0.219971,1.008301
3411539617,0.166992,0.219971,1.005615
3411544617,0.168213,0.219727,1.007568
3411549617,0.168457,0.220459,1.008301
3411554617,0.170654,0.223389,1.005615
3411559617,0.166992,0.222656,1.011475
3411564617,0.173096,0.223145,1.003662
3411569617,0.167725,0.22876,1.01709
3411574617,0.166992,0.227539,1.013428
3411579617,0.164551,0.22876,1.013916
3411584617,0.166748,0.230957,1.01416
3411589617,0.166992,0.22998,1.014404
3411594617,0.164551,0.226807,1.019775
3411599617,0.166504,0.227783,1.010254
3411604617,0.16748,0.223633,1.012695
3411609617,0.164062,0.223145,1.019775
3411614617,0.168945,0.220215,1.009766
3411619617,0.166992,0.215088,1.003662
3411624617,0.169922,0.217773,1.008545
3411629617,0.16748,0.223633,1.011475
3411634617,0.171875,0.222168,1.009277
3411639617,0.166016,0.222168,1.01001
3411644617,0.16748,0.220703,1.01416
3411649617,0.167969,0.228027,1.010986
3411654617,0.167725,0.225586,1.007813
3411659617,0.167969,0.230225,1.008301
3411664617,0.164307,0.226318,1.015381
3411669617,0.165283,0.227051,1.008057
3411674617,0.163086,0.223633,1.012207
3411679617,0.173096,0.224854,1.012695
3411684617,0.169434,0.224365,1.011475
3411689617,0.170898,0.220947,1.013916
3411694617,0.168945,0.222656,1.009766
3411699617,0.167236,0.221924,1.008301
3411704617,0.165283,0.221436,1.014404
3411709617,0.167725,0.221436,1.015381
3411714617,0.16748,0.227051,1.011475
3411719617,0.17041,0.225342,1.012207
3411724617,0.166992,0.225586,1.014893
3411729617,0.165527,0.228271,1.012695
3411734617,0.167969,0.224854,1.015625
3411739617,0.162842,0.230469,1.01416
3411744617,0.165771,0.2229,1.010742
3411749617,0.168213,0.227539,1.008545
3411754617,0.166504,0.220215,1.006348
3411759617,0.167725,0.219971,1.005615
3411764617,0.168457,0.220703,1.005615
3411769617,0.168457,0.218018,1.007813
3411774617,0.167725,0.223389,1.010742
3411779617,0.165527,0.227051,1.014404
3411784617,0.164062,0.224121,1.015625
3411789617,0.165039,0.228271,1.011475
3411794617,0.164062,0.228516,1.011475
3411799617,0.16626,0.231445,1.018555
3411804617,0.166504,0.228271,1.016602
3411809617,0.16748,0.229248,1.008057
3411814617,0.168945,0.229736,1.008301
3411819617,0.167969,0.223389,1.013672
3411824617,0.170166,0.21875,1.009033
3411829617,0.167969,0.221436,1.012207
3411834617,0.165527,0.219238,1.011475
3411839617,0.167969,0.224365,1.009033
3411844617,0.166504,0.223145,1.014893
3411849617,0.162354,0.226318,1.013184
3411854617,0.165771,0.223389,1.012207
3411859617,0.166992,0.224121,1.010986
3411864617,0.163574,0.223389,1.007568
3411869617,0.169922,0.224365,1.015137
3411874617,0.166748,0.224854,1.017822
3411879617,0.163574,0.226318,1.009277
3411884617,0.164795,0.224365,1.010498
3411889617,0.168701,0.227783,1.011963
3411894617,0.168945,0.224854,1.011963
3411899617,0.166992,0.227539,1.012207
3411904617,0.165527,0.223389,1.006836
3411909617,0.166992,0.224854,1.00415
3411914617,0.17041,0.222656,1.008545
3411919617,0.168945,0.225342,1.014404
3411924617,0.162598,0.224609,1.004883
3411929617,0.16626,0.226074,1.011963
3411934617,0.161621,0.228271,1.013184
3411939617,0.166992,0.226807,1.018799
3411944617,0.171387,0.224121,1.012451
3411949617,0.166504,0.226562,1.01123
3411954617,0.169434,0.226074,1.015869
3411959617,0.167236,0.223145,1.012451
3411964617,0.168701,0.222168,1.010254
3411969617,0.167236,0.224365,1.008545
3411974617,0.167236,0.222168,1.014648
3411979617,0.169434,0.21875,1.009521
3411984617,0.167725,0.222168,1.014648
3411989617,0.167236,0.227539,1.018555
3411994617,0.167236,0.22583,1.013428
3411999617,0.165283,0.223389,1.006836
3412004617,0.168213,0.225098,1.013672
3412009617,0.169189,0.224609,1.008301
3412014617,0.167236,0.227783,1.019531
3412019617,0.163818,0.224854,1.00708
3412024617,0.16748,0.224121,1.009766
3412029617,0.167725,0.226562,1.007813
3412034617,0.172119,0.221924,1.015625
3412039617,0.171631,0.219238,1.006836
3412044617,0.168701,0.222656,1.012939
3412049617,0.17041,0.22583,1.014648
3412054617,0.166748,0.221191,1.012207
3412059617,0.168457,0.222412,1.00708
3412064617,0.162598,0.227295,1.01123
3412069617,0.16748,0.226318,1.008545
3412074617,0.166016,0.223633,1.005859
3412079617,0.170166,0.224121,1.014404
3412084617,0.166992,0.224854,1.016846
3412089617,0.169922,0.225342,1.013672
3412094617,0.167969,0.226074,1.011963
3412099617,0.168945,0.226562,1.016846
3412104617,0.169189,0.225342,1.009521
3412109617,0.164551,0.222168,1.012695
3412114617,0.164551,0.221924,1.008301
3412119617,0.166016,0.2229,1.010742
3412124617,0.169189,0.222168,1.010254
3412129617,0.172363,0.225586,1.00708
3412134617,0.167969,0.223145,1.020752
3412139617,0.165771,0.223389,1.007813
3412144617,0.169922,0.226562,1.015137
3412149617,0.167236,0.227783,1.012207
3412154617,0.163086,0.223389,1.011475
3412159617,0.168213,0.228271,1.016113
3412164617,0.166504,0.224609,1.007324
3412169617,0.165039,0.223389,1.012695
3412174617,0.169434,0.220703,1.010986
3412179617,0.168945,0.223633,1.009521
3412184617,0.172852,0.226318,1.009521
3412189617,0.167969,0.222656,1.009766
3412194617,0.167236,0.22168,1.007813
3412199617,0.165527,0.223145,1.017578
3412204617,0.16748,0.224854,1.01001
3412209617,0.16626,0.224854,1.013672
3412214617,0.164551,0.223877,1.019287
3412219617,0.169434,0.226074,1.00708
3412224617,0.167725,0.224854,1.01123
3412229617,0.164062,0.224854,1.015869
3412234617,0.168213,0.227295,1.010986
3412239617,0.166992,0.223389,1.012695
3412244617,0.169434,0.231689,1.012451
3412249617,0.16748,0.223145,1.010742
3412254617,0.17041,0.217773,1.016602
3412259617,0.167236,0.224609,1.004639
3412264617,0.166504,0.224121,1.010254
3412269617,0.172852,0.220947,1.009521
3412274617,0.169189,0.227051,1.01123
3412279617,0.168213,0.222412,1.006592
3412284617,0.165527,0.222656,1.012207
3412289617,0.16748,0.227295,1.009277
3412294617,0.166504,0.224854,1.01123
3412299617,0.168945,0.220947,1.012939
3412304617,0.165283,0.222412,1.011963
3412309617,0.170898,0.221191,1.009277
3412314617,0.170166,0.219238,1.011963
3412319617,0.168213,0.223145,1.012207
3412324617,0.170166,0.2229,1.013428
3412329617,0.167725,0.221924,1.012207
3412334617,0.167969,0.223633,1.011475
3412339617,0.167969,0.223877,1.008057
3412344617,0.168213,0.2229,1.011963
3412349617,0.167236,0.222656,1.012695
3412354617,0.165283,0.221436,1.015869
3412359617,0.168213,0.226807,1.01001
3412364617,0.167969,0.224121,1.006836
3412369617,0.167725,0.224121,1.008057
3412374617,0.167236,0.2229,1.012695
3412379617,0.167236,0.224121,1.010986
3412384617,0.168701,0.222656,1.011719
3412389617,0.170166,0.223633,1.008057
3412394617,0.171875,0.22168,1.017334
3412399617,0.168701,0.228271,1.009277
3412404617,0.166992,0.227539,1.007813
3412409617,0.16748,0.2229,1.012451
3412414617,0.171631,0.224854,1.018066
3412419617,0.166748,0.224609,1.009277
3412424617,0.16626,0.229248,1.010254
3412429617,0.168457,0.225098,1.018555
3412434617,0.162842,0.225098,1.015625
3412439617,0.166992,0.226074,1.012939
3412444617,0.165527,0.224854,1.006348
3412449617,0.167725,0.223633,1.016357
3412454617,0.167725,0.224121,1.008301
3412459617,0.167969,0.223389,1.006348
3412464617,0.168213,0.223877,1.013428
3412469617,0.167969,0.221924,1.008545
3412474617,0.167725,0.224121,1.009766
3412479617,0.167969,0.22998,1.016846
3412484617,0.168457,0.223633,1.012695
3412489617,0.166748,0.230469,1.016602
3412494617,0.16626,0.22583,1.013428
3412499617,0.167969,0.220459,1.005615
3412504617,0.16333,0.225586,1.009033
3412509617,0.164551,0.222656,1.01416
3412514617,0.161621,0.221436,1.007324
3412519617,0.170654,0.222656,1.01123
3412524617,0.162598,0.225098,1.019287
3412529617,0.169922,0.224121,1.013916
3412534617,0.16626,0.223389,1.010254
3412539617,0.164551,0.227539,1.012451
3412544617,0.167969,0.222412,1.013672
3412549617,0.164307,0.225586,1.009277
3412554617,0.166748,0.226562,1.019287
3412559617,0.168945,0.226807,1.012939
3412564617,0.16626,0.226807,1.015381
3412569617,0.17334,0.226318,1.012451
3412574617,0.166992,0.225342,1.009521
3412579617,0.169434,0.223145,1.009521
3412584617,0.16748,0.220947,1.009033
3412589617,0.167236,0.223145,1.009033
3412594617,0.168945,0.224609,1.009033
3412599617,0.167236,0.220459,1.009521
3412604617,0.163818,0.223389,1.018799
3412609617,0.158691,0.225586,1.012451
3412614617,0.166992,0.226807,1.017578
3412619617,0.166016,0.229248,1.020508
3412624617,0.168945,0.224365,1.009277
3412629617,0.166016,0.226318,1.014648
3412634617,0.166016,0.2229,1.015869
3412639617,0.168457,0.222656,1.014893
3412644617,0.170654,0.224365,1.011719
3412649617,0.165283,0.227295,1.008301
3412654617,0.169434,0.221924,1.012939
3412659617,0.168457,0.225098,1.015137
3412664617,0.165283,0.225586,1.015869
3412669617,0.172607,0.228271,1.006836
3412674617,0.164062,0.224365,1.015137
3412679617,0.165527,0.226562,1.014893
3412684617,0.170166,0.223633,1.012451
3412689617,0.164795,0.223633,1.014648
3412694617,0.165527,0.223633,1.02002
3412699617,0.165039,0.225586,1.010986
3412704617,0.164795,0.226318,1.012695
3412709617,0.164795,0.229004,1.012207
3412714617,0.169434,0.22168,1.014648
3412719617,0.168457,0.223633,1.009766
3412724617,0.16333,0.226318,1.010986
3412729617,0.16626,0.225342,1.006348
3412734617,0.171143,0.222168,1.010742
3412739617,0.166504,0.227051,1.016113
3412744617,0.166992,0.226562,1.011719
3412749617,0.169922,0.223145,1.012451
3412754617,0.171387,0.223145,1.018799
3412759617,0.168701,0.227783,1.012451
3412764617,0.166992,0.228271,1.008057
3412769617,0.169434,0.220215,1.022949
3412774617,0.169922,0.223145,1.014404
3412779617,0.168945,0.2229,1.008301
3412784617,0.165039,0.228027,1.010742
3412789617,0.164307,0.2229,1.010498
3412794617,0.16626,0.22583,1.010498
3412799617,0.167236,0.2229,1.015869
3412804617,0.170654,0.227539,1.021484
3412809617,0.170898,0.225342,1.010254
3412814617,0.171631,0.224609,1.006592
3412819617,0.166992,0.227783,1.013672
3412824617,0.170166,0.227295,1.005859
3412829617,0.167725,0.2229,1.014893
3412834617,0.165283,0.223145,1.014893
3412839617,0.163574,0.229736,1.015137
3412844617,0.165039,0.226807,1.015381
3412849617,0.163086,0.227051,1.006592
3412854617,0.163818,0.224365,1.010498
3412859617,0.171143,0.224854,1.008789
3412864617,0.168457,0.223877,1.006348
3412869617,0.16748,0.227051,1.01001
3412874617,0.165039,0.225586,1.009277
3412879617,0.167236,0.221436,1.009277
3412884617,0.169434,0.226318,1.012939
3412889617,0.164307,0.227783,1.009521
3412894617,0.16748,0.221924,1.017578
3412899617,0.167725,0.224854,1.013672
3412904617,0.172119,0.223389,1.019531
3412909617,0.169922,0.223877,1.010254
3412914617,0.169678,0.224121,1.01123
3412919617,0.170166,0.217773,1.01001
3412924617,0.167236,0.226318,1.007568
3412929617,0.163818,0.226074,1.013184
3412934617,0.167969,0.227539,1.01416
3412939617,0.167236,0.22583,1.009277
3412944617,0.166016,0.225098,1.010742
3412949617,0.16626,0.221436,1.017578
3412954617,0.169434,0.2229,1.008789
3412959617,0.163086,0.227539,1.010254
3412964617,0.165039,0.226562,1.006836
3412969617,0.165283,0.226318,1.003418
3412974617,0.163818,0.227295,1.010986
3412979617,0.165771,0.22583,1.013428
3412984617,0.164795,0.226562,1.01416
3412989617,0.169434,0.228027,1.01416
3412994617,0.167725,0.226562,1.01709
3412999617,0.167236,0.221924,1.020752
3413004617,0.16626,0.223145,1.014648
3413009617,0.166016,0.224854,1.011719
3413014617,0.165283,0.222656,1.015869
3413019617,0.167969,0.22168,1.016602
3413024617,0.166992,0.22583,1.019775
3413029617,0.169434,0.224609,1.011719
3413034617,0.163086,0.225342,1.017334
3413039617,0.168945,0.229492,1.020996
3413044617,0.166504,0.223877,1.011719
3413049617,0.163818,0.226318,1.004395
3413054617,0.167236,0.223633,1.016357
3413059617,0.166992,0.224365,1.011475
3413064617,0.169678,0.228027,1.016602
3413069617,0.172119,0.228271,1.012939
3413074617,0.168457,0.222168,1.015381
3413079617,0.16626,0.226318,1.009766
3413084617,0.166992,0.223633,1.016113
3413089617,0.130127,0.182373,0.991943
3413094617,0.173584,0.218018,0.9729
3413099617,0.19751,0.218262,1.037354
3413104617,-1.26001,1.999939,-2.0
3413109617,-0.623535,0.255859,-0.062256
3413114617,-0.577881,0.19043,0.788086
3413119617,0.43335,0.442627,1.584473
3413124617,0.161865,0.314209,0.859619
3413129617,-2.0,1.18457,-1.290039
3413134617,-0.694824,0.533203,1.19165
3413139617,-0.873291,0.121582,1.394531
3413144617,0.140137,0.283203,1.070068
3413149617,0.223145,1.199707,1.028076
3413154617,0.108398,0.67041,1.074463
3413159617,0.139404,0.224854,0.924316
3413164617,0.19873,0.19873,0.953613
3413169617,0.083496,0.179199,0.917725
3413174617,0.192871,0.784912,1.047852
3413179617,0.193115,0.837891,1.0896
3413184617,0.144287,0.440918,1.050293
3413189617,0.133545,0.251465,0.975586
3413194617,0.193359,0.219238,0.970947
3413199617,0.156006,0.17334,0.882568
3413204617,0.165527,0.230713,0.96167
3413209617,0.182129,0.356934,1.071533
3413214617,0.188477,0.245117,1.059082
3413219617,-0.489014,1.999939,-2.0
3413224617,0.875,0.688965,-2.0
3413229617,-0.159668,0.85376,-0.016846
3413234617,-0.023682,0.262695,0.779297
3413239617,0.180176,0.227783,1.071045
3413244617,0.05835,0.254395,0.9104
3413249617,-0.561279,1.999939,0.933105
3413254617,0.134277,0.424316,-2.0
3413259617,0.098877,0.287842,0.927246
3413264617,0.199951,0.266602,-0.266602
3413269617,-0.990967,0.769287,1.118896
3413274617,0.194336,0.247314,0.998291
3413279617,0.067383,1.463867,0.976807
3413284617,0.211426,0.929443,1.025146
3413289617,0.146729,0.275879,0.968262
3413294617,0.233154,0.257568,0.957764
3413299617,0.153809,0.333984,1.011719
3413304617,0.100098,0.195801,0.95459
3413309617,0.175781,0.141357,0.953125
3413314617,0.181152,0.218506,0.993408
3413319617,0.225098,0.306641,1.034424
3413324617,0.15625,0.265381,1.050049
3413329617,0.190918,0.270752,1.044189
3413334617,0.134521,0.259766,0.996582
3413339617,0.204834,0.189697,0.997803
3413344617,0.181641,0.187256,0.966553
3413349617,0.163086,0.188965,1.016602
3413354617,0.180176,0.186279,1.022705
3413359617,0.198975,0.650635,0.842041
3413364617,0.107666,0.334229,1.027344
3413369617,0.241943,0.346191,1.025879
3413374617,0.171387,0.239014,1.07959
3413379617,0.124268,0.241455,0.970459
3413384617,0.215576,0.230713,1.0
3413389617,0.134033,0.638672,0.99585
3413394617,0.178955,0.252686,0.986572
3413399617,0.213135,0.259521,1.042236
3413404617,0.134521,0.248047,1.023438
3413409617,0.181152,0.199951,1.013428
3413414617,0.178955,0.19458,1.010986
3413419617,0.177979,0.229004,1.022949
3413424617,0.162598,0.230713,1.00293
3413429617,0.157227,0.233887,1.01001
3413434617,0.176025,0.248535,1.012939
3413439617,0.158447,0.219482,0.992432
3413444617,0.180908,0.208252,1.032715
3413449617,0.189209,0.227539,1.039551
3413454617,0.158203,0.231934,1.02002
3413459617,0.16333,0.246826,1.033203
3413464617,0.165527,0.246582,1.017334
3413469617,0.145996,0.230713,0.981201
3413474617,0.169189,0.213135,1.000488
3413479617,0.177246,0.209961,1.009277
3413484617,0.1604,0.210937,1.003418
3413489617,0.171875,0.226074,1.030762
3413494617,0.173584,0.244873,1.027832
3413499617,0.158936,0.236816,1.005127
3413504617,0.163574,0.219727,1.00415
3413509617,0.174072,0.217773,1.013184
3413514617,0.154785,0.206787,0.989014
3413519617,0.164307,0.215332,1.006104
3413524617,0.17627,0.235352,1.0354
3413529617,0.158691,0.248779,1.016113
3413534617,0.159912,0.23877,1.016846
3413539617,0.168945,0.231689,1.026367
3413544617,0.160645,0.213135,0.988037
3413549617,0.164551,0.210449,0.998535
3413554617,0.175293,0.21582,1.01416
3413559617,0.160889,0.228516,1.009521
3413564617,0.160645,0.23291,1.022705
3413569617,0.168701,0.233887,1.032471
3413574617,0.163818,0.221924,1.003662
3413579617,0.16748,0.216064,1.006104
3413584617,0.167236,0.213379,1.004883
3413589617,0.164062,0.223389,1.006348
3413594617,0.156494,0.228027,1.008789
3413599617,0.170654,0.234619,1.021729
3413604617,0.165771,0.237549,1.023682
3413609617,0.161621,0.228271,1.012695
3413614617,0.171631,0.2229,1.019775
3413619617,0.160889,0.218506,1.003906
3413624617,0.165039,0.224121,1.005859
3413629617,0.167725,0.231689,1.011963
3413634617,0.162598,0.233887,1.01123
3413639617,0.163574,0.229248,1.015869
3413644617,0.168701,0.226074,1.017578
3413649617,0.165771,0.219727,1.008545
3413654617,0.165283,0.218994,1.013184
3413659617,0.165771,0.228516,1.015137
3413664617,0.163086,0.230225,1.001953
3413669617,0.156982,0.22876,1.004395
3413674617,0.166992,0.228271,1.009766
3413679617,0.164795,0.228027,1.00293
3413684617,0.165527,0.224854,1.021729
3413689617,0.161865,0.228516,1.014648
3413694617,0.162842,0.231689,1.016113
3413699617,0.163086,0.232178,1.02417
3413704617,0.164307,0.230225,1.001953
3413709617,0.165039,0.224854,1.002197
3413714617,0.167725,0.219971,1.016602
3413719617,0.167725,0.223633,1.012939
3413724617,0.162109,0.226807,1.013184
3413729617,0.163818,0.230225,1.013916
3413734617,0.162598,0.227539,1.008789
3413739617,0.161377,0.227295,1.009033
3413744617,0.162598,0.227051,1.011719
3413749617,0.164307,0.220947,1.010742
3413754617,0.160889,0.226807,1.008301
3413759617,0.160889,0.228516,1.012939
3413764617,0.165283,0.228271,1.013184
3413769617,0.161621,0.229004,1.015625
3413774617,0.16626,0.226807,1.016602
3413779617,0.158203,0.224609,1.015625
3413784617,0.165283,0.225342,1.009766
3413789617,0.166748,0.224121,1.010254
3413794617,0.168701,0.231201,1.009766
3413799617,0.16626,0.229492,1.013428
3413804617,0.167725,0.228027,1.009033
3413809617,0.16626,0.226562,1.012939
3413814617,0.164551,0.221924,1.004395
3413819617,0.165527,0.221924,1.008545
3413824617,0.16626,0.222656,1.008057
3413829617,0.16748,0.226807,1.012939
3413834617,0.166992,0.226318,1.008301
3413839617,0.166016,0.230469,1.011963
3413844617,0.166992,0.224854,1.007568
3413849617,0.170898,0.22168,1.008301
3413854617,0.164551,0.222168,1.010742
3413859617,0.164062,0.22583,1.010986
3413864617,0.164551,0.223633,1.018066
3413869617,0.164795,0.224609,1.005127
3413874617,0.166016,0.227051,1.011475
3413879617,0.166748,0.2229,1.009521
3413884617,0.168457,0.229492,1.012939
3413889617,0.165771,0.224854,1.009277
3413894617,0.167236,0.22583,1.006348
3413899617,0.161621,0.226562,1.010498
3413904617,0.160889,0.227295,1.01123
3413909617,0.161621,0.227539,1.009277
3413914617,0.164062,0.223877,1.008545
3413919617,0.16626,0.222168,1.005127
3413924617,0.166748,0.226074,1.010986
3413929617,0.166016,0.228516,1.01416
3413934617,0.167725,0.229736,1.008301
3413939617,0.169922,0.229004,1.00708
3413944617,0.165039,0.222656,1.007813
3413949617,0.164062,0.222168,1.009766
3413954617,0.165283,0.227539,1.014648
3413959617,0.168945,0.225342,1.016113
3413964617,0.164062,0.228027,1.011719
3413969617,0.166748,0.221436,1.016113
3413974617,0.162109,0.224854,1.009033
3413979617,0.163574,0.224609,1.014404
3413984617,0.163574,0.226318,1.021729
3413989617,0.160889,0.224365,1.013916
3413994617,0.166016,0.225098,1.013428
3413999617,0.164551,0.227539,1.011475
3414004617,0.16626,0.226318,1.019287
3414009617,0.163574,0.220947,1.012451
3414014617,0.167725,0.225586,1.011719
3414019617,0.168945,0.216309,1.013916
3414024617,0.161377,0.226074,1.012695
3414029617,0.16626,0.22998,1.005859
3414034617,0.16748,0.226562,1.013916
3414039617,0.165039,0.224121,1.010742
3414044617,0.161865,0.222412,1.012207
3414049617,0.164062,0.228271,1.009277
3414054617,0.167236,0.229004,1.010254
3414059617,0.16626,0.226074,1.012939
3414064617,0.165039,0.22583,1.010498
3414069617,0.168945,0.223633,1.01416
3414074617,0.167969,0.224609,1.005615
3414079617,0.167236,0.225098,1.011963
3414084617,0.164795,0.227539,1.010498
3414089617,0.166016,0.223389,1.009277
3414094617,0.167236,0.226318,1.007568
3414099617,0.165283,0.226807,1.008545
3414104617,0.165771,0.223877,1.009033
3414109617,0.164062,0.224365,1.013184
3414114617,0.168213,0.219482,1.025146
3414119617,0.162354,0.226318,1.011475
3414124617,0.164062,0.231201,1.003174
3414129617,0.164795,0.226318,1.012207
3414134617,0.168457,0.226807,1.013916
3414139617,0.164062,0.226562,1.006592
3414144617,0.164795,0.226562,1.01123
3414149617,0.166748,0.223145,1.01416
3414154617,0.164551,0.224854,1.020508
3414159617,0.164307,0.227783,1.002441
3414164617,0.165283,0.22583,1.008545
3414169617,0.162109,0.226562,1.01416
3414174617,0.16748,0.221924,1.012939
3414179617,0.166016,0.227051,1.013672
3414184617,0.169434,0.223389,1.017578
3414189617,0.166016,0.227539,1.015137
3414194617,0.164551,0.226074,1.013184
3414199617,0.165527,0.224609,1.016602
3414204617,0.166016,0.229004,1.017578
3414209617,0.169189,0.224609,1.011963
3414214617,0.162109,0.228271,1.00708
3414219617,0.167969,0.225098,1.018066
3414224617,0.168457,0.22998,1.023926
3414229617,0.164307,0.229248,1.006348
3414234617,0.161377,0.227051,1.010498
3414239617,0.171143,0.228027,1.013916
3414244617,0.16748,0.228271,1.007813
3414249617,0.16333,0.224121,1.007568
3414254617,0.162842,0.224854,1.009766
3414259617,0.166016,0.225586,1.004883
3414264617,0.164795,0.225586,1.01001
3414269617,0.165771,0.229004,1.00708
3414274617,0.164307,0.228271,1.01001
3414279617,0.16626,0.227295,1.009766
3414284617,0.165283,0.221436,1.006592
3414289617,0.164307,0.22583,1.008545
3414294617,0.16626,0.226074,1.014893
3414299617,0.171143,0.222168,1.018311
3414304617,0.164795,0.223877,1.00293
3414309617,0.16626,0.224609,1.009521
3414314617,0.16626,0.223145,1.009521
3414319617,0.163086,0.223633,1.014404
3414324617,0.164551,0.22583,1.010498
3414329617,0.165283,0.229004,1.010986
3414334617,0.161377,0.221436,1.012939
3414339617,0.167969,0.226074,1.013428
3414344617,0.165039,0.227539,1.016113
3414349617,0.167725,0.223389,1.006836
3414354617,0.165039,0.227295,1.006592
3414359617,0.16748,0.224609,1.018066
3414364617,0.162354,0.225342,1.010498
3414369617,0.168213,0.226074,1.013916
3414374617,0.166504,0.228027,1.017578
3414379617,0.16748,0.21875,1.010742
3414384617,0.163574,0.222168,1.003662
3414389617,0.167725,0.227295,1.001465
3414394617,0.167969,0.2229,1.013672
3414399617,0.164795,0.223877,1.012451
3414404617,0.168213,0.228516,1.010986
3414409617,0.169189,0.223877,1.018799
3414414617,0.166748,0.225342,1.018066
3414419617,0.162109,0.223389,1.012451
3414424617,0.166992,0.227783,1.010986
3414429617,0.16626,0.225342,1.013672
3414434617,0.164551,0.224121,1.013184
3414439617,0.163818,0.2229,1.009766
3414444617,0.165283,0.228271,1.018066
3414449617,0.162109,0.224854,1.012939
3414454617,0.164062,0.227295,1.011963
3414459617,0.163574,0.223145,1.008545
3414464617,0.166016,0.228027,1.005615
3414469617,0.16333,0.225586,1.011475
3414474617,0.165771,0.227783,1.010986
3414479617,0.167725,0.224854,1.013428
3414484617,0.166992,0.224609,1.01123
3414489617,0.171143,0.225342,1.015625
3414494617,0.16626,0.226074,1.008789
3414499617,0.162354,0.224121,1.010742
3414504617,0.16333,0.226318,1.013184
3414509617,0.168457,0.229004,1.013672
3414514617,0.163818,0.22998,1.008301
3414519617,0.1604,0.226074,1.01416
3414524617,0.160645,0.225586,1.009521
3414529617,0.166016,0.227051,1.012695
3414534617,0.163086,0.223877,1.01416
3414539617,0.164062,0.225098,1.006836
3414544617,0.168457,0.224854,1.004395
3414549617,0.167725,0.223877,1.012939
3414554617,0.17041,0.223145,1.003418
3414559617,0.165039,0.22583,1.011719
3414564617,0.167969,0.226807,1.012695
3414569617,0.162598,0.221924,1.01123
3414574617,0.165039,0.227295,1.009521
3414579617,0.166748,0.225098,1.010742
3414584617,0.166992,0.224609,1.010254
3414589617,0.166016,0.225586,1.019775
3414594617,0.161621,0.224854,1.009521
3414599617,0.163086,0.224365,1.010986
3414604617,0.167969,0.22583,1.01001
3414609617,0.161133,0.227051,1.006836
3414614617,0.161865,0.227051,1.009766
3414619617,0.171143,0.228027,1.014404
3414624617,0.165039,0.228027,1.00415
3414629617,0.164307,0.223877,1.015137
3414634617,0.167725,0.220947,1.016846
3414639617,0.163818,0.225098,1.009521
3414644617,0.163818,0.224854,1.008301
3414649617,0.165283,0.224609,1.016846
3414654617,0.166748,0.224121,1.011475
3414659617,0.170166,0.225098,1.013428
3414664617,0.163086,0.225098,1.012939
3414669617,0.166748,0.227051,1.009521
3414674617,0.169434,0.225342,1.010742
3414679617,0.166992,0.226318,1.009277
3414684617,0.163574,0.224121,1.01416
