timestamp_us,x_g,y_g,z_g
1126919606,0.109863,0.161377,1.030762
1126924606,0.111328,0.160889,1.036377
1126929606,0.114014,0.160645,1.027344
1126934606,0.114014,0.159912,1.032227
1126939606,0.108398,0.164551,1.029297
1126944606,0.111084,0.16626,1.036621
1126949606,0.110596,0.162109,1.034668
1126954606,0.112305,0.169434,1.03418
1126959606,0.111572,0.163574,1.030762
1126964606,0.113281,0.163086,1.02832
1126969606,0.112793,0.162109,1.036377
1126974606,0.112305,0.164551,1.029785
1126979606,0.111572,0.164062,1.0354
1126984606,0.116455,0.162598,1.035156
1126989606,0.113525,0.164551,1.033447
1126994606,0.114746,0.161377,1.031494
1126999606,0.116211,0.163818,1.031738
1127004606,0.11377,0.164795,1.027344
1127009606,0.110352,0.160645,1.034668
1127014606,0.108398,0.163086,1.028564
1127019606,0.113281,0.165283,1.029297
1127024606,0.110596,0.166504,1.033936
1127029606,0.109131,0.163574,1.031982
1127034606,0.11084,0.165039,1.027588
1127039606,0.111328,0.162109,1.0271
1127044606,0.110107,0.161865,1.030518
1127049606,0.113281,0.164551,1.036865
1127054606,0.109863,0.164795,1.03418
1127059606,0.112305,0.166016,1.032959
1127064606,0.113281,0.164795,1.036133
1127069606,0.11377,0.163818,1.029785
1127074606,0.112305,0.165771,1.024902
1127079606,0.10791,0.166748,1.0271
1127084606,0.112305,0.167725,1.036133
1127089606,0.110107,0.164795,1.030273
1127094606,0.112793,0.162598,1.04126
1127099606,0.113037,0.158936,1.030762
1127104606,0.109131,0.164551,1.030762
1127109606,0.114502,0.163574,1.032471
1127114606,0.112061,0.164062,1.030518
1127119606,0.113525,0.163086,1.032471
1127124606,0.111084,0.163574,1.03125
1127129606,0.114258,0.16333,1.030518
1127134606,0.112061,0.164551,1.035889
1127139606,0.11084,0.161865,1.030273
1127144606,0.110107,0.165771,1.029785
1127149606,0.109375,0.166016,1.032227
1127154606,0.110352,0.164795,1.0354
1127159606,0.109375,0.161133,1.030273
1127164606,0.110596,0.166504,1.031006
1127169606,0.114746,0.160889,1.029785
1127174606,0.114014,0.164551,1.034912
1127179606,0.116943,0.165771,1.027832
1127184606,0.107422,0.162842,1.032959
1127189606,0.113037,0.162109,1.030273
1127194606,0.109375,0.16333,1.030273
1127199606,0.114502,0.162354,1.025146
1127204606,0.113525,0.165039,1.038818
1127209606,0.111816,0.164062,1.033936
1127214606,0.114746,0.162842,1.030029
1127219606,0.111084,0.161377,1.027588
1127224606,0.110596,0.169678,1.035156
1127229606,0.110352,0.165771,1.036377
1127234606,0.112793,0.161133,1.021973
1127239606,0.109863,0.165283,1.028076
1127244606,0.112305,0.164795,1.037842
1127249606,0.109863,0.163086,1.033691
1127254606,0.109863,0.162109,1.028809
1127259606,0.117188,0.161377,1.028809
1127264606,0.109131,0.161865,1.03125
1127269606,0.108398,0.170898,1.039795
1127274606,0.10791,0.164062,1.029541
1127279606,0.111328,0.165527,1.026611
1127284606,0.110107,0.163086,1.028564
1127289606,0.111328,0.166016,1.030762
1127294606,0.112549,0.164062,1.034424
1127299606,0.114502,0.161865,1.032715
1127304606,0.110107,0.164795,1.03125
1127309606,0.112305,0.162598,1.026123
1127314606,0.107422,0.160889,1.028809
1127319606,0.112549,0.164551,1.025635
1127324606,0.113525,0.162354,1.029297
1127329606,0.114014,0.167725,1.037598
1127334606,0.112061,0.163818,1.033691
1127339606,0.111328,0.164062,1.032959
1127344606,0.112793,0.165039,1.028076
1127349606,0.11084,0.166504,1.030273
1127354606,0.111572,0.163574,1.033691
1127359606,0.109131,0.162354,1.025879
1127364606,0.11084,0.16333,1.033691
1127369606,0.112061,0.158691,1.033936
1129944606,0.114014,0.163086,1.038818
1129949606,0.114502,0.163574,1.026611
1129954606,0.115967,0.162842,1.031006
1129959606,0.116211,0.167236,1.029053
1129964606,0.117676,0.164062,1.033447
1129969606,0.112793,0.162598,1.031982
1129974606,0.11084,0.164307,1.033447
1129979606,0.113281,0.165527,1.025391
1129984606,0.110352,0.164062,1.037598
1129989606,0.109619,0.163086,1.031494
1129994606,0.110107,0.161621,1.030518
1129999606,0.113037,0.166748,1.03418
1130004606,0.109619,0.165527,1.035156
1130009606,0.114014,0.165771,1.025879
1130014606,0.110352,0.168701,1.024658
1130019606,0.112305,0.165771,1.027588
1130024606,0.112305,0.164307,1.0354
1130029606,0.112061,0.162354,1.032959
1130034606,0.11499,0.164062,1.031494
1130039606,0.113525,0.164795,1.027832
1130044606,0.109131,0.168457,1.0271
1130049606,0.106689,0.170898,1.030273
1130054606,0.108643,0.16626,1.028809
1130059606,0.113281,0.16748,1.032959
1130064606,0.114014,0.161865,1.031494
1130069606,0.118164,0.162598,1.030029
1130074606,0.109619,0.157227,1.029541
1130079606,0.11084,0.15918,1.036133
1130084606,0.112793,0.167236,1.027832
1130089606,0.115723,0.1604,1.033203
1130094606,0.116455,0.164307,1.031738
1130099606,0.110596,0.165771,1.026611
1130104606,0.112549,0.166748,1.025879
1130109606,0.111328,0.164062,1.033203
1130114606,0.115479,0.16626,1.030762
1130119606,0.115234,0.164062,1.029785
1130124606,0.114258,0.164551,1.029541
1130129606,0.111572,0.16333,1.029297
1130134606,0.112061,0.16748,1.033447
1130139606,0.106689,0.169189,1.033691
1130144606,0.112793,0.166016,1.027832
1130149606,0.11084,0.165283,1.03833
1130154606,0.112305,0.161865,1.032471
1130159606,0.112793,0.161621,1.031006
1130164606,0.110596,0.160645,1.030029
1130169606,0.109619,0.164551,1.029053
1130174606,0.116943,0.162842,1.032715
1130179606,0.114258,0.162598,1.036377
1130184606,0.11377,0.167236,1.033203
1130189606,0.108887,0.166748,1.032715
1130194606,0.110352,0.163574,1.038086
1130199606,0.112061,0.167236,1.033691
1130204606,0.114014,0.164795,1.032227
1130209606,0.114014,0.165771,1.034668
1130214606,0.111572,0.164795,1.03833
1130219606,0.111084,0.166016,1.028076
1130224606,0.112793,0.165527,1.039307
1130229606,0.115234,0.165527,1.032959
1130234606,0.113281,0.163818,1.035889
1130239606,0.111084,0.166504,1.032227
1130244606,0.112793,0.163818,1.030029
1130249606,0.109375,0.168213,1.034912
1130254606,0.108887,0.164062,1.034668
1130259606,0.113525,0.166992,1.031982
1130264606,0.115234,0.166016,1.028564
1130269606,0.115723,0.163574,1.028076
1130274606,0.111572,0.164795,1.022949
1130279606,0.111816,0.164062,1.029541
1130284606,0.111084,0.166504,1.029297
1130289606,0.112793,0.164062,1.028809
1130294606,0.111816,0.164795,1.028564
1130299606,0.112549,0.16626,1.031738
1130304606,0.113037,0.162109,1.026611
1130309606,0.115967,0.163574,1.026611
1130314606,0.112305,0.162842,1.029297
1130319606,0.112549,0.163818,1.030273
1130324606,0.112549,0.159912,1.029541
1130329606,0.109619,0.16626,1.029053
1130334606,0.113037,0.161865,1.028809
1130339606,0.113281,0.161621,1.03125
1130344606,0.11377,0.168213,1.030518
1130349606,0.113281,0.160156,1.03418
1130354606,0.111328,0.162842,1.031738
1130359606,0.110352,0.168457,1.030029
1130364606,0.113037,0.163574,1.034912
1130369606,0.110596,0.164062,1.027344
1130374606,0.11377,0.161377,1.02832
1130379606,0.113281,0.161865,1.032471
1130384606,0.114502,0.164795,1.029053
1130389606,0.114746,0.165527,1.030518
1130394606,0.110596,0.166748,1.035645
1130399606,0.115967,0.16748,1.031006
1130404606,0.111328,0.157715,1.032471
1130409606,0.113281,0.165283,1.032715
1130414606,0.112549,0.163818,1.030762
1130419606,0.112549,0.165039,1.029053
1130424606,0.111084,0.164307,1.036621
1130429606,0.114258,0.162354,1.032959
1130434606,0.114014,0.160156,1.030273
1130439606,0.106934,0.16626,1.03125
1130444606,0.112793,0.16748,1.032959
1130449606,0.115723,0.164307,1.028076
1130454606,0.116943,0.159424,1.031982
1130459606,0.114014,0.167969,1.031494
1130464606,0.112305,0.16333,1.029541
1130469606,0.11377,0.163086,1.036133
1130474606,0.113037,0.159912,1.038818
1130479606,0.116943,0.162598,1.031982
1130484606,0.11377,0.162109,1.032227
1130489606,0.110107,0.160645,1.03418
1130494606,0.109375,0.165527,1.032715
1130499606,0.112549,0.164795,1.033691
1130504606,0.110596,0.164795,1.02832
1130509606,0.114258,0.162598,1.026855
1130514606,0.109863,0.163574,1.0354
1130519606,0.108643,0.165039,1.034912
1130524606,0.113037,0.166016,1.031982
1130529606,0.110352,0.161865,1.028076
1130534606,0.114014,0.164551,1.030029
1130539606,0.114746,0.165283,1.026123
1130544606,0.114502,0.162598,1.034424
1130549606,0.113037,0.161377,1.040039
1130554606,0.114258,0.164307,1.037598
1130559606,0.107422,0.16626,1.0271
1130564606,0.111084,0.164795,1.028564
1130569606,0.11377,0.162109,1.029785
1130574606,0.112061,0.164307,1.029053
1130579606,0.116455,0.162598,1.036865
1130584606,0.114502,0.16626,1.030762
1130589606,0.112061,0.163086,1.027344
1130594606,0.113281,0.166016,1.034424
1130599606,0.114258,0.163086,1.034912
1130604606,0.112305,0.164795,1.033447
1130609606,0.112305,0.160645,1.033203
1130614606,0.110352,0.162842,1.031738
1130619606,0.110352,0.165039,1.029053
1130624606,0.111572,0.167969,1.031738
1130629606,0.113525,0.167725,1.032227
1130634606,0.112793,0.160156,1.037598
1130639606,0.111572,0.165039,1.038818
1130644606,0.11377,0.169189,1.030762
1130649606,0.115967,0.162598,1.0354
1130654606,0.112061,0.161865,1.031738
1130659606,0.113525,0.162598,1.03125
1130664606,0.113281,0.162354,1.0271
1130669606,0.11792,0.165283,1.032715
1130674606,0.112793,0.169189,1.033447
1130679606,0.109863,0.164551,1.032227
1130684606,0.114502,0.163574,1.033447
1130689606,0.115723,0.1604,1.030273
1130694606,0.112549,0.157471,1.031982
1130699606,0.114258,0.162598,1.036377
1130704606,0.110352,0.159912,1.026611
1130709606,0.114746,0.162109,1.037842
1130714606,0.115723,0.163086,1.036133
1130719606,0.114746,0.164551,1.031494
1130724606,0.111328,0.168701,1.03833
1130729606,0.112305,0.168945,1.030518
1130734606,0.113281,0.165283,1.027588
1130739606,0.11499,0.163086,1.030273
1130744606,0.110596,0.164551,1.033203
1130749606,0.115234,0.163086,1.036377
1130754606,0.112549,0.168701,1.033203
1130759606,0.111816,0.16626,1.037598
1130764606,0.111816,0.164551,1.032471
1130769606,0.113281,0.165527,1.029053
1130774606,0.108398,0.164062,1.033936
1130779606,0.110352,0.162109,1.026855
1130784606,0.110352,0.165527,1.036133
1130789606,0.111328,0.164795,1.031494
1130794606,0.11499,0.163818,1.030518
1130799606,0.114258,0.164551,1.033203
1130804606,0.11499,0.160889,1.032715
1130809606,0.112793,0.166504,1.031006
1130814606,0.117188,0.16626,1.031494
1130819606,0.11084,0.167236,1.030273
1130824606,0.111084,0.169922,1.032715
1130829606,0.112061,0.168457,1.030762
1130834606,0.108887,0.165283,1.036377
1130839606,0.111816,0.166504,1.037354
1130844606,0.11084,0.163574,1.035645
1130849606,0.111572,0.167725,1.031494
1130854606,0.116211,0.164795,1.030273
1130859606,0.112549,0.159912,1.029297
1130864606,0.112793,0.167236,1.031494
1130869606,0.110107,0.164307,1.0354
1130874606,0.115479,0.165527,1.028076
1130879606,0.113281,0.164795,1.031006
1130884606,0.109131,0.164551,1.031982
1130889606,0.112549,0.162842,1.032959
1130894606,0.111084,0.162354,1.034668
1130899606,0.109863,0.166748,1.040771
1130904606,0.113281,0.162598,1.031494
1130909606,0.113281,0.162598,1.032715
1130914606,0.110352,0.168945,1.027588
1130919606,0.114502,0.162598,1.035889
1130924606,0.114014,0.162842,1.026611
1130929606,0.113281,0.161621,1.032227
1130934606,0.114502,0.160645,1.032959
1130939606,0.108887,0.161865,1.032715
1130944606,0.111328,0.166016,1.028564
1130949606,0.115479,0.165771,1.029541
1130954606,0.112305,0.163818,1.027832
1130959606,2.791016,3.999878,3.107666
1130964606,-2.559326,3.777832,3.999878
1130969606,-0.66626,2.225098,-4.0
1130974606,-1.176758,3.168457,-4.0
1130979606,-0.740967,1.979492,2.870605
1130984606,-0.626709,2.334717,-4.0
1130989606,-0.300781,2.234131,-3.1604
1130994606,-1.287598,1.397461,-0.06958
1130999606,0.332275,1.604248,3.219482
1131004606,-0.419189,0.225342,1.445557
1131009606,0.233154,0.011963,1.280029
1131014606,0.16333,0.265137,0.67041
1131019606,0.161133,0.132568,0.898193
1131024606,0.248779,-0.054932,1.013184
1131029606,0.171631,0.29248,1.048096
1131034606,0.123535,0.260254,1.158203
1131039606,0.093262,0.203369,1.185547
1131044606,0.11499,0.155518,1.039307
1131049606,0.063721,0.114746,0.845703
1131054606,0.055176,0.088135,0.844971
1131059606,0.107422,0.143311,1.023438
1131064606,0.064941,0.298096,1.099854
1131069606,0.090576,0.284424,1.082275
1131074606,0.085449,0.211914,1.074463
1131079606,0.066406,0.148926,0.992432
1131084606,0.086914,0.087891,0.884277
1131089606,0.090576,0.115967,1.010742
1131094606,0.093994,0.163574,1.056885
1131099606,-0.42627,0.59375,3.999878
1131104606,-0.477295,1.388672,1.627441
1131109606,0.089844,2.490723,-1.768311
1131114606,-1.443604,0.518066,1.438232
1131119606,0.185547,2.373047,-4.0
1131124606,0.259277,0.523437,-0.084717
1131129606,0.017578,0.327881,1.297363
1131134606,0.074707,0.252197,-0.638916
1131139606,0.094727,0.345703,1.357422
1131144606,0.166748,0.370605,1.083496
1131149606,0.002441,0.12207,1.27124
1131154606,0.072021,0.163574,0.955322
1131159606,0.064453,0.188721,0.958496
1131164606,0.126953,0.027344,0.828857
1131169606,0.164795,0.078857,1.029297
1131174606,0.180908,0.082275,1.138672
1131179606,0.098389,0.193359,1.063721
1131184606,0.105469,0.253662,0.97998
1131189606,0.099609,0.200684,1.006348
1131194606,0.093018,0.195801,1.11377
1131199606,0.01001,0.337646,1.098633
1131204606,0.091309,0.219238,1.047852
1131209606,0.058594,0.249512,1.099121
1131214606,0.104004,0.187256,1.039795
1131219606,0.036865,0.243408,1.036377
1131224606,0.10083,0.157227,1.019531
1131229606,0.100586,0.21582,1.094482
1131234606,0.126953,0.115967,1.025879
1131239606,0.117188,0.110107,1.001953
1131244606,0.126709,0.091797,0.982422
1131249606,0.119629,0.140625,1.009766
1131254606,0.075684,0.125488,0.988281
1131259606,0.328613,-0.044189,-2.414551
1131264606,-0.543457,-0.029053,1.542725
1131269606,-0.658936,0.217773,1.121338
1131274606,-0.393555,0.180176,-0.488281
1131279606,0.224854,0.281982,0.868896
1131284606,0.110107,0.233643,0.886475
1131289606,0.120605,0.221191,1.270752
1131294606,0.137695,0.148193,1.120361
1131299606,0.036621,0.246338,0.955078
1131304606,0.041992,0.219482,1.077148
1131309606,0.131836,0.241455,1.147949
1131314606,0.129395,0.098877,1.037109
1131319606,0.159668,0.054932,0.953369
1131324606,0.182129,0.0979,0.985596
1131329606,0.183838,0.036377,0.658936
1131334606,-0.297852,0.387207,0.687744
1131339606,0.126953,0.195557,1.259521
1131344606,0.143555,0.371582,0.865479
1131349606,0.056152,0.135742,1.028564
1131354606,0.064209,0.166504,0.978271
1131359606,0.036377,0.241211,0.927734
1131364606,0.05249,0.188965,1.154297
1131369606,0.123291,0.241211,1.111084
1131374606,0.078857,0.229492,1.00293
1131379606,0.078369,0.222412,1.063965
1131384606,0.071533,0.169922,0.735596
1131389606,-0.848389,0.119873,0.333984
1131394606,-0.19165,0.026367,1.217773
1131399606,0.215576,0.038574,0.939697
1131404606,0.163574,0.192871,1.166504
1131409606,0.053223,0.161377,1.032959
1131414606,0.127441,0.211182,1.001953
1131419606,0.111084,0.098877,1.002197
1131424606,0.222168,0.242676,0.544434
1131429606,-0.019531,0.135742,0.594727
1131434606,0.060547,0.268066,1.13208
1131439606,0.295166,0.074707,1.140625
1131444606,0.114014,0.178223,0.925537
1131449606,0.092041,0.19458,1.026123
1131454606,0.142822,0.182617,1.242676
1131459606,0.102295,0.176514,1.05127
1131464606,0.063232,0.176758,0.999512
1131469606,0.071777,0.15332,0.960693
1131474606,0.124756,0.171387,1.020508
1131479606,0.083008,0.181885,0.90918
1131484606,0.104004,0.141846,1.003174
1131489606,0.135742,0.185791,1.032959
1131494606,0.098389,0.167969,1.001221
1131499606,0.089111,0.152588,1.018066
1131504606,0.119629,0.175537,1.053955
1131509606,0.082764,0.166504,0.98877
1131514606,0.102783,0.17041,1.054932
1131519606,0.111084,0.187256,1.066162
1131524606,0.085449,0.179443,1.016846
1131529606,0.10083,0.181641,1.057373
1131534606,0.104736,0.175781,1.036133
1131539606,0.090576,0.160645,1.017334
1131544606,0.116455,0.165771,1.049316
1131549606,0.105225,0.174072,1.020508
1131554606,0.092285,0.169434,1.0271
1131559606,0.110352,0.172119,1.048096
1131564606,0.099854,0.162598,1.016113
1131569606,0.103027,0.153564,1.022217
1131574606,0.113525,0.164795,1.041748
1131579606,0.094238,0.168945,1.016357
1131584606,0.10083,0.167725,1.041992
1131589606,0.105469,0.175537,1.049072
1131594606,0.092529,0.168457,1.02417
1131599606,0.105957,0.164551,1.0354
1131604606,0.101074,0.166016,1.032227
1131609606,0.092285,0.167725,1.02124
1131614606,0.102783,0.174072,1.041504
1131619606,0.104248,0.172119,1.035889
1131624606,0.098877,0.163818,1.022949
1131629606,0.105957,0.168213,1.036865
1131634606,0.097656,0.16626,1.02002
1131639606,0.0979,0.164062,1.029541
1131644606,0.106445,0.167969,1.034912
1131649606,0.101318,0.174561,1.028564
1131654606,0.097168,0.171387,1.036377
1131659606,0.101563,0.165039,1.039551
1131664606,0.098633,0.167969,1.025635
1131669606,0.104492,0.165283,1.033936
1131674606,0.101563,0.166992,1.03125
1131679606,0.096924,0.169189,1.030273
1131684606,0.101318,0.170166,1.039307
1131689606,0.098389,0.167725,1.031006
1131694606,0.103027,0.160645,1.03418
1131699606,0.104492,0.164795,1.032227
1131704606,0.101318,0.16748,1.03418
1131709606,0.102539,0.172363,1.038818
1131714606,0.103271,0.17334,1.037109
1131719606,0.096924,0.166504,1.02124
1131724606,0.103516,0.168945,1.037354
1131729606,0.107178,0.168213,1.030029
1131734606,0.100342,0.167969,1.029053
1131739606,0.105713,0.17334,1.039063
1131744606,0.102295,0.168213,1.030518
1131749606,0.101074,0.165283,1.030518
1131754606,0.106445,0.168701,1.037354
1131759606,0.103516,0.171631,1.032471
1131764606,0.101074,0.162842,1.031982
1131769606,0.100342,0.170654,1.0354
1131774606,0.100098,0.171631,1.029053
1131779606,0.098145,0.167969,1.033447
1131784606,0.10498,0.17041,1.030029
1131789606,0.096924,0.166992,1.029785
1131794606,0.099609,0.171631,1.03125
1131799606,0.100342,0.170166,1.033691
1131804606,0.102295,0.167236,1.033203
1131809606,0.101318,0.170166,1.037598
1131814606,0.104736,0.164551,1.030029
1131819606,0.10376,0.166748,1.033936
1131824606,0.099854,0.168945,1.033203
1131829606,0.102295,0.166504,1.031006
1131834606,0.10083,0.169922,1.024902
1131839606,0.098145,0.170654,1.03418
1131844606,0.104004,0.169678,1.036133
1131849606,0.102783,0.169922,1.031738
1131854606,0.104004,0.171631,1.031006
1131859606,0.098389,0.168701,1.033691
1131864606,0.098389,0.169922,1.033203
1131869606,0.10083,0.167725,1.031738
1131874606,0.102295,0.165527,1.036377
1131879606,0.104004,0.167236,1.036377
1131884606,0.101318,0.169922,1.033203
1131889606,0.101563,0.169189,1.034668
1131894606,0.099609,0.171387,1.035889
1131899606,0.100342,0.167969,1.031494
1131904606,0.10498,0.164062,1.036865
1131909606,0.10083,0.169434,1.032227
1131914606,0.099854,0.167236,1.030518
1131919606,0.102051,0.167725,1.037354
1131924606,0.101318,0.167969,1.032959
1131929606,0.099609,0.168701,1.033203
1131934606,0.102295,0.170898,1.03125
1131939606,0.099609,0.170654,1.028564
1131944606,0.100098,0.16748,1.034668
1131949606,0.103271,0.170166,1.043457
1131954606,0.095703,0.167725,1.032471
1131959606,0.102539,0.164551,1.0354
1131964606,0.101563,0.170898,1.040039
1131969606,0.101563,0.167236,1.031494
1131974606,0.103027,0.165283,1.025635
1131979606,0.10376,0.166748,1.034912
1131984606,0.099365,0.169922,1.031494
1131989606,0.099854,0.168213,1.035645
1131994606,0.101318,0.169922,1.031494
1131999606,0.104248,0.16748,1.032715
1132004606,0.10083,0.16748,1.027588
1132009606,0.106445,0.168457,1.031006
1132014606,0.101074,0.166992,1.030762
1132019606,0.102783,0.166016,1.029541
1132024606,0.101318,0.164551,1.031494
1132029606,0.10083,0.167969,1.030762
1132034606,0.101318,0.168701,1.037354
1132039606,0.103516,0.169434,1.03833
1132044606,0.102539,0.16748,1.025635
1132049606,0.101807,0.169434,1.0271
1132054606,0.102783,0.169189,1.04126
1132059606,0.103027,0.171875,1.027344
1132064606,0.102783,0.17334,1.030762
1132069606,0.103027,0.169434,1.032227
1132074606,0.097168,0.166992,1.026367
1132079606,0.104248,0.168701,1.033447
1132084606,0.10376,0.165283,1.033447
1132089606,0.102051,0.165283,1.032227
1132094606,0.100342,0.170166,1.029541
1132099606,0.100586,0.16748,1.038086
1132104606,0.0979,0.166992,1.026367
1132109606,0.100342,0.164307,1.031006
1132114606,0.101563,0.170898,1.029297
1132119606,0.102295,0.167969,1.033203
1132124606,0.101074,0.170166,1.033447
1132129606,0.0979,0.169922,1.031738
1132134606,0.097412,0.169189,1.032959
1132139606,0.102783,0.169434,1.035889
1132144606,0.099365,0.165527,1.027588
1132149606,0.095703,0.168945,1.035156
1132154606,0.100586,0.166992,1.025391
1132159606,0.101563,0.16748,1.02832
1132164606,0.0979,0.162842,1.028564
1132169606,0.101807,0.169434,1.031982
1132174606,0.101563,0.164795,1.03418
1132179606,0.100342,0.165771,1.028809
1132184606,0.104736,0.168701,1.0271
1132189606,0.100098,0.161865,1.035889
1132194606,0.104004,0.169189,1.037109
1132199606,0.102295,0.165039,1.035156
1132204606,0.098877,0.17041,1.036133
1132209606,0.097656,0.166748,1.04248
1132214606,0.100586,0.167725,1.037842
1132219606,0.103271,0.16748,1.037109
1132224606,0.10376,0.166016,1.031494
1132229606,0.102539,0.169678,1.038086
1132234606,0.100342,0.171143,1.037109
1132239606,0.10083,0.169189,1.033203
1132244606,0.0979,0.170654,1.036133
1132249606,0.10498,0.167236,1.031982
1132254606,0.105225,0.169922,1.028564
1132259606,0.099854,0.167969,1.026855
1132264606,0.101318,0.165771,1.031982
1132269606,0.100342,0.17041,1.031494
1132274606,0.098145,0.165771,1.0271
1132279606,0.095459,0.16626,1.033203
1132284606,0.102539,0.170166,1.0354
1132289606,0.101807,0.167725,1.03418
1132294606,0.099609,0.168213,1.028076
1132299606,0.101318,0.170166,1.033447
1132304606,0.10083,0.169922,1.036865
1132309606,0.101807,0.168701,1.03125
1132314606,0.105713,0.171631,1.033447
1132319606,0.104492,0.168701,1.029541
1132324606,0.100586,0.16748,1.033936
1132329606,0.104248,0.172363,1.033447
1132334606,0.101807,0.172607,1.031982
1132339606,0.097412,0.167236,1.029297
1132344606,0.101074,0.165771,1.030029
1132349606,0.102539,0.168457,1.032959
1132354606,0.0979,0.167236,1.030273
1132359606,0.102295,0.167969,1.033936
1132364606,0.10083,0.172363,1.032959
1132369606,0.106689,0.168457,1.035889
1132374606,0.103027,0.166992,1.028564
1132379606,0.099854,0.165527,1.035889
1132384606,0.100098,0.168701,1.026855
1132389606,0.100342,0.168457,1.02832
1132394606,0.099365,0.169678,1.032471
1132399606,0.101074,0.171143,1.031494
1132404606,0.104004,0.165283,1.03418
1132409606,0.097412,0.169922,1.025879
1132414606,0.100586,0.167236,1.030029
1132419606,0.101563,0.167725,1.027588
1132424606,0.100586,0.170166,1.040527
1132429606,0.101074,0.166748,1.036865
1132434606,0.101807,0.168457,1.035889
1132439606,0.100098,0.168213,1.032471
1132444606,0.104248,0.164795,1.031006
1132449606,0.101563,0.171143,1.030273
1132454606,0.106689,0.170654,1.030762
1132459606,0.099121,0.168945,1.029785
1132464606,0.101074,0.166992,1.026367
1132469606,0.100586,0.164062,1.034912
1132474606,0.097656,0.167236,1.033203
1132479606,0.101074,0.169434,1.033203
1132484606,0.099121,0.168457,1.033691
1132489606,0.102051,0.168701,1.037109
1132494606,0.102783,0.168945,1.032227
1132499606,0.100098,0.165283,1.033447
1132504606,0.099854,0.170654,1.031006
1132509606,0.10498,0.162598,1.032715
1132514606,0.100342,0.166992,1.030029
1132519606,0.098633,0.169678,1.033691
1132524606,0.101318,0.166748,1.034912
1132529606,0.099854,0.168213,1.030518
1132534606,0.099121,0.169678,1.0354
1132539606,0.102783,0.169189,1.037109
1132544606,0.102539,0.168213,1.035889
1132549606,0.105957,0.166748,1.033691
1132554606,0.102051,0.165039,1.030762
1132559606,0.102051,0.166748,1.025635
1132564606,0.104736,0.169678,1.03125
1132569606,0.102051,0.166992,1.027344
1132574606,0.101318,0.163574,1.029541
1132579606,0.100586,0.166504,1.030518
1132584606,0.098145,0.169922,1.032471
1132589606,0.100342,0.169678,1.040283
1132594606,0.099609,0.167725,1.033447
1132599606,0.103027,0.167969,1.034424
1132604606,0.098633,0.170166,1.034424
1132609606,0.101807,0.167725,1.031006
1132614606,0.101074,0.168213,1.037598
1132619606,0.0979,0.170654,1.030762
1132624606,0.099854,0.166992,1.03418
1132629606,0.105713,0.167969,1.030762
1132634606,0.105469,0.168945,1.037842
1132639606,0.102051,0.167725,1.029785
1132644606,0.101807,0.167236,1.036621
1132649606,0.096924,0.166504,1.028076
1132654606,0.102295,0.171143,1.029053
1132659606,0.103027,0.172363,1.032471
1132664606,0.101563,0.169189,1.03125
1132669606,0.100586,0.165771,1.032471
1132674606,0.103271,0.167725,1.032227
1132679606,0.100098,0.167969,1.0354
1132684606,0.102295,0.172363,1.032715
1132689606,0.096924,0.170166,1.02832
1132694606,0.098877,0.167969,1.032715
1132699606,0.104004,0.171875,1.033691
1132704606,0.102295,0.16748,1.032227
1132709606,0.104248,0.170898,1.030029
1132714606,0.101074,0.164795,1.038086
1132719606,0.101074,0.170166,1.03125
1132724606,0.102539,0.169434,1.032471
1132729606,0.101807,0.169189,1.031982
1132734606,0.104736,0.168213,1.029297
1132739606,0.104004,0.169189,1.036133
1132744606,0.100342,0.17041,1.034912
1132749606,0.102783,0.167969,1.041504
1132754606,0.102783,0.168945,1.03418
1132759606,0.10083,0.171143,1.030029
1132764606,0.100342,0.171143,1.032471
1132769606,0.10083,0.170898,1.032959
1132774606,0.102783,0.170166,1.03125
1132779606,0.099609,0.166992,1.031738
1132784606,0.105469,0.169922,1.032959
1132789606,0.099854,0.172607,1.0354
1132794606,0.102539,0.171143,1.031982
1132799606,0.099854,0.169922,1.031006
1132804606,0.100586,0.170166,1.037598
1132809606,0.099121,0.169189,1.039795
1132814606,0.103027,0.165771,1.037109
1132819606,0.094482,0.164307,1.036621
1132824606,0.102051,0.164795,1.033447
1132829606,0.103027,0.16626,1.038086
1132834606,0.10376,0.169189,1.029541
1132839606,-0.446289,2.188477,3.999878
1132844606,-0.325195,0.115723,-2.631592
1132849606,-0.354004,0.527344,-2.597168
1132854606,1.165039,-0.112061,-4.0
1132859606,-0.217041,3.20166,-0.369873
1132864606,-1.262451,1.640625,0.685303
1132869606,-1.024902,2.069336,-1.032471
1132874606,-1.184326,0.751465,1.5354
1132879606,-1.13208,0.205078,1.430664
1132884606,0.350586,0.086426,-3.026123
1132889606,-0.794678,0.568359,0.805176
1132894606,0.061523,0.105225,1.454346
1132899606,0.202881,0.348389,1.545654
1132904606,0.166992,-0.019043,0.447021
1132909606,0.26416,0.575195,1.32251
1132914606,0.046387,0.209961,0.995361
1132919606,0.069824,0.198486,1.252441
1132924606,0.104492,0.324951,1.123535
1132929606,0.103271,0.125244,1.022461
1132934606,0.0625,0.085449,0.943115
1132939606,0.133545,0.095215,1.006348
1132944606,0.135498,0.246582,1.129639
1132949606,0.023926,0.209717,0.97998
1132954606,0.193115,-1.239746,0.05249
1132959606,2.102295,1.427734,1.567383
1132964606,0.289063,2.60083,-0.530273
1132969606,-0.738525,0.87793,1.192871
1132974606,-0.581299,-0.063721,1.191406
1132979606,0.116455,-0.999512,1.21875
1132984606,2.887451,2.473877,3.999878
1132989606,-0.218262,1.57666,-2.056152
1132994606,-0.058838,2.942627,-2.664307
1132999606,-0.029297,0.747559,0.275879
1133004606,-0.19043,0.223633,1.560791
1133009606,-0.380371,0.205078,1.195068
1133014606,0.082275,0.228271,1.186035
1133019606,0.072021,0.331055,1.055176
1133024606,0.064453,0.253418,0.933105
1133029606,0.114502,0.2229,1.091797
1133034606,0.10376,0.116211,0.971436
1133039606,0.100342,0.129639,0.98999
1133044606,0.14502,0.144287,1.041504
1133049606,0.117676,0.196777,1.077393
1133054606,0.146729,0.205811,1.144043
1133059606,0.087891,0.179199,1.016357
1133064606,0.095459,0.091309,1.012695
1133069606,-1.181885,1.020264,1.466553
1133074606,-1.089111,1.193359,1.20874
1133079606,0.103271,1.051514,0.973389
1133084606,0.064209,0.451904,0.865479
1133089606,0.08667,0.220215,1.05127
1133094606,0.095459,0.185791,1.089111
1133099606,0.110596,0.117676,1.009277
1133104606,0.125977,0.13208,1.080566
1133109606,0.119385,0.155762,1.03833
1133114606,0.134766,0.163574,1.124268
1133119606,0.088623,0.205322,0.960693
1133124606,0.050537,0.173828,0.919922
1133129606,0.024658,0.710449,0.739258
1133134606,0.105713,0.320801,1.081543
1133139606,0.149414,0.140625,1.092529
1133144606,0.150635,0.1875,1.102295
1133149606,0.074219,0.192139,1.039307
1133154606,0.082275,0.170654,1.041992
1133159606,0.105225,0.171631,1.042725
1133164606,0.104248,0.14624,1.036133
1133169606,0.088623,0.142334,1.012451
1133174606,0.097412,0.220947,1.01001
1133179606,0.109619,0.153076,1.093506
1133184606,0.036377,0.689209,0.946045
1133189606,0.065186,0.145752,1.270264
1133194606,0.170654,0.206543,1.171143
1133199606,0.114258,0.170898,1.046143
1133204606,0.114258,0.176514,1.069824
1133209606,0.077637,0.173828,0.979736
1133214606,0.077637,0.381592,1.010986
1133219606,0.06665,0.349365,1.020752
1133224606,0.165771,0.159912,1.216064
1133229606,0.097168,0.334473,1.088867
1133234606,0.082764,0.206055,1.049561
1133239606,-0.095215,0.124756,0.836426
1133244606,0.198975,0.205078,1.223389
1133249606,0.166504,0.197021,1.141113
1133254606,0.07959,0.150391,0.882324
1133259606,0.111328,0.141602,1.110107
1133264606,0.095459,0.175781,0.993164
1133269606,0.116699,0.29541,1.119141
1133274606,0.107666,0.220703,0.955566
1133279606,0.075684,0.193848,1.010498
1133284606,0.140625,0.185547,1.19458
1133289606,0.165771,0.142822,1.064209
1133294606,0.204346,0.215576,1.166748
1133299606,-0.062744,1.061768,1.054688
1133304606,0.128418,0.524902,1.016602
1133309606,0.087646,0.178711,1.055908
1133314606,0.080078,0.176025,1.00708
1133319606,0.100586,0.193359,1.06958
1133324606,0.10083,0.145508,1.079346
1133329606,0.141113,0.164062,1.032715
1133334606,0.206543,0.174805,1.250977
1133339606,0.115234,0.153076,0.982666
1133344606,0.128906,0.140137,1.1521
1133349606,0.037354,0.202148,0.952637
1133354606,0.105225,0.166504,1.074463
1133359606,0.161133,0.150635,1.144043
1133364606,0.085449,0.162109,0.984131
1133369606,0.11792,0.419434,1.046875
1133374606,0.07373,0.258545,0.909912
1133379606,0.156982,0.187988,1.14502
1133384606,0.092773,0.188477,1.016357
1133389606,0.094971,0.182129,1.068115
1133394606,0.085449,0.170166,1.024414
1133399606,0.132324,0.188232,1.039063
1133404606,0.127686,0.144775,1.053467
1133409606,0.097412,0.179687,1.092285
1133414606,0.028076,0.311523,0.746826
1133419606,0.128174,0.204102,1.083252
1133424606,0.125732,0.171387,1.079102
1133429606,0.125244,0.151123,1.02002
1133434606,0.069092,0.154785,0.94043
1133439606,0.104492,0.153564,1.077881
1133444606,0.123291,0.182617,1.107178
1133449606,0.124268,0.178711,1.134277
1133454606,-0.005371,1.166748,1.254883
1133459606,0.016113,0.170166,0.968506
1133464606,0.121826,0.112549,1.081055
1133469606,0.162354,0.165283,1.11792
1133474606,0.019531,0.207275,0.986328
1133479606,0.079102,0.296875,1.059326
1133484606,0.081787,0.141602,1.209229
1133489606,0.136719,0.121338,1.093262
1133494606,0.053467,0.174561,0.996338
1133499606,0.088379,0.172363,1.003906
1133504606,0.081543,0.707031,0.932373
1133509606,0.053223,0.11499,0.856934
1133514606,0.058105,0.169189,1.074951
1133519606,0.040527,0.229736,0.913818
1133524606,0.10376,0.159912,1.020264
1133529606,0.138916,0.111572,1.243652
1133534606,0.125732,0.210693,1.030273
1133539606,0.075928,0.981445,1.050537
1133544606,0.0979,0.224121,0.99292
1133549606,0.109863,0.186768,1.02124
1133554606,0.084473,0.180908,1.003418
1133559606,0.096436,0.162354,1.031738
1133564606,0.099365,0.170654,1.055176
1133569606,0.092041,0.165283,1.030029
1133574606,0.095459,0.165283,1.039795
1133579606,0.102295,0.160889,1.026367
1133584606,0.088135,0.159668,1.016846
1133589606,0.106201,0.155762,1.038574
1133594606,0.090332,0.165527,1.038818
1133599606,0.093506,0.163086,1.030762
1133604606,0.0979,0.168945,1.040527
1133609606,0.097412,0.160645,1.020996
1133614606,0.0896,0.164062,1.035645
1133619606,0.101074,0.161377,1.04248
1133624606,0.093018,0.161377,1.029541
1133629606,0.100098,0.162842,1.037109
1133634606,0.098145,0.165771,1.034424
1133639606,0.092773,0.160645,1.019287
1133644606,0.092773,0.159668,1.022949
1133649606,0.096436,0.162354,1.026367
1133654606,0.094238,0.163086,1.026611
1133659606,0.09375,0.166016,1.04248
1133664606,0.094727,0.16626,1.035645
1133669606,0.092041,0.162842,1.029541
1133674606,0.09668,0.162598,1.035156
1133679606,0.093018,0.165039,1.021484
1133684606,0.091309,0.16626,1.0271
1133689606,0.098633,0.165771,1.041504
1133694606,0.09375,0.163574,1.029053
1133699606,0.094238,0.162598,1.032715
1133704606,0.096191,0.16333,1.028076
1133709606,0.093506,0.162842,1.02124
1133714606,0.091553,0.163818,1.033936
1133719606,0.094971,0.166016,1.03833
1133724606,0.098145,0.164307,1.034668
1133729606,0.100586,0.168701,1.0354
1133734606,0.098633,0.164062,1.029541
1133739606,0.094727,0.165771,1.039063
1133744606,0.099365,0.16626,1.039063
1133749606,0.097412,0.164062,1.0354
1133754606,0.09668,0.164795,1.033936
1133759606,0.100586,0.166504,1.034424
1133764606,0.0979,0.164307,1.028564
1133769606,0.0979,0.165039,1.033447
1133774606,0.099854,0.168213,1.031006
1133779606,0.095459,0.166504,1.031006
1133784606,0.098877,0.165039,1.037598
1133789606,0.095459,0.16333,1.032471
1133794606,0.09668,0.161377,1.029053
1133799606,0.096191,0.164795,1.036133
1133804606,0.095947,0.165771,1.030029
1133809606,0.095703,0.165283,1.032715
1133814606,0.096436,0.163574,1.032227
1133819606,0.095947,0.164062,1.034668
1133824606,0.094727,0.166504,1.030762
1133829606,0.096191,0.162354,1.035645
1133834606,0.097412,0.164062,1.034912
1133839606,0.098633,0.167236,1.036865
1133844606,0.094727,0.163574,1.029541
1133849606,0.094971,0.163818,1.035156
1133854606,0.098877,0.165039,1.031982
1133859606,0.098633,0.161621,1.033936
1133864606,0.094482,0.158691,1.029785
1133869606,0.091797,0.165283,1.037598
1133874606,0.095703,0.166016,1.035889
1133879606,0.095947,0.162842,1.039063
1133884606,0.099121,0.162598,1.042725
1133889606,0.097656,0.165771,1.033691
1133894606,0.099609,0.164551,1.038818
1133899606,0.0979,0.167725,1.035645
1133904606,0.094482,0.162598,1.036133
1133909606,0.096924,0.164062,1.03125
1133914606,0.094971,0.161865,1.035156
1133919606,0.098389,0.165283,1.032959
1133924606,0.096191,0.16748,1.029053
1133929606,0.094727,0.165771,1.041016
1133934606,0.099854,0.161377,1.032715
1133939606,0.093994,0.165771,1.034668
1133944606,0.095703,0.164795,1.02832
1133949606,0.097656,0.160889,1.036133
1133954606,0.097412,0.165527,1.034668
1133959606,0.098389,0.164307,1.030518
1133964606,0.094971,0.161133,1.032227
1133969606,0.102539,0.165771,1.026611
1133974606,0.095459,0.163086,1.026855
1133979606,0.089355,0.161621,1.03418
1133984606,0.100098,0.165527,1.03418
1133989606,0.097412,0.166992,1.029297
1133994606,0.095703,0.164062,1.036865
1133999606,0.097412,0.161865,1.037598
1134004606,0.095459,0.162842,1.029785
1134009606,0.096191,0.164062,1.031006
1134014606,0.097168,0.165283,1.036133
1134019606,0.099854,0.164307,1.032227
1134024606,0.098145,0.16333,1.028809
1134029606,0.096191,0.166748,1.033691
1134034606,0.094727,0.161377,1.027344
1134039606,0.098389,0.162598,1.029297
1134044606,0.099121,0.166016,1.030762
1134049606,0.097168,0.163086,1.034912
1134054606,0.098389,0.166016,1.031494
1134059606,0.096924,0.1604,1.03125
1134064606,0.097168,0.161621,1.032227
1134069606,0.097656,0.158203,1.034668
1134074606,0.096436,0.162842,1.028809
1134079606,0.098145,0.162598,1.033691
1134084606,0.096191,0.162109,1.037109
1134089606,0.095215,0.164062,1.037354
1134094606,0.093018,0.164307,1.031006
1134099606,0.099854,0.162354,1.033691
1134104606,0.094238,0.168457,1.043701
1134109606,0.096191,0.162354,1.040039
1134114606,0.093994,0.167725,1.040039
1134119606,0.0979,0.164307,1.035889
1134124606,0.096924,0.163574,1.037842
1134129606,0.096436,0.164307,1.032715
1134134606,0.099609,0.162598,1.031738
1134139606,0.096436,0.165039,1.030762
1134144606,0.094238,0.16626,1.037598
1134149606,0.09668,0.166748,1.03125
1134154606,0.10083,0.162598,1.028809
1134159606,0.094971,0.164062,1.02832
1134164606,0.096191,0.159912,1.031982
1134169606,0.098633,0.163818,1.031006
1134174606,0.092529,0.161377,1.025146
1134179606,0.090576,0.165527,1.025879
1134184606,0.098633,0.166504,1.032715
1134189606,0.100098,0.165771,1.04126
1134194606,0.098389,0.162109,1.040039
1134199606,0.098633,0.161377,1.03418
1134204606,0.098633,0.16333,1.028564
1134209606,0.09668,0.163574,1.029785
1134214606,0.09668,0.16626,1.02832
1134219606,0.098145,0.164062,1.030273
1134224606,0.092285,0.164795,1.030273
1134229606,0.094971,0.166504,1.021729
1134234606,0.098633,0.161865,1.030273
1134239606,0.096436,0.166016,1.030518
1134244606,0.098633,0.163574,1.0354
1134249606,0.102783,0.166748,1.033936
1134254606,0.097412,0.161865,1.035156
1134259606,0.098389,0.165527,1.030518
1134264606,0.09668,0.162109,1.027344
1134269606,0.095459,0.165527,1.036133
1134274606,0.096191,0.16626,1.034912
1134279606,0.099365,0.164551,1.029785
1134284606,0.097412,0.165283,1.037842
1134289606,0.096924,0.16626,1.029785
1134294606,0.097168,0.165527,1.038574
1134299606,0.09668,0.162354,1.034912
1134304606,0.095459,0.166748,1.037354
1134309606,0.101318,0.161865,1.029297
1134314606,0.092529,0.163818,1.027588
1134319606,0.098389,0.161865,1.030518
1134324606,0.098633,0.16748,1.029785
1134329606,0.09668,0.165771,1.040283
1134334606,0.096436,0.167969,1.032715
1134339606,0.097656,0.165283,1.0354
1134344606,0.100586,0.166016,1.035156
1134349606,0.100586,0.164795,1.033203
1134354606,0.096191,0.161865,1.033936
1134359606,0.095459,0.166992,1.029541
1134364606,0.0979,0.162598,1.030762
1134369606,0.093506,0.168945,1.034668
1134374606,0.09375,0.158691,1.030273
1134379606,0.096191,0.161377,1.027832
1134384606,0.099854,0.164795,1.03125
1134389606,0.098145,0.158447,1.032471
1134394606,0.097656,0.164551,1.035645
1134399606,0.095703,0.160156,1.031982
1134404606,0.094727,0.164307,1.031494
1134409606,0.09375,0.158447,1.032471
1134414606,0.094238,0.164062,1.036865
1134419606,0.099121,0.164795,1.033203
1134424606,0.098145,0.165771,1.035645
1134429606,0.096924,0.164551,1.031738
1134434606,0.097412,0.165283,1.034424
1134439606,0.099609,0.165771,1.032959
1134444606,0.094238,0.165283,1.03418
1134449606,0.100342,0.167236,1.037354
1134454606,0.094238,0.161133,1.034668
1134459606,0.097168,0.164795,1.028564
1134464606,0.097412,0.163574,1.036621
1134469606,0.095947,0.164062,1.036865
1134474606,0.0979,0.163086,1.0354
1134479606,0.099121,0.164795,1.03125
1134484606,0.10083,0.163818,1.039307
1134489606,0.0979,0.166504,1.033936
1134494606,0.097168,0.166016,1.029053
1134499606,0.098145,0.163818,1.039307
1134504606,0.100342,0.165283,1.039551
1134509606,0.0979,0.163574,1.034912
1134514606,0.097412,0.163818,1.037109
1134519606,0.093994,0.165283,1.03125
1134524606,0.095947,0.16626,1.031494
1134529606,0.095703,0.158691,1.032227
1134534606,0.100098,0.164795,1.037598
1134539606,0.100098,0.164307,1.038818
1134544606,0.09375,0.1604,1.034424
1134549606,0.0979,0.161377,1.026123
1134554606,0.094971,0.162354,1.024414
1134559606,0.101318,0.165283,1.032227
1134564606,0.097412,0.167725,1.041016
1134569606,0.099121,0.164551,1.035156
1134574606,0.099121,0.163086,1.033936
1134579606,0.101074,0.160156,1.027832
1134584606,0.093994,0.162354,1.034668
1134589606,0.096191,0.166016,1.033936
1134594606,0.099365,0.162842,1.030518
1134599606,0.094727,0.163086,1.033447
1134604606,0.096924,0.164062,1.033203
1134609606,0.097656,0.160645,1.0354
1134614606,0.101074,0.168213,1.038818
1134619606,0.09668,0.159424,1.035645
1134624606,0.098389,0.164307,1.032227
1134629606,0.098877,0.162109,1.041016
1134634606,0.096924,0.166504,1.033203
1134639606,0.0979,0.16333,1.037109
1134644606,0.094482,0.167969,1.032715
1134649606,0.097412,0.166992,1.035645
1134654606,0.096924,0.165283,1.034424
1134659606,0.093262,0.166504,1.031006
1134664606,0.095947,0.165527,1.036621
1134669606,0.095947,0.163818,1.036133
1134674606,0.096191,0.163086,1.033447
1134679606,0.098145,0.163818,1.034912
1134684606,0.102051,0.162109,1.034424
1134689606,0.095459,0.163574,1.034424
1134694606,0.097168,0.163086,1.031006
1134699606,0.098389,0.169678,1.032715
1134704606,0.095703,0.16333,1.029297
1134709606,0.0979,0.164307,1.037109
1134714606,0.097412,0.164551,1.0271
1134719606,0.096191,0.164551,1.031494
1134724606,0.099121,0.165039,1.034424
1134729606,0.094971,0.163574,1.029785
1134734606,0.091797,0.161133,1.036377
1134739606,0.098389,0.169678,1.034668
1134744606,0.102783,0.163086,1.032959
1134749606,0.094971,0.166504,1.036133
1134754606,0.098145,0.167969,1.035156
1134759606,0.097656,0.164795,1.03418
1134764606,0.100586,0.162842,1.041748
1134769606,0.092773,0.166504,1.0354
1134774606,0.102783,0.168213,1.035156
1134779606,0.09668,0.164795,1.039551
1134784606,0.094971,0.166992,1.031494
1134789606,0.09668,0.16748,1.033936
1134794606,0.097656,0.162354,1.035889
1134799606,0.0979,0.162354,1.033936
1134804606,0.097412,0.162842,1.033936
1134809606,0.099609,0.161377,1.038818
1134814606,0.349121,1.424805,3.999878
1134819606,3.999878,0.738525,3.999878
1134824606,0.062256,3.900146,3.999878
1134829606,-0.552246,0.791016,-0.478027
1134834606,-0.621826,1.356689,-4.0
1134839606,-1.069092,2.224609,-2.482666
1134844606,-1.682861,0.088379,-0.217285
1134849606,-0.347168,1.054688,0.891113
1134854606,0.143066,0.552979,1.093506
1134859606,0.16626,0.116699,0.661621
1134864606,0.144531,0.051025,1.008057
1134869606,0.099365,0.094971,0.952881
1134874606,0.095459,0.197021,1.059326
1134879606,0.050537,0.294922,1.134766
1134884606,0.07959,0.246826,1.076416
1134889606,-0.077393,0.272705,3.999878
1134894606,-1.679688,0.574219,-4.0
1134899606,-0.120605,1.121582,-2.355225
1134904606,-0.432373,2.424316,0.482666
1134909606,0.203857,0.740234,1.336426
1134914606,-0.847412,1.329102,-2.414551
1134919606,-1.062744,2.51123,0.699219
1134924606,-0.146729,1.758789,-1.158203
1134929606,-0.207031,2.114258,0.952881
1134934606,-0.182617,0.681885,1.042725
1134939606,0.128418,0.13916,1.012451
1134944606,0.092285,0.192627,1.034912
1134949606,0.091797,0.218262,1.0625
1134954606,0.064209,0.186523,1.020996
1134959606,0.063232,0.195068,1.05542
1134964606,0.108887,0.136475,1.01123
1134969606,0.144287,0.111572,0.786621
1134974606,-0.981201,0.84668,0.819824
1134979606,-0.784668,1.617432,1.079102
1134984606,0.04126,0.186768,1.042969
1134989606,0.088135,0.229492,1.027832
1134994606,0.118652,0.135498,1.007813
1134999606,0.110107,0.135986,1.061523
1135004606,0.064453,0.145996,0.99585
1135009606,0.016846,0.137695,0.920898
1135014606,0.121338,0.214355,1.079834
1135019606,0.058838,1.598389,1.019287
1135024606,0.143066,0.144531,1.126953
1135029606,0.141113,0.155273,1.084229
1135034606,0.107422,0.109863,1.012207
1135039606,0.107178,0.137207,1.035889
1135044606,0.127686,0.174805,1.05542
1135049606,0.078857,0.188232,1.064697
1135054606,0.093506,0.325439,1.169678
1135059606,0.078613,0.21582,1.051514
1135064606,0.120117,0.120117,0.993164
1135069606,0.119873,0.149414,1.001709
1135074606,0.093994,0.148193,1.029297
1135079606,0.116211,0.195557,1.150635
1135084606,0.086914,0.193848,1.000488
1135089606,0.081299,0.248047,1.458008
1135094606,0.030273,0.161621,0.984131
1135099606,0.127197,0.2146,1.080566
1135104606,0.118652,0.177734,1.063477
1135109606,0.063232,0.145264,1.061768
1135114606,0.206543,0.481934,1.05542
1135119606,0.149414,0.172119,1.034668
1135124606,0.071533,0.213867,0.874268
1135129606,0.058594,0.162109,1.116211
1135134606,0.036133,0.100098,0.953369
1135139606,0.004883,0.105957,0.900146
1135144606,0.085449,0.165039,1.022949
1135149606,0.0979,0.167969,1.008789
1135154606,0.0896,0.178467,1.019043
1135159606,0.094727,0.16333,1.031006
1135164606,0.094482,0.165283,1.033203
1135169606,0.098633,0.138672,1.019287
1135174606,0.099609,0.159668,1.027344
1135179606,0.097168,0.17041,1.030273
1135184606,0.088135,0.181641,1.043213
1135189606,0.092773,0.177979,1.035156
1135194606,0.097412,0.163574,1.034912
1135199606,0.096924,0.1604,1.026611
1135204606,0.10083,0.156006,1.037354
1135209606,0.098389,0.1604,1.031006
1135214606,0.094971,0.174316,1.033691
1135219606,0.088379,0.179932,1.045166
1135224606,0.094238,0.172119,1.028564
1135229606,0.097656,0.157715,1.024658
1135234606,0.104492,0.156982,1.036133
1135239606,0.098633,0.164307,1.030273
1135244606,0.092285,0.174072,1.03418
1135249606,0.091309,0.17627,1.033447
1135254606,0.092773,0.169434,1.039795
1135259606,0.094727,0.164551,1.026367
1135264606,0.0979,0.158691,1.033203
1135269606,0.099609,0.161377,1.033936
1135274606,0.089844,0.168701,1.02832
1135279606,0.093018,0.16748,1.040771
1135284606,0.095703,0.169678,1.035645
1135289606,0.095947,0.164795,1.0271
1135294606,0.100586,0.160156,1.030273
1135299606,0.093018,0.164062,1.030273
1135304606,0.093018,0.166016,1.03833
1135309606,0.095215,0.169189,1.02832
1135314606,0.093506,0.165771,1.036377
1135319606,0.097412,0.1604,1.035156
1135324606,0.097168,0.163086,1.037354
1135329606,0.095947,0.164062,1.02832
1135334606,0.091309,0.165039,1.034424
1135339606,0.096436,0.171387,1.036865
1135344606,0.094727,0.169922,1.034668
1135349606,0.09668,0.165771,1.030273
1135354606,0.100098,0.161865,1.030273
1135359606,0.095215,0.162109,1.031494
1135364606,0.09375,0.162842,1.027344
1135369606,0.094971,0.169678,1.033203
1135374606,0.094727,0.16333,1.032959
1135379606,0.09375,0.162842,1.029541
1135384606,0.095459,0.159668,1.034912
1135389606,0.098145,0.165039,1.034424
1135394606,0.095459,0.165039,1.025146
1135399606,0.096436,0.16748,1.037842
1135404606,0.094971,0.166748,1.036133
1135409606,0.097656,0.169922,1.033936
1135414606,0.091797,0.168945,1.033936
1135419606,0.095703,0.166016,1.029053
1135424606,0.095459,0.163818,1.03125
1135429606,0.092773,0.164551,1.035889
1135434606,0.098145,0.166992,1.036133
1135439606,0.096436,0.16748,1.026367
1135444606,0.096924,0.166748,1.034912
1135449606,0.096924,0.164062,1.034424
1135454606,0.09375,0.167236,1.031982
1135459606,0.092773,0.164062,1.031006
1135464606,0.096436,0.167969,1.033447
1135469606,0.097168,0.168213,1.029053
1135474606,0.096436,0.162354,1.0354
1135479606,0.096191,0.168457,1.030273
1135484606,0.09375,0.164795,1.035645
1135489606,0.095459,0.167969,1.034424
1135494606,0.091553,0.165771,1.0354
1135499606,0.098145,0.16748,1.034912
1135504606,0.09668,0.168457,1.03125
1135509606,0.0979,0.164062,1.031738
1135514606,0.096924,0.164307,1.03125
1135519606,0.094971,0.163574,1.038818
1135524606,0.093506,0.168701,1.028809
1135529606,0.093018,0.167725,1.030273
1135534606,0.095459,0.166748,1.034668
1135539606,0.095215,0.169434,1.031738
1135544606,0.097412,0.17334,1.031738
1135549606,0.092529,0.169189,1.031982
1135554606,0.094727,0.168945,1.023682
1135559606,0.094238,0.1604,1.026611
1135564606,0.093506,0.165527,1.033691
1135569606,0.09375,0.161621,1.031982
1135574606,0.094971,0.159424,1.0354
1135579606,0.093506,0.165527,1.034424
1135584606,0.094482,0.165283,1.033936
1135589606,0.094727,0.16748,1.032471
1135594606,0.09082,0.163574,1.03418
1135599606,0.094482,0.16748,1.030518
1135604606,0.095215,0.167236,1.030273
1135609606,0.095459,0.169678,1.030029
1135614606,0.09375,0.164062,1.035645
1135619606,0.094238,0.165039,1.035889
1135624606,0.092041,0.166748,1.029785
1135629606,0.098389,0.164795,1.03125
1135634606,0.095459,0.163086,1.039307
1135639606,0.097412,0.16748,1.037109
1135644606,0.095215,0.172852,1.03833
1135649606,0.095947,0.167969,1.029053
1135654606,0.098877,0.164062,1.03418
1135659606,0.097412,0.168701,1.032959
1135664606,0.095459,0.165527,1.031494
1135669606,0.094971,0.167969,1.035645
1135674606,0.096436,0.165039,1.032715
1135679606,0.095459,0.159912,1.031982
1135684606,0.098389,0.164551,1.039551
1135689606,0.097412,0.164551,1.03418
1135694606,0.091797,0.164795,1.0354
1135699606,0.093506,0.164795,1.029785
1135704606,0.096436,0.167236,1.031494
1135709606,0.099121,0.166992,1.037354
1135714606,0.097412,0.169922,1.037354
1135719606,0.09082,0.167725,1.036133
1135724606,0.095703,0.166016,1.03125
1135729606,0.098145,0.160645,1.032959
1135734606,0.096924,0.165527,1.034912
1135739606,0.096191,0.169678,1.032471
1135744606,0.09375,0.165771,1.035156
1135749606,0.093506,0.16748,1.035156
1135754606,0.099609,0.16626,1.032227
1135759606,0.092285,0.165527,1.033691
1135764606,0.095215,0.168701,1.031738
1135769606,0.095947,0.167236,1.033447
1135774606,0.092285,0.166992,1.031494
1135779606,0.091797,0.167725,1.025146
1135784606,0.093018,0.165527,1.031006
1135789606,0.093018,0.163086,1.040039
1135794606,0.09668,0.165527,1.030762
1135799606,0.095459,0.167725,1.033936
1135804606,0.093994,0.164307,1.039063
1135809606,0.094482,0.164307,1.033936
1135814606,0.0979,0.165283,1.035645
1135819606,0.094971,0.166748,1.037354
1135824606,0.093262,0.165527,1.03418
1135829606,0.098877,0.164062,1.029297
1135834606,0.091797,0.163086,1.025879
1135839606,0.093018,0.164062,1.029053
1135844606,0.09668,0.162354,1.029053
1135849606,0.096436,0.165771,1.02832
1135854606,0.092773,0.169434,1.037598
1135859606,0.097656,0.168213,1.037842
1135864606,0.092285,0.169678,1.034912
1135869606,0.095215,0.17041,1.029785
1135874606,0.09375,0.166016,1.031006
1135879606,0.093018,0.166992,1.029541
1135884606,0.09668,0.166016,1.0354
1135889606,0.091309,0.167725,1.034912
1135894606,0.094971,0.16626,1.028809
1135899606,0.096436,0.1604,1.03125
1135904606,0.09375,0.165771,1.031006
1135909606,0.093506,0.165039,1.032471
1135914606,0.099609,0.165527,1.034424
1135919606,0.096924,0.165039,1.032715
1135924606,0.0979,0.170898,1.032715
1135929606,0.099121,0.167236,1.037598
1135934606,0.094482,0.164551,1.032227
1135939606,0.097412,0.162598,1.030762
1135944606,0.098145,0.162354,1.032959
1135949606,0.096924,0.157471,1.029785
1135954606,0.097656,0.162109,1.031494
1135959606,0.095703,0.163818,1.031982
1135964606,0.098877,0.166504,1.037598
1135969606,0.095459,0.16748,1.038086
1135974606,0.09375,0.166504,1.038574
1135979606,0.094727,0.174316,1.032959
1135984606,0.089111,0.16748,1.035156
1135989606,0.094727,0.166748,1.025635
1135994606,0.09082,0.165283,1.029297
1135999606,0.094727,0.164795,1.031982
1136004606,0.096924,0.164551,1.030518
1136009606,0.098633,0.16748,1.029785
1136014606,0.10083,0.165771,1.037109
1136019606,0.099121,0.16626,1.041016
1136024606,0.10083,0.164307,1.041504
1136029606,0.0979,0.169678,1.037842
1136034606,0.097168,0.167969,1.0354
1136039606,0.095947,0.169189,1.030518
1136044606,0.098633,0.171387,1.032715
1136049606,0.094482,0.169189,1.031982
1136054606,0.090332,0.171875,1.035645
1136059606,0.092773,0.166992,1.030762
1136064606,0.090088,0.165527,1.03418
1136069606,0.095215,0.165283,1.032959
1136074606,0.096924,0.164795,1.040283
1136079606,0.096436,0.167236,1.036377
1136084606,0.095947,0.164062,1.037842
1136089606,0.098633,0.165527,1.032959
1136094606,0.101807,0.163086,1.034912
1136099606,0.10083,0.168701,1.040527
1136104606,0.093994,0.167969,1.031738
1136109606,0.096436,0.168213,1.034668
1136114606,0.092529,0.167969,1.02832
1136119606,0.093018,0.166504,1.032227
1136124606,0.094727,0.16748,1.032715
1136129606,0.095215,0.169434,1.032715
1136134606,0.094971,0.171875,1.040039
1136139606,0.09668,0.168701,1.028076
1136144606,0.093506,0.164551,1.035889
1136149606,0.093018,0.163574,1.034912
1136154606,0.097656,0.167236,1.032715
1136159606,0.096191,0.165527,1.036621
1136164606,0.098877,0.165771,1.028564
1136169606,0.092529,0.166748,1.031982
1136174606,0.097412,0.16626,1.0354
1136179606,0.101563,0.167236,1.039307
1136184606,0.096191,0.165527,1.035645
1136189606,0.091553,0.165771,1.036865
1136194606,0.099365,0.166748,1.033691
1136199606,0.094971,0.163818,1.038818
1136204606,0.0896,0.167969,1.031982
1136209606,0.095703,0.166992,1.029785
1136214606,0.098389,0.163574,1.029297
1136219606,0.096191,0.162842,1.041748
1136224606,0.093262,0.16626,1.036865
1136229606,0.094727,0.16626,1.028564
1136234606,0.10083,0.166992,1.038818
1136239606,0.098389,0.164551,1.030518
1136244606,0.102539,0.167236,1.037354
1136249606,0.0979,0.162598,1.036621
1136254606,0.095215,0.164062,1.030273
1136259606,0.095947,0.163574,1.033691
1136264606,0.094482,0.165283,1.031738
1136269606,0.095947,0.16748,1.031494
1136274606,0.095459,0.166504,1.030518
1136279606,0.094971,0.168457,1.031006
1136284606,0.097412,0.17041,1.031982
1136289606,0.094727,0.165527,1.04126
1136294606,0.095703,0.166504,1.04126
1136299606,0.098633,0.166504,1.032227
1136304606,0.096191,0.163818,1.032227
1136309606,0.09082,0.163086,1.031494
1136314606,0.096191,0.164551,1.035889
1136319606,0.095215,0.166504,1.029297
1136324606,0.094971,0.162109,1.033203
1136329606,0.095215,0.166016,1.037109
1136334606,0.095947,0.166016,1.032227
1136339606,0.091797,0.170166,1.038818
1136344606,0.092529,0.166016,1.038574
1136349606,0.097412,0.169922,1.033691
1136354606,0.094238,0.164062,1.029785
1136359606,0.097412,0.164307,1.041992
1136364606,0.096191,0.165283,1.040771
1136369606,0.097412,0.164551,1.039551
1136374606,0.094727,0.165283,1.039307
1136379606,0.094727,0.164551,1.036133
1136384606,0.099609,0.167236,1.03125
1136389606,0.094482,0.165039,1.027832
1136394606,0.095703,0.162842,1.031006
1136399606,0.09375,0.169678,1.033691
1136404606,0.095703,0.168213,1.032227
1136409606,0.093506,0.163086,1.037842
1136414606,0.098633,0.161865,1.027832
1136419606,0.093506,0.162842,1.026367
1136424606,0.097656,0.16333,1.028564
1136429606,0.098877,0.166016,1.025146
1136434606,0.098145,0.166992,1.03418
1136439606,0.097656,0.170898,1.03418
1136444606,0.094971,0.160645,1.027344
1136449606,0.098389,0.168457,1.033203
1136454606,0.099365,0.165527,1.040771
1136459606,0.095215,0.16748,1.028076
1136464606,0.098633,0.17041,1.031982
1136469606,0.095459,0.165283,1.025146
1136474606,0.094238,0.160156,1.033203
1136479606,0.097412,0.168701,1.029785
1136484606,0.095215,0.164795,1.03125
1136489606,0.097656,0.167969,1.031982
1136494606,0.094971,0.167969,1.033203
1136499606,0.097656,0.167236,1.025879
1136504606,0.092529,0.165283,1.032715
1136509606,0.096191,0.163818,1.032715
1136514606,0.097168,0.165771,1.029785
1136519606,0.096191,0.165039,1.030029
1136524606,0.093262,0.164307,1.028809
1136529606,0.095947,0.164062,1.028809
1136534606,0.096436,0.165283,1.039307
1136539606,0.090576,0.168701,1.027344
1136544606,0.092773,0.167969,1.033447
1136549606,0.095947,0.166504,1.034424
1136554606,0.094238,0.169678,1.034912
1136559606,0.095703,0.167969,1.040771
1136564606,0.093994,0.166504,1.032715
1136569606,0.09668,0.165283,1.037842
1136574606,0.094727,0.166992,1.037598
1136579606,0.093994,0.166504,1.031738
1136584606,0.09668,0.164307,1.031982
1136589606,0.097168,0.16748,1.027344
1136594606,0.097412,0.162598,1.025391
1136599606,0.093506,0.164551,1.037598
1136604606,0.093262,0.161133,1.028564
1136609606,0.093994,0.168457,1.03125
1136614606,0.096436,0.169678,1.031738
1136619606,0.095459,0.165527,1.028809
1136624606,0.094971,0.169434,1.033691
1136629606,0.098877,0.164551,1.033691
1136634606,0.096436,0.164062,1.0271
1136639606,0.093994,0.169678,1.034424
1136644606,0.095703,0.16748,1.030518
1136649606,0.094727,0.166992,1.036133
1136654606,0.09668,0.170166,1.036377
1136659606,0.096191,0.165527,1.033203
1136664606,0.09375,0.164062,1.028564
1136669606,0.098877,0.169434,1.037354
1136674606,0.097656,0.168945,1.031006
1136679606,0.093994,0.169922,1.032227
1136684606,0.097168,0.164307,1.031494
1136689606,0.092285,0.165039,1.032715
1136694606,0.089844,0.167236,1.037109
1136699606,0.100586,0.167969,1.037109
1136704606,0.099854,0.167236,1.030762
1136709606,0.095215,0.169678,1.030518
1136714606,0.09668,0.162598,1.031738
1136719606,0.093018,0.165771,1.036133
1136724606,0.096436,0.162109,1.03418
1136729606,0.098389,0.162109,1.03125
1136734606,0.093018,0.161621,1.027832
1136739606,0.095947,0.166016,1.034668
1136744606,0.09375,0.165527,1.0271
1136749606,0.094238,0.16748,1.035645
1136754606,0.093994,0.161865,1.032715
1136759606,0.09375,0.16626,1.0354
1136764606,0.097168,0.165771,1.033691
1136769606,0.0979,0.166504,1.033691
1136774606,0.10083,0.164062,1.028076
1136779606,0.096191,0.165527,1.032715
1136784606,0.094238,0.166504,1.031738
1136789606,0.10083,0.166016,1.031982
1136794606,0.098389,0.162354,1.030273
1136799606,0.090576,0.163574,1.030273
1136804606,0.09668,0.17041,1.027832
1136809606,0.094971,0.166748,1.035645
1136814606,0.09082,0.164795,1.030762
1136819606,0.09668,0.169434,1.037109
1136824606,0.095947,0.163574,1.033936
1136829606,0.094482,0.169678,1.033691
1136834606,0.09375,0.166748,1.034912
1136839606,0.095459,0.166992,1.029297
1136844606,0.095947,0.164062,1.031738
1136849606,0.096436,0.169434,1.031006
1136854606,0.097412,0.165771,1.034668
1136859606,0.099365,0.164551,1.032715
1136864606,0.094238,0.167969,1.037354
1136869606,0.094971,0.166016,1.040283
1136874606,0.097656,0.161865,1.033691
1136879606,0.096924,0.166016,1.030518
1136884606,0.094238,0.160889,1.028076
1136889606,0.093262,0.164062,1.028564
1136894606,0.094727,0.168701,1.030273
1136899606,0.095215,0.165283,1.033691
1136904606,0.098389,0.164307,1.030029
1136909606,0.091309,0.166504,1.03418
1136914606,0.093262,0.163574,1.033936
1136919606,0.098145,0.169189,1.040527
1136924606,0.099365,0.168457,1.033691
1136929606,0.097412,0.165039,1.034668
1136934606,0.094238,0.164307,1.032715
1136939606,0.095215,0.168213,1.029053
1136944606,0.094727,0.166016,1.026855
1136949606,0.095703,0.166748,1.031738
1136954606,0.101318,0.167969,1.033203
1136959606,0.099365,0.167969,1.043457
1136964606,0.098633,0.167725,1.034912
1136969606,0.094482,0.167236,1.031982
1136974606,0.098877,0.165039,1.035889
1136979606,0.096191,0.166992,1.034424
1136984606,0.09668,0.166748,1.038574
1136989606,0.09375,0.165527,1.032959
1136994606,0.096924,0.167725,1.030762
1136999606,0.098633,0.167236,1.032227
1137004606,-1.326416,3.999878,0.015625
1137009606,3.999878,1.036865,-4.0
1137014606,1.285889,0.224365,-4.0
1137019606,1.49585,0.830322,0.401855
1137024606,0.684082,2.300781,-0.116943
1137029606,0.256592,2.591309,2.044678
1137034606,-0.501709,2.31958,-1.421875
1137039606,-1.26001,0.224365,-0.884277
1137044606,-1.280762,0.338379,1.058594
1137049606,-0.755371,0.778076,0.485596
1137054606,0.036865,1.084961,-0.273438
1137059606,-0.75,0.848389,-3.917236
1137064606,0.596924,2.190674,1.321045
1137069606,-0.739746,0.141846,1.311279
1137074606,0.18335,0.760742,1.087891
1137079606,0.171143,0.159668,0.898193
1137084606,0.185303,0.314209,1.25
1137089606,0.115723,0.157471,1.020508
1137094606,-0.097656,0.196777,0.865479
1137099606,0.09375,0.23584,0.906494
1137104606,0.127686,0.103271,0.983643
1137109606,0.105469,0.111816,1.02417
1137114606,0.096191,0.14502,1.002441
1137119606,0.143799,0.127686,1.13208
1137124606,0.143066,0.168457,1.143311
1137129606,0.083496,0.21875,1.019531
1137134606,0.04248,0.183594,0.979004
1137139606,0.111084,0.165039,1.071045
1137144606,0.106934,0.165771,1.029785
1137149606,0.040283,0.495117,-4.0
1137154606,-1.046631,2.248779,-2.089355
1137159606,1.934326,-0.135498,3.999878
1137164606,-1.471191,3.036865,-3.242432
1137169606,-0.561279,1.992676,-1.957764
1137174606,-0.760498,2.221436,-4.0
1137179606,-0.22998,0.4021,1.337402
1137184606,0.095947,0.234131,-0.048828
1137189606,0.091797,0.311035,0.954834
1137194606,0.021729,0.314697,0.934326
1137199606,0.079346,0.167969,0.912354
1137204606,0.051025,0.154297,0.931641
1137209606,0.117188,0.156494,1.054932
1137214606,0.122803,0.148193,1.035156
1137219606,0.086182,0.149658,1.039307
1137224606,0.113525,0.16333,1.090088
1137229606,0.092285,0.185547,1.055664
1137234606,0.057129,0.156738,0.955078
1137239606,0.0979,0.156982,1.047363
1137244606,0.145508,0.093018,1.012207
1137249606,0.586914,0.658691,1.770508
1137254606,-0.189453,1.205078,-1.273193
1137259606,0.000244,0.163574,1.111572
1137264606,-0.343018,0.169189,1.023682
1137269606,0.018311,0.076172,0.873779
1137274606,0.072021,0.19751,0.987549
1137279606,0.113525,0.104248,0.990479
1137284606,0.084229,0.172852,1.050781
1137289606,0.104736,0.165283,1.057129
1137294606,0.125977,0.167236,1.08252
1137299606,-0.871338,0.404785,-0.1875
1137304606,-0.751709,0.026855,0.957764
1137309606,-0.132568,0.187012,1.037109
1137314606,0.141846,0.214355,1.056396
1137319606,0.060791,0.171387,1.010498
1137324606,0.083008,0.181641,1.036133
1137329606,0.104492,0.173584,1.009521
1137334606,0.090576,0.167236,1.058838
1137339606,0.135254,0.171387,1.086426
1137344606,0.276367,0.162354,0.000488
1137349606,0.057129,0.179199,1.070068
1137354606,0.0354,0.139893,1.060303
1137359606,0.097656,0.238525,1.048584
1137364606,0.11792,0.135986,1.004639
1137369606,0.082031,0.1875,1.057861
1137374606,0.105957,0.154297,1.02002
1137379606,0.076172,0.184814,1.047363
1137384606,-0.058594,0.273682,0.752197
1137389606,0.134521,0.165039,0.858398
1137394606,0.113281,0.109619,1.0271
1137399606,0.07666,0.207764,1.045166
1137404606,0.117188,0.125488,0.997803
1137409606,0.07251,0.181885,1.06543
1137414606,0.10083,0.123779,1.032959
1137419606,-0.415771,0.184326,0.826904
1137424606,0.207275,0.13501,1.056641
1137429606,0.084473,0.176025,1.084229
1137434606,0.125977,0.096191,1.026123
1137439606,0.220459,0.20459,-0.328857
1137444606,0.204834,0.117676,1.257324
1137449606,0.105713,0.206299,1.056396
1137454606,0.025635,0.262939,0.629639
1137459606,0.072021,0.153076,0.887695
1137464606,0.078613,0.193848,1.077881
1137469606,0.097168,0.136719,0.994873
1137474606,0.090332,0.172119,1.049316
1137479606,0.093994,0.168457,1.033203
1137484606,0.078613,0.180908,1.044678
1137489606,0.091553,0.171875,1.03125
1137494606,0.087646,0.155762,1.032959
1137499606,0.092285,0.15332,1.032959
1137504606,0.093018,0.153076,1.037598
1137509606,0.086182,0.162842,1.030518
1137514606,0.091553,0.174805,1.037598
1137519606,0.087646,0.165283,1.04248
1137524606,0.09082,0.162354,1.021729
1137529606,0.094238,0.154053,1.029785
1137534606,0.091064,0.155029,1.03833
1137539606,0.092773,0.159668,1.030273
1137544606,0.0896,0.169189,1.035645
1137549606,0.091797,0.168945,1.029785
1137554606,0.089355,0.162598,1.033447
1137559606,0.091797,0.155518,1.029053
1137564606,0.094727,0.156982,1.033447
1137569606,0.090088,0.159424,1.035889
1137574606,0.088379,0.170166,1.036865
1137579606,0.088867,0.16626,1.034912
1137584606,0.0896,0.163574,1.036865
1137589606,0.09668,0.157715,1.0354
1137594606,0.093262,0.15625,1.031738
1137599606,0.094482,0.161621,1.028564
1137604606,0.086182,0.163818,1.031494
1137609606,0.090576,0.168213,1.037842
1137614606,0.088135,0.162109,1.040039
1137619606,0.089844,0.161621,1.026855
1137624606,0.091309,0.161377,1.0354
1137629606,0.090332,0.163818,1.038574
1137634606,0.092285,0.162842,1.035645
1137639606,0.092529,0.16748,1.03418
1137644606,0.094971,0.162109,1.036621
1137649606,0.091309,0.160645,1.030762
1137654606,0.095947,0.161865,1.037354
1137659606,0.092529,0.159424,1.028076
1137664606,0.090332,0.161377,1.032715
1137669606,0.090088,0.165771,1.032471
1137674606,0.092285,0.168945,1.038574
1137679606,0.092773,0.166748,1.034668
1137684606,0.095215,0.165527,1.036865
1137689606,0.092773,0.165039,1.031738
1137694606,0.087891,0.164062,1.03125
1137699606,0.093262,0.164795,1.032959
1137704606,0.088623,0.168701,1.033203
1137709606,0.090088,0.164795,1.033447
1137714606,0.0896,0.159424,1.032471
1137719606,0.091797,0.161377,1.031982
1137724606,0.094238,0.161621,1.039307
1137729606,0.092285,0.161865,1.031982
1137734606,0.09375,0.163086,1.040283
1137739606,0.092285,0.162842,1.04126
1137744606,0.091064,0.162354,1.033691
1137749606,0.092041,0.138184,0.996582
1137754606,0.096191,0.146729,1.047852
1137759606,0.093018,0.197021,1.093262
1137764606,0.036133,0.256836,0.976074
1137769606,0.077637,0.162354,0.995117
1137774606,0.11792,0.139893,1.052246
1137779606,0.092773,0.197021,1.086914
1137784606,0.081055,0.145264,1.059814
1137789606,0.089111,0.170898,1.047607
1137794606,0.106445,0.169678,1.018799
1137799606,0.084473,0.156982,1.02417
1137804606,0.085693,0.167969,1.032471
1137809606,0.095215,0.163818,1.030273
1137814606,0.093018,0.155273,1.039795
1137819606,0.089111,0.165283,1.038574
1137824606,0.087891,0.168945,1.033447
1137829606,0.09082,0.165283,1.032227
1137834606,0.095459,0.163574,1.031738
1137839606,0.094727,0.164551,1.037354
1137844606,0.091064,0.156738,1.0354
1137849606,0.091309,0.15625,1.034912
1137854606,0.096924,0.155518,1.03418
1137859606,0.08667,0.169434,1.036621
1137864606,0.087402,0.168457,1.032471
1137869606,0.090332,0.164062,1.033203
1137874606,0.095947,0.164551,1.037354
1137879606,0.089111,0.163086,1.035889
1137884606,0.090088,0.16333,1.039795
1137889606,0.093018,0.160645,1.040527
1137894606,0.087646,0.16748,1.03418
1137899606,0.086914,0.159424,1.028809
1137904606,0.088623,0.168945,1.042725
1137909606,0.089355,0.166504,1.037109
1137914606,0.088867,0.167236,1.032715
1137919606,0.088135,0.16748,1.039795
1137924606,0.088623,0.16748,1.043457
1137929606,0.095215,0.154785,1.032959
1137934606,0.093018,0.1604,1.030762
1137939606,0.094727,0.158203,1.032227
1137944606,0.088379,0.161377,1.030518
1137949606,0.09375,0.168213,1.031494
1137954606,0.093506,0.16626,1.034424
1137959606,0.091064,0.157715,1.034424
1137964606,0.088867,0.166992,1.037842
1137969606,0.093018,0.161865,1.033203
1137974606,0.09375,0.164062,1.036865
1137979606,0.09082,0.162109,1.031982
1137984606,0.092041,0.16626,1.042236
1137989606,0.090088,0.165283,1.034668
1137994606,0.094482,0.161133,1.027832
1137999606,0.088623,0.1604,1.037842
1138004606,0.091309,0.162598,1.037354
1138009606,0.0896,0.163086,1.030762
1138014606,0.091064,0.164551,1.037109
1138019606,0.0896,0.161621,1.037598
1138024606,0.087402,0.159424,1.035156
1138029606,0.090576,0.165039,1.037598
1138034606,0.094238,0.161865,1.03833
1138039606,0.092285,0.161377,1.040527
1138044606,0.092773,0.163574,1.036377
1138049606,0.095215,0.163818,1.036133
1138054606,0.092529,0.16333,1.03833
1138059606,0.087646,0.166016,1.030762
1138064606,0.092773,0.161133,1.039795
1138069606,0.091797,0.159668,1.030273
1138074606,0.088379,0.16626,1.033691
1138079606,0.09082,0.166504,1.031982
1138084606,0.09375,0.163818,1.041016
1138089606,0.092285,0.159912,1.033447
1138094606,0.0896,0.159912,1.02832
1138099606,0.093262,0.100098,0.992432
1138104606,0.099609,0.203125,1.154053
1138109606,0.134766,0.182373,1.05249
1138114606,0.048096,0.227295,0.979736
1138119606,0.09082,0.096924,0.959229
1138124606,0.087158,0.236084,1.115967
1138129606,0.101807,0.100586,1.008789
1138134606,0.060791,0.187744,1.067139
1138139606,0.112549,0.165771,1.008301
1138144606,0.089355,0.171143,1.013916
1138149606,0.088867,0.161377,1.05249
1138154606,0.091309,0.160645,1.042725
1138159606,0.0979,0.155273,1.041992
1138164606,0.090576,0.163086,1.037598
1138169606,0.08252,0.170654,1.029297
1138174606,0.087158,0.169189,1.02832
1138179606,0.092773,0.165039,1.03418
1138184606,0.095703,0.162598,1.036621
1138189606,0.092773,0.154785,1.035889
1138194606,0.098389,0.169189,1.032227
1138199606,0.087646,0.169189,1.030518
1138204606,0.087646,0.171143,1.030518
1138209606,0.091064,0.165527,1.030029
1138214606,0.092041,0.174805,1.022217
1138219606,0.082031,0.160645,1.015869
1138224606,0.091064,0.158936,1.031494
1138229606,0.086426,0.148682,1.023926
1138234606,0.093018,0.153564,1.00708
1138239606,0.08374,0.156738,1.019775
1138244606,0.092041,0.168213,1.035156
1138249606,0.085693,0.172119,1.037842
1138254606,0.089355,0.160645,1.026123
1138259606,0.085205,0.168945,1.034912
1138264606,0.093994,0.155273,1.022217
1138269606,0.089111,0.158203,1.052734
1138274606,0.096924,0.157471,1.041992
1138279606,0.087646,0.166748,1.039551
1138284606,0.087891,0.170166,1.027832
1138289606,0.085449,0.166504,1.02832
1138294606,0.093506,0.168213,1.04541
1138299606,0.094238,0.168457,1.045654
1138304606,0.093994,0.158936,1.037598
1138309606,0.087891,0.166504,1.036133
1138314606,0.100342,0.160889,1.032471
1138319606,0.087158,0.160889,1.033691
1138324606,0.090088,0.15918,1.031982
1138329606,0.092773,0.161133,1.036377
1138334606,0.089844,0.159912,1.037109
1138339606,0.086182,0.167969,1.041016
1138344606,0.091309,0.17041,1.039063
1138349606,0.090088,0.166748,1.026855
1138354606,0.089844,0.166016,1.039795
1138359606,0.094727,0.161865,1.038086
1138364606,0.087891,0.165283,1.040527
1138369606,0.093262,0.159424,1.036133
1138374606,0.091797,0.16333,1.036377
1138379606,0.094971,0.164307,1.036865
1138384606,0.083984,0.165771,1.044678
1138389606,0.093262,0.166992,1.038086
1138394606,0.091553,0.163818,1.044922
1138399606,0.091064,0.157471,1.049805
1138404606,0.083008,0.158447,1.028076
1138409606,0.087158,0.159912,1.034668
1138414606,0.084229,0.160645,1.036133
1138419606,0.087646,0.161621,1.034912
1138424606,0.080566,0.171387,1.04541
1138429606,0.094971,0.159912,1.030762
1138434606,0.091553,0.166748,1.03125
1138439606,0.091797,0.157471,1.033203
1138444606,0.089111,0.162598,1.030029
1138449606,0.097168,0.164551,1.037354
1138454606,0.092529,0.162354,1.03418
1138459606,0.092529,0.158203,1.036377
1138464606,0.086426,0.161621,1.040527
1138469606,0.088379,0.163574,1.034912
1138474606,0.103516,0.16626,1.023682
1138479606,0.084717,0.177246,1.039063
1138484606,0.086426,0.174561,1.034668
1138489606,0.096924,0.160156,1.031738
1138494606,0.085937,0.165283,1.041748
1138499606,0.092285,0.162842,1.024658
1138504606,0.087646,0.163818,1.036377
1138509606,0.091797,0.167725,1.037109
1138514606,0.088623,0.175293,1.024658
1138519606,0.092041,0.15625,1.024658
1138524606,0.086914,0.172119,1.019043
1138529606,0.089111,0.160889,1.022461
1138534606,0.091309,0.171875,1.038574
1138539606,0.114258,0.155029,1.059082
1138544606,0.087646,0.175293,1.037354
1138549606,0.09082,0.158936,1.039551
1138554606,0.088135,0.1604,1.044189
1138559606,0.096924,0.164307,1.036865
1138564606,0.089844,0.170166,1.040039
1138569606,0.090332,0.164795,1.018799
1138574606,0.084473,0.1604,1.021973
1138579606,0.089111,0.171631,1.043701
1138584606,0.090088,0.159668,1.038818
1138589606,0.088867,0.160889,1.033447
1138594606,0.085937,0.165527,1.03833
1138599606,0.092773,0.170166,1.035889
1138604606,0.098389,0.166016,1.045898
1138609606,0.08667,0.156006,1.034912
1138614606,0.080322,0.164795,1.030518
1138619606,0.096191,0.171631,1.024658
1138624606,0.088379,0.16626,1.039307
1138629606,0.08667,0.152588,1.035645
1138634606,0.104736,0.180908,1.028076
1138639606,0.086914,0.161377,1.031494
1138644606,0.097656,0.162109,1.029785
1138649606,0.099365,0.162109,1.032471
1138654606,0.086914,0.159668,1.049561
1138659606,0.097656,0.161865,1.031006
1138664606,0.091064,0.172607,1.036133
1138669606,0.087646,0.169922,1.031738
1138674606,0.08374,0.170654,1.0354
1138679606,0.079102,0.160889,1.023438
1138684606,0.082764,0.162598,1.035156
1138689606,0.085693,0.165283,1.033936
1138694606,0.089355,0.161133,1.034668
1138699606,0.086182,0.158691,1.039795
1138704606,0.082275,0.164307,1.036621
1138709606,0.087646,0.165039,1.034912
1138714606,0.084717,0.165527,1.037354
1138719606,0.083496,0.161621,1.035889
1138724606,0.088379,0.158936,1.033447
1138729606,0.090576,0.163574,1.039795
1138734606,0.092285,0.158936,1.036133
1138739606,0.093018,0.171387,1.04248
1138744606,0.082031,0.14917,1.036377
1138749606,0.086914,0.161621,1.021729
1138754606,0.095459,0.16333,1.048828
1138759606,0.092773,0.154785,1.02832
1138764606,0.0896,0.185303,1.033936
1138769606,0.096436,0.175049,1.050781
1138774606,0.064209,0.156738,1.027344
1138779606,0.067383,0.175537,1.018799
1138784606,0.087891,0.177979,1.024414
1138789606,0.059326,0.185303,1.010986
1138794606,0.084961,0.162598,1.024658
1138799606,0.090088,0.1521,1.033447
1138804606,0.083252,0.162109,1.033447
1138809606,0.085205,0.159424,1.052979
1138814606,0.083984,0.153076,1.019775
1138819606,0.078125,0.154297,1.018066
1138824606,0.083496,0.159912,1.013672
1138829606,0.080566,0.170654,1.033447
1138834606,0.085937,0.153809,1.020752
1138839606,0.07959,0.161377,1.039795
1138844606,0.089844,0.160156,1.020996
1138849606,0.084961,0.168701,1.036377
1138854606,0.090332,0.169434,1.028076
1138859606,0.085449,0.159424,1.020996
1138864606,0.073975,0.163574,1.009521
1138869606,0.083984,0.162598,1.027344
1138874606,0.094727,0.165527,1.033691
1138879606,0.083984,0.177979,1.026367
1138884606,0.072021,0.1521,1.02417
1138889606,0.07373,0.166992,1.040283
1138894606,0.078125,0.180176,1.047119
1138899606,0.084473,0.157959,1.040771
1138904606,0.080566,0.163818,1.04126
1138909606,0.082764,0.168457,1.031494
1138914606,0.074463,0.171387,1.042236
1138919606,0.091309,0.172607,1.043701
1138924606,0.074463,0.169678,1.023438
1138929606,0.074463,0.174316,1.038818
1138934606,0.07373,0.165039,1.043945
1138939606,0.079346,0.154053,1.014404
1138944606,0.085937,0.144531,1.011475
1138949606,0.086914,0.157715,1.007568
1138954606,0.126953,0.364014,1.057861
1138959606,0.075684,0.226562,1.19458
1138964606,0.038086,0.143555,1.027588
1138969606,0.07959,0.203125,1.021729
1138974606,0.101807,0.143066,0.999023
1138979606,0.056641,0.190186,0.98999
1138984606,0.108643,0.219727,1.074219
1138989606,0.095215,0.198486,1.053955
1138994606,0.082031,0.189209,1.028076
1138999606,0.098389,0.135498,1.007813
1139004606,0.094727,0.118652,0.989014
1139009606,0.093506,0.150879,1.016846
1139014606,0.085449,0.158203,1.028564
1139019606,0.078125,0.169678,1.06665
1139024606,0.073242,0.172119,1.047607
1139029606,0.072266,0.177979,1.042236
1139034606,0.068115,0.183838,1.044922
1139039606,0.092773,0.167969,1.041016
1139044606,0.08667,0.124023,1.034424
1139049606,0.100342,0.121094,1.032959
1139054606,0.095703,0.1604,1.030762
1139059606,0.078613,0.160156,1.039795
1139064606,0.089844,0.157715,1.035645
1139069606,0.092285,0.140625,1.009521
1139074606,0.088379,0.135986,1.014648
1139079606,0.085693,0.156494,1.03418
1139084606,0.07251,0.171631,1.03418
1139089606,0.075195,0.173828,1.042725
1139094606,0.085937,0.178223,1.046875
1139099606,0.089111,0.165771,1.037354
1139104606,0.085693,0.160156,1.036621
1139109606,0.081299,0.154297,1.039795
1139114606,0.08252,0.162598,1.032471
1139119606,0.080811,0.168457,1.030762
1139124606,0.078857,0.176758,1.028076
1139129606,0.085449,0.16626,1.036133
1139134606,0.084229,0.161621,1.036377
1139139606,0.08667,0.15918,1.034912
1139144606,0.088623,0.164795,1.033203
1139149606,0.085937,0.167725,1.034912
1139154606,0.081299,0.1604,1.03418
1139159606,0.082275,0.168213,1.038574
1139164606,0.086914,0.162842,1.03833
1139169606,0.084717,0.1604,1.0354
1139174606,0.087402,0.157715,1.033936
1139179606,0.08667,0.156006,1.029053
1139184606,0.0896,0.160645,1.028809
1139189606,0.085205,0.162109,1.031494
1139194606,0.085205,0.161621,1.035645
1139199606,0.083496,0.169189,1.051025
1139204606,0.08667,0.157959,1.03125
1139209606,0.084473,0.161865,1.036133
1139214606,0.082275,0.160156,1.031006
1139219606,0.081787,0.163086,1.037109
1139224606,0.082764,0.163574,1.032471
1139229606,0.087646,0.165283,1.04126
1139234606,0.089844,0.154053,1.037109
1139239606,0.085693,0.152832,1.025146
1139244606,0.08667,0.148193,1.02832
1139249606,0.087158,0.151123,1.022461
1139254606,0.087891,0.15625,1.033936
1139259606,0.089355,0.153564,1.039795
1139264606,0.085937,0.156494,1.037842
1139269606,0.090332,0.15625,1.038086
1139274606,0.083984,0.161377,1.038086
1139279606,0.077637,0.166016,1.033447
1139284606,0.07959,0.172607,1.04126
1139289606,0.079346,0.179199,1.044189
1139294606,0.083496,0.174561,1.051025
1139299606,0.082275,0.17041,1.041504
1139304606,0.084961,0.165039,1.040527
1139309606,0.084717,0.165283,1.043457
1139314606,0.084473,0.16333,1.036621
1139319606,0.079102,0.162842,1.031494
1139324606,0.086426,0.159668,1.037354
1139329606,0.089111,0.156982,1.031982
1139334606,0.091309,0.155762,1.030518
1139339606,0.089844,0.158936,1.033936
1139344606,0.089355,0.152344,1.034668
1139349606,0.085205,0.157715,1.038574
1139354606,0.08252,0.156494,1.033203
1139359606,0.089844,0.161621,1.036133
1139364606,0.083252,0.163086,1.043213
1139369606,0.086914,0.1604,1.037598
1139374606,0.080078,0.166504,1.038574
1139379606,0.081299,0.167725,1.037598
1139384606,0.079834,0.164307,1.037842
1139389606,0.086914,0.167236,1.042236
1139394606,0.091064,0.161865,1.039551
1139399606,0.083984,0.161621,1.037354
1139404606,0.086914,0.160156,1.041016
1139409606,0.084961,0.156494,1.034668
1139414606,0.086426,0.158936,1.036377
1139419606,0.087646,0.17041,1.043213
1139424606,0.087646,0.173584,1.037842
1139429606,0.087646,0.168701,1.041504
1139434606,0.087158,0.167236,1.03418
1139439606,0.087158,0.161621,1.038574
1139444606,0.087402,0.159912,1.026855
1139449606,0.081787,0.155273,1.041992
1139454606,0.085693,0.148437,1.030029
1139459606,0.086182,0.145508,1.028809
1139464606,0.076416,0.123535,0.963867
1139469606,0.099609,0.115479,1.133789
1139474606,0.105469,0.134033,1.048096
1139479606,0.084473,0.188477,1.093018
1139484606,0.207275,0.374023,1.803467
1139489606,0.055176,0.143311,0.99585
1139494606,0.056885,0.23999,1.074707
1139499606,0.068115,0.147949,1.016846
1139504606,0.096924,0.199707,1.059082
1139509606,0.079102,0.137451,0.993652
1139514606,0.062744,0.182373,1.051758
1139519606,0.076904,0.19751,1.05249
1139524606,0.085205,0.148437,1.025879
1139529606,0.099854,0.142822,1.027832
1139534606,0.100098,0.100586,0.984863
1139539606,0.099609,0.113037,1.022217
1139544606,0.092285,0.144043,1.044189
1139549606,0.076172,0.174561,1.049805
1139554606,0.078369,0.181152,1.047607
1139559606,0.090576,0.174805,1.030518
1139564606,0.115479,0.13208,1.085938
1139569606,0.089355,0.167725,0.992187
1139574606,0.071777,0.161133,1.025146
1139579606,0.090088,0.197998,1.081055
1139584606,0.078369,0.186523,1.02832
1139589606,0.077393,0.166992,1.043457
1139594606,0.095703,0.151855,1.036865
1139599606,0.092529,0.1604,1.042725
1139604606,0.080811,0.149414,1.022705
1139609606,0.102783,0.201416,1.063232
1139614606,0.066895,0.152344,1.015869
1139619606,0.068359,0.169189,1.052002
1139624606,0.112549,0.167969,1.05542
1139629606,0.085205,0.133789,1.029053
1139634606,0.08374,0.136719,1.012451
1139639606,0.07373,0.132324,1.014404
1139644606,0.091553,0.223633,1.062988
1139649606,0.081299,0.188721,1.044189
1139654606,0.071777,0.148926,1.038818
1139659606,0.103027,0.174072,1.033203
1139664606,0.084473,0.154785,1.028809
1139669606,0.062744,0.1521,1.041016
1139674606,0.084961,0.179932,1.048096
1139679606,0.083496,0.16748,1.030518
1139684606,0.092041,0.13916,1.019775
1139689606,0.104248,0.158203,1.040771
1139694606,0.092529,0.123535,1.020508
1139699606,0.085205,0.153564,1.041748
1139704606,0.083008,0.174316,1.04541
1139709606,0.077148,0.199463,1.059082
1139714606,0.083496,0.162354,1.024414
1139719606,0.086182,0.170166,1.041016
1139724606,0.085693,0.164795,1.033447
1139729606,0.077637,0.156494,1.036621
1139734606,0.088623,0.169189,1.03418
1139739606,0.088867,0.166992,1.028564
1139744606,0.086426,0.148682,1.035889
1139749606,0.089355,0.150391,1.032959
1139754606,0.091064,0.154541,1.028076
1139759606,0.082275,0.166504,1.043945
1139764606,0.079834,0.172363,1.044189
1139769606,0.079102,0.164307,1.033203
1139774606,0.088623,0.163574,1.030029
1139779606,0.081543,0.160645,1.029053
1139784606,0.086182,0.163818,1.0354
1139789606,0.084229,0.161621,1.03125
1139794606,0.085205,0.161377,1.037842
1139799606,0.077881,0.165527,1.033447
1139804606,0.088135,0.171631,1.036865
1139809606,0.080078,0.163574,1.042236
1139814606,0.078857,0.160645,1.031494
1139819606,0.083984,0.161377,1.039307
1139824606,0.079834,0.173828,1.041504
1139829606,0.091797,0.172119,1.036865
1139834606,0.083496,0.164062,1.038086
1139839606,0.083252,0.168945,1.036133
1139844606,0.083252,0.161133,1.03125
1139849606,0.085693,0.162598,1.029541
1139854606,0.081543,0.175537,1.032227
1139859606,0.083984,0.169922,1.047852
1139864606,0.082275,0.180176,1.055908
1139869606,0.082031,0.16748,1.044434
1139874606,0.084717,0.158691,1.041748
1139879606,0.089844,0.172852,1.035645
1139884606,0.088379,0.151367,1.029541
1139889606,0.091064,0.148193,1.037109
1139894606,0.0896,0.143799,1.016846
1139899606,0.097412,0.136719,1.026611
1139904606,0.091064,0.134277,1.015625
1139909606,0.091064,0.146484,1.022217
1139914606,0.094727,0.153076,1.032227
1139919606,0.097168,0.150635,1.034912
1139924606,0.097412,0.151123,1.074707
1139929606,0.0896,0.175537,1.069092
1139934606,0.081055,0.190918,1.050049
1139939606,0.077637,0.19165,1.033447
1139944606,0.059814,0.179199,1.030518
1139949606,0.091309,0.187012,1.057861
1139954606,0.075439,0.179932,1.050049
1139959606,0.06958,0.185059,1.043457
1139964606,0.06665,0.192383,1.04248
1139969606,0.083984,0.191162,1.054443
1139974606,0.073975,0.164062,1.027588
1139979606,0.093018,0.158691,0.999756
1139984606,0.085205,0.064697,0.980713
1139989606,0.10376,0.05835,0.945557
1139994606,0.127197,0.088867,0.986328
1139999606,0.184814,0.087402,1.13501
1140004606,0.130615,0.092285,1.041504
1140009606,0.143066,0.127441,1.057129
1140014606,0.091064,0.256348,1.256836
1140019606,0.203613,0.306396,1.132813
1140024606,0.001953,0.177246,1.002686
1140029606,0.09668,0.159668,1.04248
1140034606,0.046143,0.151123,1.05542
1140039606,0.06665,0.125488,1.044678
1140044606,0.062012,0.200195,1.029785
1140049606,0.079834,0.23291,1.044434
1140054606,0.117432,0.11499,0.95874
1140059606,0.09375,0.095703,0.866943
1140064606,-0.031982,0.169922,1.043701
1140069606,0.110596,0.212402,1.063477
1140074606,0.10498,0.21875,0.994141
1140079606,0.059326,0.238525,1.057373
1140084606,0.09668,0.163818,1.115234
1140089606,0.161377,0.160645,0.973877
1140094606,0.10083,0.154541,1.069092
1140099606,0.111572,0.156738,1.002686
1140104606,0.121338,0.091064,0.993896
1140109606,0.065918,-0.010986,1.042236
1140114606,0.201416,0.189941,1.044922
1140119606,0.109375,0.293945,1.04541
1140124606,0.072021,0.146973,1.046143
1140129606,0.080322,0.121094,0.995605
1140134606,0.088379,0.145508,0.980957
1140139606,0.078613,0.140625,0.973877
1140144606,0.092773,0.263916,1.015869
1140149606,0.099854,0.11084,0.996582
1140154606,0.141357,0.099854,0.955566
1140159606,-0.133789,0.171143,0.953125
1140164606,0.053223,0.103027,0.824219
1140169606,0.057861,0.159668,1.054688
1140174606,0.138184,0.075439,0.977295
1140179606,0.089844,0.158447,1.043701
1140184606,0.088867,0.212158,1.081299
1140189606,0.0979,0.165283,1.032715
1140194606,0.115234,0.127441,1.005127
1140199606,0.134766,0.167725,0.993164
1140204606,0.082031,0.129639,1.03418
1140209606,0.074951,0.190918,1.066406
1140214606,0.0896,0.20874,1.061768
1140219606,0.096436,0.183594,1.046387
1140224606,0.094727,0.177002,1.032471
1140229606,0.086182,0.181152,1.044434
1140234606,0.081543,0.185059,1.043701
1140239606,0.087402,0.18042,1.04126
1140244606,0.093262,0.169678,1.037598
1140249606,0.095459,0.169189,1.038574
1140254606,0.093994,0.167236,1.02417
1140259606,0.087646,0.172852,1.046875
1140264606,0.091553,0.16333,1.03418
1140269606,0.095703,0.157227,1.036377
1140274606,0.094727,0.149902,1.021973
1140279606,0.097168,0.14502,1.020752
1140284606,0.091309,0.158203,1.031006
1140289606,0.0896,0.165039,1.0271
1140294606,0.102051,0.162354,1.0354
1140299606,0.10376,0.168701,1.040527
1140304606,0.064697,0.185303,1.036865
1140309606,0.078613,0.193115,1.037109
1140314606,0.099609,0.149658,1.023926
1140319606,0.118652,0.118408,1.029297
1140324606,0.115723,0.117676,1.028809
1140329606,0.103027,0.14502,1.021729
1140334606,0.102539,0.145508,1.014648
1140339606,0.10498,0.148437,1.02124
1140344606,0.096924,0.148682,1.028564
1140349606,0.094727,0.166504,1.029785
1140354606,0.09668,0.169434,1.039307
1140359606,0.092529,0.179932,1.051758
1140364606,0.086182,0.178955,1.055664
1140369606,0.085937,0.192627,1.048828
1140374606,0.081543,0.185059,1.04834
1140379606,0.08667,0.19873,1.047852
1140384606,0.083252,0.188721,1.056152
1140389606,0.088135,0.182861,1.052734
1140394606,0.084473,0.18042,1.042969
1140399606,0.088135,0.173584,1.043457
1140404606,0.095459,0.154785,1.01416
1140409606,0.085205,0.223389,1.029785
1140414606,0.099365,0.157959,1.035156
1140419606,0.100098,0.149658,1.021484
1140424606,0.102051,0.159424,1.01709
1140429606,0.097168,0.134766,1.035645
1140434606,0.097656,0.14917,1.008057
1140439606,0.099609,0.158936,1.013916
1140444606,0.098877,0.172119,1.031006
1140449606,0.109375,0.148193,1.008545
1140454606,0.106201,0.154053,0.993896
1140459606,0.108398,0.13623,1.020752
1140464606,0.105469,0.156982,1.026123
1140469606,0.103271,0.141602,1.020752
1140474606,0.102539,0.149414,1.030762
1140479606,0.104736,0.151367,1.029541
1140484606,0.097656,0.158447,1.036865
1140489606,0.096191,0.172119,1.047119
1140494606,0.084229,0.187256,1.04248
1140499606,0.085937,0.189697,1.051514
1140504606,0.091309,0.188232,1.052246
1140509606,0.095215,0.175049,1.039307
1140514606,0.094727,0.176514,1.049805
1140519606,0.088135,0.18042,1.036377
1140524606,0.095703,0.175781,1.042969
1140529606,0.099854,0.16626,1.032715
1140534606,0.110352,0.181885,1.024414
1140539606,0.094482,0.166016,1.02002
1140544606,0.096191,0.164307,1.024414
1140549606,0.098633,0.164551,1.026855
1140554606,0.089355,0.176758,1.044922
1140559606,0.088623,0.169922,1.044434
1140564606,0.087646,0.164307,1.041992
1140569606,0.097412,0.164307,1.049072
1140574606,0.092285,0.162354,1.039063
1140579606,0.09375,0.15918,1.033936
1140584606,0.099365,0.159668,1.0354
1140589606,0.100098,0.159912,1.030762
1140594606,0.105957,0.153564,1.030762
1140599606,0.100586,0.158447,1.018555
1140604606,0.098633,0.159424,1.038086
1140609606,0.100098,0.158203,1.029541
1140614606,0.096436,0.170654,1.036865
1140619606,0.102295,0.169434,1.039551
1140624606,0.09668,0.167236,1.032471
1140629606,0.098389,0.164062,1.037842
1140634606,0.092773,0.175781,1.035156
1140639606,0.09082,0.181396,1.042236
1140644606,0.089111,0.18042,1.039795
1140649606,0.098633,0.172119,1.031738
1140654606,0.091797,0.172607,1.032715
1140659606,0.095947,0.159424,1.029297
1140664606,0.095459,0.161377,1.036865
1140669606,0.09668,0.164795,1.03833
1140674606,0.097412,0.158691,1.035156
1140679606,0.098145,0.158936,1.02417
1140684606,0.094238,0.177734,1.029785
1140689606,0.093994,0.172119,1.041504
1140694606,0.102051,0.157959,1.021729
1140699606,0.098877,0.163818,1.025879
1140704606,0.093262,0.167969,1.036621
1140709606,0.095215,0.16626,1.037354
1140714606,0.094971,0.162109,1.021973
1140719606,0.104248,0.156006,1.00708
1140724606,0.090576,0.155029,1.053223
1140729606,0.098877,0.160889,1.023193
1140734606,0.098633,0.172363,1.039307
1140739606,0.097412,0.169678,1.032227
1140744606,0.097168,0.173584,1.035645
1140749606,0.097656,0.166992,1.030518
1140754606,0.096436,0.162598,1.031494
1140759606,0.098389,0.168213,1.031494
1140764606,0.098633,0.166748,1.02832
1140769606,0.09668,0.168701,1.034424
1140774606,0.099121,0.173584,1.036133
1140779606,0.09375,0.167969,1.032227
1140784606,0.096191,0.171143,1.03125
1140789606,0.098877,0.168945,1.031738
1140794606,0.094727,0.165283,1.034912
1140799606,0.097412,0.167969,1.029785
1140804606,0.097412,0.172607,1.030518
1140809606,0.093994,0.17041,1.031006
1140814606,0.095215,0.169678,1.03833
1140819606,0.092285,0.167236,1.034668
1140824606,0.094727,0.170166,1.032471
1140829606,0.097168,0.16626,1.036621
1140834606,0.095947,0.165527,1.035156
1140839606,0.092285,0.169189,1.029785
1140844606,0.093994,0.172119,1.040039
1140849606,0.097656,0.167725,1.040283
1140854606,0.093018,0.167725,1.027344
1140859606,0.0979,0.16748,1.037598
1140864606,0.092041,0.168457,1.034424
1140869606,0.094482,0.168945,1.032715
1140874606,0.094238,0.169189,1.033447
1140879606,0.094238,0.161865,1.028809
1140884606,0.098389,0.165039,1.030029
1140889606,0.099609,0.165771,1.027344
1140894606,0.096191,0.170654,1.034424
1140899606,0.095215,0.166504,1.03418
1140904606,0.09375,0.171143,1.026123
1140909606,0.095215,0.174072,1.028809
1140914606,0.098389,0.166016,1.029541
1140919606,0.093994,0.168457,1.030029
1140924606,0.092773,0.169189,1.037842
1140929606,0.094238,0.166748,1.032959
1140934606,0.095947,0.166748,1.036133
1140939606,0.094727,0.170898,1.032715
1140944606,0.099121,0.164795,1.031738
1140949606,0.094727,0.165283,1.032471
1140954606,0.100098,0.165771,1.033203
1140959606,0.094482,0.171631,1.036621
1140964606,0.094727,0.173828,1.035156
1140969606,0.093506,0.171143,1.03833
1140974606,0.097656,0.168945,1.033447
1140979606,0.096436,0.16748,1.038086
1140984606,0.098145,0.170654,1.0354
1140989606,0.095459,0.168457,1.032959
1140994606,0.09668,0.165527,1.033447
1140999606,0.096436,0.16626,1.030518
1141004606,0.101807,0.165039,1.030273
1141009606,0.102295,0.1604,1.027588
1141014606,0.095459,0.156738,1.025635
1141019606,0.105469,0.157715,1.025879
1141024606,0.101318,0.155029,1.022217
1141029606,0.10791,0.158447,1.012695
1141034606,0.099854,0.151611,1.024902
1141039606,0.100098,0.160156,1.029297
1141044606,0.091064,0.179443,1.039307
1141049606,0.090088,0.185303,1.036865
1141054606,0.08667,0.193359,1.04248
1141059606,0.085693,0.196045,1.047852
1141064606,0.087158,0.192627,1.041504
1141069606,0.086426,0.192139,1.031982
1141074606,0.090088,0.190186,1.050049
1141079606,0.0896,0.192139,1.042725
1141084606,0.092285,0.190918,1.033936
1141089606,0.103271,0.177734,1.038818
1141094606,0.103271,0.164795,1.030762
1141099606,0.107178,0.126465,1.013916
1141104606,0.108398,0.125977,1.014404
1141109606,0.108154,0.139893,1.017822
1141114606,0.100342,0.147217,1.021484
1141119606,0.106689,0.143311,1.018555
1141124606,0.103271,0.14209,1.015137
1141129606,0.106445,0.143555,1.013184
1141134606,0.04541,0.238525,0.917236
1141139606,0.076904,0.19165,0.890625
1141144606,0.05835,0.179443,1.005371
1141149606,0.084717,0.185303,1.00293
1141154606,0.0979,0.180908,1.054199
1141159606,0.093506,0.182861,1.0625
1141164606,0.095703,0.188477,1.067871
1141169606,0.074707,0.165527,0.970703
1141174606,0.08252,0.191406,1.060547
1141179606,0.104492,0.179199,1.062256
1141184606,0.082764,0.187012,1.059814
1141189606,0.10498,0.165527,1.027588
1141194606,0.089355,0.162354,1.03125
1141199606,0.094238,0.167725,1.014404
1141204606,0.094238,0.168945,1.023438
1141209606,0.100586,0.169678,1.03125
1141214606,0.093262,0.165283,1.045166
1141219606,0.101563,0.155762,1.027832
1141224606,0.100586,0.151123,1.017578
1141229606,0.099121,0.152344,1.014893
1141234606,0.092041,0.157227,1.019043
1141239606,0.10376,0.162598,1.037842
1141244606,0.09375,0.179199,1.052002
1141249606,0.096436,0.171387,1.029297
1141254606,0.091064,0.16748,1.033936
1141259606,0.102539,0.16626,1.006348
1141264606,-0.109863,0.097412,1.032959
1141269606,0.101074,0.17334,1.180176
1141274606,0.11377,0.176758,1.05249
1141279606,0.082275,0.187988,1.071533
1141284606,0.098389,0.169922,1.043701
1141289606,0.074463,0.200684,1.056885
1141294606,0.088867,0.191162,1.021729
1141299606,0.086426,0.178955,1.012451
1141304606,0.089844,0.174072,1.032715
1141309606,0.092041,0.184082,1.050293
1141314606,0.098145,0.178223,1.045654
1141319606,0.100586,0.159668,1.047363
1141324606,0.105713,0.147949,1.04126
1141329606,0.109375,0.139404,1.027832
1141334606,0.111328,0.152832,1.02417
1141339606,0.099854,0.166748,1.031982
1141344606,0.099854,0.169678,1.031006
1141349606,0.108398,0.168213,1.052734
1141354606,0.101074,0.161133,1.022461
1141359606,0.087646,0.157959,1.019775
1141364606,0.101074,0.161865,1.047607
1141369606,0.094238,0.171875,1.037598
1141374606,0.088867,0.172119,1.044434
1141379606,0.087646,0.175049,1.03833
1141384606,0.096924,0.17334,1.034424
1141389606,0.099365,0.170898,1.035889
1141394606,0.096191,0.16626,1.034424
1141399606,0.098633,0.171143,1.031982
1141404606,0.091797,0.186523,1.035156
1141409606,0.094971,0.179199,1.039551
1141414606,0.099609,0.177734,1.037109
1141419606,0.101807,0.169434,1.036377
1141424606,0.099121,0.162842,1.030518
1141429606,0.099609,0.163086,1.027832
1141434606,0.095947,0.169922,1.035156
1141439606,0.095459,0.170654,1.03418
1141444606,0.092041,0.166748,1.03833
1141449606,0.095215,0.167725,1.029297
1141454606,0.0979,0.16748,1.026855
1141459606,0.091309,0.166992,1.032959
1141464606,0.094727,0.171631,1.033447
1141469606,0.090576,0.17627,1.036865
1141474606,0.095215,0.173096,1.039795
1141479606,0.098877,0.169189,1.030518
1141484606,0.098389,0.167969,1.031006
1141489606,0.096436,0.166016,1.030029
1141494606,0.099365,0.165527,1.022461
1141499606,0.099365,0.170166,1.025879
1141504606,0.096924,0.16748,1.029785
1141509606,0.102295,0.16626,1.032959
1141514606,0.098145,0.172119,1.038818
1141519606,0.098633,0.165527,1.034424
1141524606,0.097412,0.16748,1.034424
1141529606,0.093994,0.17041,1.0354
1141534606,0.094238,0.172119,1.033691
1141539606,0.097412,0.172363,1.033447
1141544606,0.095703,0.16748,1.039063
1141549606,0.0979,0.166504,1.027344
1141554606,0.096924,0.171875,1.031494
1141559606,0.094971,0.166992,1.033691
1141564606,0.096191,0.169189,1.037109
1141569606,0.099854,0.172852,1.02832
1141574606,0.103271,0.171631,1.027832
1141579606,0.102783,0.169189,1.029053
1141584606,0.099121,0.163818,1.028809
1141589606,0.094727,0.168457,1.023193
1141594606,0.095947,0.171387,1.035889
1141599606,0.096924,0.168457,1.029785
1141604606,0.095947,0.167969,1.034912
1141609606,0.096191,0.164551,1.03418
1141614606,0.095947,0.163574,1.031982
1141619606,0.095459,0.166016,1.036377
1141624606,0.093262,0.167236,1.035645
1141629606,0.094727,0.168213,1.031738
1141634606,0.100098,0.171387,1.035645
1141639606,0.101074,0.171387,1.035889
1141644606,0.093994,0.170654,1.0271
1141649606,0.095215,0.168213,1.036377
1141654606,0.096924,0.172852,1.034668
1141659606,0.096436,0.172119,1.032471
1141664606,0.0979,0.166992,1.037109
1141669606,0.0979,0.167969,1.034668
1141674606,0.098389,0.171143,1.032471
1141679606,0.098145,0.167725,1.031494
1141684606,0.098145,0.172363,1.035156
1141689606,0.094727,0.168213,1.036621
1141694606,0.095703,0.168945,1.032959
1141699606,0.097656,0.172852,1.038086
1141704606,0.095703,0.167725,1.031006
1141709606,0.098877,0.166992,1.030273
1141714606,0.09668,0.16748,1.030518
1141719606,0.094238,0.167969,1.030273
1141724606,0.09668,0.16626,1.029785
1141729606,0.096924,0.163818,1.029541
1141734606,0.0979,0.166016,1.033936
1141739606,0.095703,0.17041,1.028076
1141744606,0.093262,0.169189,1.039307
1141749606,0.097168,0.168701,1.037109
1141754606,0.098145,0.171143,1.030029
1141759606,0.100342,0.171387,1.032715
1141764606,0.099609,0.16333,1.036377
1141769606,0.10083,0.164795,1.026367
1141774606,0.097168,0.172607,1.031982
1141779606,0.095703,0.164551,1.034424
1141784606,0.095215,0.165283,1.0354
1141789606,0.094238,0.171143,1.024414
1141794606,0.095703,0.168945,1.026855
1141799606,0.095459,0.165039,1.032227
1141804606,0.094238,0.170898,1.028564
1141809606,0.092285,0.168213,1.031982
1141814606,0.097168,0.172607,1.034668
1141819606,0.096436,0.168213,1.038086
1141824606,0.098389,0.169434,1.033936
1141829606,0.097656,0.170654,1.0354
1141834606,0.102051,0.169189,1.02832
1141839606,0.098877,0.17041,1.031494
1141844606,0.101074,0.167725,1.031494
1141849606,0.098389,0.168945,1.031738
1141854606,0.096191,0.164307,1.030518
1141859606,0.094971,0.16626,1.028809
1141864606,0.095703,0.166992,1.032227
1141869606,0.096191,0.167725,1.032227
1141874606,0.091064,0.169922,1.036377
1141879606,0.093506,0.168701,1.033447
1141884606,0.094238,0.168457,1.035156
1141889606,0.098633,0.173584,1.033936
1141894606,0.097168,0.170166,1.031006
1141899606,0.094971,0.169434,1.030273
1141904606,0.098145,0.172852,1.031738
1141909606,0.097412,0.169434,1.032227
1141914606,0.098145,0.16748,1.031738
1141919606,0.095947,0.16626,1.031982
1141924606,0.09668,0.168213,1.036377
1141929606,0.093018,0.17041,1.027344
1141934606,0.092529,0.170898,1.030273
1141939606,0.09668,0.169434,1.036133
1141944606,0.097656,0.163818,1.032471
1141949606,0.094482,0.172852,1.0354
1141954606,0.095947,0.172119,1.029541
1141959606,0.099121,0.168945,1.034668
1141964606,0.095703,0.17041,1.033203
1141969606,0.094971,0.168213,1.035156
1141974606,0.102295,0.167725,1.033447
1141979606,0.100342,0.169922,1.032471
1141984606,0.091309,0.166748,1.019287
1141989606,0.095459,0.168701,1.026611
1141994606,0.096924,0.166504,1.034912
1141999606,0.099609,0.169434,1.031006
1142004606,0.099609,0.167969,1.036377
1142009606,0.098145,0.169189,1.033936
1142014606,0.092041,0.165283,1.034912
1142019606,0.091797,0.171387,1.029541
1142024606,0.09668,0.169189,1.032471
1142029606,0.09668,0.174805,1.027832
1142034606,0.094727,0.173828,1.039551
1142039606,0.095215,0.175293,1.038086
1142044606,0.097412,0.168945,1.03418
1142049606,0.098145,0.169678,1.030273
1142054606,0.095215,0.166504,1.029297
1142059606,0.099365,0.164062,1.029541
1142064606,0.096191,0.164551,1.03418
1142069606,0.098877,0.16748,1.029541
1142074606,0.099854,0.170166,1.032227
1142079606,0.09668,0.169189,1.033936
1142084606,0.098145,0.168701,1.032715
1142089606,0.098877,0.174072,1.036621
1142094606,0.093506,0.171875,1.032471
1142099606,0.094727,0.171875,1.039795
1142104606,0.101318,0.172119,1.033203
1142109606,0.097412,0.173584,1.028809
1142114606,0.094727,0.172363,1.037598
1142119606,0.097656,0.16626,1.031006
1142124606,0.10083,0.16626,1.033691
1142129606,0.097412,0.165283,1.031982
1142134606,0.097656,0.167236,1.028809
1142139606,0.096924,0.169434,1.03125
1142144606,0.099121,0.169189,1.036133
1142149606,0.097412,0.166748,1.032715
1142154606,0.095459,0.168945,1.029541
1142159606,0.09668,0.16748,1.031738
1142164606,0.09375,0.17041,1.033691
1142169606,0.095215,0.169922,1.035889
1142174606,0.097168,0.173096,1.034424
1142179606,0.094971,0.168457,1.035156
1142184606,0.09375,0.17041,1.034424
1142189606,0.093262,0.173828,1.032471
1142194606,0.098389,0.166748,1.036133
1142199606,0.099609,0.167725,1.035645
1142204606,0.096924,0.167725,1.028564
1142209606,0.097168,0.168701,1.0354
1142214606,0.097656,0.172119,1.032471
1142219606,0.095459,0.165771,1.032959
1142224606,0.095947,0.165039,1.03125
1142229606,0.096924,0.174072,1.03125
1142234606,0.09375,0.167969,1.023926
1142239606,0.09375,0.171631,1.03418
1142244606,0.097168,0.171387,1.029053
1142249606,0.09668,0.171387,1.029297
1142254606,0.096924,0.168457,1.034668
1142259606,0.097412,0.171631,1.027588
1142264606,0.098877,0.169678,1.035889
1142269606,0.098877,0.170654,1.031982
1142274606,0.096924,0.170654,1.033203
1142279606,0.099854,0.16748,1.040527
1142284606,0.094238,0.169678,1.028076
1142289606,0.098877,0.168945,1.031738
1142294606,0.095459,0.167969,1.030273
1142299606,0.098145,0.170166,1.030518
1142304606,0.103027,0.168457,1.030273
1142309606,0.099121,0.171387,1.038574
1142314606,0.098633,0.173096,1.037354
1142319606,0.099365,0.166748,1.035156
1142324606,0.097412,0.172119,1.029785
1142329606,0.092529,0.168213,1.030273
1142334606,0.096436,0.171387,1.037598
1142339606,0.099854,0.174561,1.03418
1142344606,0.097168,0.169189,1.041016
1142349606,0.095459,0.169189,1.031982
1142354606,0.096191,0.170166,1.029297
1142359606,0.096191,0.169189,1.025635
1142364606,0.098877,0.168701,1.036865
1142369606,0.093262,0.169922,1.033447
1142374606,0.0979,0.169922,1.034424
1142379606,0.097656,0.168701,1.036133
1142384606,0.095703,0.171631,1.036133
1142389606,0.096436,0.172607,1.04126
1142394606,0.0979,0.169678,1.03125
1142399606,0.097656,0.165771,1.035889
1142404606,0.095215,0.166016,1.031006
1142409606,0.097168,0.166504,1.030029
1142414606,0.096924,0.17041,1.0354
1142419606,0.100586,0.168701,1.032715
1142424606,0.097168,0.168945,1.034912
1142429606,0.094727,0.17041,1.036377
1142434606,0.094238,0.170654,1.036133
1142439606,0.097412,0.169678,1.03418
1142444606,0.097168,0.173584,1.030762
1142449606,0.095703,0.170654,1.035156
1142454606,0.095215,0.175781,1.032471
1142459606,0.093506,0.172119,1.034668
1142464606,0.09668,0.168213,1.027344
1142469606,0.093994,0.170654,1.028809
1142474606,0.09375,0.170166,1.031738
1142479606,0.099609,0.169678,1.033691
1142484606,0.098877,0.169678,1.037598
1142489606,0.099609,0.168701,1.035156
1142494606,0.100586,0.166748,1.040039
1142499606,0.099609,0.167969,1.029053
1142504606,0.099609,0.164062,1.03125
1142509606,0.093018,0.169189,1.030029
1142514606,0.096436,0.16626,1.030273
1142519606,0.096436,0.172119,1.032227
1142524606,0.099365,0.173096,1.031494
1142529606,0.093018,0.171143,1.031494
1142534606,0.095947,0.168701,1.031738
1142539606,0.0979,0.172363,1.035156
1142544606,0.095215,0.172363,1.031006
1142549606,0.098633,0.16626,1.02832
1142554606,0.09668,0.168457,1.032715
1142559606,0.100342,0.166748,1.026367
1142564606,0.108643,0.169189,1.037598
1142569606,0.147461,0.204102,1.236084
1142574606,0.120361,0.158691,1.028076
1142579606,0.108643,0.235352,1.152344
1142584606,0.103271,0.160645,1.010742
1142589606,0.064209,0.196289,0.999512
1142594606,0.119873,0.179932,1.030029
1142599606,0.111816,0.220703,1.170166
1142604606,0.10791,0.167725,1.012939
1142609606,0.089355,0.225098,1.090088
1142614606,0.092041,0.147217,0.962158
1142619606,0.100342,0.209473,1.104492
1142624606,0.112061,0.162598,1.024658
1142629606,0.083008,0.202637,1.057861
1142634606,0.099121,0.169434,1.007813
1142639606,0.090332,0.19165,1.044678
1142644606,0.089844,0.149414,0.969727
1142649606,0.093262,0.180664,1.03418
1142654606,0.099609,0.16626,1.036865
1142659606,0.088379,0.161621,1.016357
1142664606,0.092041,0.181396,1.037354
1142669606,0.09668,0.163818,1.009521
1142674606,0.089844,0.170166,1.032959
1142679606,0.110107,0.164795,1.036377
1142684606,0.082031,0.169678,1.034912
1142689606,0.099121,0.159424,1.022217
1142694606,0.092041,0.174805,1.032715
1142699606,0.095703,0.154541,1.009521
1142704606,0.097168,0.164795,1.029541
1142709606,0.104736,0.157227,1.032471
1142714606,0.097412,0.168701,1.042236
1142719606,0.097412,0.172852,1.036865
1142724606,0.095215,0.176758,1.035156
1142729606,0.095703,0.165283,1.027344
1142734606,0.100098,0.166992,1.03125
1142739606,0.097656,0.16748,1.029053
1142744606,0.094727,0.168213,1.022461
1142749606,0.106445,0.180664,1.035156
1142754606,0.107178,0.172119,1.121338
1142759606,0.112549,0.155273,1.050049
1142764606,0.113281,0.206543,1.119629
1142769606,0.092773,0.156738,1.018311
1142774606,0.081299,0.185059,1.019287
1142779606,0.107178,0.173828,1.035889
1142784606,0.083252,0.17334,1.019287
1142789606,0.096924,0.163818,1.026855
1142794606,0.099854,0.173584,1.034668
1142799606,0.091797,0.159424,1.015869
1142804606,0.099609,0.176514,1.048096
1142809606,0.095215,0.173584,1.025146
1142814606,0.092285,0.177979,1.025879
1142819606,2.161621,3.999878,3.999878
1142824606,0.374756,3.12207,-1.375977
1142829606,-1.048096,0.962891,-3.428467
1142834606,-1.538818,2.580811,-4.0
1142839606,1.456055,0.101318,-3.123291
1142844606,0.755371,1.91626,-2.528076
1142849606,-0.595947,1.978516,-2.35791
1142854606,-0.127441,0.683105,0.843262
1142859606,0.233887,0.373535,0.532959
1142864606,-1.187988,0.633789,0.284668
1142869606,-1.307129,1.069092,-0.027832
1142874606,0.055664,0.258057,1.109863
1142879606,0.012939,0.219971,1.081299
1142884606,0.101563,0.306641,1.070068
1142889606,-0.215332,0.243652,-0.77002
1142894606,-1.046387,-0.309326,-3.06958
1142899606,-0.838135,1.112549,-0.365723
1142904606,-1.243164,0.226562,0.945312
1142909606,-0.533447,0.157471,0.912354
1142914606,-0.364746,0.298584,1.232422
1142919606,0.087891,0.110107,1.001953
1142924606,0.072998,0.20752,1.098877
1142929606,-0.041748,1.718994,3.829834
1142934606,-0.626709,2.420654,-1.462646
1142939606,-0.640381,0.201416,1.131836
1142944606,-0.792725,2.397461,3.927002
1142949606,-1.756104,1.698975,2.172607
1142954606,-1.930664,1.005859,-2.421387
1142959606,-1.664795,2.465088,1.232666
1142964606,-0.249023,0.4104,-1.064697
1142969606,-0.004883,0.649902,1.275879
1142974606,-0.42041,0.434082,1.092773
1142979606,0.080322,0.171875,0.88208
1142984606,-0.483887,0.323486,0.968506
1142989606,0.106934,0.136719,1.086426
1142994606,0.117676,0.183838,1.141602
1142999606,0.152344,0.170654,1.066895
1143004606,0.10376,0.157471,1.040283
1143009606,0.10376,0.1604,1.027588
1143014606,0.067627,0.181396,1.11377
1143019606,0.041748,0.779297,1.040527
1143024606,0.115967,0.118652,0.974365
1143029606,0.08374,0.186523,1.020264
1143034606,0.134766,0.126465,1.031494
1143039606,0.142578,0.118408,1.067871
1143044606,0.116455,0.345947,1.012695
1143049606,0.071045,0.18042,1.022705
1143054606,0.099609,0.21582,1.07251
1143059606,0.108154,0.175293,1.077148
1143064606,0.067139,0.127686,0.956543
1143069606,0.090576,0.152832,0.895264
1143074606,0.081543,0.197998,0.98584
1143079606,0.075928,0.206299,0.990479
1143084606,0.052979,0.189697,0.935547
1143089606,0.036865,0.186279,0.988525
1143094606,0.085449,0.178955,0.942139
1143099606,0.094482,0.171631,1.008057
1143104606,0.090088,0.160645,0.993652
1143109606,0.087158,0.183105,1.052246
1143114606,0.050781,0.193359,0.980713
1143119606,0.0979,0.193604,1.055176
1143124606,0.101807,0.166504,1.050781
1143129606,0.133789,0.154297,1.106689
1143134606,0.146484,0.16748,1.141602
1143139606,0.116455,0.202148,1.117188
1143144606,0.086426,0.191162,1.030273
1143149606,0.088135,0.192871,1.038086
1143154606,0.101318,0.16748,1.019531
1143159606,0.099365,0.167725,0.992432
1143164606,0.100342,0.185059,1.04541
1143169606,0.115723,0.164062,1.059326
1143174606,0.0979,0.17334,1.058838
1143179606,0.100586,0.181396,1.028809
1143184606,0.096191,0.181641,1.048584
1143189606,0.101563,0.169922,1.034668
1143194606,0.104248,0.195068,1.068848
1143199606,0.098633,0.180664,1.063721
1143204606,0.096924,0.175781,1.028076
1143209606,0.106201,0.188232,1.039063
1143214606,0.094971,0.17334,1.032471
1143219606,0.0979,0.173828,1.018799
1143224606,0.094238,0.165771,1.01001
1143229606,0.08667,0.167725,1.001221
1143234606,0.093018,0.168213,1.001709
1143239606,0.094727,0.177246,1.074463
1143244606,0.100098,0.167236,1.013672
1143249606,0.093994,0.177734,1.053955
1143254606,0.112793,0.171875,1.016113
1143259606,0.073975,0.162842,1.046143
1143264606,0.116699,0.184082,1.03125
1143269606,0.081055,0.165039,1.059082
1143274606,0.103516,0.164307,0.962402
1143279606,0.083008,0.174072,1.067383
1143284606,0.119141,0.149902,1.000732
1143289606,0.07959,0.189209,1.045898
1143294606,0.122314,0.18042,1.088623
1143299606,0.082764,0.199707,1.038574
1143304606,0.099854,0.170166,0.997803
1143309606,0.084717,0.173584,1.014893
1143314606,0.11084,0.163574,1.024658
1143319606,0.0979,0.176514,1.054932
1143324606,0.096191,0.178711,1.029053
1143329606,0.089844,0.187988,1.041016
1143334606,0.091553,0.168945,1.020996
1143339606,0.098145,0.162354,1.013672
1143344606,0.097412,0.156006,1.032959
1143349606,0.099609,0.177002,1.054932
1143354606,0.096436,0.181641,1.052979
1143359606,0.095459,0.187988,1.037109
1143364606,0.092041,0.181885,1.029785
1143369606,0.098877,0.167725,1.015381
1143374606,0.096436,0.166992,1.035889
1143379606,0.10498,0.175293,1.038818
1143384606,0.092773,0.185791,1.050049
1143389606,0.093262,0.173828,1.03418
1143394606,0.092041,0.17749,1.029785
1143399606,0.103271,0.159424,1.02417
1143404606,0.109375,0.16748,1.044922
1143409606,0.104492,0.172363,1.052734
1143414606,0.091064,0.177734,1.007324
1143419606,0.090332,0.191895,1.038574
1143424606,0.09375,0.171387,1.010498
1143429606,0.092285,0.173584,1.023926
1143434606,0.102539,0.170898,1.035645
1143439606,0.039795,0.153809,0.874023
1143444606,0.141846,0.239258,1.163818
1143449606,0.10498,0.158936,0.947266
1143454606,0.058838,0.19165,0.9375
1143459606,0.107666,0.152344,1.062744
1143464606,0.133057,0.2146,1.169189
1143469606,0.101807,0.149658,0.96582
1143474606,0.109863,0.225586,1.130371
1143479606,0.093506,0.161133,1.070801
1143484606,0.071045,0.161621,0.919678
1143489606,0.097168,0.1521,1.109863
1143494606,0.108154,0.169189,1.00293
1143499606,0.069336,0.186279,1.038086
1143504606,0.123535,0.172119,1.020752
1143509606,0.06665,0.184082,0.987061
1143514606,0.119385,0.159668,1.067871
1143519606,0.098389,0.19165,1.05957
1143524606,0.100098,0.152832,0.991699
1143529606,0.091553,0.179199,1.056885
1143534606,0.107422,0.161621,1.014893
1143539606,0.088135,0.178223,1.039063
1143544606,0.102295,0.168945,1.033203
1143549606,0.092285,0.17627,1.041992
1143554606,0.093994,0.180664,1.036621
1143559606,0.097656,0.181152,1.030273
1143564606,0.092285,0.172119,1.019531
1143569606,0.100586,0.179443,1.041016
1143574606,0.094727,0.172363,1.036377
1143579606,0.103271,0.175049,1.021729
1143584606,0.099121,0.173828,1.032959
1143589606,0.100098,0.169922,1.026367
1143594606,0.0979,0.174072,1.031006
1143599606,0.0979,0.16626,1.016113
1143604606,0.099609,0.175049,1.030029
1143609606,0.092285,0.175781,1.032715
1143614606,0.094482,0.174561,1.026123
1143619606,0.094727,0.173828,1.026855
1143624606,0.099121,0.17627,1.033691
1143629606,0.09668,0.175537,1.036621
1143634606,0.093994,0.174805,1.032715
1143639606,0.096436,0.184814,1.036133
1143644606,0.09375,0.172119,1.019775
1143649606,0.094482,0.177246,1.036865
1143654606,0.098633,0.166016,1.026123
1143659606,0.099609,0.177002,1.029785
1143664606,0.100098,0.172607,1.029785
1143669606,0.097412,0.181885,1.037842
1143674606,0.096924,0.179687,1.03125
1143679606,0.099854,0.17749,1.03833
1143684606,0.099854,0.176514,1.035645
1143689606,0.09668,0.175049,1.041992
1143694606,0.097656,0.181152,1.03833
1143699606,0.095947,0.179443,1.035889
1143704606,0.096924,0.179687,1.039795
1143709606,0.101563,0.175049,1.034424
1143714606,0.082031,0.163818,1.04541
1143719606,0.11084,0.176025,1.038086
1143724606,0.102539,0.17627,1.043213
1143729606,0.105469,0.172852,1.037109
1143734606,0.090088,0.167725,1.037109
1143739606,0.117432,0.168701,1.01709
1143744606,0.104492,0.182861,1.035645
1143749606,0.108887,0.180908,1.019531
1143754606,0.099854,0.193359,1.031494
1143759606,0.092285,0.183838,1.032227
1143764606,0.086426,0.188232,1.021484
1143769606,0.095947,0.181641,1.042236
1143774606,0.086182,0.167969,1.039063
1143779606,0.09082,0.161377,1.036377
1143784606,0.090576,0.155518,1.029541
1143789606,0.090088,0.150879,1.021973
1143794606,0.100586,0.158691,1.029297
1143799606,0.098145,0.163086,1.033691
1143804606,0.095703,0.167236,1.030029
1143809606,0.099365,0.17334,1.017822
1143814606,0.098389,0.178711,1.024902
1143819606,0.097168,0.179443,1.015381
1143824606,0.096924,0.1875,1.028076
1143829606,0.10376,0.193359,1.035156
1143834606,0.101074,0.189453,1.034912
1143839606,0.095947,0.185059,1.032227
1143844606,0.097412,0.175049,1.024414
1143849606,0.104004,0.162109,1.026611
1143854606,0.098389,0.164062,1.034668
1143859606,0.096924,0.160889,1.032471
1143864606,0.098877,0.161377,1.030029
1143869606,0.092285,0.162842,1.025635
1143874606,0.09375,0.162109,1.0271
1143879606,0.093994,0.173828,1.034424
1143884606,0.092529,0.186279,1.045898
1143889606,0.097656,0.19458,1.04248
1143894606,0.093018,0.20166,1.035156
1143899606,0.097168,0.198242,1.03418
1143904606,0.10083,0.192383,1.044434
1143909606,0.10791,0.181396,1.047119
1143914606,0.100342,0.174805,1.045166
1143919606,0.102783,0.167969,1.033936
1143924606,0.10498,0.16748,1.030518
1143929606,0.105957,0.161865,1.024414
1143934606,0.098145,0.159668,1.022949
1143939606,0.099121,0.162354,1.02002
1143944606,0.0979,0.169922,1.0271
1143949606,0.088135,0.17334,1.038086
1143954606,0.089111,0.180664,1.033691
1143959606,0.093506,0.183594,1.037598
1143964606,0.095947,0.182861,1.035889
1143969606,0.093262,0.185059,1.043701
1143974606,0.102051,0.181885,1.040039
1143979606,0.101563,0.185303,1.053467
1143984606,0.102539,0.170654,1.008057
1143989606,0.098877,0.17627,1.032471
1143994606,0.108643,0.163086,1.028564
1143999606,0.100342,0.173828,1.031738
1144004606,0.105469,0.169922,1.029297
1144009606,0.093018,0.179687,1.03125
1144014606,0.098145,0.18457,1.032715
1144019606,0.092773,0.182129,1.036865
1144024606,0.092041,0.184814,1.036377
1144029606,0.096191,0.184814,1.038818
1144034606,0.08667,0.180664,1.030273
1144039606,0.089844,0.180176,1.030029
1144044606,0.099609,0.175293,1.028809
1144049606,0.100586,0.17041,1.028809
1144054606,0.102783,0.164795,1.030762
1144059606,0.105469,0.165771,1.025391
1144064606,0.104492,0.166016,1.03125
1144069606,0.104736,0.174072,1.0354
1144074606,0.10376,0.171387,1.03418
1144079606,0.102539,0.175293,1.031738
1144084606,0.09668,0.177246,1.032227
1144089606,0.09375,0.179199,1.03418
1144094606,0.092529,0.17749,1.028076
1144099606,0.092773,0.176025,1.031738
1144104606,0.092773,0.172852,1.034424
1144109606,0.094971,0.172119,1.037109
1144114606,0.100098,0.171143,1.035645
1144119606,0.099609,0.171875,1.031738
1144124606,0.105225,0.177734,1.02832
1144129606,0.108643,0.171143,1.029053
1144134606,0.109863,0.176758,1.026855
1144139606,0.110596,0.178955,1.032227
1144144606,0.105713,0.182129,1.033447
1144149606,0.101563,0.175781,1.032227
1144154606,0.091797,0.178955,1.023193
1144159606,0.093994,0.176758,1.026855
1144164606,0.09082,0.17334,1.030029
1144169606,0.090332,0.168457,1.031982
1144174606,0.085205,0.17041,1.034424
1144179606,0.084961,0.167236,1.036621
1144184606,0.091064,0.168213,1.033691
1144189606,0.090088,0.166748,1.030029
1144194606,0.094238,0.168457,1.0354
1144199606,0.093506,0.173096,1.030518
1144204606,0.101563,0.175293,1.033203
1144209606,0.097412,0.176025,1.028564
1144214606,0.10498,0.177246,1.0271
1144219606,0.098633,0.176758,1.028809
1144224606,0.098145,0.177979,1.032715
1144229606,0.09375,0.173828,1.027832
1144234606,0.098877,0.177979,1.035156
1144239606,0.099609,0.17627,1.031006
1144244606,0.103271,0.172119,1.034912
1144249606,0.097656,0.169434,1.031738
1144254606,0.097412,0.173096,1.036377
1144259606,0.099609,0.173828,1.037842
1144264606,0.097168,0.179932,1.032715
1144269606,0.095459,0.181152,1.028564
1144274606,0.098877,0.179932,1.025635
1144279606,0.092285,0.180176,1.034424
1144284606,0.094482,0.179199,1.029541
1144289606,0.092773,0.178955,1.03418
1144294606,0.094727,0.18042,1.031494
1144299606,0.093262,0.180908,1.027588
1144304606,0.100342,0.171875,1.033691
1144309606,0.099365,0.173828,1.034912
1144314606,0.096436,0.168457,1.03418
1144319606,0.101318,0.17041,1.034424
1144324606,0.097168,0.175049,1.034668
1144329606,0.100098,0.173096,1.027832
1144334606,0.099854,0.171143,1.031006
1144339606,0.096924,0.175537,1.032471
1144344606,0.097168,0.176758,1.040283
1144349606,0.093994,0.179443,1.029785
1144354606,0.100586,0.181396,1.029785
1144359606,0.096191,0.177002,1.031982
1144364606,0.094971,0.174805,1.030762
1144369606,0.0979,0.174561,1.032227
1144374606,0.098633,0.175049,1.030273
1144379606,0.093506,0.174561,1.025391
1144384606,0.096436,0.176514,1.031982
1144389606,0.095703,0.178223,1.035889
1144394606,0.097168,0.175293,1.032471
1144399606,0.089844,0.176514,1.039551
1144404606,0.093506,0.177979,1.036865
1144409606,0.094971,0.17334,1.029053
1144414606,0.096436,0.174561,1.032715
1144419606,0.095215,0.177979,1.033203
1144424606,0.094727,0.178711,1.033691
1144429606,0.098145,0.178711,1.029541
1144434606,0.097656,0.177734,1.032471
1144439606,0.0979,0.178467,1.035889
1144444606,0.100098,0.172119,1.029297
1144449606,0.098145,0.174072,1.032227
1144454606,0.099121,0.172852,1.031494
1144459606,0.097168,0.178955,1.032227
1144464606,0.0979,0.17627,1.027588
1144469606,0.092041,0.176514,1.03418
1144474606,0.099365,0.17749,1.029297
1144479606,0.092529,0.172852,1.032471
1144484606,0.098389,0.177246,1.031006
1144489606,0.093506,0.174072,1.029053
1144494606,0.093506,0.175049,1.028809
1144499606,0.100342,0.172607,1.03833
1144504606,0.096436,0.172119,1.031494
1144509606,0.090576,0.177734,1.037842
1144514606,0.09668,0.169678,1.022217
1144519606,0.093262,0.172119,1.028809
1144524606,0.097168,0.171875,1.034668
1144529606,0.099609,0.175049,1.032227
1144534606,0.102539,0.174805,1.027832
1144539606,0.100098,0.176758,1.036377
1144544606,0.098145,0.17041,1.033203
1144549606,0.09668,0.17334,1.030518
1144554606,0.094482,0.174316,1.032227
1144559606,0.098145,0.174316,1.035645
1144564606,0.093018,0.174805,1.04248
1144569606,0.098877,0.176514,1.044678
1144574606,0.099365,0.17041,1.032227
1144579606,0.097412,0.17627,1.029297
1144584606,0.09375,0.172852,1.023193
1144589606,0.098389,0.167969,1.019775
1144594606,0.102539,0.17334,1.038574
1144599606,0.098877,0.179443,1.043945
1144604606,0.095215,0.179932,1.028564
1144609606,0.097412,0.17749,1.019775
1144614606,0.095947,0.174316,1.017578
1144619606,0.10083,0.17041,1.031494
1144624606,0.095947,0.177979,1.037842
1144629606,0.095459,0.173828,1.040039
1144634606,0.095459,0.180908,1.028809
1144639606,0.093262,0.172363,1.022949
1144644606,0.098877,0.169189,1.026123
1144649606,0.100586,0.17041,1.03418
1144654606,0.094971,0.172852,1.035156
1144659606,0.094482,0.180664,1.041504
1144664606,0.091064,0.180176,1.017334
1144669606,0.09375,0.180664,1.022949
1144674606,0.100586,0.167969,1.023926
1144679606,0.099609,0.168945,1.032471
1144684606,0.098877,0.172607,1.030762
1144689606,0.094482,0.178467,1.032227
1144694606,0.094727,0.179687,1.028809
1144699606,0.099365,0.172119,1.025635
1144704606,0.096191,0.167969,1.029297
1144709606,0.098389,0.169678,1.032715
1144714606,0.095947,0.175293,1.037842
1144719606,0.09082,0.176758,1.035156
1144724606,0.096191,0.177246,1.033936
1144729606,0.097168,0.17749,1.039551
1144734606,0.092285,0.177734,1.033936
1144739606,0.098633,0.171143,1.033203
1144744606,0.095215,0.17627,1.03418
1144749606,0.098877,0.17627,1.035156
1144754606,0.095947,0.17627,1.028809
1144759606,0.095947,0.173096,1.028564
1144764606,0.096436,0.172607,1.029541
1144769606,0.097656,0.172852,1.030762
1144774606,0.095703,0.180176,1.041504
1144779606,0.097656,0.177979,1.024902
1144784606,0.088379,0.164551,1.014893
1144789606,0.105713,0.170166,1.04541
1144794606,0.095703,0.170898,1.048828
1144799606,0.099365,0.169922,1.025146
1144804606,0.091553,0.1875,1.041504
1144809606,0.097168,0.173828,1.025879
1144814606,0.09082,0.174561,1.015381
1144819606,0.098633,0.170166,1.036133
1144824606,0.0979,0.172363,1.047852
1144829606,0.099365,0.177979,1.034424
1144834606,0.089355,0.181641,1.025635
1144839606,0.093506,0.175537,1.031006
1144844606,0.098389,0.174561,1.037598
1144849606,0.091309,0.167969,1.03125
1144854606,0.099854,0.166992,1.035889
1144859606,0.097412,0.175293,1.037598
1144864606,0.095459,0.172852,1.02832
1144869606,0.094238,0.169434,1.025146
1144874606,0.100098,0.16626,1.028809
1144879606,0.100586,0.175293,1.037354
1144884606,0.098389,0.176025,1.038574
1144889606,0.09668,0.182129,1.028076
1144894606,0.094727,0.182861,1.033203
1144899606,0.096436,0.17627,1.029785
1144904606,0.102295,0.177002,1.034912
1144909606,0.097656,0.171631,1.03833
1144914606,0.097412,0.175537,1.038574
1144919606,0.104004,0.177734,1.032959
1144924606,0.096191,0.174805,1.0271
1144929606,0.094971,0.172363,1.033936
1144934606,0.096191,0.172119,1.034912
1144939606,0.098389,0.171631,1.033936
1144944606,0.092041,0.177734,1.033447
1144949606,0.09375,0.181396,1.029053
1144954606,0.094482,0.179443,1.026611
1144959606,0.100098,0.175537,1.033691
1144964606,0.101563,0.174316,1.029053
1144969606,0.099365,0.173584,1.031982
1144974606,0.096436,0.18042,1.031494
1144979606,0.097656,0.174805,1.028564
1144984606,0.099609,0.173584,1.029785
1144989606,0.100586,0.172363,1.033203
1144994606,0.095703,0.173828,1.034912
1144999606,0.096436,0.176758,1.036377
1145004606,0.094727,0.174805,1.030518
1145009606,2.460449,1.60791,3.999878
1145014606,-0.456299,-0.144775,-0.834717
1145019606,-0.317383,2.906982,-1.281738
1145024606,-1.21582,1.938721,-2.002686
1145029606,0.428711,-0.354736,-0.498535
1145034606,-0.863281,0.443848,0.63623
1145039606,-0.470703,1.115967,1.217041
1145044606,-0.088379,2.598389,1.224854
1145049606,-0.735596,0.823242,-2.293213
1145054606,-0.261475,0.130615,0.738281
1145059606,0.273438,0.203369,-0.245361
1145064606,0.142822,0.158936,1.019043
1145069606,-0.913086,1.779297,3.929932
1145074606,-0.048828,2.301025,-2.238281
1145079606,0.005371,0.53418,1.56543
1145084606,0.054932,0.051025,1.095215
1145089606,-0.78833,0.640869,1.133301
1145094606,0.110107,0.221436,1.000244
1145099606,0.105713,0.120361,1.040283
1145104606,0.209961,0.257813,1.098389
1145109606,0.021973,0.221436,1.04248
1145114606,-0.718506,2.056396,-1.067383
1145119606,-0.719727,1.867676,0.231201
1145124606,-0.783936,0.752686,0.330078
1145129606,-0.358643,0.471436,0.973633
1145134606,0.085693,0.07666,0.94043
1145139606,0.004395,0.242432,1.133545
1145144606,0.051758,0.291016,1.001709
1145149606,0.099609,0.130615,1.010498
1145154606,0.131348,0.114014,1.010742
1145159606,0.10791,0.126709,1.026367
1145164606,0.067139,0.21167,1.053223
1145169606,0.074219,0.206543,1.04126
1145174606,0.092773,0.200684,1.018555
1145179606,0.145996,0.136719,1.109863
1145184606,-0.010498,0.51001,-0.537109
1145189606,-0.32666,0.375,1.287842
1145194606,-0.727051,0.665771,1.183838
1145199606,0.137695,0.143555,1.038818
1145204606,0.12207,0.137207,0.964844
1145209606,0.049072,0.239014,1.132568
1145214606,0.088623,0.279053,1.042969
1145219606,0.084717,0.127441,0.98584
1145224606,0.113281,0.121338,0.97583
1145229606,0.103027,0.144287,0.980957
1145234606,0.068115,0.198242,1.017578
1145239606,-0.086914,0.281494,0.991943
1145244606,-0.004883,0.784424,1.473633
1145249606,-0.110596,0.129883,1.046143
1145254606,-0.239014,1.799805,0.99292
1145259606,0.130371,0.113037,0.984375
1145264606,0.055176,0.213135,1.090332
1145269606,0.091064,0.164307,1.03833
1145274606,0.093262,0.204102,1.019775
1145279606,0.130371,0.153809,0.968262
1145284606,0.116211,0.434326,1.049561
1145289606,0.106445,0.119141,0.902344
1145294606,0.074463,0.0979,0.956299
1145299606,0.10791,0.175781,0.952637
1145304606,0.070557,0.196289,1.06543
1145309606,0.068359,0.239746,1.03418
1145314606,0.141602,0.124268,1.113281
1145319606,0.214844,0.245117,0.584229
1145324606,0.124756,0.132812,0.929443
1145329606,0.074707,0.189697,1.037598
1145334606,0.110352,0.195312,1.006592
1145339606,0.096191,0.18335,1.047607
1145344606,0.017578,0.230469,0.976562
1145349606,0.119141,0.155029,1.107178
1145354606,0.099365,0.120605,0.998779
1145359606,0.102539,0.138916,1.087891
1145364606,0.032471,0.196533,0.849365
1145369606,0.036377,0.210449,1.084961
1145374606,0.070801,0.233643,1.042969
1145379606,0.116211,0.305908,1.108398
1145384606,0.157227,0.170654,1.144531
1145389606,0.112305,0.186035,1.083984
1145394606,0.103516,0.1604,1.053467
1145399606,0.090576,0.20459,1.052979
1145404606,0.084717,0.196289,1.053223
1145409606,0.089355,0.185059,1.039063
1145414606,0.103271,0.162109,1.019287
1145419606,0.101807,0.159424,1.029541
1145424606,0.094727,0.173584,1.032471
1145429606,0.091797,0.180908,1.031006
1145434606,0.085937,0.190674,1.04126
1145439606,0.090576,0.180908,1.03125
1145444606,0.098633,0.174316,1.029297
1145449606,0.097168,0.164062,1.030762
1145454606,0.094238,0.172119,1.0354
1145459606,0.089111,0.177002,1.036621
1145464606,0.091064,0.184082,1.034668
1145469606,0.091309,0.176758,1.034668
1145474606,0.099854,0.172119,1.031738
1145479606,0.098389,0.16333,1.026611
1145484606,0.096924,0.169434,1.027832
1145489606,0.096924,0.176758,1.036377
1145494606,0.094727,0.184326,1.029785
1145499606,0.094727,0.183838,1.043945
1145504606,0.09668,0.176758,1.037598
1145509606,0.095215,0.169678,1.025146
1145514606,0.093506,0.168213,1.032471
1145519606,0.095947,0.177979,1.035156
1145524606,0.090576,0.175781,1.028809
1145529606,0.092773,0.175537,1.036621
1145534606,0.094727,0.173096,1.030518
1145539606,0.091553,0.169189,1.030029
1145544606,0.097656,0.170166,1.031738
1145549606,0.093506,0.17041,1.037354
1145554606,0.090332,0.17627,1.036133
1145559606,0.091797,0.179932,1.037109
1145564606,0.092041,0.174072,1.025879
1145569606,0.098877,0.173584,1.026611
1145574606,0.085937,0.157715,0.987549
1145579606,0.105957,0.135986,0.966064
1145584606,0.12915,0.148682,1.088135
1145589606,0.08374,0.211426,1.097412
1145594606,0.087891,0.196533,1.042725
1145599606,0.081543,0.215088,1.012451
1145604606,0.088135,0.186035,1.049316
1145609606,0.077148,0.168945,1.0271
1145614606,0.0979,0.161621,1.012451
1145619606,0.092773,0.178467,1.044922
1145624606,0.08667,0.189941,1.050537
1145629606,0.096924,0.169434,1.034668
1145634606,0.111816,0.131348,1.006592
1145639606,0.105957,0.130127,1.016113
1145644606,0.108398,0.142822,1.020264
1145649606,0.093018,0.164795,1.041016
1145654606,0.064697,0.254395,1.089844
1145659606,0.105957,0.187744,1.023682
1145664606,0.08374,0.198486,1.053223
1145669606,0.113281,0.141357,1.016602
1145674606,0.101807,0.177979,1.03125
1145679606,0.087402,0.186279,1.035645
1145684606,0.091309,0.19873,1.037598
1145689606,0.097656,0.165039,1.032471
1145694606,0.109131,0.143555,1.012451
1145699606,0.099854,0.17041,1.040771
1145704606,0.090576,0.194336,1.042236
1145709606,0.090088,0.199707,1.034668
1145714606,0.090088,0.176025,1.036133
1145719606,0.097656,0.164795,1.025879
1145724606,0.092529,0.166992,1.019287
1145729606,0.090332,0.178711,1.022949
1145734606,0.093018,0.176025,1.021973
1145739606,0.100342,0.171875,1.075439
1145744606,0.112061,0.157959,1.017822
1145749606,0.084961,0.182373,1.009033
1145754606,0.088135,0.174561,1.028809
1145759606,0.093018,0.186523,1.041016
1145764606,0.100342,0.169189,1.041992
1145769606,0.092285,0.169678,1.025146
1145774606,0.103027,0.19165,1.046143
1145779606,0.092773,0.158691,1.023682
1145784606,0.09375,0.169678,1.023682
1145789606,0.030518,0.185303,0.927002
1145794606,0.112793,0.226562,1.032715
1145799606,0.050049,0.210205,0.963135
1145804606,0.099121,0.164062,1.032227
1145809606,0.075928,0.169678,1.036133
1145814606,0.116455,0.195068,1.091797
1145819606,0.108643,0.171631,1.027588
1145824606,0.068848,0.196289,0.983887
1145829606,0.083496,0.170166,1.015137
1145834606,0.104492,0.196777,1.033936
1145839606,0.087402,0.164062,1.023193
1145844606,0.087402,0.163574,1.013428
1145849606,0.091064,0.180908,1.028564
1145854606,0.100342,0.177979,1.03833
1145859606,0.095459,0.177734,1.015137
1145864606,0.092773,0.176025,1.050293
1145869606,0.084961,0.17749,1.031982
1145874606,0.112061,0.16748,1.04126
1145879606,0.094238,0.171875,1.038818
1145884606,0.084961,0.164307,1.035889
1145889606,0.094727,0.174316,1.035645
1145894606,0.08252,0.217041,0.996582
1145899606,0.094971,0.172119,1.019043
1145904606,0.092773,0.156494,1.038574
1145909606,0.09375,0.175049,1.040039
1145914606,0.099854,0.172607,1.042725
1145919606,0.09082,0.170898,1.025879
1145924606,0.098145,0.177979,1.020508
1145929606,0.112549,0.158936,1.099609
1145934606,0.086914,0.174072,1.012451
1145939606,0.064209,0.189209,0.929687
1145944606,0.074707,0.206787,0.94043
1145949606,0.105225,0.122314,1.072266
1145954606,0.084229,0.187256,0.975098
1145959606,0.082275,0.178955,1.092773
1145964606,0.062256,0.168213,1.00708
1145969606,0.105225,0.149414,1.05835
1145974606,0.105957,0.179687,1.06543
1145979606,0.053223,0.168701,0.967041
1145984606,0.118652,0.174805,1.046875
1145989606,0.111572,0.179932,1.069824
1145994606,0.097168,0.179932,1.046875
1145999606,0.095703,0.174561,1.052002
1146004606,0.039795,0.211426,0.922119
1146009606,0.042725,0.118896,0.915039
1146014606,0.060303,0.117188,1.054932
1146019606,0.15332,0.307373,0.995605
1146024606,0.138672,0.157959,0.997314
1146029606,0.047119,0.147949,1.079346
1146034606,0.112061,0.177979,1.001465
1146039606,0.120605,0.167969,1.090576
1146044606,0.110107,0.192627,0.991455
1146049606,0.080811,0.253174,1.056396
1146054606,0.067627,0.099609,0.993164
1146059606,0.101074,0.196533,1.033691
1146064606,0.065674,0.180908,1.018555
1146069606,0.087891,0.142334,1.013672
1146074606,0.092773,0.189453,1.03418
1146079606,0.093994,0.146729,1.044189
1146084606,0.084473,0.175781,1.029053
1146089606,0.108154,0.178223,1.038574
1146094606,0.091797,0.164795,1.039307
1146099606,0.095215,0.163818,1.044189
1146104606,0.09668,0.18457,1.023926
1146109606,0.101807,0.167236,1.044922
1146114606,0.097168,0.173828,1.030029
1146119606,0.092285,0.168457,1.026367
1146124606,0.085205,0.155518,1.041748
1146129606,0.100098,0.151611,1.018799
1146134606,0.087158,0.166992,1.056152
1146139606,0.102783,0.16626,1.038574
1146144606,0.099609,0.173828,1.023438
1146149606,0.072754,0.164551,1.060303
1146154606,0.069092,0.172363,0.999756
1146159606,0.090576,0.18042,1.038086
1146164606,0.076904,0.18042,1.034424
1146169606,0.092041,0.189209,1.026367
1146174606,0.091064,0.20459,1.024902
1146179606,0.092041,0.202881,1.039795
1146184606,0.085205,0.199219,1.034912
1146189606,0.091064,0.177979,1.019531
1146194606,0.070801,0.170166,1.000977
1146199606,0.089355,0.181152,1.031738
1146204606,0.077393,0.176025,1.027344
1146209606,0.083496,0.17041,1.0354
1146214606,0.089844,0.173096,1.024414
1146219606,0.081299,0.167236,1.033203
1146224606,0.086182,0.168945,1.037109
1146229606,0.086182,0.165283,1.035645
1146234606,0.085693,0.161621,1.040039
1146239606,0.091309,0.161377,1.026367
1146244606,0.08667,0.168701,1.037109
1146249606,0.091309,0.171143,1.032471
1146254606,0.0896,0.162354,1.030518
1146259606,0.081787,0.18335,1.042236
1146264606,0.087158,0.176514,1.034668
1146269606,0.067383,0.159668,1.028076
1146274606,0.08374,0.166992,1.029053
1146279606,0.080078,0.171143,1.034424
1146284606,0.080566,0.166016,1.026367
1146289606,0.081299,0.169434,1.043945
1146294606,0.088135,0.166992,1.030273
1146299606,0.084717,0.144531,1.035889
1146304606,0.085693,0.156494,1.035889
1146309606,0.084961,0.156006,1.043945
1146314606,0.071777,0.146729,1.043701
1146319606,0.079834,0.1521,1.016602
1146324606,0.087891,0.212158,1.027344
1146329606,0.074951,0.178955,1.030029
1146334606,0.081543,0.1875,1.009033
1146339606,0.094971,0.194336,1.037354
1146344606,0.088379,0.185791,1.029785
1146349606,0.056641,0.253174,1.134033
1146354606,0.109863,0.454102,1.103271
1146359606,0.063721,0.142334,1.007324
1146364606,0.081055,0.208008,0.982422
1146369606,0.088379,0.178711,1.054199
1146374606,0.089844,0.191895,0.995605
1146379606,0.057373,0.233643,1.126953
1146384606,0.119629,0.077148,1.065918
1146389606,0.102783,0.206543,1.025879
1146394606,0.149414,0.192871,1.106934
1146399606,0.084229,0.136719,1.043701
1146404606,0.073486,0.165527,1.021484
1146409606,0.076416,0.158936,1.030029
1146414606,0.094727,0.181641,1.046631
1146419606,0.08374,0.17749,1.026611
1146424606,0.084473,0.168945,1.024658
1146429606,0.080078,0.164307,1.03833
1146434606,0.084717,0.1604,1.032227
1146439606,0.082764,0.166016,1.038574
1146444606,0.079346,0.162598,1.031494
1146449606,0.081055,0.168945,1.037598
1146454606,0.085693,0.16626,1.036377
1146459606,0.077148,0.152832,1.032227
1146464606,0.073242,0.17041,1.039307
1146469606,0.078369,0.155273,1.031982
1146474606,0.069336,0.134521,1.022217
1146479606,0.099121,0.209229,1.051758
1146484606,0.089844,0.175293,1.015869
1146489606,0.058594,0.140137,1.036865
1146494606,0.070801,0.169922,1.025391
1146499606,0.078857,0.130127,1.02417
1146504606,0.08252,0.186523,1.050781
1146509606,0.07959,0.165771,1.020508
1146514606,0.076416,0.179443,1.036133
1146519606,0.093506,0.172607,1.030762
1146524606,0.100098,0.183105,1.053467
1146529606,0.087158,0.181641,1.018066
1146534606,0.066162,0.168213,1.022217
1146539606,0.10498,0.208008,1.068604
1146544606,0.08252,0.18335,1.05127
1146549606,0.081543,0.173828,1.043945
1146554606,0.100342,0.12085,1.05835
1146559606,0.101318,0.0625,1.073242
1146564606,0.038574,0.086914,1.014648
1146569606,0.10083,0.147217,0.989746
1146574606,0.054932,-0.026611,0.996094
1146579606,0.197266,-0.030273,1.292725
1146584606,-0.006592,0.155518,1.055176
1146589606,0.181641,0.270752,1.031738
1146594606,0.075195,0.223877,1.068115
1146599606,0.057129,0.101318,0.99292
1146604606,0.045654,0.129883,0.946533
1146609606,0.104492,0.196045,1.012939
1146614606,0.003662,0.165771,1.040527
1146619606,0.068848,0.18457,1.029053
1146624606,0.099121,0.101074,0.969482
1146629606,0.103027,0.098877,0.995117
1146634606,0.079102,0.132568,1.046875
1146639606,0.049316,0.192383,1.086914
1146644606,0.075684,0.213623,1.039063
1146649606,0.104248,0.205566,1.060059
1146654606,0.072998,0.15332,1.022217
1146659606,0.064697,0.159424,1.040771
1146664606,0.074463,0.179443,1.045654
1146669606,0.076904,0.172607,1.037598
1146674606,0.082764,0.157471,1.013672
1146679606,0.073486,0.159668,1.03125
1146684606,0.075439,0.165771,1.040527
1146689606,0.079346,0.173096,1.045654
1146694606,0.074219,0.157471,1.038086
1146699606,0.082031,0.154541,1.033203
1146704606,0.076172,0.161621,1.031982
1146709606,0.076172,0.171631,1.034912
1146714606,0.063965,0.163818,1.05835
1146719606,0.081055,0.160889,1.023926
1146724606,0.077637,0.169922,1.038086
1146729606,0.078369,0.164062,1.045166
1146734606,0.081299,0.158691,1.026367
1146739606,0.086182,0.157227,1.036865
1146744606,0.091797,0.188232,1.032959
1146749606,0.075684,0.183594,1.039063
1146754606,0.064697,0.182861,1.032959
1146759606,0.07373,0.160156,1.037598
1146764606,0.078613,0.173584,1.034912
1146769606,0.090332,0.151367,1.053467
1146774606,0.07666,0.180664,1.0625
1146779606,0.077393,0.159668,1.046387
1146784606,0.071777,0.196045,1.03418
1146789606,0.077393,0.154053,1.01416
1146794606,0.083008,0.169434,0.988281
1146799606,0.095459,0.137451,1.039551
1146804606,0.090576,0.158447,1.013428
1146809606,0.083496,0.142334,1.004395
1146814606,0.080811,0.159424,1.037109
1146819606,0.085937,0.153076,1.033203
1146824606,0.091797,0.168701,1.021973
1146829606,0.078857,0.161377,1.058838
1146834606,0.076904,0.196289,1.048584
1146839606,0.073486,0.180908,1.059082
1146844606,0.087891,0.187744,1.053955
1146849606,0.085449,0.18042,1.058594
1146854606,0.086914,0.182861,1.046387
1146859606,0.085937,0.172852,1.04126
1146864606,0.085693,0.17749,1.039795
1146869606,0.082031,0.172363,1.025879
1146874606,0.088623,0.161377,1.02832
1146879606,0.084229,0.162109,1.026611
1146884606,0.09375,0.151855,1.015625
1146889606,0.085693,0.155518,1.02417
1146894606,0.081299,0.158203,1.02002
1146899606,0.080811,0.16333,1.036621
1146904606,0.081299,0.159668,1.022461
1146909606,0.079834,0.156738,1.016113
1146914606,0.08667,0.153076,1.018555
1146919606,0.085693,0.168213,1.01416
1146924606,0.100586,0.175781,1.014648
1146929606,0.108154,0.118164,1.02832
1146934606,0.111572,0.178223,1.05835
1146939606,0.122803,-0.030518,0.991211
1146944606,0.132568,0.13208,1.012451
1146949606,0.093994,0.169189,1.059082
1146954606,0.057861,0.20459,1.07959
1146959606,0.088623,0.176514,1.041748
1146964606,0.087646,0.181885,1.04541
1146969606,0.075439,0.199219,1.047119
1146974606,0.054687,0.232178,1.073486
1146979606,0.063232,0.225586,1.073486
1146984606,0.065918,0.213379,1.073242
1146989606,0.072021,0.196045,1.052246
1146994606,0.081787,0.177979,1.047119
1146999606,0.09082,0.155273,1.012451
1147004606,0.090088,0.171143,1.032227
1147009606,0.090332,0.110107,1.010986
1147014606,0.088379,0.121338,1.047119
1147019606,0.089355,0.130127,1.009766
1147024606,0.087402,0.138672,1.024658
1147029606,0.093994,0.135742,1.020996
1147034606,0.096191,0.124268,1.009766
1147039606,0.091797,0.123291,1.029053
1147044606,0.087158,0.137939,1.030273
1147049606,0.082764,0.151855,1.03833
1147054606,0.075439,0.169678,1.043701
1147059606,0.076416,0.166504,1.04126
1147064606,0.081055,0.166504,1.044189
1147069606,0.078369,0.171875,1.045898
1147074606,0.083984,0.17041,1.037842
1147079606,0.078613,0.18042,1.044189
1147084606,0.080078,0.168701,1.042725
1147089606,0.080322,0.172852,1.038818
1147094606,0.084229,0.159912,1.026611
1147099606,0.08667,0.160156,1.03125
1147104606,0.087891,0.152832,1.029785
1147109606,0.085205,0.15918,1.034668
1147114606,0.083496,0.161621,1.037354
1147119606,0.080811,0.179932,1.044434
1147124606,0.074707,0.179687,1.044189
1147129606,0.079834,0.170654,1.035645
1147134606,0.084229,0.159424,1.029297
1147139606,0.082275,0.161133,1.035645
1147144606,0.076172,0.172852,1.036621
1147149606,0.079346,0.169434,1.04126
1147154606,0.085693,0.166992,1.038818
1147159606,0.085693,0.160156,1.029785
1147164606,0.085693,0.156006,1.029541
1147169606,0.087646,0.152344,1.025391
1147174606,0.083252,0.157227,1.025879
1147179606,0.077393,0.170654,1.030518
1147184606,0.079346,0.174805,1.045898
1147189606,0.077393,0.171387,1.060791
1147194606,0.083008,0.168213,1.036377
1147199606,0.083496,0.167969,1.031494
1147204606,0.08252,0.162842,1.02832
1147209606,0.084229,0.164795,1.030762
1147214606,0.083496,0.170654,1.043945
1147219606,0.084961,0.172607,1.055908
1147224606,0.088135,0.16626,1.03833
1147229606,0.084961,0.161377,1.02417
1147234606,0.084473,0.160645,1.028076
1147239606,0.084229,0.158447,1.032715
1147244606,0.08252,0.16626,1.043945
1147249606,0.078613,0.16748,1.046387
1147254606,0.080811,0.165771,1.03833
1147259606,0.07959,0.160889,1.032227
1147264606,0.082275,0.15625,1.028564
1147269606,0.078613,0.157959,1.033691
1147274606,0.079834,0.163574,1.033447
1147279606,0.083008,0.161377,1.039795
1147284606,0.081543,0.168213,1.040771
1147289606,0.082275,0.163086,1.027588
1147294606,0.085937,0.16748,1.029785
1147299606,0.084961,0.165283,1.033447
1147304606,0.085449,0.168457,1.039063
1147309606,0.081787,0.170166,1.038574
1147314606,0.082031,0.168945,1.036865
1147319606,0.083008,0.163086,1.036621
1147324606,0.088135,0.16333,1.031494
1147329606,0.085937,0.158203,1.035889
1147334606,0.083984,0.156738,1.035156
1147339606,0.082275,0.164551,1.033936
1147344606,0.07959,0.16333,1.037109
1147349606,0.078857,0.161621,1.033447
1147354606,0.085693,0.159668,1.035645
1147359606,0.080811,0.15918,1.03418
1147364606,0.081299,0.162109,1.0271
1147369606,0.078613,0.170654,1.037842
1147374606,0.077881,0.169189,1.035645
1147379606,0.084229,0.164795,1.029541
1147384606,0.087646,0.159424,1.034424
1147389606,0.085937,0.158691,1.036133
1147394606,0.084473,0.155762,1.029541
1147399606,0.083008,0.162842,1.027344
1147404606,0.08374,0.166504,1.035889
1147409606,0.081543,0.165039,1.033936
1147414606,0.082764,0.165283,1.036621
1147419606,0.082764,0.162109,1.037109
1147424606,0.084473,0.16748,1.033447
1147429606,0.083008,0.164551,1.036133
1147434606,0.079834,0.167236,1.039307
1147439606,0.079834,0.164307,1.033936
1147444606,0.082031,0.166748,1.034912
1147449606,0.083008,0.162109,1.037109
1147454606,0.084229,0.158936,1.037109
1147459606,0.083008,0.15625,1.030762
1147464606,0.084717,0.165283,1.029297
1147469606,0.086426,0.168457,1.031982
1147474606,0.083008,0.163818,1.034912
1147479606,0.083496,0.16333,1.034912
1147484606,0.08252,0.164795,1.033936
1147489606,0.084473,0.165771,1.035156
1147494606,0.083008,0.169922,1.027344
1147499606,0.08252,0.162354,1.03125
1147504606,0.083496,0.161377,1.034912
1147509606,0.084473,0.163086,1.037109
1147514606,0.083252,0.1604,1.034912
1147519606,0.084717,0.161133,1.033447
1147524606,0.081787,0.161865,1.032715
1147529606,0.082275,0.16333,1.032715
1147534606,0.085205,0.164795,1.040771
1147539606,0.083008,0.163818,1.03418
1147544606,0.084717,0.167725,1.031494
1147549606,0.077393,0.167236,1.03833
1147554606,0.082031,0.167725,1.037598
1147559606,0.08252,0.159668,1.040527
1147564606,0.085449,0.161621,1.028809
1147569606,0.083008,0.163086,1.032227
1147574606,0.085449,0.1604,1.037842
1147579606,0.081787,0.164307,1.02832
1147584606,0.083984,0.162109,1.029297
1147589606,0.082031,0.163086,1.037842
1147594606,0.083984,0.161865,1.033203
1147599606,0.07959,0.160645,1.035645
1147604606,0.080078,0.163818,1.039063
1147609606,0.083008,0.167725,1.034668
1147614606,0.08252,0.165039,1.030762
1147619606,0.08374,0.162109,1.034912
1147624606,0.084717,0.164551,1.036377
1147629606,0.087891,0.162842,1.036865
1147634606,0.081055,0.165283,1.041504
1147639606,0.088379,0.157227,1.02832
1147644606,0.088135,0.165527,1.041748
1147649606,0.085449,0.162598,1.02832
1147654606,0.084473,0.172363,1.042725
1147659606,0.08374,0.170654,1.037598
1147664606,0.080322,0.170166,1.03418
1147669606,0.080078,0.166504,1.032715
1147674606,0.077881,0.167236,1.035889
1147679606,0.081055,0.164307,1.031982
1147684606,0.082764,0.16748,1.033691
1147689606,0.084961,0.160889,1.029297
1147694606,0.079102,0.165283,1.028076
1147699606,0.079102,0.1604,1.030273
1147704606,0.082031,0.157959,1.03418
1147709606,0.083252,0.1604,1.040771
1147714606,0.082764,0.16333,1.03418
1147719606,0.084473,0.162598,1.040039
1147724606,0.080322,0.163574,1.030762
1147729606,0.084229,0.162598,1.03125
1147734606,0.08374,0.166748,1.039307
1147739606,0.08374,0.16626,1.03418
1147744606,0.084229,0.166992,1.042236
1147749606,0.086914,0.169678,1.038086
1147754606,0.085205,0.166748,1.041504
1147759606,0.087646,0.164307,1.037354
1147764606,0.084717,0.164551,1.036865
1147769606,0.079102,0.163086,1.034668
1147774606,0.081787,0.164307,1.034912
1147779606,0.084961,0.165039,1.034424
1147784606,0.080322,0.162354,1.036133
1147789606,0.086182,0.164062,1.040283
1147794606,0.084229,0.164795,1.030273
1147799606,0.080566,0.164551,1.033691
1147804606,0.083496,0.162109,1.033691
1147809606,0.083496,0.166748,1.040527
1147814606,0.08252,0.163574,1.031738
1147819606,0.083496,0.167236,1.036133
1147824606,0.084717,0.169434,1.030518
1147829606,0.081055,0.162842,1.033447
1147834606,0.085449,0.164062,1.034912
1147839606,0.080811,0.158447,1.030518
1147844606,0.079102,0.164551,1.033691
1147849606,0.084717,0.165039,1.038086
1147854606,0.084229,0.164795,1.032715
1147859606,0.083252,0.16626,1.033447
1147864606,0.083252,0.164551,1.034424
1147869606,0.080811,0.162354,1.036865
1147874606,0.083252,0.165039,1.03418
1147879606,0.080811,0.16626,1.031982
1147884606,0.080078,0.162109,1.035889
1147889606,0.08374,0.158936,1.038818
1147894606,0.084473,0.161377,1.030762
1147899606,0.083496,0.159668,1.034424
1147904606,0.082764,0.162842,1.040527
1147909606,0.088379,0.1604,1.034424
1147914606,0.084961,0.165283,1.032715
1147919606,0.083008,0.160645,1.040039
1147924606,0.08252,0.162598,1.031738
1147929606,0.084473,0.164062,1.032959
1147934606,0.078125,0.16333,1.039307
1147939606,0.080566,0.166992,1.039795
1147944606,0.081543,0.168701,1.031738
1147949606,0.079102,0.168457,1.039551
1147954606,0.082275,0.164307,1.030518
1147959606,0.081787,0.166748,1.046143
1147964606,0.083984,0.162109,1.03418
1147969606,0.079834,0.161621,1.032715
1147974606,0.088135,0.167725,1.040527
1147979606,0.078125,0.168701,1.033691
1147984606,0.080078,0.162109,1.037354
1147989606,0.082764,0.162598,1.028809
1147994606,0.08252,0.164307,1.03125
1147999606,0.085205,0.163086,1.030518
1148004606,0.081543,0.168457,1.03125
1148009606,0.084717,0.164307,1.036377
1148014606,0.084229,0.166992,1.036865
1148019606,0.084473,0.161621,1.028809
1148024606,0.084717,0.165039,1.032227
1148029606,0.084961,0.160889,1.032959
1148034606,0.081543,0.166992,1.030762
1148039606,0.088623,0.161621,1.035889
1148044606,0.083984,0.155273,1.038818
1148049606,0.085205,0.166748,1.033447
1148054606,0.086914,0.160645,1.032959
1148059606,0.08374,0.162109,1.033936
1148064606,0.085205,0.169678,1.03418
1148069606,0.081055,0.166992,1.039551
1148074606,0.077148,0.164551,1.032471
1148079606,0.078613,0.169434,1.03418
1148084606,0.077881,0.171143,1.037109
1148089606,0.085449,0.164795,1.036865
1148094606,0.082764,0.163574,1.038086
1148099606,0.081787,0.162354,1.034424
1148104606,0.083984,0.157227,1.033691
1148109606,0.083008,0.161133,1.032227
1148114606,0.082275,0.163086,1.038574
1148119606,0.084229,0.159668,1.031738
1148124606,0.081787,0.163818,1.039307
1148129606,0.083008,0.164551,1.030518
1148134606,0.084229,0.164795,1.038818
1148139606,0.081787,0.163818,1.031006
1148144606,0.084961,0.16626,1.036377
1148149606,0.07959,0.166016,1.034912
1148154606,0.078613,0.16333,1.034668
1148159606,0.087646,0.165771,1.04248
1148164606,0.083252,0.15918,1.031982
1148169606,0.080078,0.160645,1.037842
1148174606,0.087158,0.161865,1.034912
1148179606,0.082031,0.167969,1.034668
1148184606,0.082031,0.166504,1.031006
1148189606,0.080811,0.163086,1.0271
1148194606,0.084229,0.165527,1.02832
1148199606,0.080566,0.169434,1.033203
1148204606,0.087402,0.166504,1.036865
1148209606,0.08252,0.161377,1.029785
1148214606,0.081055,0.166748,1.0354
1148219606,0.080322,0.16748,1.032227
1148224606,0.083984,0.165039,1.033936
1148229606,0.086914,0.159912,1.026611
1148234606,0.079102,0.164551,1.034912
1148239606,0.077393,0.159912,1.03418
1148244606,0.084229,0.160645,1.037842
1148249606,0.082764,0.163086,1.032471
1148254606,0.078857,0.162598,1.031494
1148259606,0.07959,0.164551,1.030029
1148264606,0.082275,0.162354,1.039551
1148269606,0.084473,0.167236,1.032715
1148274606,0.08252,0.163574,1.036133
1148279606,0.087158,0.166748,1.036621
1148284606,0.084229,0.161865,1.030762
1148289606,0.082764,0.160889,1.040039
1148294606,0.084473,0.164795,1.034912
1148299606,0.081787,0.161621,1.03125
1148304606,0.081055,0.161865,1.034912
1148309606,0.08252,0.163818,1.029053
1148314606,0.07959,0.161377,1.037109
1148319606,0.081299,0.162842,1.035645
1148324606,0.087891,0.165039,1.038574
1148329606,0.080811,0.164307,1.034668
1148334606,0.085937,0.164307,1.031006
1148339606,0.086426,0.164551,1.036621
1148344606,0.091553,0.165039,1.03418
1148349606,0.088135,0.163086,1.035645
1148354606,0.087646,0.162354,1.033447
1148359606,0.088623,0.161621,1.036865
1148364606,0.083496,0.165283,1.038574
1148369606,0.082275,0.167236,1.035156
1148374606,0.084229,0.164795,1.034912
1148379606,0.079102,0.164795,1.031494
1148384606,0.076172,0.163818,1.031982
1148389606,0.084473,0.164551,1.04834
1148394606,0.081543,0.159912,1.018311
1148399606,0.074707,0.167725,1.036865
1148404606,0.079346,0.159424,1.027832
1148409606,0.083496,0.165283,1.035889
1148414606,0.082275,0.162354,1.034912
1148419606,0.08374,0.159668,1.032227
1148424606,0.08667,0.162842,1.024414
1148429606,0.085205,0.155762,1.027344
1148434606,0.085937,0.164307,1.036133
1148439606,0.087646,0.162109,1.034424
1148444606,0.083496,0.161133,1.029053
1148449606,0.08374,0.161621,1.029541
1148454606,0.083008,0.164551,1.044189
1148459606,0.080811,0.167969,1.02832
1148464606,0.076416,0.165527,1.0271
1148469606,0.076904,0.163574,1.039307
1148474606,0.079102,0.164551,1.037354
1148479606,0.083496,0.163574,1.03833
1148484606,0.081543,0.168945,1.03418
1148489606,0.086182,0.164551,1.029785
1148494606,0.082764,0.160156,1.028809
1148499606,0.087891,0.159424,1.028076
1148504606,0.084473,0.157715,1.031006
1148509606,0.09375,0.164551,1.031738
1148514606,0.091309,0.166748,1.047852
1148519606,0.082031,0.169434,1.026367
1148524606,0.079346,0.170654,1.037109
1148529606,1.977783,0.39209,1.985107
1148534606,0.879395,-2.809326,-2.532471
1148539606,2.42627,-0.456543,-4.0
1148544606,2.155029,3.08374,0.303223
1148549606,-0.0979,1.799072,-2.138672
1148554606,-0.408691,0.177246,-1.927002
1148559606,-1.270752,0.506836,1.226807
1148564606,-0.522461,0.487305,0.989014
1148569606,-0.354248,0.64502,0.100342
1148574606,-0.047119,-0.052246,0.868408
1148579606,0.162842,0.24707,1.468018
1148584606,0.035889,0.272949,1.464355
1148589606,0.091064,0.166016,1.051514
1148594606,0.046143,0.162598,0.931152
1148599606,0.10376,0.068848,0.906738
1148604606,0.104004,0.082764,1.048828
1148609606,0.107422,0.129639,1.08252
1148614606,0.05957,0.19458,1.070557
1148619606,0.058105,0.248047,1.08374
1148624606,0.063232,0.2229,1.064941
1148629606,0.075684,0.162842,1.019531
1148634606,0.090332,0.124512,0.996826
1148639606,0.087646,0.136719,1.017334
1148644606,0.083496,0.166748,1.049805
1148649606,0.062256,0.201416,1.05542
1148654606,0.067871,0.212158,1.060547
1148659606,0.076416,0.169189,1.046143
1148664606,0.099854,0.130859,1.019287
1148669606,0.101563,0.117676,1.00293
1148674606,0.100098,0.14624,1.021729
1148679606,0.081543,0.173584,1.044189
1148684606,-0.033691,0.153564,1.485352
1148689606,-0.258545,1.712646,-4.0
1148694606,-0.071777,0.556396,-1.624512
1148699606,0.090332,0.423096,0.301514
1148704606,-1.117432,0.615723,1.507568
1148709606,0.312256,3.0354,0.733398
1148714606,-0.568115,1.748779,-0.413574
1148719606,-0.938965,1.942383,-0.151855
1148724606,-0.072998,0.376953,0.55957
1148729606,-0.136963,0.034912,1.405273
1148734606,-0.720459,0.039551,1.240723
1148739606,-0.082031,0.14624,1.161865
1148744606,0.152344,0.099121,0.942139
1148749606,0.11499,0.032959,1.051025
1148754606,0.055908,0.145996,1.017334
1148759606,0.062988,0.19458,1.040771
1148764606,0.14917,-0.366455,-0.842285
1148769606,-0.526611,2.125244,0.32373
1148774606,-1.985107,0.824707,-4.0
1148779606,-1.529785,0.271729,0.944824
1148784606,-0.89624,0.386475,0.902832
1148789606,0.084473,0.298828,1.208984
1148794606,0.128174,0.139404,1.147949
1148799606,0.113281,0.144775,1.149414
1148804606,0.092529,0.177246,1.032227
1148809606,0.16748,0.234375,0.972656
1148814606,-0.053711,0.825195,1.024902
1148819606,0.258301,0.89502,1.256592
1148824606,0.054443,0.685059,0.929443
1148829606,0.107422,0.075928,1.010254
1148834606,0.040039,0.240479,1.105713
1148839606,0.076172,0.185791,1.052979
1148844606,0.059326,1.439453,1.067383
1148849606,0.040283,0.847656,0.896484
1148854606,-0.162109,0.733643,1.587646
1148859606,-0.377686,0.546143,0.95752
1148864606,0.035156,0.310059,0.994385
1148869606,0.09082,0.231445,1.067383
1148874606,-0.340088,0.888428,1.224854
1148879606,-0.348633,0.841309,0.925781
1148884606,0.12085,0.157715,1.013916
1148889606,0.067627,0.16626,1.075195
1148894606,0.075928,0.178223,1.007568
1148899606,0.128662,0.1604,1.087891
1148904606,0.113037,0.160156,1.010254
1148909606,0.070557,0.145264,1.045166
1148914606,0.061523,0.147217,1.041504
1148919606,0.086426,0.165527,1.042969
1148924606,0.094482,0.186768,1.032959
1148929606,0.054687,0.175781,1.045166
1148934606,0.07959,0.168945,1.043213
1148939606,0.085205,0.164307,1.03125
1148944606,0.07373,0.15332,1.020508
1148949606,0.082275,0.156006,1.049072
1148954606,0.089355,0.166016,1.030762
1148959606,0.067627,0.163086,1.016602
1148964606,0.080078,0.162842,1.044434
1148969606,0.083496,0.165283,1.028809
1148974606,0.071045,0.154785,1.026123
1148979606,0.084717,0.161865,1.046387
1148984606,0.083252,0.169922,1.039307
1148989606,0.073975,0.169189,1.032715
1148994606,0.084473,0.172852,1.043945
1148999606,0.083252,0.162109,1.036621
1149004606,0.081787,0.15625,1.028076
1149009606,0.093994,0.164307,1.037842
1149014606,0.08252,0.162842,1.030518
1149019606,0.076904,0.163818,1.032227
1149024606,0.080566,0.162109,1.040283
1149029606,0.076904,0.162354,1.032715
1149034606,0.073242,0.161133,1.0271
1149039606,0.088867,0.160889,1.039307
1149044606,0.081787,0.166504,1.026855
1149049606,0.076904,0.163818,1.036133
1149054606,0.074219,0.16748,1.039307
1149059606,0.070312,0.160645,1.023926
1149064606,0.079834,0.157715,1.048828
1149069606,0.085693,0.1521,1.033691
1149074606,0.083496,0.155762,1.022217
1149079606,0.08374,0.15332,1.033447
1149084606,0.084961,0.162598,1.035156
1149089606,0.083984,0.157959,1.029053
1149094606,0.079834,0.1604,1.036865
1149099606,0.084961,0.161133,1.039795
1149104606,0.081055,0.159912,1.031982
1149109606,0.077393,0.162354,1.034912
1149114606,0.07959,0.167725,1.04541
1149119606,0.074951,0.167725,1.033203
1149124606,0.078125,0.166748,1.042969
1149129606,0.085693,0.168213,1.041748
1149134606,0.080811,0.164307,1.031982
1149139606,0.079834,0.163574,1.041016
1149144606,0.082764,0.162842,1.033936
1149149606,0.083008,0.166016,1.033691
1149154606,0.084961,0.163818,1.037109
1149159606,0.084473,0.166504,1.0354
1149164606,0.083496,0.165283,1.034912
1149169606,0.083252,0.167236,1.036865
1149174606,0.084717,0.166504,1.036621
1149179606,0.082764,0.166016,1.033691
1149184606,0.084229,0.166016,1.037109
1149189606,0.083008,0.166992,1.042725
1149194606,0.080322,0.162109,1.034912
1149199606,0.082031,0.162598,1.036865
1149204606,0.077881,0.165039,1.034668
1149209606,0.077637,0.163818,1.033691
1149214606,0.083252,0.16333,1.036133
1149219606,0.083496,0.162354,1.031006
1149224606,0.082031,0.158203,1.033203
1149229606,0.083008,0.158203,1.034424
1149234606,0.083008,0.166504,1.036865
1149239606,0.082275,0.164795,1.030762
1149244606,0.081055,0.161377,1.034912
1149249606,0.084717,0.169434,1.029541
1149254606,0.083008,0.167236,1.035889
1149259606,0.082764,0.163086,1.03833
1149264606,0.07666,0.163574,1.0354
1149269606,0.077148,0.162109,1.031494
1149274606,0.075684,0.168457,1.038086
1149279606,0.079834,0.166504,1.036865
1149284606,0.080566,0.16333,1.030762
1149289606,0.080811,0.164551,1.040527
1149294606,0.082031,0.162842,1.033691
1149299606,0.083252,0.160156,1.032715
1149304606,0.080078,0.168213,1.027588
1149309606,0.081787,0.161133,1.03418
1149314606,0.08374,0.159912,1.027588
1149319606,0.079102,0.162842,1.035889
1149324606,0.086182,0.16748,1.041016
1149329606,0.078613,0.165771,1.0354
1149334606,0.082764,0.161377,1.033691
1149339606,0.081055,0.166504,1.038818
1149344606,0.083984,0.162354,1.037354
1149349606,0.083496,0.162109,1.027588
1149354606,0.077393,0.163818,1.030273
1149359606,0.078125,0.165527,1.033936
1149364606,0.080566,0.165527,1.035889
1149369606,0.083008,0.169189,1.036621
1149374606,0.084229,0.163818,1.0354
1149379606,0.082275,0.161621,1.036377
1149384606,0.082275,0.162842,1.04126
1149389606,0.080811,0.16333,1.041992
1149394606,0.08252,0.166016,1.032715
1149399606,0.081299,0.161133,1.038574
1149404606,0.081543,0.164307,1.036377
1149409606,0.086914,0.165527,1.035889
1149414606,0.082031,0.163818,1.025879
1149419606,0.083496,0.166016,1.030273
1149424606,0.087646,0.165283,1.040039
1149429606,0.084229,0.165771,1.039795
1149434606,0.080811,0.164795,1.031006
1149439606,0.080322,0.163818,1.029785
1149444606,0.078125,0.161865,1.040771
1149449606,0.07959,0.162598,1.039063
1149454606,0.07666,0.165527,1.03125
1149459606,0.082031,0.164795,1.03418
1149464606,0.082275,0.161865,1.035645
1149469606,0.083252,0.16333,1.040039
1149474606,0.082031,0.162842,1.032471
1149479606,0.084717,0.165283,1.037354
1149484606,0.082031,0.169922,1.039063
