timestamp_us,x_g,y_g,z_g
1191219606,0.116943,0.168457,1.027344
2734424606,0.117188,0.166992,1.023438
1191229606,0.119141,0.167236,1.030518
1191234606,0.119873,0.163574,1.025391
1191239606,0.118652,0.165527,1.026855
1191244606,0.118164,0.168213,1.02417
1191249606,0.115479,0.170654,1.037598
1191254606,0.11377,0.172119,1.036133
1191259606,0.115234,0.171387,1.034424
1191264606,0.119141,0.170166,1.030518
1191269606,0.117432,0.169922,1.035889
1191274606,0.114502,0.172119,1.035156
1191279606,0.112305,0.168945,1.031006
1191284606,0.119873,0.168945,1.033447
1191289606,0.114258,0.167236,1.029541
1191294606,0.114014,0.169434,1.032959
1191299606,0.113037,0.167236,1.032959
1191304606,0.112549,0.168701,1.030518
1191309606,0.118408,0.168701,1.024414
1191314606,0.11499,0.175049,1.034668
1191319606,0.116943,0.170898,1.0271
1191324606,0.115967,0.172363,1.045898
1191329606,0.117432,0.16748,1.03418
1191334606,0.113281,0.173584,1.032227
1191339606,0.114014,0.17334,1.032959
1191344606,0.115723,0.16748,1.033447
1191349606,0.118164,0.165527,1.031006
1191354606,0.117188,0.165283,1.034912
1191359606,0.118652,0.172607,1.030762
1191364606,0.116455,0.169922,1.034668
1191369606,0.118652,0.169678,1.026855
1191374606,0.115967,0.167725,1.024414
1191379606,0.115479,0.166992,1.027344
1191384606,0.117676,0.170166,1.030029
1191389606,0.115967,0.169434,1.032227
1191394606,0.117188,0.170166,1.029785
1191399606,0.118408,0.165527,1.026855
1191404606,0.117676,0.167725,1.03125
1191409606,0.120117,0.165039,1.034912
1191414606,0.11377,0.16748,1.035156
1191419606,0.119385,0.171631,1.034668
1191424606,0.11377,0.17041,1.036133
1191429606,0.112061,0.16626,1.040771
1191434606,0.116943,0.170166,1.030273
1191439606,0.116943,0.168945,1.031982
1191444606,0.114014,0.169678,1.029297
1191449606,0.11377,0.170654,1.031982
1191454606,0.117676,0.16748,1.031494
1191459606,0.116943,0.170898,1.035645
1191464606,0.114746,0.167236,1.030273
1191469606,0.114502,0.168701,1.024658
1191474606,0.116699,0.168701,1.032715
1191479606,0.113525,0.168945,1.026611
1191484606,0.115479,0.16748,1.031982
1191489606,0.116455,0.172852,1.033447
1191494606,0.114258,0.170166,1.038574
1191499606,0.115479,0.166748,1.03125
1191504606,0.112549,0.166016,1.031982
1191509606,0.118652,0.168213,1.033691
1191514606,0.114258,0.16626,1.034424
1191519606,0.115234,0.169189,1.029541
1191524606,0.116211,0.168945,1.029297
1191529606,0.114746,0.166748,1.029541
1191534606,0.115479,0.171143,1.032959
1191539606,0.117188,0.167236,1.024414
1191544606,0.116211,0.167725,1.032227
1191549606,0.116943,0.166992,1.031494
1191554606,0.11792,0.169189,1.033936
1191559606,0.115479,0.169189,1.03125
1191564606,0.116455,0.172363,1.029541
1191569606,0.115234,0.168945,1.031494
1191574606,0.119873,0.168457,1.0354
1191579606,0.116211,0.170654,1.037354
1191584606,0.116943,0.173096,1.035156
1191589606,0.114746,0.171143,1.031982
1191594606,0.115234,0.169922,1.030762
1191599606,0.117188,0.17041,1.034912
1191604606,0.118652,0.169434,1.032715
1191609606,0.118652,0.171143,1.033203
1191614606,0.117188,0.173096,1.023926
1191619606,0.117676,0.170898,1.03125
1191624606,0.118652,0.16748,1.033203
1191629606,0.117432,0.17041,1.034424
1191634606,0.115967,0.169678,1.032227
1191639606,0.119385,0.173096,1.037354
1191644606,0.118652,0.162842,1.031738
1191649606,0.116455,0.167236,1.0271
1191654606,0.116211,0.164795,1.034424
1191659606,0.115479,0.169678,1.033447
1191664606,0.116455,0.173828,1.032471
1194244606,0.114502,0.168945,1.030273
1194249606,0.116699,0.169189,1.034424
1194254606,0.111816,0.168213,1.030029
1194259606,0.114014,0.167725,1.031006
1194264606,0.113525,0.164062,1.031738
1194269606,0.114746,0.170166,1.031494
1194274606,0.112793,0.168945,1.034912
1194279606,0.114014,0.174316,1.031006
1194284606,0.114258,0.169678,1.028564
1194289606,0.11792,0.172607,1.029541
1194294606,0.113525,0.168213,1.035156
1194299606,0.116943,0.17041,1.024902
1194304606,0.115479,0.167725,1.036621
1194309606,0.116455,0.16626,1.032471
1194314606,0.119629,0.166016,1.036377
1194319606,0.116699,0.168213,1.029053
1194324606,0.115234,0.17041,1.030518
1194329606,0.118896,0.168457,1.036621
1194334606,0.11499,0.168945,1.033936
1194339606,0.114014,0.170166,1.03418
1194344606,0.120605,0.169922,1.030273
1194349606,0.119629,0.168945,1.026367
1194354606,0.114746,0.171143,1.030273
1194359606,0.122559,0.168213,1.032715
1194364606,0.11377,0.171143,1.029053
1194369606,0.111084,0.169678,1.03125
1194374606,0.114258,0.162598,1.037598
1194379606,0.118408,0.167236,1.0354
1194384606,0.116943,0.171875,1.027344
1194389606,0.117432,0.173096,1.032715
1194394606,0.113037,0.169922,1.030518
1194399606,0.111816,0.168701,1.033447
1194404606,0.112549,0.173096,1.032227
1194409606,0.114014,0.171631,1.03418
1194414606,0.110352,0.168457,1.031982
1194419606,0.114502,0.169189,1.030762
1194424606,0.113281,0.168701,1.027832
1194429606,0.118652,0.166748,1.031982
1194434606,0.118164,0.16626,1.035645
1194439606,0.114502,0.171631,1.03125
1194444606,0.124268,0.174561,1.028809
1194449606,0.116211,0.169922,1.024414
1194454606,0.114014,0.165771,1.030762
1194459606,0.115967,0.171875,1.036377
1194464606,0.116943,0.172363,1.034424
1194469606,0.114502,0.170654,1.02832
1194474606,0.115479,0.168213,1.031006
1194479606,0.118652,0.165771,1.036377
1194484606,0.115479,0.168945,1.032227
1194489606,0.113525,0.171631,1.031738
1194494606,0.11499,0.167969,1.032471
1194499606,0.119873,0.169434,1.033936
1194504606,0.11499,0.169678,1.036377
1194509606,0.117188,0.167236,1.029297
1194514606,0.117676,0.172852,1.03125
1194519606,0.11377,0.171875,1.028076
1194524606,0.114502,0.166016,1.03125
1194529606,0.115967,0.164062,1.032471
1194534606,0.119385,0.166016,1.031738
1194539606,0.117188,0.168701,1.034668
1194544606,0.114014,0.168457,1.028564
1194549606,0.114746,0.168701,1.029785
1194554606,0.116211,0.168457,1.031738
1194559606,0.113525,0.17041,1.033203
1194564606,0.114746,0.172852,1.028564
1194569606,0.114746,0.169189,1.031738
1194574606,0.11792,0.168457,1.03418
1194579606,0.115967,0.170166,1.033447
1194584606,0.11084,0.166992,1.025146
1194589606,0.113525,0.170166,1.027344
1194594606,0.118408,0.170654,1.026611
1194599606,0.116211,0.165527,1.030273
1194604606,0.115967,0.173828,1.034424
1194609606,0.119629,0.171387,1.026611
1194614606,0.117432,0.169678,1.031006
1194619606,0.114746,0.168457,1.034668
1194624606,0.112549,0.171875,1.034912
1194629606,0.116211,0.168457,1.032227
1194634606,0.112793,0.167969,1.029053
1194639606,0.114746,0.17041,1.029541
1194644606,0.112305,0.164062,1.034424
1194649606,0.117188,0.164795,1.034668
1194654606,0.110107,0.164551,1.032227
1194659606,0.113525,0.158447,1.032227
1194664606,0.119141,0.160889,1.032715
1194669606,0.11792,0.159912,1.027832
1194674606,0.119385,0.16626,1.026855
1194679606,0.125488,0.16333,1.034668
1194684606,0.134277,0.180908,1.014893
1194689606,0.129639,0.178467,1.031006
1194694606,0.124756,0.181641,1.029053
1194699606,0.134033,0.199951,1.020508
1194704606,0.114014,0.179199,1.039551
1194709606,0.11792,0.18457,1.029053
1194714606,0.107178,0.169678,1.040283
1194719606,0.102539,0.171875,1.0354
1194724606,0.093506,0.164551,1.033203
1194729606,0.091309,0.15625,1.040039
1194734606,0.087158,0.15625,1.034912
1194739606,0.087158,0.152832,1.040527
1194744606,0.095703,0.153809,1.037842
1194749606,0.107178,0.1604,1.034912
1194754606,0.113525,0.168945,1.041016
1194759606,0.124512,0.170166,1.033203
1194764606,0.136963,0.172852,1.024902
1194769606,0.138428,0.174072,1.031494
1194774606,0.140869,0.177246,1.019287
1194779606,0.13916,0.177002,1.030273
1194784606,0.134521,0.169922,1.02832
1194789606,0.128174,0.169922,1.028076
1194794606,0.121338,0.170654,1.032471
1194799606,0.111816,0.168945,1.034668
1194804606,0.103271,0.167236,1.033447
1194809606,0.102295,0.169434,1.037354
1194814606,0.096924,0.165039,1.034668
1194819606,0.096924,0.164307,1.039551
1194824606,0.102783,0.162598,1.037354
1194829606,0.105469,0.166992,1.035645
1194834606,0.11499,0.162109,1.035156
1194839606,0.118164,0.165039,1.032471
1194844606,0.126953,0.161377,1.027832
1194849606,0.129395,0.166748,1.019287
1194854606,0.12915,0.175537,1.033203
1194859606,0.127686,0.174561,1.030029
1194864606,0.130127,0.175537,1.026611
1194869606,0.121094,0.17749,1.024902
1194874606,0.121094,0.175049,1.032471
1194879606,0.115234,0.173828,1.0271
1194884606,0.113281,0.169189,1.030762
1194889606,0.113525,0.16748,1.032715
1194894606,0.108398,0.165039,1.030762
1194899606,0.10791,0.163818,1.031006
1194904606,0.109619,0.162354,1.031006
1194909606,0.115967,0.167236,1.028564
1194914606,0.120605,0.172119,1.031006
1194919606,0.113525,0.169922,1.026367
1194924606,0.125977,0.171143,1.028564
1194929606,0.125488,0.173096,1.030029
1194934606,0.118652,0.171387,1.025879
1194939606,0.118896,0.172119,1.031006
1194944606,0.115234,0.173096,1.034424
1194949606,0.119629,0.170654,1.031006
1194954606,0.116699,0.169922,1.032715
1194959606,0.114746,0.167725,1.033203
1194964606,0.112549,0.169922,1.034668
1194969606,0.112549,0.168945,1.030273
1194974606,0.107422,0.170166,1.038818
1194979606,0.108643,0.169434,1.0354
1194984606,0.114014,0.168701,1.031738
1194989606,0.114258,0.165771,1.027344
1194994606,0.11377,0.168945,1.034912
1194999606,0.115723,0.166748,1.031738
1195004606,0.115479,0.169678,1.027832
1195009606,0.122803,0.170166,1.0354
1195014606,0.122314,0.167725,1.03125
1195019606,0.119873,0.16626,1.030273
1195024606,0.12085,0.166992,1.028809
1195029606,0.119873,0.165283,1.031738
1195034606,0.116211,0.163574,1.029541
1195039606,0.115967,0.169434,1.030029
1195044606,0.114258,0.165527,1.036621
1195049606,0.115967,0.164551,1.032227
1195054606,0.115479,0.167236,1.036621
1195059606,0.111816,0.172363,1.029541
1195064606,0.108887,0.169189,1.028564
1195069606,0.114746,0.175293,1.032959
1195074606,0.111816,0.168945,1.035645
1195079606,0.116943,0.173828,1.035645
1195084606,0.112793,0.168945,1.035156
1195089606,0.117676,0.167725,1.031982
1195094606,0.117432,0.16748,1.025635
1195099606,0.119385,0.167969,1.035156
1195104606,0.115723,0.167725,1.030518
1195109606,0.116211,0.168213,1.03125
1195114606,0.11499,0.168701,1.032227
1195119606,0.115723,0.168213,1.034424
1195124606,0.117676,0.169189,1.041992
1195129606,0.117432,0.169922,1.03418
1195134606,0.114746,0.170166,1.028809
1195139606,0.116455,0.170898,1.031494
1195144606,0.116211,0.170654,1.034668
1195149606,0.11499,0.172607,1.034912
1195154606,0.118164,0.168213,1.035645
1195159606,0.117676,0.169678,1.030029
1195164606,0.11377,0.167236,1.031738
1195169606,0.116699,0.166016,1.030762
1195174606,0.115967,0.168945,1.028564
1195179606,0.119141,0.167725,1.02124
1195184606,0.117188,0.166748,1.029053
1195189606,0.118652,0.170166,1.027344
1195194606,0.121582,0.168701,1.030273
1195199606,0.115234,0.170166,1.037842
1195204606,0.115234,0.170166,1.033203
1195209606,0.118164,0.17041,1.033691
1195214606,0.114258,0.166748,1.033203
1195219606,0.112549,0.172852,1.03125
1195224606,0.116455,0.169189,1.032227
1195229606,0.119873,0.169434,1.030029
1195234606,0.116455,0.170898,1.032959
1195239606,0.118652,0.169922,1.031006
1195244606,0.115723,0.163086,1.031982
1195249606,0.118652,0.166016,1.023438
1195254606,0.114502,0.17041,1.028564
1195259606,0.118408,0.166748,1.027588
1195264606,0.116943,0.169189,1.026611
1195269606,0.11377,0.166992,1.030518
1195274606,0.11499,0.170654,1.033936
1195279606,0.116943,0.170654,1.028564
1195284606,0.116211,0.168701,1.030029
1195289606,0.121094,0.167969,1.032227
1195294606,0.114014,0.167969,1.031006
1195299606,0.11792,0.170166,1.031982
1195304606,0.113525,0.165527,1.032715
1195309606,0.121582,0.16748,1.036865
1195314606,0.116455,0.167969,1.026855
1195319606,0.116211,0.170166,1.036133
1195324606,0.117188,0.168701,1.033691
1195329606,0.11499,0.168945,1.029541
1195334606,0.116943,0.172607,1.024414
1195339606,0.120605,0.170654,1.032715
1195344606,0.113281,0.170898,1.03418
1195349606,0.113037,0.172119,1.033936
1195354606,0.115967,0.165771,1.029053
1195359606,0.116455,0.168457,1.034668
1195364606,0.112305,0.166016,1.027832
1195369606,0.113525,0.16626,1.022705
1195374606,0.113525,0.167969,1.031982
1195379606,0.112549,0.171143,1.036377
1195384606,0.115723,0.164795,1.028564
1195389606,0.111328,0.167236,1.026855
1195394606,0.116943,0.168213,1.031738
1195399606,0.114746,0.168457,1.027832
1195404606,0.118896,0.170898,1.025635
1195409606,0.116943,0.170166,1.031982
1195414606,0.119141,0.171875,1.031494
1195419606,0.121338,0.167236,1.028809
1195424606,0.118164,0.165039,1.032471
1195429606,0.117432,0.170898,1.030518
1195434606,0.12085,0.171875,1.026855
1195439606,0.115967,0.169922,1.029297
1195444606,0.114746,0.169434,1.031982
1195449606,0.114502,0.172119,1.036133
1195454606,0.115723,0.174072,1.031982
1195459606,0.112549,0.172852,1.036377
1195464606,0.111816,0.171143,1.031006
1195469606,0.108887,0.178955,1.03418
1195474606,0.110107,0.174072,1.029053
1195479606,0.109863,0.174072,1.031494
1195484606,0.114502,0.169922,1.036865
1195489606,0.110596,0.167969,1.031494
1195494606,0.111816,0.170654,1.029541
1195499606,0.111328,0.160889,1.038086
1195504606,0.115479,0.169189,1.033936
1195509606,0.115723,0.167236,1.039795
1195514606,0.116455,0.166504,1.026855
1195519606,0.112549,0.169189,1.033203
1195524606,0.119385,0.175537,1.028564
1195529606,0.114502,0.176514,1.033691
1195534606,0.116455,0.176514,1.029785
1195539606,0.119873,0.17334,1.03833
1195544606,0.11377,0.178955,1.0354
1195549606,0.118408,0.174561,1.033447
1195554606,0.117432,0.174316,1.031494
1195559606,0.112061,0.168945,1.031006
1195564606,0.113525,0.168945,1.029053
1195569606,0.115479,0.167969,1.03418
1195574606,0.112793,0.165039,1.030029
1195579606,0.113525,0.166748,1.032715
1195584606,0.114502,0.161865,1.030029
1195589606,0.114502,0.16748,1.0271
1195594606,0.118896,0.165039,1.033691
1195599606,0.115723,0.165527,1.033936
1195604606,0.114746,0.168701,1.026123
1195609606,0.116943,0.171143,1.032715
1195614606,0.121338,0.175537,1.027588
1195619606,0.119141,0.172607,1.030518
1195624606,0.120117,0.171875,1.032715
1195629606,0.117432,0.172119,1.030273
1195634606,0.120361,0.170166,1.032715
1195639606,0.124268,0.166504,1.031738
1195644606,0.12207,0.17041,1.038818
1195649606,0.120605,0.165283,1.033691
1195654606,0.116211,0.166748,1.026367
1195659606,0.116455,0.163574,1.027344
1195664606,0.11499,0.164795,1.031982
1195669606,0.117188,0.16626,1.03125
1195674606,0.111572,0.172119,1.030029
1195679606,0.115234,0.169678,1.030273
1195684606,0.11792,0.169434,1.028076
1195689606,0.114746,0.164062,1.028809
1195694606,0.113525,0.166748,1.032471
1195699606,0.114746,0.169434,1.035645
1195704606,0.114258,0.170166,1.036865
1195709606,0.116943,0.167236,1.032471
1195714606,0.117432,0.16333,1.027588
1195719606,0.114258,0.166504,1.023193
1195724606,0.115723,0.169434,1.030273
1195729606,0.117432,0.17334,1.037354
1195734606,0.119141,0.170898,1.03418
1195739606,0.117188,0.171143,1.031738
1195744606,0.120605,0.166748,1.024414
1195749606,0.119629,0.17041,1.025635
1195754606,0.116455,0.169434,1.032959
1195759606,0.11792,0.168701,1.037109
1195764606,0.118652,0.163818,1.028809
1195769606,0.114502,0.166016,1.031738
1195774606,0.113037,0.16626,1.032227
1195779606,0.113281,0.165283,1.031494
1195784606,0.118896,0.168457,1.032959
1195789606,0.116455,0.164551,1.034668
1195794606,0.11377,0.169922,1.030029
1195799606,0.118652,0.167969,1.030273
1195804606,0.114258,0.168457,1.0271
1195809606,0.11792,0.171875,1.028564
1195814606,0.115723,0.170166,1.034424
1195819606,0.113525,0.168457,1.03418
1195824606,0.115234,0.169189,1.033936
1195829606,0.113525,0.16748,1.030273
1195834606,0.116943,0.170898,1.030029
1195839606,0.116699,0.168701,1.030762
1195844606,0.110596,0.168457,1.036377
1195849606,0.112305,0.175049,1.030762
1195854606,0.118164,0.172119,1.03125
1195859606,0.11499,0.168701,1.033447
1195864606,0.11377,0.161133,1.025635
1195869606,0.114258,0.16748,1.032471
1195874606,0.115967,0.167236,1.028564
1195879606,0.117432,0.165039,1.028564
1195884606,0.116455,0.162842,1.027588
1195889606,0.117432,0.166504,1.031982
1195894606,0.115967,0.165283,1.035645
1195899606,0.115234,0.166748,1.032227
1195904606,0.117432,0.167969,1.041016
1195909606,0.118652,0.17334,1.035889
1195914606,0.115234,0.17334,1.03125
1195919606,0.121826,0.171387,1.028809
1195924606,0.115234,0.168457,1.032227
1195929606,0.114746,0.169922,1.031494
1195934606,0.115723,0.170898,1.035889
1195939606,0.111572,0.17041,1.038818
1195944606,0.114746,0.164551,1.037842
1195949606,0.11792,0.169434,1.028076
1195954606,0.119141,0.1604,1.031494
1195959606,0.121094,0.167969,1.034668
1195964606,0.117188,0.170654,1.036865
1195969606,0.114258,0.167725,1.031982
1195974606,0.118896,0.168457,1.030762
1195979606,0.118896,0.168213,1.027588
1195984606,0.121826,0.165771,1.033203
1195989606,0.118408,0.170654,1.037109
1195994606,0.114258,0.172852,1.035889
1195999606,0.116699,0.170898,1.032715
1196004606,0.115234,0.171875,1.034424
1196009606,0.111572,0.165527,1.025391
1196014606,0.112549,0.166748,1.034912
1196019606,0.109131,0.168945,1.027832
1196024606,0.110596,0.168701,1.027588
1196029606,0.120117,0.16748,1.027588
1196034606,0.117676,0.16626,1.031738
1196039606,0.11792,0.167725,1.033203
1196044606,0.12085,0.171875,1.035156
1196049606,0.123291,0.174561,1.037109
1196054606,0.118164,0.170654,1.030273
1196059606,0.117432,0.173828,1.030029
1196064606,0.116943,0.168213,1.029053
1196069606,0.114258,0.172119,1.030762
1196074606,0.113037,0.174316,1.02832
1196079606,0.115479,0.171143,1.031982
1196084606,0.110107,0.171875,1.025879
1196089606,0.112305,0.169922,1.026611
1196094606,0.112793,0.167969,1.033203
1196099606,0.116211,0.166504,1.029053
1196104606,0.115479,0.16626,1.036133
1196109606,0.116211,0.171387,1.033203
1196114606,0.119385,0.168457,1.035156
1196119606,0.122559,0.171875,1.029541
1196124606,0.122314,0.166504,1.035889
1196129606,0.122803,0.167725,1.032715
1196134606,0.114258,0.168457,1.030029
1196139606,0.11792,0.172363,1.037842
1196144606,0.11377,0.174805,1.036133
1196149606,0.112305,0.169678,1.036377
1196154606,0.115967,0.171875,1.031982
1196159606,0.113525,0.168945,1.026611
1196164606,0.111572,0.170166,1.031494
1196169606,0.115479,0.168213,1.032715
1196174606,0.111084,0.161133,1.028809
1196179606,0.116455,0.166992,1.030518
1196184606,0.114014,0.165771,1.032959
1196189606,0.116699,0.166016,1.033936
1196194606,0.122803,0.170166,1.024902
1196199606,0.116943,0.165771,1.028076
1196204606,0.120117,0.170166,1.02417
1196209606,0.120605,0.171875,1.030762
1196214606,0.111084,0.171387,1.034912
1196219606,0.119873,0.172363,1.032471
1196224606,0.114258,0.174316,1.026123
1196229606,0.111572,0.175781,1.029053
1196234606,0.114258,0.168457,1.03125
1196239606,0.115723,0.168945,1.032471
1196244606,0.109131,0.168945,1.029785
1196249606,0.11377,0.164307,1.02832
1196254606,0.116211,0.164062,1.030762
1196259606,0.117432,0.162842,1.0354
1196264606,0.116455,0.164307,1.034668
1196269606,0.116455,0.168945,1.026123
1196274606,0.114502,0.16748,1.030029
1196279606,0.115479,0.171387,1.034668
1196284606,0.113281,0.17334,1.033203
1196289606,0.114502,0.170166,1.036377
1196294606,0.116943,0.17627,1.038574
1196299606,0.116943,0.174805,1.032959
1196304606,0.113525,0.169678,1.034668
1196309606,0.114258,0.171143,1.032715
1196314606,0.118164,0.16626,1.032471
1196319606,0.11377,0.166504,1.037842
1196324606,0.114258,0.167725,1.03418
1196329606,0.115967,0.165771,1.030029
1196334606,0.115479,0.167969,1.031738
1196339606,0.117432,0.162842,1.029541
1196344606,0.115967,0.167725,1.03418
1196349606,0.117676,0.166504,1.034912
1196354606,0.118164,0.169434,1.037354
1196359606,0.116211,0.168457,1.036621
1196364606,0.116699,0.168457,1.032959
1196369606,0.116699,0.169678,1.029297
1196374606,0.12085,0.166504,1.033447
1196379606,0.114258,0.169922,1.030518
1196384606,0.113525,0.17041,1.03418
1196389606,0.115479,0.172119,1.024414
1196394606,0.112061,0.171631,1.041748
1196399606,0.116455,0.168945,1.030518
1196404606,0.11499,0.162842,1.03418
1196409606,0.117188,0.16626,1.027588
1196414606,0.114258,0.162598,1.032715
1196419606,0.118164,0.164062,1.028076
1196424606,0.119873,0.166016,1.030762
1196429606,0.114502,0.167969,1.029297
1196434606,0.115723,0.162109,1.027588
1196439606,0.120117,0.167725,1.043701
1196444606,0.116455,0.172119,1.025879
1196449606,0.115234,0.169434,1.028809
1196454606,0.116943,0.168945,1.032959
1196459606,0.114502,0.171143,1.031494
1196464606,0.117188,0.173096,1.026367
1196469606,0.116455,0.175537,1.036621
1196474606,0.11499,0.171631,1.034668
1196479606,0.11377,0.171631,1.028809
1196484606,0.114746,0.164062,1.031982
1196489606,0.113525,0.166992,1.026611
1196494606,0.112061,0.169922,1.031006
1196499606,0.115723,0.168213,1.037109
1196504606,0.118408,0.172852,1.032471
1196509606,0.114014,0.170898,1.030029
1196514606,0.119629,0.166992,1.03125
1196519606,0.118896,0.167969,1.026123
1196524606,0.120361,0.17627,1.028564
1196529606,0.118164,0.174316,1.03418
1196534606,0.120117,0.173828,1.032959
1196539606,0.117676,0.173828,1.031006
1196544606,0.117676,0.171143,1.032715
1196549606,0.115723,0.168213,1.031738
1196554606,0.115723,0.169922,1.026611
1196559606,0.11377,0.170654,1.032471
1196564606,0.11084,0.169922,1.041504
1196569606,0.109863,0.170166,1.032959
1196574606,0.116455,0.164795,1.033203
1196579606,0.117676,0.167725,1.028076
1196584606,0.113281,0.166504,1.026123
1196589606,0.115723,0.168701,1.036377
1196594606,0.114258,0.169189,1.033203
1196599606,0.114502,0.169434,1.030762
1196604606,0.115234,0.171631,1.025879
1196609606,0.115479,0.167725,1.034424
1196614606,0.113525,0.165283,1.028564
1196619606,0.119141,0.169189,1.030273
1196624606,0.115723,0.163818,1.025635
1196629606,0.115234,0.169678,1.026855
1196634606,0.115723,0.166016,1.033447
1196639606,0.119629,0.169189,1.034668
1196644606,0.11377,0.171143,1.029053
1196649606,0.118164,0.173584,1.033936
1196654606,0.11792,0.169434,1.040527
1196659606,0.116699,0.177734,1.028564
1196664606,0.112549,0.16626,1.033936
1196669606,0.119385,0.17041,1.029053
1196674606,0.117676,0.161865,1.036621
1196679606,0.117676,0.164551,1.029297
1196684606,0.121826,0.168213,1.03418
1196689606,0.112549,0.166016,1.031006
1196694606,0.116211,0.175537,1.030762
1196699606,0.112793,0.166016,1.035156
1196704606,0.117432,0.168945,1.027832
1196709606,0.109619,0.162842,1.026367
1196714606,0.117432,0.167236,1.026123
1196719606,0.113525,0.167236,1.030273
1196724606,0.115479,0.168945,1.029053
1196729606,0.114502,0.172852,1.026611
1196734606,0.118408,0.166992,1.021729
1196739606,0.119385,0.169434,1.026855
1196744606,0.123535,0.17041,1.033447
1196749606,0.123047,0.171631,1.028076
1196754606,0.124023,0.174072,1.031982
1196759606,0.117676,0.16333,1.02832
1196764606,0.119629,0.16748,1.028564
1196769606,0.114014,0.157959,1.02124
1196774606,0.116943,0.165771,1.05542
1196779606,0.118164,0.178711,1.032471
1196784606,0.102051,0.162109,1.020264
1196789606,0.110596,0.177002,1.025391
1196794606,0.11084,0.165283,1.032227
1196799606,0.111572,0.167236,1.040283
1196804606,0.115723,0.17334,1.036621
1196809606,0.114014,0.165039,1.039795
1196814606,0.118896,0.174561,1.0271
1196819606,0.122314,0.163086,1.017578
1196824606,0.124023,0.164062,1.022705
1196829606,0.122314,0.163086,1.038818
1196834606,0.124023,0.174316,1.042236
1196839606,0.11377,0.169678,1.028076
1196844606,0.116211,0.175293,1.030273
1196849606,0.116211,0.165527,1.023438
1196854606,0.116699,0.168945,1.025879
1196859606,0.112549,0.178955,1.032715
1196864606,0.111816,0.177002,1.04248
1196869606,0.112305,0.178955,1.031982
1196874606,0.112061,0.16626,1.026367
1196879606,0.120605,0.162842,1.027832
1196884606,0.118164,0.162598,1.030762
1196889606,0.115967,0.171143,1.041016
1196894606,0.112305,0.174316,1.037842
1196899606,0.114502,0.172607,1.032471
1196904606,0.116699,0.16748,1.028076
1196909606,0.125732,0.160645,1.025146
1196914606,0.121826,0.169678,1.028076
1196919606,0.114746,0.172363,1.033203
1196924606,0.114014,0.177734,1.0354
1196929606,0.111572,0.168701,1.029541
1196934606,0.117432,0.166992,1.034912
1196939606,0.116943,0.165039,1.036865
1196944606,0.115234,0.169678,1.031982
1196949606,0.119385,0.170898,1.030029
1196954606,0.118652,0.170654,1.030273
1196959606,0.115479,0.164795,1.029785
1196964606,0.116943,0.164062,1.033447
1196969606,0.12085,0.162598,1.033936
1196974606,0.121826,0.166016,1.0354
1196979606,0.126465,0.168457,1.032471
1196984606,0.120117,0.171387,1.029297
1196989606,0.118408,0.168213,1.029785
1196994606,0.119385,0.169434,1.036133
1196999606,0.11792,0.167969,1.04126
1197004606,0.117188,0.170654,1.028564
1197009606,0.117432,0.168701,1.033936
1197014606,0.115967,0.17041,1.04541
1197019606,0.109863,0.170166,1.029541
1197024606,0.108887,0.17041,1.027832
1197029606,0.106934,0.171387,1.043457
1197034606,0.112061,0.169434,1.043945
1197039606,0.113037,0.166016,1.039795
1197044606,0.115479,0.168213,1.029541
1197049606,0.115723,0.164062,1.026123
1197054606,0.118652,0.168701,1.025635
1197059606,0.116455,0.164062,1.02832
1197064606,0.11499,0.163574,1.020264
1197069606,0.117676,0.164795,1.028076
1197074606,0.114502,0.168701,1.025635
1197079606,0.117432,0.165771,1.024902
1197084606,0.112549,0.168213,1.033447
1197089606,0.119629,0.166016,1.032471
1197094606,0.120361,0.166748,1.034668
1197099606,0.117676,0.168945,1.037842
1197104606,0.11499,0.167725,1.034668
1197109606,0.115967,0.166992,1.028076
1197114606,0.107422,0.16748,1.024414
1197119606,0.112061,0.163818,1.031982
1197124606,0.118896,0.166016,1.030029
1197129606,0.117676,0.168945,1.031494
1197134606,0.116455,0.168213,1.033203
1197139606,0.118164,0.172363,1.03125
1197144606,0.119141,0.176514,1.031006
1197149606,0.120361,0.173828,1.032227
1197154606,0.116455,0.17334,1.028076
1197159606,0.123047,0.177002,1.031982
1197164606,0.119385,0.169922,1.031006
1197169606,0.119629,0.166504,1.032471
1197174606,0.121582,0.161865,1.033936
1197179606,0.121094,0.164551,1.037842
1197184606,0.117432,0.164062,1.032471
1197189606,0.114258,0.169678,1.024414
1197194606,0.114014,0.169189,1.025635
1197199606,0.113281,0.16626,1.020752
1197204606,0.112061,0.169434,1.033447
1197209606,0.111816,0.168945,1.036133
1197214606,0.112061,0.175049,1.037109
1197219606,0.10791,0.172852,1.031982
1197224606,0.11377,0.171387,1.028809
1197229606,0.11792,0.166748,1.029785
1197234606,0.119629,0.159668,1.029541
1197239606,0.119873,0.163574,1.032715
1197244606,0.116699,0.166992,1.036377
1197249606,0.117676,0.164551,1.022949
1197254606,0.119141,0.163574,1.024658
1197259606,0.12085,0.164062,1.026855
1197264606,0.119629,0.166748,1.03418
1197269606,0.117676,0.175781,1.031982
1197274606,0.113281,0.173828,1.038086
1197279606,0.112549,0.168213,1.027588
1197284606,0.113281,0.170166,1.03125
1197289606,0.112549,0.163574,1.027832
1197294606,0.116943,0.166016,1.030029
1197299606,0.114502,0.170898,1.031006
1197304606,0.112061,0.173584,1.032959
1197309606,0.117188,0.16748,1.03418
1197314606,0.116699,0.165771,1.023193
1197319606,0.118408,0.167236,1.029541
1197324606,0.120117,0.170654,1.038086
1197329606,0.114502,0.171631,1.036377
1197334606,0.117432,0.17041,1.024414
1197339606,0.119385,0.167969,1.028076
1197344606,0.115967,0.161621,1.030273
1197349606,0.120605,0.171143,1.033447
1197354606,0.11377,0.17041,1.033691
1197359606,0.111816,0.174316,1.037598
1197364606,0.112549,0.167969,1.034668
1197369606,0.112061,0.162842,1.025879
1197374606,0.113281,0.163574,1.028809
1197379606,0.114746,0.169434,1.030273
1197384606,0.117676,0.169434,1.03125
1197389606,0.119385,0.164062,1.037109
1197394606,0.121826,0.168213,1.025879
1197399606,0.120361,0.162842,1.028076
1197404606,0.124512,0.165527,1.031738
1197409606,0.121338,0.172119,1.031006
1197414606,0.121582,0.170654,1.033203
1197419606,0.117676,0.172363,1.032715
1197424606,0.117188,0.16748,1.029053
1197429606,0.116943,0.174316,1.029541
1197434606,0.112549,0.168945,1.037598
1197439606,0.109619,0.175049,1.034668
1197444606,0.108887,0.169922,1.033447
1197449606,0.11499,0.170166,1.03418
1197454606,0.113037,0.163574,1.033447
1197459606,0.114258,0.163574,1.029541
1197464606,0.115234,0.164795,1.028809
1197469606,0.12085,0.16333,1.032471
1197474606,0.119629,0.166016,1.026855
1197479606,0.118408,0.16626,1.03125
1197484606,0.119385,0.167969,1.033203
1197489606,0.124756,0.167725,1.032715
1197494606,0.117188,0.175781,1.037354
1197499606,0.114746,0.172852,1.033203
1197504606,0.11792,0.168701,1.032227
1197509606,0.119873,0.171631,1.033691
1197514606,0.116455,0.168701,1.035156
1197519606,0.116699,0.169189,1.027588
1197524606,0.109131,0.171631,1.031738
1197529606,0.108643,0.172119,1.033447
1197534606,0.109619,0.170654,1.031982
1197539606,0.115723,0.163574,1.028076
1197544606,0.116455,0.166748,1.037598
1197549606,0.118652,0.168701,1.032959
1197554606,0.120361,0.168945,1.029541
1197559606,0.115723,0.167969,1.032959
1197564606,0.120605,0.168213,1.026367
1197569606,0.121094,0.165527,1.036133
1197574606,0.12207,0.169434,1.025879
1197579606,0.115723,0.170898,1.031982
1197584606,0.119385,0.168945,1.029785
1197589606,0.114014,0.170898,1.031982
1197594606,0.115234,0.164307,1.030273
1197599606,0.116943,0.169678,1.030762
1197604606,0.115723,0.168701,1.035645
1197609606,0.112305,0.168457,1.027832
1197614606,0.114258,0.167236,1.032959
1197619606,0.115723,0.168701,1.038574
1197624606,0.117676,0.170898,1.032227
1197629606,0.117432,0.165771,1.036377
1197634606,0.115234,0.172363,1.040283
1197639606,0.117432,0.167969,1.033447
1197644606,0.118896,0.171387,1.02832
1197649606,0.11792,0.166992,1.031982
1197654606,0.119629,0.165771,1.031006
1197659606,0.116699,0.169678,1.027832
1197664606,0.116211,0.167725,1.032959
1197669606,0.119629,0.176514,1.028564
1197674606,0.114258,0.167236,1.03125
1197679606,0.114746,0.171631,1.037109
1197684606,0.118896,0.168701,1.032715
1197689606,0.110596,0.168457,1.032471
1197694606,0.118652,0.171387,1.031738
1197699606,0.112061,0.168213,1.031494
1197704606,0.113037,0.164551,1.039551
1197709606,0.117432,0.163086,1.027344
1197714606,0.115234,0.169189,1.031982
1197719606,0.114014,0.170898,1.022461
1197724606,0.113281,0.169922,1.032471
1197729606,0.117676,0.174072,1.03418
1197734606,0.116455,0.169678,1.032471
1197739606,0.11792,0.170166,1.028564
1197744606,0.123047,0.167969,1.025635
1197749606,0.119873,0.168213,1.023682
1197754606,0.119141,0.168213,1.035156
1197759606,0.118164,0.169189,1.036133
1197764606,0.115967,0.16626,1.030762
1197769606,0.114746,0.168457,1.0271
1197774606,0.113037,0.170166,1.029785
1197779606,0.118896,0.166992,1.039795
1197784606,0.114258,0.16626,1.035156
1197789606,0.119141,0.169189,1.039063
1197794606,0.117676,0.166748,1.030273
1197799606,0.120361,0.165527,1.031494
1197804606,0.112793,0.169434,1.029785
1197809606,0.116699,0.171875,1.031006
1197814606,0.116699,0.167969,1.03125
1197819606,0.117676,0.168945,1.033447
1197824606,0.117676,0.17041,1.03125
1197829606,0.119141,0.169434,1.029785
1197834606,0.116455,0.168701,1.03125
1197839606,0.118896,0.168701,1.032227
1197844606,0.122314,0.168701,1.029785
1197849606,0.113525,0.167236,1.031982
1197854606,0.11499,0.167969,1.03125
1197859606,0.118652,0.165283,1.032471
1197864606,0.115234,0.168457,1.033203
1197869606,0.116699,0.171875,1.033936
1197874606,0.115234,0.170166,1.037354
1197879606,0.116455,0.169678,1.033203
1197884606,0.116211,0.168213,1.037354
1197889606,0.115967,0.17041,1.034912
1197894606,0.115234,0.167236,1.031006
1197899606,0.116211,0.16626,1.028809
1197904606,0.118896,0.169434,1.029785
1197909606,0.115479,0.168457,1.028809
1197914606,0.118164,0.164551,1.028564
1197919606,0.116455,0.169678,1.029785
1197924606,0.115479,0.167236,1.025635
1197929606,0.116211,0.164795,1.02832
1197934606,0.119873,0.172852,1.029053
1197939606,0.114502,0.165771,1.029053
1197944606,0.114746,0.169434,1.033691
1197949606,0.112061,0.172119,1.030518
1197954606,0.11792,0.170166,1.032227
1197959606,0.119873,0.169189,1.037109
1197964606,0.11792,0.172119,1.0354
1197969606,0.113281,0.168701,1.038818
1197974606,0.117432,0.164551,1.025879
1197979606,0.114258,0.169189,1.030029
1197984606,0.115723,0.164062,1.032715
1197989606,0.117432,0.169434,1.027588
1197994606,0.115967,0.163818,1.025879
1197999606,0.115723,0.166748,1.024902
1198004606,0.117676,0.166992,1.032959
1198009606,0.114502,0.167969,1.027588
1198014606,0.111572,0.171387,1.025635
1198019606,0.110107,0.170898,1.035645
1198024606,0.117676,0.16748,1.032471
1198029606,0.120117,0.170898,1.031738
1198034606,0.117432,0.170166,1.028564
1198039606,0.117432,0.170654,1.030029
1198044606,0.113037,0.166504,1.029785
1198049606,0.118408,0.168945,1.033936
1198054606,0.119629,0.17041,1.031494
1198059606,0.115479,0.168701,1.029541
1198064606,0.118896,0.168457,1.025879
1198069606,0.114502,0.168701,1.027832
1198074606,0.11792,0.165771,1.038574
1198079606,0.117432,0.167236,1.031738
1198084606,0.115723,0.167236,1.0354
1198089606,0.119873,0.16748,1.028809
1198094606,0.113281,0.166016,1.036377
1198099606,0.116943,0.171387,1.031982
1198104606,0.116699,0.168945,1.029785
1198109606,0.112549,0.167236,1.029297
1198114606,0.117188,0.169922,1.030029
1198119606,0.114014,0.167969,1.029785
1198124606,0.112061,0.165527,1.024414
1198129606,0.120117,0.169922,1.034424
1198134606,0.113525,0.173096,1.028076
1198139606,0.111084,0.164307,1.025635
1198144606,0.116211,0.171387,1.026123
1198149606,0.118408,0.166504,1.029053
1198154606,0.117676,0.168701,1.030762
1198159606,0.116943,0.169189,1.032471
1198164606,0.116211,0.17041,1.032471
1198169606,0.117676,0.166748,1.031738
1198174606,0.118164,0.168701,1.030273
1198179606,0.117676,0.165527,1.031006
1198184606,0.117676,0.164062,1.0354
1198189606,0.116211,0.169922,1.032471
1198194606,0.117188,0.16748,1.029053
1198199606,0.118896,0.166992,1.030518
1198204606,0.118896,0.169434,1.030029
1198209606,0.115723,0.170166,1.030273
1198214606,0.113281,0.169922,1.032471
1198219606,0.115479,0.170898,1.032227
1198224606,0.120117,0.171875,1.029785
1198229606,0.119629,0.168213,1.031982
1198234606,0.11499,0.166992,1.029785
1198239606,0.11792,0.169922,1.030273
1198244606,0.116211,0.169189,1.029053
1198249606,0.117188,0.171875,1.033203
1198254606,0.115967,0.168945,1.030029
1198259606,0.114014,0.166016,1.031494
1198264606,0.116211,0.173584,1.029053
1198269606,0.115723,0.168945,1.034424
1198274606,0.120361,0.168457,1.027588
1198279606,0.118164,0.164551,1.030273
1198284606,0.120117,0.174316,1.029297
1198289606,0.11499,0.164795,1.03125
1198294606,0.116699,0.17041,1.0271
1198299606,0.116943,0.172852,1.031494
1198304606,0.115723,0.171387,1.0354
1198309606,0.116455,0.170654,1.029297
1198314606,0.117188,0.167969,1.037354
1198319606,0.116943,0.166016,1.037109
1198324606,0.120117,0.163086,1.032471
1198329606,0.115234,0.162109,1.0271
1198334606,0.11499,0.165039,1.029785
1198339606,0.114014,0.168945,1.033691
1198344606,0.051025,3.999878,-4.0
1198349606,-0.290771,3.999878,3.70874
1198354606,-0.965332,3.761719,-0.406494
1198359606,-1.467285,0.67334,1.831055
1198364606,-1.439209,2.047119,-2.358154
1198369606,-2.239746,2.198486,2.617676
1198374606,-1.0979,0.108887,1.091797
1198379606,-1.474609,0.19751,0.692383
1198384606,-0.080566,0.018311,1.544922
1198389606,0.015869,0.109619,0.734131
1198394606,0.292725,0.017578,0.665771
1198399606,0.227539,0.464355,2.005371
1198404606,0.266357,-0.049072,1.012451
1198409606,0.133545,0.189453,1.046875
1198414606,0.04834,0.238037,0.806641
1198419606,-0.021484,0.147461,0.919922
1198424606,0.039551,0.037109,0.947266
1198429606,-0.388428,0.510986,0.996094
1198434606,-1.200684,0.216797,1.12085
1198439606,-0.629395,0.148193,1.10083
1198444606,0.117188,0.266113,1.048096
1198449606,0.112793,0.197266,1.066162
1198454606,0.102295,0.246338,0.987549
1198459606,0.084473,0.213867,1.048828
1198464606,0.120117,0.191406,1.016113
1198469606,0.105469,0.185303,0.989502
1198474606,0.117188,0.156982,1.009766
1198479606,0.125244,0.154785,1.030762
1198484606,0.137695,0.178711,1.060059
1198489606,0.104004,0.150879,1.038574
1198494606,0.118164,0.185059,1.012695
1198499606,0.522461,-1.512939,2.473145
1198504606,-0.622314,0.668701,-1.266113
1198509606,-2.979248,0.441162,-0.206299
1198514606,-0.580322,0.923584,-3.525879
1198519606,-0.63208,3.093262,-3.683838
1198524606,-1.492432,0.799805,-1.467773
1198529606,-0.493408,2.113037,0.15625
1198534606,-0.294434,0.848389,0.354492
1198539606,-0.490234,1.124756,1.380127
1198544606,0.16626,0.885498,1.423096
1198549606,0.140869,1.819824,1.061279
1198554606,0.016846,0.209961,1.054199
1198559606,0.022949,1.493652,0.970215
1198564606,0.203857,0.384521,0.998291
1198569606,-1.135254,2.08667,-4.0
1198574606,-0.835449,1.307373,1.025635
1198579606,0.063477,0.810303,1.226807
1198584606,0.167725,0.528564,1.006592
1198589606,0.080566,0.066895,1.001221
1198594606,0.138184,0.128174,0.98877
1198599606,0.109619,0.220703,1.033447
1198604606,-0.028564,0.064941,-1.616455
1198609606,0.09375,2.731934,0.907715
1198614606,0.124756,0.652344,1.070801
1198619606,-0.459717,0.118896,1.049072
1198624606,-0.072754,0.213379,0.980713
1198629606,0.139404,0.140137,1.024902
1198634606,0.148926,0.206055,1.058594
1198639606,0.067139,0.19165,1.049561
1198644606,0.110596,0.225342,1.039795
1198649606,0.111084,0.201172,1.024414
1198654606,0.122559,0.111328,0.998291
1198659606,0.130371,0.138916,1.027588
1198664606,0.119629,0.172119,1.022461
1198669606,0.087891,0.199707,1.035645
1198674606,0.104492,0.244629,1.044189
1198679606,0.108643,0.202637,1.045166
1198684606,0.113525,0.16748,1.029297
1198689606,0.124512,0.157471,1.025635
1198694606,0.112793,0.152832,1.019531
1198699606,0.10498,0.193848,1.025635
1198704606,0.102783,0.213379,1.041016
1198709606,0.102295,0.192871,1.049805
1198714606,0.117188,0.179932,1.032471
1198719606,0.115479,0.148193,1.013184
1198724606,0.115967,0.146973,1.012207
1198729606,0.105225,0.174072,1.020996
1198734606,0.105957,0.195068,1.035889
1198739606,0.105225,0.200439,1.04248
1198744606,0.109131,0.182617,1.034668
1198749606,0.118408,0.162842,1.018555
1198754606,0.118164,0.162598,1.020264
1198759606,0.116211,0.174072,1.020264
1198764606,0.110596,0.195312,1.051025
1198769606,0.105713,0.205811,1.053711
1198774606,0.108154,0.181885,1.035889
1198779606,0.117188,0.169922,1.017822
1198784606,0.120605,0.163574,1.015137
1198789606,0.114258,0.162842,1.027832
1198794606,0.111084,0.181396,1.036865
1198799606,0.107178,0.1875,1.047852
1198804606,0.10791,0.178223,1.035156
1198809606,0.111084,0.173096,1.021973
1198814606,0.111084,0.164795,1.011963
1198819606,0.111572,0.177734,1.03833
1198824606,0.104248,0.187988,1.04126
1198829606,0.100098,0.193115,1.043945
1198834606,0.102783,0.19458,1.034668
1198839606,0.114258,0.181396,1.030273
1198844606,0.116211,0.171143,1.024658
1198849606,0.11792,0.170898,1.023193
1198854606,0.114502,0.179199,1.032227
1198859606,0.114014,0.185547,1.038574
1198864606,0.117676,0.174316,1.024658
1198869606,0.11792,0.168213,1.025879
1198874606,0.118896,0.167725,1.01709
1198879606,0.113037,0.176758,1.030762
1198884606,0.113037,0.183838,1.037842
1198889606,0.102539,0.189697,1.030762
1198894606,0.10083,0.19165,1.029785
1198899606,0.112793,0.183594,1.033936
1198904606,0.109375,0.176025,1.026611
1198909606,0.108154,0.174561,1.032227
1198914606,0.106689,0.175781,1.034424
1198919606,0.105957,0.179443,1.030518
1198924606,0.110107,0.175293,1.026367
1198929606,0.11377,0.173096,1.032471
1198934606,0.115723,0.168945,1.024414
1198939606,0.112549,0.178711,1.030518
1198944606,0.109863,0.180176,1.035889
1198949606,0.109619,0.182617,1.025391
1198954606,0.109619,0.181396,1.029297
1198959606,0.114502,0.182617,1.036377
1198964606,0.111816,0.184326,1.068115
1198969606,0.104004,0.193359,1.019287
1198974606,0.101318,0.162842,1.003174
1198979606,0.111084,0.176758,1.008057
1198984606,0.111572,0.186279,1.022461
1198989606,0.106201,0.176758,1.041504
1198994606,0.108643,0.184814,1.041504
1198999606,0.109619,0.183838,1.042969
1199004606,0.112305,0.177979,1.022217
1199009606,0.10791,0.171875,1.017334
1199014606,0.119141,0.172607,1.024902
1199019606,0.117188,0.170654,1.039795
1199024606,0.119629,0.178711,1.031494
1199029606,0.11499,0.182617,1.026855
1199034606,0.113037,0.188232,1.020508
1199039606,0.11377,0.180176,1.018066
1199044606,0.109619,0.187012,1.029785
1199049606,0.110107,0.191162,1.03418
1199054606,0.10083,0.19458,1.040527
1199059606,0.099365,0.194092,1.029297
1199064606,0.102783,0.183105,1.027832
1199069606,0.105225,0.17334,1.030273
1199074606,0.108154,0.169922,1.037598
1199079606,0.111572,0.167969,1.038818
1199084606,0.106445,0.170898,1.031494
1199089606,0.114014,0.172363,1.02124
1199094606,0.113281,0.16748,1.022217
1199099606,0.118896,0.173584,1.025146
1199104606,0.117676,0.17627,1.027832
1199109606,0.116455,0.183105,1.038086
1199114606,0.114014,0.19043,1.029297
1199119606,0.106689,0.196533,1.024902
1199124606,0.10791,0.19165,1.028809
1199129606,0.109375,0.189697,1.03418
1199134606,0.10791,0.183105,1.028076
1199139606,0.112061,0.182861,1.033203
1199144606,0.109375,0.175049,1.031738
1199149606,0.110352,0.174316,1.030273
1199154606,0.104004,0.174805,1.0354
1199159606,0.114014,0.167969,1.026855
1199164606,0.112793,0.165039,1.025635
1199169606,0.113037,0.174561,1.020752
1199174606,0.110352,0.174561,1.028076
1199179606,0.110596,0.182861,1.032471
1199184606,0.109131,0.188965,1.033936
1199189606,0.113281,0.19043,1.033447
1199194606,0.111328,0.1875,1.033691
1199199606,0.109619,0.187012,1.036133
1199204606,0.110107,0.184082,1.02417
1199209606,0.108398,0.181396,1.033936
1199214606,0.115967,0.178467,1.034668
1199219606,0.111816,0.175049,1.027344
1199224606,0.112793,0.175781,1.024902
1199229606,0.11084,0.172119,1.029785
1199234606,0.111084,0.172119,1.02417
1199239606,0.109131,0.176514,1.031494
1199244606,0.112549,0.177246,1.04126
1199249606,0.104492,0.188232,1.033691
1199254606,0.106934,0.185547,1.033691
1199259606,0.109131,0.18335,1.029785
1199264606,0.108398,0.184082,1.021973
1199269606,0.109863,0.185059,1.033936
1199274606,0.112305,0.186035,1.03125
1199279606,0.114014,0.186768,1.030518
1199284606,0.114502,0.17749,1.026855
1199289606,0.114502,0.173096,1.02002
1199294606,0.115479,0.175049,1.027344
1199299606,0.11377,0.17627,1.029297
1199304606,0.113525,0.175781,1.023926
1199309606,0.108887,0.177734,1.035645
1199314606,0.110107,0.182861,1.022949
1199319606,0.108643,0.18042,1.025391
1199324606,0.111572,0.177246,1.031738
1199329606,0.109619,0.183105,1.027832
1199334606,0.110107,0.181396,1.030273
1199339606,0.108154,0.180664,1.034424
1199344606,0.104248,0.179199,1.031006
1199349606,0.115967,0.181152,1.031982
1199354606,0.109131,0.175293,1.027832
1199359606,0.11499,0.181885,1.029785
1199364606,0.110352,0.179443,1.032471
1199369606,0.11084,0.181885,1.02832
1199374606,0.111572,0.177002,1.02002
1199379606,0.108643,0.175293,1.031494
1199384606,0.113281,0.177246,1.029785
1199389606,0.109131,0.179687,1.028076
1199394606,0.110107,0.179443,1.036133
1199399606,0.109619,0.179443,1.033691
1199404606,0.108154,0.181152,1.030273
1199409606,0.105957,0.180908,1.033447
1199414606,0.106934,0.180908,1.033203
1199419606,0.110107,0.181396,1.025391
1199424606,0.112305,0.180908,1.035645
1199429606,0.11084,0.178223,1.034424
1199434606,0.114014,0.180664,1.026611
1199439606,0.11499,0.177734,1.030029
1199444606,0.112793,0.181396,1.021729
1199449606,0.107666,0.178223,1.023193
1199454606,0.111328,0.179443,1.029785
1199459606,0.112061,0.18042,1.033936
1199464606,0.10376,0.178223,1.027344
1199469606,0.10791,0.17749,1.025391
1199474606,0.111572,0.179199,1.027588
1199479606,0.109375,0.181396,1.031006
1199484606,0.112305,0.179199,1.033447
1199489606,0.109863,0.182861,1.034424
1199494606,0.108643,0.188232,1.033691
1199499606,0.109863,0.184326,1.029053
1199504606,0.113037,0.179932,1.022705
1199509606,0.111328,0.180664,1.02832
1199514606,0.110352,0.179687,1.024658
1199519606,0.110352,0.178955,1.032471
1199524606,0.116943,0.178955,1.026123
1199529606,0.115479,0.179443,1.033691
1199534606,0.111572,0.178955,1.029541
1199539606,0.110352,0.17749,1.025879
1199544606,0.111084,0.176514,1.025879
1199549606,0.109131,0.179932,1.034668
1199554606,0.112061,0.18335,1.031006
1199559606,0.106445,0.179687,1.02832
1199564606,0.109131,0.178955,1.029785
1199569606,0.108154,0.183105,1.020752
1199574606,0.111328,0.183105,1.028564
1199579606,0.113281,0.181885,1.02832
1199584606,0.112549,0.179932,1.030518
1199589606,0.109131,0.18042,1.02832
1199594606,0.111816,0.181641,1.023682
1199599606,0.113281,0.177979,1.033447
1199604606,0.113037,0.176514,1.029541
1199609606,0.111328,0.180176,1.039063
1199614606,0.111816,0.181641,1.027344
1199619606,0.109131,0.179199,1.030518
1199624606,0.110107,0.180176,1.02124
1199629606,0.111328,0.180176,1.030762
1199634606,0.111084,0.178955,1.030273
1199639606,0.113281,0.183838,1.02832
1199644606,0.107422,0.179932,1.026855
1199649606,0.108154,0.182129,1.031738
1199654606,0.109619,0.179443,1.025146
1199659606,0.105469,0.177002,1.029785
1199664606,0.110352,0.180176,1.030273
1199669606,0.108887,0.181641,1.029785
1199674606,0.109131,0.181641,1.033691
1199679606,0.108887,0.178955,1.023926
1199684606,0.112549,0.176758,1.032471
1199689606,0.114258,0.17749,1.031006
1199694606,0.114014,0.181885,1.027588
1199699606,0.110352,0.181152,1.032227
1199704606,0.112793,0.182861,1.026855
1199709606,0.115967,0.181641,1.03418
1199714606,0.115723,0.182861,1.030029
1199719606,0.11499,0.181641,1.040039
1199724606,0.11084,0.177734,1.030762
1199729606,0.103516,0.178711,1.03418
1199734606,0.112061,0.178711,1.021973
1199739606,0.111816,0.18042,1.024658
1199744606,0.109375,0.174316,1.027832
1199749606,0.111328,0.177979,1.028564
1199754606,0.109619,0.176025,1.029053
1199759606,0.108398,0.181152,1.031006
1199764606,0.10791,0.181152,1.028076
1199769606,0.109619,0.181641,1.032715
1199774606,0.111328,0.183594,1.025391
1199779606,0.111328,0.180664,1.030029
1199784606,0.116211,0.181152,1.031738
1199789606,0.115234,0.183594,1.028809
1199794606,0.113525,0.177979,1.024414
1199799606,0.115479,0.181641,1.028076
1199804606,0.104492,0.179443,1.032227
1199809606,0.110596,0.180908,1.029053
1199814606,0.109131,0.176514,1.022705
1199819606,0.108643,0.17749,1.026611
1199824606,0.111816,0.178223,1.030273
1199829606,0.107178,0.180908,1.036621
1199834606,0.111084,0.179443,1.030518
1199839606,0.111328,0.181641,1.028564
1199844606,0.108643,0.181396,1.030518
1199849606,3.900635,1.959961,3.999878
1199854606,-2.883545,3.268555,3.999878
1199859606,-2.549805,1.740234,3.999878
1199864606,-0.607178,1.390869,3.425781
1199869606,-0.467529,2.102295,-3.604004
1199874606,-0.367676,1.903564,3.999878
1199879606,-2.04834,1.026123,2.553711
1199884606,0.438721,2.016602,2.357666
1199889606,-1.683838,1.84668,-4.0
1199894606,0.039795,1.847412,0.081299
1199899606,-0.052979,0.904785,1.38623
1199904606,-0.5625,2.59375,0.811768
1199909606,-0.584717,0.830078,1.063721
1199914606,0.159424,0.294678,1.078857
1199919606,0.172607,1.319092,1.513916
1199924606,0.074707,0.229736,1.034424
1199929606,0.077148,1.658691,0.981445
1199934606,0.031494,1.874268,1.004395
1199939606,0.200439,0.520264,1.038818
1199944606,0.128418,0.281006,1.06958
1199949606,0.075195,0.167725,1.030273
1199954606,0.636963,0.825684,3.999878
1199959606,-3.008545,2.398438,2.80249
1199964606,-0.775635,-0.029541,0.74292
1199969606,-0.905518,0.656982,0.763916
1199974606,-1.811768,0.21582,-0.290527
1199979606,-0.296143,0.697266,0.185547
1199984606,-0.075684,1.123779,1.138672
1199989606,0.065186,0.524414,1.202148
1199994606,0.021973,0.236572,0.901611
1199999606,0.119141,0.103516,0.929932
1200004606,0.105957,0.181885,1.015625
1200009606,0.10498,0.217529,1.073486
1200014606,0.110107,0.181641,1.054688
1200019606,0.107422,0.170898,1.037598
1200024606,0.093506,0.149902,1.018311
1200029606,0.09668,0.164307,1.017822
1200034606,0.124756,0.154785,1.016846
1200039606,0.117676,0.172363,1.020996
1200044606,0.109131,0.190186,1.050781
1200049606,0.100098,0.19165,1.06665
1200054606,0.101563,0.171631,1.023682
1200059606,0.106445,0.152344,0.999023
1200064606,0.115967,0.167969,1.019043
1200069606,0.10791,0.182373,1.0354
1200074606,0.093994,0.184082,1.039307
1200079606,0.107178,0.18335,1.047607
1200084606,0.106934,0.17334,1.028809
1200089606,0.104736,0.158447,1.024902
1200094606,0.118896,0.160889,1.022217
1200099606,0.104492,0.174072,1.020264
1200104606,0.09375,0.184082,1.031494
1200109606,0.109131,0.182861,1.041016
1200114606,0.109619,0.178711,1.033447
1200119606,0.110596,0.168213,1.039307
1200124606,0.113037,0.173096,1.036621
1200129606,0.104736,0.17627,1.021973
1200134606,0.099854,0.175049,1.031738
1200139606,0.106934,0.181152,1.03418
1200144606,0.109375,0.175781,1.027344
1200149606,0.108887,0.166016,1.026611
1200154606,0.111084,0.165039,1.03418
1200159606,0.102051,0.167969,1.021973
1200164606,0.105225,0.171143,1.026855
1200169606,0.107422,0.174072,1.032715
1200174606,0.10498,0.175537,1.027344
1200179606,0.109375,0.170898,1.036865
1200184606,0.107422,0.17749,1.040771
1200189606,0.103516,0.170654,1.030273
1200194606,0.101563,0.175049,1.027588
1200199606,0.107178,0.178223,1.028076
1200204606,0.112061,0.176514,1.030029
1200209606,0.108643,0.174805,1.035156
1200214606,0.112061,0.171631,1.037598
1200219606,0.106934,0.167725,1.032227
1200224606,0.106689,0.171387,1.032715
1200229606,0.106689,0.171875,1.029297
1200234606,0.10498,0.174561,1.02832
1200239606,0.112061,0.175537,1.036133
1200244606,0.108154,0.168945,1.041504
1200249606,0.102783,0.174316,1.037598
1200254606,0.103516,0.175781,1.041504
1200259606,0.106445,0.176514,1.025146
1200264606,0.106445,0.176025,1.030762
1200269606,0.107422,0.175537,1.027832
1200274606,0.11084,0.166748,1.036133
1200279606,0.113281,0.16626,1.033936
1200284606,0.105225,0.173584,1.033203
1200289606,0.10791,0.175537,1.02832
1200294606,0.11084,0.176758,1.031494
1200299606,0.106934,0.169922,1.025146
1200304606,0.10791,0.171387,1.033936
1200309606,0.111816,0.178711,1.032471
1200314606,0.107422,0.17627,1.027832
1200319606,0.108154,0.170654,1.028076
1200324606,0.106201,0.174805,1.03833
1200329606,0.106689,0.171387,1.024902
1200334606,0.106445,0.168945,1.036621
1200339606,0.105225,0.173584,1.031738
1200344606,0.103027,0.171387,1.034424
1200349606,0.109863,0.169678,1.037842
1200354606,0.106445,0.17749,1.031982
1200359606,0.104248,0.175049,1.029541
1200364606,0.106445,0.177246,1.035156
1200369606,0.110352,0.171875,1.033691
1200374606,0.110352,0.173828,1.031982
1200379606,0.110352,0.175049,1.030762
1200384606,0.109863,0.172852,1.03418
1200389606,0.103027,0.170166,1.030273
1200394606,0.10376,0.170654,1.0354
1200399606,0.108887,0.171143,1.028564
1200404606,0.105957,0.170166,1.025635
1200409606,0.10376,0.172119,1.034912
1200414606,0.107422,0.175537,1.031006
1200419606,0.10083,0.172852,1.0271
1200424606,0.108154,0.176514,1.033936
1200429606,0.107422,0.17627,1.032959
1200434606,0.102539,0.172363,1.02417
1200439606,0.108887,0.174805,1.02832
1200444606,0.109375,0.173584,1.032227
1200449606,0.107422,0.172607,1.032227
1200454606,0.106445,0.171387,1.034424
1200459606,0.105957,0.17334,1.033203
1200464606,0.105957,0.172363,1.030273
1200469606,0.111328,0.176514,1.041016
1200474606,0.111572,0.176514,1.029297
1200479606,0.107422,0.173828,1.025635
1200484606,0.109131,0.178955,1.031982
1200489606,0.108154,0.173828,1.034668
1200494606,0.101074,0.176025,1.023682
1200499606,0.107422,0.173828,1.031494
1200504606,0.106689,0.170898,1.025146
1200509606,0.104736,0.17041,1.027832
1200514606,0.107666,0.169434,1.024902
1200519606,0.10376,0.172119,1.026611
1200524606,0.106445,0.176758,1.032471
1200529606,0.111328,0.171875,1.034912
1200534606,0.108643,0.174805,1.032227
1200539606,0.108887,0.173584,1.023682
1200544606,0.106445,0.176758,1.030762
1200549606,0.109619,0.174561,1.036133
1200554606,0.11084,0.173584,1.028076
1200559606,0.109619,0.173828,1.03833
1200564606,0.108154,0.17627,1.027832
1200569606,0.105957,0.175293,1.027588
1200574606,0.105469,0.172852,1.039551
1200579606,0.105713,0.173828,1.033691
1200584606,0.104736,0.169189,1.033203
1200589606,0.105469,0.169434,1.028809
1200594606,0.107178,0.174561,1.026611
1200599606,0.102783,0.174805,1.03418
1200604606,0.108643,0.172363,1.033203
1200609606,0.107178,0.175049,1.033203
1200614606,0.106201,0.177246,1.039795
1200619606,0.113525,0.174316,1.02832
1200624606,0.111084,0.175537,1.026611
1200629606,0.109863,0.173096,1.025391
1200634606,0.108887,0.171875,1.035156
1200639606,0.107422,0.176514,1.032471
1200644606,0.104736,0.173584,1.026367
1200649606,0.108398,0.172363,1.029541
1200654606,0.105957,0.169922,1.030273
1200659606,0.108154,0.16748,1.032227
1200664606,0.105469,0.170654,1.037109
1200669606,0.105713,0.172363,1.036865
1200674606,0.104004,0.173828,1.026855
1200679606,0.104248,0.168213,1.0271
1200684606,0.107178,0.174316,1.03125
1200689606,0.107178,0.174561,1.030518
1200694606,0.106689,0.176025,1.03125
1200699606,0.107422,0.175049,1.028564
1200704606,0.108887,0.177246,1.026855
1200709606,0.107666,0.17627,1.026855
1200714606,0.106689,0.170654,1.030762
1200719606,0.108398,0.174316,1.035156
1200724606,0.107178,0.172607,1.031738
1200729606,0.104248,0.172119,1.0271
1200734606,0.107422,0.174316,1.029053
1200739606,0.107422,0.168945,1.02417
1200744606,0.105225,0.176025,1.036133
1200749606,0.107666,0.174072,1.037354
1200754606,0.106934,0.17627,1.026855
1200759606,0.102539,0.172363,1.03125
1200764606,0.109375,0.17749,1.032959
1200769606,0.108398,0.176514,1.030518
1200774606,0.10791,0.168457,1.028809
1200779606,0.107178,0.172852,1.029297
1200784606,0.106445,0.172119,1.027588
1200789606,0.110596,0.172363,1.029053
1200794606,0.109375,0.171387,1.036865
1200799606,0.109619,0.172119,1.034424
1200804606,0.105957,0.171875,1.028076
1200809606,0.10498,0.176025,1.030273
1200814606,0.105957,0.173096,1.026367
1200819606,0.104492,0.175781,1.032715
1200824606,0.105469,0.169434,1.0354
1200829606,0.102539,0.173096,1.023926
1200834606,0.101807,0.171875,1.03418
1200839606,0.104736,0.169189,1.036621
1200844606,0.11084,0.17041,1.037598
1200849606,0.109863,0.171387,1.034912
1200854606,0.108887,0.171631,1.030273
1200859606,0.106201,0.175293,1.030273
1200864606,0.108154,0.172607,1.031982
1200869606,0.108643,0.174561,1.032471
1200874606,0.106445,0.174805,1.032227
1200879606,0.109131,0.173584,1.028809
1200884606,0.106934,0.173828,1.027588
1200889606,0.109131,0.17041,1.026611
1200894606,0.106689,0.171143,1.028809
1200899606,0.106934,0.173096,1.035889
1200904606,0.109375,0.173096,1.035889
1200909606,0.102783,0.172363,1.034912
1200914606,0.109375,0.179932,1.040283
1200919606,0.107178,0.174805,1.035645
1200924606,0.106445,0.174072,1.030762
1200929606,0.110107,0.174316,1.032227
1200934606,0.109375,0.173584,1.037598
1200939606,0.103516,0.175049,1.024658
1200944606,0.107422,0.171631,1.031982
1200949606,0.104248,0.168457,1.022705
1200954606,0.103271,0.171631,1.02124
1200959606,0.108398,0.171143,1.030273
1200964606,0.106689,0.171387,1.031738
1200969606,0.108154,0.172607,1.035645
1200974606,0.109131,0.172363,1.037109
1200979606,0.105957,0.170898,1.036133
1200984606,0.109619,0.175293,1.036377
1200989606,0.10791,0.176025,1.04248
1200994606,0.10791,0.176758,1.031982
1200999606,0.107422,0.175293,1.03418
1201004606,0.109375,0.174561,1.030273
1201009606,0.105957,0.172607,1.026611
1201014606,0.109375,0.171387,1.022705
1201019606,0.109131,0.172852,1.031982
1201024606,0.106201,0.168701,1.029785
1201029606,0.107666,0.171631,1.026123
1201034606,0.106689,0.17041,1.036621
1201039606,0.108887,0.17334,1.030762
1201044606,0.109863,0.169922,1.038086
1201049606,0.112305,0.172852,1.036621
1201054606,0.109619,0.173584,1.034668
1201059606,0.109131,0.17627,1.026123
1201064606,0.11084,0.175293,1.032471
1201069606,0.107666,0.172119,1.022461
1201074606,0.105713,0.173584,1.029053
1201079606,0.105469,0.171631,1.02417
1201084606,0.105957,0.17334,1.029785
1201089606,0.104004,0.17041,1.020508
1201094606,0.107178,0.173096,1.030518
1201099606,0.104004,0.169922,1.027832
1201104606,0.101318,0.17041,1.031982
1201109606,0.103027,0.170898,1.027832
1201114606,0.107178,0.172363,1.029297
1201119606,0.104736,0.169678,1.030029
1201124606,0.107666,0.173828,1.02417
1201129606,0.105957,0.174805,1.0271
1201134606,0.109131,0.175293,1.0354
1201139606,0.104248,0.175293,1.034424
1201144606,0.107666,0.175537,1.03418
1201149606,0.109375,0.173096,1.030518
1201154606,0.107666,0.171387,1.030029
1201159606,0.109863,0.175049,1.034424
1201164606,0.111572,0.169189,1.030762
1201169606,0.104248,0.168701,1.028564
1201174606,0.106934,0.17041,1.032471
1201179606,0.104492,0.170166,1.031982
1201184606,1.666748,-0.01123,-0.253662
1201189606,-0.210693,-0.561768,3.999878
1201194606,2.87793,3.076904,3.999878
1201199606,0.621094,0.759521,0.697266
1201204606,-0.758057,2.806152,3.999878
1201209606,-1.075928,2.327881,-3.549072
1201214606,-0.727539,1.87793,0.1604
1201219606,-1.211914,0.485596,-1.646484
1201224606,-0.979248,1.853516,-3.447021
1201229606,0.030518,1.343018,1.021729
1201234606,0.092041,0.280273,1.07666
1201239606,0.297607,1.235596,-0.101807
1201244606,0.026123,2.033447,1.125488
1201249606,-0.462402,1.476074,1.060303
1201254606,-0.036133,0.243164,0.737061
1201259606,0.009277,1.855225,0.884766
1201264606,0.060059,0.267334,0.950195
1201269606,0.140381,0.116455,0.987305
1201274606,0.420654,2.379883,3.999878
1201279606,-0.47168,3.037598,-0.831787
1201284606,-0.145508,1.678711,-3.556396
1201289606,-0.971436,1.227295,-1.681641
1201294606,-2.293213,1.711426,1.060059
1201299606,-1.393555,1.843018,3.420166
1201304606,-1.090088,1.949463,-2.891846
1201309606,-1.614502,0.207764,0.368408
1201314606,-0.893555,0.193848,1.109375
1201319606,0.083984,0.014893,0.772705
1201324606,0.11499,0.133545,0.960937
1201329606,0.047363,0.251709,1.088135
1201334606,0.049316,0.23877,1.067139
1201339606,0.114258,0.246582,1.072021
1201344606,0.148193,0.154053,1.081787
1201349606,0.076172,0.176025,0.945801
1201354606,0.04541,0.204346,1.136963
1201359606,0.142578,0.221436,2.036133
1201364606,0.231689,0.44043,1.275146
1201369606,0.070068,0.215332,1.032959
1201374606,0.091309,0.194336,0.984863
1201379606,0.075928,0.163086,1.001221
1201384606,0.054932,0.138672,0.911865
1201389606,0.100098,0.116699,0.956543
1201394606,0.152832,0.135498,1.09082
1201399606,0.016357,0.201416,0.850586
1201404606,0.10791,0.197998,0.975586
1201409606,0.024902,0.238281,1.327881
1201414606,0.14624,0.126709,1.000732
1201419606,0.134766,0.14209,1.017334
1201424606,0.104004,0.165283,0.981201
1201429606,0.07959,0.189697,1.026855
1201434606,0.092285,0.180908,1.023682
1201439606,0.122559,0.206299,1.108643
1201444606,0.149414,0.181885,0.85083
1201449606,0.038086,0.247314,0.572021
1201454606,0.041504,0.140869,0.884033
1201459606,0.098633,0.155762,0.916748
1201464606,0.110107,0.148926,1.039795
1201469606,0.066406,0.190674,0.966553
1201474606,0.04834,0.169189,0.937256
1201479606,0.074951,0.209229,0.927734
1201484606,0.11084,0.174072,1.405518
1201489606,0.156494,0.212646,1.246094
1201494606,0.143066,0.185791,1.073975
1201499606,0.180664,0.147949,1.129639
1201504606,0.080078,0.181152,0.999512
1201509606,0.076416,0.215332,0.99707
1201514606,0.041016,0.188477,0.956055
1201519606,0.076904,0.163818,0.930176
1201524606,0.106201,0.119385,0.782227
1201529606,0.094727,0.150146,1.014893
1201534606,0.085693,0.169678,0.996826
1201539606,0.090332,0.143066,0.916016
1201544606,0.129395,0.182861,1.036865
1201549606,0.172119,0.16333,1.048828
1201554606,0.139404,0.267578,1.101074
1201559606,0.107422,0.169434,1.090576
1201564606,0.144531,0.161865,1.052002
1201569606,0.093994,0.192383,1.001221
1201574606,0.041992,0.193115,0.95874
1201579606,0.059082,0.179687,0.934082
1201584606,0.054932,0.195557,1.037354
1201589606,0.042725,0.157715,0.922119
1201594606,0.092529,0.114502,0.883301
1201599606,0.069336,0.223633,1.047607
1201604606,0.14209,0.21167,1.163818
1201609606,0.07959,0.209961,1.05835
1201614606,0.17041,0.219238,1.103027
1201619606,0.086182,0.143311,1.02832
1201624606,0.11499,0.23291,1.242676
1201629606,0.117432,0.175781,1.065186
1201634606,0.106445,0.193115,1.072754
1201639606,0.088135,0.173828,1.022949
1201644606,0.113037,0.149658,1.034424
1201649606,0.095947,0.175293,0.97998
1201654606,0.106934,0.176025,1.052002
1201659606,0.09375,0.178467,1.035156
1201664606,0.119873,0.151367,1.046387
1201669606,0.113525,0.141602,1.045898
1201674606,0.127441,0.154785,1.046387
1201679606,0.10376,0.1521,1.048828
1201684606,0.093994,0.174072,1.011475
1201689606,0.099609,0.192871,1.037842
1201694606,0.104004,0.168457,1.031494
1201699606,0.101563,0.18042,1.043701
1201704606,0.100586,0.17334,1.034668
1201709606,0.102295,0.176758,1.031982
1201714606,0.102051,0.179443,1.027344
1201719606,0.097168,0.189697,1.032471
1201724606,0.096436,0.174072,1.033936
1201729606,0.10498,0.16626,1.028076
1201734606,0.108887,0.152588,1.020752
1201739606,0.109131,0.157959,1.038086
1201744606,0.104004,0.167725,1.034668
1201749606,0.099365,0.171143,1.039551
1201754606,0.104492,0.173828,1.025879
1201759606,0.0979,0.175537,1.020264
1201764606,0.103516,0.166992,1.041992
1201769606,0.098633,0.164307,1.034912
1201774606,0.096191,0.172119,1.019775
1201779606,0.106934,0.17749,1.031494
1201784606,0.105713,0.202637,1.043213
1201789606,0.112793,0.181885,1.060059
1201794606,0.095459,0.185303,0.992432
1201799606,0.10083,0.164795,1.034912
1201804606,0.111572,0.166748,1.043945
1201809606,0.114502,0.168945,1.047607
1201814606,0.097168,0.17041,1.015381
1201819606,0.102295,0.177734,1.029053
1201824606,0.103516,0.170654,1.026611
1201829606,0.10376,0.163818,1.017578
1201834606,0.109619,0.156982,1.017578
1201839606,0.114502,0.149902,1.035156
1201844606,0.099609,0.155518,1.026123
1201849606,0.101074,0.18335,1.044922
1201854606,0.095703,0.179932,1.04541
1201859606,0.101074,0.14917,1.03418
1201864606,0.093262,0.179199,1.041016
1201869606,0.099365,0.185547,1.030273
1201874606,0.098877,0.20459,1.054199
1201879606,0.091797,0.183105,1.042969
1201884606,0.10376,0.166504,1.036133
1201889606,0.109863,0.1604,1.017578
1201894606,0.099854,0.172119,1.037598
1201899606,0.112305,0.167236,1.033691
1201904606,0.108887,0.153076,1.024658
1201909606,0.115479,0.141846,1.025146
1201914606,0.109131,0.149902,1.023193
1201919606,0.105713,0.15625,1.038574
1201924606,0.090332,0.182617,1.057861
1201929606,0.108643,0.173828,1.0354
1201934606,0.103271,0.163818,1.036377
1201939606,0.094971,0.167969,1.054199
1201944606,0.098877,0.154541,1.020996
1201949606,0.095215,0.170654,1.047607
1201954606,0.109619,0.16333,1.041992
1201959606,0.110107,0.192383,1.029297
1201964606,0.107666,0.159424,1.019287
1201969606,0.068848,0.141602,1.090088
1201974606,0.103271,0.154297,1.028076
1201979606,0.123047,0.181396,1.031982
1201984606,0.101074,0.177734,1.040283
1201989606,0.029541,0.224609,1.075928
1201994606,0.09668,0.178223,1.056152
1201999606,0.086426,0.170898,1.018555
1202004606,0.073486,0.196045,1.08252
1202009606,0.062256,0.168457,0.971436
1202014606,0.093994,0.211426,1.046631
1202019606,0.092773,0.1875,1.015381
1202024606,0.08374,0.188477,1.029541
1202029606,0.082764,0.190186,1.035645
1202034606,0.078613,0.176758,1.041504
1202039606,0.092041,0.159668,1.025146
1202044606,0.103271,0.197266,1.056152
1202049606,0.0979,0.175537,1.035645
1202054606,0.089355,0.165771,1.029785
1202059606,0.105225,0.190918,1.032715
1202064606,0.089844,0.163574,1.028564
1202069606,0.086182,0.163818,1.039795
1202074606,0.094727,0.182373,1.037598
1202079606,0.088379,0.176025,1.02832
1202084606,0.089844,0.168457,1.028076
1202089606,0.0979,0.160645,1.029785
1202094606,0.095703,0.161377,1.028809
1202099606,0.091553,0.154297,1.037598
1202104606,0.094238,0.153564,1.042236
1202109606,0.097412,0.158447,1.033691
1202114606,0.095947,0.162842,1.034424
1202119606,0.092041,0.184814,1.039795
1202124606,0.087646,0.159912,1.029053
1202129606,0.091797,0.169678,1.032471
1202134606,0.09375,0.182373,1.036621
1202139606,0.095215,0.181641,1.040527
1202144606,0.095459,0.18042,1.023193
1202149606,0.088379,0.174072,1.023682
1202154606,0.09668,0.169434,1.040527
1202159606,0.101563,0.176514,1.040283
1202164606,0.095947,0.164062,1.0354
1202169606,0.084473,0.161865,1.058594
1202174606,0.098145,0.159668,1.02417
1202179606,0.096924,0.154297,1.031738
1202184606,0.094727,0.15918,1.0354
1202189606,0.094971,0.158691,1.029541
1202194606,0.093262,0.166504,1.039551
1202199606,0.092773,0.166748,1.036865
1202204606,0.095459,0.169678,1.029541
1202209606,0.096436,0.156738,1.029785
1202214606,0.094727,0.162842,1.040283
1202219606,0.097168,0.161377,1.029785
1202224606,0.093506,0.172852,1.037598
1202229606,0.099121,0.179443,1.037842
1202234606,0.09375,0.191895,1.035889
1202239606,0.092773,0.173828,1.031982
1202244606,0.092041,0.171875,1.040527
1202249606,0.095947,0.182861,1.029541
1202254606,0.093262,0.169922,1.040771
1202259606,0.095215,0.176758,1.029785
1202264606,0.09082,0.16626,1.013916
1202269606,0.094238,0.16626,1.034424
1202274606,0.092773,0.148193,1.028809
1202279606,0.09668,0.160889,1.035156
1202284606,0.097412,0.171631,1.029053
1202289606,0.088623,0.162354,1.040771
1202294606,0.096191,0.161865,1.036133
1202299606,0.095459,0.15625,1.035156
1202304606,0.096191,0.176514,1.041748
1202309606,0.093262,0.181152,1.040039
1202314606,0.096436,0.174805,1.031494
1202319606,0.096924,0.171631,1.025146
1202324606,0.099609,0.165527,1.028076
1202329606,0.09668,0.17334,1.037598
1202334606,0.095947,0.174072,1.031738
1202339606,0.099121,0.172363,1.030029
1202344606,0.096436,0.17041,1.033203
1202349606,0.093262,0.171387,1.040283
1202354606,0.095459,0.17041,1.037354
1202359606,0.093994,0.181152,1.046387
1202364606,0.100586,0.16748,1.034912
1202369606,0.104492,0.175781,1.037842
1202374606,0.089844,0.172607,1.028076
1202379606,0.084229,0.160645,1.023926
1202384606,0.104004,0.174316,1.044678
1202389606,0.093262,0.17334,1.026855
1202394606,0.093262,0.188232,1.041748
1202399606,0.090576,0.182129,1.026611
1202404606,0.09668,0.173828,1.031738
1202409606,0.099609,0.177246,1.030762
1202414606,0.09082,0.172852,1.037354
1202419606,0.095947,0.174316,1.039063
1202424606,0.093018,0.177002,1.036865
1202429606,0.093994,0.177979,1.032227
1202434606,0.074463,0.185303,1.03833
1202439606,0.083496,0.165527,1.04126
1202444606,0.100586,0.150391,1.029053
1202449606,0.100342,0.163086,1.025635
1202454606,0.092285,0.188232,1.034668
1202459606,0.102539,0.173584,1.058838
1202464606,0.084961,0.185547,1.031494
1202469606,0.089844,0.212891,1.015381
1202474606,0.105957,0.229492,1.023438
1202479606,0.109131,0.244873,1.006836
1202484606,0.070557,0.152832,1.103027
1202489606,0.075928,0.08667,1.035645
1202494606,0.120605,0.154053,1.062012
1202499606,0.119629,0.140625,1.043945
1202504606,0.129883,-0.20752,1.031006
1202509606,-0.012207,0.009033,0.862305
1202514606,0.013184,0.147949,0.782227
1202519606,-0.148926,-0.057373,0.96167
1202524606,0.105957,0.165283,1.135742
1202529606,0.163574,0.116455,1.056152
1202534606,0.105469,0.138428,1.101563
1202539606,0.131836,0.215576,1.083252
1202544606,0.081299,0.202148,1.023438
1202549606,0.095703,0.186768,1.019775
1202554606,0.09082,0.187256,1.016357
1202559606,0.096191,0.192139,1.014648
1202564606,0.121338,0.143555,1.275879
1202569606,0.012695,0.172607,0.536621
1202574606,0.038086,0.339844,0.793945
1202579606,0.063232,0.196289,0.905762
1202584606,0.029297,0.213135,1.156494
1202589606,0.185303,0.283447,1.156738
1202594606,-0.508789,0.112549,0.898437
1202599606,0.061523,0.3396,1.065186
1202604606,0.19751,0.122314,1.137695
1202609606,0.097656,0.154297,1.014648
1202614606,0.127197,0.11792,1.123779
1202619606,0.09375,0.130371,0.96875
1202624606,0.101563,-0.005615,1.136719
1202629606,0.12207,0.094482,1.128662
1202634606,0.134766,0.190918,1.116455
1202639606,0.105469,0.185059,1.034912
1202644606,0.116211,0.171631,1.031982
1202649606,0.112305,0.176025,1.049561
1202654606,0.10791,0.164062,1.011719
1202659606,0.110352,0.179443,1.050293
1202664606,0.101074,0.188965,1.04248
1202669606,0.099609,0.1875,1.030518
1202674606,0.104004,0.188721,1.041504
1202679606,0.112061,0.167725,1.024902
1202684606,0.11377,0.152832,1.0271
1202689606,0.115723,0.14624,1.015869
1202694606,0.109619,0.162354,1.031006
1202699606,0.105469,0.183838,1.039551
1202704606,0.0979,0.199951,1.049561
1202709606,0.104004,0.184082,1.045166
1202714606,0.11792,0.156006,1.029297
1202719606,0.116699,0.150146,1.014648
1202724606,0.106689,0.134766,1.029053
1202729606,0.10791,0.162598,1.039307
1202734606,0.10083,0.139648,1.026123
1202739606,0.114502,0.168213,1.020752
1202744606,0.130615,0.167725,1.004639
1202749606,0.112549,0.164795,1.041016
1202754606,0.082764,0.185791,1.022217
1202759606,0.096191,0.186523,1.027344
1202764606,0.098877,0.183838,1.04541
1202769606,0.098145,0.203125,1.05835
1202774606,0.100342,0.192383,1.044434
1202779606,0.098389,0.180908,1.052246
1202784606,0.106201,0.167969,1.028564
1202789606,0.113281,0.162354,1.028564
1202794606,0.117676,0.156982,1.022705
1202799606,0.100342,0.121094,1.025146
1202804606,0.117432,0.162598,1.02832
1202809606,0.112549,0.185303,1.025635
1202814606,0.115234,0.177979,1.011475
1202819606,0.120361,0.15625,1.014648
1202824606,0.123779,0.163818,1.023438
1202829606,0.108154,0.145752,1.031738
1202834606,0.118652,0.172852,1.022705
1202839606,0.108887,0.168701,1.030273
1202844606,0.112793,0.178711,1.035156
1202849606,0.109131,0.171143,1.041992
1202854606,0.117676,0.183594,1.041016
1202859606,0.113525,0.189453,1.043213
1202864606,0.098877,0.194824,1.049561
1202869606,0.106201,0.191406,1.052979
1202874606,0.114014,0.191895,1.031494
1202879606,0.102783,0.177002,1.035156
1202884606,0.107422,0.180176,1.037109
1202889606,0.103027,0.174561,1.040283
1202894606,0.10791,0.1604,1.028564
1202899606,0.111572,0.162109,1.026123
1202904606,0.109619,0.15332,1.032471
1202909606,0.111084,0.15332,1.018066
1202914606,0.116699,0.1521,1.009766
1202919606,0.111816,0.154297,1.020752
1202924606,0.11377,0.159424,1.025635
1202929606,0.115234,0.169434,1.032227
1202934606,0.108643,0.175537,1.03833
1202939606,0.107666,0.173584,1.03418
1202944606,0.103027,0.173096,1.025879
1202949606,0.104248,0.184814,1.028809
1202954606,0.104004,0.178711,1.040039
1202959606,0.107422,0.172607,1.038818
1202964606,0.105225,0.17334,1.043701
1202969606,0.109619,0.178467,1.033691
1202974606,0.111328,0.170654,1.029297
1202979606,0.108154,0.168213,1.023926
1202984606,0.109375,0.168701,1.030273
1202989606,0.108643,0.169922,1.02417
1202994606,0.103027,0.173584,1.033203
1202999606,0.108398,0.170166,1.03125
1203004606,0.108398,0.170166,1.032959
1203009606,0.105469,0.169434,1.03418
1203014606,0.108154,0.172119,1.031494
1203019606,0.108643,0.170166,1.032471
1203024606,0.103271,0.176025,1.028076
1203029606,0.112061,0.178711,1.031006
1203034606,0.10791,0.178955,1.033447
1203039606,0.111572,0.171631,1.02832
1203044606,0.111328,0.168457,1.032227
1203049606,0.111816,0.169189,1.032227
1203054606,0.108154,0.170898,1.035645
1203059606,0.109131,0.173584,1.030273
1203064606,0.107422,0.173828,1.028076
1203069606,0.106201,0.174805,1.029053
1203074606,0.109131,0.173584,1.033936
1203079606,0.109619,0.174561,1.031006
1203084606,0.105713,0.176025,1.03125
1203089606,0.110596,0.17627,1.033691
1203094606,0.106201,0.174072,1.031738
1203099606,0.105957,0.172607,1.030762
1203104606,0.106445,0.174072,1.0271
1203109606,0.106934,0.171875,1.029785
1203114606,0.104736,0.175781,1.032227
1203119606,0.106445,0.171143,1.036621
1203124606,0.104736,0.174072,1.024658
1203129606,0.105225,0.168213,1.030029
1203134606,0.108398,0.16626,1.026367
1203139606,0.108154,0.165771,1.03125
1203144606,0.112549,0.168457,1.029297
1203149606,0.111572,0.174316,1.033203
1203154606,0.10791,0.171631,1.031494
1203159606,0.111816,0.171875,1.029785
1203164606,0.106934,0.175781,1.025391
1203169606,0.118164,0.179199,1.038574
1203174606,0.112793,0.179932,1.030518
1203179606,0.106689,0.175293,1.021484
1203184606,0.105225,0.173096,1.027588
1203189606,0.111572,0.169189,1.033447
1203194606,0.108643,0.170166,1.030762
1203199606,0.107178,0.169678,1.029785
1203204606,0.106934,0.171631,1.026855
1203209606,0.108887,0.171387,1.032227
1203214606,0.109131,0.165771,1.03418
1203219606,0.109375,0.171387,1.023926
1203224606,0.108643,0.172852,1.035645
1203229606,0.110596,0.174805,1.026855
1203234606,0.109375,0.174316,1.024902
1203239606,0.111328,0.171143,1.023438
1203244606,0.10498,0.176025,1.029541
1203249606,0.109375,0.168213,1.035889
1203254606,0.107422,0.173584,1.021973
1203259606,0.107178,0.170898,1.026855
1203264606,0.108154,0.169678,1.024414
1203269606,0.109619,0.169434,1.031738
1203274606,0.111328,0.171387,1.03833
1203279606,0.108154,0.172607,1.030518
1203284606,0.10791,0.17334,1.024658
1203289606,0.107422,0.171143,1.033936
1203294606,0.109375,0.172852,1.033691
1203299606,0.10498,0.175781,1.028809
1203304606,0.10791,0.176514,1.028564
1203309606,0.109619,0.172119,1.030518
1203314606,0.106934,0.173096,1.032715
1203319606,0.105957,0.172119,1.028809
1203324606,0.110107,0.167969,1.026367
1203329606,0.110596,0.17041,1.028809
1203334606,0.111572,0.172119,1.029785
1203339606,0.111572,0.170166,1.030518
1203344606,0.112305,0.172607,1.029541
1203349606,0.107666,0.174805,1.026123
1203354606,0.109863,0.173584,1.023193
1203359606,0.112061,0.173828,1.029541
1203364606,0.109619,0.17627,1.035645
1203369606,0.108887,0.175537,1.026611
1203374606,0.108643,0.172607,1.022461
1203379606,0.110596,0.171387,1.034668
1203384606,0.11377,0.175781,1.027344
1203389606,0.104736,0.166748,1.03125
1203394606,0.109131,0.169678,1.036377
1203399606,0.110352,0.170166,1.041016
1203404606,0.106201,0.17041,1.029785
1203409606,0.108887,0.170654,1.029785
1203414606,0.107666,0.170166,1.037109
1203419606,0.108643,0.170898,1.03418
1203424606,0.110596,0.17334,1.032227
1203429606,0.107178,0.169922,1.027588
1203434606,0.10791,0.172852,1.024658
1203439606,0.105225,0.173828,1.026855
1203444606,0.108154,0.169189,1.0354
1203449606,0.106934,0.172607,1.0271
1203454606,0.10791,0.166992,1.030273
1203459606,0.11084,0.171387,1.029785
1203464606,0.109619,0.172607,1.021729
1203469606,0.107178,0.170654,1.035889
1203474606,0.109131,0.176514,1.033691
1203479606,0.105957,0.175537,1.033203
1203484606,0.109375,0.174072,1.025879
1203489606,0.109863,0.174561,1.031982
1203494606,0.109619,0.169922,1.029541
1203499606,0.106934,0.168213,1.030518
1203504606,0.108643,0.173584,1.029785
1203509606,0.11377,0.166504,1.042725
1203514606,0.108154,0.173584,1.0271
1203519606,0.117188,0.167969,1.039063
1203524606,0.106689,0.175537,1.027832
1203529606,0.10791,0.169922,1.034424
1203534606,0.112793,0.174805,1.037109
1203539606,0.109863,0.178711,1.02832
1203544606,0.11084,0.172852,1.041016
1203549606,0.110107,0.178223,1.033936
1203554606,0.107666,0.173096,1.027344
1203559606,0.109863,0.17041,1.026123
1203564606,0.112305,0.172119,1.039063
1203569606,0.112305,0.168213,1.038574
1203574606,0.10498,0.170166,1.030273
1203579606,0.105957,0.166748,1.030273
1203584606,0.107422,0.16748,1.028564
1203589606,0.107666,0.173828,1.035645
1203594606,0.107178,0.169678,1.033936
1203599606,0.108643,0.179199,1.029541
1203604606,0.110352,0.174072,1.030518
1203609606,0.109619,0.174561,1.029297
1203614606,0.115967,0.17627,1.032227
1203619606,0.109375,0.17627,1.029541
1203624606,0.107666,0.175781,1.028564
1203629606,0.105225,0.172607,1.026855
1203634606,0.108398,0.172607,1.031738
1203639606,0.106689,0.169922,1.027832
1203644606,0.109375,0.171143,1.037109
1203649606,0.109863,0.169434,1.032471
1203654606,0.105469,0.171875,1.022949
1203659606,0.108643,0.171387,1.032959
1203664606,0.105957,0.166748,1.024414
1203669606,0.111572,0.174316,1.0354
1203674606,0.110107,0.175293,1.041504
1203679606,0.107178,0.17334,1.031006
1203684606,0.109375,0.172607,1.0271
1203689606,0.108887,0.173096,1.022217
1203694606,0.113037,0.171143,1.029785
1203699606,0.11084,0.174805,1.036865
1203704606,0.112305,0.172363,1.029541
1203709606,0.109863,0.17334,1.025879
1203714606,0.11499,0.170166,1.03125
1203719606,0.109863,0.167969,1.035156
1203724606,0.109131,0.172119,1.027588
1203729606,0.101563,0.170166,1.027344
1203734606,0.102295,0.172607,1.027588
1203739606,0.107422,0.171143,1.034424
1203744606,0.106445,0.16748,1.032715
1203749606,0.105225,0.168701,1.036865
1203754606,0.108643,0.172852,1.028809
1203759606,0.109375,0.172363,1.027832
1203764606,0.10376,0.179932,1.017334
1203769606,0.106934,0.179932,1.036133
1203774606,0.108154,0.17334,1.032471
1203779606,0.113525,0.172119,1.036621
1203784606,0.111084,0.173096,1.026855
1203789606,0.113037,0.178467,1.033936
1203794606,0.107666,0.170166,1.039795
1203799606,0.105469,0.173096,1.029297
1203804606,0.108398,0.167236,1.025635
1203809606,0.108887,0.173096,1.036865
1203814606,0.103271,0.17334,1.030273
1203819606,0.106934,0.173828,1.028564
1203824606,0.102539,0.176025,1.031738
1203829606,0.10791,0.171387,1.037354
1203834606,0.112061,0.170166,1.028809
1203839606,0.10791,0.166992,1.026123
1203844606,0.109619,0.170898,1.031006
1203849606,0.10498,0.17334,1.031738
1203854606,0.108398,0.17041,1.030762
1203859606,0.110107,0.170654,1.023193
1203864606,0.108398,0.17041,1.034424
1203869606,0.113525,0.168213,1.030762
1203874606,0.109619,0.171387,1.032959
1203879606,0.114258,0.172852,1.031982
1203884606,0.105469,0.172852,1.029541
1203889606,0.10791,0.173096,1.037354
1203894606,0.108643,0.169189,1.035889
1203899606,0.111084,0.174561,1.026123
1203904606,0.111572,0.174561,1.030762
1203909606,0.111572,0.173096,1.029297
1203914606,0.110352,0.172363,1.028564
1203919606,0.104248,0.170898,1.034668
1203924606,0.106201,0.170654,1.025391
1203929606,0.11084,0.173828,1.031982
1203934606,0.110107,0.173584,1.036621
1203939606,0.109375,0.169922,1.033936
1203944606,0.106689,0.172607,1.024414
1203949606,0.110107,0.175781,1.031494
1203954606,0.106201,0.175537,1.031494
1203959606,0.107422,0.171387,1.032227
1203964606,0.107178,0.176025,1.030518
1203969606,0.105713,0.173096,1.031738
1203974606,0.109619,0.174561,1.030273
1203979606,0.106934,0.172119,1.031006
1203984606,0.110107,0.175781,1.030762
1203989606,0.109375,0.169678,1.027344
1203994606,0.106934,0.172607,1.031982
1203999606,0.108887,0.169678,1.032227
1204004606,0.110596,0.173584,1.036865
1204009606,0.111084,0.172607,1.023682
1204014606,0.110107,0.171387,1.036865
1204019606,0.109619,0.174072,1.0354
1204024606,0.104248,0.174072,1.029297
1204029606,0.106445,0.172363,1.037109
1204034606,0.108887,0.174805,1.035889
1204039606,0.114746,0.17041,1.031494
1204044606,0.108887,0.178467,1.03418
1204049606,0.111572,0.175781,1.026123
1204054606,0.111328,0.172607,1.025146
1204059606,0.109863,0.174805,1.028076
1204064606,0.112305,0.175293,1.035156
1204069606,0.107178,0.179932,1.035889
1204074606,0.107422,0.175781,1.037109
1204079606,0.106201,0.167236,1.028564
1204084606,0.104492,0.169922,1.026367
1204089606,0.110596,0.172363,1.033936
1204094606,0.106934,0.173828,1.030762
1204099606,0.104736,0.174561,1.033203
1204104606,0.107666,0.175781,1.031738
1204109606,0.104248,0.167969,1.024658
1204114606,0.105469,0.16748,1.0271
1204119606,0.108154,0.176758,1.029297
1204124606,0.110596,0.174561,1.026611
1204129606,0.112061,0.168213,1.034424
1204134606,0.110596,0.171875,1.027344
1204139606,0.108398,0.174805,1.03418
1204144606,0.112549,0.170898,1.036865
1204149606,0.109863,0.170898,1.035889
1204154606,0.10791,0.174072,1.027588
1204159606,0.109375,0.168457,1.033691
1204164606,0.109131,0.171631,1.032715
1204169606,0.107666,0.172363,1.033447
1204174606,0.107666,0.171387,1.028564
1204179606,0.10498,0.174805,1.035889
1204184606,0.110352,0.173828,1.04126
1204189606,0.112549,0.175293,1.03125
1204194606,0.204346,-1.804688,-1.454102
1204199606,0.710693,-0.079346,-4.0
1204204606,-0.369385,1.688965,-0.658447
1204209606,0.073486,1.671387,-1.384521
1204214606,0.591064,2.800049,0.876221
1204219606,-0.846191,3.460938,-1.47876
1204224606,-0.263672,2.185547,0.568359
1204229606,-0.239502,0.104736,-2.152344
1204234606,-0.432617,0.852539,0.875488
1204239606,-0.388672,1.375244,1.253174
1204244606,-0.357178,0.148193,-4.0
1204249606,-0.393311,1.269287,0.438721
1204254606,0.008057,0.413818,1.118896
1204259606,0.078125,0.327637,0.967773
1204264606,0.150391,0.19165,1.120605
1204269606,0.113037,0.131104,1.019531
1204274606,0.080322,0.194824,1.080811
1204279606,0.093994,0.175537,1.02417
1204284606,0.121826,0.216553,1.132813
1204289606,0.108643,0.217773,1.14624
1204294606,0.093262,0.213623,1.096436
1204299606,0.084229,0.175049,0.991455
1204304606,-2.318115,0.273926,-3.094727
1204309606,-1.155518,0.658691,-0.901611
1204314606,-1.377686,2.710205,-1.043701
1204319606,-1.134766,2.270996,0.743164
1204324606,-0.87207,0.950439,1.080566
1204329606,0.0625,0.239502,0.96582
1204334606,0.084961,0.169434,1.019043
1204339606,0.101807,0.107178,1.049561
1204344606,0.125244,0.126953,1.05957
1204349606,0.087891,0.261719,1.112061
1204354606,0.065918,0.201904,1.06543
1204359606,0.12915,0.175049,1.073486
1204364606,0.117188,0.10083,0.969727
1204369606,0.110352,0.105713,1.004395
1204374606,0.122803,0.144287,1.038574
1204379606,0.088379,0.17749,1.011475
1204384606,0.072266,0.20166,1.044678
1204389606,0.10376,0.21167,1.100586
1204394606,0.097168,0.168945,1.034912
1204399606,0.106689,0.127197,1.021973
1204404606,0.117188,0.144287,1.040283
1204409606,0.084717,0.181885,1.02124
1204414606,0.069336,0.197998,1.009033
1204419606,-0.32666,0.693848,-1.107666
1204424606,-0.0896,2.261963,0.779785
1204429606,0.139648,0.282471,1.326416
1204434606,0.078613,0.267822,0.953857
1204439606,0.092285,0.149658,1.015869
1204444606,0.12207,0.139404,1.108643
1204449606,0.153076,0.075439,1.063965
1204454606,0.087891,0.272461,1.134277
1204459606,0.064941,0.235596,1.081787
1204464606,0.091309,0.200684,1.036133
1204469606,0.114746,0.098877,0.924316
1204474606,0.107422,0.097412,0.956787
1204479606,0.13623,0.126221,1.05835
1204484606,0.006348,-0.021973,-0.059814
1204489606,-0.157715,1.587891,0.946045
1204494606,0.031982,0.245605,0.891113
1204499606,0.005371,0.250977,1.092285
1204504606,0.091064,0.188232,1.033203
1204509606,0.130127,0.125488,1.070801
1204514606,0.121582,0.08667,1.048828
1204519606,0.081787,0.205078,1.07251
1204524606,0.074707,0.282715,1.14502
1204529606,0.059082,0.253418,1.077393
1204534606,0.351807,0.053955,2.049561
1204539606,0.151123,0.108398,0.91333
1204544606,0.075928,0.148926,0.942627
1204549606,0.09668,0.145996,1.018555
1204554606,0.112793,0.12793,1.058105
1204559606,0.0896,0.185791,1.046143
1204564606,0.08252,0.225586,1.0625
1204569606,0.080566,0.191162,1.058594
1204574606,0.094482,0.103516,0.877197
1204579606,-0.101074,0.310059,1.035889
1204584606,0.088623,0.303711,1.040527
1204589606,0.056396,0.255615,1.085205
1204594606,0.091797,0.186279,1.037109
1204599606,0.08667,0.164307,1.031494
1204604606,0.138428,0.154297,1.049805
1204609606,0.151123,0.218506,0.711914
1204614606,0.204102,1.418213,1.062256
1204619606,0.053711,0.714844,0.976318
1204624606,0.065674,0.197998,1.037842
1204629606,0.067627,0.186279,0.944336
1204634606,0.08252,0.116455,1.05835
1204639606,0.060303,0.171387,0.945068
1204644606,0.051514,0.22168,1.027344
1204649606,0.162842,0.185791,1.194092
1204654606,0.098633,0.207275,1.077148
1204659606,0.14917,0.188232,1.102295
1204664606,0.027588,0.216309,0.970459
1204669606,0.090088,0.172607,1.038574
1204674606,0.104492,0.154541,1.042725
1204679606,0.093262,0.196045,1.066895
1204684606,0.096436,0.173096,1.015625
1204689606,0.077393,0.205811,1.088623
1204694606,0.094482,0.136719,0.998535
1204699606,0.0625,0.268311,1.113525
1204704606,0.114014,0.149658,1.056641
1204709606,0.080811,0.225342,1.047119
1204714606,0.085449,0.190674,1.070068
1204719606,0.100342,0.161621,1.011963
1204724606,0.107422,0.154785,1.013184
1204729606,0.10791,0.139404,0.99707
1204734606,0.115479,0.134766,0.994629
1204739606,0.111816,0.139404,1.006104
1204744606,0.118652,0.152344,1.012451
1204749606,0.089355,0.197998,1.026611
1204754606,0.116699,0.143799,1.064941
1204759606,0.105469,0.169922,1.052002
1204764606,0.11499,0.152832,1.046631
1204769606,0.0896,0.199463,1.062744
1204774606,0.077393,0.202637,1.045654
1204779606,0.080811,0.206543,1.060791
1204784606,0.099365,0.17749,1.044678
1204789606,0.094971,0.171631,1.049805
1204794606,0.093262,0.195068,1.051758
1204799606,0.0896,0.200684,1.048096
1204804606,0.094482,0.18335,1.041748
1204809606,0.117188,0.149658,1.036377
1204814606,0.112061,0.136719,1.025391
1204819606,0.132324,0.098389,0.993896
1204824606,0.023682,0.185547,0.825195
1204829606,0.131592,0.128662,1.033691
1204834606,0.108643,0.147217,1.031982
1204839606,0.111572,0.156006,1.048828
1204844606,0.094482,0.196777,1.074951
1204849606,0.099121,0.178955,1.050781
1204854606,0.080811,0.220947,1.112305
1204859606,0.109863,0.192139,1.012451
1204864606,0.095703,0.173828,1.055908
1204869606,0.100342,0.168701,1.019287
1204874606,0.102539,0.187256,1.048828
1204879606,0.104248,0.1604,1.029541
1204884606,0.103516,0.157471,1.019287
1204889606,0.112549,0.13623,1.006348
1204894606,0.113281,0.143799,1.013916
1204899606,0.101563,0.151123,1.033203
1204904606,0.097656,0.178955,1.058105
1204909606,0.098877,0.185059,1.029785
1204914606,0.089111,0.184082,1.029297
1204919606,0.094971,0.181885,1.026611
1204924606,0.095215,0.176025,1.02002
1204929606,0.103027,0.169189,1.021484
1204934606,0.102051,0.168213,1.023682
1204939606,0.10083,0.16748,1.046631
1204944606,0.104248,0.175293,1.059814
1204949606,0.104248,0.169189,1.055176
1204954606,0.101074,0.173096,1.061035
1204959606,0.101074,0.169189,1.049316
1204964606,0.06958,0.236084,1.120361
1204969606,0.146729,0.137207,1.046631
1204974606,0.109375,0.127441,1.027832
1204979606,0.11792,0.132324,1.036865
1204984606,0.069336,0.239746,1.000488
1204989606,0.108398,0.152344,1.055664
1204994606,0.113281,0.140137,1.024658
1204999606,0.108643,0.158447,1.030518
1205004606,0.097656,0.175537,1.02417
1205009606,0.084473,0.19873,1.02417
1205014606,0.081787,0.192139,1.037842
1205019606,0.095215,0.182861,1.039795
1205024606,0.096191,0.221436,1.054932
1205029606,0.111816,0.185303,1.067383
1205034606,0.135498,0.075928,1.020996
1205039606,0.079834,0.197754,1.055664
1205044606,0.101318,0.19043,1.059082
1205049606,0.089111,0.177246,1.0354
1205054606,0.095459,0.108398,0.982666
1205059606,0.092285,0.180908,1.008301
1205064606,0.086426,0.192871,1.061035
1205069606,0.088379,0.196777,1.015137
1205074606,0.101074,0.144775,0.98999
1205079606,0.100586,0.171875,1.018311
1205084606,0.092285,0.171631,1.022217
1205089606,0.095459,0.185059,1.041992
1205094606,0.106934,0.159912,1.055908
1205099606,0.101807,0.177002,1.047119
1205104606,0.091309,0.181885,1.035889
1205109606,0.093018,0.175781,1.028564
1205114606,0.094238,0.15918,1.010986
1205119606,0.099121,0.176025,1.045166
1205124606,0.094727,0.174561,1.042725
1205129606,0.094727,0.168213,1.03418
1205134606,0.090088,0.168457,1.024414
1205139606,0.091064,0.170166,1.023193
1205144606,0.09668,0.16626,1.028564
1205149606,0.094238,0.16333,1.016602
1205154606,0.092529,0.174805,1.038086
1205159606,0.094971,0.171631,1.043945
1205164606,0.099609,0.177246,1.049316
1205169606,0.101074,0.177734,1.047607
1205174606,0.099609,0.177979,1.050781
1205179606,0.095703,0.172119,1.029785
1205184606,0.092773,0.166016,1.023438
1205189606,0.095215,0.168701,1.031006
1205194606,0.092529,0.164307,1.031738
1205199606,0.094727,0.167725,1.034912
1205204606,0.098633,0.169678,1.042725
1205209606,0.099121,0.165039,1.031494
1205214606,0.095459,0.171875,1.034668
1205219606,0.095947,0.173828,1.034912
1205224606,0.097656,0.174072,1.033691
1205229606,0.098389,0.175049,1.036133
1205234606,0.095459,0.176758,1.029541
1205239606,0.096924,0.169678,1.032715
1205244606,0.0979,0.170166,1.036621
1205249606,0.096191,0.169434,1.0271
1205254606,0.098145,0.171143,1.034912
1205259606,0.096436,0.173828,1.030273
1205264606,0.094238,0.170654,1.032959
1205269606,0.099365,0.171875,1.029541
1205274606,0.094727,0.169922,1.031494
1205279606,0.094238,0.171875,1.031494
1205284606,0.0979,0.171631,1.03418
1205289606,0.094238,0.17334,1.032471
1205294606,0.091553,0.172852,1.033447
1205299606,0.095703,0.171143,1.034424
1205304606,0.096436,0.169434,1.033936
1205309606,0.100342,0.171143,1.030762
1205314606,0.096924,0.175049,1.029541
1205319606,0.100098,0.175537,1.038574
1205324606,0.09375,0.171875,1.031494
1205329606,0.095703,0.175049,1.030029
1205334606,0.094727,0.169189,1.035889
1205339606,0.094238,0.169678,1.032959
1205344606,0.096436,0.169434,1.032471
1205349606,0.094727,0.169678,1.032471
1205354606,0.095703,0.172852,1.035156
1205359606,0.10083,0.172607,1.036621
1205364606,0.096436,0.172607,1.033203
1205369606,0.094238,0.177734,1.039307
1205374606,0.095459,0.170654,1.037354
1205379606,0.095703,0.176758,1.03125
1205384606,0.099854,0.172363,1.033691
1205389606,0.095947,0.168701,1.035889
1205394606,0.099609,0.17041,1.031738
1205399606,0.0979,0.170898,1.030518
1205404606,0.095459,0.170166,1.025635
1205409606,0.094238,0.171143,1.028564
1205414606,0.098877,0.169678,1.033447
1205419606,0.094971,0.171143,1.031006
1205424606,0.094238,0.164062,1.022217
1205429606,0.097412,0.171143,1.035156
1205434606,0.097168,0.172363,1.035645
1205439606,0.097412,0.173096,1.036133
1205444606,0.093262,0.172363,1.034424
1205449606,0.098389,0.170166,1.037354
1205454606,0.099365,0.171387,1.033203
1205459606,0.097168,0.17334,1.034668
1205464606,0.098877,0.170166,1.036621
1205469606,0.098633,0.172607,1.034424
1205474606,0.097168,0.170166,1.031494
1205479606,0.097168,0.165283,1.034424
1205484606,0.096191,0.169678,1.030029
1205489606,0.098389,0.172119,1.036133
1205494606,0.095215,0.173584,1.03418
1205499606,0.091309,0.170654,1.035889
1205504606,0.095215,0.173096,1.032471
1205509606,0.095947,0.16748,1.030762
1205514606,0.094482,0.17041,1.03418
1205519606,0.096191,0.170898,1.0271
1205524606,0.099609,0.170898,1.036621
1205529606,0.100586,0.168213,1.032715
1205534606,0.100342,0.168457,1.0271
1205539606,0.098389,0.171631,1.031006
1205544606,0.094482,0.168213,1.035156
1205549606,0.099365,0.168945,1.041504
1205554606,0.099854,0.172363,1.034668
1205559606,0.099609,0.171875,1.024414
1205564606,0.093994,0.17334,1.031982
1205569606,0.096436,0.172119,1.032715
1205574606,0.09668,0.171387,1.037842
1205579606,0.096191,0.171143,1.039307
1205584606,0.09375,0.170166,1.033936
1205589606,0.09668,0.168457,1.030762
1205594606,0.095947,0.166504,1.035889
1205599606,0.093994,0.175293,1.037598
1205604606,0.094482,0.167725,1.031982
1205609606,0.095215,0.17627,1.02832
1205614606,0.097412,0.174805,1.035889
1205619606,0.096436,0.169922,1.036865
1205624606,0.093262,0.173096,1.039307
1205629606,0.096436,0.174561,1.035889
1205634606,0.095947,0.173584,1.031006
1205639606,0.098145,0.171631,1.037842
1205644606,0.102295,0.17627,1.031494
1205649606,0.098877,0.171875,1.036865
1205654606,0.094727,0.173828,1.033691
1205659606,0.100098,0.172119,1.036621
1205664606,0.095703,0.171387,1.03125
1205669606,0.095459,0.16748,1.032715
1205674606,0.097168,0.166992,1.040039
1205679606,0.093994,0.169922,1.035889
1205684606,0.100098,0.171143,1.030518
1205689606,0.098389,0.174805,1.031738
1205694606,0.0979,0.172852,1.030518
1205699606,0.096191,0.174805,1.033691
1205704606,0.093506,0.172119,1.028564
1205709606,0.092285,0.176025,1.035645
1205714606,0.096436,0.169922,1.037109
1205719606,0.0979,0.17334,1.029053
1205724606,0.094971,0.172363,1.033936
1205729606,0.099365,0.164307,1.032227
1205734606,0.097412,0.17041,1.03418
1205739606,0.09668,0.166748,1.032471
1205744606,0.096436,0.170654,1.034424
1205749606,0.095947,0.164795,1.035889
1205754606,0.095947,0.168457,1.033936
1205759606,0.095215,0.172363,1.032471
1205764606,0.095703,0.173828,1.034424
1205769606,0.095947,0.173096,1.035645
1205774606,0.093994,0.171631,1.036621
1205779606,0.0979,0.170898,1.031738
1205784606,0.098389,0.171875,1.031738
1205789606,0.0979,0.173828,1.035645
1205794606,0.095947,0.170654,1.036865
1205799606,0.099121,0.169678,1.031494
1205804606,0.095215,0.17041,1.032227
1205809606,0.095459,0.170898,1.032959
1205814606,0.10376,0.17334,1.039063
1205819606,0.099365,0.17041,1.030518
1205824606,0.094482,0.167725,1.033691
1205829606,0.096436,0.176025,1.029541
1205834606,0.097168,0.170166,1.031982
1205839606,0.0979,0.173096,1.0354
1205844606,0.09668,0.17334,1.028076
1205849606,0.098145,0.173096,1.033203
1205854606,0.09375,0.169922,1.028076
1205859606,0.094482,0.174316,1.036133
1205864606,0.098633,0.17334,1.028809
1205869606,0.096924,0.168701,1.036865
1205874606,0.093262,0.167725,1.031494
1205879606,0.096191,0.171387,1.029053
1205884606,0.093262,0.174072,1.039307
1205889606,0.099121,0.168945,1.039063
1205894606,0.094482,0.168945,1.037354
1205899606,0.095703,0.171387,1.033447
1205904606,0.099121,0.171387,1.031982
1205909606,0.093994,0.175049,1.037354
1205914606,0.093994,0.16748,1.034912
1205919606,0.094238,0.168457,1.03418
1205924606,0.095703,0.171875,1.034912
1205929606,0.093994,0.171631,1.03418
1205934606,0.094727,0.171875,1.039795
1205939606,0.0979,0.171387,1.033691
1205944606,0.0979,0.170898,1.030762
1205949606,0.097656,0.173096,1.031982
1205954606,0.0979,0.170898,1.032959
1205959606,0.100098,0.172363,1.033203
1205964606,0.095459,0.170898,1.036377
1205969606,0.099365,0.168213,1.036621
1205974606,0.096924,0.169189,1.030029
1205979606,0.094971,0.174072,1.035645
1205984606,0.09668,0.170166,1.038818
1205989606,0.096191,0.170898,1.0354
1205994606,0.096436,0.170166,1.037598
1205999606,0.099365,0.171875,1.034424
1206004606,0.096436,0.172607,1.033691
1206009606,0.094727,0.172607,1.026367
1206014606,0.09668,0.170166,1.033447
1206019606,0.095703,0.173096,1.030518
1206024606,0.094971,0.16626,1.031006
1206029606,0.098633,0.172363,1.031006
1206034606,0.097168,0.168945,1.035645
1206039606,0.095215,0.17627,1.031738
1206044606,0.097412,0.175049,1.031738
1206049606,0.096436,0.169434,1.032715
1206054606,0.097656,0.167969,1.039795
1206059606,0.095947,0.170898,1.033447
1206064606,0.097656,0.173096,1.031494
1206069606,0.097412,0.171143,1.027588
1206074606,0.092285,0.167725,1.030518
1206079606,0.097656,0.169189,1.033447
1206084606,0.095947,0.172363,1.032715
1206089606,0.094971,0.172852,1.03418
1206094606,0.09375,0.176758,1.031006
1206099606,0.099609,0.167725,1.034912
1206104606,0.095947,0.171387,1.035156
1206109606,0.09668,0.171143,1.038086
1206114606,0.093018,0.168945,1.03418
1206119606,0.097168,0.175781,1.032959
1206124606,0.099365,0.171875,1.036377
1206129606,0.094482,0.168945,1.030762
1206134606,0.096924,0.170654,1.032471
1206139606,0.098145,0.172607,1.030762
1206144606,0.09668,0.172119,1.029541
1206149606,0.094971,0.176025,1.037842
1206154606,0.098389,0.169678,1.032959
1206159606,0.097412,0.16748,1.034668
1206164606,0.095947,0.168457,1.030518
1206169606,0.091797,0.166504,1.023926
1206174606,0.093018,0.170654,1.027832
1206179606,0.093994,0.169678,1.030762
1206184606,0.093506,0.171387,1.030762
1206189606,0.095459,0.165771,1.0271
1206194606,0.098877,0.169189,1.030029
1206199606,0.091797,0.167969,1.033691
1206204606,0.097168,0.168701,1.032227
1206209606,0.097656,0.170654,1.031738
1206214606,0.093262,0.16748,1.027832
1206219606,0.097656,0.170654,1.020752
1206224606,0.097412,0.171143,1.028076
1206229606,0.094971,0.172852,1.031006
1206234606,0.094238,0.173828,1.029785
1206239606,0.090576,0.172363,1.027588
1206244606,0.097168,0.174072,1.033447
1206249606,0.095459,0.168945,1.027588
1206254606,0.094727,0.169434,1.030029
1206259606,0.096436,0.171387,1.028564
1206264606,0.090332,0.167969,1.036377
1206269606,0.096436,0.166016,1.034424
1206274606,0.096924,0.173096,1.041504
1206279606,0.094482,0.172119,1.038086
1206284606,0.097412,0.17041,1.033936
1206289606,0.0979,0.17334,1.042236
1206294606,0.097168,0.173096,1.038574
1206299606,0.097412,0.171875,1.034668
1206304606,0.101807,0.175293,1.031494
1206309606,0.097656,0.170166,1.029297
1206314606,0.092529,0.171631,1.02832
1206319606,0.099609,0.173828,1.030273
1206324606,0.096191,0.176025,1.030273
1206329606,0.097412,0.177002,1.032715
1206334606,0.099121,0.173096,1.040527
1206339606,2.048096,3.251953,-2.047363
1206344606,-4.0,3.999878,3.999878
1206349606,-1.939209,2.657471,0.227051
1206354606,0.657227,2.969238,-4.0
1206359606,-0.105469,1.062012,-0.484863
1206364606,0.546631,0.583252,0.435303
1206369606,-0.942383,1.232666,2.111084
1206374606,-0.323486,0.441162,2.56665
1206379606,-2.277588,0.329102,1.048096
1206384606,0.134033,0.559082,0.963135
1206389606,0.040039,0.202148,0.586914
1206394606,-0.052002,0.221436,0.708496
1206399606,0.138428,0.212646,1.112549
1206404606,0.12085,0.22876,1.086182
1206409606,0.074951,0.226074,1.072754
1206414606,0.09082,0.19751,1.085449
1206419606,0.076904,0.131836,0.950195
1206424606,0.106934,0.117188,0.946045
1206429606,0.113525,0.113037,1.000977
1206434606,0.097168,0.196289,1.062012
1206439606,0.087646,0.215332,1.082275
1206444606,0.083008,0.196045,1.031006
1206449606,0.106689,0.157959,1.010742
1206454606,0.104736,0.145508,1.008301
1206459606,-0.965576,0.375977,-1.458252
1206464606,-0.125244,1.909424,2.738525
1206469606,-0.171387,2.55249,-0.437256
1206474606,-0.823975,0.750977,-4.0
1206479606,-1.288086,0.786377,0.77417
1206484606,-0.593018,0.044922,-0.657227
1206489606,-0.366211,0.127441,0.986084
1206494606,-0.546875,0.205078,0.862305
1206499606,0.141846,0.844238,0.975586
1206504606,0.115967,0.297607,1.144775
1206509606,0.155518,0.151611,1.064941
1206514606,0.232422,0.147705,1.211426
1206519606,0.124512,0.109863,1.031494
1206524606,0.103027,-1.114502,0.101563
1206529606,-0.608887,1.400146,1.09082
1206534606,0.120605,0.340332,1.105469
1206539606,-0.063477,0.207275,-0.106689
1206544606,0.068115,0.309326,1.036621
1206549606,-0.013916,0.061523,0.798096
1206554606,0.09082,0.250244,1.003662
1206559606,0.165771,0.393555,1.081543
1206564606,0.107178,0.206299,0.987793
1206569606,0.054199,2.278809,1.137451
1206574606,-0.212891,1.165527,1.153809
1206579606,0.01709,1.914063,0.946777
1206584606,0.056641,0.206543,0.952393
1206589606,0.118164,0.101318,1.035889
1206594606,0.10376,0.192627,1.0896
1206599606,0.056396,0.209961,1.032959
1206604606,0.123047,0.190918,1.098389
1206609606,0.083496,0.2229,1.030518
1206614606,0.084717,0.110107,0.990723
1206619606,0.130371,0.172363,1.005615
1206624606,0.088867,0.210449,0.932617
1206629606,0.067871,0.118408,1.003906
1206634606,0.130127,0.177246,1.102051
1206639606,0.106934,0.300049,1.342773
1206644606,0.059814,1.914795,0.959229
1206649606,-0.24707,0.209473,0.944824
1206654606,-0.15332,0.545654,0.875732
1206659606,0.073242,0.182617,1.048096
1206664606,0.119873,0.175293,1.12085
1206669606,0.08667,0.181152,1.054932
1206674606,0.09668,0.169678,1.058838
1206679606,0.09082,0.184814,1.039551
1206684606,0.085449,0.165039,1.033203
1206689606,0.123535,0.125732,1.078857
1206694606,0.071533,0.123779,0.970947
1206699606,0.133789,0.122559,1.202148
1206704606,0.074707,0.234375,0.959229
1206709606,0.075439,2.012207,1.118652
1206714606,-0.487549,0.333496,1.279053
1206719606,-0.662354,1.180664,1.018066
1206724606,0.074219,0.601074,1.027344
1206729606,0.143066,0.234131,1.16626
1206734606,0.077881,0.196045,1.018311
1206739606,0.087158,0.153076,1.016602
1206744606,0.095459,0.175781,1.023926
1206749606,0.083496,0.1875,1.040527
1206754606,0.068359,0.186768,1.01123
1206759606,0.131836,0.148682,1.036865
1206764606,0.08667,0.148193,0.967285
1206769606,0.115479,0.311035,1.155518
1206774606,-0.73291,3.433838,1.028564
1206779606,-0.528564,1.026367,1.032471
1206784606,0.072021,0.186768,1.073486
1206789606,0.090332,0.379883,1.077148
1206794606,0.02124,0.283691,0.968994
1206799606,0.088135,0.125,0.935059
1206804606,0.095703,0.128662,1.027588
1206809606,0.134766,0.157471,1.030273
1206814606,0.064453,0.195312,1.075195
1206819606,0.127686,0.171875,1.043945
1206824606,0.061523,0.177979,1.01709
1206829606,-0.816895,0.574219,1.228027
1206834606,0.065918,0.207764,1.110352
1206839606,0.100098,0.238281,0.980469
1206844606,0.128906,0.813721,1.057861
1206849606,0.096436,0.21582,1.078857
1206854606,0.087158,0.16626,0.98999
1206859606,0.091309,0.13501,1.054932
1206864606,0.096191,0.963867,1.076904
1206869606,0.129883,1.467529,1.076172
1206874606,0.037842,1.144531,0.974121
1206879606,0.037598,0.145264,0.935303
1206884606,0.191406,0.158203,1.250244
1206889606,0.106934,0.889404,1.096924
1206894606,0.073975,0.175781,1.13208
1206899606,0.077393,0.434082,1.036865
1206904606,0.033936,1.803711,0.968262
1206909606,0.092529,1.064697,1.002441
1206914606,0.047607,1.513672,0.990479
1206919606,0.103271,0.157227,1.020996
1206924606,0.093262,0.137451,0.990479
1206929606,0.134033,0.177246,1.109131
1206934606,0.10376,0.331787,0.967773
1206939606,0.075928,1.330322,1.005127
1206944606,-0.394287,0.374512,1.038574
1206949606,0.093262,0.302979,1.089355
1206954606,0.111572,0.179687,1.040039
1206959606,0.091553,0.188232,1.084717
1206964606,0.10376,0.129883,1.09668
1206969606,0.085205,0.607422,1.064941
1206974606,0.14502,0.187256,1.083252
1206979606,0.050049,0.436523,0.934814
1206984606,0.067627,2.018799,0.970459
1206989606,0.115723,1.397461,1.027832
1206994606,0.053955,0.187988,1.015381
1206999606,0.065674,0.158691,0.948242
1207004606,0.094971,0.172607,1.040771
1207009606,0.10083,0.197998,1.021484
1207014606,0.046143,0.349365,1.008545
1207019606,0.113037,2.231934,0.9021
1207024606,0.048828,0.284668,1.000977
1207029606,0.12085,0.188232,1.047852
1207034606,0.084961,0.165283,1.07666
1207039606,0.091064,0.291016,1.0
1207044606,0.116211,0.184082,1.019531
1207049606,0.108643,2.532227,0.946289
1207054606,0.057373,1.010986,1.016113
1207059606,0.021729,0.171143,0.860107
1207064606,0.095703,0.153564,1.089111
1207069606,0.097412,0.20874,1.019043
1207074606,0.03833,0.359375,0.943115
1207079606,0.097168,0.195312,1.032959
1207084606,0.08252,0.181396,1.027588
1207089606,0.11377,0.317383,1.112305
1207094606,0.093506,0.501709,1.030518
1207099606,0.085205,1.449463,1.182129
1207104606,0.114746,0.23999,1.024414
1207109606,0.092773,0.187256,1.052246
1207114606,0.124268,0.09082,1.084717
1207119606,0.011963,1.777832,1.095459
1207124606,0.110352,1.364258,1.05957
1207129606,0.052002,0.167725,1.02124
1207134606,0.134033,0.189453,1.234619
1207139606,0.10498,0.173096,0.991455
1207144606,0.056396,1.187744,1.002686
1207149606,0.056152,0.19165,0.97998
1207154606,0.084473,0.187256,1.020996
1207159606,0.099365,0.177979,1.025635
1207164606,0.102051,0.157227,1.032959
1207169606,0.084229,0.184326,1.037598
1207174606,0.088623,0.173584,1.02832
1207179606,0.098633,0.16748,1.03125
1207184606,0.103271,0.159668,1.024902
1207189606,0.093262,0.167725,1.033936
1207194606,0.094727,0.174316,1.03418
1207199606,0.09668,0.167725,1.027588
1207204606,0.09668,0.157715,1.029785
1207209606,0.091064,0.167725,1.031738
1207214606,0.087158,0.166992,1.021484
1207219606,0.088623,0.168213,1.030762
1207224606,0.092041,0.173096,1.042236
1207229606,0.085693,0.173828,1.041016
1207234606,0.087646,0.175293,1.02832
1207239606,0.091064,0.172607,1.030029
1207244606,0.090332,0.172363,1.035645
1207249606,0.092773,0.176514,1.042725
1207254606,0.095703,0.168945,1.040771
1207259606,0.094727,0.17334,1.03833
1207264606,0.0896,0.184082,1.036133
1207269606,0.08667,0.17749,1.040527
1207274606,0.089844,0.168457,1.016846
1207279606,0.106689,0.162354,1.050781
1207284606,0.093262,0.158203,1.015381
1207289606,0.086182,0.176514,1.02832
1207294606,0.095947,0.172607,1.035156
1207299606,0.079102,0.165527,1.020752
1207304606,0.099365,0.169189,1.039795
1207309606,0.077393,0.150879,1.025391
1207314606,0.085449,0.150391,0.998779
1207319606,0.083496,0.167969,1.048584
1207324606,0.100342,0.162598,1.028564
1207329606,0.084473,0.166748,1.041504
1207334606,0.091309,0.171875,1.019775
1207339606,0.089111,0.160156,1.0271
1207344606,0.092529,0.145996,1.019775
1207349606,0.087402,0.162109,1.023682
1207354606,0.088135,0.1604,1.033936
1207359606,0.082764,0.177246,1.037109
1207364606,0.088623,0.180664,1.042236
1207369606,0.09375,0.17334,1.033936
1207374606,0.102539,0.160156,1.036377
1207379606,0.094971,0.17627,1.047607
1207384606,0.09668,0.18335,1.044189
1207389606,0.090576,0.181152,1.04126
1207394606,0.098389,0.165283,1.025879
1207399606,0.099365,0.157471,1.021729
1207404606,0.101074,0.15918,1.01123
1207409606,0.10791,0.147217,1.021973
1207414606,0.094727,0.175293,1.036377
1207419606,0.093506,0.181641,1.043701
1207424606,0.085937,0.181396,1.038086
1207429606,0.099121,0.189697,1.052979
1207434606,0.088623,0.171143,1.031006
1207439606,0.081787,0.175781,1.037354
1207444606,0.087158,0.175781,1.042725
1207449606,0.093262,0.182617,1.043945
1207454606,0.089844,0.171387,1.048096
1207459606,0.091797,0.157959,1.016846
1207464606,0.099365,0.152344,1.0271
1207469606,0.052734,0.247803,1.050049
1207474606,0.111328,0.106445,0.997559
1207479606,0.075928,0.162354,1.05542
1207484606,0.121094,0.154785,1.039795
1207489606,0.078613,0.192139,1.064941
1207494606,0.112061,0.118652,0.984131
1207499606,0.118896,0.119141,1.07959
1207504606,0.076416,0.254395,1.070557
1207509606,0.114746,0.170166,1.026611
1207514606,0.068115,0.171875,1.032471
1207519606,0.10376,0.166748,1.013184
1207524606,0.074463,0.205566,1.046387
1207529606,0.085449,0.175049,1.038818
1207534606,0.098145,0.15332,1.019775
1207539606,0.093018,0.164062,1.047363
1207544606,0.094238,0.162354,1.013916
1207549606,0.099121,0.144287,1.012939
1207554606,0.105713,0.141357,1.015381
1207559606,0.08374,0.170654,1.025879
1207564606,0.084961,0.19043,1.050049
1207569606,0.081299,0.206543,1.047363
1207574606,0.085937,0.190186,1.030762
1207579606,0.093018,0.175781,1.031738
1207584606,0.093994,0.166748,1.019775
1207589606,0.092529,0.16748,1.035889
1207594606,0.095459,0.164551,1.039063
1207599606,0.087646,0.174561,1.036865
1207604606,0.093506,0.156982,1.029053
1207609606,0.099365,0.153564,1.016357
1207614606,0.102539,0.157715,1.021729
1207619606,0.092285,0.164551,1.029541
1207624606,0.10498,0.180664,1.063721
1207629606,0.089844,0.185547,1.048828
1207634606,0.090088,0.187256,1.033691
1207639606,0.088867,0.167236,1.022949
1207644606,0.099854,0.143066,1.006348
1207649606,0.100342,0.185303,1.046387
1207654606,0.074463,0.209961,1.080811
1207659606,0.103027,0.216553,1.105225
1207664606,0.102783,0.141357,1.037598
1207669606,0.100342,0.133301,1.008789
1207674606,0.094238,0.158691,1.007324
1207679606,0.092285,0.195068,1.040039
1207684606,0.092285,0.16748,1.02832
1207689606,0.106201,0.162109,1.037842
1207694606,0.10376,0.153076,1.030518
1207699606,0.094971,0.149902,1.00708
1207704606,0.102783,0.158936,1.029053
1207709606,0.096924,0.165039,1.020996
1207714606,0.090088,0.178223,1.042969
1207719606,0.093506,0.181152,1.054199
1207724606,0.095703,0.167969,1.034424
1207729606,0.098877,0.155029,1.0271
1207734606,0.099609,0.159668,1.026367
1207739606,0.088623,0.170898,1.036377
1207744606,0.087402,0.185303,1.044434
1207749606,0.082275,0.197021,1.056396
1207754606,0.092041,0.18042,1.044189
1207759606,0.099121,0.161377,1.025391
1207764606,0.100098,0.154297,1.016602
1207769606,0.09082,0.168213,1.037109
1207774606,0.091309,0.174316,1.038818
1207779606,0.089355,0.177246,1.033203
1207784606,0.093018,0.168457,1.023438
1207789606,0.094971,0.158691,1.021484
1207794606,0.090576,0.16626,1.01709
1207799606,0.087402,0.180664,1.042236
1207804606,0.09082,0.17334,1.041748
1207809606,0.090576,0.171387,1.039795
1207814606,0.085937,0.162842,1.034668
1207819606,0.085205,0.169189,1.027832
1207824606,0.088135,0.166504,1.020508
1207829606,0.093994,0.169922,1.040039
1207834606,0.092773,0.171875,1.03418
1207839606,0.095459,0.165771,1.039795
1207844606,0.092773,0.161621,1.012695
1207849606,0.094727,0.178955,1.030273
1207854606,0.10083,0.160889,1.02417
1207859606,0.094482,0.16626,1.027344
1207864606,0.093506,0.170654,1.039063
1207869606,0.092773,0.170654,1.032715
1207874606,0.09082,0.16748,1.021729
1207879606,0.094238,0.16748,1.031494
1207884606,0.09375,0.175049,1.03125
1207889606,0.091309,0.181396,1.042725
1207894606,0.086426,0.172363,1.035156
1207899606,0.087646,0.175293,1.035889
1207904606,0.086182,0.179443,1.03125
1207909606,0.091064,0.169678,1.030029
1207914606,0.092285,0.172119,1.037109
1207919606,0.092529,0.166992,1.037109
1207924606,0.088135,0.172363,1.03833
1207929606,0.094971,0.172119,1.029053
1207934606,0.096436,0.171387,1.023193
1207939606,0.093018,0.170654,1.036133
1207944606,0.092773,0.173584,1.034912
1207949606,0.096924,0.176025,1.033203
1207954606,0.093262,0.163818,1.038574
1207959606,0.090576,0.172852,1.031494
1207964606,0.089844,0.175293,1.025146
1207969606,0.096436,0.166504,1.039551
1207974606,0.090088,0.175049,1.042969
1207979606,0.089844,0.168701,1.029785
1207984606,0.093018,0.167236,1.031494
1207989606,0.094482,0.169434,1.030762
1207994606,0.092773,0.169434,1.043213
1207999606,0.09082,0.175781,1.033203
1208004606,0.092529,0.172852,1.040039
1208009606,0.0896,0.162842,1.026367
1208014606,0.094482,0.162842,1.029053
1208019606,0.094727,0.166504,1.029053
1208024606,0.103027,0.17749,1.032959
1208029606,0.0896,0.169434,1.041992
1208034606,0.094727,0.173584,1.033447
1208039606,0.094727,0.171875,1.033447
1208044606,0.096924,0.172852,1.032959
1208049606,0.087646,0.16748,1.030273
1208054606,0.091797,0.174072,1.036865
1208059606,0.090576,0.170166,1.035156
1208064606,0.093994,0.158203,1.013672
1208069606,0.078369,0.207031,1.060791
1208074606,0.106689,0.146973,1.034668
1208079606,0.081787,0.189941,1.053711
1208084606,0.105225,0.162109,1.036865
1208089606,0.092773,0.1875,1.073975
1208094606,0.111816,0.160156,1.067871
1208099606,0.092529,0.160645,1.035645
1208104606,0.092773,0.160645,1.02002
1208109606,0.0979,0.165771,1.032715
1208114606,0.086914,0.179199,1.048828
1208119606,0.094971,0.175293,1.03418
1208124606,0.095459,0.162842,1.0354
1208129606,0.094727,0.165771,1.030762
1208134606,0.091797,0.178467,1.033936
1208139606,0.093018,0.178467,1.035645
1208144606,0.090332,0.170898,1.037354
1208149606,0.097412,0.172119,1.03125
1208154606,0.096191,0.171875,1.037598
1208159606,0.094238,0.167969,1.032715
1208164606,0.095703,0.173096,1.033936
1208169606,0.097168,0.172119,1.03125
1208174606,0.091309,0.176514,1.036377
1208179606,0.088379,0.17627,1.03418
1208184606,0.092041,0.170654,1.033447
1208189606,0.094482,0.166992,1.026611
1208194606,0.094971,0.167725,1.029053
1208199606,0.092041,0.172607,1.037598
1208204606,0.0896,0.17749,1.035156
1208209606,0.091553,0.176514,1.032471
1208214606,0.095215,0.167236,1.031982
1208219606,0.093994,0.172852,1.028564
1208224606,0.088623,0.172852,1.038818
1208229606,0.088623,0.169678,1.028564
1208234606,0.09082,0.176025,1.036377
1208239606,0.091797,0.17334,1.037598
1208244606,0.090576,0.168701,1.035889
1208249606,0.090088,0.168701,1.033936
1208254606,0.093018,0.167725,1.037109
1208259606,0.088135,0.171875,1.034424
1208264606,0.086914,0.172119,1.029541
1208269606,0.090332,0.172119,1.039307
1208274606,0.090576,0.174805,1.0354
1208279606,0.089355,0.171631,1.030762
1208284606,0.092529,0.172607,1.030762
1208289606,0.09375,0.171143,1.035156
1208294606,0.091309,0.169189,1.036377
1208299606,0.091797,0.170166,1.028809
1208304606,0.091797,0.170654,1.039551
1208309606,0.093506,0.168213,1.032959
1208314606,0.087646,0.172119,1.035645
1208319606,0.092041,0.170166,1.027588
1208324606,0.094727,0.174316,1.040283
1208329606,0.092041,0.171387,1.033936
1208334606,0.091309,0.164307,1.032959
1208339606,0.089844,0.172119,1.037109
1208344606,0.092041,0.165771,1.029297
1208349606,0.087891,0.167969,1.030518
1208354606,0.088623,0.169189,1.031006
1208359606,0.093018,0.170898,1.038086
1208364606,0.092041,0.172119,1.034912
1208369606,0.093262,0.171143,1.030273
1208374606,0.091553,0.172852,1.026123
1208379606,0.095215,0.169434,1.028564
1208384606,0.0896,0.171387,1.035645
1208389606,0.093018,0.171631,1.033936
1208394606,0.0896,0.175293,1.033203
1208399606,0.092773,0.171631,1.033936
1208404606,0.09082,0.173584,1.03418
1208409606,0.091064,0.168701,1.036865
1208414606,0.092773,0.172119,1.036621
1208419606,0.091064,0.170166,1.032471
1208424606,0.09082,0.171387,1.031006
1208429606,0.089844,0.170654,1.034668
1208434606,0.09082,0.169434,1.033691
1208439606,0.092041,0.172607,1.033691
1208444606,0.089844,0.173828,1.035889
1208449606,0.090576,0.170898,1.035645
1208454606,0.087891,0.17334,1.033691
1208459606,0.0896,0.168701,1.036865
1208464606,0.09375,0.170654,1.036621
1208469606,0.097412,0.164551,1.037354
1208474606,0.093018,0.168457,1.031982
1208479606,0.095459,0.170654,1.036621
1208484606,0.090088,0.171143,1.033447
1208489606,0.094238,0.170898,1.034668
1208494606,0.090332,0.172852,1.034912
1208499606,0.091797,0.171631,1.035889
1208504606,0.087646,0.170654,1.0354
1208509606,0.089355,0.169434,1.032959
1208514606,0.092041,0.174805,1.034424
1208519606,0.090088,0.172852,1.0354
1208524606,0.094238,0.169678,1.034668
1208529606,0.087891,0.172119,1.031982
1208534606,0.0979,0.172852,1.040527
1208539606,0.094727,0.168213,1.036133
1208544606,0.09082,0.171875,1.036865
1208549606,0.093262,0.166748,1.035889
1208554606,0.091797,0.168945,1.032959
1208559606,0.092285,0.172119,1.039307
1208564606,0.094971,0.171631,1.029785
1208569606,0.090332,0.168701,1.033447
1208574606,0.087646,0.17041,1.030762
1208579606,0.090332,0.168945,1.029785
1208584606,0.090088,0.171875,1.0354
1208589606,0.091309,0.174316,1.038086
1208594606,0.088867,0.172607,1.033936
1208599606,0.089844,0.17041,1.032227
1208604606,0.093262,0.168701,1.035156
1208609606,0.090576,0.17334,1.033936
1208614606,0.09375,0.171875,1.032959
1208619606,0.090332,0.165527,1.032959
1208624606,0.093994,0.174805,1.029785
1208629606,0.09375,0.167236,1.033936
1208634606,0.093018,0.169922,1.035889
1208639606,0.092041,0.174805,1.030762
1208644606,0.087646,0.172607,1.030029
1208649606,0.095947,0.17041,1.02832
1208654606,0.094971,0.172852,1.033936
1208659606,0.092773,0.166992,1.034912
1208664606,0.0896,0.175049,1.034424
1208669606,0.091064,0.176514,1.033203
1208674606,0.083496,0.17041,1.033936
1208679606,0.092285,0.168701,1.029297
1208684606,0.089355,0.17041,1.034912
1208689606,0.090576,0.172119,1.04126
1208694606,0.09082,0.171875,1.04248
1208699606,0.093262,0.165771,1.037354
1208704606,0.092773,0.170654,1.026123
1208709606,0.092529,0.165527,1.024902
1208714606,0.093262,0.169434,1.036133
1208719606,0.091553,0.171631,1.039795
1208724606,0.091553,0.172119,1.041748
1208729606,0.093262,0.173828,1.030029
1208734606,0.087158,0.171143,1.028564
1208739606,0.094482,0.172852,1.033447
1208744606,0.094727,0.173584,1.029785
1208749606,0.094238,0.172363,1.031738
1208754606,0.094482,0.169434,1.029297
1208759606,0.092041,0.171631,1.028076
1208764606,0.091797,0.171875,1.028076
1208769606,0.084961,0.167236,1.03125
1208774606,0.096436,0.170654,1.032227
1208779606,0.093506,0.169189,1.029785
1208784606,0.094971,0.171631,1.03833
1208789606,0.088135,0.164551,1.030029
1208794606,0.090088,0.170654,1.028809
1208799606,0.092529,0.171631,1.029541
1208804606,0.09375,0.171631,1.037354
1208809606,0.095215,0.172119,1.036621
1208814606,0.092529,0.17041,1.032227
1208819606,0.092285,0.171631,1.034912
1208824606,0.092529,0.174561,1.03418
1208829606,0.093506,0.169922,1.033936
1208834606,0.094482,0.171387,1.039307
1208839606,0.092529,0.173584,1.036377
1208844606,0.09668,0.173584,1.036133
1208849606,0.091064,0.172607,1.033936
1208854606,0.088867,0.171631,1.028564
1208859606,0.093506,0.17334,1.031494
1208864606,0.095703,0.167969,1.0354
1208869606,0.096924,0.17041,1.036865
1208874606,0.093506,0.170654,1.026611
1208879606,0.092285,0.171631,1.027832
1208884606,0.093506,0.171387,1.036377
1208889606,0.092285,0.170898,1.036377
1208894606,0.091797,0.170654,1.03418
1208899606,0.095703,0.171143,1.029297
1208904606,0.089844,0.171143,1.033203
1208909606,0.091553,0.171143,1.032715
1208914606,0.090088,0.174316,1.031738
1208919606,0.087158,0.17041,1.029785
1208924606,0.088623,0.170654,1.029541
1208929606,0.093018,0.172119,1.040283
1208934606,0.094971,0.174072,1.034912
1208939606,0.093994,0.170166,1.036865
1208944606,0.094971,0.170898,1.033936
1208949606,0.092529,0.171875,1.032715
1208954606,0.09375,0.171631,1.036377
1208959606,0.09375,0.172852,1.031982
1208964606,0.094238,0.175293,1.029785
1208969606,0.093018,0.172852,1.035645
1208974606,0.0896,0.170166,1.031982
1208979606,0.088623,0.174316,1.036133
1208984606,0.0896,0.166504,1.036133
1208989606,0.091309,0.172119,1.036377
1208994606,0.087646,0.169678,1.0271
1208999606,0.087646,0.169434,1.0271
1209004606,0.095215,0.171387,1.033203
1209009606,0.091553,0.168945,1.037842
1209014606,0.095459,0.171387,1.037354
1209019606,0.092773,0.173828,1.035645
1209024606,0.089355,0.169922,1.030273
1209029606,0.094238,0.172119,1.037354
1209034606,0.092773,0.171875,1.028809
1209039606,0.093262,0.168701,1.031494
1209044606,0.099121,0.169434,1.035889
1209049606,0.0896,0.171387,1.033447
1209054606,0.093018,0.174805,1.030762
1209059606,0.094971,0.16626,1.029785
1209064606,0.093018,0.171143,1.037598
1209069606,0.0896,0.170654,1.035889
1209074606,0.090332,0.171631,1.034912
1209079606,0.08667,0.169922,1.029053
1209084606,0.093262,0.171387,1.03418
1209089606,0.093262,0.173828,1.030762
1209094606,0.092041,0.169922,1.039307
1209099606,0.092285,0.172119,1.031738
1209104606,0.093262,0.172852,1.032715
1209109606,0.091797,0.171143,1.030273
1209114606,0.094482,0.168457,1.034424
1209119606,3.999878,1.320801,-4.0
1209124606,-1.794678,-1.644287,-2.986572
1209129606,0.183105,1.222168,3.999878
1209134606,0.710449,0.056641,3.999878
1209139606,-1.204834,1.049072,-2.605713
1209144606,-0.77832,1.662109,0.269531
1209149606,-0.735107,1.109375,-0.443359
1209154606,-1.133545,2.016846,1.271729
1209159606,-0.789307,1.953613,2.028076
1209164606,-0.621338,2.231201,0.905518
1209169606,-0.68457,0.532471,1.252441
1209174606,0.111572,0.168213,0.908691
1209179606,0.059326,1.414551,1.087402
1209184606,0.046631,0.130615,0.890869
1209189606,0.078613,0.052979,0.943359
1209194606,0.103271,0.187012,1.074951
1209199606,0.129395,0.131592,0.978027
1209204606,0.091797,0.114258,1.029541
1209209606,0.110107,0.153076,1.038818
1209214606,0.088135,0.169678,1.036621
1209219606,0.051514,0.202637,1.050293
1209224606,1.228271,2.232422,3.999878
1209229606,-1.405518,1.214111,-0.911865
1209234606,-0.462646,2.030029,-0.733398
1209239606,-1.22168,0.466553,1.065674
1209244606,-0.57666,-0.04834,0.559082
1209249606,0.043213,0.29834,1.052979
1209254606,0.161865,0.112793,0.989258
1209259606,0.091553,0.083496,0.980957
1209264606,-0.593994,1.183838,3.091309
1209269606,-0.182129,0.983398,-1.511719
1209274606,0.082031,1.269043,0.896729
1209279606,-0.728027,1.685547,1.35083
1209284606,-1.17334,0.453857,0.850342
1209289606,-0.8479,0.210937,1.215332
1209294606,-0.881104,2.184326,1.263184
1209299606,-0.530762,-0.033447,1.167725
1209304606,-0.543945,0.349121,1.109375
1209309606,0.218994,0.057617,0.975098
1209314606,0.080322,0.875,1.102051
1209319606,0.137939,0.191406,1.13623
1209324606,0.074219,0.194092,1.037354
1209329606,0.089844,0.172119,1.007568
1209334606,0.138184,0.161377,1.121582
1209339606,0.020752,0.498535,1.094238
1209344606,0.125977,0.093506,1.026855
1209349606,0.074219,0.289795,1.063232
1209354606,0.121094,0.018066,0.99707
1209359606,0.044922,0.197266,1.02124
1209364606,0.098633,0.139648,0.989014
1209369606,0.072266,0.178711,1.059814
1209374606,0.089355,0.199463,1.015381
1209379606,0.094238,0.163818,1.043945
1209384606,0.085937,0.173096,1.024414
1209389606,0.083984,0.179932,1.051758
1209394606,0.095459,0.156006,1.039551
1209399606,0.091797,0.157959,1.035889
1209404606,0.090088,0.167969,1.029785
1209409606,0.082764,0.178711,1.04126
1209414606,0.093262,0.169189,1.031494
1209419606,0.085693,0.16333,1.016846
1209424606,0.094971,0.162598,1.038818
1209429606,0.092285,0.169678,1.044922
1209434606,0.090332,0.16626,1.033447
1209439606,0.091553,0.160156,1.034424
1209444606,0.092529,0.165527,1.028564
1209449606,0.084961,0.166016,1.02832
1209454606,0.092529,0.168701,1.035889
1209459606,0.092285,0.172852,1.035645
1209464606,0.088623,0.167236,1.033936
1209469606,0.087158,0.171875,1.044434
1209474606,0.091064,0.168701,1.045654
1209479606,0.090088,0.165771,1.035889
1209484606,0.093994,0.163086,1.040039
1209489606,0.088867,0.17041,1.025635
1209494606,0.087402,0.167236,1.030273
1209499606,0.091064,0.169189,1.034424
1209504606,0.087646,0.171875,1.029297
1209509606,0.084473,0.165771,1.033691
1209514606,0.089111,0.165771,1.039795
1209519606,0.090088,0.165771,1.032471
1209524606,0.087158,0.162842,1.030029
1209529606,0.091064,0.164062,1.02417
1209534606,0.090088,0.160889,1.025635
1209539606,0.08667,0.166016,1.0271
1209544606,0.0896,0.167969,1.027832
1209549606,0.087646,0.165283,1.025635
1209554606,0.084717,0.164307,1.038818
1209559606,0.094971,0.169922,1.034912
1209564606,0.093262,0.167725,1.033203
1209569606,0.091064,0.169678,1.034424
1209574606,0.092285,0.166748,1.03418
1209579606,0.090088,0.167236,1.035889
1209584606,0.089111,0.169678,1.031006
1209589606,0.089355,0.169922,1.032471
1209594606,0.087158,0.169678,1.03125
1209599606,0.091309,0.167969,1.033936
1209604606,0.08667,0.167236,1.033936
1209609606,0.087158,0.171143,1.031006
1209614606,0.088135,0.166748,1.032959
1209619606,0.090576,0.166504,1.032471
1209624606,0.092041,0.170654,1.028564
1209629606,0.092773,0.167969,1.036377
1209634606,0.091309,0.169434,1.035889
1209639606,0.084961,0.168213,1.029297
1209644606,0.085937,0.169434,1.017578
1209649606,0.090576,0.166016,1.04126
1209654606,0.09082,0.170898,1.045166
1209659606,0.084961,0.166748,1.034668
1209664606,0.085937,0.167969,1.037598
1209669606,0.089355,0.165527,1.02832
1209674606,0.08374,0.16748,1.0271
1209679606,0.086914,0.167969,1.031006
1209684606,0.098145,0.167969,1.040527
1209689606,0.088623,0.169434,1.02417
1209694606,0.089844,0.167725,1.029785
1209699606,0.09668,0.16748,1.042969
1209704606,0.09082,0.168457,1.026611
1209709606,0.085205,0.173584,1.025146
1209714606,0.094482,0.167725,1.039307
1209719606,0.090576,0.171631,1.036621
1209724606,0.086182,0.170166,1.032471
1209729606,0.091797,0.172607,1.039795
1209734606,0.089844,0.170898,1.027588
1209739606,0.082275,0.168701,1.029541
1209744606,0.090576,0.171631,1.031494
1209749606,0.091064,0.175537,1.03418
1209754606,0.092041,0.17334,1.033936
1209759606,0.087891,0.173584,1.032959
1209764606,0.093018,0.171143,1.036133
1209769606,0.090332,0.172119,1.032959
1209774606,0.091064,0.16748,1.035889
1209779606,0.09082,0.16626,1.035645
1209784606,0.0896,0.16626,1.034668
1209789606,0.088135,0.164062,1.034424
1209794606,0.088623,0.170166,1.031982
1209799606,0.085693,0.169189,1.032471
1209804606,0.089111,0.169189,1.031738
1209809606,0.086914,0.169189,1.029053
1209814606,0.086914,0.169189,1.0271
1209819606,0.089844,0.166992,1.025635
1209824606,0.088623,0.16626,1.032227
1209829606,0.087891,0.169922,1.025635
1209834606,0.092773,0.163574,1.037598
1209839606,0.090576,0.162109,1.034424
1209844606,0.090332,0.170654,1.039795
1209849606,0.090576,0.168213,1.032959
1209854606,0.087891,0.171875,1.035645
1209859606,0.09082,0.168457,1.0354
1209864606,0.087158,0.171143,1.034912
1209869606,0.090576,0.165283,1.036865
1209874606,0.09375,0.166748,1.041016
1209879606,0.085205,0.167969,1.031982
1209884606,0.087158,0.169189,1.027832
1209889606,0.089844,0.168945,1.031738
1209894606,0.088623,0.169922,1.033936
1209899606,0.087891,0.170898,1.029785
1209904606,0.088867,0.163574,1.03125
1209909606,0.087646,0.168945,1.033691
1209914606,0.09082,0.168701,1.030518
1209919606,0.09375,0.16748,1.033203
1209924606,0.090576,0.17041,1.036377
1209929606,0.090576,0.171631,1.034668
1209934606,0.088867,0.170166,1.03418
1209939606,0.088135,0.169678,1.040527
1209944606,0.087646,0.170166,1.040527
1209949606,0.087891,0.173584,1.041504
1209954606,0.088867,0.165283,1.031494
1209959606,0.087402,0.171143,1.034668
1209964606,0.087402,0.169678,1.030273
1209969606,0.091309,0.169189,1.029297
1209974606,0.0896,0.16748,1.034912
1209979606,0.088379,0.172607,1.03418
1209984606,0.094482,0.166992,1.036133
1209989606,0.09082,0.168701,1.031738
1209994606,0.090332,0.168945,1.02832
1209999606,0.091064,0.168701,1.036865
1210004606,0.093994,0.12085,0.998291
1210009606,0.104248,0.182129,1.085449
1210014606,0.087891,0.175049,1.139648
1210019606,0.132812,0.118652,1.103271
1210024606,0.10376,0.19873,1.081543
1210029606,0.114258,0.056396,0.955322
1210034606,0.122803,0.092773,0.958008
1210039606,0.092529,0.201416,1.083496
1210044606,0.083496,0.154785,1.102539
1210049606,0.094971,0.133789,0.918457
1210054606,0.096191,0.17627,1.007813
1210059606,0.073486,0.169678,1.031006
1210064606,0.105713,0.183838,0.979492
1210069606,0.134766,0.195557,0.992187
1210074606,0.080322,0.172119,0.932861
1210079606,0.07373,0.159424,0.945068
1210084606,0.087646,0.198242,0.949463
1210089606,0.114746,0.175049,0.942627
1210094606,0.091309,0.14624,0.953369
1210099606,0.089111,0.212646,0.990234
1210104606,0.090088,0.200684,0.966309
1210109606,0.082764,0.162598,1.027344
1210114606,0.108398,0.091309,1.013184
1210119606,0.05127,0.219727,1.029785
1210124606,0.075928,0.144775,1.025391
1210129606,-0.218994,0.260498,1.187012
1210134606,0.096924,0.036377,0.598389
1210139606,-0.034424,0.131348,1.173584
1210144606,0.235596,0.09375,0.894531
1210149606,0.016846,0.12207,1.112305
1210154606,0.052002,0.298828,1.069336
1210159606,0.066406,0.171143,1.015381
1210164606,0.047852,0.142334,1.04248
1210169606,0.086426,0.12085,1.013672
1210174606,0.043701,0.19873,1.037354
1210179606,0.068115,0.171875,1.034912
1210184606,0.077881,0.185547,1.041504
1210189606,0.073975,0.145752,1.031494
1210194606,0.070801,0.136719,1.030029
1210199606,0.071045,0.147461,1.032959
1210204606,0.080566,0.155518,1.021729
1210209606,0.068848,0.159912,1.031006
1210214606,0.070312,0.183105,1.040039
1210219606,0.073486,0.179443,1.052002
1210224606,0.071045,0.17627,1.037109
1210229606,0.083252,0.154541,1.025391
1210234606,0.07666,0.147705,1.023926
1210239606,0.077637,0.159912,1.026855
1210244606,0.074463,0.157959,1.043945
1210249606,0.074707,0.177246,1.03418
1210254606,0.052734,0.162109,1.022217
1210259606,0.070801,0.193848,1.019043
1210264606,0.069092,0.181396,1.032715
1210269606,0.082031,0.178467,1.029297
1210274606,0.080078,0.18042,1.047363
1210279606,0.056641,0.151855,0.984863
1210284606,0.053955,0.149658,0.989014
1210289606,0.088135,0.157715,1.050781
1210294606,0.067383,0.159424,1.01123
1210299606,0.095703,0.204102,1.13623
1210304606,0.224121,0.05542,0.430908
1210309606,0.05957,0.255127,1.049072
1210314606,0.085449,0.148926,1.076416
1210319606,0.11377,0.417725,1.060059
1210324606,0.078369,0.141357,1.043701
1210329606,0.080566,0.156738,1.03418
1210334606,0.070557,0.1604,1.034912
1210339606,0.068359,0.164795,1.036865
1210344606,0.067627,0.172607,1.032227
1210349606,0.067627,0.164062,1.035889
1210354606,0.078613,0.159912,1.041504
1210359606,0.068604,0.170654,1.040771
1210364606,0.077148,0.166504,1.047119
1210369606,0.07959,0.161377,1.034668
1210374606,0.078125,0.165771,1.027588
1210379606,0.076904,0.161377,1.036865
1210384606,0.077393,0.171387,1.03418
1210389606,0.069336,0.163818,1.032227
1210394606,0.074219,0.16748,1.032715
1210399606,0.075439,0.168701,1.035645
1210404606,0.069824,0.160889,1.037842
1210409606,0.079834,0.165039,1.040039
1210414606,0.065186,0.162598,1.030273
1210419606,0.068604,0.160156,1.031738
1210424606,0.072998,0.167725,1.023193
1210429606,0.06958,0.158691,1.035645
1210434606,0.062012,0.170166,1.020264
1210439606,0.088867,0.170166,1.046875
1210444606,0.057861,0.15625,1.026611
1210449606,0.07666,0.172852,1.032715
1210454606,0.075684,0.16626,1.044189
1210459606,0.075684,0.161133,1.028809
1210464606,0.075928,0.17334,1.029541
1210469606,0.077393,0.161377,1.023438
1210474606,0.07373,0.163086,1.037354
1210479606,0.077393,0.170166,1.032471
1210484606,0.074951,0.164551,1.033936
1210489606,0.073486,0.165039,1.039551
1210494606,0.073975,0.169189,1.037842
1210499606,0.072998,0.159912,1.036621
1210504606,0.074707,0.1604,1.035889
1210509606,0.070312,0.169678,1.038086
1210514606,0.071533,0.163818,1.03125
1210519606,0.073242,0.161621,1.04248
1210524606,0.077148,0.16748,1.034912
1210529606,0.073242,0.162598,1.037842
1210534606,0.076172,0.165039,1.032715
1210539606,0.076416,0.164551,1.025635
1210544606,0.077881,0.162354,1.034424
1210549606,0.07373,0.160156,1.043213
1210554606,0.075195,0.168457,1.035645
1210559606,0.07666,0.161377,1.03833
1210564606,0.071777,0.161133,1.019043
1210569606,0.065918,0.164062,1.035645
1210574606,0.079102,0.17627,1.037598
1210579606,0.069824,0.162354,1.041016
1210584606,0.087646,0.201172,1.089111
1210589606,0.108154,0.118652,1.093018
1210594606,0.081055,0.161377,1.057617
1210599606,0.072998,0.163086,1.019043
1210604606,0.069824,0.17041,1.04126
1210609606,0.074463,0.162842,1.0354
1210614606,0.077637,0.171631,1.0354
1210619606,0.074951,0.160645,1.02832
1210624606,0.073242,0.165039,1.032715
1210629606,0.072021,0.159912,1.037354
1210634606,0.076172,0.169434,1.035156
1210639606,0.071533,0.165283,1.038086
1210644606,0.07373,0.167236,1.032471
1210649606,0.080322,0.163086,1.0354
1210654606,0.070557,0.166504,1.04126
1210659606,0.068115,0.169434,1.031982
1210664606,0.071045,0.170654,1.042236
1210669606,0.06958,0.16748,1.034424
1210674606,0.07373,0.164062,1.029785
1210679606,0.074219,0.166992,1.033691
1210684606,0.083252,0.171387,1.037842
1210689606,0.077881,0.153564,1.033691
1210694606,0.077881,0.159424,1.025391
1210699606,0.069824,0.170898,1.03833
1210704606,0.074219,0.173584,1.037842
1210709606,0.072021,0.16333,1.043213
1210714606,0.073975,0.164307,1.037354
1210719606,0.071533,0.162109,1.039063
1210724606,0.074707,0.161133,1.039795
1210729606,0.070801,0.165283,1.037598
1210734606,0.078125,0.164551,1.038086
1210739606,0.075684,0.160156,1.030518
1210744606,0.070312,0.163086,1.033691
1210749606,0.066406,0.167236,1.038818
1210754606,0.072998,0.168701,1.033203
1210759606,0.071533,0.164551,1.041748
1210764606,0.079346,0.166016,1.039551
1210769606,0.070557,0.163086,1.036377
1210774606,0.075439,0.164062,1.032715
1210779606,0.077637,0.166992,1.035645
1210784606,0.076172,0.165039,1.041016
1210789606,0.077637,0.167725,1.039063
1210794606,0.070312,0.161865,1.031738
1210799606,0.073975,0.166016,1.036621
1210804606,0.073975,0.166504,1.039795
1210809606,0.074707,0.170654,1.038086
1210814606,0.075684,0.165527,1.036133
1210819606,0.074951,0.16333,1.037598
1210824606,0.072998,0.169922,1.033936
1210829606,0.071777,0.165283,1.033203
1210834606,0.080566,0.16748,1.03833
1210839606,0.069092,0.16626,1.042236
1210844606,0.068604,0.165771,1.036865
1210849606,0.077881,0.165771,1.041748
1210854606,0.073975,0.160156,1.038818
1210859606,0.085937,0.16626,1.039063
1210864606,0.071045,0.165283,1.031006
1210869606,0.076172,0.162354,1.035889
1210874606,0.077637,0.159424,1.036621
1210879606,0.067383,0.165283,1.044922
1210884606,0.080566,0.154541,1.03833
1210889606,0.068115,0.166504,1.039307
1210894606,0.077393,0.167236,1.025146
1210899606,0.074951,0.174316,1.040039
1210904606,0.072266,0.171143,1.024902
1210909606,0.064697,0.169678,1.03418
1210914606,0.070801,0.168701,1.036377
1210919606,0.06543,0.165771,1.040039
1210924606,0.074463,0.164795,1.039551
1210929606,0.083008,0.158447,1.029541
1210934606,0.084473,0.155762,1.031738
1210939606,0.08374,0.153076,1.042725
1210944606,0.092529,0.155762,1.032471
1210949606,0.084961,0.153564,1.027832
1210954606,0.087158,0.168701,1.035889
1210959606,0.075439,0.166504,1.036133
1210964606,0.07373,0.17749,1.038818
1210969606,0.066895,0.17627,1.034668
1210974606,0.059814,0.177734,1.030518
1210979606,0.061279,0.183105,1.041504
1210984606,0.052734,0.179687,1.039063
1210989606,0.062744,0.175293,1.042969
1210994606,0.06543,0.162842,1.037598
1210999606,0.069336,0.1521,1.032715
1211004606,0.085449,0.161621,1.042969
1211009606,0.08374,0.15918,1.038086
1211014606,0.077393,0.146973,1.029053
1211019606,0.086426,0.159912,1.036133
1211024606,0.088379,0.149658,1.035156
1211029606,0.083008,0.148437,1.034668
1211034606,0.081055,0.174561,1.041504
1211039606,0.067627,0.165283,1.031982
1211044606,0.071045,0.182617,1.031982
1211049606,0.06665,0.17627,1.033203
1211054606,0.059082,0.179199,1.036133
1211059606,0.066406,0.175049,1.043457
1211064606,0.063965,0.171631,1.043213
1211069606,0.065918,0.160645,1.027344
1211074606,0.067871,0.162354,1.040527
1211079606,0.073486,0.146484,1.033447
1211084606,0.080566,0.147949,1.033936
1211089606,0.090576,0.151123,1.041504
1211094606,0.08252,0.153564,1.038086
1211099606,0.079102,0.170166,1.037109
1211104606,0.079102,0.168701,1.037109
1211109606,0.072021,0.168213,1.028564
1211114606,0.073486,0.176758,1.045166
1211119606,0.064697,0.178467,1.029541
1211124606,0.062744,0.179932,1.044189
1211129606,0.068115,0.178223,1.040527
1211134606,0.06665,0.164795,1.033447
1211139606,0.06665,0.17041,1.035645
1211144606,0.072754,0.155029,1.034912
1211149606,0.074463,0.154541,1.031494
1211154606,0.078125,0.153564,1.039795
1211159606,0.082764,0.151855,1.036377
1211164606,0.084229,0.15332,1.036377
1211169606,0.080566,0.155518,1.03833
1211174606,0.077148,0.159424,1.037109
1211179606,0.074951,0.170898,1.036865
1211184606,0.07251,0.170654,1.03833
1211189606,0.072754,0.177002,1.03833
1211194606,0.064941,0.177734,1.0354
1211199606,0.067627,0.174072,1.039795
1211204606,0.069092,0.169434,1.03833
1211209606,0.07373,0.160889,1.041748
1211214606,0.076172,0.156494,1.036377
1211219606,0.076904,0.151855,1.039307
1211224606,0.082275,0.150635,1.033203
1211229606,0.07959,0.154297,1.036865
1211234606,0.078369,0.15918,1.03418
1211239606,0.074219,0.161865,1.0354
1211244606,0.07373,0.168945,1.035889
1211249606,0.071045,0.172852,1.042236
1211254606,0.067383,0.175781,1.037109
1211259606,0.061768,0.177979,1.03418
1211264606,0.065918,0.173584,1.032471
1211269606,0.066162,0.17041,1.032227
1211274606,0.07373,0.166748,1.032959
1211279606,0.072998,0.158447,1.034912
1211284606,0.075928,0.156006,1.033936
1211289606,0.078125,0.14917,1.033936
1211294606,0.081299,0.150635,1.028809
1211299606,0.075195,0.149902,1.034424
1211304606,0.08252,0.151855,1.029053
1211309606,0.07666,0.153809,1.033936
1211314606,0.076904,0.1604,1.036377
1211319606,0.075928,0.172852,1.039551
1211324606,0.073242,0.172852,1.044189
1211329606,0.069824,0.173584,1.039307
1211334606,0.070312,0.175293,1.034668
1211339606,0.072266,0.172363,1.041016
1211344606,0.071289,0.16626,1.033447
1211349606,0.071533,0.165283,1.036133
1211354606,0.07373,0.159424,1.037842
1211359606,0.073975,0.156494,1.029785
1211364606,0.076904,0.155273,1.040039
1211369606,0.077393,0.158447,1.03418
1211374606,0.073975,0.159668,1.03833
1211379606,0.07373,0.161865,1.034424
1211384606,0.076904,0.165039,1.02832
1211389606,0.074951,0.168945,1.038086
1211394606,0.070312,0.16748,1.03833
1211399606,0.067627,0.172607,1.041992
1211404606,0.071289,0.168213,1.031738
1211409606,0.063965,0.17041,1.030029
1211414606,0.067139,0.17041,1.0354
1211419606,0.073486,0.166016,1.034424
1211424606,0.073486,0.163086,1.033203
1211429606,0.078369,0.160156,1.029053
1211434606,0.078857,0.161133,1.034668
1211439606,0.074951,0.161133,1.03833
1211444606,0.083252,0.163086,1.035889
1211449606,0.081055,0.161865,1.028809
1211454606,0.074463,0.163818,1.037598
1211459606,0.071289,0.166016,1.035889
1211464606,0.071045,0.167236,1.041504
1211469606,0.068604,0.168457,1.044922
1211474606,0.067139,0.169434,1.038574
1211479606,0.066895,0.165771,1.041504
1211484606,0.066406,0.166504,1.044189
1211489606,0.069336,0.167969,1.038818
1211494606,0.07666,0.165771,1.038574
1211499606,0.075439,0.161865,1.0354
1211504606,0.080078,0.162354,1.038086
1211509606,0.080811,0.166504,1.034912
1211514606,0.080322,0.164551,1.035645
1211519606,0.080811,0.164551,1.038818
1211524606,0.079834,0.161133,1.032227
1211529606,0.075928,0.165283,1.0354
1211534606,0.072998,0.16333,1.04248
1211539606,0.073975,0.162354,1.041992
1211544606,0.073486,0.169189,1.031982
1211549606,0.070801,0.170654,1.03418
1211554606,0.070312,0.166992,1.039307
1211559606,0.068604,0.164795,1.030518
1211564606,0.071777,0.163574,1.031006
1211569606,0.076904,0.162109,1.039551
1211574606,0.070557,0.161621,1.035889
1211579606,0.075195,0.158203,1.031494
1211584606,0.077637,0.159668,1.039307
1211589606,0.072754,0.160645,1.028809
1211594606,0.07373,0.164062,1.038818
1211599606,0.073486,0.165527,1.034668
1211604606,0.073975,0.165283,1.037842
1211609606,0.07251,0.16748,1.040527
1211614606,0.071045,0.170654,1.043701
1211619606,0.074951,0.165039,1.038086
1211624606,0.074219,0.163818,1.032227
1211629606,0.076904,0.161865,1.034424
1211634606,0.075439,0.162354,1.034912
1211639606,0.076172,0.1604,1.033691
1211644606,0.076172,0.160645,1.029297
1211649606,0.07373,0.163574,1.039551
1211654606,0.074707,0.162354,1.038086
1211659606,0.072754,0.167236,1.032471
1211664606,0.069824,0.164795,1.034424
1211669606,0.074951,0.16748,1.033691
1211674606,0.075195,0.166504,1.035156
1211679606,0.072754,0.167969,1.036865
1211684606,0.074951,0.166504,1.039063
1211689606,0.076416,0.170654,1.040283
1211694606,0.07373,0.167725,1.033936
1211699606,0.073242,0.167236,1.030273
1211704606,0.075195,0.162354,1.034424
1211709606,0.071533,0.163086,1.034668
1211714606,0.072998,0.158691,1.035645
1211719606,0.070068,0.162354,1.029053
1211724606,0.076904,0.159668,1.033203
1211729606,0.073486,0.164307,1.029053
1211734606,0.07251,0.164307,1.030762
1211739606,0.070801,0.161865,1.036621
1211744606,0.072998,0.165039,1.037842
1211749606,0.07251,0.166016,1.033447
1211754606,0.077393,0.16748,1.030029
1211759606,0.070801,0.164307,1.037354
1211764606,0.071045,0.161377,1.040283
1211769606,0.070557,0.165771,1.033936
1211774606,0.06958,0.15918,1.033447
1211779606,0.070801,0.162598,1.0354
1211784606,0.072998,0.164551,1.034424
1211789606,0.075684,0.160645,1.037109
1211794606,0.073975,0.158936,1.03125
1211799606,0.077881,0.165527,1.0354
1211804606,0.074707,0.165527,1.041016
1211809606,0.07251,0.166992,1.037354
1211814606,0.071777,0.164551,1.034668
1211819606,0.07251,0.16626,1.040283
1211824606,0.071533,0.170898,1.036377
1211829606,0.068848,0.165771,1.04126
1211834606,0.070801,0.16748,1.031006
1211839606,0.072754,0.166504,1.032471
1211844606,0.075928,0.160645,1.040039
1211849606,0.072266,0.164307,1.039551
1211854606,0.076416,0.160645,1.0354
1211859606,0.07666,0.162109,1.037598
1211864606,0.076416,0.165283,1.036621
1211869606,0.077148,0.164551,1.040039
1211874606,0.076172,0.165527,1.039063
1211879606,0.075195,0.165527,1.035156
1211884606,0.069336,0.166504,1.036133
1211889606,1.333496,3.999878,0.763184
1211894606,-1.363037,0.540771,-4.0
1211899606,0.807617,0.661621,-4.0
1211904606,-2.09375,0.933838,3.999878
1211909606,-0.296631,1.393555,-0.472656
1211914606,-1.341553,0.764404,-1.225586
1211919606,-1.102783,1.830566,-3.284424
1211924606,-0.709229,1.064453,-4.0
1211929606,-0.715576,0.400879,-0.97876
1211934606,-2.098877,0.520996,0.5979
1211939606,-0.972656,0.568604,1.156494
1211944606,-0.245117,0.935791,-1.678711
1211949606,-0.897217,0.363525,0.964355
1211954606,0.046387,1.414063,1.068848
1211959606,0.058838,1.438721,1.022217
1211964606,-0.043213,0.04248,0.934326
1211969606,0.068604,0.223145,1.002197
1211974606,0.086914,0.086182,1.112793
1211979606,0.072998,1.358398,1.105225
1211984606,0.04248,0.211914,1.004883
1211989606,0.05249,0.126465,1.02124
1211994606,0.067139,0.131104,0.992432
1211999606,0.068848,0.159912,0.980957
1212004606,0.068848,0.130859,1.069824
1212009606,0.064209,0.118408,1.055176
1212014606,0.036865,0.162109,0.900879
1212019606,0.076172,0.182373,1.036621
1212024606,0.099121,0.129883,1.005859
1212029606,-4.0,1.744873,3.999878
1212034606,0.774658,-0.494141,-2.499268
1212039606,-0.267822,1.560059,-1.487793
1212044606,-0.596924,1.282227,-1.630127
1212049606,0.071289,0.873047,1.158936
1212054606,-1.01416,0.772949,0.902588
1212059606,-0.413086,0.220947,0.982178
1212064606,0.088135,0.237305,1.10498
1212069606,0.144043,0.051514,1.042969
1212074606,0.071777,0.097412,0.970947
1212079606,0.095459,0.171875,1.029053
1212084606,-0.001709,0.205078,0.991455
1212089606,0.065186,0.144775,1.054688
1212094606,0.066895,0.177734,1.068848
1212099606,0.085205,0.148682,1.012207
1212104606,0.0625,0.143799,1.053467
1212109606,0.077148,0.181641,1.052734
1212114606,-0.674805,0.377197,-1.227539
1212119606,-0.90918,0.129395,1.019043
1212124606,-1.421875,0.992187,-1.330322
1212129606,-0.916016,1.415283,1.503418
1212134606,0.001221,0.906738,1.033691
1212139606,-0.10376,0.114014,-1.39624
1212144606,-1.029785,0.765137,-3.977539
1212149606,-0.176514,0.365479,1.605225
1212154606,-0.199951,0.003906,0.896729
1212159606,-0.865479,0.224854,0.836914
1212164606,0.004395,0.122559,1.034424
1212169606,0.157227,0.079102,1.065186
1212174606,0.106445,0.126465,1.052002
1212179606,0.063232,0.191895,1.114746
1212184606,0.063232,0.179932,1.009277
1212189606,0.038574,0.167236,1.009766
1212194606,0.089111,0.165283,1.012207
1212199606,0.072754,0.153564,1.05127
1212204606,0.060303,0.172363,1.040283
1212209606,0.050049,0.155518,1.054443
1212214606,-0.850098,2.408203,-1.299072
1212219606,-0.661865,0.808105,1.490479
1212224606,-2.185303,0.298096,-0.353027
1212229606,-0.806152,0.066895,1.030273
1212234606,-0.89502,0.928467,1.355713
1212239606,0.023437,1.015381,1.338379
1212244606,-0.969238,0.25415,0.584717
1212249606,0.075439,0.161865,1.048096
1212254606,-0.053711,0.140869,1.030029
1212259606,-0.019531,0.550049,0.92334
1212264606,0.111084,0.123535,0.984619
1212269606,0.08374,0.154541,1.02832
1212274606,0.08374,0.141113,0.950684
1212279606,-0.008789,0.179199,1.078125
1212284606,0.071045,0.15625,1.059082
1212289606,0.060547,0.156982,1.006104
1212294606,0.078369,0.156494,1.045898
1212299606,0.072021,0.161865,1.027588
1212304606,0.080811,0.142822,1.032227
1212309606,0.069336,0.153564,1.054443
1212314606,0.07251,0.164307,1.044678
1212319606,0.063232,0.164551,1.023193
1212324606,0.066895,0.171631,1.044189
1212329606,0.07251,0.164307,1.031494
1212334606,0.062012,0.156738,1.03125
1212339606,0.067627,0.153076,1.038086
1212344606,0.071533,0.149414,1.031982
1212349606,0.069824,0.155518,1.041504
1212354606,0.075195,0.165771,1.058105
1212359606,0.051514,0.162109,1.037109
1212364606,0.062988,0.165039,1.039307
1212369606,0.069824,0.163086,1.041504
1212374606,0.06958,0.156494,1.026367
1212379606,0.070312,0.158447,1.041748
1212384606,0.075439,0.157959,1.026123
1212389606,0.06958,0.155029,1.019287
1212394606,0.074219,0.156494,1.03418
1212399606,0.069336,0.162598,1.045654
1212404606,0.069824,0.156982,1.047119
1212409606,0.071045,0.168213,1.050781
1212414606,0.06543,0.162598,1.033447
1212419606,0.063232,0.153809,1.031982
1212424606,0.069824,0.161377,1.033691
1212429606,0.068115,0.150879,1.026367
1212434606,0.069336,0.151611,1.032959
1212439606,0.069824,0.158447,1.038818
1212444606,0.06665,0.160889,1.034912
1212449606,0.072754,0.158203,1.044189
1212454606,0.072266,0.161621,1.043945
1212459606,0.065674,0.158203,1.037842
1212464606,0.074951,0.162109,1.053955
1212469606,0.071045,0.160889,1.031494
1212474606,0.065186,0.153564,1.023926
1212479606,0.067871,0.156982,1.041992
1212484606,0.069336,0.160889,1.0354
1212489606,0.064941,0.160156,1.031006
1212494606,0.067627,0.159912,1.039063
1212499606,0.064453,0.157471,1.033447
1212504606,0.06665,0.155518,1.043213
1212509606,0.070801,0.152588,1.04126
1212514606,0.068604,0.155029,1.03125
1212519606,0.068848,0.15918,1.042725
1212524606,0.069824,0.161621,1.042969
1212529606,0.064941,0.163086,1.026855
1212534606,0.069824,0.165283,1.035156
1212539606,0.070557,0.157227,1.035889
1212544606,0.070068,0.158936,1.037354
1212549606,0.070801,0.157227,1.04248
1212554606,0.073975,0.158447,1.043457
1212559606,0.067139,0.159912,1.041504
1212564606,0.067871,0.157227,1.047607
1212569606,0.07251,0.155518,1.044434
1212574606,0.060547,0.160156,1.039307
1212579606,0.064209,0.160645,1.036377
1212584606,0.066162,0.158936,1.028076
1212589606,0.062744,0.156982,1.037842
1212594606,0.068604,0.159424,1.040527
1212599606,0.065674,0.155029,1.037598
1212604606,0.067383,0.150879,1.040039
1212609606,0.073242,0.156006,1.03833
1212614606,0.070801,0.157959,1.040283
1212619606,0.070557,0.158691,1.041504
1212624606,0.069824,0.158936,1.037842
1212629606,0.066406,0.161865,1.033936
1212634606,0.069824,0.157227,1.03833
1212639606,0.06958,0.15332,1.040039
1212644606,0.068604,0.157471,1.032715
1212649606,0.070068,0.156006,1.042236
1212654606,0.068115,0.159912,1.039551
1212659606,0.070312,0.158203,1.04126
1212664606,0.07251,0.158936,1.040527
1212669606,0.068115,0.155518,1.03833
1212674606,0.071777,0.157715,1.036133
1212679606,0.070312,0.158447,1.035889
1212684606,0.066406,0.1604,1.03418
1212689606,0.071777,0.159424,1.031738
1212694606,0.067139,0.160156,1.039063
1212699606,0.070312,0.162598,1.034424
1212704606,0.074707,0.150391,1.04541
1212709606,0.074219,0.13916,1.053955
1212714606,0.067871,0.163086,1.041992
1212719606,0.059082,0.192627,0.999756
1212724606,0.059814,0.142334,1.020508
1212729606,0.058594,0.164551,1.073975
1212734606,0.056152,0.180664,1.040771
1212739606,0.074219,0.148193,0.999756
1212744606,0.035645,0.161377,1.050781
1212749606,0.089111,0.165283,1.062744
1212754606,0.071045,0.147705,1.025391
1212759606,0.073975,0.163086,1.032959
1212764606,0.05957,0.170898,1.053223
1212769606,0.06665,0.147949,1.025635
1212774606,0.0625,0.169434,1.039795
1212779606,0.085449,0.150391,1.04126
1212784606,0.053467,0.1604,1.050537
1212789606,0.079834,0.168945,1.052246
1212794606,0.04126,0.160889,1.02417
1212799606,0.080322,0.150146,1.040527
1212804606,0.061768,0.164307,1.05957
1212809606,0.071777,0.158203,1.042969
1212814606,0.070557,0.157959,1.03418
1212819606,0.072998,0.15918,1.036133
1212824606,0.065186,0.160645,1.041992
1212829606,0.067871,0.157471,1.040039
1212834606,0.07373,0.154297,1.037842
1212839606,0.064453,0.159912,1.040771
1212844606,0.067383,0.162842,1.035889
1212849606,0.06543,0.160156,1.032715
1212854606,0.05957,0.155762,1.028809
1212859606,0.071777,0.163086,1.053711
1212864606,0.068115,0.160645,1.032715
1212869606,0.071777,0.156738,1.04126
1212874606,0.064453,0.158447,1.041016
1212879606,0.068359,0.155273,1.040039
1212884606,0.064209,0.1604,1.037842
1212889606,0.074707,0.156982,1.029297
1212894606,0.069336,0.154541,1.032227
1212899606,0.064697,0.158447,1.033203
1212904606,0.071045,0.1604,1.034424
1212909606,0.07373,0.161865,1.022949
1212914606,0.067383,0.157959,1.040039
1212919606,0.066162,0.158936,1.040771
1212924606,0.067627,0.159668,1.04126
1212929606,0.06665,0.15625,1.028076
1212934606,0.06958,0.158447,1.03418
1212939606,0.06665,0.1604,1.032471
1212944606,0.064697,0.164551,1.046631
1212949606,0.066162,0.166504,1.038818
1212954606,0.076172,0.156006,1.036621
1212959606,0.071045,0.163818,1.040771
1212964606,0.062012,0.161865,1.046875
1212969606,0.068115,0.180908,1.03418
1212974606,0.071045,0.141846,1.031494
1212979606,0.059814,0.150879,1.040771
1212984606,0.066895,0.160889,1.032715
1212989606,0.070801,0.154785,1.032471
1212994606,0.07373,0.15625,1.054688
1212999606,0.063721,0.164062,1.046875
1213004606,0.070557,0.160889,1.034424
1213009606,0.065186,0.164795,1.039551
1213014606,0.06665,0.162598,1.031494
1213019606,0.05957,0.162109,1.04126
1213024606,0.073486,0.15625,1.033691
1213029606,0.061523,0.1604,1.039795
1213034606,0.067383,0.162109,1.040283
1213039606,0.073242,0.159912,1.049561
1213044606,0.074219,0.155518,1.042725
1213049606,0.072021,0.153809,1.044678
1213054606,0.073975,0.159912,1.042236
1213059606,0.066895,0.159668,1.032959
1213064606,0.067871,0.15918,1.037598
1213069606,0.064697,0.154785,1.040527
1213074606,0.067627,0.161621,1.040283
1213079606,0.072266,0.159668,1.027588
1213084606,0.064453,0.165039,1.036865
1213089606,0.072998,0.154541,1.049805
1213094606,0.068604,0.157959,1.031006
1213099606,0.070068,0.155273,1.046143
1213104606,0.064209,0.162354,1.036377
1213109606,0.058838,0.161133,1.01416
1213114606,0.071045,0.160156,1.031738
1213119606,0.068359,0.159668,1.046143
1213124606,0.06543,0.1604,1.02832
1213129606,0.075928,0.158691,1.041748
1213134606,0.061035,0.150391,1.032715
1213139606,0.060791,0.158447,1.032227
1213144606,0.072754,0.16333,1.037598
1213149606,0.072021,0.162598,1.044434
1213154606,0.064941,0.156494,1.044678
1213159606,0.068848,0.163574,1.0625
1213164606,0.06958,0.159668,1.023682
1213169606,0.060303,0.166748,1.029297
1213174606,0.063965,0.161133,1.0354
1213179606,0.075684,0.150879,1.02124
1213184606,0.076904,0.14502,1.000732
1213189606,0.061035,0.16626,0.97583
1213194606,0.064941,0.150635,0.964111
1213199606,0.014893,0.166992,0.977295
1213204606,0.054443,0.156738,1.008057
1213209606,0.05957,0.144531,1.051758
1213214606,0.095703,0.157227,1.095215
1213219606,0.064941,0.152832,1.044922
1213224606,0.056641,0.156006,1.035156
1213229606,0.049072,0.16748,1.01709
1213234606,0.067139,0.164551,1.033691
1213239606,0.068848,0.15918,1.038086
1213244606,-0.234619,0.518555,-0.499756
1213249606,0.10498,0.111328,1.233643
1213254606,0.171875,0.153076,1.243164
1213259606,0.092529,0.169434,0.993408
1213264606,0.031494,0.144287,1.050537
1213269606,0.069824,0.168945,1.011963
1213274606,0.052246,0.162354,1.029785
1213279606,0.07251,0.164307,1.029297
1213284606,0.057373,0.165039,1.02124
1213289606,0.067871,0.152344,1.014404
1213294606,0.060059,0.155273,1.023926
1213299606,0.080566,0.150635,1.050537
1213304606,0.068604,0.163818,1.037109
1213309606,0.073242,0.150879,1.038818
1213314606,0.068848,0.16333,1.046631
1213319606,0.075928,0.161377,1.040039
1213324606,0.069336,0.161377,1.036865
1213329606,0.069824,0.159668,1.028809
1213334606,0.068604,0.155518,1.036133
1213339606,0.071777,0.156738,1.036377
1213344606,0.073486,0.159912,1.040527
1213349606,0.065918,0.152344,1.047852
1213354606,0.073242,0.158203,1.035156
1213359606,0.064209,0.153809,1.041016
1213364606,0.068115,0.157471,1.036621
1213369606,0.06665,0.159912,1.036133
1213374606,0.068848,0.158691,1.032227
1213379606,0.068115,0.159668,1.034424
1213384606,0.06958,0.156982,1.037354
1213389606,0.067871,0.156494,1.038574
1213394606,0.072266,0.159668,1.044922
1213399606,0.067627,0.15625,1.04248
1213404606,0.069824,0.15332,1.038086
1213409606,0.071045,0.155029,1.041748
1213414606,0.070801,0.158203,1.040283
1213419606,0.068115,0.156006,1.031738
1213424606,0.070312,0.158691,1.030518
1213429606,0.069336,0.156006,1.033691
1213434606,0.071045,0.157471,1.037354
1213439606,0.069336,0.156982,1.04541
1213444606,0.07373,0.1604,1.036621
1213449606,0.068604,0.157471,1.036621
1213454606,0.065918,0.164062,1.039307
1213459606,0.06665,0.158447,1.03833
1213464606,0.065918,0.164307,1.032715
1213469606,0.068115,0.156982,1.036621
1213474606,0.068848,0.15918,1.040771
1213479606,0.068604,0.160889,1.044434
1213484606,0.070557,0.158203,1.041748
1213489606,0.070557,0.154053,1.049316
1213494606,0.067139,0.157959,1.038086
1213499606,0.065186,0.157959,1.031982
1213504606,0.067627,0.159668,1.030518
1213509606,0.06665,0.155273,1.033447
1213514606,0.069092,0.15918,1.030762
1213519606,0.070801,0.158936,1.040527
1213524606,0.072266,0.156006,1.042236
1213529606,0.069824,0.159912,1.043457
1213534606,0.067871,0.158447,1.03833
1213539606,0.067139,0.158447,1.03833
1213544606,0.070312,0.157471,1.036621
1213549606,0.068848,0.1604,1.034668
1213554606,0.069092,0.158691,1.038574
1213559606,0.103516,0.12085,1.041016
1213564606,0.053711,0.187012,1.077881
1213569606,0.074951,0.15625,1.014404
1213574606,0.063477,0.189453,1.111816
1213579606,0.087158,0.102051,1.005371
1213584606,0.06543,0.19458,1.080566
1213589606,0.071045,0.155518,1.025635
1213594606,0.060303,0.171143,1.040527
1213599606,0.078613,0.161377,1.026855
1213604606,0.071777,0.161133,1.044922
1213609606,0.07251,0.152344,1.041748
1213614606,0.076172,0.149902,1.045654
1213619606,0.059082,0.155762,1.026367
1213624606,0.075684,0.171387,1.037842
1213629606,0.064941,0.15332,1.044678
1213634606,0.069336,0.157715,1.037598
1213639606,0.072754,0.146484,1.039795
1213644606,0.063232,0.160156,1.037842
1213649606,0.067383,0.15918,1.037354
1213654606,0.072266,0.159668,1.033203
1213659606,0.072754,0.158936,1.04248
1213664606,0.071289,0.1521,1.048828
1213669606,0.06958,0.157959,1.041016
1213674606,0.074463,0.152588,1.027588
1213679606,0.072021,0.155762,1.039551
1213684606,0.067139,0.162598,1.041992
1213689606,0.065674,0.15918,1.036621
1213694606,0.070557,0.157959,1.031006
1213699606,0.079834,0.155518,1.058105
1213704606,0.074463,0.164551,1.039551
1213709606,0.063232,0.160156,1.035645
1213714606,0.071289,0.160645,1.037842
1213719606,0.065918,0.159424,1.045898
1213724606,0.065918,0.156738,1.040527
1213729606,0.067139,0.160889,1.035889
1213734606,0.065186,0.15918,1.04126
1213739606,0.06958,0.154297,1.03418
1213744606,0.064453,0.158447,1.041016
1213749606,0.067383,0.160645,1.038574
1213754606,0.066162,0.15625,1.031982
1213759606,0.064697,0.161865,1.038086
1213764606,0.067627,0.154297,1.032959
1213769606,0.072998,0.161865,1.043213
1213774606,0.070801,0.159912,1.044189
1213779606,0.073975,0.161133,1.041016
1213784606,0.065186,0.162109,1.038574
1213789606,0.067871,0.156982,1.043457
