timestamp_us,x_g,y_g,z_g
189462321,0.100342,0.17749,1.032227
189467321,0.098145,0.178467,1.038574
189472321,0.098877,0.181885,1.034668
189477321,0.098145,0.175781,1.031982
189482321,0.091064,0.17334,1.031738
189487321,0.091064,0.175781,1.031738
189492321,0.092529,0.167969,1.032715
189497321,0.090332,0.17627,1.027344
189502321,0.091553,0.172852,1.030762
189507321,0.088867,0.175049,1.024414
189512321,0.090332,0.17334,1.033447
189517321,0.09082,0.175049,1.0354
189522321,0.090088,0.174561,1.031006
189527321,0.092773,0.174805,1.035156
189532321,0.098389,0.175293,1.036865
189537321,0.084717,0.180908,1.0271
189542321,0.0896,0.188477,1.032471
189547321,0.086914,0.155518,1.032715
189552321,0.091309,0.162354,1.018555
189557321,0.096436,0.175537,1.037109
189562321,0.105469,0.181396,1.044922
189567321,0.092285,0.174316,1.037109
189572321,0.094238,0.172607,1.032471
189577321,0.100098,0.16626,1.023682
189582321,0.099854,0.174805,1.021729
189587321,0.097168,0.175049,1.03125
189592321,0.091064,0.168457,1.042236
189597321,0.086426,0.172363,1.041748
189602321,0.090332,0.171875,1.024902
189607321,0.085937,0.17749,1.022949
189612321,0.085693,0.179687,1.031494
189617321,0.085205,0.178467,1.037109
189622321,0.08667,0.177979,1.041016
189627321,0.089355,0.178955,1.029785
189632321,0.09082,0.172363,1.025391
189637321,0.094727,0.174561,1.032959
189642321,0.093506,0.170898,1.033691
189647321,0.091797,0.175049,1.030273
189652321,0.096191,0.172363,1.030762
189657321,0.095703,0.166504,1.0271
189662321,0.095459,0.166992,1.025635
189667321,0.093994,0.165039,1.017334
189672321,0.090576,0.172852,1.026367
189677321,0.091553,0.174316,1.026611
189682321,0.095215,0.165283,1.037354
189687321,0.090576,0.16748,1.031982
189692321,0.08667,0.174561,1.032471
189697321,0.09082,0.178955,1.033936
189702321,0.089355,0.17749,1.038574
189707321,0.087646,0.178955,1.034912
189712321,0.103027,0.177246,1.042969
189717321,0.099121,0.178955,1.030518
189722321,0.103027,0.173828,1.032471
189727321,0.102539,0.174805,1.044434
189732321,0.093262,0.183838,1.012207
189737321,0.095703,0.168457,1.02832
189742321,0.088135,0.182617,1.015869
189747321,0.088135,0.176514,1.013672
189752321,0.095703,0.166016,1.04126
189757321,0.091064,0.175049,1.035156
189762321,0.094971,0.171387,1.031738
189767321,0.095947,0.171143,1.033691
189772321,0.097656,0.17749,1.050293
189777321,0.088379,0.181396,1.038574
189782321,0.09668,0.175537,1.040283
189787321,0.093018,0.185547,1.035156
189792321,0.091309,0.178955,1.025635
189797321,0.094727,0.18042,1.0271
189802321,0.099854,0.178955,1.025391
189807321,0.101807,0.181641,1.037109
189812321,0.099121,0.178711,1.037354
189817321,0.094238,0.177246,1.033691
189822321,0.09082,0.177246,1.032715
189827321,0.092773,0.172852,1.025635
192472321,0.140137,0.21167,1.019043
192477321,0.135742,0.20752,1.019775
192482321,0.138672,0.217041,1.013184
192487321,0.134277,0.214844,1.004395
192492321,0.138184,0.21582,1.007568
192497321,0.143799,0.214111,1.023682
192502321,0.144043,0.212402,1.02417
192507321,0.137939,0.216309,1.024414
192512321,0.144287,0.216553,1.036621
192517321,0.141357,0.213135,1.031494
192522321,0.140137,0.216797,1.018799
192527321,0.13916,0.216309,0.99585
192532321,0.14209,0.20874,1.012939
192537321,0.139404,0.206787,1.018799
192542321,0.13501,0.213623,1.00293
192547321,0.138184,0.213623,1.016113
192552321,0.137451,0.218262,1.012695
192557321,0.144287,0.216309,1.015625
192562321,0.145752,0.212402,1.022949
192567321,0.145508,0.212646,1.010986
192572321,0.143555,0.212646,1.006836
192577321,0.146973,0.212158,1.017822
192582321,0.13623,0.220947,1.003174
192587321,0.142578,0.222412,1.033691
192592321,0.135986,0.220703,0.992432
192597321,0.145752,0.209229,1.024658
192602321,0.146484,0.210205,1.002197
192607321,0.140381,0.213379,1.026367
192612321,0.138672,0.216553,1.012695
192617321,0.147461,0.214111,1.012939
192622321,0.148437,0.213135,1.011719
192627321,0.148682,0.213867,1.02124
192632321,0.143066,0.20874,1.013672
192637321,0.142822,0.215332,1.01416
192642321,0.142334,0.211182,1.025635
192647321,0.135742,0.220215,1.019287
192652321,0.137695,0.220459,1.011963
192657321,0.137695,0.216064,1.008789
192662321,0.140625,0.2146,1.014648
192667321,0.143555,0.219482,1.016846
192672321,0.141357,0.214844,1.01123
192677321,0.146484,0.21582,1.011963
192682321,0.143066,0.214111,1.020264
192687321,0.144531,0.212646,1.017822
192692321,0.143799,0.214355,1.020996
192697321,0.142334,0.211426,1.018311
192702321,0.140137,0.21582,1.019775
192707321,0.138672,0.213867,1.016113
192712321,0.141357,0.212402,1.014404
192717321,0.141846,0.211914,1.013184
192722321,0.143311,0.217041,1.025146
192727321,0.142334,0.214111,1.023926
192732321,0.136719,0.219727,1.019287
192737321,0.137939,0.217773,1.009521
192742321,0.141357,0.215332,1.008545
192747321,0.145508,0.217773,1.012939
192752321,0.142822,0.2146,1.010254
192757321,0.142822,0.210449,1.015869
192762321,0.139893,0.212891,1.021973
192767321,0.13916,0.209229,1.016113
192772321,0.137207,0.218262,1.016357
192777321,0.135742,0.213867,1.014648
192782321,0.142578,0.216797,1.023193
192787321,0.143799,0.215576,1.027588
192792321,0.14624,0.213135,1.027588
192797321,0.144531,0.216553,1.018066
192802321,0.141602,0.214844,1.022461
192807321,0.143555,0.210205,1.022217
192812321,0.137939,0.212891,1.018311
192817321,0.135254,0.211182,1.023682
192822321,0.137695,0.210693,1.017334
192827321,0.135254,0.210205,1.017822
192832321,0.134277,0.210937,1.006104
192837321,0.135254,0.212158,1.013428
192842321,0.135742,0.21582,1.017334
192847321,0.138184,0.215088,1.02124
192852321,0.139404,0.21582,1.023438
192857321,0.141357,0.217529,1.019531
192862321,0.138428,0.216064,1.015869
192867321,0.139648,0.21167,1.017578
192872321,0.137207,0.210205,1.010254
192877321,0.13916,0.211914,1.013916
192882321,0.143066,0.207031,1.02002
192887321,0.142334,0.210449,1.018799
192892321,0.134766,0.210449,1.015381
192897321,0.139893,0.214355,1.012939
192902321,0.138916,0.214844,1.015869
192907321,0.13916,0.216797,1.025146
192912321,0.139893,0.218506,1.01416
192917321,0.140869,0.214844,1.016846
192922321,0.138184,0.218018,1.017334
192927321,0.140869,0.214111,1.018066
192932321,0.145508,0.211914,1.019287
192937321,0.145752,0.216309,1.022461
192942321,0.143066,0.213867,1.00708
192947321,0.142334,0.218018,1.013672
192952321,0.143799,0.21582,1.023193
192957321,0.140381,0.213379,1.02124
192962321,0.141846,0.210693,1.017578
192967321,0.143555,0.213867,1.019043
192972321,0.142578,0.216309,1.021484
192977321,0.144043,0.212402,1.023193
192982321,0.137695,0.218262,1.014648
192987321,0.141113,0.214111,1.019531
192992321,0.143311,0.221191,1.020752
192997321,0.142334,0.219482,1.013916
193002321,0.139648,0.212402,1.015869
193007321,0.138184,0.213379,1.009521
193012321,0.13501,0.2146,1.012939
193017321,0.136475,0.213379,1.013428
193022321,0.138672,0.218994,1.016602
193027321,0.142334,0.2146,1.015381
193032321,0.140625,0.212646,1.017578
193037321,0.143799,0.214355,1.015869
193042321,0.14209,0.219727,1.014404
193047321,0.141357,0.218506,1.018311
193052321,0.145264,0.218506,1.021729
193057321,0.137451,0.21875,1.015625
193062321,0.14624,0.215332,1.010986
193067321,0.143555,0.215088,1.013916
193072321,0.148193,0.218262,1.019531
193077321,0.142578,0.214355,1.020996
193082321,0.141846,0.211182,1.015137
193087321,0.145508,0.21167,1.026123
193092321,0.140869,0.216553,1.011719
193097321,0.137451,0.220703,1.004883
193102321,0.136719,0.221436,1.009277
193107321,0.142578,0.213623,1.023193
193112321,0.147217,0.211426,1.037109
193117321,0.143066,0.213379,1.02124
193122321,0.13501,0.21582,1.007324
193127321,0.140869,0.222656,1.022461
193132321,0.144775,0.216797,1.016846
193137321,0.137939,0.206055,1.011963
193142321,0.136963,0.212646,1.015869
193147321,0.139893,0.218506,1.018311
193152321,0.139648,0.217529,1.011963
193157321,0.137451,0.211914,1.007813
193162321,0.146484,0.216064,1.023682
193167321,0.140381,0.2146,1.00293
193172321,0.148437,0.215332,1.032715
193177321,0.14624,0.214355,1.020996
193182321,0.143555,0.217529,1.023438
193187321,0.141846,0.212158,1.01123
193192321,0.141357,0.212646,1.012207
193197321,0.147217,0.211914,1.012451
193202321,0.140381,0.207031,1.012939
193207321,0.143799,0.215332,1.012207
193212321,0.139404,0.214844,1.02002
193217321,0.14624,0.215332,1.011475
193222321,0.138916,0.2146,1.020996
193227321,0.138184,0.214844,1.021973
193232321,0.137695,0.212646,1.013184
193237321,0.137207,0.216797,1.016846
193242321,0.139648,0.21582,1.021484
193247321,0.141357,0.217529,1.022705
193252321,0.143799,0.21167,1.017578
193257321,0.138184,0.214355,1.020996
193262321,0.139404,0.215088,1.016357
193267321,0.144775,0.214111,1.017334
193272321,0.143066,0.217285,1.012939
193277321,0.14917,0.213379,1.020508
193282321,0.14209,0.218506,1.010254
193287321,0.14209,0.209229,1.024414
193292321,0.139404,0.209717,1.011963
193297321,0.12915,0.21582,1.018799
193302321,0.134033,0.210693,1.022461
193307321,0.140137,0.222168,1.014893
193312321,0.138184,0.215332,1.021729
193317321,0.147705,0.222168,1.005127
193322321,0.149902,0.214844,1.024414
193327321,0.161133,0.219238,1.039795
193332321,0.148926,0.227539,1.004639
193337321,0.141846,0.193848,1.0
193342321,0.146484,0.223145,1.030273
193347321,0.135498,0.211182,1.013916
193352321,0.143311,0.212402,1.005859
193357321,0.13208,0.207764,1.030029
193362321,0.134277,0.217041,1.011475
193367321,0.131348,0.199463,1.008301
193372321,0.135986,0.212646,1.022217
193377321,0.126953,0.220947,1.020752
193382321,0.138428,0.222412,1.016357
193387321,0.13623,0.220459,1.013916
193392321,0.14209,0.22168,1.019775
193397321,0.148926,0.228516,1.016357
193402321,0.152832,0.217529,1.023193
193407321,0.151123,0.212891,1.019775
193412321,0.155029,0.225342,1.019287
193417321,0.15625,0.223389,1.01123
193422321,0.147949,0.207031,0.993408
193427321,0.14209,0.208496,1.014893
193432321,0.145752,0.20166,1.028076
193437321,0.143311,0.207031,1.018066
193442321,0.133301,0.212891,1.017578
193447321,0.128906,0.214355,1.01709
193452321,0.126709,0.211182,1.006592
193457321,0.130859,0.213867,1.011475
193462321,0.138184,0.220703,1.03418
193467321,0.134766,0.226807,1.036133
193472321,0.137207,0.225342,1.018799
193477321,0.136719,0.223145,1.012695
193482321,0.150391,0.224609,1.003418
193487321,0.151611,0.216553,1.011963
193492321,0.154297,0.215576,1.014404
193497321,0.150635,0.21167,1.018555
193502321,0.151367,0.208984,1.022461
193507321,0.150391,0.203857,1.008057
193512321,0.142822,0.207275,1.005371
193517321,0.137939,0.209473,1.008545
193522321,0.136475,0.209717,1.01416
193527321,0.13501,0.212646,1.022705
193532321,0.133789,0.216064,1.022705
193537321,0.127197,0.219482,1.017822
193542321,0.128174,0.222168,1.011475
193547321,0.13916,0.22168,1.020264
193552321,0.141602,0.219971,1.031982
193557321,0.140381,0.224121,1.03125
193562321,0.145508,0.219727,1.015381
193567321,0.14917,0.218018,1.01001
193572321,0.153809,0.213379,1.012451
193577321,0.147949,0.209473,1.010986
193582321,0.15332,0.209717,1.011963
193587321,0.151611,0.206055,1.020264
193592321,0.142334,0.214355,1.008057
193597321,0.134033,0.209961,1.010498
193602321,0.142822,0.214111,1.013672
193607321,0.13623,0.217529,1.015137
193612321,0.128906,0.218262,1.023682
193617321,0.131104,0.217041,1.020508
193622321,0.132324,0.220947,1.022705
193627321,0.13501,0.220703,1.023682
193632321,0.134521,0.218506,1.01709
193637321,0.141846,0.220947,1.016113
193642321,0.151367,0.216064,1.022705
193647321,0.148437,0.209229,1.018066
193652321,0.152832,0.211914,1.015137
193657321,0.14917,0.20874,1.012207
193662321,0.149902,0.211914,1.011475
193667321,0.151123,0.208496,1.014893
193672321,0.148437,0.212402,1.019043
193677321,0.141357,0.213379,1.015625
193682321,0.134033,0.216064,1.016357
193687321,0.134766,0.217041,1.020996
193692321,0.134033,0.224365,1.029785
193697321,0.13501,0.218994,1.017578
193702321,0.131592,0.225098,1.019287
193707321,0.141846,0.218994,1.024658
193712321,0.142334,0.21582,1.020996
193717321,0.141602,0.216309,1.017822
193722321,0.149658,0.213867,1.01416
193727321,0.146729,0.212158,1.01123
193732321,0.148193,0.211182,1.01001
193737321,0.147461,0.207764,1.010742
193742321,0.149902,0.212402,1.012207
193747321,0.145508,0.210449,1.006836
193752321,0.144043,0.218506,1.013184
193757321,0.139648,0.216797,1.014893
193762321,0.137207,0.218262,1.020996
193767321,0.140381,0.219727,1.026855
193772321,0.133789,0.2229,1.017578
193777321,0.13208,0.221191,1.020996
193782321,0.135254,0.217285,1.0271
193787321,0.134033,0.214111,1.017822
193792321,0.137207,0.215088,1.017578
193797321,0.142578,0.210693,1.016602
193802321,0.144775,0.210449,1.015137
193807321,0.145752,0.209473,1.009033
193812321,0.14209,0.210449,1.015137
193817321,0.151123,0.211426,1.010498
193822321,0.150879,0.21167,1.013428
193827321,0.143799,0.214111,1.02002
193832321,0.142578,0.216309,1.009033
193837321,0.139404,0.222168,1.01709
193842321,0.142334,0.219482,1.016357
193847321,0.13501,0.217285,1.018311
193852321,0.133789,0.218018,1.019531
193857321,0.135742,0.2146,1.018311
193862321,0.136475,0.213135,1.017578
193867321,0.13916,0.209473,1.019775
193872321,0.136719,0.215088,1.013672
193877321,0.140625,0.210205,1.021729
193882321,0.143555,0.213379,1.014893
193887321,0.144043,0.213623,1.012695
193892321,0.144775,0.216309,1.01709
193897321,0.148193,0.212891,1.01416
193902321,0.147217,0.218506,1.015137
193907321,0.144531,0.221436,1.012207
193912321,0.143799,0.215576,1.025635
193917321,0.141357,0.22168,1.027832
193922321,0.140137,0.219727,1.023438
193927321,0.13623,0.216064,1.02124
193932321,0.139893,0.213135,1.018311
193937321,0.139404,0.211182,1.012695
193942321,0.137207,0.212158,1.019775
193947321,0.139648,0.213135,1.019531
193952321,0.140869,0.213623,1.017822
193957321,0.141846,0.209961,1.013916
193962321,0.146484,0.209961,1.016846
193967321,0.140137,0.212646,1.015869
193972321,0.139648,0.214355,1.018799
193977321,0.144531,0.213135,1.011475
193982321,0.137451,0.213623,1.018555
193987321,0.14209,0.214844,1.012207
193992321,0.144287,0.214111,1.016113
193997321,0.140869,0.21582,1.008057
194002321,0.143555,0.211426,1.011719
194007321,0.141113,0.210449,1.012939
194012321,0.137207,0.214844,1.017578
194017321,0.139648,0.212158,1.018555
194022321,0.138672,0.212646,1.019043
194027321,0.142578,0.216064,1.020996
194032321,0.137695,0.215088,1.020752
194037321,0.13916,0.216553,1.010498
194042321,0.140381,0.218262,1.020264
194047321,0.142578,0.217041,1.01416
194052321,0.140381,0.217529,1.023438
194057321,0.140869,0.21582,1.022949
194062321,0.140625,0.222412,1.02124
194067321,0.144043,0.213379,1.017334
194072321,0.138428,0.216309,1.011719
194077321,0.137695,0.216064,1.016846
194082321,0.144043,0.219482,1.013916
194087321,0.140625,0.218262,1.015869
194092321,0.139648,0.213623,1.012695
194097321,0.143555,0.215088,1.017822
194102321,0.142822,0.2146,1.02002
194107321,0.140381,0.214844,1.017578
194112321,0.139893,0.215332,1.018311
194117321,0.139648,0.216064,1.015381
194122321,0.138184,0.218262,1.019287
194127321,0.147705,0.222168,1.018555
194132321,0.142578,0.21875,1.01709
194137321,0.144287,0.21582,1.021973
194142321,0.144531,0.2146,1.013184
194147321,0.144775,0.214844,1.010254
194152321,0.142578,0.215088,1.013916
194157321,0.148193,0.212646,1.01709
194162321,0.144043,0.218018,1.013916
194167321,0.139404,0.218506,1.015869
194172321,0.137207,0.216309,1.015869
194177321,0.138916,0.216309,1.022217
194182321,0.138428,0.218994,1.022217
194187321,0.142578,0.215576,1.017822
194192321,0.143311,0.214355,1.018066
194197321,0.139893,0.214355,1.014404
194202321,0.138184,0.218262,1.022705
194207321,0.141357,0.213135,1.013184
194212321,0.144043,0.216064,1.017578
194217321,0.141357,0.216309,1.013916
194222321,0.142578,0.214844,1.012939
194227321,0.141602,0.216553,1.015381
194232321,0.141357,0.212158,1.018555
194237321,0.142578,0.216797,1.009521
194242321,0.140137,0.218506,1.01416
194247321,0.143066,0.222656,1.022949
194252321,0.137695,0.217285,1.018311
194257321,0.139404,0.216064,1.018555
194262321,0.13916,0.216553,1.025391
194267321,0.140137,0.214111,1.02124
194272321,0.139893,0.215088,1.018799
194277321,-0.886963,0.057129,-2.0
194282321,1.999939,1.279541,-2.0
194287321,-2.0,1.999939,-2.0
194292321,-2.0,-0.669434,1.999939
194297321,-2.0,1.999939,-2.0
194302321,-1.699219,1.999939,-2.0
194307321,-2.0,0.586914,-0.343262
194312321,-0.10791,0.915039,1.999939
194317321,-0.519043,0.671387,0.899902
194322321,-1.373291,0.235107,-1.401611
194327321,-1.821777,1.956543,-0.977539
194332321,-0.863525,1.898438,-1.338623
194337321,-1.040527,1.999939,0.724854
194342321,-0.172852,1.470215,-2.0
194347321,-0.302734,1.999939,1.70874
194352321,-1.119629,0.781738,-0.946777
194357321,-1.100586,0.356445,-2.0
194362321,-1.650879,1.999939,-1.980713
194367321,0.209961,0.646729,-0.764648
194372321,-2.0,1.221924,1.251221
194377321,0.222412,1.762207,0.421875
194382321,0.15332,1.80249,-2.0
194387321,-1.03833,1.999939,1.999939
194392321,-0.584961,1.999939,0.819824
194397321,0.219727,1.999939,1.302002
194402321,-0.147949,1.999939,0.728027
194407321,0.152344,1.999939,1.999939
194412321,-0.497314,1.999939,1.719238
194417321,-0.968506,1.071289,-2.0
194422321,-0.546143,0.429199,-2.0
194427321,-0.045166,0.494629,-1.607178
194432321,0.094238,0.123535,0.805176
194437321,0.117432,0.203369,1.195313
194442321,-1.515625,1.999939,1.999939
194447321,-0.402832,0.312988,0.706055
194452321,0.506592,0.946045,1.999939
194457321,-2.0,1.999939,-0.468262
194462321,-1.414551,0.329834,-1.222656
194467321,-1.404297,1.999939,1.100586
194472321,0.105469,1.999939,0.962891
194477321,0.116455,1.999939,1.17334
194482321,0.193604,0.369141,1.123535
194487321,-0.505371,1.999939,0.658203
194492321,-0.037354,1.999939,1.12793
194497321,0.061035,1.999939,1.126465
194502321,0.055664,1.70874,0.995117
194507321,0.122559,1.242432,1.005371
194512321,0.125977,1.646729,1.068604
194517321,0.126709,1.115723,1.083252
194522321,0.137451,0.240479,1.052246
194527321,0.11084,0.186768,0.955811
194532321,0.105225,0.164795,0.914062
194537321,0.129395,0.206543,0.928223
194542321,0.116211,0.165771,0.932373
194547321,0.158203,0.165039,1.050537
194552321,0.176514,0.166016,1.096924
194557321,0.137695,0.158447,1.024658
194562321,0.128418,0.162354,0.977051
194567321,0.104248,0.195801,0.937988
194572321,0.107178,0.192627,0.94458
194577321,0.122314,0.215576,1.027344
194582321,0.154785,0.236572,1.102783
194587321,0.14502,0.231689,1.08374
194592321,0.102783,0.227051,1.03125
194597321,0.105469,0.244873,1.002686
194602321,0.094971,0.248779,0.966309
194607321,0.102783,0.246826,0.987061
194612321,0.141602,0.254395,1.075195
194617321,0.139404,0.24292,1.080078
194622321,0.122314,0.234863,1.062744
194627321,0.124268,0.233398,1.03418
194632321,0.11377,0.215088,0.967773
194637321,0.124268,0.200439,0.96582
194642321,0.145508,0.205322,1.022949
194647321,0.149658,0.199219,1.042725
194652321,0.138916,0.191162,1.053711
194657321,0.143799,0.178955,1.029297
194662321,0.123535,0.169434,0.970215
194667321,0.127686,0.178467,0.952637
194672321,0.130615,0.196533,0.987549
194677321,0.126953,0.202637,1.01001
194682321,0.138916,0.204834,1.051514
194687321,0.137207,0.220459,1.057617
194692321,0.123047,0.218018,1.015625
194697321,0.12085,0.226318,1.000977
194702321,0.118408,0.236084,0.986816
194707321,0.116699,0.238281,1.011719
194712321,0.130859,0.23999,1.049072
194717321,0.126709,0.238281,1.049072
194722321,0.130371,0.233887,1.05127
194727321,0.126953,0.238281,1.034668
194732321,0.118164,0.227539,0.999023
194737321,0.11499,0.22168,0.993896
194742321,0.126465,0.210449,1.014404
194747321,0.137207,0.208496,1.029053
194752321,0.147217,0.201416,1.048584
194757321,0.13916,0.198242,1.028809
194762321,0.120361,0.193848,0.990723
194767321,0.123291,0.195068,0.982178
194772321,0.12915,0.19165,0.990234
194777321,0.136719,0.189697,1.012695
194782321,0.145264,0.200928,1.04541
194787321,0.132324,0.210449,1.034424
194792321,0.12207,0.216553,1.013184
194797321,0.122559,0.219482,1.006592
194802321,0.122803,0.222168,0.997803
194807321,0.124023,0.229248,1.022217
194812321,0.132812,0.233643,1.04834
194817321,0.124268,0.22998,1.038086
194822321,0.123535,0.222656,1.035645
194827321,0.124268,0.228271,1.024658
194832321,0.12085,0.226807,1.004639
194837321,0.125977,0.217773,1.008301
194842321,0.134766,0.210205,1.015625
194847321,0.126953,0.200684,1.011963
194852321,0.137451,0.19751,1.02832
194857321,0.142578,0.205322,1.030273
194862321,0.132812,0.205322,1.017334
194867321,0.132324,0.201416,1.025635
194872321,0.139893,0.198486,1.026367
194877321,0.134277,0.203613,1.019775
194882321,0.120361,0.209473,1.003174
194887321,0.122803,0.219971,1.006348
194892321,0.128906,0.2229,1.019531
194897321,0.129395,0.223633,1.027588
194902321,0.130371,0.224854,1.039551
194907321,0.126465,0.224609,1.031738
194912321,0.119629,0.220947,1.013428
194917321,0.125244,0.21875,1.021484
194922321,0.124512,0.220703,1.009521
194927321,0.127441,0.220215,1.020264
194932321,0.134521,0.217285,1.033691
194937321,0.128906,0.210693,1.025146
194942321,0.126221,0.197998,1.012451
194947321,0.133545,0.203125,1.010986
194952321,0.12915,0.202637,1.006836
194957321,0.129395,0.210205,1.007813
194962321,0.128418,0.212891,1.017578
194967321,0.127441,0.209961,1.014893
194972321,0.131348,0.209473,1.021973
194977321,0.125488,0.212646,1.021484
194982321,0.125488,0.212891,1.015625
194987321,0.126465,0.21875,1.012451
194992321,0.123779,0.2229,1.026123
194997321,0.125244,0.220459,1.016357
195002321,0.127197,0.220215,1.020752
195007321,0.133545,0.21582,1.033203
195012321,0.132324,0.216797,1.028809
195017321,0.134766,0.212158,1.025879
195022321,0.13208,0.214111,1.031738
195027321,0.138916,0.209961,1.032471
195032321,0.137695,0.210693,1.032715
195037321,0.131104,0.209229,1.023926
195042321,0.120361,0.206787,1.009521
195047321,0.125,0.210937,1.013184
195052321,0.130371,0.209961,1.022217
195057321,0.127686,0.210449,1.022705
195062321,0.129639,0.216309,1.02124
195067321,0.129395,0.218018,1.020996
195072321,0.127441,0.214355,1.020996
195077321,0.122314,0.214111,1.011475
195082321,0.127441,0.213623,1.019775
195087321,0.132568,0.209961,1.022705
195092321,0.128418,0.213867,1.017334
195097321,0.126709,0.217529,1.014648
195102321,0.131348,0.217285,1.025146
195107321,0.127197,0.216553,1.022949
195112321,0.132812,0.212646,1.02002
195117321,0.12915,0.207764,1.013916
195122321,0.125977,0.210937,1.009277
195127321,0.122803,0.211426,1.012451
195132321,0.128418,0.213867,1.023682
195137321,0.127441,0.213867,1.019775
195142321,0.130371,0.21875,1.014893
195147321,0.125977,0.218018,1.014893
195152321,0.126221,0.216064,1.014404
195157321,0.128662,0.215332,1.01709
195162321,0.132568,0.214844,1.02417
195167321,0.13208,0.212158,1.023438
195172321,0.130371,0.212891,1.035645
195177321,0.126221,0.212646,1.025879
195182321,0.120361,0.214355,1.018311
195187321,0.128174,0.213135,1.019531
195192321,0.132324,0.214111,1.018799
195197321,0.128906,0.214355,1.018799
195202321,0.129639,0.209961,1.015869
195207321,0.124023,0.212158,1.015869
195212321,0.13623,0.200684,1.004883
195217321,0.137939,0.171387,1.004639
195222321,0.167236,0.177734,0.986816
195227321,0.109131,0.144043,1.043945
195232321,0.146484,0.168213,1.017578
195237321,0.1521,0.224854,1.05542
195242321,0.117676,0.209229,1.031494
195247321,0.121582,0.245361,1.026855
195252321,0.103271,0.271729,1.041992
195257321,0.057373,0.368652,1.075195
195262321,0.117676,0.212646,0.972656
195267321,0.126709,0.321289,1.086914
195272321,0.082764,0.264648,1.043457
195277321,0.141113,0.248535,1.009033
195282321,0.106445,0.265869,1.036865
195287321,0.105957,0.296387,1.068359
195292321,0.154297,0.209473,1.003418
195297321,0.152344,0.140381,0.991211
195302321,0.136475,0.16333,1.031494
195307321,0.15918,0.115234,0.985596
195312321,0.141846,0.153809,0.99585
195317321,0.136719,0.177734,0.988281
195322321,0.137939,0.162842,0.979736
195327321,0.134277,0.159424,0.983154
195332321,0.144775,0.149658,0.986816
195337321,0.142578,0.152344,0.99707
195342321,0.14917,0.203613,1.02417
195347321,0.112305,0.21167,1.039551
195352321,0.120117,0.263184,1.039063
195357321,0.111572,0.277344,1.056152
195362321,0.111816,0.261475,1.036865
195367321,0.10791,0.265137,1.039795
195372321,0.100342,0.26123,1.029785
195377321,0.109131,0.26123,1.039795
195382321,0.112305,0.280518,1.040039
195387321,0.110107,0.265137,1.046875
195392321,0.10791,0.269043,1.033447
195397321,0.128418,0.238525,1.029541
195402321,0.129883,0.194824,1.014404
195407321,0.147217,0.186035,1.0271
195412321,0.148437,0.152588,1.006348
195417321,0.138428,0.162354,1.014893
195422321,0.12915,0.166992,0.984131
195427321,0.141113,0.18335,1.003174
195432321,0.143311,0.179443,0.993896
195437321,0.147461,0.173828,1.007324
195442321,0.142334,0.164062,0.997803
195447321,0.135986,0.195801,1.00293
195452321,0.123291,0.212646,1.001709
195457321,0.125977,0.227539,1.013672
195462321,0.115479,0.243896,1.002686
195467321,0.195557,0.14209,0.873535
195472321,0.069336,0.238037,1.070068
195477321,0.077637,0.331299,1.24585
195482321,0.167969,0.269287,0.953369
195487321,0.0979,0.250244,1.100586
195492321,0.119385,0.20166,1.037598
195497321,0.133789,0.224365,1.01709
195502321,0.103027,0.229248,0.984863
195507321,0.1521,0.177002,1.012695
195512321,0.147949,0.178955,1.01709
195517321,0.141357,0.192627,0.99585
195522321,0.142334,0.120605,0.977539
195527321,0.136963,0.165283,0.990479
195532321,0.140381,0.155273,0.987549
195537321,0.142334,0.186279,1.020264
195542321,0.139404,0.212646,1.019287
195547321,0.119141,0.211914,1.028076
195552321,0.126953,0.230957,1.013184
195557321,0.123047,0.223145,1.030518
195562321,0.11792,0.224121,1.023438
195567321,0.120605,0.22876,1.025391
195572321,0.119141,0.23877,1.030029
195577321,0.117676,0.249756,1.036133
195582321,0.115967,0.243408,1.029785
195587321,0.114258,0.237793,1.036621
195592321,0.121582,0.227539,1.01709
195597321,0.124268,0.218994,1.021973
195602321,0.130371,0.220703,1.023438
195607321,0.127441,0.219971,1.013428
195612321,0.134277,0.219238,1.014404
195617321,0.126221,0.225098,1.02002
195622321,0.127197,0.220947,1.015137
195627321,0.128418,0.20874,1.010498
195632321,0.12793,0.208984,1.018311
195637321,0.12793,0.217529,1.061523
195642321,0.125244,0.214844,1.016846
195647321,0.11792,0.226807,1.020752
195652321,0.122803,0.220947,1.022705
195657321,0.122803,0.214111,1.01709
195662321,0.128662,0.208008,1.017334
195667321,0.131104,0.204346,1.019531
195672321,0.128418,0.212891,1.018066
195677321,0.12915,0.209717,1.008545
195682321,0.128418,0.20874,1.013428
195687321,0.129639,0.198975,1.014404
195692321,0.132324,0.200195,1.016602
195697321,0.134766,0.208984,1.019531
195702321,0.130615,0.218506,1.026611
195707321,0.129883,0.229004,1.025146
195712321,0.128662,0.234131,1.034668
195717321,0.118652,0.250244,1.010498
195722321,0.119141,0.230957,1.016357
195727321,0.115967,0.223389,1.018555
195732321,0.121094,0.232178,1.026123
195737321,0.135498,0.220215,1.031738
195742321,0.120605,0.226807,1.031006
195747321,0.125,0.212158,1.015625
195752321,0.124756,0.213867,1.024902
195757321,0.132568,0.205811,0.998535
195762321,0.122559,0.209961,1.024414
195767321,0.132324,0.209961,1.005859
195772321,0.121338,0.221191,1.020264
195777321,0.130859,0.223389,1.040527
195782321,0.133301,0.245117,1.098145
195787321,0.102539,0.23291,1.006592
195792321,0.124023,0.200684,0.963623
195797321,0.124756,0.174072,0.947754
195802321,0.132324,0.204346,1.023438
195807321,0.132324,0.214844,1.039307
195812321,0.126709,0.222656,1.038086
195817321,0.135986,0.192871,1.024902
195822321,0.137695,0.160156,0.980713
195827321,0.137939,0.155029,0.969971
195832321,0.137207,0.180908,1.008545
195837321,0.135986,0.191406,1.017334
195842321,0.131104,0.197754,1.008789
195847321,0.125977,0.212891,1.018555
195852321,0.130615,0.20874,1.018799
195857321,0.130615,0.210937,1.024658
195862321,0.127441,0.214355,1.023193
195867321,0.127686,0.222168,1.025391
195872321,0.122559,0.243652,1.032959
195877321,0.118652,0.252197,1.029297
195882321,0.120605,0.248047,1.023682
195887321,0.125488,0.234375,1.029541
195892321,0.123291,0.226562,1.025879
195897321,0.126953,0.216064,1.018311
195902321,0.128662,0.215576,1.021729
195907321,0.129395,0.21582,1.018311
195912321,0.129883,0.215576,1.022949
195917321,0.130859,0.203857,1.013916
195922321,0.13208,0.196045,1.012695
195927321,0.13501,0.18457,1.010498
195932321,0.136963,0.178711,1.007813
195937321,0.133057,0.189697,1.007324
195942321,0.129883,0.202148,1.013184
195947321,0.132812,0.209717,1.015137
195952321,0.13501,0.209473,1.018311
195957321,0.127441,0.206787,1.009033
195962321,0.130615,0.206787,1.01416
195967321,0.128906,0.211182,1.019775
195972321,0.12915,0.219482,1.025635
195977321,0.126221,0.232666,1.03125
195982321,0.120361,0.231201,1.0271
195987321,0.127197,0.235107,1.026611
195992321,0.125732,0.22583,1.026611
195997321,0.126953,0.218506,1.018555
196002321,0.130371,0.215332,1.018799
196007321,0.126465,0.217529,1.022217
196012321,0.126221,0.214844,1.016846
196017321,0.125244,0.214111,1.016602
196022321,0.129395,0.207764,1.011719
196027321,0.132812,0.199951,1.018066
196032321,0.129639,0.197021,1.009033
196037321,0.129395,0.197998,1.008789
196042321,0.130615,0.205566,1.006104
196047321,0.128906,0.208008,1.019531
196052321,0.134033,0.209473,1.017822
196057321,0.126465,0.217041,1.016602
196062321,0.129883,0.20752,1.019043
196067321,0.13208,0.209229,1.020264
196072321,0.129395,0.217529,1.023438
196077321,0.126709,0.223389,1.022949
196082321,0.122803,0.225342,1.02124
196087321,0.125732,0.22998,1.027588
196092321,0.124268,0.225586,1.023193
196097321,0.127441,0.218262,1.024658
196102321,0.128418,0.215576,1.018799
196107321,0.134277,0.213135,1.017578
196112321,0.13208,0.210693,1.018555
196117321,0.131836,0.211914,1.025879
196122321,0.131592,0.209961,1.02124
196127321,0.126221,0.210449,1.013916
196132321,0.13208,0.205566,1.011475
196137321,0.128662,0.201904,1.01416
196142321,0.124268,0.201416,1.015137
196147321,0.129639,0.208008,1.018555
196152321,0.124023,0.217529,1.020508
196157321,0.128662,0.218262,1.02124
196162321,0.125732,0.218018,1.014648
196167321,0.128662,0.215332,1.016113
196172321,0.125488,0.2146,1.025879
196177321,0.131104,0.217773,1.022705
196182321,0.126953,0.220947,1.018799
196187321,0.133057,0.223877,1.022217
196192321,0.128418,0.224609,1.026367
196197321,0.12915,0.21875,1.021729
196202321,0.133301,0.21167,1.019775
196207321,0.131348,0.208984,1.021484
196212321,0.131348,0.203857,1.020508
196217321,0.130371,0.209473,1.018066
196222321,0.125977,0.208496,1.019531
196227321,0.128418,0.209717,1.017334
196232321,0.125,0.209717,1.020508
196237321,0.128662,0.20874,1.016357
196242321,0.124756,0.207275,1.01416
196247321,0.125977,0.206787,1.021973
196252321,0.128418,0.214355,1.020508
196257321,0.125244,0.220215,1.018555
196262321,0.130859,0.219727,1.02002
196267321,0.129395,0.218018,1.02002
196272321,0.12793,0.21582,1.017578
196277321,0.132568,0.215332,1.020752
196282321,0.130371,0.21875,1.023193
196287321,0.131104,0.21875,1.022461
196292321,0.126709,0.212402,1.019287
196297321,0.126465,0.212402,1.016602
196302321,0.126709,0.209961,1.017578
196307321,0.125977,0.207764,1.016846
196312321,0.123291,0.208008,1.022461
196317321,0.127441,0.20459,1.018311
196322321,-0.378174,-1.348145,-0.063477
196327321,-2.0,1.999939,-2.0
196332321,-2.0,1.999939,-1.721191
196337321,-1.625244,-0.84375,-2.0
196342321,-0.676514,-0.284668,1.999939
196347321,-2.0,1.999939,1.999939
196352321,0.035645,1.999939,1.999939
196357321,-2.0,1.999939,-1.037842
196362321,1.503174,1.944824,0.709229
196367321,-1.927979,1.586914,-1.632568
196372321,-0.424561,1.862061,0.782959
196377321,-0.988525,1.999939,-1.939209
196382321,-0.219727,-0.313232,1.999939
196387321,-0.744873,0.584473,1.528564
196392321,-2.0,0.845459,1.999939
196397321,-0.741699,1.999939,-0.945801
196402321,-0.285156,-0.008789,1.093506
196407321,-0.609619,1.881592,1.999939
196412321,-0.418945,-0.379395,0.980469
196417321,-0.269775,0.427979,-2.0
196422321,-1.131592,1.645752,-1.119141
196427321,-1.367188,1.999939,1.999939
196432321,-1.385498,1.30835,1.425781
196437321,-1.972168,1.999939,1.999939
196442321,-2.0,1.999939,-1.888428
196447321,-0.512451,1.999939,-1.032715
196452321,-1.617432,1.999939,-2.0
196457321,-1.271973,1.119873,0.98877
196462321,-0.240967,1.2771,0.553223
196467321,-0.344971,0.527588,0.821045
196472321,0.352783,1.865723,1.999939
196477321,0.001709,0.35791,1.999939
196482321,0.065918,-0.016846,1.282471
196487321,-0.076416,-0.195801,0.481934
196492321,-0.327637,1.999939,-1.319092
196497321,-0.13916,1.002197,-1.422607
196502321,-0.918457,1.999939,-2.0
196507321,-0.538574,1.45459,-0.171631
196512321,-0.761963,0.430908,-2.0
196517321,-0.713379,0.331055,-0.195557
196522321,-0.259277,0.91626,0.585693
196527321,-1.159912,0.374512,-0.529297
196532321,0.008301,0.044922,0.959229
196537321,-1.241211,1.169922,1.101807
196542321,-0.519043,0.49707,1.030518
196547321,0.003174,1.11084,1.244141
196552321,0.140869,0.34375,1.006348
196557321,-0.012695,0.685059,0.934326
196562321,-0.151123,0.106201,0.928955
196567321,0.014648,0.100586,1.270996
196572321,0.208984,0.229492,1.506592
196577321,-0.029785,0.319092,1.560791
196582321,-0.941162,0.616699,1.999939
196587321,-0.546631,1.999939,-2.0
196592321,-0.743652,1.999939,-0.635986
196597321,-1.184814,1.999939,-2.0
196602321,0.02417,1.342529,0.658203
196607321,-0.273438,1.671143,1.084717
196612321,-0.398926,1.999939,-2.0
196617321,-1.144531,1.999939,1.23584
196622321,-1.478516,0.378906,1.00708
196627321,-0.004883,1.419678,1.231934
196632321,0.078857,0.825928,1.498779
196637321,-0.548096,1.057617,-2.0
196642321,-0.712402,1.980957,-2.0
196647321,-0.135254,1.999939,-1.178711
196652321,-0.181152,1.822266,-0.091553
196657321,-0.368164,1.844238,-1.092773
196662321,-0.781982,1.999939,1.014404
196667321,0.007813,1.23877,0.96582
196672321,-1.153076,1.488281,1.0271
196677321,-1.047852,1.999939,1.335693
196682321,-0.46167,1.999939,1.112793
196687321,0.0,1.307861,0.91333
196692321,0.064453,0.205566,0.919922
196697321,0.113037,1.52832,1.100586
196702321,0.108887,1.999939,1.03418
196707321,0.208252,1.145508,1.165771
196712321,0.118652,0.189941,1.049561
196717321,0.039063,1.184814,0.886475
196722321,0.143799,1.336182,1.067383
196727321,-0.177002,0.47876,1.129639
196732321,-0.740967,1.428223,0.934814
196737321,-0.396729,1.798096,1.206055
196742321,0.181885,0.638184,1.14917
196747321,0.148926,0.820801,1.164551
196752321,-0.325195,1.999939,1.255371
196757321,-0.600586,0.869141,1.32373
196762321,-1.451416,0.489746,-0.656738
196767321,-0.872559,0.462646,1.257813
196772321,0.050781,1.062744,1.243408
196777321,-0.084473,0.263672,1.123291
196782321,-0.531494,1.97876,1.140381
196787321,-0.471436,1.490967,1.019531
196792321,-0.227295,0.891357,0.9021
196797321,-0.109131,0.297119,1.000488
196802321,-0.000732,1.302734,1.051025
196807321,0.019287,1.999939,0.969971
196812321,0.182861,1.999939,1.162109
196817321,0.019775,0.842041,0.852539
196822321,0.027344,0.616455,0.927002
196827321,0.092529,1.272705,1.003906
196832321,0.000977,1.999939,1.041748
196837321,-1.449463,0.550537,-2.0
196842321,-0.625732,0.934814,1.518799
196847321,-0.009766,1.504395,0.705322
196852321,-0.684082,1.999939,0.728516
196857321,-0.83374,1.969238,1.051025
196862321,0.144287,1.775391,0.989014
196867321,0.115234,1.999939,1.147949
196872321,-0.199951,0.291748,0.921875
196877321,0.04541,1.2854,1.003174
196882321,0.195801,0.920166,1.297607
196887321,-0.235107,0.221191,0.882812
196892321,-0.017578,1.660889,1.004883
196897321,0.007324,0.311279,1.185303
196902321,0.05127,1.639404,1.062988
196907321,0.074219,1.921875,1.0896
196912321,0.046875,0.541992,1.009766
196917321,-0.073486,1.238525,0.980469
196922321,-0.605225,0.883301,0.994141
196927321,-0.473389,0.994873,0.899902
196932321,-0.478027,1.999939,1.040527
196937321,-0.449219,1.859863,1.176514
196942321,-0.453125,1.958496,0.994141
196947321,0.06665,0.78833,0.919189
196952321,0.112061,1.999939,1.108154
196957321,0.054687,1.521484,0.929932
196962321,0.148926,1.999939,1.064941
196967321,-0.158447,1.999939,1.425781
196972321,-0.008545,1.999939,0.919678
196977321,0.11084,1.999939,0.961426
196982321,0.083252,1.464111,1.095703
196987321,0.07959,1.953125,0.981201
196992321,0.069824,0.231934,0.911133
196997321,-0.143066,1.854736,1.130615
197002321,-1.016846,1.608887,-1.582764
197007321,-0.293457,1.283936,1.124023
197012321,0.228516,1.501221,1.154541
197017321,0.03418,1.928467,1.110107
197022321,0.093018,1.903076,1.229492
197027321,-0.623047,1.82959,0.87793
197032321,-0.031494,0.461426,0.865723
197037321,0.009766,0.233887,0.914551
197042321,0.144775,1.999939,1.057373
197047321,-0.015625,1.999939,1.016357
197052321,0.138428,0.721191,1.061523
197057321,0.125977,0.196289,1.074951
197062321,0.094238,0.166016,0.946777
197067321,0.088867,0.156982,1.003662
197072321,0.110596,0.230957,1.097412
197077321,0.080811,0.226318,1.029541
197082321,0.091797,0.206543,1.021973
197087321,0.104248,0.194336,1.03125
197092321,0.093994,0.189453,1.004395
197097321,0.096436,0.188232,1.015869
197102321,0.103516,0.209229,1.045166
197107321,0.082031,0.213867,1.037842
197112321,0.0979,0.212891,1.047852
197117321,0.10791,0.19751,1.033203
197122321,0.102051,0.177246,1.013916
197127321,0.105469,0.164062,0.999756
197132321,0.102783,0.175049,1.006836
197137321,0.10791,0.190918,1.041016
197142321,0.100098,0.195312,1.032227
197147321,0.102051,0.189697,1.035156
197152321,0.110596,0.184814,1.036865
197157321,0.096191,0.175049,0.998047
197162321,0.104736,0.174561,1.018311
197167321,0.105957,0.192627,1.04126
197172321,0.086182,0.205078,1.011719
197177321,0.088623,0.200439,1.044189
197182321,0.098633,0.206055,1.042236
197187321,0.087891,0.192383,1.008057
197192321,0.106445,0.188721,1.03833
197197321,0.106201,0.194092,1.034668
197202321,0.091553,0.19043,1.008301
197207321,0.109619,0.19751,1.051758
197212321,0.102783,0.199463,1.031494
197217321,0.0979,0.188965,1.009766
197222321,0.112793,0.181641,1.034424
197227321,0.107178,0.185303,1.011963
197232321,0.097412,0.18335,1.016113
197237321,0.105713,0.187744,1.050537
197242321,0.097656,0.197266,1.037842
197247321,0.094727,0.187988,1.028809
197252321,0.10498,0.183838,1.041992
197257321,0.103271,0.189453,1.020508
197262321,0.098633,0.179199,1.019775
197267321,0.106689,0.192383,1.048096
197272321,0.100586,0.199219,1.024902
197277321,0.088623,0.199463,1.030029
197282321,0.102295,0.198486,1.046387
197287321,0.095459,0.197754,1.019287
197292321,0.100342,0.18457,1.010742
197297321,0.104004,0.19043,1.026123
197302321,0.106445,0.195801,1.022461
197307321,0.098389,0.192627,1.027832
197312321,0.101074,0.193848,1.039063
197317321,0.102295,0.191406,1.029297
197322321,0.101074,0.182617,1.019531
197327321,0.107666,0.179932,1.030518
197332321,0.099609,0.185547,1.022705
197337321,0.090576,0.188477,1.021729
197342321,0.100586,0.194092,1.039063
197347321,0.094971,0.196045,1.03418
197352321,0.093262,0.190674,1.017822
197357321,0.105713,0.191895,1.032227
197362321,0.100342,0.188232,1.021729
197367321,0.09375,0.190918,1.012695
197372321,0.115234,0.145996,1.025635
197377321,0.164795,0.175049,1.080811
197382321,0.081299,0.289795,1.094971
197387321,0.084717,0.14502,1.036865
197392321,0.116699,0.059814,0.976318
197397321,0.129395,0.23877,1.090576
197402321,0.099121,0.237305,1.001465
197407321,0.06958,0.280518,0.950684
197412321,-0.059326,0.550049,1.10376
197417321,0.22168,-0.074219,1.056885
197422321,0.0896,0.257324,1.016357
197427321,0.07666,0.226074,1.000732
197432321,0.106201,0.175537,0.98877
197437321,0.105469,0.214111,0.96875
197442321,0.074951,0.208252,0.960449
197447321,0.09668,0.136719,0.924316
197452321,0.126465,0.107422,0.903564
197457321,0.112061,0.121094,0.939697
197462321,0.094727,0.192383,1.002441
197467321,0.07373,0.120117,0.938721
197472321,0.100342,0.17334,0.957764
197477321,0.099365,0.167236,1.026611
197482321,0.141357,0.09668,1.058838
197487321,0.077881,0.29834,1.080078
197492321,0.107178,0.265381,1.152344
197497321,0.147217,0.281494,1.320068
197502321,0.026611,0.368896,1.194824
197507321,0.12207,0.208252,1.046143
197512321,0.11499,0.145752,1.130615
197517321,0.132812,0.142578,1.042969
197522321,0.127441,0.124512,0.94751
197527321,0.068359,0.164307,0.935303
197532321,0.155029,0.169678,0.951172
197537321,0.102539,0.11084,1.010254
197542321,0.127441,0.117188,0.969482
197547321,0.101563,0.127686,1.019775
197552321,0.150879,0.169922,1.033447
197557321,0.10376,0.176758,1.084229
197562321,0.09082,0.211914,1.120361
197567321,0.106934,0.205078,1.037598
197572321,0.099365,0.18335,1.023682
197577321,0.091797,0.174805,1.015625
197582321,0.111816,0.199463,0.998291
197587321,0.083984,0.190674,1.010254
197592321,0.092041,0.229736,1.02124
197597321,0.087891,0.231201,1.031982
197602321,0.077637,0.234619,1.04248
197607321,0.095215,0.223389,1.050049
197612321,0.089844,0.207031,1.043701
197617321,0.094482,0.214111,1.045654
197622321,0.095459,0.221191,1.046875
197627321,0.099121,0.211182,1.040039
197632321,0.101074,0.197998,1.038574
197637321,0.105469,0.185791,1.021729
197642321,0.106445,0.166992,1.016846
197647321,0.106201,0.156006,0.989014
197652321,0.108887,0.152588,0.995605
197657321,0.112061,0.154541,1.009766
197662321,0.103027,0.159668,1.021973
197667321,0.106934,0.171387,1.020752
197672321,0.101807,0.17334,1.027344
197677321,0.10376,0.169434,1.023682
197682321,0.106201,0.175049,1.024658
197687321,0.105469,0.185791,1.026123
197692321,0.100586,0.193848,1.025879
197697321,0.089844,0.215088,1.033691
197702321,0.097656,0.205811,1.0354
197707321,0.093018,0.217041,1.043457
197712321,0.095459,0.214111,1.040771
197717321,0.088623,0.206543,1.02832
197722321,0.09668,0.210693,1.034424
197727321,0.093994,0.206543,1.032715
197732321,0.098145,0.199951,1.029785
197737321,0.100342,0.19043,1.030273
197742321,0.100342,0.181152,1.011963
197747321,0.112061,0.172852,1.0271
197752321,0.093018,0.115479,1.000488
197757321,0.114746,0.162109,1.001709
197762321,0.10083,0.169678,1.037354
197767321,0.086426,0.162842,1.027344
197772321,0.077148,0.192871,1.0354
197777321,0.083008,0.176025,1.016113
197782321,0.093506,0.199707,1.027588
197787321,0.097656,0.198975,1.029053
197792321,0.127197,0.222656,1.037842
197797321,0.142578,0.239502,1.043701
197802321,0.111084,0.251221,1.044678
197807321,0.084961,0.237305,1.034424
197812321,0.081787,0.234375,1.026123
197817321,0.094727,0.221436,1.026855
197822321,0.09082,0.213623,1.036865
197827321,0.094727,0.229736,1.031982
197832321,0.095947,0.220215,1.029297
197837321,0.110596,0.154053,1.012695
197842321,0.116943,0.136719,1.034424
197847321,0.115723,0.129395,1.030029
197852321,0.112793,0.10498,1.001709
197857321,0.105469,0.056152,1.006836
197862321,0.12085,0.120605,0.9646
197867321,0.131836,0.14624,0.993652
197872321,0.12207,0.137939,1.009277
197877321,0.103027,0.167725,1.01123
197882321,0.114258,0.208252,1.039063
197887321,0.061768,0.245605,1.140381
197892321,0.058838,0.265137,0.947754
197897321,0.106934,0.236816,1.036621
197902321,0.079102,0.270996,1.049072
197907321,0.06543,0.242187,1.08374
197912321,0.060059,0.214844,1.05957
197917321,0.104248,0.259766,1.049072
197922321,0.080322,0.237305,1.061035
197927321,0.101807,0.162354,0.990723
197932321,0.119141,0.050049,0.9375
197937321,0.116699,0.10791,0.964111
197942321,0.128662,0.1521,1.020752
197947321,0.07373,0.224854,1.078369
197952321,0.082031,0.267334,1.071533
197957321,0.092529,0.273193,1.052246
197962321,0.099121,0.187256,1.004395
197967321,0.091797,0.129395,0.977539
197972321,0.115234,0.194092,1.001953
197977321,0.07373,0.238281,1.053955
197982321,0.063721,0.263916,1.062744
197987321,0.073242,0.259766,1.071045
197992321,0.097656,0.221436,1.043457
197997321,0.104248,0.152832,1.0
198002321,0.104248,0.105225,0.993652
198007321,0.112793,0.167236,1.031982
198012321,0.095459,0.175781,1.046875
198017321,0.10498,0.217773,1.039795
198022321,0.08374,0.182129,1.014404
198027321,0.107666,0.177002,0.985596
198032321,0.105469,0.144287,1.011963
198037321,0.105469,0.164062,1.071045
198042321,0.091797,0.190674,1.040771
198047321,0.103271,0.237549,1.023438
198052321,0.077637,0.212891,1.056396
198057321,0.123535,0.186279,1.033936
198062321,0.098145,0.189209,1.030762
198067321,0.104492,0.172119,0.981201
198072321,0.089844,0.14917,1.002197
198077321,0.116943,0.186035,1.007324
198082321,0.093262,0.178467,1.031982
198087321,0.100098,0.1875,1.052734
198092321,0.103516,0.201172,1.058838
198097321,0.104492,0.185059,1.027588
198102321,0.10083,0.171387,1.008789
198107321,0.102295,0.174561,1.005127
198112321,0.10083,0.17749,1.006836
198117321,0.102051,0.188477,1.031006
198122321,0.096191,0.202881,1.040771
198127321,0.094482,0.204834,1.04126
198132321,0.094238,0.195557,1.036377
198137321,0.100098,0.191895,1.027344
198142321,0.094238,0.18457,1.017334
198147321,0.094482,0.187744,1.033203
198152321,0.099854,0.196289,1.0354
198157321,0.097168,0.200439,1.040283
198162321,0.099609,0.192871,1.038818
198167321,0.100098,0.186523,1.025146
198172321,0.100342,0.180664,1.021973
198177321,0.103271,0.177246,1.018066
198182321,0.101563,0.181885,1.016113
198187321,0.101807,0.185547,1.028809
198192321,0.097656,0.194092,1.030273
198197321,0.099365,0.191406,1.032959
198202321,0.100342,0.181885,1.025391
198207321,0.10083,0.181641,1.028809
198212321,0.098877,0.18457,1.023438
198217321,0.098145,0.186279,1.028076
198222321,0.0979,0.19165,1.032715
198227321,0.093262,0.195557,1.036377
198232321,0.089844,0.197266,1.035645
198237321,0.0979,0.190674,1.035156
198242321,0.100342,0.192383,1.025635
198247321,0.099854,0.186035,1.02417
198252321,0.100586,0.192383,1.031006
198257321,0.097168,0.191406,1.033936
198262321,0.097412,0.19165,1.026611
198267321,0.098633,0.188232,1.03125
198272321,0.098633,0.190674,1.023438
198277321,0.099365,0.179687,1.020996
198282321,0.098877,0.177979,1.030273
198287321,0.101318,0.181641,1.030029
198292321,0.099609,0.186523,1.027588
198297321,0.100098,0.188232,1.03418
198302321,0.096436,0.185303,1.029297
198307321,0.095947,0.186279,1.027588
198312321,0.101318,0.185547,1.023926
198317321,0.093994,0.188721,1.020508
198322321,0.10083,0.190674,1.025391
198327321,0.09668,0.19165,1.03125
198332321,0.098633,0.195312,1.028564
198337321,0.099609,0.190918,1.0271
198342321,0.102051,0.19043,1.026123
198347321,0.100586,0.185303,1.027832
198352321,0.100586,0.19043,1.022461
198357321,0.102295,0.189941,1.031738
198362321,0.096436,0.1875,1.030518
198367321,0.099609,0.183838,1.032227
198372321,0.103516,0.185059,1.029297
198377321,0.101074,0.184082,1.030518
198382321,0.094482,0.181152,1.020508
198387321,0.098877,0.182373,1.025391
198392321,0.0979,0.1875,1.026855
198397321,0.094482,0.1875,1.022461
198402321,0.095947,0.18457,1.029785
198407321,0.101318,0.19165,1.024414
198412321,0.097656,0.189453,1.029053
198417321,0.098389,0.1875,1.033203
198422321,0.099854,0.189209,1.022705
198427321,0.096191,0.189941,1.027832
198432321,0.097656,0.190186,1.027832
198437321,0.104736,0.191406,1.031494
198442321,0.100342,0.186768,1.031738
198447321,0.10376,0.189941,1.028809
198452321,0.101318,0.188232,1.022705
198457321,0.098389,0.190918,1.033203
198462321,0.098389,0.183838,1.026123
198467321,0.097168,0.1875,1.0271
198472321,0.098877,0.189697,1.024902
198477321,0.097168,0.191162,1.029541
198482321,0.099854,0.190918,1.028564
198487321,0.095459,0.189209,1.02832
198492321,0.098145,0.193604,1.022461
198497321,0.101807,0.189209,1.025635
198502321,0.098389,0.185303,1.02832
198507321,0.099609,0.184326,1.026855
198512321,0.104004,0.187988,1.025879
198517321,0.100098,0.185547,1.021973
198522321,0.102051,0.185791,1.030762
198527321,0.101074,0.190674,1.02417
198532321,0.102295,0.188232,1.027344
198537321,0.098877,0.188232,1.029297
198542321,0.095459,0.189941,1.025391
198547321,0.098877,0.188477,1.028809
198552321,0.101074,0.187744,1.022217
198557321,0.097168,0.187012,1.025146
198562321,0.095703,0.189941,1.028809
198567321,0.098633,0.190186,1.022949
198572321,0.098145,0.189697,1.028076
198577321,0.097168,0.19043,1.028809
198582321,0.0979,0.19043,1.027832
198587321,0.09668,0.1875,1.032959
198592321,0.096436,0.186035,1.022217
198597321,0.099854,0.186768,1.031006
198602321,0.096924,0.187988,1.03125
198607321,0.895264,1.999939,-2.0
198612321,1.82666,1.999939,1.999939
198617321,1.293701,1.999939,-2.0
198622321,0.519043,0.165039,1.999939
198627321,-1.543457,1.999939,-1.970215
198632321,-0.967529,0.746094,1.249756
198637321,-1.796143,1.999939,1.999939
198642321,-0.53418,1.182617,-1.940918
198647321,-1.610352,1.95459,-2.0
198652321,-0.319336,1.999939,0.597168
198657321,-0.793945,0.206055,-2.0
198662321,0.071045,1.999939,1.999939
198667321,-0.466553,1.302002,-2.0
198672321,-0.436523,0.711182,-1.161377
198677321,-0.629883,0.848145,-0.590332
198682321,-0.340332,0.134521,-0.576904
198687321,-0.950684,1.999939,-1.785889
198692321,-2.0,1.436279,-2.0
198697321,-0.921631,1.999939,-2.0
198702321,-0.020752,0.32666,-0.589355
198707321,-2.0,1.999939,1.999939
198712321,-2.0,1.793701,-1.543701
198717321,0.604492,1.383545,-2.0
198722321,-0.476318,1.999939,-2.0
198727321,-0.979004,1.797852,-0.37207
198732321,-0.090576,1.170654,0.45459
198737321,-0.861816,1.254395,1.018311
198742321,-0.865967,1.568115,1.115723
198747321,-0.722168,1.633301,1.407959
198752321,-1.440674,1.496338,-0.641113
198757321,0.502441,1.327637,-2.0
198762321,-1.650391,0.484863,1.999939
198767321,-1.532715,0.900391,0.302002
198772321,0.117188,0.997314,-2.0
198777321,-2.0,1.700439,1.999939
198782321,-0.709229,1.613525,0.063965
198787321,-0.12793,0.732422,1.890137
198792321,-1.571045,0.998535,1.999939
198797321,-0.080566,1.999939,-2.0
198802321,-0.442627,1.999939,-2.0
198807321,-1.197998,1.999939,-1.072021
198812321,-0.700928,1.999939,1.711914
198817321,-1.893311,0.75293,-1.051758
198822321,-0.97998,0.324219,0.232178
198827321,-1.657227,0.873535,1.029053
198832321,0.242187,0.060059,1.918457
198837321,0.062012,0.645996,-1.341797
198842321,-1.418457,1.999939,0.567871
198847321,-0.317627,1.999939,0.53833
198852321,-0.217285,1.805176,-0.80835
198857321,-0.284668,0.216553,1.17041
198862321,-0.037842,1.999939,0.940186
198867321,0.165771,1.999939,1.49707
198872321,-1.05835,1.999939,1.983643
198877321,-0.81543,1.999939,1.999939
198882321,-2.0,1.608398,1.334717
198887321,-1.243652,1.359619,-0.530029
198892321,-1.848633,1.349121,-0.635742
198897321,-0.598389,-0.09375,1.065918
198902321,-1.539551,1.231201,1.766357
198907321,-0.802979,1.999939,1.0
198912321,-0.049561,1.157471,1.269043
198917321,0.064453,1.622559,0.920898
198922321,0.022705,0.45459,1.418701
198927321,0.191162,0.295166,1.056641
198932321,0.029297,0.596191,1.116699
198937321,0.236572,0.33252,1.483887
198942321,-0.681396,1.755127,1.177246
198947321,-0.901367,1.999939,1.475342
198952321,-0.758789,0.30835,1.035156
198957321,-0.907471,1.123535,0.804443
198962321,-0.053711,0.481445,1.161621
198967321,-0.839355,1.999939,0.814209
198972321,-0.022461,1.999939,1.243652
198977321,0.053223,0.298096,1.361328
198982321,0.162842,0.231201,1.001465
198987321,-0.06543,0.847168,0.894531
198992321,0.108398,0.104736,0.992676
198997321,0.204834,0.172363,1.219971
199002321,0.162354,0.709229,1.212158
199007321,0.00708,0.239014,1.100342
199012321,0.062744,0.538818,1.040771
199017321,-0.101807,1.999939,1.013916
199022321,0.114014,1.848877,1.265869
199027321,0.01709,1.312256,1.111816
199032321,0.031982,1.999939,0.887207
199037321,0.003418,1.780029,1.057861
199042321,-0.085693,1.999939,0.859619
199047321,-0.192383,1.786865,0.658447
199052321,0.020264,0.685547,1.04834
199057321,0.175781,0.187012,1.044922
199062321,0.060303,1.98291,1.064697
199067321,0.012207,1.999939,1.018799
199072321,0.086426,0.1521,-0.795166
199077321,-0.23999,0.280518,1.202393
199082321,-0.299561,0.63916,1.130615
199087321,0.094482,0.21582,1.014404
199092321,-0.269775,1.064453,1.065918
199097321,0.084961,0.810303,1.073486
199102321,0.158203,0.92041,0.920166
199107321,0.052734,1.938477,0.575928
199112321,0.045654,0.543213,0.785645
199117321,0.00415,0.661377,0.953125
199122321,0.000732,0.693359,0.972168
199127321,0.080811,0.643066,1.052734
199132321,0.055664,0.576416,0.98999
199137321,0.125244,1.525391,1.072754
199142321,0.07251,0.180664,1.040771
199147321,-0.00293,0.217773,1.015137
199152321,0.078857,0.833984,1.018555
199157321,0.18335,0.212158,1.141113
199162321,0.117676,0.524658,1.119873
199167321,0.134033,0.202148,1.135986
199172321,0.095459,1.929443,0.937744
199177321,0.01001,1.999939,0.997803
199182321,0.131104,0.641602,1.125
199187321,0.106689,0.183105,0.940186
199192321,0.038574,0.93042,1.018066
199197321,0.061035,0.291992,1.07959
199202321,0.141602,0.297852,0.995361
199207321,0.088135,0.508545,1.051758
199212321,0.085205,0.42627,1.049316
199217321,0.080078,1.096924,0.959961
199222321,0.067139,0.316162,1.063965
199227321,0.051514,0.662598,1.013916
199232321,0.112061,0.174316,1.014893
199237321,0.113037,0.414795,1.068604
199242321,0.039307,0.42627,1.032471
199247321,0.089355,1.67334,1.096436
199252321,0.048584,0.561035,1.005859
199257321,0.046631,0.422852,0.987793
199262321,0.10498,0.213135,1.083252
199267321,0.090332,0.148682,1.061035
199272321,0.059814,0.205078,1.041748
199277321,0.100098,0.195557,1.065918
199282321,0.046387,0.208252,1.017578
199287321,0.070557,0.210205,1.019287
199292321,0.092285,0.176025,1.04248
199297321,0.086914,0.202637,1.031738
199302321,0.062744,0.407959,1.029053
199307321,0.086914,0.198975,1.03833
199312321,0.081299,0.180908,1.040771
199317321,0.074707,0.240967,1.023682
199322321,0.103027,0.176758,1.085449
199327321,0.062256,0.198486,1.01709
199332321,0.043213,0.202637,0.996826
199337321,0.095947,0.173584,1.065186
199342321,0.069092,0.176758,1.026611
199347321,0.083496,0.195801,1.052979
199352321,0.092285,0.188721,1.063477
199357321,0.046631,0.195068,1.005615
199362321,0.064941,0.195801,1.034668
199367321,0.082031,0.184326,1.035156
199372321,0.085449,0.181152,1.025146
199377321,0.071289,0.19751,1.039307
199382321,0.093262,0.175781,1.054199
199387321,0.05835,0.18335,1.007568
199392321,0.065186,0.192871,1.022461
199397321,0.090576,0.170166,1.050293
199402321,0.085693,0.183594,1.032227
199407321,0.07373,0.179932,1.020264
199412321,0.068848,0.179687,1.048584
199417321,0.061035,0.189209,1.019043
199422321,0.067139,0.191895,1.022217
199427321,0.084473,0.177246,1.058594
199432321,0.078613,0.187988,1.028076
199437321,0.078369,0.179932,1.019287
199442321,0.065918,0.181885,1.030029
199447321,0.071289,0.192383,1.020996
199452321,0.071777,0.188232,1.0271
199457321,0.078125,0.182617,1.047852
199462321,0.075439,0.189941,1.024658
199467321,0.07373,0.185791,1.023682
199472321,0.080811,0.178467,1.0271
199477321,0.07666,0.189453,1.02417
199482321,0.077148,0.186035,1.036621
199487321,0.082764,0.18335,1.036621
199492321,0.070312,0.189209,1.037598
199497321,0.064453,0.187012,1.027832
199502321,0.067139,0.179687,1.025391
199507321,0.064697,0.178467,1.027832
199512321,0.069092,0.1875,1.024414
199517321,0.081543,0.187012,1.031494
199522321,0.08252,0.18457,1.033203
199527321,0.08252,0.189209,1.022217
199532321,0.084961,0.188232,1.030273
199537321,0.077881,0.185303,1.022461
199542321,0.071289,0.182373,1.025879
199547321,0.074219,0.184814,1.035156
199552321,0.06543,0.184326,1.0271
199557321,0.062988,0.187256,1.027832
199562321,0.067627,0.180176,1.032227
199567321,0.071777,0.182617,1.031738
199572321,0.077148,0.183105,1.033447
199577321,0.077148,0.178223,1.038818
199582321,0.070557,0.183105,1.033447
199587321,0.068848,0.184814,1.033203
199592321,0.072998,0.182373,1.033203
199597321,0.070312,0.188477,1.027832
199602321,0.072998,0.182861,1.034424
199607321,0.071777,0.181641,1.030273
199612321,0.069824,0.182861,1.026367
199617321,0.072998,0.188965,1.031006
199622321,0.072754,0.186035,1.033691
199627321,0.07251,0.183105,1.032959
199632321,0.071289,0.182373,1.032227
199637321,0.072998,0.182373,1.031982
199642321,0.071777,0.183594,1.026123
199647321,0.071289,0.18457,1.028564
199652321,0.074219,0.176758,1.043701
199657321,0.070068,0.182861,1.031738
199662321,0.070312,0.184082,1.026123
199667321,0.071777,0.180664,1.031738
199672321,0.07251,0.180176,1.019531
199677321,0.077148,0.185303,1.034912
199682321,0.08374,0.183594,1.041992
199687321,0.072998,0.186523,1.026367
199692321,0.07251,0.191162,1.035156
199697321,0.073242,0.180176,1.028564
199702321,0.071777,0.182129,1.031006
199707321,0.071289,0.186279,1.026611
199712321,0.074219,0.18335,1.035156
199717321,0.071533,0.186279,1.033447
199722321,0.075439,0.185059,1.032227
199727321,0.06958,0.185303,1.029541
199732321,0.074951,0.180176,1.033203
199737321,0.07251,0.184082,1.030029
199742321,0.070557,0.178467,1.031982
199747321,0.070312,0.183838,1.041504
199752321,0.068359,0.182129,1.035156
199757321,0.070557,0.184326,1.029541
199762321,0.070068,0.183105,1.031738
199767321,0.06958,0.18457,1.029541
199772321,0.073975,0.185303,1.024902
199777321,0.077637,0.186768,1.029541
199782321,0.081299,0.186523,1.029541
199787321,0.077393,0.185059,1.036621
199792321,0.075684,0.190186,1.029541
199797321,0.073486,0.184326,1.035889
199802321,0.073975,0.187012,1.03418
199807321,0.073242,0.184082,1.034668
199812321,0.072754,0.186279,1.027588
199817321,0.070312,0.185547,1.034668
199822321,0.075928,0.184326,1.036133
199827321,0.075195,0.182373,1.027344
199832321,0.070068,0.183105,1.032715
199837321,0.068604,0.181641,1.03125
199842321,0.071777,0.181152,1.032959
199847321,0.067627,0.183105,1.031494
199852321,0.071045,0.183838,1.032715
199857321,0.072754,0.180908,1.034424
199862321,0.070068,0.184814,1.027588
199867321,0.075684,0.18335,1.027588
199872321,0.071289,0.185547,1.029053
199877321,0.075684,0.183105,1.029785
199882321,0.075439,0.184814,1.027588
199887321,0.072754,0.187012,1.036377
199892321,0.075439,0.186768,1.034912
199897321,0.075439,0.182129,1.024658
199902321,0.072754,0.186768,1.031738
199907321,0.071777,0.186035,1.023926
199912321,0.074707,0.185303,1.027588
199917321,0.071289,0.184326,1.029541
199922321,0.070068,0.183105,1.026855
199927321,0.072021,0.186279,1.035645
199932321,0.073486,0.184814,1.033203
199937321,0.076904,0.186035,1.032959
199942321,0.077148,0.184082,1.034668
199947321,0.074951,0.185791,1.023682
199952321,0.078125,0.186768,1.033691
199957321,0.073975,0.186523,1.029541
199962321,0.073486,0.18335,1.037354
199967321,0.075195,0.185059,1.036621
199972321,0.074463,0.182129,1.029053
199977321,0.076416,0.177002,1.033691
199982321,0.07251,0.185059,1.036621
199987321,0.072266,0.183594,1.032959
199992321,0.072998,0.180664,1.031494
199997321,0.074219,0.180176,1.033203
200002321,0.068848,0.182861,1.031982
200007321,0.071045,0.185303,1.029785
200012321,0.070801,0.185059,1.030762
200017321,0.072021,0.181641,1.030762
200022321,0.069092,0.183105,1.030029
200027321,0.071533,0.187988,1.027588
200032321,0.073486,0.186768,1.035889
200037321,0.072266,0.181885,1.039063
200042321,0.07373,0.180908,1.031738
200047321,0.072998,0.182617,1.03418
200052321,0.071533,0.179443,1.0271
200057321,0.078369,0.185059,1.030518
200062321,0.07373,0.184082,1.029053
200067321,0.066895,0.185303,1.031982
200072321,0.07373,0.18335,1.028076
200077321,0.07373,0.181641,1.028076
200082321,0.075439,0.181396,1.029541
200087321,0.073975,0.183105,1.0354
200092321,0.074463,0.182129,1.027344
200097321,0.07251,0.187012,1.027832
200102321,0.072266,0.183594,1.035156
200107321,0.072266,0.189209,1.031006
200112321,0.078613,0.180664,1.0354
200117321,0.076416,0.185791,1.042725
200122321,0.077393,0.186768,1.025879
200127321,0.071289,0.187012,1.017334
200132321,0.07251,0.184814,1.024658
200137321,0.068359,0.183594,1.022949
200142321,0.069336,0.183594,1.025391
200147321,0.06958,0.185791,1.032227
200152321,0.071533,0.184326,1.035645
200157321,0.074951,0.188232,1.03833
200162321,0.079834,0.183838,1.040039
200167321,0.075195,0.186279,1.031738
200172321,0.080322,0.188477,1.022461
200177321,0.072266,0.1875,1.025146
200182321,0.074463,0.186768,1.032471
200187321,0.07251,0.190674,1.033936
200192321,0.076416,0.188965,1.029541
200197321,0.078125,0.185059,1.032227
200202321,0.081543,0.183838,1.0354
200207321,0.078857,0.186768,1.041992
200212321,0.080566,0.185547,1.034424
200217321,0.075439,0.185547,1.030762
200222321,0.074707,0.186768,1.033936
200227321,0.06958,0.181641,1.02832
200232321,0.072998,0.182129,1.037598
200237321,0.073242,0.181885,1.032715
200242321,0.069336,0.182861,1.031738
200247321,0.074463,0.181885,1.032715
200252321,0.069092,0.181641,1.03125
200257321,0.072754,0.18335,1.031006
200262321,0.067139,0.184326,1.029053
200267321,0.069336,0.185059,1.039063
200272321,0.071045,0.18042,1.03418
200277321,0.065674,0.186279,1.031006
200282321,0.063477,0.179687,1.032959
200287321,0.065186,0.179932,1.034912
200292321,0.070801,0.178955,1.029297
200297321,0.067627,0.179443,1.031982
200302321,0.068359,0.180664,1.0354
200307321,0.076416,0.177979,1.034668
200312321,0.069336,0.183105,1.027344
200317321,0.067871,0.18042,1.038086
200322321,0.073486,0.181885,1.032227
200327321,0.067871,0.18042,1.03418
200332321,0.075684,0.179687,1.0354
200337321,0.07251,0.180908,1.034912
200342321,0.077148,0.187012,1.035889
200347321,0.076416,0.186279,1.02832
200352321,0.078857,0.188721,1.029785
200357321,0.074707,0.190186,1.03125
200362321,0.071533,0.188965,1.029541
200367321,0.070312,0.185547,1.032715
200372321,0.071289,0.181396,1.041992
200377321,0.072998,0.181885,1.037842
200382321,0.072754,0.180176,1.035889
200387321,0.068604,0.179932,1.040527
200392321,0.069824,0.185547,1.028076
200397321,0.072998,0.184814,1.026855
200402321,0.076904,0.186768,1.035645
200407321,0.077393,0.19165,1.034668
200412321,0.076416,0.193604,1.039551
200417321,0.08374,0.193604,1.041504
200422321,0.08252,0.19043,1.038574
200427321,0.081055,0.19165,1.038086
200432321,0.081543,0.188965,1.043213
200437321,0.073975,0.180908,1.039795
200442321,0.074951,0.186523,1.035645
200447321,0.06665,0.181396,1.036133
200452321,0.067383,0.181396,1.033936
200457321,0.070801,0.177734,1.035156
200462321,0.063477,0.180908,1.031006
200467321,0.063965,0.185303,1.02124
200472321,0.068359,0.184326,1.025635
200477321,0.071533,0.186768,1.033691
200482321,0.069336,0.185547,1.032715
200487321,0.073486,0.182861,1.030518
200492321,0.077637,0.187744,1.031006
200497321,0.073242,0.18335,1.039551
200502321,0.076904,0.178467,1.032471
200507321,0.069824,0.18042,1.035645
200512321,0.067627,0.179932,1.036621
200517321,0.072021,0.184082,1.03833
200522321,0.065918,0.177979,1.025391
200527321,0.068604,0.178955,1.033936
200532321,0.069824,0.175537,1.025879
200537321,0.071289,0.181152,1.025879
200542321,0.074707,0.185059,1.024658
200547321,0.071777,0.188477,1.029785
200552321,0.067627,0.189209,1.031494
200557321,0.073486,0.187256,1.034424
200562321,0.074951,0.1875,1.037109
200567321,0.073975,0.184814,1.029297
200572321,0.071289,0.186768,1.031738
200577321,0.075195,0.189209,1.029053
200582321,0.076904,0.182861,1.031738
200587321,0.075195,0.179199,1.038818
200592321,0.074707,0.185791,1.0271
200597321,0.076416,0.18457,1.027344
200602321,0.073242,0.183594,1.034668
200607321,0.076416,0.182617,1.037109
200612321,0.074463,0.181396,1.033691
200617321,0.074707,0.182617,1.027832
200622321,0.068359,0.187744,1.021729
200627321,0.069092,0.178955,1.0271
200632321,0.069824,0.181641,1.032715
200637321,0.071777,0.18335,1.035156
200642321,0.065674,0.184814,1.034912
200647321,0.071777,0.185547,1.030029
200652321,0.06958,0.186523,1.030518
200657321,0.073486,0.183594,1.029297
200662321,0.074951,0.183594,1.0271
200667321,0.078857,0.184326,1.0354
200672321,0.08252,0.189209,1.034424
200677321,0.07959,0.183105,1.030518
200682321,0.072998,0.187256,1.031494
200687321,0.069092,0.185791,1.029785
200692321,0.074951,0.185547,1.035156
200697321,0.072754,0.18042,1.033936
200702321,0.071289,0.178223,1.031006
200707321,0.074463,0.179443,1.036133
200712321,0.077637,0.184326,1.039551
200717321,0.077637,0.188965,1.038574
200722321,0.070801,0.189941,1.032715
200727321,0.075195,0.187744,1.029541
200732321,0.072266,0.183838,1.033203
200737321,0.07666,0.185547,1.030273
200742321,0.072266,0.186768,1.031738
200747321,0.07666,0.184326,1.036133
200752321,0.07251,0.187744,1.033691
200757321,0.066406,0.185059,1.029297
200762321,0.151123,-0.976074,1.838135
200767321,1.770752,-1.255127,1.999939
200772321,1.325439,1.999939,1.999939
200777321,1.145264,1.234863,0.259277
200782321,-2.0,1.999939,1.999939
200787321,-2.0,1.999939,-2.0
200792321,-1.981934,0.825684,-0.790527
200797321,-1.886475,0.928955,-2.0
200802321,-0.707031,-0.416504,-2.0
200807321,-0.123047,0.464111,-2.0
200812321,-1.905029,0.723633,-0.603027
200817321,-0.552979,1.205811,-2.0
200822321,-1.308594,0.463623,-0.993896
200827321,-1.696533,0.73877,-1.542236
200832321,-0.584717,1.165771,-0.532715
200837321,-0.824463,0.471924,1.999939
200842321,-0.009277,0.23999,1.060791
200847321,-1.074951,0.919189,-0.116455
200852321,-1.687256,1.940674,-2.0
200857321,-0.937256,1.999939,-2.0
200862321,-0.301514,1.337402,1.305908
200867321,-0.774658,0.161865,1.31665
200872321,-0.079834,0.5271,0.939453
200877321,0.109131,0.198242,0.941162
200882321,0.0625,0.059082,0.737549
200887321,0.11084,0.092041,0.958496
200892321,0.122803,0.255859,1.076416
200897321,0.04834,0.201172,1.01123
200902321,0.071533,0.154297,0.96167
200907321,0.070801,0.211914,1.039551
200912321,0.049072,0.218018,1.024658
200917321,-0.05542,1.012939,0.742432
200922321,-0.22998,1.999939,1.51416
200927321,-0.046631,1.130615,0.820801
200932321,0.086182,1.999939,1.118164
200937321,-0.16333,1.050049,1.083008
200942321,-0.046875,0.678223,1.00708
200947321,0.093506,0.132812,0.897705
200952321,0.074219,0.186523,1.021484
200957321,0.060791,0.196289,1.023193
200962321,0.050049,0.192871,1.064697
200967321,0.07666,0.237549,1.151123
200972321,-0.040283,0.185791,0.693604
200977321,-1.023193,1.76709,-1.461914
200982321,-0.856445,0.644043,1.064209
200987321,0.111572,0.433838,1.031494
200992321,0.075684,0.177002,1.006104
200997321,0.079102,0.188232,1.013916
201002321,0.09375,0.16333,1.015381
201007321,0.049072,0.18042,0.923584
201012321,0.101563,0.168701,1.095215
201017321,0.056152,0.289307,0.565186
201022321,-0.596191,0.617432,1.568604
201027321,-1.023682,0.158936,1.101563
201032321,-0.008789,0.217285,0.94043
201037321,0.05127,0.296143,1.011963
201042321,0.062012,0.180176,1.136963
201047321,0.039551,0.966553,0.759277
201052321,-0.303223,1.999939,1.145752
201057321,-0.205322,0.263916,1.258301
201062321,0.082275,0.227051,1.34668
201067321,0.084717,0.19165,1.1521
201072321,0.114014,0.948975,1.149902
201077321,0.110596,1.999939,0.830322
201082321,0.100586,1.417725,1.156738
201087321,0.048584,1.999939,1.016357
201092321,-0.001465,1.999939,0.920654
201097321,0.093506,0.179687,0.956299
201102321,0.227539,0.219727,1.513428
201107321,-0.180176,1.714111,0.907959
201112321,-0.032471,1.999939,0.809326
201117321,-0.070312,1.999939,0.770752
201122321,0.189697,0.199463,1.369141
201127321,0.053467,0.186768,0.969971
201132321,0.172119,0.027588,1.00415
201137321,-0.230469,1.36084,1.527588
201142321,-0.104248,1.992432,1.160156
201147321,-0.661377,0.827393,1.279297
201152321,-0.060547,0.791748,0.907227
201157321,0.093262,0.226562,0.887207
201162321,-0.040283,0.283936,0.832031
201167321,0.119873,0.138184,1.004639
201172321,-0.016113,0.216797,1.141846
201177321,0.122314,0.062256,0.913818
201182321,0.037109,0.278076,0.984131
201187321,0.048828,0.213623,1.043701
201192321,0.086426,0.121826,0.919922
201197321,0.120605,0.089844,0.962646
201202321,0.087158,0.131104,1.086426
201207321,-0.001221,0.374512,1.149414
201212321,0.081299,0.161865,1.034668
201217321,0.058105,0.188477,1.031738
201222321,0.046143,0.27002,1.004395
201227321,0.05542,0.185303,0.977539
201232321,0.089355,0.100098,0.924561
201237321,0.071533,0.207275,1.010498
201242321,0.039307,0.216064,0.985596
201247321,0.10083,0.187744,1.094971
201252321,0.081055,1.606445,1.097168
201257321,0.072998,0.215576,1.11499
201262321,0.045898,0.446289,1.062012
201267321,0.051025,0.182373,0.950439
201272321,-0.052734,1.999939,0.983154
201277321,-0.007813,0.402588,0.368896
201282321,-1.077881,1.999939,0.602295
201287321,-0.107666,0.230713,0.934082
201292321,0.081543,0.082275,1.040039
201297321,0.299805,0.295898,1.680176
201302321,-0.116455,1.193359,0.813965
201307321,0.063965,0.093262,0.898682
201312321,0.086426,0.177246,1.02417
201317321,0.08374,0.155518,1.12085
201322321,0.101074,0.188965,1.084961
201327321,0.081299,0.150391,1.031982
201332321,0.066162,0.13501,1.035889
201337321,0.076416,0.162354,1.032471
201342321,0.071533,0.192871,1.029785
201347321,0.061279,0.187012,1.025146
201352321,0.06543,0.179443,1.041748
201357321,0.07373,0.140381,1.015625
201362321,0.036865,0.20166,1.050781
201367321,0.053711,0.208984,1.064209
201372321,0.049805,0.208984,1.054199
201377321,0.056152,0.228516,1.06543
201382321,0.05542,0.209961,1.05835
201387321,0.061279,0.212646,1.031982
201392321,0.05835,0.200684,1.038086
201397321,0.066406,0.184326,1.031982
201402321,0.055908,0.196533,0.998047
201407321,0.068848,0.190186,1.031494
201412321,0.057129,0.165039,1.023682
201417321,0.064697,0.176758,1.017578
201422321,0.07959,0.171875,1.015869
201427321,0.067383,0.140869,1.012695
201432321,0.070068,0.174316,1.0
201437321,0.073242,0.174316,1.010986
201442321,0.070801,0.153076,1.013672
201447321,0.063477,0.182129,1.01123
201452321,0.078613,0.1875,1.021973
201457321,0.063477,0.170166,1.023926
201462321,0.062256,0.191895,1.039307
201467321,0.061523,0.206543,1.046387
201472321,0.044678,0.214355,1.049561
201477321,0.042969,0.22998,1.049316
201482321,0.044678,0.22998,1.046387
201487321,0.052002,0.213867,1.040527
201492321,0.062988,0.201904,1.031982
201497321,0.065918,0.193115,1.024414
201502321,0.062012,0.185059,1.025635
201507321,0.065674,0.172852,1.026611
201512321,0.067139,0.16626,1.02417
201517321,0.070312,0.148682,1.018799
201522321,0.072021,0.142334,1.01416
201527321,0.077881,0.148437,1.019775
201532321,0.069336,0.166504,1.026123
201537321,0.060791,0.187012,1.031738
201542321,0.058594,0.204102,1.048584
201547321,0.056396,0.19751,1.029541
201552321,0.064453,0.194336,1.04248
201557321,0.051758,0.1875,1.018311
201562321,0.048096,0.203613,1.037109
201567321,0.051514,0.195557,1.024902
201572321,0.052246,0.200928,1.034668
201577321,0.060791,0.192139,1.039795
201582321,0.062012,0.186035,1.037354
201587321,0.060303,0.175537,1.022949
201592321,0.068359,0.170166,1.019043
201597321,0.067871,0.179443,1.040039
201602321,0.068115,0.167725,1.023682
201607321,0.064453,0.179199,1.023438
201612321,0.062012,0.18335,1.032471
201617321,0.047119,0.210449,1.042969
201622321,0.053711,0.179199,1.036377
201627321,0.054443,0.184082,1.036865
201632321,0.05542,0.185059,1.029053
201637321,0.052979,0.196045,1.034912
201642321,0.05835,0.193359,1.028564
201647321,0.055908,0.175781,1.023193
201652321,0.05957,0.179932,1.031006
201657321,0.056396,0.178955,1.026367
201662321,0.064209,0.19751,1.041504
201667321,0.061768,0.183594,1.031982
201672321,0.05835,0.178711,1.017334
201677321,0.077148,0.18457,1.006836
201682321,0.065918,0.196533,1.031006
201687321,0.061523,0.180664,1.036133
201692321,0.059814,0.185303,1.036377
201697321,0.066406,0.197754,1.034668
201702321,0.053223,0.204102,1.032959
201707321,0.053223,0.210205,1.041504
201712321,0.052002,0.199707,1.040283
201717321,0.053223,0.208984,1.065186
201722321,0.052734,0.224365,1.051025
201727321,0.063232,0.197021,1.043457
201732321,0.047852,0.200195,1.03833
201737321,0.070557,0.171143,1.021729
201742321,0.067139,0.166992,1.020264
201747321,0.065918,0.196045,1.04126
201752321,0.065674,0.179932,1.043213
201757321,0.078857,0.1604,1.012695
201762321,0.07666,0.162354,0.993408
201767321,0.06958,0.163818,1.015625
201772321,0.079102,0.16748,1.037598
201777321,0.067383,0.169189,1.033203
201782321,0.065186,0.176025,1.032227
201787321,0.064697,0.160889,1.011475
201792321,0.064209,0.165771,1.029297
201797321,0.063477,0.164795,1.012451
201802321,0.05957,0.173828,1.022705
201807321,0.057129,0.179932,1.028809
201812321,0.064209,0.197266,1.03125
201817321,0.066406,0.200684,1.041748
201822321,0.065186,0.19751,1.047852
201827321,0.064941,0.199951,1.05127
201832321,0.067383,0.187988,1.047852
201837321,0.033447,0.156982,1.065186
201842321,0.097656,0.237061,1.016846
201847321,0.039551,0.194336,1.072021
201852321,0.06665,0.19751,1.061035
201857321,0.067627,0.191895,1.030273
201862321,0.067139,0.173584,1.006348
201867321,0.03418,0.151855,1.009277
201872321,0.052734,0.1604,1.016113
201877321,0.035156,0.162109,1.026123
201882321,0.040771,0.179199,1.037109
201887321,0.046143,0.175537,1.030518
201892321,0.052734,0.177734,1.014648
201897321,0.056641,0.170654,1.011475
201902321,0.071533,0.170898,1.013428
201907321,0.084229,0.168945,1.026855
201912321,0.080566,0.172852,1.033447
201917321,0.091064,0.1875,1.025635
201922321,0.089111,0.192627,1.029541
201927321,0.085449,0.1875,1.024414
201932321,0.088135,0.186523,1.024902
201937321,0.077637,0.180664,1.036621
201942321,0.062988,0.176758,1.034668
201947321,0.052734,0.184814,1.039063
201952321,0.04248,0.18457,1.030273
201957321,0.029053,0.189941,1.034668
201962321,0.026611,0.183594,1.036377
201967321,0.027588,0.185059,1.039795
201972321,0.024414,0.183594,1.036377
201977321,0.033691,0.186279,1.031494
201982321,0.039063,0.189941,1.03833
201987321,0.053955,0.194092,1.054199
201992321,0.074707,0.179199,1.052979
201997321,0.161865,0.176514,1.036621
202002321,0.123291,0.145264,1.037842
202007321,0.104736,0.171143,1.033936
202012321,0.09668,0.171875,1.038818
202017321,0.088867,0.17041,1.022705
202022321,0.079834,0.177246,1.022217
202027321,0.06543,0.169678,1.010498
202032321,0.060059,0.160156,1.022461
202037321,0.045166,0.156738,1.030029
202042321,0.036621,0.152588,1.030762
202047321,0.039307,0.152588,1.024658
202052321,0.036377,0.160156,1.022949
202057321,0.047607,0.162354,1.024414
202062321,0.054932,0.165771,1.028564
202067321,0.060547,0.172607,1.034668
202072321,0.070312,0.178711,1.031982
202077321,0.082031,0.189453,1.028809
202082321,0.084961,0.199219,1.022461
202087321,0.092285,0.200928,1.028564
202092321,0.090088,0.19751,1.027588
202097321,0.07251,0.197998,1.026367
202102321,0.069824,0.190918,1.0354
202107321,0.054199,0.183594,1.030029
202112321,0.036621,0.184326,1.031494
202117321,0.033691,0.177002,1.031738
202122321,0.030762,0.182373,1.031982
202127321,0.030762,0.18335,1.036133
202132321,0.033691,0.186523,1.040771
202137321,0.043213,0.18335,1.029053
202142321,0.050781,0.186523,1.03125
202147321,0.06543,0.184814,1.028076
202152321,0.076904,0.183105,1.033447
202157321,0.089111,0.190918,1.013916
202162321,0.083252,0.176025,1.047852
202167321,0.082764,0.181152,1.048828
202172321,0.083252,0.186035,1.034668
202177321,0.069824,0.175049,1.017334
202182321,0.073975,0.177979,1.020996
202187321,0.062256,0.168945,1.015869
202192321,0.060059,0.170898,1.036865
202197321,0.056885,0.171387,1.04126
202202321,0.050781,0.169922,1.034668
202207321,0.045654,0.175049,1.039063
202212321,0.043945,0.178955,1.021484
202217321,0.050537,0.183594,1.027588
202222321,0.057373,0.179932,1.022461
202227321,0.06543,0.190674,1.028809
202232321,0.069092,0.186768,1.036865
202237321,0.079102,0.19751,1.040527
202242321,0.08252,0.19751,1.028564
202247321,0.086426,0.195801,1.032227
202252321,0.081299,0.189697,1.034668
202257321,0.080322,0.190674,1.037109
202262321,0.071777,0.187988,1.037598
202267321,0.062256,0.189697,1.036133
202272321,0.057129,0.184082,1.036377
202277321,0.049316,0.182617,1.032227
202282321,0.053467,0.178955,1.027344
202287321,0.054199,0.185791,1.036377
202292321,0.056396,0.185303,1.03418
202297321,0.059326,0.184814,1.030029
202302321,0.065674,0.187988,1.027832
202307321,0.062744,0.185547,1.025146
202312321,0.068604,0.189209,1.033447
202317321,0.076172,0.185791,1.027832
202322321,0.083496,0.175293,1.040771
202327321,0.082275,0.178223,1.039551
202332321,0.08374,0.186035,1.036377
202337321,0.076172,0.184082,1.023926
202342321,0.067139,0.179199,1.0271
202347321,0.0625,0.182617,1.037598
202352321,0.053467,0.184326,1.030518
202357321,0.05127,0.18457,1.023682
202362321,0.043701,0.182129,1.022217
202367321,0.043701,0.179932,1.021729
202372321,0.049316,0.184082,1.032959
202377321,0.055664,0.19043,1.031982
202382321,0.05957,0.186279,1.037354
202387321,0.070557,0.185303,1.033447
202392321,0.074707,0.182861,1.03418
202397321,0.083252,0.186035,1.030762
202402321,0.084717,0.184326,1.039063
202407321,0.078613,0.188477,1.039551
202412321,0.074707,0.185059,1.033936
202417321,0.070068,0.184814,1.035156
202422321,0.064697,0.185303,1.025391
202427321,0.062012,0.178711,1.02417
202432321,0.054199,0.180664,1.020752
202437321,0.05127,0.177979,1.02832
202442321,0.049805,0.181152,1.027832
202447321,0.054199,0.180664,1.037354
202452321,0.053955,0.179932,1.033203
202457321,0.059082,0.176514,1.034912
202462321,0.063232,0.178955,1.038086
202467321,0.068848,0.180664,1.030762
202472321,0.080811,0.184082,1.034668
202477321,0.078369,0.188965,1.039551
202482321,0.074707,0.1875,1.036621
202487321,0.075439,0.184082,1.033691
202492321,0.069092,0.191162,1.023682
202497321,0.065186,0.182373,1.018555
202502321,0.058594,0.189453,1.0354
202507321,0.053955,0.181152,1.024658
202512321,0.055176,0.186035,1.025635
202517321,0.053711,0.182373,1.022705
202522321,0.050781,0.177979,1.033447
202527321,0.058594,0.181885,1.044678
202532321,0.064209,0.174072,1.045166
202537321,0.0625,0.168945,1.049561
202542321,0.070312,0.176025,1.040283
202547321,0.065186,0.175537,1.032715
202552321,0.070801,0.186768,1.030762
202557321,0.077393,0.187256,1.03125
202562321,0.092773,0.194092,1.026855
202567321,0.092773,0.19873,1.028809
202572321,0.093994,0.185547,1.034668
202577321,0.088135,0.182861,1.025879
202582321,0.07959,0.176758,1.03418
202587321,0.065674,0.164551,1.042969
202592321,0.064209,0.158936,1.041992
202597321,0.05835,0.160156,1.043945
202602321,0.040527,0.174072,1.024658
202607321,0.047363,0.178711,1.020752
202612321,0.043457,0.182373,1.021973
202617321,0.049561,0.193604,1.017578
202622321,0.061523,0.196533,1.019531
202627321,0.063232,0.192627,1.018066
202632321,0.067383,0.19873,1.020752
202637321,0.043213,0.196533,1.022949
202642321,0.068359,0.208496,1.0271
202647321,0.070801,0.198975,1.038574
202652321,0.078857,0.185059,1.037109
202657321,0.075439,0.190674,1.032227
202662321,0.074463,0.188232,1.032227
202667321,0.063477,0.179932,1.0271
202672321,0.063477,0.176514,1.030273
202677321,0.056396,0.182129,1.031006
202682321,0.058105,0.180664,1.033936
202687321,0.05249,0.17749,1.030273
202692321,0.052979,0.176514,1.030029
202697321,0.056885,0.178955,1.028076
202702321,0.064941,0.183838,1.033447
202707321,0.075439,0.188477,1.042725
202712321,0.067383,0.191406,1.036621
202717321,0.070557,0.188721,1.032227
202722321,0.072021,0.183105,1.0354
202727321,0.074219,0.183594,1.035889
202732321,0.069336,0.179443,1.031982
202737321,0.06665,0.174316,1.042725
202742321,0.062256,0.17749,1.032471
202747321,0.060303,0.174805,1.033691
202752321,0.054932,0.177734,1.023682
202757321,0.059082,0.18335,1.027832
202762321,0.042725,0.179199,1.024902
202767321,0.048584,0.184326,1.022461
202772321,0.055908,0.182373,1.026123
202777321,0.063477,0.181396,1.027832
202782321,0.06543,0.188477,1.024658
202787321,0.074951,0.192139,1.029297
202792321,0.072998,0.190186,1.022705
202797321,0.079834,0.187988,1.034668
202802321,0.084961,0.190186,1.031738
202807321,0.080566,0.192627,1.032227
202812321,0.078125,0.192383,1.033447
202817321,0.070068,0.194336,1.026367
202822321,0.063721,0.187988,1.024414
202827321,0.059326,0.187012,1.018311
202832321,0.059326,0.18457,1.010742
202837321,0.058838,0.182861,1.020264
202842321,0.057373,0.186279,1.02002
202847321,0.059814,0.187744,1.025879
202852321,0.069336,0.184814,1.031982
202857321,0.071777,0.186523,1.031982
202862321,0.076416,0.18042,1.03418
202867321,0.074951,0.186035,1.042725
202872321,0.07666,0.180176,1.038574
202877321,0.066895,0.18457,1.030762
202882321,0.066895,0.183105,1.030762
202887321,0.069336,0.181885,1.032227
202892321,0.068115,0.190918,1.022461
202897321,0.072021,0.189453,1.024414
202902321,0.072021,0.190674,1.021484
202907321,0.071289,0.190674,1.0354
202912321,0.070801,0.182861,1.036133
202917321,0.057617,0.181396,1.040771
202922321,0.056641,0.18042,1.036377
202927321,0.054687,0.178223,1.030273
202932321,0.055176,0.178711,1.031738
202937321,0.054932,0.176514,1.030762
202942321,0.061035,0.180664,1.028076
202947321,0.061279,0.181641,1.02002
202952321,0.068848,0.180908,1.031738
202957321,0.077148,0.18042,1.031738
202962321,0.081055,0.187744,1.031006
202967321,0.074219,0.188721,1.021973
202972321,0.073975,0.18457,1.030518
202977321,0.069092,0.185059,1.031494
202982321,0.065186,0.184082,1.0354
202987321,0.06665,0.182617,1.030518
202992321,0.063721,0.183105,1.032471
202997321,0.064453,0.18335,1.031738
203002321,0.062256,0.18457,1.033691
203007321,0.05835,0.181641,1.037354
203012321,0.060059,0.179932,1.040771
203017321,0.060059,0.179687,1.038574
203022321,0.063232,0.186035,1.031738
203027321,0.067383,0.18335,1.035889
203032321,0.074219,0.184814,1.036621
203037321,0.077637,0.18457,1.037354
203042321,0.07959,0.189941,1.030273
203047321,0.06958,0.185303,1.038086
203052321,0.068604,0.181396,1.034912
203057321,0.06543,0.181396,1.028564
203062321,0.061523,0.178955,1.027344
203067321,0.064941,0.182617,1.022705
203072321,0.063965,0.187744,1.028076
203077321,0.061768,0.181152,1.029053
203082321,0.059326,0.18042,1.0354
203087321,0.060059,0.180664,1.033203
203092321,0.061523,0.185547,1.026611
203097321,0.061768,0.188232,1.033936
203102321,0.064697,0.185059,1.038818
203107321,0.064697,0.187012,1.035156
203112321,0.062256,0.194092,1.030029
203117321,0.061768,0.19458,1.020264
203122321,0.066895,0.192871,1.03418
203127321,0.066895,0.191162,1.027832
203132321,0.066895,0.183838,1.030029
203137321,0.068359,0.184082,1.026123
203142321,0.068359,0.183594,1.029541
203147321,0.066895,0.179687,1.038818
203152321,0.063232,0.183105,1.03418
203157321,0.067139,0.180176,1.031494
203162321,0.067139,0.177002,1.024658
203167321,0.061035,0.180908,1.028564
203172321,0.062012,0.181641,1.018799
203177321,0.067627,0.17627,1.026367
203182321,0.062988,0.176514,1.026611
203187321,0.065674,0.18042,1.025879
203192321,0.068359,0.185059,1.025146
203197321,0.070312,0.181396,1.029541
203202321,0.070557,0.180908,1.037598
203207321,0.063477,0.177979,1.035156
203212321,0.068115,0.189209,1.026855
203217321,0.065186,0.182617,1.033936
203222321,0.061035,0.184082,1.027344
203227321,0.064697,0.19165,1.033447
203232321,0.06543,0.188477,1.033936
203237321,0.059326,0.183838,1.02832
203242321,0.050537,0.181885,1.036133
203247321,0.060059,0.187744,1.032471
203252321,0.058105,0.182129,1.037109
203257321,0.061523,0.178467,1.033691
203262321,0.064209,0.182861,1.033203
203267321,0.069336,0.180664,1.030273
203272321,0.068359,0.176758,1.032227
203277321,0.074707,0.178711,1.029785
203282321,0.075439,0.180664,1.028564
203287321,0.074707,0.182373,1.029785
203292321,0.069824,0.186523,1.018066
203297321,0.070801,0.185547,1.024658
203302321,0.073975,0.183105,1.028076
203307321,0.070068,0.186523,1.020996
203312321,0.065186,0.187988,1.030029
203317321,0.063721,0.18335,1.026611
203322321,0.057373,0.185303,1.027344
203327321,0.057373,0.196777,1.033691
203332321,0.060059,0.181641,1.045166
203337321,0.100098,0.229736,1.017822
203342321,0.068848,0.176025,1.046387
203347321,0.06958,0.17627,1.040771
203352321,0.093506,0.215088,1.054199
203357321,0.080322,0.173584,1.04834
203362321,0.067139,0.166016,1.04126
203367321,0.092285,0.175537,1.051514
203372321,0.079834,0.161865,1.037109
203377321,0.080811,0.15332,1.044922
203382321,0.071777,0.164307,1.036621
203387321,0.075928,0.18457,1.036621
203392321,0.071289,0.159668,1.033203
203397321,0.062744,0.17627,1.019531
203402321,0.071045,0.195312,1.022217
203407321,0.05127,0.177734,1.013672
203412321,0.050537,0.180908,1.019043
203417321,0.05249,0.195068,1.03125
203422321,0.050537,0.182373,1.033691
203427321,0.046143,0.182129,1.040039
203432321,0.060059,0.187744,1.047119
203437321,0.055908,0.189209,1.044189
203442321,0.064209,0.180664,1.049072
203447321,0.063965,0.184326,1.044434
203452321,0.071533,0.181885,1.043945
203457321,0.070068,0.179199,1.03418
203462321,0.071045,0.187744,1.025146
203467321,0.072266,0.19165,1.017822
203472321,0.072021,0.188477,1.016602
203477321,0.067139,0.184326,1.014404
203482321,0.068115,0.188232,1.016357
203487321,0.064697,0.182129,1.016357
203492321,0.062988,0.17749,1.032959
203497321,0.062012,0.183105,1.029297
203502321,0.058594,0.170898,1.034668
203507321,0.059082,0.168213,1.043457
203512321,0.059082,0.170654,1.040039
203517321,0.066406,0.177734,1.037109
203522321,0.065186,0.17627,1.039795
203527321,0.066406,0.180908,1.035889
203532321,0.068604,0.188965,1.03125
203537321,0.067871,0.187256,1.023438
203542321,0.068604,0.194336,1.023193
203547321,0.067139,0.195557,1.020264
203552321,0.067139,0.195068,1.019287
203557321,0.062988,0.188477,1.03125
203562321,0.062012,0.183838,1.0271
203567321,0.061523,0.186279,1.030273
203572321,0.062012,0.181152,1.031982
203577321,0.061768,0.176514,1.041748
203582321,0.061279,0.174072,1.043213
203587321,0.066406,0.172852,1.041504
203592321,0.070557,0.174561,1.039307
203597321,0.064697,0.177246,1.036621
203602321,0.069092,0.181396,1.026855
203607321,0.072266,0.181885,1.020508
203612321,0.072021,0.185547,1.023926
203617321,0.074463,0.188477,1.021729
203622321,0.07251,0.191406,1.019531
203627321,0.067871,0.189697,1.030029
203632321,0.068604,0.188721,1.033203
203637321,0.065918,0.187988,1.026855
203642321,0.061768,0.181396,1.036865
203647321,0.0625,0.177246,1.036621
203652321,0.060303,0.181152,1.038818
203657321,0.055908,0.174316,1.044678
203662321,0.054687,0.177246,1.040283
203667321,0.058838,0.173828,1.036377
203672321,0.061279,0.179199,1.02832
203677321,0.061035,0.177002,1.031494
203682321,0.060059,0.182617,1.023438
203687321,0.059814,0.181641,1.019531
203692321,0.060303,0.180908,1.019775
203697321,0.063965,0.18042,1.026367
203702321,0.059082,0.186035,1.022217
203707321,0.065186,0.184814,1.033447
203712321,0.033936,0.186523,1.023926
203717321,0.067139,0.206055,1.031494
203722321,0.053467,0.190186,1.024658
203727321,0.06665,0.17334,1.0354
203732321,0.064453,0.188232,1.032471
203737321,0.069336,0.187744,1.036865
203742321,0.061523,0.175293,1.032959
203747321,0.061523,0.189453,1.03125
203752321,0.062744,0.192871,1.033447
203757321,0.061279,0.187012,1.027832
203762321,0.062988,0.192383,1.025391
203767321,0.068359,0.195557,1.025146
203772321,0.064941,0.189453,1.023193
203777321,0.072021,0.192139,1.034668
203782321,0.073242,0.193359,1.033691
203787321,0.070312,0.184326,1.033691
203792321,0.069824,0.182617,1.036377
203797321,0.068848,0.174561,1.031494
203802321,0.067627,0.177246,1.034668
203807321,0.063965,0.175293,1.038086
203812321,0.067627,0.178467,1.027344
203817321,0.063232,0.17627,1.032227
203822321,0.061523,0.178955,1.027832
203827321,0.061035,0.180908,1.03125
203832321,0.064209,0.178223,1.02417
203837321,0.05835,0.187744,1.020996
203842321,0.066406,0.187988,1.015381
203847321,0.068359,0.187012,1.02124
203852321,0.066895,0.188477,1.024902
203857321,0.064209,0.189453,1.027832
203862321,0.06665,0.186523,1.035889
203867321,0.070312,0.182373,1.035156
203872321,0.0625,0.182861,1.032227
203877321,0.066406,0.183594,1.033203
203882321,0.0625,0.185791,1.034912
203887321,0.063477,0.188232,1.036865
203892321,0.065918,0.186768,1.036621
203897321,0.069824,0.182617,1.026367
203902321,0.0625,0.185303,1.026611
203907321,0.0625,0.18335,1.021484
203912321,0.064209,0.183838,1.026123
203917321,0.066895,0.182617,1.031982
203922321,0.068604,0.189697,1.030518
203927321,0.06665,0.187744,1.02417
203932321,0.072754,0.184082,1.029053
203937321,0.072998,0.181152,1.034912
203942321,0.063477,0.177734,1.032227
203947321,0.067383,0.180664,1.0354
203952321,0.066895,0.181396,1.032227
203957321,0.063232,0.180664,1.040527
203962321,0.063477,0.18335,1.032715
203967321,0.059326,0.183838,1.031494
203972321,0.064697,0.185303,1.02002
203977321,0.05957,0.186279,1.022461
203982321,0.063721,0.190186,1.032471
203987321,0.063232,0.191162,1.034912
203992321,0.06543,0.187988,1.030762
203997321,0.064453,0.188232,1.028809
204002321,0.065186,0.183594,1.032227
204007321,0.065186,0.185791,1.035156
204012321,0.065674,0.185059,1.033691
204017321,0.061279,0.179199,1.033447
204022321,0.065674,0.184814,1.035156
204027321,0.065674,0.180664,1.036377
204032321,0.067139,0.177002,1.032959
204037321,0.063232,0.183105,1.033936
204042321,0.06543,0.177979,1.030029
204047321,0.061523,0.178955,1.024902
204052321,0.067871,0.179687,1.032959
204057321,0.060059,0.181396,1.023926
204062321,0.063477,0.179687,1.022705
204067321,0.065186,0.183105,1.026123
204072321,0.067139,0.179443,1.030273
204077321,0.066895,0.181641,1.033691
204082321,1.999939,0.601318,-2.0
204087321,-0.48291,1.999939,-2.0
204092321,1.290771,-0.537842,-2.0
204097321,1.999939,1.999939,-1.296875
204102321,-1.158936,0.14917,-0.889893
204107321,-2.0,0.30957,1.999939
204112321,0.198242,0.695312,0.589111
204117321,-0.138428,1.999939,-2.0
204122321,-0.769531,1.999939,1.339355
204127321,-2.0,0.987061,-0.505127
204132321,0.022461,1.153564,0.931396
204137321,-0.872803,0.263184,1.053223
204142321,0.187988,0.133545,1.185303
204147321,-2.0,1.281982,-2.0
204152321,-0.730957,0.383057,1.70874
204157321,-0.791992,0.800537,1.666504
204162321,-0.961426,0.540527,1.229004
204167321,-0.533936,1.388916,0.696045
204172321,-1.930908,1.855469,0.821045
204177321,-0.659424,0.354004,0.845459
204182321,-0.753906,0.426514,1.104492
204187321,0.138916,1.652832,1.193604
204192321,0.102295,0.270508,1.141602
204197321,0.101074,0.104248,0.930908
204202321,0.118164,0.107422,0.953125
204207321,0.05957,0.209473,0.866943
204212321,0.045166,0.230225,0.978271
204217321,0.046875,0.265625,1.087646
204222321,0.075928,0.226807,1.084961
204227321,0.073486,0.175537,1.062744
204232321,0.077393,0.124756,1.023193
204237321,0.075928,0.094971,0.977295
204242321,1.938721,1.855713,1.999939
204247321,-1.584961,0.815674,0.436035
204252321,-1.126465,0.091553,0.078857
204257321,-2.0,1.999939,-2.0
204262321,0.522949,-0.050781,1.999939
204267321,-1.903076,1.4375,-2.0
204272321,-1.954102,1.099365,0.15918
204277321,-1.22583,0.597656,1.396484
204282321,0.038574,0.249512,0.849609
204287321,0.03833,0.307129,1.087402
204292321,0.078857,0.186523,1.084961
204297321,0.108887,0.146484,0.987305
204302321,0.04248,0.212646,1.07251
204307321,0.076172,0.100342,1.02417
204312321,0.09375,0.210205,1.101807
204317321,0.089111,0.24585,1.124023
204322321,0.087646,0.416504,1.007813
204327321,0.088623,0.13623,1.14624
204332321,0.057373,0.269043,0.992187
204337321,-1.357422,0.233887,1.318604
204342321,-0.799316,0.390381,1.188232
204347321,-0.82373,1.999939,-1.323975
204352321,-2.0,1.591797,0.906982
204357321,-0.753662,1.222656,1.006348
204362321,0.126465,0.453369,0.935303
204367321,-0.023682,1.753906,1.269287
204372321,0.161133,0.17749,1.06958
204377321,-0.259521,1.570557,0.941895
204382321,-0.09082,0.412842,1.189453
204387321,0.169678,0.219727,1.001465
204392321,0.043213,1.570068,1.029053
204397321,0.04541,0.301758,1.018555
204402321,0.071533,0.260986,0.981445
204407321,0.11377,0.147217,1.084229
204412321,0.088135,0.244873,1.112549
204417321,0.102783,0.171631,0.974365
204422321,0.115723,0.173584,1.052246
204427321,0.068359,0.197021,0.992676
204432321,0.069092,0.158203,1.019287
204437321,0.094238,0.143799,0.983398
204442321,0.069824,0.178467,1.032471
204447321,0.063965,0.195068,1.024902
204452321,0.069824,0.178711,1.03418
204457321,0.062988,0.197266,1.029785
204462321,0.064453,0.174561,1.046143
204467321,0.082764,0.167236,1.025879
204472321,0.065186,0.188477,1.009033
204477321,0.056885,0.206055,1.043213
204482321,0.063965,0.179932,1.029541
204487321,0.059814,0.203125,1.056641
204492321,0.075195,0.190186,1.017334
204497321,0.086182,0.17627,0.990234
204502321,0.07373,0.18335,1.00415
204507321,0.068604,0.172363,1.016357
204512321,0.077393,0.174561,1.016846
204517321,0.073486,0.179199,1.039063
204522321,0.067383,0.180176,1.021484
204527321,0.081543,0.166016,1.013672
204532321,0.129395,0.038574,0.961182
204537321,0.088379,0.069824,1.048584
204542321,0.08374,0.283691,1.106445
204547321,0.044434,0.28833,1.193115
204552321,0.104736,0.515625,1.135986
204557321,0.027588,0.266357,1.100098
204562321,0.095703,0.030029,1.005127
204567321,0.057373,0.191162,1.012939
204572321,0.044922,0.184814,0.972412
204577321,0.074219,0.177979,0.829102
204582321,0.093506,0.318115,1.073242
204587321,0.096436,0.195312,1.114258
204592321,0.114014,0.03418,0.859375
204597321,0.111816,0.05249,0.847656
204602321,0.078613,0.155029,1.001465
204607321,0.095215,0.243652,1.111572
204612321,0.058105,0.267822,1.049561
204617321,0.053467,0.264404,1.070313
204622321,0.092773,0.237061,1.129883
204627321,0.157715,0.213135,1.208984
204632321,0.06543,0.368652,1.275146
204637321,0.022217,0.125488,1.010498
204642321,0.052002,0.126221,1.119629
204647321,0.087891,0.210937,0.948242
204652321,0.078125,0.127197,0.909912
204657321,0.118652,0.123291,0.945068
204662321,0.086426,0.110107,0.931885
204667321,0.120117,0.226562,1.138428
204672321,0.17627,0.159668,1.40332
204677321,0.084717,0.125732,1.004395
204682321,0.104248,0.168701,1.012695
204687321,0.107422,0.112793,0.994141
204692321,0.087158,0.147461,0.922852
204697321,0.062744,0.172363,0.967041
204702321,0.069336,0.222168,1.069824
204707321,0.06958,0.226318,1.068359
204712321,0.064941,0.350586,1.017578
204717321,0.010742,0.313721,1.260742
204722321,0.051758,0.185547,1.051025
204727321,0.090332,0.189209,1.021484
204732321,0.101563,0.215576,1.153564
204737321,0.084229,0.302246,1.189209
204742321,0.054687,0.181152,0.972656
204747321,0.132324,0.193604,1.226318
204752321,0.071533,0.127441,0.927002
204757321,0.085937,0.138428,0.980469
204762321,0.103516,0.14624,1.108887
204767321,0.098389,0.13916,1.012207
204772321,0.089355,0.146484,1.037598
204777321,0.090088,0.16748,1.060059
204782321,0.071045,0.146973,1.047852
204787321,0.100342,0.183594,1.054932
204792321,0.085693,0.183838,1.036865
204797321,0.105957,0.154541,1.09375
204802321,0.074707,0.180908,1.007568
204807321,0.04834,0.191406,0.925537
204812321,0.067139,0.192383,0.997314
204817321,0.051758,0.196045,0.986816
204822321,0.026611,0.165527,0.892334
204827321,0.082764,0.185547,1.053955
204832321,0.088379,0.17749,1.136475
204837321,0.104004,0.17749,1.077148
204842321,0.06665,0.195312,0.990234
204847321,0.0625,0.199219,0.947754
204852321,0.083984,0.186279,1.080811
204857321,0.081299,0.189453,1.041016
204862321,0.07959,0.17627,1.006348
204867321,0.085205,0.168213,1.037842
204872321,0.079834,0.174805,1.055176
204877321,0.077881,0.184082,1.040039
204882321,0.080078,0.182373,1.025635
204887321,0.077881,0.181152,1.034912
204892321,0.084229,0.174805,1.037598
204897321,0.085449,0.170166,1.039063
204902321,0.081299,0.171387,1.037598
204907321,0.084473,0.171631,1.029785
204912321,0.082764,0.174072,1.019043
204917321,0.080078,0.180908,1.03125
204922321,0.078857,0.186035,1.031494
204927321,0.078613,0.176758,1.032715
204932321,0.081299,0.171143,1.026855
204937321,0.077637,0.172607,1.022217
204942321,0.077637,0.176025,1.029297
204947321,0.077393,0.179687,1.03125
204952321,0.072021,0.179199,1.035156
204957321,0.076904,0.185547,1.038574
204962321,0.075684,0.178223,1.0354
204967321,0.081543,0.171875,1.029297
204972321,0.081299,0.174561,1.037109
204977321,0.081299,0.179687,1.030762
204982321,0.079834,0.18335,1.032715
204987321,0.080811,0.185303,1.036377
204992321,0.081543,0.182861,1.036133
204997321,0.081299,0.181885,1.026855
205002321,0.079102,0.180908,1.024658
205007321,0.080078,0.173584,1.031006
205012321,0.079346,0.178711,1.031494
205017321,0.074951,0.177979,1.033447
205022321,0.077148,0.179932,1.036133
205027321,0.078369,0.18457,1.032959
205032321,0.078857,0.176758,1.030029
205037321,0.082031,0.180664,1.026611
205042321,0.086182,0.175781,1.033447
205047321,0.114502,0.145752,1.105225
205052321,0.087646,0.182861,1.072754
205057321,0.082275,0.177734,1.059814
205062321,0.073975,0.215576,0.982178
205067321,0.093506,0.176025,0.989258
205072321,-0.004395,0.118164,0.870117
205077321,0.196777,0.12085,1.099854
205082321,0.0271,0.318359,1.283691
205087321,0.017334,0.20752,0.94043
205092321,0.141357,0.213867,1.077881
205097321,0.167969,1.039795,1.205566
205102321,0.01001,0.317383,0.963623
205107321,0.085937,0.104004,1.001953
205112321,0.064453,1.507324,1.101074
205117321,0.05835,0.215576,1.060059
205122321,0.124023,0.277344,1.102051
205127321,0.132324,0.2146,1.205811
205132321,0.105469,0.123047,1.036377
205137321,0.105225,0.157471,1.037354
205142321,0.100098,0.154297,1.043945
205147321,0.085449,0.161621,1.021973
205152321,0.092773,0.1521,1.030029
205157321,0.078369,0.168213,1.041016
205162321,0.081787,0.162598,1.026123
205167321,0.074463,0.17749,1.03418
205172321,0.076416,0.188965,1.046387
205177321,0.065674,0.213623,1.059326
205182321,0.064209,0.226807,1.057373
205187321,0.060547,0.208984,1.054932
205192321,0.072266,0.197266,1.037842
205197321,0.070312,0.192383,1.03418
205202321,0.079102,0.188721,1.043213
205207321,0.072998,0.203613,1.032715
205212321,0.073486,0.201904,1.043457
205217321,0.078369,0.179443,1.03125
205222321,0.085205,0.172607,1.032471
205227321,0.090088,0.157959,1.0271
205232321,0.086182,0.139893,1.023926
205237321,0.088135,0.164307,1.024902
205242321,0.08374,0.160645,1.03125
205247321,0.091309,0.166992,1.033936
205252321,0.081055,0.142334,1.021484
205257321,0.083008,0.161865,1.030029
205262321,0.102295,0.188721,1.038818
205267321,0.088623,-0.046875,1.078125
205272321,0.057617,0.288818,1.088623
205277321,0.06543,0.203369,1.066895
205282321,0.053467,0.256592,0.993408
205287321,0.059326,0.205566,0.998291
205292321,0.074463,0.237305,0.96167
205297321,0.078857,0.203369,1.01123
205302321,0.138184,0.185791,1.127441
205307321,-0.02832,0.04834,1.265137
205312321,0.181396,0.138184,1.05542
205317321,0.072021,0.151855,0.995117
205322321,0.04126,0.205811,1.10498
205327321,0.100098,0.130127,0.996094
205332321,0.10791,0.017334,0.985107
205337321,0.083496,0.158447,1.030273
205342321,0.067139,0.246338,1.051514
205347321,0.082764,0.177734,1.053711
205352321,0.077881,0.307129,1.105713
205357321,0.204346,0.131836,1.209717
205362321,-0.063965,0.203125,1.084961
205367321,0.103271,0.201416,0.891846
205372321,0.022705,0.142822,0.930908
205377321,0.075928,0.245361,0.961914
205382321,0.089111,0.207275,1.003174
205387321,0.094727,0.139648,0.954102
205392321,0.13501,-0.207031,1.382324
205397321,0.145752,0.146484,0.970947
205402321,0.118408,0.111816,0.972168
205407321,0.003662,0.254883,1.125
205412321,0.108887,0.159668,1.013916
205417321,0.038818,0.358887,1.028809
205422321,0.052734,0.213379,1.04541
205427321,0.060791,0.159912,1.089355
205432321,0.067871,0.245361,1.103516
205437321,0.070312,0.25,1.067627
205442321,0.064941,0.190918,1.031982
205447321,0.0979,0.149414,0.968262
205452321,0.085449,0.133057,0.987549
205457321,0.081299,0.173828,1.049316
205462321,0.083252,0.213135,1.062988
205467321,0.081055,0.202637,1.031738
205472321,0.091553,0.172363,1.000244
205477321,0.088135,0.141602,1.006592
205482321,0.088623,0.129639,1.003662
205487321,0.088623,0.139404,1.006592
205492321,0.081543,0.165283,1.017334
205497321,0.070801,0.193848,1.043701
205502321,0.068115,0.206543,1.048828
205507321,0.078857,0.189453,1.034912
205512321,0.080078,0.166748,1.021484
205517321,0.087891,0.161621,1.019775
205522321,0.084961,0.175781,1.032227
205527321,0.078369,0.202393,1.050293
205532321,0.069824,0.231201,1.054199
205537321,0.072754,0.231689,1.05542
205542321,0.074707,0.212646,1.040283
205547321,0.081299,0.186768,1.024414
205552321,0.0896,0.172119,1.032471
205557321,0.079834,0.173096,1.031982
205562321,0.074463,0.195068,1.029785
205567321,0.067383,0.207031,1.042725
205572321,0.07251,0.199707,1.046631
205577321,0.077148,0.182617,1.029297
205582321,0.081787,0.159912,1.024658
205587321,0.083008,0.151123,1.013916
205592321,0.082031,0.158447,1.023926
205597321,0.083984,0.169678,1.020508
205602321,0.080811,0.189453,1.036377
205607321,0.081299,0.192871,1.03418
205612321,0.086182,0.176758,1.030029
205617321,0.085449,0.164551,1.021729
205622321,0.092773,0.161865,1.019531
205627321,0.087646,0.167969,1.020264
205632321,0.082764,0.188965,1.037842
205637321,0.071533,0.206055,1.046875
205642321,0.074707,0.205078,1.039063
205647321,0.073975,0.193359,1.038574
205652321,0.077148,0.175293,1.033447
205657321,0.076416,0.174316,1.032959
205662321,0.077393,0.18457,1.0354
205667321,0.074707,0.196777,1.046631
205672321,0.07251,0.207764,1.038818
205677321,0.071045,0.208496,1.038818
205682321,0.075928,0.191406,1.035645
205687321,0.082764,0.180176,1.029297
205692321,0.085449,0.170654,1.02124
205697321,0.087402,0.176514,1.027588
205702321,0.084961,0.182861,1.027344
205707321,0.085693,0.187256,1.019775
205712321,0.077637,0.1521,0.940186
205717321,0.087158,0.19458,1.027588
205722321,0.083984,0.199707,1.138916
205727321,0.069092,0.193604,1.031494
205732321,0.052246,0.177979,0.993896
205737321,0.05542,0.185791,1.007324
205742321,0.081543,0.194824,1.015137
205747321,0.083008,0.17749,1.046875
205752321,0.089844,0.167969,1.04126
205757321,0.09375,0.159912,1.027832
205762321,0.093506,0.151123,1.028564
205767321,0.089355,0.165771,1.027832
205772321,0.087646,0.180908,1.029053
205777321,0.085449,0.183105,1.032959
205782321,0.084961,0.183105,1.03125
205787321,0.077637,0.176025,1.023682
205792321,0.083008,0.174561,1.027344
205797321,0.076416,0.172852,1.025635
205802321,0.077393,0.197266,1.037842
205807321,0.065674,0.202637,1.041992
205812321,0.06958,0.202637,1.032959
205817321,0.067627,0.201172,1.027832
205822321,0.070557,0.19873,1.034912
205827321,0.077393,0.183105,1.023682
205832321,0.076416,0.177979,1.033203
205837321,0.077148,0.179199,1.030762
205842321,0.083496,0.178955,1.027588
205847321,0.084473,0.175293,1.036865
205852321,0.08667,0.171631,1.022949
205857321,0.086914,0.170898,1.025879
205862321,0.082031,0.179932,1.03418
205867321,0.076904,0.20752,1.047119
205872321,0.069824,0.20874,1.043945
205877321,0.071045,0.203613,1.042236
205882321,0.073242,0.200928,1.037354
205887321,0.070801,0.196777,1.046387
205892321,0.073242,0.189209,1.039307
205897321,0.067139,0.207031,1.042725
205902321,0.077637,0.189209,1.034424
205907321,0.083496,0.182617,1.036377
205912321,0.083008,0.16626,1.029053
205917321,0.083008,0.17041,1.039795
205922321,0.088379,0.158691,1.017578
205927321,0.083252,0.168945,1.030518
205932321,0.080811,0.190674,1.041016
205937321,0.068359,0.173828,0.94458
205942321,0.091797,0.181641,1.057129
205947321,0.0896,0.187256,1.066406
205952321,0.090332,0.175049,1.050537
205957321,0.087158,0.173096,1.013916
205962321,0.076416,0.18042,1.033203
205967321,0.080322,0.178223,1.033447
205972321,0.082031,0.187744,1.038574
205977321,0.080811,0.180908,1.032959
205982321,0.083984,0.177246,1.027588
205987321,0.082764,0.170898,1.023682
205992321,0.083008,0.172363,1.029053
205997321,0.086914,0.180664,1.032959
206002321,0.08252,0.188721,1.037842
206007321,0.082275,0.187988,1.036377
206012321,0.08374,0.186279,1.028076
206017321,0.082764,0.177246,1.0271
206022321,0.08252,0.182129,1.028809
206027321,0.079834,0.182861,1.027832
206032321,0.081299,0.186523,1.030029
206037321,0.080811,0.193115,1.038574
206042321,0.074707,0.19751,1.028809
206047321,0.076172,0.186768,1.036133
206052321,0.07959,0.180176,1.037598
206057321,0.082275,0.177979,1.021484
206062321,0.081055,0.180908,1.031006
206067321,0.083252,0.181885,1.035645
206072321,0.077148,0.188477,1.031982
206077321,0.078369,0.1875,1.032959
206082321,0.083496,0.182373,1.032959
206087321,0.085205,0.18042,1.028564
206092321,0.085449,0.175049,1.032471
206097321,0.087402,0.180176,1.034424
206102321,0.08252,0.180664,1.031006
206107321,0.08374,0.183594,1.029053
206112321,0.082275,0.18457,1.032471
206117321,0.084717,0.180664,1.030518
206122321,0.082764,0.174316,1.032715
206127321,0.081299,0.176514,1.022949
206132321,0.079346,0.175049,1.030029
206137321,0.080322,0.182129,1.029785
206142321,0.082031,0.188477,1.037354
206147321,0.07959,0.181152,1.040039
206152321,0.084717,0.185303,1.0354
206157321,0.081299,0.182129,1.024902
206162321,0.081299,0.180908,1.034668
206167321,0.084473,0.186279,1.029297
206172321,0.082031,0.186523,1.032227
206177321,0.082764,0.188965,1.037354
206182321,0.085937,0.19165,1.034424
206187321,0.084961,0.183105,1.033203
206192321,0.085449,0.179932,1.035645
206197321,0.086914,0.182129,1.030518
206202321,0.078125,0.181152,1.033447
206207321,0.077393,0.179199,1.029297
206212321,0.078857,0.188477,1.023926
206217321,0.084229,0.177002,1.036621
206222321,0.084473,0.184814,1.0354
206227321,0.080811,0.179932,1.029541
206232321,0.083984,0.179932,1.034912
206237321,0.079346,0.181396,1.030518
206242321,0.081299,0.185303,1.027832
206247321,0.08374,0.1875,1.032959
206252321,0.081299,0.186279,1.032471
206257321,0.086426,0.182129,1.035156
206262321,0.085693,0.18335,1.039551
206267321,0.086426,0.179443,1.0354
206272321,0.083496,0.18335,1.027344
206277321,0.080322,0.187988,1.032715
206282321,0.077881,0.187256,1.031982
206287321,0.07666,0.185547,1.0271
206292321,0.082764,0.187012,1.02417
206297321,0.084717,0.185791,1.033691
206302321,0.084229,0.185059,1.037109
206307321,0.088135,0.186279,1.033691
206312321,0.085449,0.1875,1.032959
206317321,0.086426,0.186768,1.03418
206322321,0.084961,0.186768,1.031006
206327321,0.087646,0.182861,1.032715
206332321,0.083008,0.183105,1.020264
206337321,0.077393,0.176758,1.023682
206342321,0.080078,0.175781,1.025635
206347321,0.078125,0.178955,1.028564
206352321,0.077148,0.181885,1.023926
206357321,0.077148,0.174316,1.027344
206362321,0.075195,0.169922,1.02417
206367321,0.070557,0.174316,1.026611
206372321,0.075195,0.175537,1.028076
206377321,0.07251,0.174561,1.031738
206382321,0.074219,0.176758,1.030029
206387321,0.074707,0.18335,1.027832
206392321,0.077637,0.179443,1.036377
206397321,0.078369,0.181885,1.033936
206402321,0.085449,0.179199,1.027588
206407321,0.088623,0.182129,1.030029
206412321,0.08374,0.185303,1.04126
206417321,0.086914,0.182861,1.03125
206422321,0.08252,0.181641,1.030273
206427321,0.087402,0.183105,1.036865
206432321,0.085937,0.182373,1.029053
206437321,0.082275,0.183838,1.04248
206442321,0.081299,0.182861,1.025146
206447321,0.080322,0.181885,1.030762
206452321,0.078857,0.182861,1.025391
206457321,0.076172,0.189941,1.032227
206462321,0.080078,0.188721,1.025146
206467321,0.081055,0.188965,1.017334
206472321,0.088135,0.178711,1.029541
206477321,0.087158,0.178467,1.048584
206482321,0.096191,0.189453,1.043701
206487321,0.08667,0.200684,1.01123
206492321,0.074219,0.194336,1.025635
206497321,0.093018,0.178223,1.052002
206502321,0.090576,0.172363,1.051758
206507321,0.078613,0.189453,1.021729
206512321,0.067871,0.191162,1.007813
206517321,0.084473,0.178467,1.027832
206522321,0.088379,0.181396,1.035645
206527321,0.079834,0.183105,1.023682
206532321,0.084229,0.190918,1.0271
206537321,0.088623,0.18457,1.037354
206542321,0.087402,0.187012,1.038086
206547321,0.082031,0.187988,1.021973
206552321,0.085205,0.184326,1.031982
206557321,0.07959,0.181396,1.036865
206562321,0.083252,0.186279,1.0354
206567321,0.08667,0.182373,1.029785
206572321,0.082031,0.183594,1.032715
206577321,0.083496,0.184326,1.031738
206582321,0.08252,0.185303,1.026367
206587321,0.082031,0.189209,1.025635
206592321,0.083984,0.187988,1.032471
206597321,0.087402,0.181152,1.033447
206602321,0.091309,0.179687,1.029053
206607321,0.089355,0.187012,1.026855
206612321,0.084473,0.18335,1.034912
206617321,0.081299,0.180664,1.024414
206622321,0.080078,0.182617,1.030762
206627321,0.082275,0.183105,1.033691
206632321,0.085937,0.18457,1.036377
206637321,0.081787,0.186035,1.030273
206642321,0.084229,0.188232,1.028076
206647321,0.08252,0.183838,1.032959
206652321,0.08374,0.180908,1.037354
206657321,0.079346,0.189697,1.031494
206662321,0.084717,0.183594,1.040527
206667321,0.085449,0.184814,1.033691
206672321,0.080566,0.179932,1.036621
206677321,0.082764,0.184082,1.026611
206682321,0.083252,0.185791,1.033936
206687321,0.080078,0.183105,1.038818
206692321,0.08252,0.184326,1.029541
206697321,0.077637,0.179687,1.034424
206702321,0.078857,0.182861,1.027588
206707321,0.079102,0.183594,1.026855
206712321,0.083252,0.184814,1.0271
206717321,0.08374,0.181641,1.029053
206722321,0.083008,0.182373,1.033203
206727321,0.085205,0.182861,1.032471
206732321,0.088379,0.182617,1.033936
206737321,0.081299,0.181641,1.033936
206742321,0.083496,0.179932,1.031982
206747321,0.084229,0.177734,1.032715
206752321,0.081543,0.18457,1.032471
206757321,0.080078,0.185303,1.028076
206762321,0.077148,0.181152,1.028809
206767321,0.07959,0.181152,1.030029
206772321,0.079102,0.181152,1.036865
206777321,0.078369,0.18335,1.032715
206782321,0.081543,0.180908,1.036621
206787321,0.079102,0.184814,1.032471
206792321,0.086182,0.184326,1.0271
206797321,0.078613,0.184814,1.032227
206802321,0.084961,0.184082,1.027344
206807321,0.086914,0.182617,1.03125
206812321,0.081055,0.185303,1.024902
206817321,0.079834,0.182373,1.028076
206822321,0.080566,0.181396,1.038574
206827321,0.085205,0.182373,1.030518
206832321,0.099609,0.145752,0.999756
206837321,0.08252,0.169678,1.047852
206842321,0.071777,0.186768,1.077148
206847321,0.085937,0.182373,1.037842
206852321,0.088623,0.181152,0.999268
206857321,0.080078,0.157471,1.025635
206862321,0.084473,0.168701,1.047852
206867321,0.093506,0.201416,1.032227
206872321,0.059326,0.185059,1.033936
206877321,0.086426,0.224365,1.0354
206882321,0.066895,0.212646,1.047363
206887321,0.073486,0.1875,1.030029
206892321,0.085693,0.187744,1.029541
206897321,0.075684,0.192627,1.040527
206902321,0.078857,0.208496,1.040283
206907321,0.077148,0.195557,1.037354
206912321,0.084717,0.188232,1.029297
206917321,0.084473,0.180176,1.029297
206922321,0.090332,0.168945,1.01709
206927321,0.086426,0.174805,1.029785
206932321,0.085693,0.187256,1.039551
206937321,0.077393,0.197021,1.028564
206942321,0.07373,0.188965,1.0354
206947321,0.080811,0.188477,1.031738
206952321,0.082275,0.185303,1.024414
206957321,0.082764,0.171631,1.02417
206962321,0.078125,0.194336,1.04248
206967321,0.08252,0.193848,1.03418
206972321,0.07666,0.202393,1.027832
206977321,0.070312,0.181396,1.038574
206982321,0.08252,0.173584,1.025391
206987321,0.077393,0.1875,1.039795
206992321,0.083496,0.178711,1.029297
206997321,0.080811,0.185059,1.031982
207002321,0.080078,0.187744,1.028809
207007321,0.084229,0.19043,1.022217
207012321,0.077148,0.189209,1.01709
207017321,0.077148,0.185303,1.032471
207022321,0.085937,0.177734,1.025879
207027321,0.081787,0.184814,1.037598
207032321,0.077148,0.193848,1.030518
207037321,0.073486,0.199951,1.036377
207042321,0.077881,0.196289,1.030518
207047321,0.084473,0.183105,1.020264
207052321,0.080811,0.183594,1.027832
207057321,0.081055,0.188721,1.029785
207062321,0.077881,0.194824,1.039795
207067321,0.069824,0.202148,1.041748
207072321,0.076904,0.213623,1.031738
207077321,0.070312,0.190186,1.028076
207082321,0.088135,0.182617,1.039063
207087321,0.073486,0.174561,1.024658
207092321,0.078613,0.195801,1.038086
207097321,0.073975,0.192871,1.045166
207102321,0.075684,0.202148,1.045654
207107321,0.085205,0.193848,1.027832
207112321,0.084473,0.172852,1.029297
207117321,0.080322,0.179932,1.031006
207122321,0.074707,0.196045,1.060059
207127321,0.092285,0.177979,1.063965
207132321,0.08252,0.188721,1.067139
207137321,0.080566,0.183594,1.025391
207142321,0.091064,0.166504,1.028809
207147321,0.089844,0.151611,1.016602
207152321,0.08667,0.150635,1.012939
207157321,0.088867,0.149658,1.009521
207162321,0.08667,0.158936,1.014893
207167321,0.084717,0.158447,1.015625
207172321,0.083984,0.165039,1.021973
207177321,0.088867,0.17041,1.027588
207182321,0.089111,0.176758,1.029785
207187321,0.084473,0.184814,1.032959
207192321,0.080566,0.19873,1.040527
207197321,0.081055,0.204834,1.047363
207202321,0.075928,0.207275,1.035889
207207321,0.080322,0.20166,1.042969
207212321,0.074463,0.192383,1.038086
207217321,0.085693,0.195801,1.035645
207222321,0.074951,0.192627,1.039307
207227321,0.077393,0.195557,1.038574
207232321,0.082764,0.199219,1.043945
207237321,0.082764,0.197998,1.040039
207242321,0.085205,0.188721,1.03418
207247321,0.086914,0.175537,1.027588
207252321,0.085693,0.165771,1.018311
207257321,0.085205,0.164062,1.02002
207262321,0.088867,0.165039,1.022705
207267321,0.079834,0.172852,1.022461
207272321,0.086426,0.165283,1.023193
207277321,0.085693,0.16626,1.0271
207282321,0.086426,0.168945,1.026611
207287321,0.087646,0.170898,1.030029
207292321,0.082275,0.179443,1.031738
207297321,0.074463,0.189209,1.027588
207302321,0.078125,0.196289,1.034912
207307321,0.077148,0.200195,1.042969
207312321,0.084961,0.193604,1.047363
207317321,0.081299,0.190918,1.038818
207322321,0.084229,0.188232,1.040771
207327321,0.072998,0.186523,1.040771
207332321,0.075928,0.192383,1.035889
207337321,0.075439,0.19165,1.03833
207342321,0.083496,0.189697,1.031494
207347321,0.087402,0.179932,1.037354
207352321,0.0896,0.175049,1.031982
207357321,0.087402,0.165527,1.022217
207362321,0.084229,0.167969,1.026855
207367321,0.089355,0.171875,1.027344
207372321,0.084961,0.174805,1.02417
207377321,0.081055,0.17627,1.030518
207382321,0.079102,0.174561,1.02417
207387321,0.084229,0.174072,1.023682
207392321,0.084473,0.179687,1.024658
207397321,0.079102,0.180908,1.034668
207402321,0.079346,0.185547,1.038086
207407321,0.079102,0.189697,1.033691
207412321,0.080566,0.192139,1.046631
207417321,0.078613,0.191406,1.039307
207422321,0.083008,0.187256,1.044189
207427321,0.082275,0.185547,1.043213
207432321,0.075928,0.177246,1.022217
207437321,0.074463,0.185059,1.027832
207442321,0.080811,0.186279,1.016602
207447321,0.076416,0.179932,1.020752
207452321,0.077881,0.168213,1.007324
207457321,0.085449,0.167236,1.009521
207462321,0.080811,0.169189,1.023682
207467321,0.08374,0.174072,1.037109
207472321,0.083252,0.18457,1.043457
207477321,0.077637,0.186035,1.02417
207482321,0.082275,0.182617,1.02124
207487321,0.084229,0.178711,1.035645
207492321,0.085937,0.182129,1.045654
207497321,0.084717,0.189697,1.043213
207502321,0.082764,0.18457,1.038574
207507321,0.086182,0.196045,1.033691
207512321,0.0896,0.192627,1.035645
207517321,0.08667,0.189453,1.041748
207522321,0.085693,0.179687,1.040527
207527321,0.085205,0.180664,1.04248
207532321,0.083496,0.174316,1.032471
207537321,0.078125,0.181396,1.031738
207542321,0.079346,0.180664,1.033447
207547321,0.075928,0.177979,1.032715
207552321,0.078613,0.174561,1.031982
207557321,0.075684,0.172363,1.016602
207562321,0.078613,0.176514,1.027344
207567321,0.076904,0.17627,1.021973
207572321,0.075684,0.177734,1.026611
207577321,0.080566,0.181641,1.035645
207582321,0.083984,0.184814,1.036377
207587321,0.083496,0.181152,1.028809
207592321,0.087402,0.181152,1.028809
207597321,0.083984,0.182861,1.038086
207602321,0.080566,0.180664,1.038818
207607321,0.079102,0.186035,1.034912
207612321,0.080078,0.186768,1.036621
207617321,0.077148,0.18457,1.027344
207622321,0.083008,0.180908,1.025146
207627321,0.07959,0.179932,1.029541
207632321,0.080811,0.175537,1.030029
207637321,0.086182,0.182861,1.031006
207642321,0.084229,0.181885,1.025879
207647321,0.088379,0.189941,1.028076
207652321,0.084961,0.183838,1.036377
207657321,0.091309,0.182129,1.03833
207662321,0.090332,0.181396,1.040527
207667321,0.085693,0.187012,1.035156
207672321,0.082031,0.183594,1.030273
207677321,0.082031,0.18457,1.043701
207682321,0.077393,0.184326,1.034668
207687321,0.07666,0.182861,1.031738
207692321,0.080078,0.183105,1.031006
207697321,0.080566,0.176025,1.031006
207702321,0.083496,0.179443,1.032471
207707321,0.084473,0.181885,1.030518
207712321,0.083496,0.183105,1.035889
207717321,0.08374,0.186523,1.033936
207722321,0.080811,0.183838,1.029053
207727321,0.077637,0.173828,1.029785
207732321,0.080322,0.174316,1.031494
207737321,0.083008,0.179932,1.028809
207742321,0.085449,0.179932,1.037354
207747321,0.081787,0.185303,1.038574
207752321,0.084717,0.188477,1.033691
207757321,0.08374,0.177979,1.035889
207762321,0.07959,0.178711,1.030518
207767321,0.078857,0.180908,1.026123
207772321,0.077881,0.179443,1.025879
207777321,0.081543,0.176025,1.032959
207782321,0.080566,0.180664,1.039063
207787321,0.075195,0.186035,1.03125
207792321,0.077637,0.181396,1.028076
207797321,0.078857,0.183838,1.024658
207802321,0.078857,0.179932,1.028809
207807321,0.085937,0.184082,1.034424
207812321,0.083984,0.186768,1.034424
207817321,0.084717,0.184814,1.036133
207822321,0.084717,0.188232,1.035645
207827321,0.088135,0.182861,1.039551
207832321,0.083252,0.178955,1.032227
207837321,0.081543,0.183105,1.031738
207842321,0.081543,0.183838,1.026611
207847321,0.079102,0.182617,1.027832
207852321,0.076416,0.183838,1.024658
207857321,0.078857,0.182373,1.029541
207862321,0.085693,0.178467,1.033447
207867321,0.09082,0.181885,1.042236
207872321,0.086426,0.184814,1.024658
207877321,0.088623,0.184814,1.035156
207882321,0.085449,0.185791,1.0354
207887321,0.081543,0.187256,1.026611
207892321,0.085449,0.17749,1.036621
207897321,0.087158,0.187012,1.0354
207902321,0.090332,0.168457,1.049316
207907321,0.102539,0.235107,1.057129
207912321,0.061035,0.167725,0.987061
207917321,0.057861,0.164551,1.023682
207922321,0.119385,0.190674,1.03125
207927321,0.099854,0.177979,1.033936
207932321,0.054932,0.185791,1.036133
207937321,0.073486,0.177979,1.047119
207942321,0.098633,0.153809,1.014893
207947321,0.098877,0.221436,1.029297
207952321,0.083252,0.185547,1.02417
207957321,0.088135,0.177979,1.031494
207962321,0.078857,0.176025,1.037109
207967321,0.099609,0.192383,1.041748
207972321,0.094238,0.197021,1.002197
207977321,0.07373,0.186768,1.011963
207982321,0.078369,0.173096,1.038086
207987321,0.085693,0.179932,1.066162
207992321,0.090332,0.189209,1.028076
207997321,0.074951,0.182861,1.027588
208002321,0.077393,0.178955,1.024414
208007321,0.074463,0.165283,1.020996
208012321,0.083252,0.175781,1.037354
208017321,0.083496,0.185547,1.041992
208022321,0.081055,0.183594,1.031738
208027321,0.079102,0.181885,1.016357
208032321,0.084473,0.175537,1.023682
208037321,0.086914,0.182861,1.039307
208042321,0.084229,0.19043,1.033203
208047321,0.090088,0.187988,1.035645
208052321,0.081543,0.189209,1.032227
208057321,0.085205,0.182861,1.030273
208062321,0.08252,0.181885,1.029053
208067321,0.084473,0.182129,1.036377
208072321,0.078125,0.18457,1.037109
208077321,0.080078,0.181396,1.037598
208082321,0.075439,0.183838,1.031982
208087321,0.07959,0.17749,1.025146
208092321,0.079834,0.178223,1.029297
208097321,0.085449,0.185303,1.028076
208102321,0.083984,0.177734,1.028809
208107321,0.08667,0.184814,1.036377
208112321,0.08667,0.182129,1.023193
208117321,0.084961,0.180664,1.035889
208122321,0.084473,0.187256,1.029785
208127321,0.085449,0.180908,1.041748
208132321,0.084717,0.182861,1.032959
208137321,0.078369,0.183838,1.029297
208142321,0.084473,0.176514,1.032227
208147321,0.08252,0.185791,1.027588
208152321,0.084473,0.175293,1.037354
208157321,0.082764,0.188477,1.022461
208162321,0.078613,0.185303,1.025391
208167321,0.085205,0.178223,1.039307
208172321,0.077148,0.18335,1.0271
208177321,0.084961,0.185059,1.031494
208182321,0.083008,0.181641,1.030762
208187321,0.083008,0.186035,1.045166
208192321,0.091309,0.186523,1.030518
208197321,0.081543,0.180176,1.036865
208202321,0.08667,0.181396,1.0354
208207321,0.086914,0.185791,1.026367
208212321,0.084473,0.183594,1.032227
208217321,0.078857,0.178223,1.028564
208222321,0.084961,0.171143,1.047607
208227321,0.083008,0.185547,1.032959
208232321,0.080322,0.188477,1.023682
208237321,0.073975,0.177246,1.026855
208242321,0.081299,0.177002,1.036377
208247321,0.085937,0.180664,1.034668
208252321,0.082764,0.196289,1.028076
208257321,0.08252,0.189209,1.025146
208262321,0.085205,0.184814,1.037598
208267321,0.085937,0.184082,1.042236
208272321,0.081055,0.184082,1.031738
208277321,0.086182,0.184814,1.031006
208282321,0.086426,0.182373,1.032227
208287321,0.082031,0.182373,1.024414
208292321,0.083008,0.182861,1.030273
208297321,0.083496,0.179199,1.037354
208302321,0.080322,0.17749,1.037842
208307321,0.077393,0.177246,1.025635
208312321,0.079102,0.178223,1.027344
208317321,0.076904,0.179199,1.028076
208322321,0.078857,0.183594,1.024658
208327321,0.074463,0.179443,1.021973
208332321,0.079834,0.177734,1.031982
208337321,0.086914,0.182373,1.037598
208342321,0.085693,0.182373,1.025635
208347321,0.085205,0.186279,1.028809
208352321,0.085205,0.186279,1.031494
208357321,0.084473,0.185303,1.038574
208362321,0.08252,0.190186,1.032959
208367321,0.085937,0.18335,1.028564
208372321,0.091064,0.185547,1.032959
208377321,0.082275,0.189941,1.033691
208382321,0.086182,0.187744,1.027588
208387321,0.07959,0.182861,1.037598
208392321,0.080078,0.180176,1.031738
208397321,0.084473,0.186768,1.033203
208402321,0.079346,0.184814,1.030273
208407321,0.08374,0.184082,1.033936
208412321,0.081787,0.178711,1.028564
208417321,0.08252,0.182617,1.031982
208422321,0.080078,0.182129,1.031006
208427321,0.077637,0.185791,1.031982
208432321,0.083984,0.185059,1.030273
208437321,0.081787,0.185791,1.026611
208442321,-2.0,-2.0,-2.0
208447321,-2.0,1.999939,0.506592
208452321,1.999939,0.646729,1.999939
208457321,0.343994,1.043213,1.999939
208462321,0.204346,1.999939,-2.0
208467321,-2.0,-0.601318,-2.0
208472321,0.617432,1.999939,1.999939
208477321,-0.196289,1.999939,-2.0
208482321,-1.51123,1.218994,-0.223633
208487321,-1.415283,1.482666,0.729248
208492321,-1.109375,1.999939,0.125732
208497321,-0.479004,1.999939,1.226563
208502321,0.094727,-0.024658,1.328613
208507321,0.098389,0.284912,0.929199
208512321,0.285889,0.232422,1.169189
208517321,-1.055176,1.999939,1.326172
208522321,-1.169189,1.999939,-2.0
208527321,-0.950439,0.643066,-2.0
208532321,-2.0,0.879883,-1.675293
208537321,-1.351074,1.999939,-0.628662
208542321,-0.760254,1.939697,-2.0
208547321,-0.175293,0.957031,1.015869
208552321,0.173584,1.083252,0.020752
208557321,-0.261963,1.999939,1.489502
208562321,0.105225,0.94458,1.007568
208567321,0.123047,0.273193,0.846924
208572321,0.093994,1.562256,0.987793
208577321,0.097412,1.894043,1.074463
208582321,-0.406494,1.269043,1.999939
208587321,-2.0,0.399414,1.999939
208592321,-1.566406,1.441895,0.452393
208597321,-1.019043,0.164062,0.522217
208602321,0.109863,0.264404,0.98584
208607321,-0.184082,1.236816,0.74292
208612321,-0.134766,0.572754,-0.641357
208617321,-0.023682,0.872314,1.147949
208622321,0.107666,1.871338,0.804443
208627321,-0.033447,0.367676,0.921387
208632321,0.101318,0.096191,1.250732
208637321,0.12915,0.29248,1.048096
208642321,-0.207764,1.999939,0.812012
208647321,0.041992,1.624023,0.925537
208652321,0.103516,0.309326,1.038574
208657321,0.125732,0.33667,1.220459
208662321,0.086914,0.204834,1.212646
208667321,0.082764,0.214355,1.09668
208672321,0.063232,0.134521,0.872803
208677321,0.044434,0.141846,0.935791
208682321,0.112061,0.157959,0.965088
208687321,0.079102,0.154541,1.076416
208692321,0.051514,-0.24292,0.841553
208697321,0.03125,1.500732,1.226318
208702321,0.011719,0.189453,0.869141
208707321,-0.49585,1.503906,-1.285156
208712321,-0.001221,1.999939,1.13501
208717321,0.129395,1.018555,1.030029
208722321,0.078125,0.379395,1.061279
208727321,0.067627,0.297852,1.130371
208732321,-1.692139,1.380859,1.337158
208737321,-0.310547,1.999939,1.01416
208742321,-0.145264,0.955078,0.872559
208747321,0.052979,0.22168,0.969238
208752321,0.09082,0.195801,1.069336
208757321,0.124512,0.217041,1.170654
208762321,0.067139,0.242187,1.192139
208767321,0.038574,0.849121,1.309082
208772321,-0.713379,1.999939,0.208984
208777321,0.148193,0.795166,1.123535
208782321,0.138916,0.211426,1.02832
208787321,0.096924,1.999939,1.047607
208792321,0.067627,1.543701,1.023682
208797321,0.031738,1.954102,1.365479
208802321,0.027588,1.864014,0.93335
208807321,0.040283,0.1875,0.775391
208812321,-0.008057,0.411133,1.050781
208817321,0.229492,0.452148,1.428711
208822321,0.163086,0.359131,1.073486
208827321,-0.156494,0.540771,1.352051
208832321,-0.309082,0.540771,0.908936
208837321,0.013184,0.367188,1.293945
208842321,0.060059,0.219482,1.027344
208847321,-0.133789,0.292725,0.679199
208852321,0.130371,0.263916,1.282227
208857321,0.282715,0.125488,1.147949
208862321,0.112305,0.158691,0.935791
208867321,0.205322,0.106934,0.989502
208872321,0.217529,0.082275,1.010986
208877321,0.147217,0.102783,0.923828
208882321,0.25415,0.043457,1.003174
208887321,0.201172,0.045654,1.117676
208892321,0.133301,0.056396,0.914795
208897321,0.131104,0.073975,1.026123
208902321,0.140625,-0.017578,1.000732
208907321,0.123535,0.030518,0.949707
208912321,0.099365,0.165527,0.983643
208917321,0.125732,0.129639,1.067139
208922321,0.112061,0.217285,1.076904
208927321,0.080078,0.207275,0.987793
208932321,0.10376,0.183594,1.102295
208937321,0.080566,0.238525,1.041748
208942321,0.068848,0.253906,1.023193
208947321,0.068359,0.280273,1.086426
208952321,0.049561,0.309814,1.074463
208957321,0.067139,0.256348,1.064941
208962321,0.095215,0.235107,1.079834
208967321,0.071777,0.217529,1.046631
208972321,0.077881,0.208984,1.046875
208977321,0.095947,0.208984,1.063232
208982321,0.119385,0.114258,1.036133
208987321,0.092041,0.18335,0.989014
208992321,0.093994,0.105957,1.019775
208997321,0.119629,0.131104,0.97998
209002321,0.111328,0.127441,0.98291
209007321,0.115479,0.12085,0.98999
209012321,0.108154,0.110596,0.987305
209017321,0.10791,0.131836,0.98877
209022321,0.105469,0.138916,1.026123
209027321,0.10791,0.143799,1.043701
209032321,0.115967,0.201416,1.070801
209037321,0.101074,0.203369,1.047119
209042321,0.094482,0.210937,1.043945
209047321,0.071533,0.218262,1.019043
209052321,0.079346,0.223145,1.04126
209057321,0.075439,0.232178,1.070557
209062321,0.075439,0.254639,1.03833
209067321,0.063232,0.234619,1.036133
209072321,0.082764,0.237061,1.034424
209077321,0.089355,0.218262,1.034912
209082321,0.082275,0.195801,1.051758
209087321,0.114746,0.199219,1.137695
209092321,0.101807,0.18457,1.091309
209097321,0.093262,0.196533,1.057861
209102321,0.096436,0.197754,1.041992
209107321,0.114502,0.151611,0.992676
209112321,0.103271,0.116455,1.003662
209117321,0.108643,0.137695,0.996094
209122321,0.104248,0.153809,1.002197
209127321,0.100342,0.14917,1.014648
209132321,0.107666,0.153076,1.005615
209137321,0.098389,0.152344,1.01001
209142321,0.102783,0.168213,1.019531
209147321,0.109131,0.182861,1.03418
209152321,0.097412,0.188721,1.0271
209157321,0.095215,0.197266,1.039551
209162321,0.101563,0.198486,1.040283
209167321,0.084473,0.184082,1.013184
209172321,0.072021,0.210937,1.055908
209177321,0.110352,0.21167,1.039063
209182321,0.084717,0.193359,1.052002
209187321,0.078125,0.207031,1.007324
209192321,0.098389,0.223633,1.093506
209197321,0.083252,0.248047,1.039063
209202321,0.066895,0.227295,1.024902
209207321,0.078613,0.206787,1.008057
209212321,0.080322,0.181885,1.014648
209217321,0.106445,0.184082,1.022949
209222321,0.092529,0.191162,1.020264
209227321,0.091797,0.179932,1.024414
209232321,0.093018,0.186279,1.025879
209237321,0.095459,0.176514,1.019043
209242321,0.10083,0.175293,1.025391
209247321,0.100098,0.17627,1.025391
209252321,0.094727,0.178955,1.024414
209257321,0.093018,0.189453,1.034912
209262321,0.093506,0.190186,1.039795
209267321,0.091064,0.190918,1.036377
209272321,0.089355,0.195801,1.026367
209277321,0.0979,0.177979,1.026123
209282321,0.091064,0.185303,1.031006
209287321,0.093262,0.191895,1.03418
209292321,0.092041,0.20166,1.033691
209297321,0.088867,0.204102,1.042236
209302321,0.088379,0.216309,1.034668
209307321,0.09375,0.190186,1.032959
209312321,0.093506,0.193848,1.036377
209317321,0.089844,0.192871,1.018555
209322321,0.093994,0.18042,1.027832
209327321,0.091553,0.197754,1.032471
209332321,0.088379,0.196045,1.018311
209337321,0.089355,0.189209,1.031006
209342321,0.09082,0.197998,1.049561
209347321,0.089111,0.186523,1.030518
209352321,0.075684,0.195312,1.030762
209357321,0.089844,0.206299,1.029785
209362321,0.084961,0.194092,1.012207
209367321,0.096436,0.201172,1.054199
209372321,0.106201,0.201904,1.052246
209377321,0.077881,0.18457,1.024658
209382321,0.091309,0.195068,1.028564
209387321,0.093018,0.169678,1.020752
209392321,0.099365,0.185547,1.017578
209397321,0.094727,0.156982,1.01123
209402321,0.108887,0.16333,1.02124
209407321,0.102051,0.153809,1.013672
209412321,0.098389,0.164795,1.006104
209417321,0.103271,0.168701,1.032471
209422321,0.097168,0.171631,1.033203
209427321,0.098145,0.183838,1.018066
209432321,0.11377,0.168457,1.03125
209437321,0.087891,0.20166,1.080078
209442321,0.083008,0.218994,1.083252
209447321,0.095215,0.205811,1.036621
209452321,0.088867,0.197266,1.023926
209457321,0.099609,0.20166,1.018066
209462321,0.085205,0.189453,1.029785
209467321,0.092285,0.205078,1.041504
209472321,0.088135,0.207031,1.044189
209477321,0.088135,0.205322,1.040283
209482321,0.089844,0.200195,1.029053
209487321,0.088135,0.191162,1.021484
209492321,0.092773,0.193115,1.02832
209497321,0.091553,0.193359,1.026611
209502321,0.090576,0.187988,1.0271
209507321,0.0896,0.187012,1.031494
209512321,0.099121,0.180176,1.022461
209517321,0.095703,0.177734,1.018555
209522321,0.096436,0.170898,1.011719
209527321,0.096924,0.169189,1.011475
209532321,0.09668,0.172607,1.014648
209537321,0.099854,0.181885,1.025635
209542321,0.100342,0.182861,1.026123
209547321,0.09082,0.184326,1.0271
209552321,0.091797,0.187012,1.029541
209557321,0.093262,0.196289,1.028564
209562321,0.088135,0.196533,1.030518
209567321,0.093506,0.19751,1.031494
209572321,0.092285,0.199463,1.032715
209577321,0.091064,0.199219,1.026367
209582321,0.091553,0.199951,1.032471
209587321,0.091064,0.198242,1.0354
209592321,0.089111,0.193848,1.030762
209597321,0.090576,0.195557,1.030029
209602321,0.089355,0.195312,1.028809
209607321,0.091064,0.198242,1.029053
209612321,0.092041,0.196289,1.033447
209617321,0.097168,0.19165,1.032227
209622321,0.094727,0.182129,1.033691
209627321,0.096436,0.180908,1.030762
209632321,0.099609,0.182129,1.024658
209637321,0.098633,0.175293,1.025146
209642321,0.095703,0.177734,1.023438
209647321,0.09375,0.185059,1.019043
209652321,0.091064,0.180176,1.023682
209657321,0.092529,0.186279,1.023193
209662321,0.091797,0.191406,1.027832
209667321,0.094238,0.188477,1.022217
209672321,0.092529,0.187988,1.036621
209677321,0.092041,0.193604,1.032471
209682321,0.087158,0.197021,1.027344
209687321,0.091064,0.192383,1.032471
209692321,0.092041,0.193115,1.022705
209697321,0.095215,0.191162,1.033936
209702321,0.089844,0.196777,1.031738
209707321,0.087891,0.19458,1.030762
209712321,0.089844,0.192871,1.030273
209717321,0.093994,0.197754,1.028809
209722321,0.091309,0.190918,1.023193
209727321,0.092773,0.191406,1.026611
209732321,0.093506,0.187744,1.026123
209737321,0.095459,0.179687,1.029541
209742321,0.097656,0.185791,1.029785
209747321,0.093506,0.180664,1.02002
209752321,0.094482,0.182861,1.029053
209757321,0.096436,0.182373,1.030273
209762321,0.091797,0.184326,1.02417
209767321,0.09668,0.180664,1.0271
209772321,0.101318,0.186768,1.021973
209777321,0.098389,0.186279,1.025879
209782321,0.0979,0.192871,1.03418
209787321,0.093994,0.189697,1.031982
209792321,0.09082,0.195801,1.030273
209797321,0.085205,0.196533,1.01709
209802321,0.086426,0.193115,1.02124
209807321,0.087891,0.19751,1.006104
209812321,0.092285,0.187012,1.034912
209817321,0.094238,0.197021,1.019775
209822321,0.09668,0.192139,1.045166
209827321,0.090088,0.191406,1.029541
209832321,0.092041,0.189209,1.017578
209837321,0.094238,0.190674,1.025391
209842321,0.098389,0.192871,1.039307
209847321,0.093506,0.187256,1.032471
209852321,0.094727,0.189453,1.023682
209857321,0.099854,0.189209,1.03125
209862321,0.094482,0.186768,1.025635
209867321,0.095703,0.186523,1.0271
209872321,0.096924,0.181885,1.025635
209877321,0.092041,0.188721,1.028809
209882321,0.094971,0.190918,1.031982
209887321,0.093506,0.188721,1.027344
209892321,0.09375,0.19043,1.029541
209897321,0.093506,0.192383,1.030029
209902321,0.10083,0.191162,1.031982
209907321,0.094482,0.190186,1.034668
209912321,0.094238,0.191895,1.039307
209917321,0.093262,0.187744,1.022705
209922321,0.092529,0.193848,1.029541
209927321,0.097656,0.189209,1.02417
209932321,0.092529,0.192139,1.030029
209937321,0.09668,0.188232,1.025391
209942321,0.094238,0.185547,1.026855
209947321,0.091309,0.185547,1.027832
209952321,0.093994,0.184814,1.029785
209957321,0.094971,0.188232,1.027832
209962321,0.091064,0.191162,1.019043
209967321,0.093262,0.190674,1.033447
209972321,0.094971,0.187988,1.028564
209977321,0.094971,0.189453,1.034668
209982321,0.094482,0.187256,1.030518
209987321,0.093994,0.186523,1.033203
209992321,0.096436,0.189209,1.02417
209997321,0.095459,0.192383,1.024902
210002321,0.091064,0.189941,1.023682
210007321,0.104004,0.186523,1.031494
210012321,0.105469,0.190674,1.030518
210017321,0.094727,0.185303,1.033203
210022321,0.095215,0.186523,1.028564
210027321,0.097656,0.190674,1.033691
210032321,0.090332,0.187012,1.025879
210037321,0.090576,0.187744,1.025635
210042321,0.082275,0.188232,1.028809
210047321,0.081543,0.192139,1.027832
210052321,0.083496,0.19043,1.032227
210057321,0.085693,0.193359,1.036377
210062321,0.08667,0.194824,1.034424
210067321,0.091797,0.196777,1.030273
210072321,0.098389,0.196777,1.033691
210077321,0.101074,0.194092,1.035156
210082321,0.103271,0.193604,1.032959
210087321,0.102295,0.191162,1.032227
210092321,0.109375,0.182373,1.028809
210097321,0.102295,0.181641,1.030029
210102321,0.0979,0.178467,1.024902
210107321,0.096191,0.180908,1.025879
210112321,0.093506,0.182861,1.019531
210117321,0.09082,0.18335,1.022217
210122321,0.087891,0.186523,1.0271
210127321,0.090088,0.187256,1.02832
210132321,0.088867,0.190674,1.030029
210137321,0.090088,0.184326,1.029785
210142321,0.09375,0.19165,1.023926
210147321,0.091797,0.193115,1.032959
210152321,0.088867,0.196045,1.031738
210157321,0.095703,0.199219,1.035889
210162321,0.097656,0.19751,1.037109
210167321,0.099121,0.194336,1.031006
210172321,0.102783,0.194336,1.030273
210177321,0.099609,0.189697,1.026855
210182321,0.094971,0.189697,1.022949
210187321,0.096436,0.19043,1.027832
210192321,0.094971,0.187744,1.02417
210197321,0.095947,0.186768,1.027832
210202321,0.090332,0.178223,1.023682
210207321,0.09375,0.182617,1.028809
210212321,0.093994,0.18457,1.033691
210217321,0.087158,0.182861,1.03125
210222321,0.086182,0.186279,1.030762
210227321,0.090332,0.19043,1.033447
210232321,0.092529,0.19165,1.033936
210237321,0.095703,0.193115,1.029053
210242321,0.094238,0.193848,1.033203
210247321,0.097412,0.193359,1.034668
210252321,0.099121,0.196045,1.029785
210257321,0.096436,0.192139,1.032959
210262321,0.104736,0.189453,1.025879
210267321,0.103516,0.187012,1.033691
210272321,0.099609,0.188232,1.030518
210277321,0.098145,0.189209,1.026611
210282321,0.092041,0.18457,1.026367
210287321,0.095459,0.19165,1.027832
210292321,0.094238,0.189941,1.030762
210297321,0.089355,0.196045,1.028076
210302321,0.084961,0.19043,1.032227
210307321,0.09082,0.186523,1.035889
210312321,0.093994,0.187988,1.032471
210317321,0.092041,0.19165,1.038086
210322321,0.085449,0.182373,1.032959
210327321,0.096436,0.193359,1.036621
210332321,0.092773,0.187988,1.026123
210337321,0.100586,0.191895,1.032715
210342321,0.097412,0.190674,1.02832
210347321,0.090576,0.181885,1.029053
210352321,0.101318,0.188477,1.025391
210357321,0.10083,0.190918,1.02417
210362321,0.096924,0.182617,1.019531
210367321,0.088623,0.187744,1.025391
210372321,0.096436,0.18457,1.030273
210377321,0.088135,0.187988,1.030762
210382321,0.092285,0.192139,1.032715
210387321,0.093018,0.189453,1.035889
210392321,0.089355,0.196289,1.034424
210397321,0.093506,0.194336,1.032959
210402321,0.093018,0.190918,1.033691
210407321,0.094238,0.195312,1.03125
210412321,0.092041,0.194092,1.026855
210417321,0.094971,0.185059,1.022949
210422321,0.096436,0.189209,1.029053
210427321,0.102539,0.188477,1.028076
210432321,0.102539,0.189697,1.022705
210437321,0.0979,0.189209,1.029053
210442321,0.096191,0.185547,1.031738
210447321,0.098145,0.183838,1.026611
210452321,0.096924,0.183105,1.031006
210457321,0.093506,0.185303,1.035156
210462321,0.088623,0.185791,1.030518
210467321,0.092041,0.184814,1.034424
210472321,0.09082,0.189209,1.029297
210477321,0.087402,0.19458,1.024658
210482321,0.093018,0.1875,1.034424
210487321,0.096924,0.191895,1.037109
210492321,0.095947,0.191406,1.036621
210497321,0.096924,0.192627,1.030273
210502321,0.099121,0.19165,1.021729
210507321,0.102783,0.192139,1.027588
210512321,0.100098,0.191162,1.02832
210517321,0.101318,0.188232,1.019287
210522321,0.09668,0.191162,1.022461
210527321,0.0979,0.188232,1.03833
210532321,0.094727,0.18457,1.026611
210537321,0.090088,0.193359,1.025391
210542321,0.083496,0.185791,1.012207
210547321,0.08667,0.190186,1.023438
210552321,0.086182,0.190918,1.026855
210557321,0.087402,0.192627,1.028564
210562321,0.096436,0.197266,1.025391
210567321,0.093994,0.193115,1.027344
210572321,0.090576,0.193848,1.027344
210577321,0.094971,0.194092,1.024414
210582321,0.101318,0.195557,1.025146
210587321,0.104004,0.191895,1.031006
210592321,0.104248,0.186279,1.030762
210597321,0.101807,0.188721,1.031006
210602321,0.095459,0.192383,1.017822
210607321,0.087402,0.186768,1.012939
210612321,0.087891,0.185547,1.026855
210617321,0.10083,0.185059,1.029297
210622321,0.108154,0.193115,1.022461
210627321,0.106445,0.156006,1.029053
210632321,0.102295,0.077637,1.078613
210637321,0.111572,0.24707,1.073486
210642321,0.084717,0.154297,1.08252
210647321,0.087891,0.158203,1.009766
210652321,0.094238,0.289063,1.12207
210657321,0.114014,0.159668,1.008545
210662321,0.067627,0.309082,1.027832
210667321,0.07251,0.248535,1.029785
210672321,0.061768,-0.124756,0.619385
210677321,0.040039,0.376953,1.262207
210682321,0.088379,0.260254,1.0979
210687321,0.059326,0.220215,0.906494
210692321,0.113525,0.19751,0.999268
210697321,0.096436,0.200684,1.000977
210702321,0.105957,0.177979,0.981934
210707321,0.091797,0.162109,0.98877
210712321,0.110107,0.132324,0.974609
210717321,0.082275,0.196533,0.998535
210722321,0.117676,0.140137,1.018799
210727321,0.092041,0.200195,1.045898
210732321,0.075684,0.253174,1.054932
210737321,0.073486,0.242432,1.05542
210742321,0.074951,0.238525,1.063232
210747321,0.05957,0.235596,1.050781
210752321,0.067627,0.223633,1.056152
210757321,0.076172,0.224121,1.076904
210762321,0.078369,0.227295,1.070068
210767321,0.084717,0.2146,1.057129
210772321,0.095459,0.197754,1.029053
210777321,0.114746,0.176758,0.979492
210782321,0.06543,0.247314,1.04541
210787321,0.115723,0.155762,1.02832
210792321,0.111816,0.170166,1.028809
210797321,0.088623,0.229492,1.020752
210802321,0.093262,0.227051,1.038086
210807321,0.105225,0.215088,1.024902
210812321,0.085693,0.238037,1.022461
210817321,0.106689,0.219238,1.009033
210822321,0.126465,0.197021,1.010986
210827321,0.113525,0.210205,1.013184
210832321,0.104736,0.198242,0.994629
210837321,0.103027,0.189941,0.994629
210842321,0.107422,0.185547,0.993652
210847321,0.105469,0.182617,1.009277
210852321,0.108643,0.182861,1.007813
210857321,0.101563,0.202393,1.034912
210862321,0.101807,0.219727,1.041748
210867321,0.09082,0.230469,1.057129
210872321,0.084961,0.247803,1.0625
210877321,0.084717,0.245361,1.047119
210882321,0.102539,0.220215,1.031738
210887321,0.083008,0.258057,1.021973
210892321,0.083252,0.236572,1.01123
210897321,0.104492,0.223389,0.99707
210902321,0.108154,0.190186,0.99292
210907321,0.097168,0.166748,0.963135
210912321,0.094482,0.167725,0.960937
210917321,0.074951,0.201416,0.982666
210922321,0.07959,0.178955,0.978027
210927321,0.077148,0.235352,1.04248
210932321,0.095459,0.243896,1.048584
210937321,0.083496,0.250732,1.057861
210942321,0.091309,0.272949,1.091309
210947321,0.0896,0.228271,1.087158
210952321,0.07666,0.235352,1.087646
210957321,0.086914,0.251221,1.107666
210962321,0.046387,0.274658,1.04248
210967321,0.098145,0.239746,1.025146
210972321,0.076172,0.194824,1.063965
210977321,0.143799,0.195557,1.01123
210982321,0.068115,0.147949,1.018555
210987321,0.146973,0.175293,0.987549
210992321,0.078613,0.157715,0.97998
210997321,0.112061,0.159424,1.0
211002321,0.107422,0.143555,0.998779
211007321,0.105713,0.144531,0.996094
211012321,0.105713,0.167236,1.02417
211017321,0.095703,0.172363,1.027832
211022321,0.099121,0.186768,1.025879
211027321,0.088379,0.194092,1.033936
211032321,0.103516,0.226562,1.047607
211037321,0.085937,0.223877,1.019531
211042321,0.087891,0.201416,1.026123
211047321,0.092773,0.211182,1.037842
211052321,0.085449,0.219971,1.032715
211057321,0.07666,0.236572,1.046387
211062321,0.073486,0.250488,1.060303
211067321,0.082275,0.241699,1.056641
211072321,0.08252,0.220703,1.038818
211077321,0.087891,0.211914,1.029785
211082321,0.083984,0.203125,1.022461
211087321,0.083252,0.213623,1.025879
211092321,0.093994,0.222656,1.042236
211097321,0.108643,0.19751,1.036621
211102321,0.091064,0.168213,1.017334
211107321,0.114258,0.180664,1.015869
211112321,0.086914,0.1521,0.985596
211117321,0.11499,0.170898,1.007324
211122321,0.110596,0.164795,1.018066
211127321,0.103271,0.161865,1.003662
211132321,0.106934,0.172852,1.009521
211137321,0.094482,0.179687,1.013184
211142321,0.096924,0.208984,1.042725
211147321,0.092041,0.215576,1.029541
211152321,0.084229,0.212158,1.034668
211157321,0.084229,0.219238,1.038574
211162321,0.091797,0.209473,1.024902
211167321,0.078369,0.216064,1.033203
211172321,0.087646,0.237061,1.047852
211177321,0.080811,0.222656,1.039795
211182321,0.088379,0.219482,1.044189
211187321,0.085205,0.215088,1.032471
211192321,0.085693,0.201416,1.026123
211197321,0.092041,0.202393,1.029297
211202321,0.092285,0.202637,1.031494
211207321,0.102295,0.185791,1.024658
211212321,0.092773,0.181396,1.035156
211217321,0.102051,0.178955,1.024658
211222321,0.103027,0.168701,1.005859
211227321,0.105713,0.166504,1.01123
211232321,0.102539,0.167969,1.010986
211237321,0.093262,0.184814,1.027344
211242321,0.095947,0.207031,1.036133
211247321,0.091309,0.213867,1.038574
211252321,0.084717,0.216064,1.033447
211257321,0.090576,0.216064,1.029785
211262321,0.082275,0.205078,1.0271
211267321,0.088379,0.213623,1.032959
211272321,0.086426,0.219238,1.037109
211277321,0.087402,0.222656,1.039307
211282321,0.0896,0.213623,1.030518
211287321,0.100098,0.200195,1.028564
211292321,0.096924,0.178223,1.016602
211297321,0.110107,0.182373,1.012695
211302321,0.089111,0.173584,1.01709
211307321,0.100586,0.193359,1.037598
211312321,0.102783,0.183105,1.030029
211317321,0.093994,0.186035,1.010742
211322321,0.09375,0.190186,1.018555
211327321,0.096924,0.196533,1.029541
211332321,0.091064,0.203369,1.035156
211337321,0.093994,0.215332,1.039307
211342321,0.082031,0.219238,1.041504
211347321,0.084961,0.220459,1.037354
211352321,0.083496,0.218262,1.031006
211357321,0.087646,0.205566,1.0271
211362321,0.09375,0.201172,1.027832
211367321,0.092285,0.191895,1.033936
211372321,0.103516,0.193848,1.015381
211377321,0.094238,0.193359,1.024414
211382321,0.098389,0.187256,1.026123
211387321,0.099121,0.187744,1.013916
211392321,0.096436,0.185791,1.016846
211397321,0.100342,0.189453,1.020264
211402321,0.09668,0.19458,1.022217
211407321,0.09375,0.207275,1.030273
211412321,0.092529,0.209473,1.031006
211417321,0.093506,0.211914,1.038086
211422321,0.088623,0.210693,1.037842
211427321,0.091064,0.206055,1.030273
211432321,0.088867,0.205811,1.028809
211437321,0.091553,0.206787,1.029053
211442321,0.090332,0.197998,1.030029
211447321,0.091797,0.192627,1.019775
211452321,0.097168,0.19458,1.019043
211457321,0.096924,0.188965,1.018066
211462321,0.099365,0.192139,1.014648
211467321,0.10083,0.191895,1.032471
211472321,0.08667,0.197266,1.031494
211477321,0.093262,0.200195,1.023193
211482321,0.090088,0.200195,1.030273
211487321,0.09082,0.204346,1.030273
211492321,0.090332,0.20752,1.030273
211497321,0.091797,0.207031,1.032959
211502321,0.093506,0.205811,1.033936
211507321,0.087891,0.202148,1.027832
211512321,0.089844,0.197754,1.028076
211517321,0.09668,0.195557,1.021729
211522321,0.095459,0.191895,1.027588
211527321,0.095215,0.193115,1.020996
211532321,0.094971,0.197021,1.024902
211537321,0.091309,0.196777,1.026123
211542321,0.096191,0.200928,1.024414
211547321,0.090576,0.198486,1.029541
211552321,0.091797,0.199951,1.026611
211557321,0.090576,0.204346,1.026611
211562321,0.090576,0.202637,1.032715
211567321,0.088867,0.206299,1.024902
211572321,0.092773,0.202881,1.02417
211577321,0.093262,0.202148,1.024414
211582321,0.094971,0.19751,1.033203
211587321,0.095459,0.193115,1.028076
211592321,0.092041,0.195557,1.025391
211597321,0.092285,0.195312,1.02124
211602321,0.093262,0.196045,1.030029
211607321,0.087402,0.201904,1.022217
211612321,0.094238,0.200439,1.025146
211617321,0.094238,0.205566,1.03125
211622321,0.087158,0.198975,1.0271
211627321,0.095703,0.203613,1.023926
211632321,0.09082,0.203125,1.029541
211637321,0.089111,0.202637,1.020996
211642321,0.091797,0.202148,1.021729
211647321,0.097412,0.198975,1.034424
211652321,0.100098,0.195068,1.0271
211657321,0.096191,0.200684,1.030273
211662321,0.088135,0.193359,1.019043
211667321,0.093018,0.203369,1.023438
211672321,0.099365,0.193848,1.031006
211677321,0.0896,0.198486,1.018555
211682321,0.091309,0.19751,1.03418
211687321,0.089844,0.202881,1.032715
211692321,0.0896,0.201172,1.023438
211697321,0.086914,0.19751,1.031494
211702321,0.093262,0.196533,1.019287
211707321,0.089355,0.199951,1.037109
211712321,0.094727,0.195068,1.018311
211717321,0.094238,0.191406,1.032471
211722321,0.089355,0.20166,1.028076
211727321,0.091553,0.199463,1.023193
211732321,0.09082,0.200439,1.025635
211737321,0.093994,0.199219,1.022949
211742321,0.092285,0.197998,1.023193
211747321,0.09375,0.199951,1.02124
211752321,0.090576,0.198242,1.030762
211757321,0.093994,0.193604,1.029297
211762321,0.091797,0.199707,1.026367
211767321,0.089844,0.204834,1.030273
211772321,0.092773,0.200684,1.029297
211777321,0.091309,0.198975,1.02417
211782321,0.09375,0.198486,1.032227
211787321,0.091309,0.200928,1.015869
211792321,0.098145,0.200195,1.037842
211797321,0.091797,0.202393,1.01709
211802321,0.096191,0.203369,1.04248
211807321,0.087402,0.204102,1.017334
211812321,0.090332,0.200195,1.034424
211817321,0.088379,0.199951,1.019775
211822321,0.093018,0.199219,1.046143
211827321,0.090332,0.199707,1.019043
211832321,0.094482,0.199707,1.045654
211837321,0.094238,0.196289,1.011963
211842321,0.091064,0.197266,1.042725
211847321,0.093018,0.191895,1.020996
211852321,0.093506,0.199219,1.037842
211857321,0.092041,0.200195,1.016846
211862321,0.099854,0.196533,1.033203
211867321,0.091797,0.194092,1.020508
211872321,0.092529,0.199951,1.033203
211877321,0.089355,0.204102,1.020752
211882321,0.087891,0.198975,1.032959
211887321,0.09668,0.200195,1.022705
211892321,0.0896,0.19751,1.02832
211897321,0.09375,0.191406,1.027344
211902321,0.090088,0.201172,1.019775
211907321,0.095459,0.197998,1.029297
211912321,0.093994,0.195801,1.027588
211917321,0.09375,0.198242,1.028809
211922321,0.09668,0.198486,1.0271
211927321,0.094482,0.200684,1.031982
211932321,0.087891,0.200195,1.029541
211937321,0.092529,0.19751,1.035156
211942321,0.093994,0.201904,1.025635
211947321,0.094971,0.196777,1.023682
211952321,0.096191,0.20166,1.02832
211957321,0.094482,0.199463,1.027588
211962321,0.095459,0.201904,1.027344
211967321,0.096436,0.203369,1.024414
211972321,0.091553,0.195312,1.028809
211977321,0.087158,0.196777,1.025879
211982321,0.092285,0.193848,1.031738
211987321,0.088623,0.192139,1.025391
211992321,0.087402,0.195801,1.026123
211997321,0.087158,0.193115,1.03418
212002321,0.082764,0.192383,1.03125
212007321,0.086426,0.196045,1.031982
212012321,0.091553,0.201172,1.035156
212017321,0.08667,0.198975,1.034424
212022321,0.091797,0.197021,1.029785
212027321,0.092529,0.199219,1.0271
212032321,0.092529,0.203369,1.023438
212037321,0.097656,0.205811,1.030273
212042321,0.095703,0.201416,1.027588
212047321,0.095703,0.207031,1.017822
212052321,0.0979,0.202637,1.015625
212057321,0.096924,0.202393,1.017334
212062321,0.093506,0.198242,1.023682
212067321,0.098877,0.198975,1.026855
212072321,0.088867,0.195068,1.025635
212077321,0.090332,0.198242,1.026855
212082321,0.091553,0.199951,1.027344
212087321,0.089111,0.197998,1.027588
212092321,0.090088,0.202393,1.021484
212097321,0.090576,0.203369,1.025391
