timestamp_us,x_g,y_g,z_g
108087321,0.131104,0.20874,1.024902
108092321,0.129639,0.209473,1.023926
108097321,0.130371,0.207275,1.02417
108102321,0.124756,0.206543,1.022461
108107321,0.130371,0.204102,1.022705
108112321,0.129395,0.202637,1.025146
108117321,0.127686,0.206543,1.022217
108122321,0.120605,0.203369,1.025391
108127321,0.123291,0.204346,1.020264
108132321,0.122559,0.204346,1.019775
108137321,0.126953,0.206299,1.017578
108142321,0.128418,0.203369,1.016113
108147321,0.122314,0.207031,1.02124
108152321,0.123291,0.200928,1.016602
108157321,0.127197,0.202148,1.015137
108162321,0.125244,0.201904,1.018799
108167321,0.127197,0.202637,1.019043
108172321,0.128174,0.206055,1.019043
108177321,0.124756,0.205566,1.0271
108182321,0.130371,0.209717,1.019531
108187321,0.124023,0.20752,1.018066
108192321,0.129639,0.207275,1.019531
108197321,0.126953,0.201904,1.020264
108202321,0.126953,0.207764,1.020996
108207321,0.128662,0.20752,1.02417
108212321,0.128418,0.205566,1.025391
108217321,0.132324,0.205078,1.02124
108222321,0.130371,0.210205,1.019775
108227321,0.129639,0.208252,1.021484
108232321,0.132812,0.20459,1.021729
108237321,0.135254,0.209229,1.018066
111102321,0.129395,0.20166,1.020996
111107321,0.125977,0.202393,1.02124
111112321,0.123047,0.202881,1.02002
111117321,0.120605,0.202637,1.017334
111122321,0.124512,0.206299,1.02002
111127321,0.130127,0.205078,1.019287
111132321,0.126953,0.205322,1.021729
111137321,0.130615,0.203369,1.022217
111142321,0.128906,0.202637,1.023926
111147321,0.12915,0.206787,1.023926
111152321,0.126221,0.209717,1.020996
111157321,0.12793,0.204834,1.010498
111162321,0.129639,0.207031,1.022217
111167321,0.128174,0.202881,1.020264
111172321,0.131104,0.201904,1.019531
111177321,0.128418,0.207764,1.016602
111182321,0.126953,0.205322,1.021729
111187321,0.127197,0.207031,1.019775
111192321,0.131104,0.20166,1.020752
111197321,0.122803,0.206787,1.016602
111202321,0.120605,0.208008,1.017822
111207321,0.128418,0.205078,1.024414
111212321,0.121826,0.199707,1.016113
111217321,0.122559,0.204346,1.016602
111222321,0.121338,0.200195,1.020508
111227321,0.126221,0.200439,1.010742
111232321,0.126221,0.208008,1.018799
111237321,0.127686,0.204102,1.026611
111242321,0.128174,0.201904,1.017578
111247321,0.130371,0.202881,1.017822
111252321,0.133301,0.206299,1.015137
111257321,0.12915,0.206543,1.02002
111262321,0.130371,0.206299,1.016357
111267321,0.128906,0.206299,1.018066
111272321,0.129639,0.204834,1.030518
111277321,0.129395,0.20459,1.026611
111282321,0.125488,0.209229,1.031738
111287321,0.127197,0.208496,1.020508
111292321,0.132324,0.20874,1.01709
111297321,0.131836,0.20874,1.018555
111302321,0.131348,0.211426,1.032715
111307321,0.129883,0.206055,1.02832
111312321,0.133057,0.202881,1.02832
111317321,0.131104,0.20752,1.009766
111322321,0.132324,0.209229,1.021729
111327321,0.127686,0.207764,1.024902
111332321,0.133057,0.202881,1.020264
111337321,0.131104,0.205078,1.016357
111342321,0.130859,0.208008,1.020752
111347321,0.131836,0.209473,1.018555
111352321,0.128906,0.208984,1.021484
111357321,0.125732,0.199951,1.022949
111362321,0.130615,0.209229,1.023438
111367321,0.129883,0.207764,1.021484
111372321,0.128174,0.20459,1.02002
111377321,0.127197,0.205322,1.026123
111382321,0.128906,0.203125,1.0271
111387321,0.128418,0.206299,1.022461
111392321,0.123779,0.210205,1.011719
111397321,0.12915,0.205811,1.02124
111402321,0.125732,0.206543,1.016602
111407321,0.130127,0.210937,1.026855
111412321,0.134277,0.201904,1.019287
111417321,0.128418,0.203369,1.027344
111422321,0.128174,0.206787,1.022461
111427321,0.125977,0.209229,1.022217
111432321,0.128662,0.207275,1.020508
111437321,0.128906,0.211426,1.023926
111442321,0.133545,0.206543,1.021729
111447321,0.125,0.209717,1.019043
111452321,0.132568,0.209229,1.017578
111457321,0.133301,0.207031,1.024658
111462321,0.129639,0.207275,1.02124
111467321,0.131348,0.208496,1.016357
111472321,0.127197,0.209961,1.012451
111477321,0.126465,0.20752,1.02417
111482321,0.128906,0.204346,1.028809
111487321,0.130859,0.204834,1.022217
111492321,0.129883,0.20874,1.021729
111497321,0.135254,0.206543,1.021973
111502321,0.130859,0.207764,1.021973
111507321,0.128906,0.201416,1.022461
111512321,0.131836,0.206055,1.02124
111517321,0.130859,0.208008,1.024414
111522321,0.126709,0.206787,1.01416
111527321,0.130615,0.201172,1.013916
111532321,0.128662,0.205078,1.026855
111537321,0.129395,0.20752,1.022217
111542321,0.127197,0.208984,1.016113
111547321,0.125488,0.210937,1.020264
111552321,0.125488,0.203369,1.025391
111557321,0.128174,0.204102,1.019531
111562321,0.12915,0.208008,1.02124
111567321,0.128906,0.205566,1.022461
111572321,0.129395,0.202393,1.025391
111577321,0.123047,0.209717,1.020264
111582321,0.128662,0.20752,1.023193
111587321,0.127197,0.205811,1.020264
111592321,0.125488,0.203857,1.017334
111597321,0.131348,0.206055,1.021484
111602321,0.128174,0.207275,1.026855
111607321,0.129883,0.207764,1.021973
111612321,0.132324,0.202637,1.02124
111617321,0.127197,0.204834,1.022705
111622321,0.127197,0.20459,1.021973
111627321,0.128418,0.204346,1.022217
111632321,0.125732,0.203613,1.025391
111637321,0.124756,0.205322,1.016602
111642321,0.127197,0.205811,1.010498
111647321,0.124268,0.201416,1.021484
111652321,0.128418,0.206055,1.020996
111657321,0.127686,0.199951,1.025879
111662321,0.12915,0.205322,1.015869
111667321,0.125,0.205078,1.02124
111672321,0.133789,0.210449,1.019775
111677321,0.12915,0.210205,1.019775
111682321,0.131592,0.20459,1.023682
111687321,0.131836,0.201904,1.028809
111692321,0.129395,0.204346,1.026367
111697321,0.129883,0.206055,1.017334
111702321,0.128662,0.206299,1.021484
111707321,0.129395,0.206787,1.021484
111712321,0.126221,0.205322,1.019775
111717321,0.122559,0.199951,1.019531
111722321,0.128174,0.200439,1.013184
111727321,0.130615,0.200195,1.023682
111732321,0.126709,0.209229,1.026855
111737321,0.128906,0.206055,1.018066
111742321,0.125,0.206543,1.01709
111747321,0.129395,0.207275,1.020996
111752321,0.129639,0.206543,1.020752
111757321,0.130127,0.204346,1.024902
111762321,0.126709,0.205078,1.021973
111767321,0.128174,0.20459,1.017822
111772321,0.124268,0.205811,1.02002
111777321,0.127441,0.202637,1.016357
111782321,0.127197,0.204346,1.02002
111787321,0.129395,0.203369,1.024414
111792321,0.131836,0.205566,1.015625
111797321,0.131592,0.201904,1.02002
111802321,0.125732,0.205078,1.019043
111807321,0.126465,0.202148,1.024658
111812321,0.12915,0.207275,1.026855
111817321,0.12793,0.206055,1.026123
111822321,0.128418,0.202393,1.019043
111827321,0.129639,0.206299,1.020508
111832321,0.126221,0.208008,1.017334
111837321,0.127686,0.210937,1.025146
111842321,0.130859,0.205322,1.031494
111847321,0.129639,0.204102,1.015625
111852321,0.127686,0.203857,1.015625
111857321,0.126709,0.20459,1.024902
111862321,0.127441,0.208252,1.024658
111867321,0.130127,0.205322,1.017578
111872321,0.125488,0.206055,1.019775
111877321,0.131104,0.204102,1.023682
111882321,0.131104,0.206299,1.020996
111887321,0.130371,0.209229,1.016357
111892321,0.124023,0.207275,1.023193
111897321,0.127197,0.206299,1.01709
111902321,0.127441,0.204346,1.01416
111907321,0.124756,0.206055,1.015381
111912321,0.128906,0.207275,1.01709
111917321,0.132324,0.208252,1.021729
111922321,0.131104,0.211182,1.025635
111927321,0.134033,0.20752,1.03418
111932321,0.13623,0.213379,1.026123
111937321,0.132324,0.208496,1.018799
111942321,0.129395,0.209961,1.014648
111947321,0.129395,0.206787,1.015869
111952321,0.128906,0.208252,1.022949
111957321,0.128906,0.203613,1.023438
111962321,0.129395,0.204346,1.023926
111967321,0.125,0.199219,1.01709
111972321,0.126465,0.202393,1.018311
111977321,0.122803,0.206055,1.019043
111982321,0.123779,0.205566,1.027588
111987321,0.128418,0.206543,1.021973
111992321,0.124756,0.204834,1.016357
111997321,0.131592,0.202881,1.022705
112002321,0.12915,0.203369,1.026611
112007321,0.128662,0.202881,1.019531
112012321,0.128174,0.202148,1.024902
112017321,0.12793,0.207275,1.018066
112022321,0.130859,0.206055,1.024414
112027321,0.126709,0.203125,1.020996
112032321,0.125244,0.207275,1.013184
112037321,0.128174,0.206055,1.025146
112042321,0.126953,0.204102,1.022461
112047321,0.131592,0.204834,1.016113
112052321,0.12793,0.206055,1.019043
112057321,0.131836,0.208008,1.019775
112062321,0.124756,0.210937,1.02124
112067321,0.128906,0.206787,1.022217
112072321,0.128662,0.206543,1.022949
112077321,0.127197,0.212402,1.022705
112082321,0.128174,0.199707,1.02124
112087321,0.129639,0.200928,1.025879
112092321,0.123535,0.205811,1.017578
112097321,0.121826,0.205322,1.010986
112102321,0.12793,0.206299,1.011475
112107321,0.128174,0.203369,1.018066
112112321,0.129639,0.202393,1.023193
112117321,0.125488,0.204834,1.028564
112122321,0.125244,0.208008,1.020752
112127321,0.125244,0.20166,1.013672
112132321,0.130615,0.201416,1.027588
112137321,0.129395,0.210693,1.026123
112142321,0.131836,0.211426,1.022461
112147321,0.124512,0.200928,1.009277
112152321,0.130859,0.204102,1.019287
112157321,0.129883,0.209961,1.032715
112162321,0.126953,0.204834,1.026611
112167321,0.130615,0.204346,1.018799
112172321,0.126709,0.202637,1.011475
112177321,0.127441,0.203613,1.016357
112182321,0.125,0.207764,1.031006
112187321,0.126709,0.20752,1.021973
112192321,0.124268,0.204834,1.02124
112197321,0.12793,0.210205,1.018555
112202321,0.12915,0.204346,1.015869
112207321,0.125,0.209229,1.02124
112212321,0.126465,0.207764,1.016846
112217321,0.126465,0.206055,1.019043
112222321,0.125,0.205078,1.017822
112227321,0.126465,0.203613,1.015137
112232321,0.126221,0.200684,1.020752
112237321,0.131836,0.205322,1.017578
112242321,0.127441,0.203125,1.019043
112247321,0.126465,0.202393,1.02124
112252321,0.125,0.208496,1.02124
112257321,0.120605,0.207275,1.023682
112262321,0.132812,0.206543,1.020508
112267321,0.124268,0.200195,1.019043
112272321,0.127197,0.207764,1.025146
112277321,0.128174,0.205811,1.026611
112282321,0.12915,0.202637,1.018555
112287321,0.127686,0.205322,1.021729
112292321,0.12793,0.20752,1.022705
112297321,0.130127,0.204834,1.021973
112302321,0.130859,0.20166,1.020264
112307321,0.131592,0.208984,1.018066
112312321,0.128662,0.207764,1.022461
112317321,0.125732,0.205811,1.014893
112322321,0.128906,0.203613,1.019287
112327321,0.125488,0.205566,1.01709
112332321,0.12793,0.205078,1.022461
112337321,0.130859,0.205322,1.013428
112342321,0.130371,0.20752,1.017578
112347321,0.126465,0.208008,1.020264
112352321,0.124756,0.20166,1.019531
112357321,0.124756,0.204834,1.020752
112362321,0.12915,0.204102,1.019043
112367321,0.128906,0.207764,1.014648
112372321,0.12915,0.204102,1.020752
112377321,0.126221,0.206299,1.016846
112382321,0.128174,0.205078,1.023193
112387321,0.128418,0.201904,1.012451
112392321,0.130371,0.205566,1.020996
112397321,0.128174,0.20166,1.018555
112402321,0.125488,0.206543,1.020996
112407321,0.127686,0.206055,1.018066
112412321,0.128174,0.202637,1.025635
112417321,0.125,0.201904,1.022705
112422321,0.129639,0.207275,1.013672
112427321,0.134521,0.20874,1.02124
112432321,0.125244,0.210449,1.019287
112437321,0.124512,0.206787,1.017822
112442321,0.125244,0.204834,1.023193
112447321,0.128174,0.205322,1.015137
112452321,0.124512,0.206299,1.018799
112457321,0.122803,0.205078,1.018799
112462321,0.125244,0.202637,1.018066
112467321,0.123779,0.203369,1.02124
112472321,0.123047,0.205811,1.023193
112477321,0.128174,0.206055,1.024658
112482321,0.130127,0.202637,1.017334
112487321,0.131348,0.207275,1.016602
112492321,0.128174,0.207275,1.018799
112497321,0.13208,0.20459,1.018555
112502321,0.128174,0.204102,1.019043
112507321,0.130859,0.204346,1.02124
112512321,0.122803,0.205566,1.026611
112517321,0.125244,0.200195,1.017822
112522321,0.125977,0.203613,1.012207
112527321,0.132324,0.209717,1.022949
112532321,0.127686,0.212158,1.032959
112537321,0.124512,0.202637,1.010498
112542321,0.126221,0.199463,1.01001
112547321,0.131836,0.201416,1.02124
112552321,0.131348,0.209717,1.037842
112557321,0.132324,0.21167,1.034668
112562321,0.124268,0.202637,1.008789
112567321,0.130127,0.205078,1.001709
112572321,0.131104,0.21167,1.033447
112577321,0.128662,0.211426,1.040039
112582321,0.129639,0.208984,1.025635
112587321,0.12915,0.198486,1.001709
112592321,0.131836,0.20459,1.01123
112597321,0.127686,0.206299,1.017822
112602321,0.129883,0.206055,1.026123
112607321,0.128174,0.200928,1.016602
112612321,0.123535,0.199707,1.01123
112617321,0.130127,0.206055,1.014893
112622321,0.131104,0.206299,1.012939
112627321,0.131348,0.206787,1.024658
112632321,0.124512,0.213867,1.02832
112637321,0.124268,0.208984,1.024658
112642321,0.129883,0.209961,1.011475
112647321,0.126709,0.205322,1.013916
112652321,0.123779,0.20874,1.020752
112657321,0.125977,0.208984,1.031494
112662321,0.123779,0.204346,1.02124
112667321,0.125488,0.207764,1.013916
112672321,0.131592,0.20166,1.017578
112677321,0.128906,0.203613,1.017334
112682321,0.130859,0.208496,1.018311
112687321,0.129639,0.211914,1.016357
112692321,0.134521,0.209473,1.025391
112697321,0.133545,0.211426,1.023438
112702321,0.134521,0.212646,1.024414
112707321,0.129883,0.213623,1.020752
112712321,0.131592,0.207764,1.026855
112717321,0.134033,0.205078,1.024902
112722321,0.129883,0.209961,1.017578
112727321,0.124268,0.207031,1.014893
112732321,0.126465,0.205322,1.013916
112737321,0.130371,0.206055,1.013672
112742321,0.125244,0.206543,1.008789
112747321,0.125488,0.205566,1.017578
112752321,0.130127,0.208984,1.022217
112757321,0.125488,0.208496,1.030762
112762321,0.135986,0.210205,1.026855
112767321,0.13623,0.209473,1.031494
112772321,0.136963,0.20874,1.026367
112777321,0.127441,0.207275,1.028564
112782321,0.130127,0.206299,1.025146
112787321,0.124268,0.203613,1.013184
112792321,0.123535,0.203125,1.014893
112797321,0.128418,0.203369,1.013428
112802321,0.123779,0.197021,1.0271
112807321,0.128174,0.204102,1.031494
112812321,0.12793,0.202637,1.0271
112817321,0.127686,0.206299,1.013184
112822321,0.128662,0.20459,1.02002
112827321,0.130859,0.206543,1.017578
112832321,0.130127,0.210937,1.014648
112837321,0.126221,0.217041,1.018799
112842321,0.125977,0.210205,1.019287
112847321,0.128662,0.203857,1.013184
112852321,0.126465,0.201904,1.000488
112857321,0.124023,0.201416,1.015137
112862321,0.121582,0.206299,1.023438
112867321,0.126953,0.203369,1.021973
112872321,0.126953,0.202881,1.019043
112877321,0.124512,0.206299,1.009521
112882321,0.130615,0.211182,1.015625
112887321,0.123779,0.208984,1.027832
112892321,0.133301,0.208984,1.020508
112897321,0.131592,0.212402,1.034424
112902321,0.130127,0.210449,1.03418
112907321,0.131836,0.205566,1.030273
112912321,0.125977,0.20874,1.019043
112917321,0.128906,0.208252,1.025146
112922321,0.127441,0.200195,1.018311
112927321,0.128418,0.200928,1.02002
112932321,0.12085,0.199707,1.01001
112937321,0.122803,0.196777,1.014648
112942321,0.120361,0.205078,1.010986
112947321,0.125732,0.210693,1.009766
112952321,0.133057,0.211914,1.020752
112957321,0.134521,0.210693,1.030518
112962321,0.134033,0.212646,1.033447
112967321,0.130371,0.212646,1.020508
112972321,0.124268,0.213379,1.020996
112977321,0.123779,0.209229,1.02124
112982321,0.125732,0.205322,1.015625
112987321,0.12793,0.200439,1.017334
112992321,0.127686,0.206543,1.022705
112997321,0.127686,0.204346,1.023682
113002321,0.129883,0.20459,1.022705
113007321,0.126953,0.205078,1.018799
113012321,0.129639,0.205322,1.017578
113017321,0.131348,0.209961,1.023193
113022321,0.126953,0.206299,1.022461
113027321,0.125,0.20459,1.018799
113032321,0.121826,0.20459,1.010498
113037321,0.117188,0.20459,1.005127
113042321,0.125,0.205322,1.008301
113047321,0.129883,0.199463,1.017822
113052321,0.135986,0.196045,1.021973
113057321,0.136475,0.197998,1.019043
113062321,0.128662,0.20166,1.031006
113067321,0.138428,0.201172,1.023438
113072321,0.132812,0.213135,1.024658
113077321,0.126709,0.211914,1.018799
113082321,0.126465,0.217773,1.021484
113087321,0.121826,0.216797,1.021484
113092321,0.126953,0.210205,1.021973
113097321,0.123291,0.207031,1.025391
113102321,0.12915,0.209961,1.026855
113107321,0.128662,0.203369,1.023926
113112321,0.131104,0.204834,1.016602
113117321,0.138184,0.204346,1.018555
113122321,0.135254,0.198242,1.021973
113127321,0.144287,0.195312,1.028076
113132321,0.139648,0.203613,1.029053
113137321,0.135498,0.208496,1.036621
113142321,0.134033,0.208008,1.025391
113147321,0.131836,0.207031,1.029541
113152321,0.125488,0.209229,1.030273
113157321,0.126465,0.20874,1.026367
113162321,0.11377,0.20874,1.012939
113167321,0.118896,0.208984,1.018311
113172321,0.119385,0.204834,1.030029
113177321,0.12085,0.200439,1.018555
113182321,0.126953,0.198242,1.016602
113187321,0.130615,0.200928,1.011475
113192321,0.135498,0.202148,1.015625
113197321,0.133301,0.199219,1.015625
113202321,0.131348,0.19751,1.02417
113207321,0.12793,0.205078,1.02124
113212321,0.129395,0.215088,1.019043
113217321,0.128174,0.215332,1.006836
113222321,0.127441,0.213867,1.024902
113227321,0.122559,0.200928,1.031738
113232321,0.130371,0.209717,1.03833
113237321,0.123291,0.213135,1.016357
113242321,0.130859,0.213623,1.022217
113247321,0.125488,0.206787,1.012695
113252321,0.12915,0.192139,1.032959
113257321,0.123047,0.187012,1.015137
113262321,0.126953,0.193359,1.025635
113267321,0.125244,0.201416,1.016846
113272321,0.125488,0.20752,1.012939
113277321,0.126465,0.202881,1.011963
113282321,0.12793,0.206055,1.025391
113287321,0.127197,0.206299,1.013428
113292321,0.12915,0.205811,1.02417
113297321,0.119873,0.202881,1.022705
113302321,0.122803,0.205322,1.030762
113307321,0.125,0.201904,1.022461
113312321,0.130859,0.202881,1.023682
113317321,0.130371,0.200439,1.017822
113322321,0.131592,0.197998,1.025635
113327321,0.125732,0.20166,1.008545
113332321,0.129395,0.202637,1.027588
113337321,0.127197,0.195068,1.03125
113342321,0.127441,0.202148,1.015625
113347321,0.12207,0.203369,1.016846
113352321,0.123047,0.204102,1.019531
113357321,0.126953,0.208008,1.01709
113362321,0.124756,0.210937,1.015625
113367321,0.12915,0.208496,1.022461
113372321,0.133789,0.205078,1.031006
113377321,0.132324,0.204834,1.013672
113382321,0.126709,0.193848,1.018555
113387321,0.128906,0.191162,1.025879
113392321,0.128174,0.199463,1.022949
113397321,0.125732,0.201172,1.018799
113402321,0.123047,0.214111,1.016357
113407321,0.124512,0.219482,1.016846
113412321,0.126953,0.217529,1.017822
113417321,0.126709,0.214844,1.029053
113422321,0.125488,0.207275,1.022217
113427321,0.125,0.205811,1.034424
113432321,0.125977,0.206787,1.025879
113437321,0.129883,0.205811,1.016846
113442321,0.124756,0.206787,1.012939
113447321,0.129395,0.197266,1.009521
113452321,0.128418,0.188965,1.016846
113457321,0.128662,0.188477,1.026123
113462321,0.128906,0.195801,1.018799
113467321,0.129883,0.21167,1.012451
113472321,0.127197,0.215576,1.007568
113477321,0.125,0.206787,1.016357
113482321,0.129883,0.197021,1.032227
113487321,0.129639,0.206299,1.023682
113492321,0.13208,0.224121,1.018799
113497321,0.127441,0.219727,1.014404
113502321,0.133301,0.208252,1.032715
113507321,0.137939,0.19458,1.031494
113512321,0.129395,0.202637,1.019775
113517321,0.125977,0.205078,1.010742
113522321,0.132324,0.193604,1.025879
113527321,0.130615,0.190674,1.01416
113532321,0.125,0.188721,1.018066
113537321,0.134033,0.211426,1.029785
113542321,0.125977,0.206787,1.01416
113547321,0.126465,0.203369,1.026611
113552321,0.133301,0.220947,1.031738
113557321,0.127441,0.220459,1.009277
113562321,0.128662,0.229248,1.028809
113567321,0.131836,0.206299,1.03418
113572321,0.131104,0.204346,1.032959
113577321,0.124756,0.208008,1.010986
113582321,0.119873,0.201172,1.002686
113587321,0.129395,0.198242,1.018311
113592321,0.126465,0.191895,1.018311
113597321,0.127197,0.194092,1.021484
113602321,0.131592,0.199707,1.024902
113607321,0.132812,0.200928,1.024658
113612321,0.130615,0.208008,1.018066
113617321,0.12793,0.208252,1.018555
113622321,0.126709,0.213867,1.021484
113627321,0.124756,0.214844,1.027832
113632321,0.122314,0.213379,1.020264
113637321,0.128418,0.214355,1.016357
113642321,0.126953,0.20752,1.017578
113647321,0.131348,0.204834,1.022461
113652321,0.129883,0.199463,1.016357
113657321,0.134277,0.199219,1.022461
113662321,0.130859,0.197266,1.022217
113667321,0.128418,0.198486,1.022949
113672321,0.12915,0.203857,1.019287
113677321,0.124512,0.199707,1.012695
113682321,0.119141,0.203125,1.021729
113687321,0.123535,0.200928,1.019531
113692321,0.125488,0.207764,1.021484
113697321,0.12793,0.213135,1.029541
113702321,0.126221,0.208984,1.018799
113707321,0.13208,0.206787,1.026611
113712321,0.129883,0.203613,1.026367
113717321,0.129639,0.209473,1.015137
113722321,0.129639,0.203125,1.022217
113727321,0.131592,0.201416,1.014893
113732321,0.128418,0.201172,1.016602
113737321,0.12915,0.202881,1.017822
113742321,0.129639,0.208252,1.026855
113747321,0.131348,0.205322,1.021973
113752321,0.128418,0.209717,1.022949
113757321,0.123291,0.213623,1.02417
113762321,0.129883,0.212402,1.025391
113767321,0.130371,0.213135,1.023926
113772321,0.126953,0.204346,1.020508
113777321,0.127441,0.204834,1.020508
113782321,0.128418,0.207275,1.019043
113787321,0.128906,0.20166,1.020508
113792321,0.125244,0.206055,1.018066
113797321,0.121582,0.199707,1.02002
113802321,0.124512,0.202393,1.018066
113807321,0.127441,0.203125,1.0271
113812321,0.129395,0.203369,1.016602
113817321,0.128418,0.206787,1.019531
113822321,0.130371,0.206055,1.017822
113827321,0.127441,0.203125,1.028564
113832321,0.125732,0.20874,1.01416
113837321,0.126709,0.206787,1.023438
113842321,0.130127,0.205322,1.022461
113847321,0.128662,0.205811,1.028564
113852321,0.130859,0.203857,1.029297
113857321,0.130615,0.20459,1.02124
113862321,0.133545,0.207764,1.023438
113867321,0.130371,0.208984,1.018555
113872321,0.130859,0.206299,1.020508
113877321,0.130859,0.206055,1.022705
113882321,0.12793,0.207275,1.022705
113887321,0.124023,0.208008,1.021484
113892321,0.122314,0.206299,1.013916
113897321,0.125732,0.20459,1.024658
113902321,0.133057,0.206787,1.030762
113907321,0.131348,0.209717,1.024658
113912321,0.130615,0.203369,1.033447
113917321,0.12793,0.20874,1.021973
113922321,0.127197,0.205322,1.02002
113927321,0.126953,0.208984,1.017334
113932321,0.125732,0.201416,1.019287
113937321,0.128174,0.202881,1.017578
113942321,0.12793,0.20459,1.015869
113947321,0.123779,0.198975,1.025635
113952321,0.125244,0.202881,1.014404
113957321,0.124756,0.208496,1.023438
113962321,0.128906,0.208252,1.025146
113967321,0.126709,0.209229,1.020752
113972321,0.12793,0.206055,1.02124
113977321,0.125977,0.206055,1.018311
113982321,0.128418,0.208252,1.013916
113987321,0.131592,0.206055,1.019531
113992321,0.128418,0.204102,1.023193
113997321,0.134277,0.20874,1.023682
114002321,0.130127,0.209961,1.030029
114007321,0.129395,0.202881,1.020752
114012321,0.12793,0.206055,1.022461
114017321,0.128662,0.205566,1.019287
114022321,0.130615,0.206055,1.017822
114027321,0.127441,0.209229,1.02417
114032321,0.126465,0.211182,1.017578
114037321,0.130127,0.206543,1.018066
114042321,0.129883,0.208008,1.024902
114047321,0.12793,0.206299,1.019531
114052321,0.128662,0.209473,1.020752
114057321,0.128174,0.208008,1.023682
114062321,0.131348,0.199951,1.026611
114067321,0.128418,0.205078,1.013184
114072321,0.128418,0.204834,1.015625
114077321,0.128906,0.205811,1.015869
114082321,0.129395,0.202637,1.019287
114087321,0.128906,0.204102,1.019531
114092321,0.130859,0.20752,1.023682
114097321,0.128174,0.207031,1.023438
114102321,0.128174,0.205566,1.024414
114107321,0.128174,0.209473,1.019287
114112321,0.125977,0.210693,1.021973
114117321,0.12793,0.211182,1.020752
114122321,0.130371,0.208008,1.01416
114127321,0.128906,0.203857,1.024414
114132321,0.132812,0.203613,1.025391
114137321,0.12915,0.203857,1.026123
114142321,0.130371,0.206055,1.017578
114147321,0.125,0.205078,1.019043
114152321,0.125977,0.203613,1.013916
114157321,0.128418,0.203125,1.020264
114162321,0.126465,0.206787,1.017578
114167321,0.125732,0.202637,1.018311
114172321,0.126709,0.203613,1.015137
114177321,0.126465,0.206055,1.021973
114182321,0.128662,0.20752,1.023926
114187321,0.129639,0.209717,1.025146
114192321,0.131592,0.205322,1.019043
114197321,0.134521,0.206543,1.019775
114202321,0.134521,0.206543,1.03125
114207321,0.131836,0.211182,1.027588
114212321,0.135254,0.209717,1.02417
114217321,0.129883,0.212158,1.013184
114222321,0.134277,0.208496,1.024902
114227321,0.131836,0.211426,1.024902
114232321,0.136719,0.212158,1.02002
114237321,0.133789,0.210693,1.020508
114242321,0.135986,0.210449,1.025146
114247321,0.130371,0.207764,1.022217
114252321,0.133301,0.208984,1.022461
114257321,0.131348,0.21167,1.019531
114262321,0.126953,0.214844,1.022461
114267321,0.126465,0.211182,1.016602
114272321,0.130615,0.209229,1.020996
114277321,0.128418,0.20874,1.024414
114282321,0.128906,0.20459,1.025391
114287321,0.128174,0.206055,1.020508
114292321,0.130615,0.210205,1.023438
114297321,0.13208,0.205811,1.019775
114302321,0.128662,0.209961,1.015869
114307321,0.126953,0.207031,1.020264
114312321,0.130371,0.210205,1.019531
114317321,0.127686,0.206787,1.02002
114322321,0.135498,0.206787,1.026367
114327321,0.129883,0.204834,1.025879
114332321,0.127197,0.205078,1.018799
114337321,0.127441,0.208496,1.020264
114342321,0.130371,0.205811,1.020264
114347321,0.132324,0.204346,1.02417
114352321,0.131348,0.207764,1.021729
114357321,0.131104,0.209473,1.022949
114362321,0.130127,0.208984,1.026855
114367321,0.125732,0.208984,1.02417
114372321,0.129639,0.206543,1.018555
114377321,0.131104,0.208008,1.020996
114382321,0.133057,0.209229,1.020996
114387321,0.133301,0.209229,1.019531
114392321,0.131104,0.210937,1.014648
114397321,0.128418,0.206787,1.024414
114402321,0.128418,0.203125,1.019531
114407321,0.126221,0.206299,1.021484
114412321,0.127441,0.208496,1.016846
114417321,0.128418,0.206299,1.012939
114422321,0.130371,0.205811,1.016846
114427321,0.130859,0.206787,1.024414
114432321,0.130615,0.208984,1.026855
114437321,0.131104,0.206299,1.027344
114442321,0.130615,0.205811,1.022949
114447321,0.131104,0.213379,1.017334
114452321,0.133301,0.20752,1.024902
114457321,0.126953,0.208984,1.022461
114462321,0.128418,0.203857,1.018066
114467321,0.129639,0.206787,1.01416
114472321,0.128662,0.204834,1.019775
114477321,0.130615,0.209229,1.022949
114482321,0.131592,0.206787,1.020508
114487321,0.131348,0.206055,1.01709
114492321,0.123291,0.202881,1.022705
114497321,0.128174,0.207764,1.018799
114502321,0.13208,0.207764,1.024414
114507321,0.128662,0.204102,1.018066
114512321,0.132812,0.201416,1.02002
114517321,0.132568,0.203857,1.021729
114522321,0.133057,0.204346,1.016846
114527321,0.129639,0.206543,1.01709
114532321,0.133545,0.208008,1.019775
114537321,0.135742,0.20752,1.022705
114542321,0.130371,0.206543,1.023682
114547321,0.134277,0.207031,1.021973
114552321,0.130859,0.206055,1.015869
114557321,0.126465,0.209229,1.024414
114562321,0.131592,0.210693,1.020996
114567321,0.129883,0.205078,1.022461
114572321,0.125732,0.201416,1.018555
114577321,0.125977,0.203857,1.018799
114582321,0.128174,0.210205,1.018555
114587321,0.12915,0.205078,1.021973
114592321,0.128174,0.204346,1.019531
114597321,0.127686,0.203369,1.019043
114602321,0.12793,0.206787,1.019043
114607321,0.129639,0.205811,1.018311
114612321,0.131592,0.208252,1.016846
114617321,0.130371,0.207031,1.022949
114622321,0.129883,0.201172,1.018555
114627321,0.132324,0.206787,1.022949
114632321,0.125488,0.208008,1.022705
114637321,0.130371,0.212402,1.019287
114642321,0.129639,0.207031,1.015869
114647321,0.127441,0.205566,1.02417
114652321,0.128662,0.204834,1.022949
114657321,0.129639,0.203369,1.023193
114662321,0.129639,0.203613,1.02124
114667321,0.129883,0.20752,1.024414
114672321,0.126465,0.205322,1.013428
114677321,0.128418,0.207275,1.009521
114682321,0.129883,0.208984,1.016602
114687321,0.133057,0.203613,1.016602
114692321,0.128662,0.207031,1.020996
114697321,0.126465,0.211426,1.011475
114702321,0.131592,0.208496,1.019775
114707321,0.133057,0.206055,1.030762
114712321,0.129395,0.20459,1.025391
114717321,0.125488,0.203613,1.012451
114722321,0.128418,0.211182,1.02002
114727321,0.12793,0.209717,1.015381
114732321,0.12915,0.208252,1.025879
114737321,0.124268,0.205078,1.010498
114742321,0.129395,0.199707,1.021973
114747321,0.127686,0.203125,1.023438
114752321,0.131348,0.208984,1.026611
114757321,0.122803,0.216309,1.01001
114762321,0.124023,0.204346,1.017334
114767321,0.128418,0.201172,1.017822
114772321,0.126465,0.202393,1.02417
114777321,0.127686,0.20752,1.018555
114782321,0.123535,0.207031,1.020264
114787321,0.126953,0.203369,1.013916
114792321,0.131348,0.205566,1.02417
114797321,0.133789,0.210937,1.024414
114802321,0.131104,0.211914,1.02417
114807321,0.132324,0.207031,1.026611
114812321,0.129883,0.205078,1.020508
114817321,0.126953,0.20752,1.017334
114822321,0.125244,0.203613,1.018311
114827321,0.123291,0.20752,1.024414
114832321,0.123047,0.20752,1.019531
114837321,0.125244,0.206055,1.01709
114842321,0.129639,0.205078,1.019043
114847321,0.127686,0.209473,1.020752
114852321,0.13208,0.206543,1.018066
114857321,0.125977,0.202393,1.019775
114862321,0.126953,0.199219,1.019043
114867321,0.125,0.204102,1.021973
114872321,0.128174,0.208984,1.021484
114877321,0.130127,0.20752,1.026611
114882321,0.132324,0.205078,1.018555
114887321,0.130127,0.206787,1.016357
114892321,0.131104,0.207031,1.020508
114897321,0.127686,0.205566,1.020264
114902321,0.129395,0.206299,1.021484
114907321,0.127686,0.199219,1.021484
114912321,0.127197,0.202881,1.02124
114917321,0.129395,0.206787,1.020264
114922321,0.125732,0.208252,1.023682
114927321,0.122803,0.208984,1.023926
114932321,0.125732,0.208496,1.019531
114937321,0.126465,0.206543,1.017578
114942321,0.131104,0.205566,1.016602
114947321,0.129639,0.207275,1.022705
114952321,0.130371,0.206055,1.027344
114957321,0.131104,0.206787,1.024902
114962321,0.130127,0.209717,1.023438
114967321,0.133545,0.208252,1.018799
114972321,0.131104,0.213135,1.015869
114977321,0.124756,0.206055,1.02124
114982321,0.129395,0.210449,1.025879
114987321,0.128418,0.206299,1.020996
114992321,0.127441,0.204834,1.024902
114997321,0.130615,0.206299,1.019287
115002321,0.129639,0.205322,1.018555
115007321,0.129639,0.209229,1.025879
115012321,0.128418,0.205078,1.021973
115017321,0.126953,0.212158,1.016846
115022321,0.121826,0.203125,1.01709
115027321,0.129639,0.197754,1.017822
115032321,0.125488,0.201172,1.022217
115037321,0.127686,0.209717,1.022461
115042321,0.130371,0.206543,1.015625
115047321,0.129639,0.20874,1.026855
115052321,0.129395,0.206299,1.02002
115057321,0.129395,0.207764,1.018311
115062321,0.131348,0.211182,1.022461
115067321,0.128906,0.209229,1.016357
115072321,0.131836,0.205322,1.019043
115077321,0.127686,0.205566,1.018066
115082321,0.126709,0.203369,1.024658
115087321,0.128662,0.205078,1.022217
115092321,0.125244,0.206299,1.022217
115097321,0.12793,0.210693,1.023438
115102321,0.130859,0.206543,1.02124
115107321,0.129639,0.210937,1.021973
115112321,0.132324,0.203857,1.023682
115117321,0.128418,0.207031,1.022705
115122321,0.12915,0.206787,1.023926
115127321,0.126221,0.209717,1.021484
115132321,0.128174,0.209717,1.013184
115137321,0.125244,0.209229,1.013672
115142321,0.130127,0.204834,1.032227
115147321,0.127686,0.202393,1.015381
115152321,0.124268,0.205078,1.023438
115157321,0.129883,0.210449,1.020996
115162321,0.122803,0.207764,1.008057
115167321,0.129639,0.202881,1.030273
115172321,0.129395,0.20459,1.032715
115177321,0.131592,0.205322,1.022461
115182321,0.126953,0.20459,1.023926
115187321,0.131348,0.203857,1.032471
115192321,0.130859,0.209717,1.022949
115197321,0.127197,0.197998,1.020752
115202321,0.130615,0.205811,1.015869
115207321,0.128418,0.210937,1.018066
115212321,0.127197,0.205811,1.011963
115217321,0.130127,0.206055,1.005859
115222321,0.129395,0.203125,1.013184
115227321,0.127197,0.210449,1.017334
115232321,0.129883,0.208252,1.021729
115237321,0.125977,0.208008,1.017578
115242321,0.126221,0.208252,1.013184
115247321,0.127441,0.202148,1.018555
115252321,0.130615,0.206055,1.022217
115257321,0.128174,0.207764,1.023926
115262321,0.130371,0.206055,1.021729
115267321,0.129639,0.203125,1.0271
115272321,0.131104,0.203369,1.017334
115277321,0.131104,0.206055,1.019775
115282321,0.131592,0.204102,1.020264
115287321,0.123291,0.20752,1.02002
115292321,0.127441,0.204346,1.025635
115297321,0.128174,0.207031,1.022461
115302321,0.131836,0.209961,1.01123
115307321,0.127197,0.206055,1.020752
115312321,0.125488,0.203125,1.023682
115317321,0.125,0.20752,1.019287
115322321,0.127441,0.205322,1.018066
115327321,0.126465,0.205566,1.01709
115332321,0.127441,0.206299,1.019287
115337321,0.130859,0.206299,1.019287
115342321,0.12915,0.206299,1.023193
115347321,0.131104,0.205566,1.025146
115352321,0.126221,0.200928,1.016846
115357321,0.129883,0.203125,1.019043
115362321,0.128418,0.20874,1.021484
115367321,0.126953,0.207031,1.01709
115372321,0.131348,0.203369,1.017578
115377321,0.129883,0.199951,1.022705
115382321,0.130859,0.20874,1.017822
115387321,0.126709,0.203369,1.018799
115392321,0.126709,0.20752,1.018311
115397321,0.125977,0.204834,1.019775
115402321,0.128662,0.207031,1.019531
115407321,0.127441,0.20752,1.014404
115412321,0.129395,0.205078,1.023682
115417321,0.131348,0.207275,1.02124
115422321,0.12793,0.20752,1.021973
115427321,0.130615,0.206543,1.020752
115432321,0.126953,0.204346,1.023438
115437321,0.124756,0.202637,1.021484
115442321,0.127686,0.202881,1.016113
115447321,0.12793,0.206055,1.017578
115452321,0.130859,0.205811,1.020508
115457321,0.123047,0.206543,1.01416
115462321,0.127441,0.211426,1.026611
115467321,0.130127,0.202637,1.019531
115472321,0.132324,0.20459,1.026123
115477321,0.125244,0.204346,1.017822
115482321,0.125977,0.207764,1.015381
115487321,0.126465,0.204102,1.027344
115492321,0.127441,0.203613,1.02124
115497321,0.12793,0.205078,1.025146
115502321,0.125732,0.208984,1.023682
115507321,0.128174,0.209961,1.018311
115512321,0.127197,0.202148,1.014648
115517321,0.130371,0.209717,1.022217
115522321,0.126953,0.206543,1.018799
115527321,0.129395,0.205078,1.019531
115532321,0.130615,0.203613,1.021484
115537321,0.127441,0.200928,1.023438
115542321,0.132568,0.206543,1.024658
115547321,0.126221,0.208496,1.018311
115552321,0.126953,0.206787,1.016357
115557321,0.128174,0.212646,1.023438
115562321,0.129883,0.203613,1.018799
115567321,0.128174,0.203613,1.022949
115572321,0.128662,0.208252,1.01709
115577321,0.126709,0.208252,1.023682
115582321,0.129639,0.208984,1.026855
115587321,0.130859,0.203613,1.019287
115592321,0.130371,0.207031,1.024658
115597321,0.130371,0.206055,1.013672
115602321,0.12793,0.202148,1.019775
115607321,0.127197,0.198242,1.023438
115612321,0.129639,0.202637,1.019531
115617321,0.126709,0.209229,1.016602
115622321,0.12915,0.206543,1.026123
115627321,0.130859,0.201904,1.020752
115632321,0.129395,0.201416,1.019043
115637321,0.132568,0.205322,1.023926
115642321,0.131348,0.21167,1.021973
115647321,0.126709,0.204102,1.015381
115652321,0.123291,0.205322,1.019043
115657321,0.128906,0.206787,1.024902
115662321,0.129639,0.213867,1.020264
115667321,0.126465,0.208252,1.017578
115672321,1.999939,1.999939,-2.0
115677321,1.867676,-0.32251,-2.0
115682321,1.999939,0.558105,-1.460693
115687321,-1.80835,0.870117,1.999939
115692321,0.580322,1.821533,1.999939
115697321,0.802246,0.237305,1.999939
115702321,-0.092529,0.625244,-2.0
115707321,-0.356934,1.320801,-2.0
115712321,-0.405273,0.912354,1.999939
115717321,0.132324,0.323975,1.343018
115722321,0.230957,0.120361,1.050537
115727321,0.112549,0.214355,1.05127
115732321,0.141113,0.416748,0.958496
115737321,0.196533,0.597656,1.248291
115742321,-0.784424,1.999939,1.999939
115747321,1.547119,0.480957,-0.991211
115752321,-0.06543,1.999939,0.364746
115757321,-1.412109,0.491211,-2.0
115762321,-1.656738,1.999939,-2.0
115767321,-1.327148,1.999939,0.674316
115772321,0.212646,1.496826,0.27124
115777321,-0.378906,1.395996,1.07373
115782321,-0.245361,0.573486,1.008301
115787321,0.195557,0.961182,1.238525
115792321,0.036865,1.131836,1.209961
115797321,-0.754639,0.378418,1.383057
115802321,-0.415039,0.00415,0.72583
115807321,0.055176,0.215332,1.046387
115812321,-0.269287,1.109619,0.784912
115817321,-1.048096,1.414307,-0.737061
115822321,0.020752,1.296631,-0.439941
115827321,0.148193,1.999939,1.093994
115832321,0.118896,1.999939,1.010742
115837321,0.104248,1.999939,1.036865
115842321,0.115234,1.767822,1.034424
115847321,0.156982,1.632324,1.104248
115852321,0.098145,1.593018,1.026611
115857321,0.121582,1.476318,1.023926
115862321,0.136475,1.621582,1.037109
115867321,0.123291,1.068604,1.030518
115872321,0.125488,0.622314,1.004883
115877321,0.093018,0.253174,0.962158
115882321,0.114014,0.169189,0.945557
115887321,0.120361,0.448975,1.047607
115892321,0.094727,0.353027,0.954834
115897321,0.09668,0.18457,0.97583
115902321,0.130859,0.220459,1.020752
115907321,0.112549,0.242187,1.073486
115912321,0.121338,0.177979,1.026855
115917321,-1.037109,0.906738,0.744385
115922321,-0.328369,0.689941,1.810547
115927321,0.184814,1.132813,1.017578
115932321,0.168701,0.287354,1.155029
115937321,0.102539,0.303223,0.992676
115942321,0.137451,0.798828,1.026855
115947321,0.117188,1.45459,0.982666
115952321,0.139893,1.854492,1.178223
115957321,-0.211426,0.608643,0.948242
115962321,-1.105713,1.500244,0.951172
115967321,-0.493408,1.999939,1.013428
115972321,0.134766,1.77832,0.960449
115977321,0.085693,0.996338,0.888916
115982321,0.151611,0.186768,1.017334
115987321,0.097656,1.000732,1.126465
115992321,0.096924,0.693848,1.160645
115997321,0.132568,0.422363,1.080078
116002321,0.094482,0.897461,0.877686
116007321,0.094971,1.036621,0.932617
116012321,0.173828,0.118164,1.053711
116017321,0.022949,0.479004,0.825439
116022321,0.121094,0.239258,1.149658
116027321,0.183594,1.999939,1.067871
116032321,0.064209,1.999939,0.961426
116037321,0.151855,0.64917,1.10376
116042321,-0.001465,0.240479,1.039063
116047321,0.133789,0.153809,0.932373
116052321,0.058105,1.410156,0.979736
116057321,0.095947,1.288818,0.921631
116062321,0.142578,1.999939,1.022461
116067321,0.126953,0.411377,1.034912
116072321,0.111328,0.182617,0.991455
116077321,0.125977,0.177979,1.010742
116082321,0.144043,0.202393,1.039063
116087321,0.122803,0.183105,1.001709
116092321,0.125488,0.179687,1.01001
116097321,0.130615,0.213867,1.035156
116102321,0.122559,0.212646,0.996338
116107321,0.121826,0.185303,1.007813
116112321,0.135498,0.189453,1.021484
116117321,0.124268,0.189697,1.011963
116122321,0.119873,0.195068,1.007568
116127321,0.128174,0.204346,1.033691
116132321,0.115234,0.226318,1.030029
116137321,0.116699,0.223633,1.023926
116142321,0.116943,0.214844,1.027832
116147321,0.127686,0.207275,1.027344
116152321,0.121582,0.203125,1.019775
116157321,0.124756,0.209717,1.018066
116162321,0.120117,0.216797,1.042969
116167321,0.122314,0.226562,1.029785
116172321,0.119385,0.218262,1.027588
116177321,0.128174,0.215576,1.028564
116182321,0.123047,0.200439,1.008057
116187321,0.125244,0.189453,1.01709
116192321,0.130371,0.19458,1.033691
116197321,0.123291,0.203369,1.015869
116202321,0.118652,0.204346,1.021973
116207321,0.126221,0.203857,1.030518
116212321,0.118896,0.195557,1.010742
116217321,0.126221,0.187744,1.011475
116222321,0.130371,0.189697,1.026367
116227321,0.115967,0.19751,1.014648
116232321,0.124268,0.208984,1.017334
116237321,0.12793,0.217529,1.039063
116242321,0.116943,0.214844,1.014648
116247321,0.128418,0.214111,1.012939
116252321,0.131836,0.205322,1.025146
116257321,0.119141,0.204834,1.017822
116262321,0.12207,0.212158,1.028564
116267321,0.119385,0.21875,1.025391
116272321,0.12207,0.218994,1.026611
116277321,0.117676,0.210693,1.014404
116282321,0.121338,0.203613,1.024658
116287321,0.131592,0.20166,1.027832
116292321,0.123291,0.196289,1.010742
116297321,0.125244,0.204834,1.024658
116302321,0.125732,0.211426,1.022217
116307321,0.117676,0.208252,1.018311
116312321,0.127686,0.207031,1.019043
116317321,0.131104,0.202393,1.029297
116322321,0.121094,0.195557,1.017578
116327321,0.12915,0.199219,1.02124
116332321,0.121094,0.20874,1.022949
116337321,0.120361,0.208984,1.019531
116342321,0.124023,0.209473,1.027344
116347321,0.117188,0.213623,1.029297
116352321,0.116943,0.202393,1.024658
116357321,0.124756,0.202148,1.020752
116362321,0.115234,0.203369,1.017334
116367321,0.117188,0.20166,1.014893
116372321,0.117432,0.211914,1.026855
116377321,0.12207,0.213379,1.022217
116382321,0.122803,0.20166,1.013672
116387321,0.123535,0.205078,1.015625
116392321,0.122314,0.202393,1.012207
116397321,0.126709,0.199707,1.020508
116402321,0.128906,0.210205,1.019775
116407321,0.126465,0.214355,1.019775
116412321,0.12793,0.208252,1.023438
116417321,0.129639,0.210449,1.022461
116422321,0.134277,0.197998,1.01416
116427321,0.126221,0.205078,1.019043
116432321,0.125732,0.20459,1.026123
116437321,0.120117,0.212402,1.024414
116442321,0.125977,0.208496,1.019531
116447321,0.128662,0.211426,1.028564
116452321,0.12793,0.208496,1.02002
116457321,0.125488,0.205566,1.017334
116462321,0.129395,0.210449,1.027344
116467321,0.123779,0.212402,1.023926
116472321,0.115967,0.208252,1.015625
116477321,0.128174,0.209961,1.028809
116482321,0.120605,0.208008,1.030518
116487321,0.125488,0.202148,1.019287
116492321,0.122803,0.206299,1.018311
116497321,0.119629,0.20166,1.020996
116502321,0.122314,0.202393,1.023926
116507321,0.123535,0.205078,1.022461
116512321,0.124512,0.200684,1.022949
116517321,0.119141,0.205322,1.019531
116522321,0.120117,0.207031,1.023926
116527321,0.115967,0.203369,1.016602
116532321,0.116211,0.199463,1.010986
116537321,0.121338,0.205566,1.016846
116542321,0.12207,0.209473,1.014648
116547321,0.125977,0.209961,1.015381
116552321,0.125977,0.20459,1.02002
116557321,0.128174,0.204102,1.021729
116562321,0.127686,0.203125,1.022461
116567321,0.12915,0.199951,1.024414
116572321,0.126953,0.20459,1.025146
116577321,0.12207,0.209961,1.01416
116582321,0.125732,0.212158,1.020508
116587321,0.125244,0.208496,1.015625
116592321,0.123291,0.203613,1.02832
116597321,0.130127,0.209229,1.018066
116602321,0.125732,0.207275,1.020508
116607321,0.12915,0.210937,1.026123
116612321,0.126465,0.208252,1.028809
116617321,0.121338,0.208252,1.016357
116622321,0.123535,0.206299,1.025879
116627321,0.122314,0.201172,1.025635
116632321,0.122559,0.205078,1.020264
116637321,0.119873,0.201416,1.020996
116642321,0.119629,0.205322,1.019043
116647321,0.12085,0.208984,1.019775
116652321,0.119873,0.212158,1.031982
116657321,0.120361,0.207764,1.016113
116662321,0.122559,0.202881,1.023438
116667321,0.122803,0.199951,1.025879
116672321,0.116699,0.204102,1.02124
116677321,0.116943,0.203369,1.015381
116682321,0.111084,0.203125,1.013916
116687321,0.125732,0.209473,1.016602
116692321,0.12207,0.202881,1.015869
116697321,0.126709,0.203857,1.02124
116702321,0.129639,0.20459,1.023682
116707321,0.12915,0.206787,1.023926
116712321,0.127686,0.214844,1.02417
116717321,0.119873,0.209473,1.011719
116722321,0.120605,0.205566,1.012939
116727321,0.121582,0.206543,1.019531
116732321,0.123291,0.205322,1.016113
116737321,0.118164,0.202881,1.01709
116742321,0.121094,0.20752,1.017578
116747321,0.121094,0.208252,1.025146
116752321,0.12207,0.205322,1.027344
116757321,0.124023,0.208984,1.010742
116762321,0.122559,0.211426,1.019775
116767321,0.128662,0.205566,1.023926
116772321,0.130859,0.204102,1.020752
116777321,0.125488,0.209473,1.026367
116782321,0.127197,0.206299,1.031982
116787321,0.126221,0.206055,1.025879
116792321,0.119141,0.207764,1.023438
116797321,0.125,0.202393,1.024658
116802321,0.123291,0.209229,1.021484
116807321,0.127441,0.202881,1.027588
116812321,0.110352,0.209961,1.010986
116817321,0.130615,0.203125,1.024902
116822321,0.116699,0.207031,1.028076
116827321,0.128418,0.211182,1.026123
116832321,0.120605,0.196777,1.013916
116837321,0.118164,0.209961,1.020508
116842321,0.127686,0.202148,1.028076
116847321,0.126465,0.205322,1.022705
116852321,0.122314,0.216797,1.015381
116857321,0.118652,0.206299,1.028564
116862321,0.132324,0.209229,1.029053
116867321,0.127686,0.210693,1.019043
116872321,0.119141,0.20874,1.02002
116877321,0.128174,0.20752,1.029541
116882321,0.123535,0.20874,1.022949
116887321,0.126953,0.212891,1.016602
116892321,0.123779,0.205078,1.02002
116897321,0.125488,0.20752,1.027832
116902321,0.125,0.206299,1.02124
116907321,0.126709,0.206543,1.030762
116912321,0.125488,0.209717,1.026611
116917321,0.120361,0.214111,1.019775
116922321,0.132324,0.210693,1.020508
116927321,0.125488,0.210449,1.023438
116932321,0.12793,0.210449,1.029541
116937321,0.124512,0.202393,1.03125
116942321,0.125244,0.209473,1.013428
116947321,0.118896,0.20874,1.023926
116952321,0.122559,0.206299,1.023438
116957321,0.125,0.208008,1.024658
116962321,0.120605,0.202393,1.022461
116967321,0.129639,0.209229,1.020996
116972321,0.124268,0.202393,1.011719
116977321,0.121094,0.208008,1.015137
116982321,0.12085,0.203613,1.022705
116987321,0.127441,0.203613,1.025146
116992321,0.124268,0.206299,1.018555
116997321,0.120361,0.205811,1.015869
117002321,0.123291,0.20166,1.018555
117007321,0.128662,0.204102,1.025879
117012321,0.125488,0.205322,1.021729
117017321,0.121582,0.203857,1.028809
117022321,0.122559,0.205566,1.021729
117027321,0.12793,0.208496,1.014404
117032321,0.124023,0.20459,1.022949
117037321,0.126709,0.208008,1.017822
117042321,0.125488,0.203857,1.019043
117047321,0.119629,0.207275,1.021973
117052321,0.122314,0.20459,1.023926
117057321,0.123047,0.208008,1.025635
117062321,0.131592,0.208008,1.018311
117067321,0.122314,0.203857,1.019531
117072321,0.125,0.206299,1.021973
117077321,0.129639,0.214111,1.018066
117082321,0.12207,0.202881,1.022217
117087321,0.125977,0.207275,1.027832
117092321,0.124268,0.212158,1.025635
117097321,0.113525,0.210693,1.018311
117102321,0.121582,0.203125,1.02417
117107321,0.125244,0.202393,1.014404
117112321,0.11499,0.210693,1.026367
117117321,0.120361,0.204102,1.023438
117122321,0.128662,0.207764,1.025879
117127321,0.116943,0.210937,1.013672
117132321,0.120117,0.200195,1.018066
117137321,0.122314,0.202881,1.027344
117142321,0.124756,0.204102,1.026123
117147321,0.120605,0.20752,1.019531
117152321,0.122559,0.210937,1.018555
117157321,0.122314,0.205566,1.01709
117162321,0.119873,0.202637,1.016113
117167321,0.122314,0.206299,1.021484
117172321,0.12085,0.20752,1.019775
117177321,0.122803,0.20459,1.022705
117182321,0.125977,0.206787,1.018799
117187321,0.123779,0.205566,1.018311
117192321,0.121826,0.208252,1.01001
117197321,0.120361,0.203369,1.019531
117202321,0.124512,0.20166,1.013672
117207321,0.125732,0.205322,1.022461
117212321,0.126465,0.204346,1.020752
117217321,0.120117,0.203125,1.027344
117222321,0.126221,0.208984,1.026367
117227321,0.127197,0.206055,1.022217
117232321,0.121582,0.207275,1.026611
117237321,0.122559,0.206787,1.017334
117242321,0.125732,0.204346,1.017578
117247321,0.121582,0.206787,1.021729
117252321,0.126709,0.205811,1.019287
117257321,0.125,0.205322,1.029297
117262321,0.125244,0.206055,1.018799
117267321,0.119385,0.204346,1.02124
117272321,0.121094,0.204102,1.026855
117277321,0.12085,0.202881,1.023682
117282321,0.120117,0.205322,1.022949
117287321,0.122559,0.20459,1.02124
117292321,0.123047,0.20459,1.015381
117297321,0.123779,0.207764,1.016846
117302321,0.12915,0.211426,1.021484
117307321,0.119385,0.205322,1.016357
117312321,0.125244,0.20752,1.013672
117317321,0.121338,0.20459,1.021729
117322321,0.124023,0.202881,1.02417
117327321,0.120605,0.204834,1.025879
117332321,0.124512,0.20874,1.020996
117337321,0.122559,0.207764,1.025635
117342321,0.123779,0.209473,1.023682
117347321,0.122803,0.206055,1.012207
117352321,0.127441,0.204834,1.024658
117357321,0.122803,0.208984,1.029053
117362321,0.126465,0.209473,1.025391
117367321,0.125244,0.214355,1.024658
117372321,0.122314,0.212402,1.018066
117377321,0.122803,0.207275,1.016602
117382321,0.125244,0.210449,1.028564
117387321,0.127197,0.207764,1.020264
117392321,0.126953,0.213867,1.0271
117397321,0.123535,0.211914,1.018311
117402321,0.123047,0.206787,1.012939
117407321,0.122314,0.201904,1.022217
117412321,0.123291,0.206787,1.021729
117417321,0.124268,0.206543,1.02124
117422321,0.117188,0.204346,1.02002
117427321,0.123047,0.205078,1.020752
117432321,0.120605,0.201416,1.016602
117437321,0.123779,0.206299,1.018311
117442321,0.126953,0.20752,1.026855
117447321,0.122559,0.20166,1.022217
117452321,0.121338,0.207764,1.019531
117457321,0.125488,0.203369,1.019287
117462321,0.125,0.20752,1.024902
117467321,0.12085,0.20752,1.015137
117472321,0.122559,0.201904,1.019775
117477321,0.124023,0.204102,1.02417
117482321,0.123535,0.200684,1.016357
117487321,0.128418,0.206055,1.032715
117492321,0.123291,0.205078,1.029053
117497321,0.128174,0.206543,1.02002
117502321,0.122803,0.209961,1.01416
117507321,0.122803,0.206055,1.022461
117512321,0.124023,0.20459,1.029541
117517321,0.126709,0.20459,1.03125
117522321,0.122314,0.206787,1.014893
117527321,0.128662,0.20752,1.01709
117532321,0.121338,0.201416,1.019287
117537321,0.121582,0.205322,1.026123
117542321,0.121826,0.202393,1.026123
117547321,0.121338,0.207031,1.025391
117552321,0.121094,0.210937,1.018311
117557321,0.122559,0.202637,1.020996
117562321,0.12915,0.206055,1.021484
117567321,0.128906,0.205566,1.02124
117572321,0.122559,0.210205,1.023926
117577321,0.126953,0.204346,1.027588
117582321,0.126221,0.210205,1.020996
117587321,0.128662,0.210449,1.023193
117592321,0.128662,0.209473,1.029053
117597321,0.125,0.206299,1.029297
117602321,0.125244,0.204346,1.029785
117607321,0.123047,0.207275,1.016602
117612321,0.12207,0.207764,1.024902
117617321,0.123779,0.204834,1.026855
117622321,0.119629,0.204346,1.022949
117627321,0.118164,0.20459,1.024902
117632321,0.123291,0.208252,1.02002
117637321,0.124023,0.207031,1.022705
117642321,0.125732,0.209717,1.02417
117647321,0.121826,0.203613,1.027588
117652321,0.125244,0.205078,1.020752
117657321,0.126709,0.207031,1.027344
117662321,0.121826,0.202148,1.020264
117667321,0.125732,0.20874,1.019287
117672321,0.128906,0.213379,1.021973
117677321,0.125,0.206299,1.019043
117682321,0.125,0.210205,1.018066
117687321,0.126953,0.208008,1.019287
117692321,0.122803,0.205322,1.020752
117697321,0.119629,0.205078,1.020264
117702321,0.120361,0.210449,1.02002
117707321,0.121582,0.20459,1.022461
117712321,0.125732,0.206787,1.02002
117717321,0.122314,0.204834,1.020996
117722321,0.122314,0.206543,1.020996
117727321,0.125488,0.207031,1.021729
117732321,0.12085,0.20874,1.021973
117737321,0.128418,0.207031,1.019775
117742321,0.125244,0.210449,1.020264
117747321,0.120117,0.20752,1.023438
117752321,0.123047,0.206055,1.020996
117757321,0.122803,0.206055,1.025146
117762321,0.122803,0.208252,1.020508
117767321,0.125,0.207275,1.018555
117772321,0.12085,0.208252,1.025879
117777321,0.118408,0.206299,1.020752
117782321,0.124023,0.206543,1.023926
117787321,0.124023,0.208496,1.023438
117792321,0.123291,0.207275,1.016846
117797321,0.126709,0.211182,1.018066
117802321,0.125,0.206787,1.022705
117807321,0.123535,0.204346,1.018799
117812321,0.121826,0.208496,1.015625
117817321,0.127441,0.207275,1.016846
117822321,0.126221,0.200195,1.025146
117827321,0.124756,0.204834,1.027832
117832321,0.126709,0.209229,1.019043
117837321,0.127197,0.20752,1.020508
117842321,0.124512,0.203125,1.017578
117847321,-1.210938,1.999939,-2.0
117852321,-1.515625,1.999939,-2.0
117857321,-1.094971,1.999939,-2.0
117862321,0.272705,0.93335,-0.246826
117867321,-2.0,1.999939,-2.0
117872321,-0.349854,-0.280518,1.999939
117877321,-1.116943,1.999939,1.999939
117882321,-1.504639,1.999939,1.999939
117887321,1.855957,0.342773,1.999939
117892321,-0.782227,1.858643,-1.849609
117897321,-1.297607,1.830566,-2.0
117902321,-0.050537,1.999939,-2.0
117907321,-0.663818,1.999939,0.325928
117912321,0.053467,0.124268,-0.919922
117917321,0.13208,0.282227,0.282227
117922321,-0.247314,1.087402,-0.718018
117927321,-0.674561,0.322754,0.685059
117932321,0.245361,0.300781,-2.0
117937321,0.053955,1.094238,1.72876
117942321,0.10376,0.888184,1.338135
117947321,0.110107,1.999939,1.048828
117952321,0.113281,0.321289,0.903076
117957321,0.167725,0.275879,0.990479
117962321,0.100342,0.137939,0.984863
117967321,0.193359,0.151855,1.025391
117972321,0.07959,0.229248,0.9729
117977321,0.082764,0.23291,0.97583
117982321,0.15332,0.223633,1.124756
117987321,0.074707,0.217285,1.013672
117992321,0.157471,0.206543,0.980469
117997321,0.104004,0.131836,0.940186
118002321,0.148437,0.188721,1.05249
118007321,0.116943,0.238525,1.111816
118012321,-0.046143,1.645996,0.869629
118017321,-0.03125,1.549805,0.7771
118022321,-0.036133,1.685791,1.26709
118027321,-0.066162,-0.234375,1.504883
118032321,0.144043,0.467529,0.214844
118037321,0.096436,1.202393,1.066162
118042321,0.119873,0.279053,1.013428
118047321,0.156982,0.356445,1.140137
118052321,0.102295,0.223633,1.027588
118057321,0.088379,0.201416,0.979004
118062321,0.10498,0.215576,0.955566
118067321,0.114746,0.185791,0.966553
118072321,0.130371,0.187256,1.017334
118077321,0.14502,0.210693,1.087646
118082321,0.120117,1.999939,0.919678
118087321,0.100586,1.999939,0.898682
118092321,-0.240723,1.276123,0.779785
118097321,-0.441895,1.148926,-1.751953
118102321,-0.94165,1.999939,-2.0
118107321,-0.585449,1.999939,0.856445
118112321,0.192627,0.537842,1.2771
118117321,0.113525,0.454102,1.060547
118122321,0.143311,0.234863,1.014893
118127321,0.164551,0.220215,1.070557
118132321,0.124023,0.419434,1.074707
118137321,0.124756,0.216064,1.041992
118142321,0.113525,0.247314,1.058105
118147321,0.117432,0.230469,1.047119
118152321,0.1521,0.193848,1.090332
118157321,0.101807,0.221436,0.986084
118162321,0.028076,1.794189,1.033936
118167321,-0.154053,1.986328,-2.0
118172321,-0.05127,0.322266,0.793213
118177321,-0.146484,1.281006,0.85083
118182321,0.121338,0.430664,1.052979
118187321,0.141357,1.995605,1.032959
118192321,0.152588,0.229492,1.012207
118197321,0.131348,0.213379,1.033447
118202321,0.115967,0.230469,1.083252
118207321,0.0896,0.208252,0.974609
118212321,0.133545,0.218262,1.070068
118217321,0.122803,0.222412,1.065186
118222321,0.110596,0.190186,0.9729
118227321,0.196777,1.225586,1.180176
118232321,0.032959,1.999939,0.667236
118237321,-0.454346,1.310547,0.912354
118242321,-0.303711,1.097656,0.892334
118247321,0.203857,0.716797,1.243164
118252321,0.154053,0.268066,1.158203
118257321,0.093994,0.22583,0.96167
118262321,0.163574,0.227295,1.074707
118267321,0.123535,0.219482,1.066406
118272321,0.145508,0.214844,1.107666
118277321,0.116943,0.782471,1.047363
118282321,0.111572,0.908447,1.01001
118287321,0.106201,0.753662,0.921387
118292321,0.022461,1.322998,1.18335
118297321,-0.015137,1.012939,1.014404
118302321,-0.91626,0.938721,0.706543
118307321,-0.368652,1.445313,1.076172
118312321,0.091797,0.804199,1.052002
118317321,0.113281,1.984619,1.177734
118322321,0.102051,0.841309,0.980713
118327321,0.132812,0.116699,1.145996
118332321,0.068359,0.380371,1.234131
118337321,0.047607,0.225342,1.181152
118342321,0.093506,0.118408,1.097656
118347321,0.04834,0.174072,1.200684
118352321,0.052002,0.234375,1.213867
118357321,0.116699,0.300293,1.085938
118362321,0.203369,0.069336,0.996094
118367321,0.204834,0.331543,1.150635
118372321,0.21167,0.296631,1.061768
118377321,0.081055,0.341797,0.990723
118382321,0.125488,0.388916,0.977051
118387321,0.172119,0.358887,1.016113
118392321,0.22168,0.369141,1.033447
118397321,0.236816,0.336914,1.029297
118402321,0.273926,0.349365,0.975342
118407321,0.103516,0.233398,1.182617
118412321,0.20874,0.239014,1.074707
118417321,0.191895,0.186768,0.955811
118422321,0.210449,0.160645,0.900146
118427321,0.147461,0.23877,1.035645
118432321,0.163574,0.180176,1.01709
118437321,0.126221,0.235596,1.026367
118442321,0.108643,0.2854,1.081055
118447321,0.128418,0.29126,1.056641
118452321,0.16333,0.262695,1.052979
118457321,0.163818,0.199707,1.021484
118462321,0.147461,0.242187,1.025879
118467321,0.199707,0.262695,1.037354
118472321,0.192139,0.259521,0.998047
118477321,0.147217,0.239014,1.045654
118482321,0.133057,0.215576,1.018066
118487321,0.154053,0.195068,1.000732
118492321,0.157471,0.184814,0.994141
118497321,0.171387,0.165771,0.985352
118502321,0.17749,0.145508,0.981689
118507321,0.173584,0.16748,0.936523
118512321,0.160645,0.198486,0.958496
118517321,0.070312,0.239258,0.968262
118522321,0.112793,0.222412,0.939941
118527321,0.128906,0.237061,0.933594
118532321,0.117188,0.229736,0.95752
118537321,0.127441,0.102539,0.96875
118542321,0.125,0.129883,0.983398
118547321,0.209717,0.250488,0.543457
118552321,0.175537,0.272949,0.899414
118557321,0.002686,0.044189,1.455322
118562321,0.15625,0.461426,1.084473
118567321,0.219727,0.486572,1.17041
118572321,0.284424,0.478271,1.069092
118577321,0.141357,0.354736,1.116943
118582321,0.139404,0.294434,0.864502
118587321,0.133301,0.252441,1.031982
118592321,-0.698975,0.303711,1.4104
118597321,-1.248535,0.341553,0.852051
118602321,-1.236328,0.285645,0.963379
118607321,0.109619,0.318115,0.90625
118612321,0.135254,0.307129,0.878906
118617321,0.134277,0.186035,0.931396
118622321,0.182861,0.09668,0.877686
118627321,0.141357,0.258301,1.082764
118632321,0.164307,0.187988,0.890625
118637321,0.144775,0.159424,0.897461
118642321,0.080811,0.098389,1.05249
118647321,0.113281,-0.055664,1.119873
118652321,-0.144287,0.087891,0.967773
118657321,-1.020752,0.459229,0.794189
118662321,-0.615723,0.411865,1.130859
118667321,-1.178223,-0.332031,1.257568
118672321,-1.279785,0.55249,1.14209
118677321,-0.147461,0.240234,1.186279
118682321,0.343262,0.557617,1.444336
118687321,-0.793701,1.999939,1.999939
118692321,-0.353516,0.022217,1.057129
118697321,-0.170166,-0.104736,0.115967
118702321,-0.041992,0.20874,0.803223
118707321,-0.055176,0.126953,0.591797
118712321,0.112305,0.133545,0.806885
118717321,0.27417,-0.126221,0.607178
118722321,0.089844,0.142334,1.036621
118727321,0.046387,0.114014,1.015625
118732321,0.208252,0.02832,0.833984
118737321,0.106445,0.158691,0.78833
118742321,0.042725,0.040283,0.706055
118747321,0.143555,0.412842,0.935547
118752321,0.060791,0.364502,1.196533
118757321,0.05249,0.39502,1.121582
118762321,0.053223,0.294678,1.065918
118767321,0.049561,0.229492,1.08374
118772321,0.090576,0.201172,1.029297
118777321,0.087158,0.190186,1.021973
118782321,0.038574,0.292725,1.07666
118787321,0.0354,0.333008,1.133057
118792321,0.049316,0.32666,1.089355
118797321,0.063721,0.249512,1.077148
118802321,0.121826,0.161133,0.981201
118807321,0.094238,0.079102,0.954102
118812321,0.100342,0.08667,0.928955
118817321,0.097168,0.112793,0.980713
118822321,0.099609,0.171875,1.046875
118827321,0.079834,0.193359,1.088867
118832321,0.093262,0.13623,1.023193
118837321,0.116455,0.094971,0.955811
118842321,0.100098,0.073486,0.943359
118847321,0.113525,0.080566,1.012207
118852321,0.057129,0.188232,1.083008
118857321,0.066406,0.264404,1.104736
118862321,0.063721,0.283691,1.101074
118867321,0.064697,0.227539,1.041504
118872321,0.072998,0.190918,0.999512
118877321,0.071777,0.183838,0.992432
118882321,0.069092,0.206787,1.017578
118887321,0.052002,0.252686,1.062988
118892321,0.044922,0.292969,1.08667
118897321,0.059814,0.272461,1.073242
118902321,0.068115,0.218018,1.041016
118907321,0.085205,0.173584,1.012695
118912321,0.091064,0.140625,0.987061
118917321,0.081055,0.162598,1.021729
118922321,0.077881,0.19043,1.051758
118927321,0.082275,0.187012,1.052246
118932321,0.094482,0.148682,1.023438
118937321,0.0979,0.119629,0.985107
118942321,0.102783,0.090576,0.962891
118947321,0.103027,0.086182,0.9646
118952321,0.094971,0.141113,1.019043
118957321,0.079346,0.189697,1.056152
118962321,0.078125,0.214355,1.064453
118967321,0.080322,0.201172,1.044678
118972321,0.080322,0.190918,1.025391
118977321,0.081787,0.189453,1.01709
118982321,0.080322,0.196533,1.021973
118987321,0.069336,0.221191,1.048828
118992321,0.060059,0.247314,1.049072
118997321,0.05957,0.247314,1.060791
119002321,0.06665,0.233643,1.044678
119007321,0.074951,0.20752,1.028076
119012321,0.083984,0.186035,1.024902
119017321,0.081787,0.174316,1.021484
119022321,0.076904,0.189941,1.043213
119027321,0.07959,0.198975,1.044434
119032321,0.07373,0.189697,1.047852
119037321,0.087891,0.166992,1.032959
119042321,0.09668,0.123291,0.997314
119047321,0.093994,0.111328,0.980957
119052321,0.087891,0.133789,0.996338
119057321,0.082764,0.171387,1.023682
119062321,0.080566,0.193848,1.049805
119067321,0.083008,0.187988,1.043701
119072321,0.087646,0.177246,1.022949
119077321,0.097412,0.158691,1.012207
119082321,0.091553,0.175537,1.019531
119087321,0.080322,0.210205,1.036865
119092321,0.075195,0.226807,1.049805
119097321,0.067383,0.226318,1.050049
119102321,0.062012,0.209961,1.047363
119107321,0.07251,0.188721,1.033936
119112321,0.079346,0.186523,1.03418
119117321,0.080811,0.195801,1.023682
119122321,0.080078,0.210693,1.018555
119127321,0.075439,0.213867,1.034668
119132321,0.078857,0.195801,1.050537
119137321,0.082275,0.172852,1.036377
119142321,0.088135,0.15625,1.011963
119147321,0.090332,0.145752,1.003418
119152321,0.083496,0.154785,1.006592
119157321,0.079102,0.173584,1.029785
119162321,0.074219,0.186523,1.039551
119167321,0.079834,0.178223,1.040527
119172321,0.083496,0.169922,1.018066
119177321,0.08374,0.161377,1.01001
119182321,0.084961,0.163574,1.010742
119187321,0.090088,0.178711,1.029785
119192321,0.0896,0.200439,1.051025
119197321,0.082275,0.218262,1.041504
119202321,0.080078,0.210693,1.04834
119207321,0.073486,0.189697,1.033203
119212321,0.069336,0.179199,1.020752
119217321,0.069824,0.182373,1.023193
119222321,0.072021,0.188965,1.036377
119227321,0.066406,0.206299,1.048828
119232321,0.068359,0.21167,1.051758
119237321,0.067871,0.19458,1.030762
119242321,0.076172,0.172363,1.018799
119247321,0.081787,0.162109,1.015381
119252321,0.083008,0.167969,1.016357
119257321,0.087158,0.176025,1.025146
119262321,0.086182,0.1875,1.034668
119267321,0.089844,0.187744,1.03833
119272321,0.089355,0.18042,1.031982
119277321,0.088135,0.171387,1.008789
119282321,0.084473,0.164062,1.001465
119287321,0.088379,0.171875,1.025146
119292321,0.080078,0.183105,1.032959
119297321,0.073242,0.197754,1.037842
119302321,0.07666,0.197021,1.051514
119307321,0.078369,0.189941,1.038818
119312321,0.078613,0.181396,1.033936
119317321,0.080811,0.184082,1.033936
119322321,0.081787,0.197998,1.030029
119327321,0.088379,0.205322,1.029785
119332321,0.088867,0.209717,1.036133
119337321,0.088867,0.201416,1.041504
119342321,0.091797,0.188721,1.032715
119347321,0.093262,0.18042,1.017822
119352321,0.088379,0.180664,1.027832
119357321,0.077881,0.183594,1.027832
119362321,0.077881,0.186279,1.043213
119367321,0.080322,0.192139,1.046143
119372321,0.081787,0.180664,1.044678
119377321,0.081787,0.176514,1.035889
119382321,0.084473,0.172363,1.030762
119387321,0.08252,0.174561,1.021484
119392321,0.077637,0.180176,1.02124
119397321,0.068604,0.185303,1.03833
119402321,0.073486,0.189941,1.046387
119407321,0.079346,0.189209,1.033203
119412321,0.074951,0.187256,1.018555
119417321,0.081299,0.179687,1.033691
119422321,0.075684,0.180176,1.033203
119427321,0.078369,0.188477,1.057617
119432321,0.071045,0.196777,1.037842
119437321,0.073486,0.192139,1.028076
119442321,0.074707,0.18335,1.021729
119447321,0.074951,0.173584,1.018799
119452321,0.080811,0.171143,1.026367
119457321,0.077148,0.167725,1.049316
119462321,0.075684,0.171143,1.046387
119467321,0.07373,0.176758,1.032959
119472321,0.072754,0.178955,1.038086
119477321,0.071533,0.173096,1.034424
119482321,0.075439,0.167969,1.025879
119487321,0.078125,0.172852,1.030762
119492321,0.076416,0.17749,1.033691
119497321,0.078125,0.184814,1.041504
119502321,0.071533,0.185791,1.047607
119507321,0.072754,0.1875,1.043213
119512321,0.067383,0.180176,1.027832
119517321,0.067383,0.179443,1.018066
119522321,0.063477,0.178955,1.036621
119527321,0.068115,0.18457,1.036621
119532321,0.059814,0.183838,1.028564
119537321,0.060059,0.183838,1.030762
119542321,0.068604,0.177246,1.018311
119547321,0.06958,0.173096,1.021729
119552321,0.080322,0.172119,1.024658
119557321,0.087402,0.178711,1.031006
119562321,0.085449,0.181885,1.029541
119567321,0.078125,0.187256,1.02832
119572321,0.07959,0.181152,1.033936
119577321,0.075195,0.178467,1.027588
119582321,0.078857,0.178711,1.013672
119587321,0.082031,0.177734,1.023193
119592321,0.088135,0.185303,1.032715
119597321,0.084717,0.194336,1.033447
119602321,0.085449,0.189697,1.039307
119607321,0.082764,0.188232,1.034668
119612321,0.078369,0.185059,1.031738
119617321,0.07373,0.179932,1.029785
119622321,0.078613,0.182373,1.015381
119627321,0.069092,0.189453,1.023682
119632321,0.078613,0.187744,1.034668
119637321,0.084473,0.183105,1.034668
119642321,0.091309,0.19043,1.035645
119647321,0.092773,0.182861,1.032715
119652321,0.08667,0.183594,1.024658
119657321,0.082764,0.187012,1.038574
119662321,0.085693,0.19165,1.024902
119667321,0.081543,0.186523,1.024414
119672321,0.084717,0.187256,1.033203
119677321,0.087891,0.187256,1.037598
119682321,0.086914,0.183105,1.036621
119687321,0.085693,0.182861,1.038818
119692321,0.079346,0.185791,1.04126
119697321,0.077637,0.187256,1.036377
119702321,0.076172,0.187988,1.027832
119707321,0.067871,0.189209,1.0271
119712321,0.077148,0.184082,1.029785
119717321,0.07373,0.178223,1.025635
119722321,0.079834,0.178711,1.031982
119727321,0.084717,0.189453,1.031494
119732321,0.084717,0.186523,1.035889
119737321,0.081787,0.187012,1.031006
119742321,0.078369,0.186523,1.026855
119747321,0.077148,0.180908,1.025391
119752321,0.082275,0.18042,1.030762
119757321,0.081787,0.187256,1.0271
119762321,0.082764,0.181152,1.024414
119767321,0.082275,0.18042,1.019775
119772321,0.081299,0.199463,1.062744
119777321,0.076904,0.192871,1.063232
119782321,0.078613,0.174072,1.012451
119787321,0.080566,0.184814,1.009277
119792321,0.077393,0.183838,1.021973
119797321,0.088379,0.172852,1.049561
119802321,0.077881,0.189697,1.050781
119807321,0.078125,0.197998,1.0271
119812321,0.076416,0.180664,1.002441
119817321,0.080078,0.180908,1.0271
119822321,0.083008,0.177246,1.041016
119827321,0.09082,0.175049,1.043457
119832321,0.08374,0.187988,1.027832
119837321,0.076416,0.196045,1.030762
119842321,0.079834,0.189941,1.022949
119847321,0.086914,0.187256,1.029785
119852321,0.083984,0.187256,1.028809
119857321,0.086426,0.182861,1.029053
119862321,0.078857,0.185303,1.028076
119867321,0.075684,0.190674,1.023682
119872321,0.078857,0.189697,1.035156
119877321,0.076172,0.186035,1.040771
119882321,0.078613,0.179443,1.031982
119887321,0.07373,0.175781,1.022461
119892321,0.077637,0.17749,1.029541
119897321,0.074707,0.181152,1.028564
119902321,0.08252,0.182861,1.036377
119907321,0.077393,0.186279,1.040527
119912321,0.077637,0.181885,1.04541
119917321,0.074707,0.179443,1.014404
119922321,0.08374,0.17627,1.019043
119927321,0.080322,0.178467,1.039795
119932321,0.082275,0.18335,1.03418
119937321,0.080566,0.189209,1.030273
119942321,0.078125,0.188477,1.037109
119947321,0.077148,0.184326,1.033203
119952321,0.076172,0.181396,1.028809
119957321,0.073486,0.183594,1.032715
119962321,0.071289,0.183838,1.0354
119967321,0.07251,0.181152,1.034424
119972321,0.072998,0.185791,1.024658
119977321,0.075928,0.186768,1.028076
119982321,0.075928,0.182861,1.033447
119987321,0.076904,0.179687,1.033447
119992321,0.075195,0.177002,1.026367
119997321,0.074951,0.18457,1.035889
120002321,0.080566,0.185059,1.027344
120007321,0.078125,0.186768,1.032715
120012321,0.07959,0.187744,1.034424
120017321,0.082764,0.178467,1.025146
120022321,0.076904,0.183105,1.018555
120027321,0.078613,0.183594,1.028076
120032321,0.08374,0.183105,1.035645
120037321,0.084473,0.193848,1.031006
120042321,0.084961,0.185791,1.031982
120047321,0.083252,0.18335,1.028564
120052321,0.079102,0.182861,1.022949
120057321,0.083984,0.186523,1.0271
120062321,0.08252,0.187012,1.03125
120067321,0.085937,0.190186,1.035645
120072321,0.087646,0.190918,1.031494
120077321,0.081299,0.185303,1.035645
120082321,0.087402,0.187012,1.03418
120087321,0.079346,0.185059,1.02832
120092321,0.088379,0.183105,1.033936
120097321,0.080811,0.185303,1.022705
120102321,0.076172,0.186523,1.034424
120107321,0.08252,0.186035,1.029541
120112321,0.079102,0.186523,1.022949
120117321,0.075928,0.179932,1.029297
120122321,0.074951,0.185547,1.026367
120127321,0.080322,0.188232,1.03125
120132321,0.083252,0.185303,1.034424
120137321,0.082275,0.186768,1.03125
120142321,0.081055,0.1875,1.02832
120147321,0.083252,0.184814,1.027588
120152321,0.082031,0.181885,1.027832
120157321,0.083496,0.188232,1.035645
120162321,0.082275,0.184814,1.029541
120167321,0.085205,0.184082,1.032959
120172321,0.084473,0.190186,1.032471
120177321,0.086914,0.1875,1.038574
120182321,0.081543,0.186279,1.030762
120187321,0.081543,0.1875,1.029541
120192321,0.07959,0.18457,1.038574
120197321,0.081055,0.189941,1.030518
120202321,0.081055,0.188477,1.036377
120207321,0.07959,0.185059,1.037598
120212321,0.078613,0.18335,1.032715
120217321,0.080811,0.183838,1.034424
120222321,0.080322,0.183594,1.026123
120227321,0.078857,0.181396,1.03418
120232321,0.076416,0.187012,1.037354
120237321,0.073975,0.182373,1.030762
120242321,0.080566,0.182373,1.025879
120247321,0.072266,0.179932,1.026611
120252321,0.072021,0.178223,1.028809
120257321,0.072998,0.17749,1.03125
120262321,0.071045,0.178711,1.029053
120267321,0.074951,0.182617,1.034424
120272321,0.073242,0.177246,1.031006
120277321,0.080322,0.182129,1.0271
120282321,0.079102,0.185791,1.03125
120287321,0.075684,0.18335,1.026855
120292321,0.084473,0.183838,1.030518
120297321,0.083984,0.186768,1.025635
120302321,0.08374,0.184082,1.037598
120307321,0.084717,0.18457,1.023438
120312321,0.076416,0.185303,1.028076
120317321,0.078857,0.181396,1.032227
120322321,0.081787,0.183105,1.028076
120327321,0.079834,0.185303,1.0271
120332321,0.082031,0.185303,1.033691
120337321,0.079834,0.191406,1.031006
120342321,0.078857,0.184326,1.024902
120347321,0.080566,0.182617,1.030518
120352321,0.07959,0.184326,1.025879
120357321,0.07666,0.188477,1.0271
120362321,0.078613,0.186523,1.029785
120367321,0.083496,0.185059,1.02832
120372321,0.086914,0.188965,1.03833
120377321,0.086914,0.183105,1.020264
120382321,0.080078,0.189453,1.024658
120387321,0.084473,0.187744,1.034912
120392321,0.087402,0.191895,1.029297
120397321,0.084961,0.184082,1.031738
120402321,0.088135,0.186035,1.039063
120407321,0.085205,0.186523,1.035645
120412321,0.084961,0.1875,1.037109
120417321,0.077637,0.185791,1.026367
120422321,0.082764,0.185059,1.039307
120427321,0.077881,0.180664,1.032715
120432321,0.078125,0.184814,1.037354
120437321,0.080566,0.18335,1.032715
120442321,0.082275,0.186523,1.023438
120447321,0.077148,0.177979,1.025391
120452321,0.080811,0.181152,1.039795
120457321,0.080566,0.183838,1.033691
120462321,0.076904,0.182617,1.032227
120467321,0.078613,0.1875,1.031982
120472321,0.078125,0.181396,1.03418
120477321,0.080566,0.186279,1.03418
120482321,0.078369,0.182129,1.026611
120487321,0.078613,0.183105,1.030762
120492321,0.077881,0.179443,1.036865
120497321,0.078857,0.183838,1.030518
120502321,0.076904,0.177734,1.039551
120507321,0.07666,0.182617,1.026123
120512321,0.077637,0.181885,1.03125
120517321,0.078369,0.178223,1.022461
120522321,0.080078,0.182861,1.029053
120527321,0.075195,0.183105,1.030518
120532321,0.077637,0.184082,1.026855
120537321,0.078369,0.185059,1.030029
120542321,0.078613,0.185547,1.027832
120547321,0.078613,0.182861,1.032715
120552321,0.081543,0.182373,1.032471
120557321,0.073242,0.180908,1.026123
120562321,0.076416,0.177979,1.03125
120567321,0.074219,0.182617,1.028564
120572321,0.079346,0.181152,1.0271
120577321,0.076904,0.181152,1.034912
120582321,0.073242,0.185303,1.034424
120587321,0.076904,0.180664,1.026367
120592321,0.075439,0.181396,1.024658
120597321,0.079102,0.185059,1.030518
120602321,0.075928,0.184814,1.023193
120607321,0.075684,0.181641,1.029053
120612321,0.076904,0.181396,1.025146
120617321,0.080078,0.182861,1.030518
120622321,0.076416,0.181396,1.030029
120627321,0.084717,0.182861,1.031982
120632321,0.082031,0.18457,1.029541
120637321,0.081299,0.187988,1.031738
120642321,0.081299,0.186279,1.034424
120647321,0.077881,0.185303,1.028809
120652321,0.077881,0.184814,1.034424
120657321,0.08252,0.185791,1.032471
120662321,0.079102,0.184326,1.034424
120667321,0.087158,0.184326,1.038086
120672321,0.084961,0.188477,1.028564
120677321,0.075195,0.182129,1.02832
120682321,0.07959,0.180176,1.032227
120687321,0.087402,0.185059,1.033691
120692321,0.084473,0.187256,1.032959
120697321,0.083008,0.192139,1.037109
120702321,0.077881,0.189697,1.037354
120707321,0.078613,0.187744,1.034912
120712321,0.079346,0.184326,1.031494
120717321,0.075928,0.18457,1.030518
120722321,0.075928,0.185791,1.03418
120727321,0.07373,0.185791,1.029297
120732321,0.074707,0.185303,1.028564
120737321,0.079102,0.181885,1.028076
120742321,0.076172,0.179443,1.031982
120747321,0.077393,0.181152,1.030273
120752321,0.077148,0.182861,1.03125
120757321,0.072754,0.181885,1.026367
120762321,0.075928,0.181152,1.021729
120767321,0.079346,0.182373,1.034424
120772321,0.086914,0.183105,1.024902
120777321,0.082764,0.18335,1.032227
120782321,0.081299,0.187256,1.036377
120787321,0.082031,0.187744,1.028564
120792321,0.082275,0.184082,1.037842
120797321,0.076416,0.183105,1.025146
120802321,0.078857,0.185547,1.025879
120807321,0.077148,0.183105,1.022461
120812321,0.080078,0.178711,1.03125
120817321,0.082275,0.183105,1.031738
120822321,0.084473,0.185547,1.027588
120827321,0.081787,0.191895,1.036621
120832321,0.080811,0.190186,1.032715
120837321,0.081299,0.182373,1.039307
120842321,0.080566,0.184082,1.030518
120847321,0.082275,0.188965,1.027832
120852321,0.074463,0.184326,1.039795
120857321,0.07373,0.185059,1.029785
120862321,0.075195,0.183105,1.029785
120867321,0.075928,0.180664,1.024414
120872321,0.072998,0.182861,1.019775
120877321,0.077148,0.183594,1.04248
120882321,0.084229,0.181641,1.035156
120887321,0.084473,0.186035,1.027588
120892321,0.08374,0.18335,1.036133
120897321,0.08374,0.181152,1.044189
120902321,0.081055,0.184326,1.038574
120907321,0.077393,0.186035,1.024414
120912321,-1.162842,-0.033203,-2.0
120917321,1.999939,-0.122559,-2.0
120922321,-2.0,1.999939,-2.0
120927321,-0.903076,0.605713,-0.918945
120932321,-2.0,-0.429932,-2.0
120937321,1.96167,1.30127,-0.124512
120942321,1.999939,1.389893,1.999939
120947321,1.999939,1.153076,1.999939
120952321,-1.498047,1.765869,-0.730713
120957321,-0.612305,1.798584,-2.0
120962321,-1.740967,1.999939,0.598633
120967321,0.096436,1.999939,1.999939
120972321,0.336426,0.779053,-0.877441
120977321,-0.331543,1.445801,0.10083
120982321,-1.40332,0.844482,-1.048584
120987321,-1.10376,1.730713,1.02417
120992321,-1.374512,1.330322,-1.985352
120997321,-1.519775,-0.707275,1.073975
121002321,-1.419434,1.786621,0.841064
121007321,-1.13916,1.999939,1.067871
121012321,-1.265137,1.235107,1.457031
121017321,-0.768799,-0.237061,1.076904
121022321,-0.868164,0.204102,0.937988
121027321,-1.467773,1.608887,-2.0
121032321,-1.709717,1.365723,-1.302734
121037321,-0.86084,0.946533,0.815186
121042321,-0.069824,1.547607,0.612549
121047321,-0.613037,1.999939,0.706787
121052321,-1.566895,1.737549,1.312744
121057321,-0.23291,1.812988,1.021729
121062321,0.119873,0.328369,0.865967
121067321,0.125732,0.397949,1.162354
121072321,0.090088,1.801758,0.981201
121077321,0.150146,0.678467,0.982422
121082321,0.067383,0.098145,1.005371
121087321,0.041016,0.240967,1.075195
121092321,0.053955,0.265381,1.100586
121097321,0.052002,0.250244,0.956787
121102321,0.010986,0.161377,0.826416
121107321,-0.213867,1.479248,1.144775
121112321,-0.49585,0.95166,1.22583
121117321,-0.419189,1.041992,1.999939
121122321,0.096924,1.29126,1.394531
121127321,0.043213,1.999939,1.080078
121132321,0.089111,0.181152,1.049072
121137321,0.055664,0.139648,0.883301
121142321,0.072021,0.143311,0.937256
121147321,0.090088,0.207031,1.013184
121152321,0.027344,0.197998,0.926514
121157321,0.067871,0.202148,1.029053
121162321,0.064697,0.183105,0.999023
121167321,0.074707,0.285889,1.078125
121172321,0.076904,1.999939,1.031006
121177321,-0.11084,1.972656,1.189453
121182321,-0.220459,1.999939,0.824463
121187321,-1.109375,0.970459,1.019531
121192321,0.05835,1.999939,0.621094
121197321,0.12793,0.744873,1.062012
121202321,0.088379,1.999939,1.039063
121207321,0.07959,0.852295,1.037109
121212321,0.078613,0.199951,0.996826
121217321,0.088135,0.205078,1.05957
121222321,0.062744,0.207764,1.009033
121227321,0.083984,0.202393,1.049316
121232321,0.081299,1.011475,1.05249
121237321,0.122559,1.999939,1.070313
121242321,0.040771,0.041992,0.814941
121247321,0.010742,1.101318,1.226318
121252321,0.003662,0.39624,-1.666992
121257321,0.091553,1.999939,0.944824
121262321,0.076172,1.989258,1.133301
121267321,0.077881,1.999939,1.054688
121272321,0.081299,1.035889,0.954346
121277321,0.069092,0.183594,0.973877
121282321,0.06543,0.217041,1.02417
121287321,0.123047,0.200928,1.181396
121292321,0.05835,0.234375,1.038086
121297321,0.056152,0.172607,0.874023
121302321,-0.458252,1.86499,-1.901611
121307321,-0.287109,1.291016,1.230469
121312321,-1.060059,1.895264,0.930176
121317321,-0.555908,1.810791,1.120605
121322321,0.062256,0.331299,1.053223
121327321,0.093262,0.159668,1.054443
121332321,0.124756,0.156738,1.159912
121337321,0.084229,0.204834,1.008545
121342321,0.07373,0.198486,1.025391
121347321,0.116699,0.543213,1.091797
121352321,-0.252441,0.611084,0.318359
121357321,-0.165039,1.133789,1.23584
121362321,-0.025146,1.674316,0.952393
121367321,0.056396,1.775879,1.106934
121372321,0.135498,1.999939,1.145508
121377321,0.096436,0.19751,1.059082
121382321,0.070801,0.223145,0.972412
121387321,0.076172,0.203125,0.986572
121392321,0.089844,0.185547,1.032959
121397321,0.104736,1.999939,0.986572
121402321,-0.198242,1.571533,0.885986
121407321,0.079834,-0.255371,1.385254
121412321,0.087402,0.141602,1.278564
121417321,0.193604,0.986572,1.195068
121422321,0.133057,1.187012,1.214844
121427321,-0.262451,1.999939,0.914307
121432321,-0.118652,0.154053,0.995361
121437321,-0.067871,0.397949,0.639893
121442321,0.150635,1.14502,1.14917
121447321,0.125732,1.387207,1.397705
121452321,0.122314,1.793213,0.931641
121457321,0.144043,1.999939,0.663818
121462321,-0.029297,0.46875,0.406006
121467321,0.070801,1.999939,0.935791
121472321,0.136475,1.999939,1.123779
121477321,0.106689,0.222168,1.200439
121482321,0.115723,0.220215,1.149902
121487321,0.084961,0.764404,0.631348
121492321,-0.050781,1.883301,0.75415
121497321,0.077148,0.407959,1.002441
121502321,0.005127,0.261719,0.779785
121507321,0.034424,0.278809,0.901123
121512321,-0.18335,1.373779,0.995117
121517321,-0.910889,1.614746,1.043213
121522321,0.116211,1.999939,1.011475
121527321,0.04541,0.530762,1.025879
121532321,0.041016,0.192627,0.999512
121537321,-0.125244,1.141846,1.085938
121542321,0.122559,1.918457,1.149414
121547321,-0.072754,0.248047,0.713867
121552321,-0.04126,1.680664,0.634521
121557321,-0.296387,0.881348,0.992187
121562321,-0.685547,1.999939,0.914551
121567321,-0.041016,1.687744,1.000244
121572321,0.113281,0.679199,1.166016
121577321,0.088623,1.999939,1.088867
121582321,0.144775,-0.218994,1.566895
121587321,0.080566,1.999939,0.908936
121592321,0.082031,1.3125,0.972412
121597321,0.081787,0.210693,0.99585
121602321,0.082275,0.216309,1.008545
121607321,0.065918,0.16626,1.039551
121612321,0.081543,0.175781,1.046387
121617321,0.081543,0.184326,1.019775
121622321,0.072266,0.186035,1.028809
121627321,0.077637,0.179932,1.032227
121632321,0.07959,0.174316,1.028809
121637321,0.072754,0.18042,1.043701
121642321,0.082275,0.19165,1.031982
121647321,0.072021,0.182861,1.017578
121652321,0.074219,0.186035,1.028809
121657321,0.079346,0.179199,1.035156
121662321,0.083496,0.175293,1.032715
121667321,0.078369,0.182861,1.041992
121672321,0.079346,0.187012,1.030273
121677321,0.077881,0.187256,1.032471
121682321,0.078369,0.190918,1.0271
121687321,0.077148,0.1875,1.023193
121692321,0.079346,0.179687,1.027588
121697321,0.080566,0.180176,1.040527
121702321,0.076904,0.178467,1.038086
121707321,0.074463,0.182129,1.032959
121712321,0.076416,0.185547,1.031982
121717321,0.07666,0.18457,1.025635
121722321,0.076416,0.180664,1.034668
121727321,0.078125,0.179932,1.031982
121732321,0.077148,0.177002,1.036133
121737321,0.076416,0.181152,1.038574
121742321,0.075928,0.181396,1.032715
121747321,0.07373,0.190186,1.018555
121752321,0.077637,0.1875,1.029053
121757321,0.083008,0.18042,1.032227
121762321,0.079346,0.183594,1.033203
121767321,0.078125,0.180664,1.033691
121772321,0.072754,0.183838,1.030762
121777321,0.078125,0.185059,1.025146
121782321,0.077637,0.186279,1.02417
121787321,0.077637,0.181885,1.028809
121792321,0.075195,0.178711,1.040283
121797321,0.078125,0.176025,1.029297
121802321,0.077148,0.180176,1.030518
121807321,0.078613,0.184082,1.03418
121812321,0.082764,0.183838,1.026611
121817321,0.082764,0.187012,1.024658
121822321,0.084961,0.183838,1.030762
121827321,0.08252,0.186035,1.030762
121832321,0.084717,0.186768,1.034912
121837321,0.085205,0.185303,1.038818
121842321,0.085937,0.185547,1.027344
121847321,0.08374,0.187744,1.029785
121852321,0.083008,0.186279,1.032471
121857321,0.078125,0.182861,1.028564
121862321,0.083252,0.181641,1.032715
121867321,0.080811,0.181396,1.02832
121872321,0.077393,0.190186,1.037109
121877321,0.076904,0.187012,1.041748
121882321,0.078613,0.184814,1.033447
121887321,0.075928,0.183105,1.037109
121892321,0.074219,0.182129,1.038086
121897321,0.076416,0.183105,1.034912
121902321,0.074707,0.182129,1.032715
121907321,0.07373,0.183105,1.02832
121912321,0.07959,0.183105,1.030762
121917321,0.077393,0.182129,1.029785
121922321,0.076172,0.185303,1.033203
121927321,0.080566,0.182373,1.033936
121932321,0.083008,0.183838,1.029785
121937321,0.074951,0.182861,1.031738
121942321,0.076416,0.182617,1.032471
121947321,0.075684,0.187012,1.030273
121952321,0.082275,0.182129,1.033203
121957321,0.07373,0.18335,1.035156
121962321,0.073975,0.184082,1.032715
121967321,0.074219,0.181152,1.0271
121972321,0.079834,0.182373,1.029297
121977321,0.07373,0.182617,1.034424
121982321,0.07959,0.185791,1.036377
121987321,0.074951,0.179443,1.027588
121992321,0.075195,0.183594,1.025635
121997321,0.070068,0.17749,1.028809
122002321,0.074707,0.176514,1.032715
122007321,0.075684,0.178955,1.031982
122012321,0.072998,0.182129,1.030273
122017321,0.078125,0.180908,1.026611
122022321,0.074707,0.178223,1.025879
122027321,0.071289,0.18457,1.026855
122032321,0.071045,0.182373,1.027588
122037321,0.074463,0.177734,1.029785
122042321,0.073486,0.181396,1.031982
122047321,0.077148,0.181641,1.026855
122052321,0.074707,0.182617,1.02832
122057321,0.076172,0.177734,1.03125
122062321,0.073975,0.184326,1.031494
122067321,0.080078,0.183105,1.028076
122072321,0.076172,0.182129,1.023926
122077321,0.073486,0.181152,1.026855
122082321,0.075684,0.1875,1.02417
122087321,0.075928,0.183105,1.027588
122092321,0.076416,0.182373,1.022217
122097321,0.080078,0.183105,1.021973
122102321,0.076416,0.181152,1.030273
122107321,0.076904,0.183838,1.026855
122112321,0.080811,0.183838,1.024414
122117321,0.07959,0.182617,1.025635
122122321,0.07959,0.182861,1.031006
122127321,0.082275,0.185791,1.026611
122132321,0.081543,0.181641,1.0271
122137321,0.082275,0.18335,1.023682
122142321,0.086914,0.18457,1.028564
122147321,0.084229,0.187012,1.029785
122152321,0.082764,0.184326,1.027832
122157321,0.083252,0.186035,1.025879
122162321,0.084961,0.186523,1.032715
122167321,0.083252,0.185303,1.029785
122172321,0.081543,0.184082,1.03125
122177321,0.078613,0.187012,1.033447
122182321,0.082031,0.182129,1.028809
122187321,0.078857,0.183105,1.030029
122192321,0.082031,0.180664,1.031006
122197321,0.086182,0.184326,1.02832
122202321,0.084961,0.186035,1.037354
122207321,0.084473,0.188721,1.03125
122212321,0.084717,0.183838,1.032227
122217321,0.085693,0.188477,1.031738
122222321,0.078613,0.185791,1.027588
122227321,0.081543,0.184814,1.033203
122232321,0.083984,0.184082,1.03418
122237321,0.083984,0.183838,1.030518
122242321,0.078613,0.181641,1.0354
122247321,0.074463,0.185547,1.033203
122252321,0.079102,0.186035,1.030273
122257321,0.080811,0.183838,1.025635
122262321,0.080566,0.186523,1.031982
122267321,0.081543,0.185303,1.028076
122272321,0.08252,0.18335,1.03125
122277321,0.07959,0.187012,1.033203
122282321,0.085205,0.181396,1.032959
122287321,0.080811,0.184082,1.028809
122292321,0.080322,0.182617,1.031982
122297321,0.080322,0.181396,1.025879
122302321,0.078857,0.184814,1.033936
122307321,0.077393,0.182373,1.0354
122312321,0.076904,0.188477,1.029541
122317321,0.075684,0.179932,1.027344
122322321,0.075195,0.181641,1.037354
122327321,0.075439,0.181152,1.034668
122332321,0.07666,0.184082,1.034424
122337321,0.079102,0.186523,1.027344
122342321,0.077393,0.183838,1.033936
122347321,0.078857,0.183594,1.02832
122352321,0.082275,0.183594,1.031982
122357321,0.077148,0.185791,1.035889
122362321,0.075195,0.179932,1.031494
122367321,0.077148,0.181641,1.034668
122372321,0.07373,0.179687,1.032959
122377321,0.073486,0.180908,1.031494
122382321,0.077881,0.184082,1.033936
122387321,0.077637,0.182617,1.03125
122392321,0.072754,0.185303,1.027588
122397321,0.069824,0.178711,1.031006
122402321,0.074463,0.180908,1.032227
122407321,0.074463,0.181396,1.024414
122412321,0.072998,0.176514,1.029297
122417321,0.07666,0.179199,1.030273
122422321,0.077148,0.18335,1.028076
122427321,0.072021,0.178711,1.032715
122432321,0.070068,0.179443,1.033447
122437321,0.073486,0.179443,1.033203
122442321,0.073975,0.186768,1.027832
122447321,0.078613,0.180664,1.02832
122452321,0.076172,0.182373,1.027588
122457321,0.076904,0.181152,1.028809
122462321,0.076172,0.178223,1.027344
122467321,0.073486,0.185791,1.023682
122472321,0.074951,0.181152,1.029541
122477321,0.076904,0.185303,1.027344
122482321,0.077637,0.182617,1.030273
122487321,0.078369,0.184326,1.027344
122492321,0.077881,0.180176,1.028809
122497321,0.078125,0.187744,1.027588
122502321,0.080566,0.182617,1.029297
122507321,0.077393,0.181885,1.026611
122512321,0.07666,0.182373,1.027344
122517321,0.077637,0.181641,1.02832
122522321,0.075195,0.186035,1.029053
122527321,0.075439,0.185547,1.028076
122532321,0.076416,0.185059,1.024658
122537321,0.075439,0.182129,1.027832
122542321,0.082031,0.181641,1.028076
122547321,0.079834,0.185059,1.024658
122552321,0.079346,0.181885,1.027832
122557321,0.080322,0.184814,1.031494
122562321,0.081055,0.184082,1.03418
122567321,0.079102,0.187256,1.032471
122572321,0.078613,0.183838,1.032227
122577321,0.078369,0.187256,1.029785
122582321,0.078613,0.185791,1.027588
122587321,0.080322,0.182861,1.029297
122592321,0.081299,0.190674,1.024414
122597321,0.083252,0.189453,1.032715
122602321,0.080078,0.186035,1.026855
122607321,0.077393,0.187988,1.033936
122612321,0.083008,0.186768,1.029297
122617321,0.084717,0.186523,1.032715
122622321,0.079834,0.186279,1.025146
122627321,0.074951,0.185547,1.026855
122632321,0.079102,0.18457,1.032227
122637321,0.079102,0.182129,1.035645
122642321,0.080078,0.185059,1.032959
122647321,0.07666,0.182373,1.021729
122652321,0.078857,0.184082,1.029785
122657321,0.075195,0.183838,1.031006
122662321,0.077637,0.178955,1.034668
122667321,0.077637,0.189453,1.03418
122672321,0.077148,0.182129,1.03418
122677321,0.078369,0.178711,1.033447
122682321,0.076172,0.183105,1.032471
122687321,0.077393,0.18335,1.026611
122692321,0.074219,0.180664,1.025146
122697321,0.078125,0.182373,1.0271
122702321,0.079102,0.18042,1.036133
122707321,0.080811,0.18042,1.035889
122712321,0.078125,0.187012,1.03418
122717321,0.080322,0.180908,1.037109
122722321,0.078125,0.186768,1.037598
122727321,0.073975,0.188232,1.025146
122732321,0.075684,0.184082,1.030273
122737321,0.074219,0.183594,1.026855
122742321,0.078613,0.181152,1.0271
122747321,0.083252,0.183838,1.022949
122752321,0.079346,0.180908,1.028564
122757321,0.079834,0.182617,1.033936
122762321,0.075439,0.180664,1.033691
122767321,0.07373,0.18042,1.029541
122772321,0.073975,0.179687,1.037598
122777321,0.078857,0.180176,1.030518
122782321,0.077393,0.184082,1.03125
122787321,0.077393,0.183838,1.028076
122792321,0.076172,0.182617,1.033936
122797321,0.076904,0.180176,1.032227
122802321,0.077637,0.184814,1.026367
122807321,0.077881,0.18335,1.029297
122812321,0.076904,0.184814,1.032715
122817321,0.078613,0.182129,1.034424
122822321,0.075195,0.18335,1.025635
122827321,0.078613,0.183838,1.029053
122832321,0.079102,0.183105,1.024658
122837321,0.078613,0.183838,1.029297
122842321,0.080078,0.18335,1.032227
122847321,0.079834,0.185547,1.029785
122852321,0.081299,0.181641,1.029541
122857321,0.081055,0.186035,1.03418
122862321,0.079102,0.179932,1.026611
122867321,0.075928,0.18457,1.032471
122872321,0.077148,0.186279,1.027588
122877321,0.080566,0.182861,1.026123
122882321,0.074951,0.186035,1.031494
122887321,0.083496,0.182617,1.027344
122892321,0.082275,0.18335,1.029297
122897321,0.079102,0.18335,1.031006
122902321,0.077393,0.185059,1.024902
122907321,0.080078,0.186523,1.034912
122912321,0.077393,0.181641,1.025146
122917321,0.077637,0.185303,1.030029
122922321,0.078613,0.181152,1.03418
122927321,0.077881,0.185303,1.0354
122932321,0.077393,0.184326,1.028564
122937321,0.080566,0.181885,1.026611
122942321,0.080322,0.181885,1.034912
122947321,0.079834,0.18335,1.039307
122952321,0.081543,0.186279,1.030029
122957321,0.077881,0.185791,1.0271
122962321,0.079102,0.186279,1.031006
122967321,0.078613,0.185303,1.027588
122972321,0.079102,0.183105,1.032715
122977321,0.076904,0.184082,1.040771
122982321,0.076172,0.180908,1.034912
122987321,0.075195,0.182861,1.03125
122992321,0.07666,0.182617,1.030273
122997321,0.07251,0.184814,1.029785
123002321,0.078857,0.187988,1.038086
123007321,0.080322,0.182129,1.030518
123012321,0.077881,0.181885,1.022949
123017321,0.079346,0.181641,1.033691
123022321,0.083252,0.185303,1.030518
123027321,0.082275,0.184082,1.029541
123032321,0.081787,0.180664,1.037109
123037321,0.076172,0.184082,1.030762
123042321,0.076416,0.189697,1.032471
123047321,0.079102,0.18335,1.037842
123052321,0.081055,0.181641,1.031738
123057321,0.078613,0.183594,1.026367
123062321,0.07373,0.181885,1.026855
123067321,0.075439,0.182129,1.029541
123072321,0.077881,0.18335,1.031982
123077321,0.074219,0.184082,1.031006
123082321,0.074219,0.183838,1.03418
123087321,0.076172,0.181396,1.035156
123092321,0.07666,0.182129,1.031982
123097321,0.076416,0.185791,1.031494
123102321,0.077637,0.182861,1.029053
123107321,0.078857,0.183838,1.026611
123112321,0.078369,0.181885,1.031738
123117321,0.079834,0.184082,1.031738
123122321,0.074707,0.181152,1.034668
123127321,0.07251,0.182129,1.025635
123132321,0.076416,0.182617,1.028076
123137321,0.078369,0.182373,1.033691
123142321,0.082275,0.184326,1.019531
123147321,0.075928,0.182373,1.03125
123152321,0.074463,0.181641,1.036865
123157321,0.078613,0.18335,1.033203
123162321,0.080078,0.183105,1.028564
123167321,0.081299,0.187256,1.029053
123172321,0.080811,0.18457,1.02832
123177321,0.076172,0.182373,1.032227
123182321,0.081787,0.186035,1.031006
123187321,0.082031,0.18457,1.028076
123192321,0.07666,0.184082,1.028809
123197321,0.078369,0.179932,1.029297
123202321,0.07666,0.184082,1.028076
123207321,0.077881,0.182373,1.026367
123212321,0.076904,0.181396,1.029541
123217321,0.079346,0.184326,1.026611
123222321,0.077393,0.182861,1.028809
123227321,0.595215,1.236572,-2.0
123232321,-2.0,1.633789,-2.0
123237321,-2.0,1.075195,-2.0
123242321,-2.0,0.501709,-0.838623
123247321,-0.185547,-0.291016,0.037109
123252321,-1.908203,1.542725,-0.136719
123257321,-2.0,1.999939,1.999939
123262321,0.624756,1.510254,1.999939
123267321,-0.685791,1.327148,-2.0
123272321,-0.712646,1.71875,-2.0
123277321,-0.096924,0.772217,0.973877
123282321,-0.414307,1.906982,0.835693
123287321,0.157715,0.979004,1.204346
123292321,0.169922,1.999939,1.24707
123297321,-0.685059,1.999939,1.291504
123302321,-0.830078,1.999939,0.915283
123307321,0.030762,1.696289,0.898437
123312321,-1.191162,1.328613,-2.0
123317321,-1.619873,0.55249,-0.875977
123322321,-0.816895,1.408203,-0.611328
123327321,-0.346924,1.404297,0.808105
123332321,-0.894775,1.999939,0.844727
123337321,0.034668,1.832764,0.723145
123342321,-0.250488,1.244873,1.529785
123347321,-0.003662,1.999939,0.615234
123352321,-0.880371,1.511719,1.126221
123357321,0.056396,1.957275,0.70874
123362321,0.111084,1.514648,1.103271
123367321,0.061279,1.999939,1.088135
123372321,0.132812,1.999939,1.206299
123377321,-0.074463,1.999939,1.056152
123382321,0.063965,1.492676,1.025391
123387321,0.043213,1.396729,0.97998
123392321,0.083008,0.172607,1.000732
123397321,0.001221,1.999939,0.896973
123402321,0.110596,0.416748,1.067627
123407321,0.049561,1.999939,1.003906
123412321,0.040527,0.358887,0.925781
123417321,0.123779,0.174805,0.999023
123422321,0.071045,0.269775,0.908936
123427321,0.10083,0.123779,0.959473
123432321,0.082764,0.158936,1.038818
123437321,0.087646,0.289795,1.081055
123442321,0.10376,0.205078,1.036133
123447321,0.101318,0.266113,1.066162
123452321,0.05127,0.191406,0.951172
123457321,0.089111,0.175781,1.031982
123462321,0.091797,0.833496,1.055176
123467321,0.047607,0.223389,0.973389
123472321,0.041992,0.214844,0.992187
123477321,0.096436,0.231689,1.094482
123482321,0.072754,0.209717,1.025879
123487321,0.076416,0.17334,1.007813
123492321,0.11084,0.197021,1.095459
123497321,0.076904,0.200928,1.025879
123502321,0.072266,0.20166,1.032471
123507321,0.08667,0.208252,1.065918
123512321,0.09082,0.197754,1.019287
123517321,0.078125,0.172852,0.988037
123522321,0.111816,0.140137,1.035889
123527321,0.120117,0.133789,1.065918
123532321,0.107422,0.144531,1.037354
123537321,0.136475,1.538086,1.11499
123542321,0.157227,0.27002,0.990479
123547321,-0.008545,1.999939,1.455811
123552321,-1.755859,1.364258,1.169434
123557321,-1.41748,1.092529,0.666992
123562321,-0.697998,1.999939,1.089111
123567321,0.052979,1.460938,1.121582
123572321,0.101074,0.528564,1.067871
123577321,0.057861,0.2229,1.036621
123582321,0.065918,0.233398,1.050537
123587321,0.067383,0.21875,1.043945
123592321,0.070312,0.202393,1.042969
123597321,0.077637,0.188721,1.059326
123602321,0.074463,0.214844,1.036621
123607321,0.074463,0.168701,1.050293
123612321,0.073975,0.20459,1.05249
123617321,0.080811,0.185791,1.049072
123622321,0.074219,0.15918,0.941406
123627321,0.132812,0.15625,1.086914
123632321,0.087158,0.319824,0.989746
123637321,0.171387,0.230957,1.084961
123642321,-0.250244,1.171631,0.890137
123647321,-1.227295,0.350342,1.475586
123652321,-0.651367,0.744141,-1.124023
123657321,-0.647949,0.531494,1.644287
123662321,0.231445,1.999939,1.275635
123667321,0.072021,0.121338,1.02417
123672321,-0.364258,1.415527,1.255371
123677321,0.115967,1.999939,1.050293
123682321,0.056396,0.182373,1.032471
123687321,0.06543,0.19751,1.127441
123692321,-0.976318,1.183594,-2.0
123697321,-0.416992,1.360107,0.50293
123702321,-0.307373,0.974121,-1.378174
123707321,-1.921387,0.983398,-0.636475
123712321,-1.094727,1.999939,1.45874
123717321,0.028564,0.377441,0.97583
123722321,0.054443,0.257324,1.101807
123727321,0.081787,0.322266,0.917725
123732321,0.073486,0.177979,0.838379
123737321,-0.168701,1.999939,0.749756
123742321,-0.005127,0.979248,1.026855
123747321,-0.029053,1.615479,0.947754
123752321,0.114502,0.105469,0.995117
123757321,0.054932,0.868164,1.001221
123762321,0.116943,1.45874,1.218994
123767321,0.111084,0.255615,1.111572
123772321,0.063721,0.187744,1.001709
123777321,0.103516,0.20459,1.033691
123782321,0.042725,0.306885,0.9375
123787321,-0.806152,1.732666,1.200195
123792321,0.063965,0.199707,1.000488
123797321,0.082031,0.223145,1.037109
123802321,0.083252,0.363525,0.962646
123807321,0.080566,0.869629,1.098633
123812321,0.106445,0.27002,1.05542
123817321,0.090576,0.207031,1.018311
123822321,0.029053,0.206055,0.88501
123827321,0.061768,0.291992,1.026611
123832321,0.108398,0.136719,1.059814
123837321,0.047607,0.211426,0.960937
123842321,0.087891,0.228027,1.033447
123847321,0.097168,0.157715,1.04834
123852321,0.05957,0.189209,1.01709
123857321,0.064941,0.158936,1.01709
123862321,0.082764,0.157227,1.027832
123867321,0.099609,0.166748,1.084229
123872321,0.076172,0.201904,1.033447
123877321,0.086182,0.18335,1.006348
123882321,0.076904,0.179687,1.034668
123887321,0.069336,0.19458,1.032471
123892321,0.086914,0.185791,1.038818
123897321,0.081055,0.195068,1.041504
123902321,0.067871,0.190186,1.033691
123907321,0.083252,0.192139,1.046143
123912321,0.081055,0.183105,1.026855
123917321,0.065674,0.195312,1.012695
123922321,0.090332,0.173584,1.049561
123927321,0.081299,0.191406,1.036377
123932321,0.077393,0.182129,1.035156
123937321,0.082031,0.168457,1.037109
123942321,0.087402,0.176025,1.035889
123947321,0.075195,0.170654,1.027832
123952321,0.078125,0.17334,1.026123
123957321,0.076416,0.171875,1.040771
123962321,0.083008,0.174561,1.029053
123967321,0.079102,0.171875,1.023193
123972321,0.08374,0.180176,1.012695
123977321,0.084229,0.183105,1.034424
123982321,0.085449,0.185791,1.022217
123987321,0.08252,0.188232,1.026611
123992321,0.077393,0.187988,1.022705
123997321,0.07959,0.182861,1.035156
124002321,0.080322,0.187256,1.04126
124007321,0.081299,0.180908,1.041992
124012321,0.081543,0.182861,1.034424
124017321,0.080078,0.181641,1.031006
124022321,0.075439,0.180176,1.03833
124027321,0.081543,0.181885,1.030029
124032321,0.083008,0.183105,1.030029
124037321,0.083496,0.177002,1.023926
124042321,0.080078,0.174316,1.031982
124047321,0.083008,0.179932,1.030518
124052321,0.081299,0.177979,1.023193
124057321,0.086182,0.179199,1.03418
124062321,0.090088,0.181396,1.026123
124067321,0.086914,0.186279,1.030762
124072321,0.083008,0.187744,1.032227
124077321,0.084717,0.181152,1.027588
124082321,0.080566,0.183838,1.0354
124087321,0.077881,0.182373,1.0354
124092321,0.078369,0.182861,1.031982
124097321,0.078125,0.177979,1.035645
124102321,0.07959,0.182373,1.03125
124107321,0.077637,0.182373,1.023682
124112321,0.080322,0.178955,1.031494
124117321,0.08374,0.174805,1.029053
124122321,0.083252,0.178711,1.025879
124127321,0.080566,0.176025,1.023682
124132321,0.08252,0.174805,1.014404
124137321,0.074951,0.180664,1.043213
124142321,0.073975,0.176758,1.036377
124147321,0.070801,0.177979,1.029785
124152321,0.075684,0.174072,1.02124
124157321,0.073486,0.17627,1.027344
124162321,0.075684,0.171875,1.023926
124167321,0.081299,0.18042,1.032471
124172321,0.075439,0.182861,1.034912
124177321,0.083984,0.182861,1.033203
124182321,0.079102,0.182617,1.029785
124187321,0.07666,0.183105,1.027832
124192321,0.080811,0.181885,1.03125
124197321,0.076172,0.179687,1.026611
124202321,0.078857,0.185303,1.035156
124207321,0.079346,0.180908,1.037354
124212321,0.085449,0.175293,1.031738
124217321,0.083984,0.179687,1.030273
124222321,0.08252,0.178467,1.033203
124227321,0.084717,0.180908,1.039063
124232321,0.081543,0.18335,1.027588
124237321,0.087402,0.180664,1.022949
124242321,0.081055,0.182617,1.021484
124247321,0.083496,0.176025,1.030518
124252321,0.077881,0.180664,1.028809
124257321,0.079834,0.18042,1.040771
124262321,0.080811,0.180176,1.028564
124267321,0.078125,0.179687,1.026855
124272321,0.086182,0.183594,1.026367
124277321,0.07959,0.177246,1.032471
124282321,0.086182,0.181152,1.022705
124287321,0.085449,0.184814,1.029297
124292321,0.082764,0.176514,1.024902
124297321,0.082764,0.178711,1.033691
124302321,0.084961,0.177979,1.033936
124307321,0.081055,0.177734,1.029541
124312321,0.079346,0.183594,1.038574
124317321,0.077148,0.177246,1.030518
124322321,0.081055,0.180908,1.030029
124327321,0.081299,0.180664,1.022461
124332321,0.079102,0.17749,1.020752
124337321,0.06543,0.171387,1.023682
124342321,0.076416,0.180664,1.0271
124347321,0.069092,0.171143,1.025879
124352321,0.074951,0.197998,1.049316
124357321,0.079346,0.166748,1.031494
124362321,0.077881,0.182373,1.019775
124367321,0.069336,0.183105,1.051025
124372321,0.076172,0.174072,1.038574
124377321,0.07959,0.179199,1.014404
124382321,0.079834,0.175781,1.02124
124387321,0.080078,0.176758,1.030273
124392321,0.075684,0.177734,1.029053
124397321,0.080078,0.181885,1.032227
124402321,0.078125,0.181396,1.028809
124407321,0.085205,0.179687,1.031982
124412321,0.087646,0.183838,1.033936
124417321,0.084473,0.179932,1.029541
124422321,0.084961,0.184082,1.030762
124427321,0.086914,0.184326,1.02832
124432321,0.082031,0.182617,1.031738
124437321,0.077881,0.181152,1.029785
124442321,0.079346,0.179199,1.037354
124447321,0.082275,0.183105,1.029053
124452321,0.081787,0.179443,1.030518
124457321,0.080078,0.179199,1.031006
124462321,0.083008,0.177246,1.030518
124467321,0.085937,0.181396,1.030029
124472321,0.084473,0.181396,1.030762
124477321,0.085937,0.181641,1.021729
124482321,0.086914,0.18042,1.0271
124487321,0.087158,0.179687,1.034668
124492321,0.085449,0.183105,1.032227
124497321,0.087891,0.181885,1.026611
124502321,0.08374,0.181396,1.033936
124507321,0.081543,0.184082,1.032715
124512321,0.080566,0.180176,1.027588
124517321,0.082764,0.182129,1.035645
124522321,0.085449,0.177734,1.033691
124527321,0.07959,0.181396,1.033447
124532321,0.08374,0.180908,1.030029
124537321,0.084229,0.180664,1.030762
124542321,0.083984,0.178955,1.032959
124547321,0.079346,0.181885,1.03418
124552321,0.078857,0.182129,1.030518
124557321,0.078369,0.176514,1.036133
124562321,0.077637,0.181396,1.034912
124567321,0.081299,0.182861,1.029785
124572321,0.080811,0.176758,1.03418
124577321,0.08252,0.183594,1.028809
124582321,0.078125,0.180664,1.032959
124587321,0.081543,0.181885,1.027832
124592321,0.081787,0.182861,1.028809
124597321,0.079346,0.183105,1.036865
124602321,0.075928,0.182373,1.030518
124607321,0.079346,0.177246,1.032227
124612321,0.083252,0.18042,1.03418
124617321,0.081299,0.179687,1.037354
124622321,0.083008,0.180908,1.030762
124627321,0.082275,0.177246,1.039063
124632321,0.077881,0.182129,1.026611
124637321,0.07959,0.180908,1.028564
124642321,0.083252,0.182373,1.030273
124647321,0.085937,0.182129,1.035889
124652321,0.081543,0.182617,1.028076
124657321,0.080811,0.181396,1.026611
124662321,0.079346,0.18042,1.03125
124667321,0.080566,0.181641,1.03418
124672321,0.082275,0.182617,1.017334
124677321,0.079834,0.18042,1.03125
124682321,0.083984,0.178223,1.036621
124687321,0.081543,0.186035,1.024902
124692321,0.078369,0.179443,1.026367
124697321,0.08374,0.181152,1.033203
124702321,0.084473,0.180908,1.028809
124707321,0.07959,0.179443,1.034424
124712321,0.086182,0.177246,1.038574
124717321,0.082764,0.183838,1.029541
124722321,0.07959,0.183105,1.024658
124727321,0.077148,0.178223,1.0354
124732321,0.084473,0.18457,1.027832
124737321,0.084473,0.182617,1.029053
124742321,0.080078,0.184326,1.02832
124747321,0.084229,0.179687,1.031738
124752321,0.080322,0.18335,1.034912
124757321,0.077393,0.184082,1.035645
124762321,0.082764,0.179199,1.034424
124767321,0.082031,0.181641,1.0271
124772321,0.081543,0.179932,1.031738
124777321,0.088623,0.179932,1.033203
124782321,0.080322,0.175781,1.024658
124787321,0.080322,0.18457,1.028564
124792321,0.082275,0.179687,1.033691
124797321,0.081055,0.178467,1.039307
124802321,0.080322,0.181152,1.025879
124807321,0.07959,0.183838,1.031982
124812321,0.087402,0.181152,1.03418
124817321,0.084961,0.181396,1.029541
124822321,0.082031,0.182373,1.032959
124827321,0.085449,0.183105,1.026855
124832321,0.081299,0.177734,1.023682
124837321,0.08252,0.178955,1.036865
124842321,0.082764,0.182129,1.029297
124847321,0.078369,0.183105,1.025391
124852321,0.084961,0.181152,1.030762
124857321,0.081055,0.179443,1.030518
124862321,0.083008,0.185303,1.027588
124867321,0.082764,0.181152,1.032227
124872321,0.080078,0.182373,1.037598
124877321,0.080566,0.181396,1.033936
124882321,0.078369,0.184082,1.026367
124887321,0.083984,0.177734,1.035645
124892321,0.081787,0.17627,1.026855
124897321,0.078125,0.184326,1.028076
124902321,0.083252,0.180908,1.023682
124907321,0.082764,0.180908,1.03418
124912321,0.083252,0.181641,1.033691
124917321,0.083496,0.181396,1.024658
124922321,0.090088,0.164795,1.030518
124927321,0.087891,0.183105,1.025635
124932321,0.108154,0.106689,0.998535
124937321,0.10083,0.167969,1.014648
124942321,0.084473,0.149414,1.039307
124947321,0.092529,0.144043,1.047607
124952321,0.090576,0.181641,1.064941
124957321,0.098633,0.12207,1.07666
124962321,0.072266,0.242432,1.082275
124967321,-0.01709,0.332764,1.090332
124972321,-0.013672,0.137695,1.004639
124977321,0.017334,0.243896,1.000488
124982321,0.000977,0.182373,0.992676
124987321,0.006836,0.245117,1.008789
124992321,0.048096,0.274902,1.009033
124997321,0.10498,0.265869,1.0271
125002321,0.124268,0.265625,1.02832
125007321,0.141113,0.285156,1.127441
125012321,0.027832,0.490967,0.865234
125017321,0.174316,0.146973,0.946045
125022321,0.146729,0.081543,1.067139
125027321,0.181396,0.115479,1.092773
125032321,0.034424,0.199951,1.029053
125037321,0.107666,0.257324,1.039551
125042321,0.0896,0.31958,0.998047
125047321,0.076904,0.165771,1.210449
125052321,0.063477,0.064697,1.097412
125057321,0.059326,0.034912,1.06543
125062321,0.09375,0.073242,1.026611
125067321,0.091797,0.133301,1.03418
125072321,0.105713,0.151855,0.999756
125077321,0.079102,0.170898,1.021729
125082321,0.076172,0.175537,0.980225
125087321,0.077637,0.190918,1.075928
125092321,0.078613,0.210449,1.105469
125097321,0.045654,0.200195,0.996094
125102321,0.050537,0.193359,0.982666
125107321,0.063232,0.173096,1.017334
125112321,0.082031,0.161621,1.002197
125117321,0.0896,0.176758,1.052246
125122321,0.076416,0.193604,1.033691
125127321,0.079102,0.178955,1.048584
125132321,0.085693,0.166504,1.017334
125137321,0.080811,0.159424,1.015381
125142321,0.103271,0.164307,0.953613
125147321,0.075195,0.15625,1.093994
125152321,0.080566,0.19165,1.009033
125157321,0.077393,0.155762,0.996338
125162321,0.086914,0.149902,1.045898
125167321,0.075195,0.15918,1.015625
125172321,0.07666,0.166748,1.02832
125177321,0.077881,0.183105,1.0271
125182321,0.075195,0.196533,1.039795
125187321,0.073486,0.201416,1.040283
125192321,0.073975,0.192627,1.036377
125197321,0.080566,0.19751,1.032227
125202321,0.071533,0.187256,1.04126
125207321,0.077148,0.192871,1.04126
125212321,0.071289,0.19751,1.03833
125217321,0.076172,0.206787,1.043213
125222321,0.067871,0.191406,1.037598
125227321,0.076172,0.186768,1.027344
125232321,0.079102,0.164307,1.03418
125237321,0.087402,0.156982,1.025391
125242321,0.088867,0.162598,1.030762
125247321,0.079102,0.15918,1.025635
125252321,0.086914,0.15918,1.024902
125257321,0.086914,0.160156,1.022949
125262321,0.085693,0.166016,1.019775
125267321,0.08252,0.163818,1.023926
125272321,0.080078,0.175537,1.026123
125277321,0.080566,0.182373,1.031738
125282321,0.077637,0.189209,1.038818
125287321,0.075928,0.198242,1.040527
125292321,0.07959,0.192871,1.035889
125297321,0.070068,0.191162,1.030518
125302321,0.072266,0.188721,1.029785
125307321,0.072266,0.187012,1.039795
125312321,0.076416,0.184326,1.036377
125317321,0.077393,0.185303,1.031494
125322321,0.081787,0.179932,1.032227
125327321,0.082275,0.169678,1.028564
125332321,0.083252,0.168945,1.020264
125337321,0.085693,0.166016,1.023926
125342321,0.087646,0.166748,1.020752
125347321,0.08374,0.17334,1.031982
125352321,0.082275,0.173828,1.033447
125357321,0.081055,0.17749,1.029297
125362321,0.077637,0.180908,1.030273
125367321,0.080566,0.181885,1.032227
125372321,0.082764,0.181396,1.037598
125377321,0.071045,0.192139,1.036865
125382321,0.106445,0.148926,0.988281
125387321,0.095703,0.108154,1.050781
125392321,0.071289,0.151611,1.088623
125397321,0.054932,0.167236,1.108154
125402321,0.059814,0.224854,1.095703
125407321,0.10498,0.339111,1.043701
125412321,0.135986,0.179443,1.003906
125417321,0.07251,0.216553,0.958496
125422321,0.100586,0.122559,0.893799
125427321,-0.006104,0.268066,1.059814
125432321,0.045654,0.283691,1.077637
125437321,0.093506,0.259277,1.133545
125442321,0.076172,0.220459,0.960693
125447321,0.120605,0.150879,0.989258
125452321,0.091797,0.14502,0.952637
125457321,0.109619,0.155273,1.033203
125462321,0.101807,0.164551,1.039307
125467321,0.077148,0.179932,1.012939
125472321,0.092041,0.16333,1.037354
125477321,0.10083,0.156738,1.010498
125482321,0.116943,0.150391,1.056885
125487321,0.060303,0.173096,0.859131
125492321,0.082764,0.175049,1.085693
125497321,0.050293,0.244141,1.034668
125502321,0.071777,0.272217,1.117188
125507321,0.074463,0.233154,1.085205
125512321,0.060791,0.204102,0.961182
125517321,0.093994,0.172363,1.052002
125522321,0.087158,0.161865,1.0271
125527321,0.072998,0.183105,1.033203
125532321,0.074463,0.1875,1.043701
125537321,0.078125,0.187744,1.039307
125542321,0.084473,0.170166,1.025146
125547321,0.094727,0.130859,0.998779
125552321,0.102783,0.115234,0.998535
125557321,0.099365,0.134521,1.009277
125562321,0.092285,0.16626,1.029785
125567321,0.078369,0.195312,1.055664
125572321,0.080078,0.21167,1.063721
125577321,0.086914,0.177246,1.050049
125582321,0.083496,0.178955,1.020264
125587321,0.085449,0.189209,1.001465
125592321,0.068848,0.220215,1.036133
125597321,0.056641,0.235596,1.030029
125602321,0.058594,0.24292,1.043213
125607321,0.06958,0.226807,1.034668
125612321,0.075439,0.203125,1.020996
125617321,0.09082,0.184326,1.01123
125622321,0.090088,0.165283,1.000732
125627321,0.092529,0.181152,1.026367
125632321,0.077881,0.196289,1.036377
125637321,0.090576,0.182129,1.029053
125642321,0.090332,0.164307,1.026855
125647321,0.095947,0.142822,1.022705
125652321,0.106445,0.140869,1.014893
125657321,0.099609,0.168945,1.028809
125662321,0.082031,0.189453,1.049072
125667321,0.080078,0.206299,1.051025
125672321,0.079346,0.212402,1.035156
125677321,0.074219,0.20459,1.029541
125682321,0.080078,0.209717,1.009766
125687321,0.069824,0.210937,1.007813
125692321,0.071045,0.227783,1.015137
125697321,0.066406,0.228516,1.030273
125702321,0.074219,0.213867,1.025146
125707321,0.088135,0.186279,1.020264
125712321,0.100586,0.166016,1.036377
125717321,0.086182,0.168457,1.039795
125722321,0.08374,0.165771,1.056885
125727321,0.097168,0.161621,1.03125
125732321,0.116699,0.167236,1.02002
125737321,0.080566,0.152832,1.026367
125742321,0.087402,0.153809,0.996826
125747321,0.093262,0.132568,0.981689
125752321,0.108154,0.086182,1.142822
125757321,0.07373,0.232422,0.99707
125762321,0.094238,0.199707,1.07251
125767321,0.070068,0.188232,1.055908
125772321,0.084961,0.166748,1.016113
125777321,0.089844,0.15918,1.009766
125782321,0.078369,0.193359,1.04126
125787321,0.081299,0.201416,1.042236
125792321,0.080322,0.202148,1.041504
125797321,0.06665,0.207031,1.038086
125802321,0.087158,0.189453,1.037842
125807321,0.084717,0.189453,1.027832
125812321,0.080078,0.200684,1.034668
125817321,0.077881,0.211182,1.04248
125822321,0.078857,0.211182,1.040771
125827321,0.078857,0.199707,1.031738
125832321,0.084717,0.188232,1.027832
125837321,0.086426,0.177246,1.036865
125842321,0.087646,0.17627,1.03418
125847321,0.094727,0.172119,1.03418
125852321,0.084717,0.173584,1.031982
125857321,0.09082,0.163818,1.015137
125862321,0.09082,0.154541,1.018311
125867321,0.101807,0.149902,1.038818
125872321,0.105713,0.147705,1.052002
125877321,0.107666,0.140137,1.021484
125882321,0.099365,0.138428,1.062256
125887321,0.099609,0.158936,1.03418
125892321,0.099854,0.163818,1.029053
125897321,0.089844,0.168945,1.022461
125902321,0.08667,0.161377,1.026855
125907321,0.083984,0.180176,1.032959
125912321,0.074463,0.185059,1.044189
125917321,0.066406,0.209229,1.042236
125922321,0.061523,0.226807,1.051514
125927321,0.068604,0.226318,1.035156
125932321,0.057617,0.237061,1.040283
125937321,0.068604,0.242676,1.031494
125942321,0.050781,0.268066,1.029053
125947321,0.053711,0.232422,1.033691
125952321,0.08252,0.220459,1.058838
125957321,0.079346,0.202881,1.111084
125962321,0.098633,0.189209,1.007813
125967321,0.084717,0.178223,1.027588
125972321,0.093506,0.14502,0.981445
125977321,0.105225,0.118408,1.014648
125982321,0.110352,0.09668,0.987793
125987321,0.112793,0.089111,0.941406
125992321,0.127197,0.073486,0.928955
125997321,0.102539,0.068359,0.971191
126002321,0.10791,0.134766,1.002441
126007321,0.0979,0.142334,1.042725
126012321,0.104736,0.194092,1.060547
126017321,0.089355,0.195312,1.047363
126022321,0.090332,0.212891,1.064209
126027321,0.062256,0.259521,1.088867
126032321,0.061035,0.24292,1.064453
126037321,0.055176,0.261475,1.055664
126042321,0.03418,0.267334,1.059326
126047321,0.059814,0.260498,1.04248
126052321,0.058838,0.246338,1.078369
126057321,0.069336,0.231689,1.046143
126062321,0.070557,0.215088,1.07251
126067321,0.09082,0.206787,1.071289
126072321,0.092285,0.16748,1.028809
126077321,0.097168,0.15625,1.033203
126082321,0.112793,0.093262,0.98877
126087321,0.109375,0.090576,0.976562
126092321,0.111328,0.09668,0.962158
126097321,0.112305,0.090576,0.950439
126102321,0.115479,0.092529,0.956543
126107321,0.108398,0.095703,0.980469
126112321,0.104492,0.130127,1.009277
126117321,0.092529,0.171387,1.04126
126122321,0.081299,0.169678,1.038818
126127321,0.088135,0.213867,1.063721
126132321,0.072754,0.215576,1.050293
126137321,0.067627,0.227783,1.056641
126142321,0.056152,0.23877,1.079102
126147321,0.060059,0.244629,1.066406
126152321,0.058838,0.25,1.053711
126157321,0.062988,0.246094,1.048584
126162321,0.073242,0.226562,1.055176
126167321,0.074463,0.222168,1.066406
126172321,0.07373,0.219727,1.071045
126177321,0.097168,0.20166,1.052734
126182321,0.098877,0.173096,1.030273
126187321,0.087402,0.168945,1.02832
126192321,0.101807,0.12207,1.000488
126197321,0.10376,0.104492,0.992187
126202321,0.104248,0.110107,0.981445
126207321,0.103027,0.101074,0.97583
126212321,0.098633,0.123779,0.990723
126217321,0.089355,0.139893,1.012939
126222321,0.092285,0.149658,1.014404
126227321,0.091797,0.160156,1.026855
126232321,0.08667,0.171875,1.034424
126237321,0.086914,0.203613,1.064453
126242321,0.079102,0.217773,1.060059
126247321,0.068115,0.226562,1.056152
126252321,0.069092,0.226562,1.05249
126257321,0.075439,0.218018,1.051514
126262321,0.067627,0.221191,1.053223
126267321,0.072754,0.217773,1.052246
126272321,0.075439,0.215332,1.046387
126277321,0.070312,0.222168,1.058105
126282321,0.083496,0.205078,1.046143
126287321,0.092041,0.168945,1.030762
126292321,0.085937,0.165771,1.035889
126297321,0.093262,0.153076,1.027344
126302321,0.100342,0.135986,1.001465
126307321,0.095703,0.135254,0.994385
126312321,0.102051,0.125,0.994873
126317321,0.101074,0.125488,1.007813
126322321,0.090088,0.141846,1.014893
126327321,0.092529,0.154053,1.003906
126332321,0.090332,0.156738,1.016357
126337321,0.085205,0.165039,1.030029
126342321,0.090088,0.171387,1.037598
126347321,0.079102,0.196777,1.056885
126352321,0.071533,0.216309,1.057129
126357321,0.077148,0.20874,1.047607
126362321,0.074707,0.212891,1.037598
126367321,0.071777,0.207031,1.04834
126372321,0.078857,0.203369,1.048828
126377321,0.077148,0.209717,1.047119
126382321,0.074219,0.206543,1.038086
126387321,0.081055,0.19165,1.036621
126392321,0.079346,0.177979,1.03833
126397321,0.081543,0.165527,1.031738
126402321,0.088867,0.158936,1.024658
126407321,0.090332,0.157227,1.019287
126412321,0.09082,0.147949,1.015381
126417321,0.093994,0.148193,1.006836
126422321,0.093994,0.149902,1.016602
126427321,0.089355,0.153564,1.018066
126432321,0.092529,0.157959,1.024414
126437321,0.09375,0.166992,1.019775
126442321,0.0896,0.167236,1.016602
126447321,0.09082,0.169434,1.032715
126452321,0.086426,0.18457,1.045166
126457321,0.07666,0.20166,1.044922
126462321,0.069336,0.202637,1.040283
126467321,0.080078,0.209961,1.046387
126472321,0.072754,0.195801,1.036621
126477321,0.084717,0.197998,1.046143
126482321,0.077881,0.192383,1.040527
126487321,0.083252,0.193848,1.041992
126492321,0.081787,0.184082,1.041504
126497321,0.086182,0.183594,1.043457
126502321,0.085693,0.175293,1.039795
126507321,0.07959,0.15625,1.016846
126512321,0.096436,0.160156,1.028809
126517321,0.087646,0.155518,1.016113
126522321,0.09375,0.168213,1.019531
126527321,0.086426,0.164551,1.027832
126532321,0.081543,0.161133,1.022217
126537321,0.094482,0.172119,1.036865
126542321,0.083496,0.165527,1.018066
126547321,0.095703,0.169434,1.026367
126552321,0.084961,0.17041,1.016846
126557321,0.092041,0.18335,1.037109
126562321,0.081543,0.193359,1.038086
126567321,0.083496,0.200195,1.047119
126572321,0.081787,0.197998,1.037109
126577321,0.085693,0.192139,1.032471
126582321,0.087646,0.187012,1.040283
126587321,0.081543,0.18457,1.041016
126592321,0.083496,0.186768,1.03833
126597321,0.084717,0.188232,1.037842
126602321,0.084961,0.177246,1.029053
126607321,0.089355,0.169922,1.028564
126612321,0.091797,0.166504,1.03125
126617321,0.090576,0.166016,1.030762
126622321,0.086426,0.162842,1.027832
126627321,0.087646,0.165283,1.031738
126632321,0.087158,0.17334,1.03125
126637321,0.088379,0.172607,1.021973
126642321,0.084473,0.174805,1.029053
126647321,0.080811,0.16748,1.038818
126652321,0.08252,0.170654,1.025391
126657321,0.073975,0.181641,1.032715
126662321,0.073486,0.187256,1.041992
126667321,0.079834,0.188232,1.032227
126672321,0.075439,0.185791,1.036621
126677321,0.08252,0.183105,1.03833
126682321,0.08667,0.183594,1.029297
126687321,0.084229,0.183594,1.019775
126692321,0.085449,0.179443,1.036377
126697321,0.090576,0.178711,1.038086
126702321,0.086426,0.177246,1.031494
126707321,0.083984,0.173096,1.028809
126712321,0.085937,0.164795,1.031982
126717321,0.083008,0.162354,1.024658
126722321,0.083984,0.16626,1.023682
126727321,0.083496,0.169189,1.030518
126732321,0.080566,0.177246,1.034668
126737321,0.088867,0.180908,1.03418
126742321,0.085937,0.181152,1.033691
126747321,0.089111,0.177246,1.033936
126752321,0.089355,0.18335,1.025879
126757321,0.087402,0.186768,1.036133
126762321,0.088623,0.180908,1.035156
126767321,0.089355,0.186768,1.039795
126772321,0.087402,0.18335,1.031006
126777321,0.083496,0.179687,1.030762
126782321,0.085205,0.17749,1.035156
126787321,0.083496,0.177002,1.033447
126792321,0.087402,0.175781,1.034912
126797321,0.081543,0.174072,1.037598
126802321,0.090576,0.172119,1.032227
126807321,0.090576,0.175049,1.030029
126812321,0.086426,0.17041,1.032959
126817321,0.089844,0.171387,1.026855
126822321,0.089355,0.175781,1.029297
126827321,0.086182,0.17749,1.028564
126832321,0.086426,0.179687,1.026611
126837321,0.083252,0.180176,1.027344
126842321,0.086426,0.183594,1.034424
126847321,0.084473,0.179687,1.038818
126852321,0.080322,0.180664,1.033203
126857321,0.082031,0.179199,1.034912
126862321,0.080078,0.180176,1.033936
126867321,0.082275,0.172119,1.029785
126872321,0.081787,0.177246,1.036133
126877321,0.083252,0.17627,1.030762
126882321,0.085693,0.175049,1.0271
126887321,0.085693,0.169922,1.028809
126892321,0.086426,0.17334,1.025146
126897321,0.084961,0.172852,1.028564
126902321,0.08252,0.175049,1.030762
126907321,0.088623,0.179687,1.030029
126912321,0.084717,0.172363,1.028076
126917321,0.0896,0.172852,1.02832
126922321,0.087402,0.174805,1.03125
126927321,0.084717,0.178467,1.033691
126932321,0.084961,0.181152,1.032227
126937321,0.07959,0.182861,1.031738
126942321,0.080811,0.185303,1.021973
126947321,0.081787,0.18042,1.033691
126952321,0.081543,0.178711,1.035645
126957321,0.083984,0.183105,1.036377
126962321,0.084961,0.179199,1.037109
126967321,0.087158,0.180908,1.035889
126972321,0.08374,0.175049,1.030518
126977321,0.089111,0.176514,1.037842
126982321,0.089355,0.177246,1.029053
126987321,0.085205,0.171387,1.031494
126992321,0.090332,0.172607,1.030273
126997321,0.087646,0.175049,1.029297
127002321,0.083008,0.174805,1.031006
127007321,0.083496,0.175293,1.025391
127012321,0.077637,0.177734,1.028564
127017321,0.076172,0.177979,1.03125
127022321,0.085937,0.178467,1.034668
127027321,0.083496,0.18042,1.031006
127032321,0.080811,0.178955,1.03418
127037321,0.080322,0.183838,1.035156
127042321,0.081543,0.181152,1.035156
127047321,0.086182,0.178467,1.035156
127052321,0.085205,0.179199,1.027344
127057321,0.088623,0.178711,1.029297
127062321,0.090088,0.175781,1.034424
127067321,0.087646,0.17749,1.029541
127072321,0.086182,0.17749,1.031738
127077321,0.085937,0.173584,1.02417
127082321,0.091553,0.175293,1.027588
127087321,0.086182,0.174072,1.028564
127092321,0.083252,0.179687,1.029053
127097321,0.085449,0.17627,1.030518
127102321,0.085205,0.177246,1.030273
127107321,0.087402,0.179199,1.0354
127112321,0.084717,0.186523,1.034424
127117321,0.081299,0.180908,1.03125
127122321,0.085693,0.179932,1.033203
127127321,0.087891,0.178711,1.029053
127132321,0.087646,0.177002,1.033203
127137321,0.089355,0.180176,1.031738
127142321,0.083984,0.175293,1.032715
127147321,0.083252,0.176025,1.030762
127152321,0.085937,0.175293,1.032227
127157321,0.082275,0.171143,1.029785
127162321,0.085693,0.172119,1.033936
127167321,0.08667,0.176025,1.033691
127172321,0.08252,0.174805,1.032227
127177321,0.082764,0.180908,1.029297
127182321,0.086914,0.178223,1.035889
127187321,0.083252,0.179443,1.032471
127192321,0.084473,0.17627,1.023926
127197321,0.088135,0.183594,1.028076
127202321,0.087158,0.182617,1.029053
127207321,0.082275,0.179687,1.033203
127212321,0.083984,0.175781,1.031494
127217321,0.085449,0.175781,1.032715
127222321,0.089844,0.175537,1.032959
127227321,0.080566,0.178711,1.025879
127232321,0.079346,0.177246,1.029785
127237321,0.080811,0.176025,1.029297
127242321,0.084473,0.17749,1.029297
127247321,0.08667,0.174805,1.035889
127252321,0.083496,0.172119,1.031982
127257321,0.085205,0.17627,1.033203
127262321,0.083984,0.178955,1.043945
127267321,0.08374,0.179687,1.031006
127272321,0.08252,0.179932,1.029053
127277321,0.084473,0.177246,1.035889
127282321,0.086182,0.177002,1.027344
127287321,0.087402,0.179443,1.026611
127292321,0.086182,0.175293,1.032471
127297321,0.085449,0.175781,1.032715
127302321,0.081787,0.175293,1.031494
127307321,0.078613,0.178223,1.022461
127312321,0.083252,0.176025,1.030029
127317321,0.082764,0.177734,1.030762
127322321,0.084473,0.177734,1.030762
127327321,0.090088,0.179687,1.036621
127332321,0.088379,0.178223,1.033203
127337321,0.084229,0.179199,1.030029
127342321,0.088623,0.177246,1.03125
127347321,0.08374,0.178467,1.032715
127352321,0.088379,0.174316,1.031494
127357321,0.087891,0.179687,1.03418
127362321,0.086426,0.177979,1.03125
127367321,0.088379,0.177246,1.030273
127372321,0.084961,0.17334,1.028564
127377321,0.085693,0.180176,1.032715
127382321,0.083496,0.175781,1.036377
127387321,0.084229,0.179443,1.030273
127392321,0.079834,0.179199,1.028809
127397321,0.083496,0.175293,1.033203
127402321,0.083252,0.177246,1.033203
127407321,0.08252,0.178711,1.032227
127412321,0.08667,0.176514,1.029785
127417321,0.082031,0.179443,1.030518
127422321,0.083984,0.178711,1.031982
127427321,0.083496,0.181396,1.030762
127432321,0.085205,0.176514,1.027588
127437321,0.08667,0.176758,1.033203
127442321,0.085693,0.178223,1.031006
127447321,0.090332,0.177979,1.027832
127452321,0.085937,0.177002,1.030762
127457321,0.084961,0.17627,1.031738
127462321,0.084229,0.175537,1.034668
127467321,0.085937,0.180176,1.033936
127472321,0.085449,0.181152,1.028076
127477321,0.08667,0.178955,1.038086
127482321,0.087646,0.178467,1.025391
127487321,0.08667,0.178711,1.037842
127492321,0.087646,0.180908,1.036377
127497321,0.081787,0.17749,1.035645
127502321,0.087158,0.180908,1.034424
127507321,0.08374,0.177734,1.026123
127512321,0.08667,0.175781,1.032959
127517321,0.081299,0.175781,1.029297
127522321,0.083008,0.178223,1.0271
127527321,0.085449,0.173584,1.028564
127532321,0.088623,0.180176,1.029541
127537321,0.079346,0.176025,1.030029
127542321,0.083252,0.177246,1.033447
127547321,0.083252,0.18042,1.034668
127552321,0.08374,0.175293,1.036377
127557321,0.084961,0.174072,1.029297
127562321,0.088135,0.175537,1.02832
127567321,0.085205,0.185791,1.029297
127572321,0.086182,0.178467,1.032227
127577321,0.088135,0.178467,1.036133
127582321,0.086182,0.178711,1.038086
127587321,0.0896,0.17627,1.027588
127592321,0.08667,0.178711,1.031982
127597321,0.085449,0.178223,1.031982
127602321,0.087646,0.179932,1.03418
127607321,0.086914,0.180176,1.03125
127612321,0.082031,0.178467,1.030029
127617321,0.081299,0.177002,1.032715
127622321,0.084229,0.172607,1.030762
127627321,0.082031,0.178711,1.029785
127632321,0.083496,0.177246,1.029053
127637321,0.084229,0.178467,1.031494
127642321,0.081299,0.178955,1.029053
127647321,0.083252,0.176758,1.03833
127652321,0.084229,0.178467,1.031982
127657321,0.084229,0.177002,1.029297
127662321,0.079346,0.179687,1.033447
127667321,0.083984,0.177002,1.02832
127672321,0.083496,0.172607,1.032715
127677321,0.087158,0.176025,1.032471
127682321,0.086914,0.173828,1.025635
127687321,0.083496,0.174072,1.029297
127692321,0.085937,0.175049,1.037598
127697321,0.086914,0.17627,1.028076
127702321,0.083984,0.176758,1.02832
127707321,0.08374,0.18042,1.0271
127712321,0.087891,0.181152,1.033936
127717321,1.999939,-2.0,1.999939
127722321,0.866943,1.224365,-2.0
127727321,1.999939,1.999939,1.999939
127732321,0.552979,1.999939,1.999939
127737321,-2.0,1.999939,-2.0
127742321,-2.0,1.999939,1.999939
127747321,-0.616699,1.312744,-2.0
127752321,-1.225342,1.999939,-2.0
127757321,0.735596,1.643066,1.999939
127762321,-0.831543,1.999939,1.999939
127767321,-1.294189,0.277832,-2.0
127772321,-2.0,1.396729,-2.0
127777321,-0.992676,1.999939,1.099854
127782321,0.312012,-0.299805,0.197021
127787321,-0.368408,0.962158,0.256348
127792321,-1.344482,1.089844,-1.894775
127797321,-0.581055,-0.016602,-2.0
127802321,-0.718262,0.499512,-2.0
127807321,-0.086426,1.853516,-2.0
127812321,0.198486,0.564697,-2.0
127817321,-0.088867,0.456055,-1.348633
127822321,-1.027588,1.903564,1.020508
127827321,-0.112305,1.862549,1.120361
127832321,-0.154297,1.999939,0.906738
127837321,0.095703,0.135254,0.849121
127842321,0.083496,0.145996,1.08667
127847321,0.035889,0.20874,1.117432
127852321,0.112061,0.103271,0.951416
127857321,0.075195,0.161377,0.953369
127862321,0.133545,0.091797,1.020508
127867321,-0.091309,0.148193,0.669189
127872321,-2.0,0.05249,-0.6875
127877321,-0.510742,1.999939,0.967773
127882321,0.049316,0.689697,0.896729
127887321,0.182861,0.02124,0.914307
127892321,0.023437,0.24292,0.953125
127897321,0.075439,0.189209,0.994873
127902321,0.094971,0.216797,1.07666
127907321,0.036133,0.273438,1.170654
127912321,0.062744,0.19165,1.050049
127917321,0.143066,0.143066,0.974365
127922321,-1.266602,-0.641846,0.834961
127927321,-0.387695,0.733154,1.758789
127932321,0.074463,1.602539,0.990479
127937321,0.061523,0.658936,1.032715
127942321,0.087891,0.232178,0.992187
127947321,0.080811,0.117676,0.990479
127952321,0.105225,0.171631,1.05249
127957321,0.144531,0.538818,0.759277
127962321,-0.001953,1.387939,1.290283
127967321,0.053467,1.999939,1.07959
127972321,0.104248,0.100098,1.011963
127977321,0.07373,0.17334,0.998047
127982321,0.095459,0.14624,1.024658
127987321,0.072266,0.1604,0.653809
127992321,0.053711,1.999939,1.353271
127997321,0.217529,0.18042,1.357178
128002321,0.063965,0.17627,1.005615
128007321,0.175781,1.669434,1.106934
128012321,0.0271,0.64917,1.047852
128017321,0.02417,0.243164,0.971924
128022321,0.13501,0.228027,1.222412
128027321,0.071045,0.235596,1.109375
128032321,0.078857,0.244141,1.04834
128037321,0.068115,0.234375,1.076172
128042321,0.05127,0.229736,1.065186
128047321,0.061523,0.209961,1.031738
128052321,0.063232,0.199707,1.052979
128057321,0.083008,0.167969,0.976807
128062321,0.098633,0.143555,1.018799
128067321,0.10498,0.111572,0.993408
128072321,0.112549,0.08252,1.0271
128077321,0.093018,0.065186,1.002686
128082321,0.075195,0.08252,1.017578
128087321,0.087158,0.109619,1.01416
128092321,0.082031,0.156982,1.022461
128097321,0.087402,0.184082,1.010254
128102321,0.069824,0.188965,1.050293
128107321,0.061035,0.217041,1.037354
128112321,0.054687,0.218018,1.055176
128117321,0.063477,0.209717,1.015381
128122321,0.070557,0.210693,1.063232
128127321,0.059814,0.209473,1.090088
128132321,0.093262,0.215088,1.093994
128137321,0.067383,0.200928,1.074707
128142321,0.059326,0.192627,1.034424
128147321,0.062012,0.205078,1.039795
128152321,0.084717,0.177246,1.027588
128157321,0.08252,0.172607,1.033203
128162321,0.081299,0.185059,1.024414
128167321,0.069824,0.165283,1.020996
128172321,0.072998,0.195557,1.035156
128177321,0.057861,0.193848,1.040527
128182321,0.060791,0.201416,1.038086
128187321,0.069336,0.195068,1.036377
128192321,0.064941,0.179932,1.025146
128197321,0.073486,0.178711,1.021484
128202321,0.068604,0.193604,1.031006
128207321,0.06543,0.197754,1.03833
128212321,0.063965,0.202148,1.041016
128217321,0.067627,0.199951,1.034668
128222321,0.066895,0.19043,1.028564
128227321,0.070801,0.181641,1.024658
128232321,0.06958,0.186523,1.026367
128237321,0.072021,0.200439,1.036133
128242321,0.060059,0.208984,1.047607
128247321,0.069824,0.192383,1.030762
128252321,0.064697,0.202148,1.030029
128257321,0.066406,0.192139,1.042725
128262321,0.074951,0.188232,1.033447
128267321,0.061279,0.200195,1.040039
128272321,0.070557,0.19751,1.051025
128277321,0.070068,0.198242,1.02002
128282321,0.072754,0.175537,1.028809
128287321,0.082275,0.168701,1.030518
128292321,0.083252,0.154785,1.020996
128297321,0.088867,0.155762,1.012207
128302321,0.073975,0.147949,1.016602
128307321,0.081055,0.158936,1.020752
128312321,0.072998,0.167236,1.019043
128317321,0.080566,0.157715,1.02417
128322321,0.083252,0.161133,1.018311
128327321,0.080566,0.179443,1.027344
128332321,0.070312,0.185791,1.038574
128337321,0.06958,0.204346,1.042969
128342321,0.063965,0.208008,1.04834
128347321,0.05835,0.207764,1.043945
128352321,0.059326,0.203857,1.041992
128357321,0.060059,0.202393,1.038818
128362321,0.062256,0.203369,1.042236
128367321,0.065674,0.20752,1.048584
128372321,0.066162,0.20752,1.044678
128377321,0.066895,0.203613,1.037598
128382321,0.070068,0.18457,1.031006
128387321,0.07251,0.172607,1.030029
128392321,0.07666,0.166748,1.02417
128397321,0.074219,0.168213,1.018066
128402321,0.082764,0.127441,0.913574
128407321,0.125244,0.071045,1.185303
128412321,0.039795,0.182617,1.181885
128417321,0.067383,0.138428,0.996094
128422321,0.092285,0.149414,0.978271
128427321,0.06543,0.156494,1.040771
128432321,0.077881,0.181885,1.053467
128437321,0.064209,0.190674,1.042236
128442321,0.066895,0.196533,1.006592
128447321,0.057861,0.218506,1.045166
128452321,0.057617,0.221436,1.045166
128457321,0.06665,0.215088,1.039551
128462321,0.063477,0.194092,1.031982
128467321,0.061279,0.207031,1.048096
128472321,0.063477,0.156006,0.998047
128477321,0.082275,0.189941,1.038818
128482321,0.054687,0.200684,1.049805
128487321,0.07959,0.189209,1.027832
128492321,0.07959,0.176758,1.018799
128497321,0.080322,0.174561,1.032715
128502321,0.075195,0.168213,1.028564
128507321,0.071777,0.184814,1.0271
128512321,0.064453,0.206299,1.034424
128517321,0.058594,0.225098,1.041992
128522321,0.055664,0.224609,1.047852
128527321,0.062256,0.208984,1.033203
128532321,0.064209,0.193848,1.044189
128537321,0.072754,0.183105,1.029541
128542321,0.069824,0.178711,1.025879
128547321,0.064941,0.187744,1.029053
128552321,0.064941,0.188232,1.023926
128557321,0.075439,0.172119,1.022217
128562321,0.081787,0.152832,1.020996
128567321,0.08252,0.147949,1.0271
128572321,0.086914,0.151367,1.017578
128577321,0.069092,0.187256,1.026855
128582321,0.026611,0.268066,1.066895
128587321,0.059814,0.235596,1.018066
128592321,0.07666,0.193848,1.024658
128597321,0.060303,0.186523,1.036377
128602321,0.083984,0.16748,1.048584
128607321,0.063232,0.213867,1.042969
128612321,0.051758,0.224121,1.025635
128617321,0.057373,0.212402,1.038086
128622321,0.053223,0.205322,1.05127
128627321,0.081543,0.175049,1.038086
128632321,0.076416,0.171143,1.029785
128637321,0.063965,0.201172,1.037598
128642321,0.050537,0.210693,1.040039
128647321,0.056641,0.239258,1.072266
128652321,0.067871,0.213379,1.037842
128657321,0.068359,0.188721,1.034912
128662321,0.083008,0.170654,1.026123
128667321,0.087646,0.139893,1.01123
128672321,0.072021,0.175537,0.99585
128677321,0.073242,0.174316,1.0271
128682321,0.080322,0.171875,1.020264
128687321,0.07666,0.153564,1.012695
128692321,0.084473,0.128174,0.993896
128697321,0.085205,0.121582,0.985596
128702321,0.086426,0.140625,1.003418
128707321,0.079102,0.154785,1.020508
128712321,0.074463,0.18335,1.040527
128717321,0.072021,0.192383,1.036133
128722321,0.07373,0.182617,1.03418
128727321,0.070068,0.190674,1.039063
128732321,0.070312,0.196045,1.040527
128737321,0.068115,0.204834,1.040771
128742321,0.063965,0.220215,1.051514
128747321,0.060303,0.233887,1.054932
128752321,0.060791,0.219971,1.048828
128757321,0.064209,0.216797,1.042236
128762321,0.073486,0.195801,1.035645
128767321,0.076172,0.184814,1.027588
128772321,0.077148,0.179199,1.03833
128777321,0.074463,0.178955,1.034912
128782321,0.071533,0.180176,1.03418
128787321,0.07373,0.178223,1.02832
128792321,0.075928,0.158203,1.023193
128797321,0.083252,0.152344,1.013428
128802321,0.082764,0.147949,1.018555
128807321,0.079834,0.156738,1.022949
128812321,0.068848,0.175781,1.02832
128817321,0.070557,0.18042,1.034424
128822321,0.067871,0.177246,1.021484
128827321,0.067139,0.175049,1.027344
128832321,0.074463,0.175049,1.023926
128837321,0.068359,0.187988,1.033936
128842321,0.070557,0.202148,1.040527
128847321,0.063965,0.213623,1.043945
128852321,0.069824,0.217773,1.044922
128857321,0.070312,0.211182,1.044922
128862321,0.067627,0.195801,1.043945
128867321,0.067871,0.183594,1.025879
128872321,0.066406,0.182129,1.021973
128877321,0.063721,0.183594,1.018799
128882321,0.067383,0.18335,1.032959
128887321,0.074463,0.179687,1.0354
128892321,0.082275,0.178223,1.028809
128897321,0.082275,0.166748,1.023926
128902321,0.085205,0.16333,1.020264
128907321,0.080078,0.16748,1.025146
128912321,0.068359,0.172852,1.026611
128917321,0.069824,0.177002,1.030762
128922321,0.067627,0.179932,1.034424
128927321,0.06543,0.184082,1.026855
128932321,0.072266,0.177979,1.034912
128937321,0.073975,0.181641,1.031982
128942321,0.07373,0.189453,1.039063
128947321,0.067383,0.197998,1.047852
128952321,0.070312,0.205322,1.043457
128957321,0.074707,0.206299,1.039551
128962321,0.070068,0.197266,1.034424
128967321,0.071045,0.184082,1.030273
128972321,0.072021,0.179687,1.036377
128977321,0.073486,0.179443,1.035889
128982321,0.073242,0.185791,1.025391
128987321,0.06958,0.182861,1.029785
128992321,0.068604,0.178223,1.033203
128997321,0.074951,0.171631,1.025879
129002321,0.077393,0.168213,1.026123
129007321,0.075439,0.170898,1.025635
129012321,0.069336,0.179199,1.025879
129017321,0.067627,0.185303,1.030762
129022321,0.068359,0.19165,1.033447
129027321,0.072998,0.187012,1.030029
129032321,0.075439,0.187012,1.035889
129037321,0.076172,0.189453,1.031982
129042321,0.072021,0.189697,1.033447
129047321,0.072266,0.197021,1.035645
129052321,0.067871,0.195557,1.036133
129057321,0.071777,0.190186,1.034424
129062321,0.068359,0.181885,1.032715
129067321,0.068604,0.175781,1.0271
129072321,0.073486,0.176758,1.028564
129077321,0.074463,0.174072,1.029785
129082321,0.072266,0.18042,1.036377
129087321,0.072021,0.182617,1.032227
129092321,0.071777,0.184082,1.028809
129097321,0.071289,0.177979,1.027832
129102321,0.074463,0.178223,1.018555
129107321,0.072021,0.179932,1.02832
129112321,0.070557,0.185791,1.029053
129117321,0.074219,0.192383,1.025635
129122321,0.07251,0.19165,1.033203
129127321,0.070801,0.187012,1.04248
129132321,0.074707,0.188232,1.027832
129137321,0.075195,0.184814,1.034424
129142321,0.069824,0.184814,1.025391
129147321,0.066895,0.186768,1.037598
129152321,0.066895,0.180908,1.035156
129157321,0.071289,0.184814,1.036133
129162321,0.072021,0.182373,1.028076
129167321,0.072998,0.177979,1.029297
129172321,0.077148,0.179443,1.024902
129177321,0.073975,0.175293,1.033447
129182321,0.074707,0.186035,1.032227
129187321,0.072754,0.19043,1.030029
129192321,0.077393,0.186279,1.031982
129197321,0.07373,0.186279,1.031982
129202321,0.079834,0.185303,1.024414
129207321,0.075928,0.18457,1.024658
129212321,0.072266,0.186523,1.030273
129217321,0.071045,0.187256,1.031982
129222321,0.070312,0.188477,1.040039
129227321,0.070801,0.184326,1.031738
129232321,0.067383,0.183594,1.033447
129237321,0.074463,0.180908,1.029785
129242321,0.071289,0.17749,1.02832
129247321,0.075439,0.183594,1.036133
129252321,0.072266,0.178711,1.031738
129257321,0.071777,0.184082,1.031982
129262321,0.068604,0.179199,1.032227
129267321,0.073975,0.185059,1.032471
129272321,0.075684,0.181885,1.029297
129277321,0.07251,0.184814,1.03418
129282321,0.067139,0.187256,1.030762
129287321,0.068359,0.182373,1.036377
129292321,0.066895,0.182129,1.028809
129297321,0.071289,0.188721,1.033936
129302321,0.075439,0.185791,1.036621
129307321,0.068115,0.18042,1.034424
129312321,0.077881,0.185791,1.037842
129317321,0.078125,0.185547,1.036865
129322321,0.075195,0.184082,1.03418
129327321,0.072998,0.183838,1.030518
129332321,0.07959,0.184082,1.030518
129337321,0.071289,0.185059,1.025146
129342321,0.077393,0.180908,1.024658
129347321,0.074707,0.181396,1.030518
129352321,0.074219,0.185547,1.029785
129357321,0.067139,0.187012,1.03125
129362321,0.06958,0.188965,1.035156
129367321,0.069824,0.185059,1.035889
129372321,0.07373,0.183594,1.031494
129377321,0.064209,0.184814,1.034912
129382321,0.069824,0.187012,1.032715
129387321,0.070557,0.190186,1.03125
129392321,0.073242,0.188232,1.033203
129397321,0.066895,0.183594,1.029785
129402321,0.063477,0.181885,1.031738
129407321,0.060303,0.181152,1.032227
129412321,0.068359,0.179443,1.033936
129417321,0.067139,0.178711,1.033447
129422321,0.070068,0.183105,1.036621
129427321,0.071777,0.182617,1.032227
129432321,0.069336,0.183838,1.026855
129437321,0.067627,0.185059,1.030273
129442321,0.06958,0.184814,1.026367
129447321,0.067627,0.180176,1.027832
129452321,0.071533,0.181885,1.029053
129457321,0.075684,0.18335,1.033447
129462321,0.077637,0.185059,1.03418
129467321,0.076172,0.179687,1.036621
129472321,0.074951,0.182373,1.040039
129477321,0.070557,0.182373,1.030762
129482321,0.065186,0.185059,1.035645
129487321,0.067383,0.183105,1.03125
129492321,0.071289,0.185059,1.030273
129497321,0.072021,0.182373,1.0271
129502321,0.074707,0.182129,1.037842
129507321,0.072754,0.181641,1.033691
129512321,0.078857,0.180664,1.035889
129517321,0.067383,0.183105,1.025879
129522321,0.068604,0.182861,1.03418
129527321,0.075195,0.19043,1.029541
129532321,0.072754,0.186768,1.03125
129537321,0.067383,0.182617,1.030762
129542321,0.070312,0.1875,1.0271
129547321,0.072021,0.189453,1.030762
129552321,0.072021,0.187744,1.028564
129557321,0.077637,0.186035,1.03125
129562321,0.072266,0.185547,1.031494
129567321,0.075928,0.186279,1.03418
129572321,0.081299,0.181641,1.033447
129577321,0.081299,0.18335,1.037109
129582321,0.074463,0.182617,1.031982
129587321,0.072021,0.183105,1.036865
129592321,0.070801,0.182129,1.030518
129597321,0.06665,0.183105,1.029297
129602321,0.065186,0.179199,1.02417
129607321,0.064453,0.185303,1.027832
129612321,0.067871,0.180664,1.031006
129617321,0.069824,0.178711,1.027588
129622321,0.068604,0.183594,1.032227
129627321,0.054443,0.213135,0.984619
129632321,0.059326,0.172363,1.009521
129637321,0.067871,0.172119,1.036621
129642321,0.072998,0.220459,1.031006
129647321,0.06958,0.120361,1.042236
129652321,0.075439,0.185303,1.039795
129657321,0.060547,0.136963,1.008545
129662321,0.089111,0.173828,1.057373
129667321,0.081787,0.186768,1.03418
129672321,0.075439,0.184326,1.034668
129677321,0.086426,0.199463,1.018066
129682321,0.078125,0.187256,0.998047
129687321,0.077881,0.202637,1.025879
129692321,0.075684,0.189941,1.03418
129697321,0.080078,0.20459,1.048584
129702321,0.066895,0.196045,1.04126
129707321,0.070312,0.194092,1.041992
129712321,0.068115,0.196533,1.042236
129717321,0.062744,0.182617,1.047607
129722321,0.067383,0.18042,1.049805
129727321,0.064209,0.175049,1.033936
129732321,0.068848,0.176025,1.023193
129737321,0.069092,0.174072,1.020996
129742321,0.073486,0.181152,1.027344
129747321,0.075928,0.182861,1.031006
129752321,0.073242,0.175049,1.021973
129757321,0.075928,0.171631,1.013184
129762321,0.073486,0.170654,1.02124
129767321,0.07666,0.176514,1.017578
129772321,0.074951,0.185059,1.030273
129777321,0.074707,0.189697,1.03833
129782321,0.080322,0.189209,1.039307
129787321,0.072021,0.185303,1.036133
129792321,0.070801,0.189209,1.026367
129797321,0.06958,0.192383,1.040771
129802321,0.069824,0.198975,1.036621
129807321,0.069824,0.196045,1.035645
129812321,0.073486,0.199219,1.031006
129817321,0.070557,0.191162,1.023193
129822321,0.079834,0.177734,1.031494
129827321,0.07666,0.176758,1.031494
129832321,0.074219,0.173096,1.027832
129837321,0.073486,0.178955,1.031738
129842321,0.07666,0.187744,1.03125
129847321,0.073242,0.179199,1.032471
129852321,0.075195,0.178467,1.030029
129857321,0.071045,0.17334,1.033936
129862321,0.067627,0.174561,1.026855
129867321,0.072021,0.179687,1.03418
129872321,0.065918,0.183105,1.032227
129877321,0.071045,0.187256,1.036621
129882321,0.07373,0.188965,1.031006
129887321,0.070312,0.192383,1.030518
129892321,0.07373,0.189941,1.029297
129897321,0.07666,0.190674,1.030029
129902321,0.080811,0.185547,1.033447
129907321,0.073486,0.187744,1.0271
129912321,0.072754,0.189209,1.030518
129917321,0.071777,0.183594,1.028076
129922321,0.070312,0.179687,1.022705
129927321,0.07666,0.183594,1.031006
129932321,0.081055,0.181396,1.033691
129937321,0.077148,0.184326,1.033203
129942321,0.077881,0.187256,1.02832
129947321,0.081543,0.186279,1.030762
129952321,0.075439,0.185547,1.029785
129957321,0.078857,0.184814,1.03418
129962321,0.080322,0.179199,1.033447
129967321,0.078857,0.186035,1.028076
129972321,0.075195,0.182617,1.030762
129977321,0.064209,0.185059,1.038574
129982321,0.05835,0.177002,1.041504
129987321,0.053711,0.17334,1.035645
129992321,0.050537,0.17627,1.030029
129997321,0.047607,0.177734,1.031006
130002321,0.052246,0.179687,1.039551
130007321,0.0625,0.181152,1.034668
130012321,0.068848,0.187012,1.0354
130017321,0.080078,0.186279,1.033447
130022321,0.084717,0.184326,1.022705
130027321,0.089844,0.183594,1.023682
130032321,0.094727,0.188721,1.025391
130037321,0.095947,0.194092,1.018555
130042321,0.088379,0.190918,1.025879
130047321,0.082764,0.185059,1.036377
130052321,0.076172,0.18042,1.025635
130057321,0.067383,0.181641,1.033936
130062321,0.060547,0.172363,1.035156
130067321,0.057861,0.166992,1.029541
130072321,0.051758,0.183838,1.032471
130077321,0.059326,0.185791,1.049561
130082321,0.056152,0.174805,1.022705
130087321,0.073242,0.19458,1.030518
130092321,0.068115,0.185791,1.014404
130097321,0.085449,0.186279,1.040527
130102321,0.081787,0.193359,1.030762
130107321,0.091797,0.199463,1.038574
130112321,0.086914,0.192383,1.030518
130117321,0.084717,0.192139,1.019775
130122321,0.080566,0.180176,1.035889
130127321,0.076416,0.176514,1.030762
130132321,0.070312,0.182373,1.037109
130137321,0.063477,0.178223,1.032715
130142321,0.063477,0.174072,1.036377
130147321,0.054932,0.179932,1.02832
130152321,0.056152,0.181396,1.034912
130157321,0.057129,0.179443,1.031982
130162321,0.067139,0.182861,1.033936
130167321,0.066162,0.187256,1.023193
130172321,0.075195,0.185303,1.0354
130177321,0.077881,0.190918,1.034668
130182321,0.08374,0.189453,1.031494
130187321,0.08252,0.192627,1.03125
130192321,0.079346,0.187256,1.034912
130197321,0.080322,0.18042,1.03833
130202321,0.081543,0.179199,1.036133
130207321,0.069336,0.181885,1.040771
130212321,0.066406,0.176758,1.024414
130217321,0.061279,0.176025,1.030762
130222321,0.059326,0.176758,1.02832
130227321,0.056641,0.178223,1.023682
130232321,0.062256,0.179443,1.025635
130237321,0.06665,0.177734,1.029541
130242321,0.074219,0.185059,1.036377
130247321,0.079346,0.192627,1.033447
130252321,0.078613,0.190674,1.036621
130257321,0.078613,0.190674,1.039551
130262321,0.083008,0.185547,1.036133
130267321,0.081055,0.187012,1.031982
130272321,0.077881,0.185303,1.036865
130277321,0.072754,0.185791,1.035156
130282321,0.067627,0.18457,1.035156
130287321,0.063965,0.176758,1.028809
130292321,0.060303,0.177002,1.031006
130297321,0.062744,0.175781,1.03125
130302321,0.064941,0.177246,1.030273
130307321,0.066162,0.185547,1.034668
130312321,0.071289,0.182861,1.03418
130317321,0.074951,0.181885,1.0354
130322321,0.078857,0.184082,1.03418
130327321,0.071777,0.185791,1.035889
130332321,0.077881,0.188965,1.029785
130337321,0.077148,0.188477,1.029053
130342321,0.074219,0.189941,1.025635
130347321,0.075439,0.186768,1.028809
130352321,0.07666,0.187988,1.037842
130357321,0.072998,0.1875,1.036621
130362321,0.069824,0.183105,1.030762
130367321,0.067627,0.182373,1.024902
130372321,0.070312,0.185303,1.029297
130377321,0.068604,0.186523,1.036621
130382321,0.070312,0.18457,1.036865
130387321,0.070312,0.189941,1.024414
130392321,0.074463,0.184326,1.040039
130397321,0.077881,0.187256,1.030273
130402321,0.076904,0.188232,1.031006
130407321,0.07251,0.190918,1.030029
130412321,0.075684,0.197266,1.032227
130417321,0.075439,0.193115,1.029785
130422321,0.077148,0.188477,1.0354
130427321,0.074951,0.186035,1.036133
130432321,0.076904,0.19043,1.026611
130437321,0.069336,0.18457,1.03418
130442321,0.070068,0.180908,1.037109
130447321,0.06958,0.185547,1.032959
130452321,0.070801,0.18042,1.036377
130457321,0.076172,0.181885,1.033203
130462321,0.077637,0.1875,1.037598
130467321,0.075439,0.185791,1.035156
130472321,0.075684,0.183838,1.03125
130477321,0.07373,0.189697,1.03125
130482321,0.072266,0.186768,1.032959
130487321,0.070312,0.185303,1.037842
130492321,0.076172,0.188232,1.033936
130497321,0.074707,0.183838,1.036865
130502321,0.069336,0.18457,1.030762
130507321,0.073486,0.181641,1.027832
130512321,0.074707,0.184082,1.042236
130517321,0.064697,0.177979,1.034668
130522321,0.066406,0.182861,1.029053
130527321,0.069824,0.180176,1.031738
130532321,0.071045,0.181641,1.032227
130537321,0.067871,0.177979,1.031006
130542321,0.071289,0.181396,1.03125
130547321,0.071533,0.183594,1.035645
130552321,0.071045,0.183838,1.03418
130557321,0.071289,0.18335,1.027588
130562321,0.07251,0.182617,1.029541
130567321,0.066895,0.18335,1.02832
130572321,0.072021,0.18042,1.036621
130577321,0.070801,0.185791,1.031738
130582321,0.066162,0.182861,1.025635
130587321,0.070557,0.182129,1.037109
130592321,0.066406,0.180664,1.034912
130597321,0.074219,0.178223,1.035645
130602321,0.066162,0.183594,1.030029
130607321,0.066406,0.183105,1.029297
130612321,0.066162,0.181396,1.030518
130617321,0.071045,0.181885,1.03833
130622321,0.075195,0.179687,1.035889
130627321,0.068359,0.182129,1.026855
130632321,0.064697,0.181641,1.026123
130637321,0.065186,0.178955,1.027588
130642321,0.068115,0.178467,1.02832
130647321,0.071045,0.183594,1.0354
130652321,0.06958,0.186768,1.03125
130657321,0.070557,0.184814,1.027344
130662321,0.06958,0.181396,1.027832
130667321,0.067627,0.18042,1.027588
130672321,0.072021,0.180664,1.028564
130677321,0.072021,0.186035,1.028564
130682321,0.070068,0.184082,1.028564
130687321,0.076172,0.187256,1.029541
130692321,0.073242,0.187256,1.026611
130697321,0.073975,0.179199,1.035889
130702321,0.07251,0.186279,1.026611
130707321,0.072021,0.185059,1.025879
130712321,0.075439,0.188477,1.026611
130717321,0.076904,0.184814,1.031738
130722321,0.071777,0.187744,1.034912
130727321,0.07666,0.184082,1.031494
130732321,0.07251,0.186523,1.034668
130737321,0.068848,0.180664,1.036865
130742321,0.069824,0.179932,1.031006
130747321,0.069336,0.184814,1.029541
130752321,0.069824,0.182129,1.031494
130757321,0.070312,0.185303,1.035889
130762321,0.074219,0.179687,1.033936
130767321,0.07251,0.181641,1.033691
130772321,0.075195,0.182861,1.035645
130777321,0.068848,0.1875,1.029785
130782321,0.072021,0.182861,1.029297
130787321,0.072998,0.182617,1.0271
130792321,0.069092,0.18335,1.036377
130797321,0.075684,0.18457,1.031494
130802321,0.075928,0.182373,1.033203
130807321,0.07373,0.18457,1.028809
130812321,0.073242,0.182861,1.033203
130817321,0.072266,0.183838,1.030273
130822321,0.070557,0.187256,1.029785
130827321,0.072754,0.186768,1.028564
130832321,0.075928,0.182617,1.032715
130837321,0.072266,0.181152,1.032471
130842321,0.07251,0.186523,1.027344
130847321,0.074219,0.183838,1.039551
130852321,0.071045,0.186768,1.030029
130857321,0.071777,0.186523,1.033691
130862321,0.068115,0.184326,1.029297
130867321,0.074707,0.181885,1.036377
130872321,0.071777,0.183105,1.029785
130877321,0.07373,0.185303,1.030518
130882321,0.075928,0.18335,1.033203
130887321,0.074707,0.186768,1.035645
130892321,0.077393,0.188232,1.025391
130897321,0.078125,0.187256,1.026367
130902321,0.082764,0.186035,1.025146
130907321,0.073975,0.192871,1.030518
130912321,0.076904,0.180664,1.044434
130917321,0.071533,0.175293,1.0354
130922321,0.067383,0.177246,1.032715
130927321,0.062256,0.170166,1.039307
130932321,0.053467,0.16626,1.032471
130937321,0.054932,0.168701,1.034668
130942321,0.052246,0.172607,1.035156
