timestamp_us,x_g,y_g,z_g
1721834606,-0.010986,0.307617,1.113281
1721839606,-0.006104,0.372803,1.015625
1721844606,-0.032471,0.452393,1.144043
1721849606,0.051025,0.696777,0.959229
1721854606,-0.116943,0.20166,1.02417
1721859606,-0.022217,0.552002,1.06543
1721864606,-0.124756,0.29541,1.084961
1721869606,-0.039063,0.381592,1.090088
1721874606,-0.050537,0.192383,1.075195
1721879606,-0.041992,0.088623,1.054199
1721884606,-0.05249,-0.012451,1.051514
1721889606,-0.082764,-0.122314,1.104492
1721894606,-0.137695,0.468262,1.026367
1721899606,-0.126709,-0.431885,0.84668
1721904606,-0.104004,-0.301514,0.968262
1721909606,-0.015137,-0.674316,1.015625
1721914606,-0.007813,-0.343262,0.962158
1721919606,0.088623,-0.390381,1.018066
1721924606,0.171875,-0.190186,0.948486
1721929606,0.204102,-0.050049,1.06665
1721934606,0.100586,0.0271,1.138428
1721939606,-0.101563,0.204102,1.29541
1721944606,-0.014893,0.097412,1.029785
1721949606,-0.10376,0.109619,1.027832
1721954606,0.0271,0.12085,0.992187
1721959606,-0.004395,-0.049561,1.121826
1721964606,-0.001465,0.127197,1.032715
1721969606,-0.011719,0.019531,1.039063
1721974606,-0.023926,0.083984,1.03833
1721979606,0.046631,0.030518,1.020508
1721984606,-0.03125,0.000244,1.101807
1721989606,-0.025146,0.040527,1.061768
1721994606,-0.028564,0.034668,1.050293
1721999606,-0.033691,0.064209,1.036865
1722004606,0.013916,0.10791,1.056641
1722009606,0.026123,0.149902,1.093506
1722014606,0.0,0.089844,1.062744
1722019606,-0.004395,0.053711,1.044434
1722024606,-0.007324,0.051758,1.047607
1722029606,-0.006592,0.030029,1.054932
1722034606,-0.019287,0.087646,1.050781
1722039606,-0.011963,0.039063,1.042725
1722044606,-0.006104,0.07959,1.094482
1722049606,-0.008301,0.090576,1.111084
1722054606,0.033936,0.064209,1.072266
1722059606,0.016846,0.057373,1.062988
1722064606,0.05249,0.025635,1.043457
1722069606,0.058105,0.013916,1.009766
1722074606,0.049316,-0.054932,1.000732
1722079606,0.0354,0.062988,0.980469
1722084606,-0.000244,0.039551,1.038086
1722089606,0.000732,0.034424,1.054932
1722094606,0.010986,0.056152,1.057129
1722099606,-0.003174,0.05835,1.055176
1722104606,0.01709,0.050293,1.007813
1722109606,0.012207,0.110107,1.12207
1722114606,-0.270996,0.28125,2.38501
1722119606,-0.766113,0.341553,1.023682
1722124606,-1.37915,0.217773,0.601807
1722129606,-1.154297,0.301514,0.943359
1722134606,-0.446045,0.215088,1.098389
1722139606,-0.457031,-0.308838,0.962646
1722144606,-0.451904,0.205566,0.789795
1722149606,-0.024414,0.101807,0.779541
1722154606,0.022461,0.137451,1.095703
1722159606,0.01123,0.012939,1.09082
1722164606,-0.007324,0.059814,0.935791
1722169606,0.024902,0.095947,1.076172
1722174606,0.004395,0.062744,1.088135
1722179606,0.014648,0.078125,1.027832
1722184606,0.012207,0.058838,1.011963
1722189606,-0.008057,0.074707,1.07251
1722194606,-0.001221,0.070312,1.05249
1722199606,0.036377,0.06543,1.049316
1722204606,0.032227,0.041992,1.066895
1722209606,0.016846,0.055664,1.044922
1722214606,0.022217,0.066406,1.069092
1722219606,0.029541,0.057129,1.060547
1722224606,0.020508,0.063721,1.04541
1722229606,0.026367,0.098145,1.028076
1722234606,-0.004395,0.085449,1.069824
1722239606,-0.004883,0.059326,1.068604
1722244606,0.000244,0.025391,0.989014
1722249606,0.001465,0.100342,1.056396
1722254606,0.018555,0.045166,1.102051
1722259606,0.024414,0.085449,1.092285
1722264606,0.027588,0.067139,1.052002
1722269606,0.003906,0.098389,1.076904
1722274606,0.014648,0.009033,1.041992
1722279606,0.001465,0.072998,1.041016
1722284606,-0.01001,0.032959,1.071777
1722289606,-0.036377,-0.019775,1.070313
1722294606,-0.028809,0.004395,0.860352
1722299606,-0.297852,0.10791,1.058838
1722304606,-0.052246,0.0,1.097656
1722309606,-0.200684,0.390137,0.81958
1722314606,-0.509766,0.265869,1.14209
1722319606,-0.195557,0.20459,1.396484
1722324606,0.046875,0.225342,1.339844
1722329606,0.018066,-0.140381,1.033936
1724859606,0.043701,0.092285,1.052734
1724864606,0.049316,0.086914,1.051025
1724869606,0.046631,0.090576,1.048096
1724874606,0.050781,0.088867,1.049316
1724879606,0.047363,0.094727,1.048584
1724884606,0.047852,0.09082,1.053223
1724889606,0.049561,0.094482,1.04541
1724894606,0.047607,0.091309,1.051025
1724899606,0.047852,0.0896,1.052246
1724904606,0.052002,0.095703,1.052246
1724909606,0.048584,0.093262,1.046875
1724914606,0.045654,0.095459,1.051025
1724919606,0.051025,0.0896,1.051758
1724924606,0.049561,0.089844,1.050293
1724929606,0.047363,0.092773,1.051025
1724934606,0.048828,0.092285,1.048096
1724939606,0.04834,0.0896,1.052246
1724944606,0.051758,0.095215,1.052734
1724949606,0.050293,0.091797,1.049805
1724954606,0.043701,0.091553,1.050781
1724959606,0.050781,0.09082,1.053955
1724964606,0.049561,0.092041,1.046875
1724969606,0.046387,0.088135,1.048096
1724974606,0.049072,0.092773,1.056641
1724979606,0.047852,0.09082,1.056885
1724984606,0.042725,0.09375,1.047119
1724989606,0.044678,0.092285,1.047119
1724994606,0.047119,0.092285,1.048096
1724999606,0.048828,0.093994,1.049316
1725004606,0.050537,0.088867,1.054688
1725009606,0.050537,0.089355,1.05835
1725014606,0.048828,0.092041,1.055908
1725019606,0.045898,0.091309,1.046387
1725024606,0.044189,0.095215,1.049316
1725029606,0.043701,0.09082,1.051514
1725034606,0.049072,0.093018,1.053223
1725039606,0.046875,0.094727,1.053711
1725044606,0.044678,0.093262,1.046387
1725049606,0.049805,0.093018,1.049805
1725054606,0.047363,0.09082,1.046631
1725059606,0.051514,0.09375,1.051025
1725064606,0.050781,0.09375,1.04834
1725069606,0.048096,0.098389,1.043701
1725074606,0.049561,0.094727,1.052002
1725079606,0.049072,0.091553,1.05249
1725084606,0.046631,0.090332,1.047363
1725089606,0.045898,0.093262,1.050293
1725094606,0.04834,0.091553,1.052246
1725099606,0.045898,0.092285,1.046875
1725104606,0.047363,0.090576,1.047852
1725109606,0.049316,0.090576,1.047119
1725114606,0.046143,0.094482,1.054932
1725119606,0.048096,0.093262,1.055176
1725124606,0.049072,0.095703,1.051758
1725129606,0.047119,0.089111,1.048584
1725134606,0.049072,0.093018,1.052979
1725139606,0.05249,0.092529,1.047119
1725144606,0.04834,0.091553,1.052246
1725149606,0.049072,0.095215,1.051758
1725154606,0.047852,0.085449,1.049805
1725159606,0.046387,0.092041,1.046875
1725164606,0.047363,0.094971,1.04834
1725169606,0.051514,0.094971,1.046387
1725174606,0.048584,0.091797,1.056641
1725179606,0.047607,0.093018,1.047852
1725184606,0.045654,0.093506,1.04834
1725189606,0.049805,0.091064,1.056641
1725194606,0.050781,0.093018,1.051758
1725199606,0.050293,0.091553,1.049072
1725204606,0.049316,0.092041,1.053711
1725209606,0.049316,0.089355,1.053223
1725214606,0.04834,0.09375,1.058838
1725219606,0.046143,0.096191,1.053467
1725224606,0.048584,0.095459,1.051025
1725229606,0.048096,0.094727,1.05127
1725234606,0.049072,0.09375,1.049805
1725239606,0.043945,0.088379,1.0625
1725244606,0.052246,0.095215,1.056641
1725249606,0.049805,0.091309,1.051514
1725254606,0.049316,0.090576,1.052002
1725259606,0.04541,0.096436,1.047607
1725264606,0.049316,0.092041,1.045166
1725269606,0.049805,0.09375,1.046875
1725274606,0.047119,0.095459,1.041016
1725279606,0.047607,0.087402,1.053955
1725284606,0.046631,0.090088,1.052002
1725289606,0.054932,0.088623,1.052002
1725294606,0.050537,0.090088,1.051514
1725299606,0.048828,0.096924,1.05249
1725304606,0.045654,0.092773,1.052734
1725309606,0.049561,0.094482,1.051514
1725314606,0.050293,0.093018,1.055908
1725319606,0.049561,0.092285,1.055908
1725324606,0.050293,0.091797,1.051758
1725329606,0.044922,0.096191,1.052002
1725334606,0.047852,0.09375,1.045166
1725339606,0.046875,0.095459,1.047363
1725344606,0.051514,0.094727,1.053467
1725349606,0.049561,0.090088,1.048584
1725354606,0.047852,0.091064,1.045166
1725359606,0.048096,0.090332,1.056885
1725364606,0.049316,0.08667,1.046387
1725369606,0.046387,0.097412,1.049561
1725374606,0.050293,0.095703,1.054199
1725379606,0.049805,0.091797,1.052002
1725384606,0.045898,0.090088,1.043701
1725389606,0.047363,0.092285,1.046387
1725394606,0.044678,0.092529,1.054932
1725399606,0.04834,0.093994,1.052002
1725404606,0.043945,0.092285,1.051025
1725409606,0.046143,0.092773,1.053467
1725414606,0.047363,0.096436,1.049316
1725419606,0.050293,0.093506,1.054199
1725424606,0.049072,0.093018,1.046143
1725429606,0.050537,0.097656,1.052979
1725434606,0.051514,0.091309,1.049316
1725439606,0.05127,0.094238,1.054199
1725444606,0.05127,0.096436,1.049072
1725449606,0.047852,0.092285,1.048828
1725454606,0.047607,0.093262,1.051758
1725459606,0.045654,0.091309,1.049805
1725464606,0.046875,0.095459,1.046875
1725469606,0.051514,0.089355,1.050781
1725474606,0.045898,0.09375,1.05542
1725479606,0.049316,0.092773,1.052979
1725484606,0.047852,0.089355,1.049561
1725489606,0.049805,0.089355,1.05127
1725494606,0.049805,0.0896,1.047363
1725499606,0.049805,0.092773,1.050293
1725504606,0.049316,0.091553,1.052734
1725509606,0.051758,0.092285,1.049072
1725514606,0.046143,0.092529,1.053955
1725519606,0.044922,0.097656,1.046875
1725524606,0.046631,0.093018,1.05249
1725529606,0.051758,0.092529,1.049072
1725534606,0.047607,0.091064,1.051025
1725539606,0.047363,0.092285,1.047852
1725544606,0.046631,0.09375,1.054932
1725549606,0.044678,0.093262,1.053955
1725554606,0.046387,0.093994,1.053711
1725559606,0.049316,0.095215,1.051758
1725564606,0.049072,0.092773,1.048828
1725569606,0.047363,0.09668,1.048828
1725574606,0.048828,0.097412,1.057129
1725579606,0.048584,0.094238,1.055908
1725584606,0.04834,0.094238,1.050293
1725589606,0.052002,0.094482,1.052002
1725594606,0.050049,0.097656,1.057129
1725599606,0.047119,0.093018,1.052734
1725604606,0.052002,0.090332,1.049561
1725609606,0.046875,0.091309,1.058105
1725614606,0.049561,0.096436,1.053711
1725619606,0.045898,0.090576,1.052002
1725624606,0.048096,0.09082,1.050049
1725629606,0.049072,0.091064,1.054199
1725634606,0.046387,0.096436,1.049805
1725639606,0.04834,0.094971,1.053955
1725644606,0.048828,0.098633,1.043213
1725649606,0.050293,0.095703,1.05127
1725654606,0.046875,0.096924,1.061768
1725659606,0.046387,0.092529,1.051514
1725664606,0.050293,0.097656,1.047119
1725669606,0.051514,0.093994,1.052246
1725674606,0.05127,0.092041,1.053223
1725679606,0.045898,0.09668,1.048828
1725684606,0.046631,0.094238,1.053955
1725689606,0.052246,0.094238,1.050781
1725694606,0.047363,0.094482,1.051758
1725699606,0.048828,0.092529,1.051758
1725704606,0.049316,0.095947,1.049072
1725709606,0.047363,0.097412,1.050781
1725714606,0.045898,0.091064,1.047363
1725719606,0.049805,0.097168,1.050781
1725724606,0.049316,0.088867,1.048584
1725729606,0.048828,0.093506,1.05127
1725734606,0.054443,0.098145,1.053467
1725739606,0.046631,0.097656,1.054932
1725744606,0.049072,0.090088,1.037842
1725749606,0.051514,0.092041,1.05249
1725754606,0.044189,0.095215,1.057129
1725759606,0.049072,0.096191,1.060303
1725764606,0.044434,0.098633,1.047852
1725769606,0.050049,0.091064,1.050537
1725774606,0.044434,0.093018,1.057129
1725779606,3.999878,3.837646,-1.719971
1725784606,-2.760986,1.264404,-4.0
1725789606,-0.821045,2.867676,-4.0
1725794606,-2.907471,1.568848,3.999878
1725799606,0.967529,0.291504,-4.0
1725804606,-2.547363,2.077393,-1.61792
1725809606,-1.546631,1.018799,0.848633
1725814606,-0.54126,0.221436,1.61792
1725819606,0.252197,0.046631,1.145264
1725824606,0.047119,0.093262,0.969238
1725829606,-0.05249,0.107422,0.818115
1725834606,0.046875,0.173828,1.104492
1725839606,0.060547,0.153076,1.107422
1725844606,0.078613,0.054687,1.083252
1725849606,0.085937,0.063477,1.094482
1725854606,0.061768,0.14624,1.089111
1725859606,0.021729,0.137939,0.929932
1725864606,0.022461,0.138184,0.949463
1725869606,0.057129,0.101074,1.039551
1725874606,0.064697,0.09668,1.091309
1725879606,0.067871,0.111328,1.142334
1725884606,0.056396,0.104248,1.07666
1725889606,0.043213,0.113037,0.968262
1725894606,0.041748,0.097168,0.925781
1725899606,0.047607,0.103516,1.031006
1725904606,0.062256,0.120117,1.116211
1725909606,-1.076904,0.249268,-1.5896
1725914606,-1.042969,2.619629,2.473633
1725919606,-2.490479,2.382568,-4.0
1725924606,-0.446533,0.593262,2.833252
1725929606,-0.563721,0.213867,0.172607
1725934606,-0.950684,1.734375,1.097656
1725939606,-0.125244,1.018066,1.445557
1725944606,-0.205322,0.553223,0.893799
1725949606,-0.713623,-3.104004,3.999878
1725954606,-0.508301,1.939697,-4.0
1725959606,0.258301,0.536621,-0.353516
1725964606,-0.693604,0.936279,1.828613
1725969606,0.115479,0.248047,0.94458
1725974606,-0.142822,0.67749,1.505615
1725979606,0.051025,0.454346,0.907715
1725984606,0.009033,0.203613,0.950195
1725989606,0.063232,0.036865,0.963135
1725994606,0.039307,0.162109,1.116211
1725999606,-1.011475,0.947998,3.094238
1726004606,-2.38501,0.493896,-4.0
1726009606,-1.314209,0.424316,-4.0
1726014606,-1.49292,1.864502,-4.0
1726019606,-0.115967,0.095703,0.170898
1726024606,0.099365,0.511719,1.480225
1726029606,-0.458496,-0.065918,1.704834
1726034606,0.010254,0.272461,0.930176
1726039606,0.084473,0.70166,1.020996
1726044606,0.012451,1.52002,1.135254
1726049606,-0.000244,0.076416,0.975098
1726054606,0.122559,1.571045,0.964111
1726059606,-0.062012,0.695312,1.032471
1726064606,0.056152,0.406738,1.154785
1726069606,0.104248,1.707275,1.168213
1726074606,0.045654,0.204346,1.07959
1726079606,0.04541,0.118408,1.133301
1726084606,0.063965,0.162354,1.357178
1726089606,-0.301514,0.379395,-4.0
1726094606,-1.463867,0.778564,-1.744873
1726099606,-1.863525,2.843994,1.080811
1726104606,-0.244385,0.34082,1.501221
1726109606,-0.032959,-0.155029,1.16626
1726114606,-0.213867,0.314941,1.086914
1726119606,-0.777344,0.02002,1.023193
1726124606,0.059082,1.146484,1.106934
1726129606,0.114258,0.103516,1.161133
1726134606,0.018066,0.1521,1.001953
1726139606,0.066895,0.19165,1.055176
1726144606,0.002441,0.498047,1.016113
1726149606,-0.250732,0.495361,0.960937
1726154606,-1.296631,0.197998,-0.967529
1726159606,0.051758,1.708252,0.728516
1726164606,-0.376221,2.10376,0.391602
1726169606,-0.576416,1.462402,1.187744
1726174606,0.094238,0.186768,1.101074
1726179606,0.030762,0.132568,1.056396
1726184606,0.094727,0.085205,1.143555
1726189606,0.145996,0.05542,1.11792
1726194606,0.054687,0.076904,1.151367
1726199606,-0.190186,0.199707,0.969238
1726204606,-1.098877,0.779053,-3.046143
1726209606,-1.263428,1.232422,1.640137
1726214606,-0.107666,0.039795,1.589844
1726219606,0.123779,0.527344,1.609131
1726224606,-0.537842,0.502441,1.129639
1726229606,0.012939,0.178711,1.080322
1726234606,0.095459,1.094727,0.937256
1726239606,-0.085693,1.365967,0.848389
1726244606,-1.245361,1.296143,1.303467
1726249606,0.091309,0.357422,1.005615
1726254606,-0.391846,0.114014,1.374023
1726259606,-0.394775,0.956299,1.109863
1726264606,0.029297,1.537842,1.196289
1726269606,-0.05249,0.067871,0.806152
1726274606,-0.475342,0.126221,1.206299
1726279606,-1.177246,1.960938,1.192871
1726284606,0.050537,0.382324,0.923828
1726289606,0.071289,0.331299,1.344482
1726294606,-0.018066,0.231934,0.982422
1726299606,0.031982,-0.035889,0.952881
1726304606,0.019531,0.135498,1.056152
1726309606,0.08374,0.119873,1.231201
1726314606,0.040283,0.137939,1.044189
1726319606,0.061768,0.123535,1.082275
1726324606,0.086914,0.125,1.038574
1726329606,0.05127,0.116211,1.06543
1726334606,0.027588,0.158447,1.008301
1726339606,0.045654,0.109375,1.059326
1726344606,0.070068,0.109131,1.03125
1726349606,0.037598,0.089111,1.017578
1726354606,0.077881,0.131592,1.141846
1726359606,0.0354,0.129395,1.051025
1726364606,0.025879,0.127441,1.003906
1726369606,0.046875,0.114502,1.015381
1726374606,0.051025,0.087402,1.021484
1726379606,0.048584,0.11792,1.088623
1726384606,0.051758,0.120361,1.015869
1726389606,0.064941,0.124268,1.054932
1726394606,0.057617,0.125488,1.035645
1726399606,0.042725,0.105713,1.047852
1726404606,0.039795,0.119873,1.061035
1726409606,0.032959,0.11499,1.026123
1726414606,0.061035,0.106934,1.03833
1726419606,0.053467,0.119385,1.046875
1726424606,0.063721,0.128418,1.048828
1726429606,0.036133,0.108643,1.032227
1726434606,0.062012,0.120361,1.056152
1726439606,0.045166,0.118652,1.023682
1726444606,0.043945,0.106934,1.036621
1726449606,0.047607,0.124512,1.043457
1726454606,0.056396,0.123779,1.036377
1726459606,0.036621,0.113037,1.041748
1726464606,0.064453,0.119385,1.071533
1726469606,0.052979,0.121826,1.054688
1726474606,0.043701,0.109619,1.048828
1726479606,0.063232,0.115967,1.040039
1726484606,0.047119,0.122559,1.04248
1726489606,0.04834,0.109131,1.052734
1726494606,0.054932,0.118408,1.060303
1726499606,0.047363,0.110596,1.043213
1726504606,0.049316,0.110107,1.061523
1726509606,0.057373,0.12085,1.054932
1726514606,0.048828,0.121582,1.04126
1726519606,0.047852,0.113037,1.040527
1726524606,0.053223,0.12085,1.051758
1726529606,0.050049,0.118408,1.047363
1726534606,0.048096,0.107178,1.046631
1726539606,0.05127,0.118652,1.054932
1726544606,0.048096,0.11792,1.043701
1726549606,0.046387,0.108887,1.038574
1726554606,0.054932,0.119629,1.057617
1726559606,0.052002,0.12085,1.043945
1726564606,0.04126,0.108154,1.042969
1726569606,0.060791,0.118408,1.051514
1726574606,0.049072,0.119385,1.044434
1726579606,0.049072,0.114746,1.047119
1726584606,0.055664,0.117432,1.059814
1726589606,0.050049,0.114746,1.042725
1726594606,0.043701,0.111816,1.043457
1726599606,0.053711,0.117432,1.054688
1726604606,0.051514,0.118896,1.043213
1726609606,0.045654,0.112061,1.047119
1726614606,0.053711,0.116211,1.053467
1726619606,0.04834,0.117188,1.042969
1726624606,0.044922,0.113281,1.043945
1726629606,0.054932,0.115967,1.057861
1726634606,0.044678,0.115234,1.044189
1726639606,0.048096,0.11377,1.051514
1726644606,0.054932,0.116943,1.052734
1726649606,0.049072,0.119385,1.039307
1726654606,0.047607,0.114502,1.049316
1726659606,0.052979,0.11792,1.054688
1726664606,0.044189,0.119629,1.046631
1726669606,0.049072,0.112793,1.047852
1726674606,0.055176,0.118164,1.051758
1726679606,0.047852,0.12085,1.046387
1726684606,0.05127,0.114014,1.045654
1726689606,0.055176,0.119141,1.049561
1726694606,0.049561,0.117676,1.034668
1726699606,0.047852,0.116455,1.055908
1726704606,0.053467,0.121338,1.053467
1726709606,0.048584,0.120605,1.042969
1726714606,0.044189,0.112793,1.047607
1726719606,0.052734,0.121094,1.049561
1726724606,0.048828,0.113037,1.040039
1726729606,0.050049,0.110596,1.048828
1726734606,0.050781,0.119141,1.049805
1726739606,0.051758,0.112305,1.039307
1726744606,0.048828,0.116455,1.048096
1726749606,0.050049,0.118652,1.049561
1726754606,0.046143,0.116699,1.046143
1726759606,0.050049,0.114014,1.05249
1726764606,0.049805,0.119629,1.053711
1726769606,0.049316,0.113281,1.04248
1726774606,0.051025,0.117432,1.052246
1726779606,0.049072,0.118652,1.046387
1726784606,0.049805,0.114014,1.03833
1726789606,0.048096,0.112793,1.050049
1726794606,0.050049,0.119141,1.050049
1726799606,0.048828,0.116699,1.047119
1726804606,0.051514,0.118408,1.058105
1726809606,0.049561,0.120605,1.052246
1726814606,0.045654,0.11792,1.046143
1726819606,0.050537,0.117188,1.05249
1726824606,0.052246,0.119873,1.045654
1726829606,0.049072,0.116211,1.040527
1726834606,0.049072,0.118896,1.052979
1726839606,0.051514,0.119873,1.054443
1726844606,0.051025,0.116699,1.041992
1726849606,0.047363,0.120605,1.051025
1726854606,0.054199,0.118896,1.043457
1726859606,0.049316,0.116211,1.049561
1726864606,0.051514,0.11792,1.05127
1726869606,0.05127,0.116943,1.050537
1726874606,0.05127,0.117676,1.040771
1726879606,0.045898,0.116455,1.053711
1726884606,0.05127,0.117188,1.048584
1726889606,0.05127,0.118164,1.047363
1726894606,0.05127,0.117188,1.051514
1726899606,0.051758,0.118896,1.050537
1726904606,0.049561,0.115479,1.04834
1726909606,0.050293,0.119385,1.052002
1726914606,0.052246,0.116699,1.046631
1726919606,0.054199,0.116211,1.044678
1726924606,0.048828,0.114746,1.048096
1726929606,0.050537,0.119141,1.046387
1726934606,0.048584,0.11792,1.039795
1726939606,0.052246,0.114258,1.051514
1726944606,0.049805,0.11377,1.048096
1726949606,0.05127,0.119141,1.051025
1726954606,0.052979,0.119141,1.055176
1726959606,0.049561,0.114502,1.047607
1726964606,0.051025,0.113525,1.049561
1726969606,0.053223,0.117676,1.054688
1726974606,0.050293,0.122803,1.049316
1726979606,0.053223,0.11499,1.04834
1726984606,0.047363,0.120605,1.043213
1726989606,0.050293,0.120605,1.045166
1726994606,0.049805,0.118896,1.051025
1726999606,0.054932,0.114258,1.052002
1727004606,0.050781,0.117676,1.05127
1727009606,0.049561,0.119629,1.046387
1727014606,0.052734,0.12085,1.052979
1727019606,0.045166,0.116455,1.049316
1727024606,0.048828,0.116943,1.043213
1727029606,0.050537,0.119873,1.050293
1727034606,0.05249,0.12207,1.049805
1727039606,0.048828,0.117188,1.051758
1727044606,0.05127,0.11792,1.053467
1727049606,0.051514,0.123291,1.045898
1727054606,0.048584,0.114502,1.050781
1727059606,0.051514,0.119385,1.047119
1727064606,0.049805,0.119385,1.045898
1727069606,0.053467,0.115967,1.051514
1727074606,0.052002,0.118408,1.052002
1727079606,0.047607,0.115234,1.046143
1727084606,0.046875,0.116211,1.041504
1727089606,0.05127,0.115234,1.048584
1727094606,0.052246,0.115479,1.046631
1727099606,0.051758,0.11792,1.049805
1727104606,0.050781,0.118164,1.050781
1727109606,0.052002,0.117676,1.04541
1727114606,0.048584,0.117188,1.045898
1727119606,0.050781,0.116943,1.049561
1727124606,0.052002,0.115234,1.050049
1727129606,0.050049,0.117188,1.049072
1727134606,0.052246,0.117188,1.047852
1727139606,0.054199,0.118896,1.041504
1727144606,0.050049,0.113525,1.053467
1727149606,0.049316,0.118652,1.049805
1727154606,0.049561,0.122559,1.041992
1727159606,0.050293,0.117432,1.04834
1727164606,0.047852,0.114014,1.052002
1727169606,0.051025,0.115479,1.049072
1727174606,0.05127,0.115479,1.052002
1727179606,0.047119,0.118896,1.047607
1727184606,0.048584,0.117432,1.045166
1727189606,0.04834,0.116699,1.044922
1727194606,0.053955,0.119141,1.051758
1727199606,0.052979,0.116455,1.048828
1727204606,0.047852,0.118652,1.05127
1727209606,0.051514,0.11792,1.051025
1727214606,0.049072,0.114014,1.04248
1727219606,0.048096,0.115479,1.050781
1727224606,0.047852,0.119385,1.045166
1727229606,0.052734,0.117188,1.044922
1727234606,0.049316,0.119873,1.043701
1727239606,0.051514,0.116943,1.049072
1727244606,0.049561,0.116699,1.046387
1727249606,0.051025,0.117188,1.04834
1727254606,0.049805,0.123535,1.053955
1727259606,0.048828,0.116455,1.048828
1727264606,0.050537,0.116211,1.048584
1727269606,0.055664,0.113525,1.056152
1727274606,0.051758,0.121094,1.049316
1727279606,0.052979,0.118896,1.052002
1727284606,0.054199,0.119141,1.047119
1727289606,0.05127,0.116699,1.046875
1727294606,0.04834,0.116943,1.050049
1727299606,0.056152,0.117188,1.045898
1727304606,0.050537,0.120361,1.048828
1727309606,0.050293,0.116943,1.049316
1727314606,0.050049,0.117432,1.049805
1727319606,0.050781,0.119385,1.048096
1727324606,0.050049,0.117432,1.045654
1727329606,0.055664,0.112793,1.050293
1727334606,0.051514,0.118408,1.05127
1727339606,0.052734,0.119873,1.049805
1727344606,0.053467,0.11792,1.050049
1727349606,0.049072,0.118164,1.053223
1727354606,0.049561,0.120117,1.053467
1727359606,0.053955,0.117188,1.048584
1727364606,0.054687,0.117676,1.045898
1727369606,0.050293,0.124023,1.046143
1727374606,0.056641,0.118896,1.050537
1727379606,0.051025,0.121094,1.048584
1727384606,0.050537,0.116211,1.044922
1727389606,0.052734,0.117188,1.047852
1727394606,0.049561,0.120117,1.044678
1727399606,0.051514,0.125488,1.048584
1727404606,0.053223,0.11792,1.050049
1727409606,0.04834,0.117188,1.049805
1727414606,0.050537,0.118652,1.050049
1727419606,0.050781,0.117432,1.05249
1727424606,0.050781,0.119385,1.049561
1727429606,0.053467,0.11792,1.047607
1727434606,0.049561,0.117432,1.058105
1727439606,0.051514,0.118408,1.050293
1727444606,0.053711,0.115967,1.047363
1727449606,0.049316,0.113525,1.041748
1727454606,0.051514,0.116211,1.050049
1727459606,0.05127,0.116699,1.047363
1727464606,0.050781,0.117188,1.048828
1727469606,0.049072,0.118164,1.04834
1727474606,0.044434,0.119629,1.046387
1727479606,0.050049,0.114502,1.046631
1727484606,0.047363,0.116699,1.052002
1727489606,0.050293,0.118896,1.054443
1727494606,0.050049,0.121338,1.05127
1727499606,0.052002,0.111084,1.051025
1727504606,0.048828,0.118408,1.05127
1727509606,0.050781,0.121094,1.053955
1727514606,0.049072,0.121094,1.049805
1727519606,0.050537,0.117188,1.050781
1727524606,0.052002,0.115723,1.046387
1727529606,0.052002,0.116455,1.047119
1727534606,0.050293,0.121094,1.047363
1727539606,0.054443,0.119385,1.057861
1727544606,0.05127,0.114014,1.047852
1727549606,0.045654,0.122314,1.049561
1727554606,0.051758,0.121582,1.048584
1727559606,0.047852,0.119629,1.046143
1727564606,0.049316,0.119873,1.041016
1727569606,0.053955,0.119629,1.047119
1727574606,0.052734,0.115967,1.047363
1727579606,0.04834,0.119873,1.053711
1727584606,0.05249,0.12085,1.049805
1727589606,0.048828,0.119629,1.043945
1727594606,0.049805,0.117676,1.045898
1727599606,0.051758,0.11377,1.053711
1727604606,0.048828,0.119873,1.046875
1727609606,0.052246,0.118408,1.049316
1727614606,0.051514,0.123535,1.050293
1727619606,0.050781,0.115967,1.047363
1727624606,0.053467,0.122559,1.052002
1727629606,0.047363,0.117432,1.039795
1727634606,0.047607,0.118652,1.04126
1727639606,0.049561,0.119385,1.047607
1727644606,0.052002,0.118408,1.049805
1727649606,0.047852,0.114502,1.054932
1727654606,0.050781,0.116455,1.047852
1727659606,0.044434,0.118652,1.04126
1727664606,0.052002,0.11084,1.053711
1727669606,0.057129,0.112305,1.060303
1727674606,0.04541,0.123047,1.040283
1727679606,0.045166,0.119629,1.031494
1727684606,0.052734,0.11792,1.056152
1727689606,0.055176,0.117188,1.063477
1727694606,0.054687,0.116211,1.053467
1727699606,0.048096,0.119385,1.047119
1727704606,0.05249,0.123047,1.046875
1727709606,0.053467,0.121826,1.052734
1727714606,0.047607,0.117188,1.04541
1727719606,0.050293,0.116455,1.041016
1727724606,0.052246,0.124023,1.040039
1727729606,0.048828,0.115723,1.056152
1727734606,0.048584,0.118408,1.042969
1727739606,0.050537,0.118896,1.049072
1727744606,0.049316,0.119629,1.051514
1727749606,0.053467,0.115234,1.049316
1727754606,0.05249,0.117432,1.045898
1727759606,0.05127,0.116211,1.050781
1727764606,0.054443,0.117676,1.046143
1727769606,0.051025,0.120361,1.050781
1727774606,0.049316,0.117432,1.048828
1727779606,0.051025,0.118896,1.045166
1727784606,0.05127,0.114746,1.043213
1727789606,0.053467,0.117676,1.050049
1727794606,0.049072,0.120361,1.042969
1727799606,0.048828,0.116211,1.043213
1727804606,0.05127,0.118164,1.05542
1727809606,0.046631,0.116455,1.053467
1727814606,-2.446289,-2.337891,-4.0
1727819606,-1.384277,3.999878,-4.0
1727824606,1.736084,3.513184,-0.370605
1727829606,-3.093262,2.020264,-2.697021
1727834606,-0.72876,0.408691,-0.234619
1727839606,-0.359619,0.14502,1.770508
1727844606,0.326172,-0.011719,0.312012
1727849606,0.066406,-0.085693,1.379883
1727854606,-1.227539,0.291016,1.508545
1727859606,-0.869629,1.672119,1.279785
1727864606,-0.115723,0.26123,1.057617
1727869606,-0.014404,0.13501,0.984619
1727874606,-1.53418,1.030029,-2.631592
1727879606,-0.427002,1.037598,1.180176
1727884606,-0.338379,0.413086,1.09375
1727889606,-0.070068,0.189697,1.111084
1727894606,-0.674561,0.689697,-1.699219
1727899606,-1.401123,0.148193,0.922607
1727904606,-0.366455,-0.084229,0.956055
1727909606,-0.023437,0.230225,0.793945
1727914606,0.015381,0.113281,0.965088
1727919606,-0.007813,0.257568,0.923584
1727924606,0.128418,0.071777,1.225098
1727929606,0.079346,0.093018,1.000977
1727934606,0.081543,0.061768,1.101563
1727939606,2.236572,1.672607,3.999878
1727944606,0.094238,2.758789,2.416016
1727949606,-2.030518,0.302002,1.586426
1727954606,-1.775146,0.645508,0.191406
1727959606,-1.755615,0.36084,0.449951
1727964606,-1.736328,0.723145,0.912598
1727969606,-0.908203,0.457275,1.165283
1727974606,-0.448242,0.103271,0.956543
1727979606,-0.072266,-0.041504,0.602295
1727984606,0.038574,0.150879,1.284912
1727989606,0.086182,0.505859,0.967041
1727994606,-0.939697,0.558594,2.671875
1727999606,-1.581543,0.270264,2.138916
1728004606,-1.412109,0.054443,0.062988
1728009606,-0.349609,0.078613,1.026611
1728014606,-0.934082,0.363037,0.384766
1728019606,-1.118896,0.52832,1.983398
1728024606,-0.158936,-0.021973,0.549805
1728029606,-0.161133,0.727051,0.822021
1728034606,-0.331543,0.198975,1.688477
1728039606,-0.512695,0.197998,0.92041
1728044606,0.031982,2.233887,0.786621
1728049606,-0.020996,0.348389,1.822754
1728054606,0.219971,0.389404,1.110596
1728059606,0.112061,0.098389,1.193359
1728064606,0.032715,0.402344,1.018799
1728069606,0.099365,0.435059,0.975342
1728074606,0.067627,0.982666,1.190186
1728079606,-0.0271,2.2229,0.968262
1728084606,0.025879,2.214111,0.972168
1728089606,0.162842,0.389404,1.066895
1728094606,0.003418,1.382568,0.959229
1728099606,-0.067627,1.134766,1.018066
1728104606,0.008057,1.499023,0.663818
1728109606,0.039063,0.090576,0.966064
1728114606,0.030029,1.181152,1.021973
1728119606,0.001221,0.641357,1.144287
1728124606,0.049316,2.297119,1.063965
1728129606,0.068604,1.522461,1.032471
1728134606,0.047119,0.102051,1.062012
1728139606,0.056885,0.379395,1.154297
1728144606,0.04541,0.514404,1.057617
1728149606,0.023926,1.193604,1.039063
1728154606,-0.074219,0.228516,1.243164
1728159606,-0.570312,1.14917,1.081543
1728164606,-0.011475,0.404297,1.229492
1728169606,0.094727,0.166748,1.205811
1728174606,0.139648,0.180176,1.071289
1728179606,-0.006104,0.160156,1.092041
1728184606,0.011719,0.151123,1.032471
1728189606,-0.056885,0.168213,0.965332
1728194606,-0.007568,1.687744,1.056885
1728199606,0.04126,0.165771,0.953369
1728204606,-0.044434,0.143799,1.057129
1728209606,0.116699,0.136719,1.075928
1728214606,0.105957,1.805664,1.174561
1728219606,0.059082,0.436768,1.006104
1728224606,0.022705,0.174072,1.013916
1728229606,0.021729,0.115967,1.045166
1728234606,0.030518,0.130615,1.061768
1728239606,0.015137,0.08374,0.999268
1728244606,0.039795,0.121338,1.09082
1728249606,0.023193,0.112305,1.056641
1728254606,0.04248,0.111572,1.04126
1728259606,0.022461,0.125977,1.108887
1728264606,0.048828,0.121094,1.033203
1728269606,0.052734,0.124512,1.045898
1728274606,0.030518,0.144287,1.07251
1728279606,0.053955,0.11084,1.081299
1728284606,0.035156,0.133789,1.058105
1728289606,0.017822,0.130127,1.051514
1728294606,0.044434,0.11499,1.037598
1728299606,0.036621,0.127441,1.049316
1728304606,0.03833,0.109619,1.053223
1728309606,0.037109,0.108643,1.046143
1728314606,0.031494,0.122803,1.045898
1728319606,0.026123,0.118896,1.048828
1728324606,0.033936,0.114502,1.048584
1728329606,0.038818,0.116211,1.05127
1728334606,0.037109,0.116211,1.044678
1728339606,0.039551,0.115234,1.047607
1728344606,0.036865,0.114014,1.047607
1728349606,0.037109,0.115967,1.04541
1728354606,0.041016,0.116455,1.058838
1728359606,0.036865,0.116211,1.046631
1728364606,0.036133,0.121094,1.049316
1728369606,0.034424,0.114746,1.052002
1728374606,0.043457,0.109375,1.051025
1728379606,0.034912,0.11792,1.049805
1728384606,0.034668,0.111816,1.039551
1728389606,0.03833,0.117676,1.045654
1728394606,0.04126,0.117676,1.053223
1728399606,0.037109,0.118408,1.061035
1728404606,0.036865,0.115967,1.047607
1728409606,0.039795,0.11377,1.047363
1728414606,0.037109,0.115479,1.051025
1728419606,0.040039,0.115723,1.037842
1728424606,0.035889,0.118408,1.04541
1728429606,0.034424,0.113037,1.049561
1728434606,0.036133,0.11499,1.049805
1728439606,0.037109,0.118164,1.051758
1728444606,0.03418,0.117188,1.054688
1728449606,0.038086,0.116455,1.052734
1728454606,0.035156,0.115967,1.057373
1728459606,0.036865,0.113281,1.055176
1728464606,0.037842,0.114014,1.045166
1728469606,0.039307,0.110596,1.052246
1728474606,0.037354,0.112793,1.045898
1728479606,0.037354,0.108643,1.050781
1728484606,0.04248,0.109863,1.048096
1728489606,0.039307,0.109863,1.047363
1728494606,0.04248,0.110596,1.053223
1728499606,0.037109,0.112305,1.049316
1728504606,0.040039,0.114014,1.049072
1728509606,0.041748,0.115479,1.044922
1728514606,0.035156,0.117432,1.04541
1728519606,0.034424,0.121338,1.05249
1728524606,0.030273,0.118652,1.054932
1728529606,0.030273,0.118896,1.045654
1728534606,0.032471,0.117188,1.046387
1728539606,0.036865,0.119629,1.056885
1728544606,0.039063,0.116699,1.049072
1728549606,0.039795,0.112305,1.049805
1728554606,0.036621,0.115479,1.044678
1728559606,0.037842,0.115234,1.045166
1728564606,0.038818,0.115479,1.048828
1728569606,0.039307,0.116211,1.049561
1728574606,0.034912,0.11792,1.045654
1728579606,0.041016,0.11499,1.04834
1728584606,0.033203,0.115234,1.050049
1728589606,0.036377,0.120117,1.046875
1728594606,0.037109,0.113037,1.045898
1728599606,0.031494,0.11792,1.050781
1728604606,0.033203,0.115723,1.049805
1728609606,0.033203,0.11499,1.04834
1728614606,0.035645,0.116211,1.05249
1728619606,0.032715,0.112549,1.050781
1728624606,0.037598,0.111328,1.046387
1728629606,0.039063,0.118164,1.052246
1728634606,0.035156,0.120605,1.047852
1728639606,0.039551,0.117676,1.049805
1728644606,0.038086,0.115479,1.052246
1728649606,0.038574,0.118164,1.050293
1728654606,0.038574,0.114502,1.050049
1728659606,0.036133,0.111328,1.054199
1728664606,0.045166,0.101563,1.040283
1728669606,0.037354,0.114502,1.063965
1728674606,0.033203,0.124268,1.044434
1728679606,0.030518,0.118896,1.056396
1728684606,0.035156,0.102295,1.059326
1728689606,0.039063,0.118896,1.048584
1728694606,0.036133,0.117676,1.048096
1728699606,0.031494,0.11499,1.05542
1728704606,0.040771,0.115479,1.043457
1728709606,0.042969,0.116699,1.049316
1728714606,0.03418,0.111328,1.046143
1728719606,0.033691,0.109619,1.051758
1728724606,0.044678,0.117676,1.051025
1728729606,0.042236,0.115967,1.048096
1728734606,0.030273,0.109619,1.052002
1728739606,0.031494,0.118408,1.047607
1728744606,0.03833,0.120361,1.051025
1728749606,0.04126,0.113281,1.05127
1728754606,0.034912,0.121826,1.053955
1728759606,0.038574,0.122559,1.052734
1728764606,0.03833,0.115723,1.05127
1728769606,0.038086,0.118896,1.05127
1728774606,0.032715,0.11499,1.045898
1728779606,0.042969,0.119141,1.048828
1728784606,0.039551,0.114746,1.049561
1728789606,0.036621,0.123535,1.056396
1728794606,0.047119,0.123047,1.037354
1728799606,0.038086,0.128418,1.050293
1728804606,0.033691,0.115967,1.050537
1728809606,0.040771,0.117188,1.044922
1728814606,0.043945,0.112793,1.058105
1728819606,0.040771,0.119141,1.045654
1728824606,0.039063,0.109863,1.049316
1728829606,0.048096,0.110596,1.051758
1728834606,0.043457,0.110107,1.043945
1728839606,0.043945,0.113037,1.037109
1728844606,0.029785,0.109619,1.04541
1728849606,0.039795,0.114014,1.057617
1728854606,0.02832,0.115479,1.052734
1728859606,0.035889,0.116211,1.035645
1728864606,0.035645,0.118896,1.05249
1728869606,0.028564,0.121826,1.050293
1728874606,0.030273,0.133789,1.050293
1728879606,0.037598,0.121826,1.051758
1728884606,0.031738,0.11499,1.05542
1728889606,0.037109,0.112549,1.043213
1728894606,0.039795,0.116943,1.050293
1728899606,0.050781,0.112061,1.053223
1728904606,0.044434,0.096436,1.057861
1728909606,0.042725,0.109375,1.049316
1728914606,0.043213,0.109375,1.050781
1728919606,0.041016,0.10376,1.049316
1728924606,0.037109,0.106934,1.04126
1728929606,0.055176,0.12085,1.047119
1728934606,0.032715,0.112793,1.060303
1728939606,0.034912,0.103271,1.05127
1728944606,0.036377,0.115967,1.047607
1728949606,0.031006,0.110352,1.059326
1728954606,0.041748,0.105225,1.05249
1728959606,0.043457,0.110107,1.040283
1728964606,0.040771,0.113037,1.067383
1728969606,0.042969,0.09668,1.050293
1728974606,0.05249,0.110352,1.054443
1728979606,0.056641,0.105225,1.062012
1728984606,0.05127,0.096436,1.054932
1728989606,0.046631,0.103027,1.043701
1728994606,0.046875,0.110596,1.046875
1728999606,0.049561,0.103271,1.050537
1729004606,0.04126,0.107666,1.040039
1729009606,0.036377,0.109131,1.045166
1729014606,0.040283,0.106445,1.049805
1729019606,0.037354,0.11084,1.053467
1729024606,0.040527,0.112549,1.047607
1729029606,0.036865,0.09668,1.053467
1729034606,0.037354,0.109619,1.050293
1729039606,0.038818,0.102783,1.044678
1729044606,0.023193,0.104736,1.041504
1729049606,0.045898,0.096924,1.041748
1729054606,0.049316,0.107178,1.047363
1729059606,0.037598,0.113281,1.050293
1729064606,0.042725,0.121094,1.056396
1729069606,0.043945,0.111084,1.048584
1729074606,0.039063,0.115234,1.054199
1729079606,0.035645,0.109619,1.044922
1729084606,0.038086,0.11084,1.042969
1729089606,0.031738,0.117676,1.049561
1729094606,0.03418,0.119629,1.05127
1729099606,0.032227,0.112061,1.050781
1729104606,0.026123,0.10791,1.052246
1729109606,0.031738,0.111084,1.04834
1729114606,0.030029,0.109131,1.048096
1729119606,0.037842,0.104492,1.043701
1729124606,0.039551,0.112549,1.049805
1729129606,0.040283,0.116211,1.047607
1729134606,0.043213,0.111572,1.04834
1729139606,0.037598,0.112793,1.041992
1729144606,0.040039,0.12085,1.043945
1729149606,0.042236,0.128418,1.048828
1729154606,0.041992,0.128662,1.05249
1729159606,0.047607,0.144775,1.053467
1729164606,0.019043,0.060547,1.039551
1729169606,0.040527,0.140137,1.058105
1729174606,0.046875,0.134521,1.038086
1729179606,0.041016,0.110107,1.033447
1729184606,0.038574,0.115723,1.055664
1729189606,0.040283,0.10376,1.045166
1729194606,0.039307,0.0979,1.048096
1729199606,0.041992,0.118652,1.052002
1729204606,0.023926,0.114746,1.050049
1729209606,0.030762,0.121582,1.043457
1729214606,0.033447,0.127686,1.054688
1729219606,0.040527,0.133301,1.052246
1729224606,0.042236,0.120605,1.055664
1729229606,0.040039,0.108398,1.049316
1729234606,0.032959,0.122314,1.05127
1729239606,0.042969,0.117432,1.04126
1729244606,0.03833,0.121826,1.055908
1729249606,0.040771,0.109863,1.042236
1729254606,0.038574,0.105957,1.056396
1729259606,0.035156,0.108643,1.053467
1729264606,0.036621,0.11499,1.050293
1729269606,0.034668,0.113525,1.052002
1729274606,0.039307,0.112549,1.045654
1729279606,0.034668,0.108887,1.049805
1729284606,0.045166,0.127441,1.041504
1729289606,0.040283,0.113525,1.051025
1729294606,0.044434,0.116211,1.046631
1729299606,0.045654,0.126465,1.053955
1729304606,0.035156,0.105469,1.061035
1729309606,0.040283,0.121582,1.052979
1729314606,0.047852,0.114258,1.0271
1729319606,0.030273,0.114258,1.040771
1729324606,0.033203,0.102295,1.054199
1729329606,0.039307,0.105957,1.045166
1729334606,0.037109,0.114502,1.044922
1729339606,0.039795,0.114502,1.046387
1729344606,0.0354,0.115967,1.05127
1729349606,0.045654,0.12085,1.045654
1729354606,0.051514,0.124023,1.053223
1729359606,0.030518,0.118652,1.033691
1729364606,0.043701,0.107178,1.06543
1729369606,0.045166,0.081055,1.119385
1729374606,0.093262,0.06958,1.071289
1729379606,0.01709,0.077393,1.038574
1729384606,0.032959,0.082031,1.057617
1729389606,0.059326,0.126953,1.067871
1729394606,0.001221,0.104492,0.939453
1729399606,0.02124,0.12793,1.019287
1729404606,0.044434,0.105957,1.041016
1729409606,0.055176,0.109131,1.078613
1729414606,0.042969,0.13623,1.037598
1729419606,0.045654,0.11499,1.063232
1729424606,0.031006,0.128174,1.02002
1729429606,0.039551,0.121338,1.050781
1729434606,0.040283,0.134277,1.050537
1729439606,0.039307,0.10083,1.047363
1729444606,0.043701,0.112305,1.060547
1729449606,0.049561,0.124268,1.04834
1729454606,0.040527,0.104736,1.060059
1729459606,0.046143,0.111816,1.046631
1729464606,0.053223,0.10498,1.064697
1729469606,0.042236,0.103027,1.048584
1729474606,0.038086,0.104004,1.075684
1729479606,0.04248,0.100586,1.043701
1729484606,0.026367,0.118896,1.082764
1729489606,0.051025,0.111816,1.044189
1729494606,0.031494,0.107422,1.055664
1729499606,0.043457,0.09668,1.017822
1729504606,0.037109,0.112549,1.025635
1729509606,0.03125,0.11084,1.038574
1729514606,0.044189,0.118408,1.05249
1729519606,0.055908,0.099121,1.021973
1729524606,0.055664,0.100586,1.044922
1729529606,0.044189,0.105957,1.03833
1729534606,0.044922,0.112549,1.052246
1729539606,0.047363,0.099365,1.032959
1729544606,0.04126,0.141357,1.041504
1729549606,0.0354,0.138672,1.065674
1729554606,0.031738,0.124023,1.077393
1729559606,0.038574,0.111328,1.065674
1729564606,0.054443,0.102295,1.055664
1729569606,0.052246,0.088623,1.012695
1729574606,0.029785,0.103516,1.055664
1729579606,0.048828,0.113037,1.060791
1729584606,0.044434,0.12085,1.071533
1729589606,0.060059,0.105225,1.039551
1729594606,0.055176,0.089355,1.020508
1729599606,0.049561,0.136475,1.041016
1729604606,0.044434,0.13501,1.054199
1729609606,0.040527,0.132812,1.054688
1729614606,0.031006,0.037354,1.015381
1729619606,0.044434,0.064941,1.056396
1729624606,0.030518,0.108887,1.036865
1729629606,0.037109,0.129883,1.063965
1729634606,0.028809,0.121582,1.060791
1729639606,0.043213,0.108643,1.067139
1729644606,0.040283,0.109131,1.061523
1729649606,0.045898,0.099365,1.04834
1729654606,0.040527,0.105957,1.053223
1729659606,0.04834,0.110596,1.043213
1729664606,0.045166,0.113037,1.058105
1729669606,0.049072,0.12085,1.052979
1729674606,0.045898,0.123047,1.05835
1729679606,0.046387,0.134521,1.053223
1729684606,0.041016,0.12915,1.041992
1729689606,0.04248,0.131592,1.049316
1729694606,0.037109,0.125732,1.057373
1729699606,0.037598,0.112549,1.056885
1729704606,0.040771,0.104492,1.055664
1729709606,0.039063,0.099854,1.040039
1729714606,0.042969,0.097168,1.045898
1729719606,0.044922,0.098633,1.049072
1729724606,0.045898,0.102051,1.047607
1729729606,0.046875,0.11377,1.056152
1729734606,0.049072,0.120361,1.044678
1729739606,0.053955,0.120605,1.044922
1729744606,0.053223,0.127197,1.040039
1729749606,0.05542,0.131592,1.046387
1729754606,0.049316,0.137451,1.046387
1729759606,0.042236,0.132812,1.052002
1729764606,0.042725,0.125244,1.044434
1729769606,0.037354,0.120117,1.048828
1729774606,0.035889,0.114746,1.050781
1729779606,0.04126,0.116943,1.043457
1729784606,0.041992,0.107422,1.052979
1729789606,0.029785,0.103271,1.03418
1729794606,0.036865,0.098877,1.050293
1729799606,0.034668,0.101563,1.049072
1729804606,0.042969,0.106445,1.053467
1729809606,0.052002,0.111328,1.049561
1729814606,0.05249,0.122559,1.050781
1729819606,0.049072,0.131836,1.041016
1729824606,0.050537,0.137939,1.050049
1729829606,0.050537,0.130615,1.056152
1729834606,0.050049,0.116455,1.05249
1729839606,0.048584,0.111572,1.060059
1729844606,0.051025,0.106201,1.053223
1729849606,0.047607,0.105957,1.056885
1729854606,0.045654,0.106201,1.047607
1729859606,0.047852,0.108398,1.045654
1729864606,0.047852,0.10791,1.048584
1729869606,0.040039,0.108643,1.056885
1729874606,0.033936,0.118652,1.049561
1729879606,0.043457,0.117188,1.048828
1729884606,0.036133,0.122314,1.041748
1729889606,0.0354,0.132568,1.044922
1729894606,0.024902,0.150391,1.050293
1729899606,0.022461,0.156006,1.056152
1729904606,0.018066,0.157959,1.106201
1729909606,0.034424,0.143066,1.012451
1729914606,0.034668,0.143311,1.054443
1729919606,0.036377,0.155518,1.051758
1729924606,0.023682,0.171875,1.079834
1729929606,0.022705,0.171875,1.062744
1729934606,0.030029,0.178955,1.040283
1729939606,0.034912,0.182861,1.046631
1729944606,0.046631,0.183838,1.044189
1729949606,0.060791,0.148926,1.064453
1729954606,0.049805,0.122803,1.055664
1729959606,0.064941,0.092529,1.06665
1729964606,0.058594,0.099854,1.032715
1729969606,0.077881,0.087891,1.040771
1729974606,0.080322,0.078369,1.047852
1729979606,0.08252,0.05957,1.047852
1729984606,0.083984,0.054199,1.032959
1729989606,0.083984,0.059082,1.014893
1729994606,0.084961,0.069824,1.017822
1729999606,0.080078,0.07959,1.040771
1730004606,0.073486,0.077881,1.032959
1730009606,0.064453,0.075195,1.035889
1730014606,0.056641,0.079346,1.020752
1730019606,0.013916,0.064941,0.967529
1730024606,0.050781,0.063965,1.07251
1730029606,0.081543,0.070801,1.012451
1730034606,0.064209,0.079834,1.078857
1730039606,0.111328,0.019775,1.050537
1730044606,0.082275,0.061523,1.072021
1730049606,0.078613,0.056396,1.019775
1730054606,0.078613,0.054443,1.045898
1730059606,0.078613,0.070801,1.04541
1730064606,0.07666,0.083984,1.05835
1730069606,0.053467,0.112305,1.06665
1730074606,0.028076,0.152588,1.088379
1730079606,0.041016,0.135742,1.06665
1730084606,0.051758,0.104248,1.039795
1730089606,0.050537,0.114502,1.046631
1730094606,0.04126,0.124268,1.065186
1730099606,0.04126,0.129395,1.064941
1730104606,0.044189,0.124023,1.056885
1730109606,0.054932,0.112793,1.04541
1730114606,0.062988,0.106201,1.048584
1730119606,0.057861,0.099854,1.050293
1730124606,0.058105,0.100586,1.050293
1730129606,0.059082,0.103271,1.05127
1730134606,0.058105,0.109131,1.046875
1730139606,0.051758,0.112793,1.05249
1730144606,0.050049,0.115234,1.050537
1730149606,0.053955,0.111572,1.04834
1730154606,0.05127,0.112305,1.049072
1730159606,0.050781,0.109375,1.04834
1730164606,0.04834,0.11499,1.057129
1730169606,0.046875,0.112305,1.049316
1730174606,0.053467,0.112061,1.049561
1730179606,0.05249,0.109131,1.037598
1730184606,0.053955,0.104736,1.047852
1730189606,0.055664,0.108643,1.042969
1730194606,0.054199,0.111572,1.049316
1730199606,0.056396,0.116211,1.04834
1730204606,0.052246,0.11499,1.056152
1730209606,0.056641,0.114014,1.051025
1730214606,0.05127,0.111816,1.05542
1730219606,0.051514,0.113037,1.049805
1730224606,0.057129,0.109863,1.047119
1730229606,0.052979,0.110596,1.056396
1730234606,0.057617,0.103271,1.044189
1730239606,0.049316,0.108154,1.053955
1730244606,0.056885,0.103271,1.046631
1730249606,0.053467,0.110352,1.053467
1730254606,0.050049,0.114258,1.047119
1730259606,0.055908,0.115723,1.04541
1730264606,0.050049,0.116943,1.052246
1730269606,0.048096,0.115479,1.045898
1730274606,0.05127,0.109375,1.051758
1730279606,0.052979,0.112061,1.050537
1730284606,0.04834,0.110596,1.051514
1730289606,0.053711,0.107666,1.048096
1730294606,0.051025,0.11084,1.047119
1730299606,0.052002,0.110352,1.04541
1730304606,0.048584,0.112305,1.050537
1730309606,0.052734,0.113281,1.051025
1730314606,0.054443,0.115967,1.053711
1730319606,0.049805,0.113281,1.048096
1730324606,0.054687,0.114014,1.051758
1730329606,0.055176,0.115234,1.052734
1730334606,0.051025,0.115479,1.050781
1730339606,0.055176,0.11084,1.054443
1730344606,0.054687,0.108154,1.047363
1730349606,0.05542,0.112305,1.044922
1730354606,0.051758,0.111328,1.045654
1730359606,0.050049,0.11084,1.04248
1730364606,0.049805,0.117188,1.048828
1730369606,0.065186,0.109619,1.05835
1730374606,0.130127,0.104004,1.131592
1730379606,0.008789,0.17334,1.044189
1730384606,0.054443,0.191162,1.132324
1730389606,0.095459,0.0896,1.117432
1730394606,0.048828,0.149658,1.037842
1730399606,0.03125,0.122803,1.0625
1730404606,0.080078,0.098633,1.077148
1730409606,0.035889,0.117188,1.025146
1730414606,0.05835,0.113281,1.070068
1730419606,0.064697,0.10376,1.057129
1730424606,0.0354,0.117188,1.015625
1730429606,0.067383,0.098389,1.062256
1730434606,0.059326,0.105225,1.034912
1730439606,0.046387,0.117676,1.031494
1730444606,0.052246,0.102051,1.05127
1730449606,0.055908,0.113037,1.056885
1730454606,0.046875,0.117188,1.055664
1730459606,0.057861,0.108154,1.040527
1730464606,0.04248,0.116943,1.041504
1730469606,0.056641,0.109619,1.058594
1730474606,0.057129,0.10083,1.05542
1730479606,0.05542,0.106934,1.046143
1730484606,0.056641,0.104248,1.050293
1730489606,0.061523,0.111328,1.054932
1730494606,0.049316,0.110352,1.037598
1730499606,0.054687,0.111328,1.044922
1730504606,0.048584,0.115234,1.04126
1730509606,0.043945,0.132812,1.040771
1730514606,0.050293,0.107666,1.037598
1730519606,0.048828,0.116211,1.043213
1730524606,0.052246,0.112305,1.041992
1730529606,0.054687,0.107178,1.050293
1730534606,0.052246,0.11792,1.043457
1730539606,0.05542,0.110107,1.053955
1730544606,0.058105,0.111816,1.049316
1730549606,0.054687,0.111328,1.045166
1730554606,0.051025,0.123779,1.032959
1730559606,0.060791,0.116943,1.048584
1730564606,0.05249,0.122314,1.061523
1730569606,0.04541,0.117432,1.04541
1730574606,0.052979,0.121094,1.051025
1730579606,0.049561,0.114258,1.044189
1730584606,0.052002,0.113525,1.047852
1730589606,0.053467,0.113281,1.048096
1730594606,0.05249,0.112061,1.041748
1730599606,0.054199,0.111572,1.04834
1730604606,0.054199,0.108643,1.04834
1730609606,0.053711,0.108643,1.05127
1730614606,0.057129,0.112305,1.046387
1730619606,0.052734,0.111816,1.047852
1730624606,0.054932,0.110352,1.050293
1730629606,0.052979,0.111328,1.042725
1730634606,0.056885,0.114746,1.047852
1730639606,0.051758,0.113525,1.049561
1730644606,0.056641,0.114502,1.050537
1730649606,0.048096,0.121094,1.043457
1730654606,0.054199,0.115723,1.049561
1730659606,0.052246,0.113281,1.049805
1730664606,0.05249,0.11499,1.054443
1730669606,0.057129,0.106934,1.057617
1730674606,0.056396,0.11377,1.05127
1730679606,0.05127,0.111572,1.047363
1730684606,0.057129,0.109375,1.056396
1730689606,0.053955,0.111328,1.052734
1730694606,0.060303,0.114258,1.055908
1730699606,0.051758,0.114014,1.051025
1730704606,0.054687,0.119873,1.054688
1730709606,0.051758,0.117432,1.046631
1730714606,0.061523,0.114014,1.055908
1730719606,0.051025,0.113525,1.044434
1730724606,0.051514,0.11499,1.048096
1730729606,0.052734,0.117188,1.051025
1730734606,0.051025,0.110107,1.043945
1730739606,0.054932,0.111816,1.053711
1730744606,0.049805,0.107666,1.043213
1730749606,0.054687,0.107178,1.051758
1730754606,3.999878,0.916504,-4.0
1730759606,0.590332,-1.301758,-4.0
1730764606,-0.893555,-4.0,-4.0
1730769606,0.097656,1.550781,-3.734131
1730774606,-1.159912,1.121582,-4.0
1730779606,-1.08374,2.248535,-0.569824
1730784606,1.405518,0.200928,-3.014648
1730789606,0.13916,0.505615,1.98999
1730794606,-0.749268,0.238525,1.100098
1730799606,-0.150635,0.36792,1.12085
1730804606,0.047607,0.254395,0.949463
1730809606,0.209961,0.20459,1.377686
1730814606,0.265381,0.065918,1.379883
1730819606,0.040771,0.198486,1.04126
1730824606,0.01123,0.169434,0.718994
1730829606,0.059082,0.210937,1.283936
1730834606,0.066406,0.034912,1.012207
1730839606,-0.078857,0.197754,0.846436
1730844606,0.053223,0.166504,0.797119
1730849606,0.050293,0.140381,1.049561
1730854606,0.016846,0.099365,1.063965
1730859606,-0.70874,-1.018555,-0.422119
1730864606,-0.785889,0.876709,-1.319092
1730869606,-0.089844,1.464844,-0.769531
1730874606,-1.345459,0.32373,0.834473
1730879606,-0.235596,-0.083496,1.211914
1730884606,2.356445,3.507324,3.999878
1730889606,-2.987061,-3.980713,-1.415039
1730894606,-0.626709,1.009033,-4.0
1730899606,-0.468262,0.83374,-0.214111
1730904606,-1.606689,1.288574,-1.049072
1730909606,-1.561279,0.624268,0.286133
1730914606,-1.283691,0.156494,0.932129
1730919606,-0.845459,0.19873,1.039307
1730924606,0.001221,0.080078,1.225586
1730929606,-1.030518,0.631348,-3.838867
1730934606,-1.168701,0.442383,1.447021
1730939606,0.124268,0.10791,1.566406
1730944606,0.35498,0.02002,0.764404
1730949606,0.049805,0.164062,1.473877
1730954606,0.166016,0.225586,1.229492
1730959606,0.068359,0.126221,1.149658
1730964606,0.095215,0.126221,1.116699
1730969606,-0.010742,0.094238,-3.374268
1730974606,1.210938,0.256348,-0.282471
1730979606,-0.865479,0.433105,-2.505371
1730984606,-0.001709,0.340576,-0.861328
1730989606,0.034424,0.130859,1.10791
1730994606,-0.044678,0.087158,0.851807
1730999606,0.095947,0.130127,1.001221
1731004606,0.139893,0.117432,1.110596
1731009606,0.063232,0.081787,1.200928
1731014606,0.064453,0.088135,0.963623
1731019606,0.108154,0.133545,1.098145
1731024606,0.046387,0.129883,1.067139
1731029606,0.069336,0.12793,1.025146
1731034606,0.080078,0.08374,1.005127
1731039606,0.021729,0.111816,1.025146
1731044606,0.102051,0.119629,1.027344
1731049606,0.093018,0.114258,1.060547
1731054606,0.124512,0.142578,1.101074
1731059606,0.081787,0.085937,1.01123
1731064606,-0.064697,0.143799,1.33252
1731069606,0.019287,0.181641,1.657227
1731074606,-0.088379,0.691162,-0.643555
1731079606,-1.205078,-0.009521,1.59668
1731084606,-0.606445,0.144775,-2.915527
1731089606,-0.119385,0.202393,1.377441
1731094606,-0.223633,0.138916,1.098389
1731099606,-0.923828,0.166748,1.031738
1731104606,0.118652,0.094238,1.145508
1731109606,0.064697,0.11499,1.081543
1731114606,0.0625,0.15332,1.05542
1731119606,0.007568,0.155762,1.011475
1731124606,0.057129,0.12085,1.093994
1731129606,0.048096,0.055176,1.018555
1731134606,0.042725,0.264648,0.920654
1731139606,0.107422,0.219727,1.237061
1731144606,0.045898,0.141357,0.959473
1731149606,0.047852,0.138672,0.945312
1731154606,0.022949,0.089111,1.007324
1731159606,-0.722656,0.161621,-2.494629
1731164606,-1.74292,0.498779,1.161621
1731169606,-0.054199,1.961182,-0.974609
1731174606,-0.281982,0.261475,0.975342
1731179606,0.04248,0.037598,1.226074
1731184606,0.11499,0.218262,1.0625
1731189606,0.077393,0.118652,1.118896
1731194606,0.091064,0.110107,1.018799
1731199606,0.100342,0.069824,1.049805
1731204606,0.075439,0.073975,1.030029
1731209606,0.070312,0.124512,0.987305
1731214606,0.045166,0.146973,1.04248
1731219606,0.053711,0.161133,1.134766
1731224606,0.093018,0.088623,1.072754
1731229606,0.04248,0.084961,1.05542
1731234606,-0.510498,0.477783,-4.0
1731239606,-0.633301,1.753662,0.269775
1731244606,-0.781006,0.281494,1.595947
1731249606,0.056641,0.122803,1.250244
1731254606,0.091797,0.092773,1.27124
1731259606,0.217041,0.138916,1.109131
1731264606,0.05835,0.16748,1.204346
1731269606,0.086426,0.12915,0.999268
1731274606,0.059082,0.19165,1.11499
1731279606,0.314697,0.049316,1.05957
1731284606,0.140869,0.083008,0.890869
1731289606,0.029053,0.148682,1.054199
1731294606,0.01709,0.147217,1.023926
1731299606,-0.106689,0.158936,1.08252
1731304606,0.08374,0.147461,1.013184
1731309606,0.040527,0.141846,1.098877
1731314606,0.140381,0.073975,1.04248
1731319606,0.091309,0.151367,1.015869
1731324606,0.133545,0.133545,1.180908
1731329606,0.124023,0.07373,1.027832
1731334606,0.007568,0.138428,1.104736
1731339606,0.054199,0.129883,0.968506
1731344606,0.047119,0.161377,0.974121
1731349606,0.056396,0.123779,1.025146
1731354606,0.030518,0.139893,1.034668
1731359606,0.059814,0.117188,1.052979
1731364606,0.044922,0.133545,1.021484
1731369606,0.057861,0.133789,1.05957
1731374606,0.061035,0.131104,1.059814
1731379606,0.060303,0.125244,1.050781
1731384606,0.065674,0.123779,1.036133
1731389606,0.057129,0.121826,1.039307
1731394606,0.059814,0.119385,1.058838
1731399606,0.064941,0.131348,1.060303
1731404606,0.056396,0.129395,1.050781
1731409606,0.055176,0.138672,1.03833
1731414606,0.061279,0.124512,1.04834
1731419606,0.057617,0.118896,1.044678
1731424606,0.059814,0.126465,1.033936
1731429606,0.06543,0.119629,1.046143
1731434606,0.055664,0.127441,1.036865
1731439606,0.053711,0.127197,1.039307
1731444606,0.061279,0.126709,1.041016
1731449606,0.054932,0.127197,1.047119
1731454606,0.060791,0.125732,1.052002
1731459606,0.059814,0.126953,1.050049
1731464606,0.054443,0.125488,1.040527
1731469606,0.05835,0.124023,1.038086
1731474606,0.061279,0.126953,1.038086
1731479606,0.056885,0.127441,1.05249
1731484606,0.056396,0.131104,1.057861
1731489606,0.054932,0.125488,1.051514
1731494606,0.055176,0.123535,1.051514
1731499606,0.058594,0.123291,1.043701
1731504606,0.060303,0.128174,1.045654
1731509606,0.061279,0.124268,1.046387
1731514606,0.058594,0.125,1.047363
1731519606,0.053955,0.130615,1.04834
1731524606,0.056641,0.130371,1.053467
1731529606,0.058105,0.12915,1.046875
1731534606,0.057861,0.122803,1.046387
1731539606,0.057617,0.125488,1.043457
1731544606,0.058594,0.126221,1.047119
1731549606,0.054443,0.124023,1.048584
1731554606,0.056396,0.128174,1.051758
1731559606,0.058838,0.124023,1.041748
1731564606,0.058594,0.122559,1.042969
1731569606,0.059814,0.125732,1.041992
1731574606,0.060547,0.125977,1.042725
1731579606,0.053711,0.125244,1.045166
1731584606,0.056885,0.126953,1.049561
1731589606,0.055176,0.128418,1.04248
1731594606,0.062988,0.124268,1.048096
1731599606,0.059082,0.128662,1.045654
1731604606,0.055908,0.12915,1.04248
1731609606,0.058105,0.125488,1.044922
1731614606,0.057129,0.126465,1.048828
1731619606,0.058838,0.126465,1.046143
1731624606,0.056152,0.124023,1.045166
1731629606,0.056152,0.125488,1.042236
1731634606,0.060059,0.129883,1.043457
1731639606,0.058105,0.124512,1.049561
1731644606,0.056152,0.127197,1.042725
1731649606,0.05542,0.124268,1.043213
1731654606,0.060059,0.129395,1.044678
1731659606,0.058594,0.125732,1.044922
1731664606,0.05542,0.126221,1.046631
1731669606,0.05835,0.131836,1.054443
1731674606,0.064697,0.113525,1.041016
1731679606,0.054687,0.14209,1.062988
1731684606,0.057373,0.128906,1.034668
1731689606,0.040039,0.141357,1.014648
1731694606,0.0625,0.133789,1.053955
1731699606,0.062012,0.123291,1.079102
1731704606,0.046631,0.12793,1.036377
1731709606,0.05957,0.13501,1.029541
1731714606,0.054687,0.131836,1.064941
1731719606,0.055664,0.116699,1.047852
1731724606,0.058838,0.134277,1.039307
1731729606,0.063477,0.131348,1.041748
1731734606,0.049316,0.121338,1.050781
1731739606,0.061768,0.138672,1.046143
1731744606,0.05835,0.137451,1.053955
1731749606,0.054443,0.119629,1.05249
1731754606,0.056396,0.124023,1.047363
1731759606,0.05835,0.130371,1.044189
1731764606,0.057617,0.131104,1.039551
1731769606,0.055176,0.124756,1.042969
1731774606,0.065918,0.125977,1.047852
1731779606,0.057861,0.137939,1.062744
1731784606,0.047363,0.134521,1.051514
1731789606,0.069824,0.119141,1.042725
1731794606,0.068115,0.113525,1.019531
1731799606,0.058838,0.124023,1.044922
1731804606,0.059082,0.131348,1.04126
1731809606,0.061035,0.120361,1.060791
1731814606,0.043213,0.141357,1.025879
1731819606,0.055664,0.152344,1.05835
1731824606,0.063721,0.124023,1.044434
1731829606,0.049316,0.124512,1.043457
1731834606,0.062744,0.127686,1.046387
1731839606,0.052734,0.130615,1.049561
1731844606,0.064941,0.127441,1.037354
1731849606,0.057373,0.12793,1.056152
1731854606,0.05542,0.12793,1.040771
1731859606,0.056396,0.133789,1.049561
1731864606,0.070068,0.12915,1.043213
1731869606,0.060059,0.12207,1.052734
1731874606,0.057861,0.124756,1.042969
1731879606,0.05835,0.128662,1.050781
1731884606,0.054932,0.121582,1.044189
1731889606,0.057129,0.125732,1.050781
1731894606,0.063232,0.124512,1.056396
1731899606,0.061279,0.124023,1.037842
1731904606,0.058838,0.126465,1.05542
1731909606,0.062012,0.121094,1.052979
1731914606,0.057129,0.121094,1.053711
1731919606,0.044434,0.141113,1.025635
1731924606,0.059082,0.129395,1.053711
1731929606,0.053955,0.118896,1.05249
1731934606,0.065918,0.117188,1.062744
1731939606,0.059326,0.130371,1.050049
1731944606,0.05835,0.132324,1.056885
1731949606,0.057861,0.128418,1.053955
1731954606,0.055176,0.126953,1.039063
1731959606,0.061279,0.116211,1.03418
1731964606,0.060059,0.124512,1.052734
1731969606,0.060791,0.130615,1.057373
1731974606,0.060059,0.133057,1.065918
1731979606,0.058105,0.124268,1.046143
1731984606,0.051025,0.122803,1.040039
1731989606,0.052734,0.128174,1.037598
1731994606,0.05835,0.127686,1.037842
1731999606,0.060303,0.127197,1.04834
1732004606,0.064941,0.130127,1.062256
1732009606,0.061768,0.128418,1.05249
1732014606,0.058594,0.12793,1.04541
1732019606,0.05835,0.130615,1.037842
1732024606,0.052979,0.127686,1.034668
1732029606,0.058594,0.128418,1.045654
1732034606,0.060303,0.125732,1.052979
1732039606,0.058838,0.126221,1.050781
1732044606,0.058105,0.129395,1.05127
1732049606,0.058594,0.130859,1.051025
1732054606,0.053467,0.130615,1.036377
1732059606,0.054199,0.125488,1.031982
1732064606,0.056396,0.125977,1.043457
1732069606,0.061035,0.126221,1.049316
1732074606,0.060059,0.130615,1.053223
1732079606,0.060059,0.131836,1.05542
1732084606,0.057617,0.12915,1.050537
1732089606,0.058105,0.129639,1.037109
1732094606,0.051758,0.132568,1.043213
1732099606,0.055908,0.126709,1.043701
1732104606,0.068604,0.110352,1.011719
1732109606,0.042969,0.13916,1.078613
1732114606,0.05957,0.119385,1.044678
1732119606,0.061035,0.139648,1.05542
1732124606,0.05835,0.116455,1.050049
1732129606,0.060303,0.121338,1.035156
1732134606,0.054443,0.129883,1.046387
1732139606,0.058105,0.124023,1.048096
1732144606,0.060791,0.134766,1.057617
1732149606,0.054687,0.126709,1.050537
1732154606,0.057861,0.129639,1.045898
1732159606,0.057129,0.130859,1.034912
1732164606,0.052734,0.127686,1.053711
1732169606,0.060303,0.128174,1.047607
1732174606,0.060303,0.128662,1.05249
1732179606,0.061035,0.12793,1.04541
1732184606,0.061768,0.127441,1.051025
1732189606,0.054932,0.130371,1.043213
1732194606,0.05835,0.128906,1.043213
1732199606,0.05542,0.130127,1.047363
1732204606,0.057129,0.127686,1.047852
1732209606,0.05835,0.126465,1.039063
1732214606,0.059814,0.134277,1.050293
1732219606,0.064697,0.126709,1.05249
1732224606,0.058838,0.130127,1.043701
1732229606,0.063232,0.130615,1.072754
1732234606,0.054687,0.128418,1.025635
1732239606,0.064697,0.117432,1.044189
1732244606,0.058838,0.131348,1.044678
1732249606,0.067871,0.118408,1.031982
1732254606,0.062256,0.12207,1.068604
1732259606,0.054932,0.133057,1.052734
1732264606,0.057861,0.123535,1.041016
1732269606,0.059814,0.13501,1.051758
1732274606,0.056641,0.121338,1.041748
1732279606,0.057129,0.125244,1.047607
1732284606,0.059082,0.135254,1.039551
1732289606,0.056396,0.128418,1.04126
1732294606,0.057617,0.128662,1.044678
1732299606,0.058838,0.128418,1.044678
1732304606,0.060791,0.124756,1.049316
1732309606,0.055176,0.135986,1.041992
1732314606,0.054932,0.134521,1.041504
1732319606,0.057617,0.129395,1.044434
1732324606,0.060547,0.128174,1.03125
1732329606,0.053223,0.135742,1.052246
1732334606,0.055176,0.132568,1.048828
1732339606,0.059326,0.129883,1.05127
1732344606,0.058838,0.131104,1.05127
1732349606,0.060791,0.125488,1.058105
1732354606,0.05127,0.134766,1.037354
1732359606,0.058838,0.125732,1.031494
1732364606,0.059082,0.132568,1.030029
1732369606,0.0625,0.125488,1.015137
1732374606,0.072998,0.111572,1.025635
1732379606,0.054687,0.124268,1.052002
1732384606,0.060303,0.131348,1.053467
1732389606,0.065674,0.128906,1.039307
1732394606,0.057373,0.123535,1.03833
1732399606,0.053711,0.13623,1.046631
1732404606,0.060059,0.130371,1.045654
1732409606,0.054932,0.138916,1.04834
1732414606,0.058838,0.130859,1.045898
1732419606,0.05957,0.124756,1.043701
1732424606,0.0625,0.129883,1.051025
1732429606,0.063965,0.123535,1.039063
1732434606,0.053223,0.132812,1.044678
1732439606,0.055908,0.131348,1.039551
1732444606,0.055908,0.131836,1.040771
1732449606,0.057861,0.12793,1.035889
1732454606,0.059082,0.124512,1.034912
1732459606,0.055908,0.124756,1.036621
1732464606,0.046631,0.133545,1.04834
1732469606,0.057129,0.12915,1.048584
1732474606,0.052979,0.132324,1.050049
1732479606,0.076416,0.125977,1.051758
1732484606,0.063232,0.123535,1.045654
1732489606,0.046875,0.159668,1.025391
1732494606,0.063721,0.12915,1.045166
1732499606,0.067871,0.120361,1.072021
1732504606,0.067627,0.115479,1.078613
1732509606,0.029541,0.128418,1.061523
1732514606,-0.606934,0.110596,-4.0
1732519606,-0.271729,0.140869,-4.0
1732524606,-1.141846,-0.046875,0.626221
1732529606,-1.190186,0.189941,1.006592
1732534606,-0.207764,0.210449,1.236816
1732539606,0.084961,0.075195,1.07251
1732544606,0.225342,0.217529,1.205078
1732549606,0.203369,0.108154,1.099609
1732554606,0.086426,0.158447,1.150635
1732559606,-0.64624,0.033936,0.980225
1732564606,-1.54248,-0.110107,-4.0
1732569606,-1.544922,0.159424,0.968994
1732574606,-0.273682,0.237549,1.122559
1732579606,0.123779,0.218506,1.192139
1732584606,-0.215332,0.072998,1.017578
1732589606,-0.056885,0.081299,0.642822
1732594606,-0.008789,0.219238,0.973145
1732599606,0.17041,0.191895,1.310303
1732604606,0.083252,0.14209,1.055664
1732609606,0.074463,0.150635,1.14209
1732614606,0.067383,0.117432,0.948975
1732619606,0.046631,0.137939,1.085938
1732624606,0.08374,0.126709,1.099365
1732629606,0.000732,0.153564,0.937744
1732634606,0.057129,0.126709,1.100098
1732639606,0.055176,0.129639,1.057617
1732644606,0.07251,0.127686,1.035645
1732649606,0.050293,0.139648,1.057373
1732654606,0.055908,0.125488,1.053467
1732659606,0.084961,0.107178,1.060791
1732664606,0.085693,0.096436,1.033203
1732669606,0.059814,0.119385,1.035645
1732674606,0.032715,0.187012,1.100586
1732679606,0.06665,0.138184,1.023926
1732684606,0.052979,0.147461,1.06543
1732689606,0.076416,0.125977,1.045166
1732694606,0.061035,0.098633,1.040039
1732699606,0.060791,0.135742,1.05542
1732704606,0.076172,0.113281,1.041992
1732709606,0.053223,0.115967,1.037842
1732714606,0.050293,0.166992,1.063232
1732719606,0.052002,0.125488,1.037354
1732724606,0.054687,0.13623,1.047119
1732729606,0.075684,0.123291,1.0354
1732734606,0.066406,0.117432,1.050537
1732739606,0.0625,0.144775,1.052246
1732744606,0.056396,0.130371,1.039795
1732749606,0.051514,0.133057,1.054688
1732754606,0.061768,0.131592,1.040039
1732759606,0.056885,0.119141,1.036621
1732764606,0.06665,0.130127,1.045166
1732769606,0.062988,0.124023,1.052734
1732774606,0.057129,0.136475,1.048828
1732779606,0.062012,0.134277,1.045898
1732784606,0.05957,0.131348,1.04541
1732789606,0.060059,0.126221,1.04126
1732794606,0.059082,0.126953,1.04834
1732799606,0.05249,0.131592,1.047119
1732804606,0.056641,0.131104,1.045166
1732809606,0.064453,0.13208,1.05127
1732814606,0.066895,0.130127,1.047119
1732819606,0.061523,0.126953,1.045654
1732824606,0.065918,0.128906,1.041016
1732829606,0.054443,0.130859,1.044434
1732834606,0.05127,0.132812,1.042969
1732839606,0.060303,0.135498,1.047119
1732844606,0.058838,0.129395,1.043945
1732849606,0.066162,0.123535,1.047607
1732854606,0.065186,0.124756,1.049072
1732859606,0.054932,0.128174,1.039551
1732864606,0.058105,0.132812,1.050537
1732869606,0.056885,0.135498,1.047852
1732874606,0.051514,0.131348,1.038086
1732879606,0.057617,0.128662,1.045898
1732884606,0.059082,0.131836,1.052246
1732889606,0.060791,0.128418,1.041748
1732894606,0.063965,0.125977,1.050537
1732899606,0.061768,0.126221,1.052002
1732904606,0.059082,0.127441,1.037109
1732909606,0.056152,0.130859,1.053467
1732914606,0.054687,0.130615,1.047852
1732919606,0.056152,0.130859,1.042236
1732924606,0.0625,0.130859,1.052246
1732929606,0.061279,0.129395,1.049805
1732934606,0.061523,0.131592,1.051025
1732939606,0.060059,0.130615,1.044434
1732944606,0.054443,0.131836,1.044678
1732949606,0.054199,0.131348,1.046143
1732954606,0.055664,0.133545,1.048584
1732959606,0.060303,0.130615,1.047363
1732964606,0.05835,0.123291,1.050537
1732969606,0.070801,0.128418,1.046387
1732974606,0.056885,0.127686,1.044189
1732979606,0.060303,0.12915,1.051514
1732984606,0.05835,0.130859,1.044922
1732989606,0.059082,0.131348,1.045654
1732994606,0.060791,0.125977,1.047363
1732999606,0.061768,0.128662,1.049072
1733004606,0.05835,0.129883,1.039551
1733009606,0.065674,0.128906,1.041748
1733014606,0.066162,0.130371,1.048828
1733019606,0.055176,0.125732,1.046631
1733024606,0.056152,0.129883,1.046875
1733029606,0.056396,0.131592,1.047852
1733034606,0.061523,0.130371,1.048096
1733039606,0.057373,0.126953,1.04541
1733044606,0.060791,0.130615,1.046387
1733049606,0.061035,0.124756,1.051758
1733054606,0.062744,0.12915,1.049805
1733059606,0.058105,0.12793,1.047852
1733064606,0.054932,0.127686,1.043213
1733069606,0.061035,0.129883,1.04541
1733074606,0.058594,0.129639,1.044189
1733079606,0.061523,0.128418,1.049072
1733084606,0.065674,0.129395,1.042725
1733089606,0.061035,0.131104,1.040283
1733094606,0.063232,0.12793,1.051025
1733099606,0.058105,0.131348,1.043945
1733104606,0.058594,0.133301,1.052734
1733109606,0.052002,0.128662,1.046143
1733114606,0.060303,0.126953,1.047119
1733119606,0.057373,0.130127,1.044922
1733124606,0.065186,0.129883,1.048828
1733129606,0.063477,0.129883,1.040771
1733134606,0.061279,0.130127,1.045166
1733139606,0.058594,0.128418,1.04541
1733144606,0.056641,0.124512,1.04248
1733149606,0.053467,0.128418,1.046875
1733154606,0.057373,0.12915,1.048096
1733159606,0.062988,0.127686,1.043945
1733164606,0.063965,0.128662,1.047119
1733169606,0.0625,0.131104,1.044922
1733174606,0.063721,0.129639,1.044434
1733179606,0.05835,0.123291,1.044189
1733184606,0.059326,0.130127,1.044434
1733189606,0.055664,0.132812,1.047607
1733194606,0.060303,0.131592,1.04248
1733199606,0.060303,0.134766,1.048828
1733204606,0.061523,0.126709,1.042725
1733209606,0.060791,0.129395,1.041748
1733214606,0.061279,0.12793,1.046387
1733219606,0.056885,0.123779,1.051025
1733224606,0.057861,0.130615,1.041016
1733229606,0.057861,0.129883,1.048828
1733234606,0.057617,0.128174,1.047363
1733239606,0.063477,0.12793,1.039795
1733244606,0.060791,0.133789,1.049805
1733249606,0.063965,0.128906,1.045166
1733254606,0.061279,0.126709,1.047119
1733259606,0.061035,0.131348,1.042236
1733264606,0.058838,0.131592,1.047852
1733269606,0.055176,0.129639,1.046143
1733274606,0.062988,0.127441,1.046143
1733279606,0.057617,0.130127,1.045654
1733284606,0.061035,0.128906,1.042236
1733289606,0.057861,0.12793,1.046875
1733294606,0.055664,0.13208,1.040527
1733299606,-1.274658,-2.538086,-4.0
1733304606,-0.553467,-1.636719,-4.0
1733309606,-1.621338,-0.37085,0.957275
1733314606,-2.141846,1.930664,-2.311279
1733319606,1.622803,2.398926,-4.0
1733324606,-3.231934,2.459229,-4.0
1733329606,0.069336,-0.06665,-1.530273
1733334606,-1.327148,0.316895,0.394775
1733339606,-1.260254,0.525635,0.637207
1733344606,-1.509033,0.766602,-2.813477
1733349606,-1.136963,1.710449,0.504395
1733354606,-1.918945,1.490234,-2.836426
1733359606,-2.520752,0.353027,1.143066
1733364606,-1.087158,0.181396,1.439941
1733369606,0.05835,0.119385,1.172363
1733374606,0.075928,0.141602,1.059082
1733379606,0.162842,0.043213,1.091309
1733384606,0.166016,-0.012207,0.970703
1733389606,0.057129,0.077881,1.052979
1733394606,0.067139,0.208984,1.183838
1733399606,0.081055,0.230469,1.17334
1733404606,0.013672,0.128662,1.050537
1733409606,0.037598,0.117676,0.876953
1733414606,0.103271,0.106689,1.101318
1733419606,0.046875,0.158691,1.125732
1733424606,0.025391,0.168701,1.012451
1733429606,0.037842,0.156982,1.050781
1733434606,0.094238,0.054932,1.012695
1733439606,0.072266,0.090332,1.058838
1733444606,0.054199,0.112061,1.010498
1733449606,-0.837891,-0.153564,3.999878
1733454606,-0.666016,0.626465,-4.0
1733459606,-1.283203,2.35376,-2.659424
1733464606,-0.082031,0.498047,0.247314
1733469606,-0.684082,-0.068848,3.999878
1733474606,1.258301,1.092041,-2.188477
1733479606,-0.177979,0.226562,-3.837158
1733484606,0.321045,2.23291,-2.358643
1733489606,-2.027344,2.350342,-0.544434
1733494606,-1.351563,0.513916,-0.188232
1733499606,-0.317383,0.290527,0.106689
1733504606,-0.774414,0.311523,1.154297
1733509606,0.05249,0.156494,1.062012
1733514606,-0.319824,0.435303,1.441406
1733519606,-0.308594,0.170898,0.967041
1733524606,0.014893,0.178711,1.029053
1733529606,0.018555,0.075439,1.181641
1733534606,0.088623,0.1521,1.178711
1733539606,0.061035,0.22998,0.999512
1733544606,0.002197,0.083008,0.964111
1733549606,0.129395,0.113037,1.074463
1733554606,0.030029,0.171387,1.07373
1733559606,0.081299,0.116699,1.07251
1733564606,0.075928,0.164307,1.082764
1733569606,0.171387,0.112305,-1.352295
1733574606,-1.309326,1.397217,-3.744873
1733579606,-0.001465,0.246826,0.064697
1733584606,-0.183594,0.236572,1.101074
1733589606,-0.630615,0.309814,0.762695
1733594606,-0.227539,0.130615,1.249512
1733599606,-0.033936,0.209961,1.008545
1733604606,0.125977,0.047852,1.117676
1733609606,0.126221,1.169678,1.190674
1733614606,0.069824,0.0,0.96167
1733619606,-0.744873,0.408447,-3.895996
1733624606,-0.15625,0.752686,-0.402832
1733629606,-0.072266,0.379639,1.248779
1733634606,-0.312744,0.245361,1.067871
1733639606,0.007324,0.004639,0.902588
1733644606,-0.121338,0.231934,0.260986
1733649606,-0.207764,0.302002,1.65918
1733654606,-0.438721,-0.002197,1.222168
1733659606,0.08667,0.185791,0.986572
1733664606,-0.105957,0.654785,1.343994
1733669606,0.015625,0.196777,1.109131
1733674606,0.067383,0.538818,1.141602
1733679606,0.036133,0.124023,0.993408
1733684606,0.018799,0.175293,1.018555
1733689606,0.011963,0.121826,1.063477
1733694606,0.030762,0.137695,0.942871
1733699606,0.029297,0.121826,0.97876
1733704606,0.049316,0.085449,1.179199
1733709606,0.104004,0.154541,1.074463
1733714606,0.017578,0.14209,0.972656
1733719606,0.047852,0.098389,1.132813
1733724606,0.038086,0.10498,1.052734
1733729606,0.05957,0.128174,1.006592
1733734606,0.058594,0.103516,1.167725
1733739606,0.057617,0.129883,1.050049
1733744606,0.090576,0.136963,1.107178
1733749606,0.061035,0.125732,1.05957
1733754606,0.051025,0.181152,0.973389
1733759606,0.054199,0.092285,1.045654
1733764606,0.025146,0.126221,1.025391
1733769606,0.024414,0.125732,0.977539
1733774606,0.019287,0.119873,1.043945
1733779606,0.05542,0.120361,1.106445
1733784606,0.019043,0.147217,0.953125
1733789606,0.057617,0.095459,1.058838
1733794606,0.071533,0.164062,1.066162
1733799606,0.030762,0.146484,1.005615
1733804606,0.04541,0.115967,1.0896
1733809606,0.045898,0.136963,1.077393
1733814606,0.061279,0.150146,1.006348
1733819606,0.060547,0.097412,1.085938
1733824606,0.050049,0.155273,1.065186
1733829606,0.044678,0.101807,1.03418
1733834606,0.046875,0.108154,1.099121
1733839606,0.065918,0.118896,1.059082
1733844606,0.01416,0.142822,0.981445
1733849606,0.087158,0.107178,1.142822
1733854606,0.061768,0.137207,1.036865
1733859606,0.023926,0.112549,1.011475
1733864606,0.064453,0.09668,1.150879
1733869606,0.078125,0.121582,1.033203
1733874606,0.020996,0.115479,0.991455
1733879606,0.045898,0.101807,1.112793
1733884606,0.072021,0.145508,1.05957
1733889606,0.012451,0.119629,0.992432
1733894606,0.043457,0.107178,1.106689
1733899606,0.077637,0.137939,1.047119
1733904606,0.040771,0.093018,1.026123
1733909606,0.020996,0.131104,1.121338
1733914606,0.056152,0.14209,0.913574
1733919606,0.033447,0.072021,0.961182
1733924606,0.049805,0.119873,1.080811
1733929606,0.047607,0.1604,1.103516
1733934606,0.035645,0.145508,1.072021
1733939606,0.063477,0.113525,1.063477
1733944606,0.062744,0.108154,1.000488
1733949606,0.037109,0.106689,0.985352
1733954606,0.037842,0.117188,1.049316
1733959606,0.021484,0.159668,1.073975
1733964606,0.015869,0.165039,1.04126
1733969606,0.05249,0.136475,1.061523
1733974606,0.044922,0.134277,1.036377
1733979606,0.025635,0.11792,1.026123
1733984606,0.049316,0.13501,1.072266
1733989606,0.057129,0.135254,1.035156
1733994606,0.03418,0.123047,1.037842
1733999606,0.050537,0.129639,1.065674
1734004606,0.050781,0.124756,1.02417
1734009606,0.036377,0.117676,1.036377
1734014606,0.061035,0.112549,1.063721
1734019606,0.046387,0.127441,1.036621
1734024606,0.04248,0.113525,1.051514
1734029606,0.059082,0.119629,1.064697
1734034606,0.043945,0.125488,1.022949
1734039606,0.039307,0.116943,1.047852
1734044606,0.05127,0.133057,1.053467
1734049606,0.039551,0.135498,1.04126
1734054606,0.0354,0.135742,1.057373
1734059606,0.050293,0.13623,1.055176
1734064606,0.037354,0.133789,1.030273
1734069606,0.049072,0.120117,1.051514
1734074606,0.054443,0.126709,1.048584
1734079606,0.04834,0.118408,1.040771
1734084606,0.046875,0.118896,1.055908
1734089606,0.054932,0.114258,1.045898
1734094606,0.046387,0.099854,1.039307
1734099606,0.037598,0.133057,1.051025
1734104606,0.050293,0.128662,1.045654
1734109606,0.040283,0.124756,1.056885
1734114606,0.047363,0.134521,1.043945
1734119606,0.046387,0.124512,1.033203
1734124606,0.045166,0.125488,1.065918
1734129606,0.040771,0.128174,1.041504
1734134606,0.042236,0.134766,1.053223
1734139606,0.042969,0.118164,1.036621
1734144606,0.045654,0.122803,1.055176
1734149606,0.064453,0.123291,1.054932
1734154606,0.053711,0.105957,1.044434
1734159606,0.046875,0.117188,1.056885
1734164606,0.054199,0.118896,1.046875
1734169606,0.044189,0.120361,1.060791
1734174606,0.047119,0.126953,1.041504
1734179606,0.037109,0.122314,1.032715
1734184606,0.040039,0.131836,1.027588
1734189606,0.045166,0.135498,1.061279
1734194606,0.05127,0.12915,1.043213
1734199606,0.044189,0.126709,1.05249
1734204606,0.041504,0.126221,1.045166
1734209606,0.04834,0.127441,1.031494
1734214606,0.046143,0.122559,1.036377
1734219606,0.052002,0.120117,1.049316
1734224606,0.050293,0.109375,1.045654
1734229606,0.051514,0.122559,1.060303
1734234606,0.050781,0.119873,1.050293
1734239606,0.046143,0.120605,1.044922
1734244606,0.042236,0.119873,1.04834
1734249606,0.047363,0.120361,1.052979
1734254606,0.044434,0.123535,1.045166
1734259606,0.04248,0.129883,1.039307
1734264606,0.041748,0.127441,1.048584
1734269606,0.044434,0.122559,1.04834
1734274606,0.043945,0.122314,1.046143
1734279606,0.047363,0.126221,1.054932
1734284606,0.041992,0.121582,1.045898
1734289606,0.046143,0.123291,1.053711
1734294606,0.050781,0.125,1.045166
1734299606,0.04248,0.11499,1.045654
1734304606,0.04834,0.123291,1.049316
1734309606,0.053223,0.125488,1.047852
1734314606,0.041992,0.121582,1.049072
1734319606,0.044189,0.12207,1.039551
1734324606,0.040039,0.121582,1.041748
1734329606,0.043213,0.124512,1.053955
1734334606,0.042236,0.126953,1.049561
1734339606,0.042725,0.125244,1.044189
1734344606,0.046875,0.128418,1.043945
1734349606,0.043457,0.120605,1.044922
1734354606,0.044189,0.124512,1.052734
1734359606,0.049316,0.124268,1.051025
1734364606,0.046631,0.124268,1.050293
1734369606,0.045898,0.124512,1.051758
1734374606,0.046875,0.12915,1.044922
1734379606,0.049561,0.127686,1.052002
1734384606,0.046387,0.134521,1.050049
1734389606,0.046875,0.130371,1.042969
1734394606,0.046143,0.131348,1.044434
1734399606,0.051758,0.124512,1.048096
1734404606,0.047607,0.12085,1.045654
1734409606,0.041504,0.119629,1.052734
1734414606,0.040771,0.111084,1.041992
1734419606,0.049072,0.118408,1.048584
1734424606,0.041992,0.114258,1.050781
1734429606,0.044189,0.119141,1.046143
1734434606,0.04248,0.116699,1.049805
1734439606,0.041504,0.125488,1.046875
1734444606,0.047119,0.128662,1.047852
1734449606,0.042236,0.128906,1.05249
1734454606,0.044922,0.122803,1.041992
1734459606,0.047607,0.127686,1.050049
1734464606,0.049072,0.130371,1.042725
1734469606,0.048828,0.126953,1.043457
1734474606,0.05249,0.129883,1.044922
1734479606,0.046875,0.121338,1.049072
1734484606,0.05127,0.113525,1.046631
1734489606,0.044922,0.124023,1.054688
1734494606,0.040771,0.124512,1.057129
1734499606,0.043701,0.122314,1.050293
1734504606,0.039795,0.121094,1.043457
1734509606,0.041992,0.124268,1.046631
1734514606,0.04541,0.126709,1.046875
1734519606,0.043945,0.131836,1.044189
1734524606,0.044678,0.128662,1.053711
1734529606,0.046631,0.126221,1.044189
1734534606,0.045654,0.125977,1.051025
1734539606,0.047852,0.128662,1.04834
1734544606,0.047852,0.125,1.038818
1734549606,0.050049,0.121094,1.046875
1734554606,0.049805,0.123779,1.046631
1734559606,0.043701,0.128906,1.048584
1734564606,0.044678,0.121582,1.044189
1734569606,0.041748,0.121094,1.049805
1734574606,0.044189,0.124023,1.049561
1734579606,0.041504,0.125244,1.046631
1734584606,0.043701,0.126953,1.041992
1734589606,0.046387,0.141602,1.056152
1734594606,0.047607,0.120361,1.055664
1734599606,0.043945,0.126709,1.045654
1734604606,0.046387,0.123291,1.041016
1734609606,0.04541,0.121582,1.047119
1734614606,0.044922,0.123047,1.056885
1734619606,0.044189,0.122559,1.048828
1734624606,0.051514,0.119629,1.048828
1734629606,0.047363,0.125732,1.04834
1734634606,0.046143,0.125977,1.04541
1734639606,0.045654,0.124512,1.043701
1734644606,0.043213,0.123047,1.047119
1734649606,0.048096,0.125244,1.044922
1734654606,0.040283,0.131592,1.049316
1734659606,0.04541,0.12915,1.050293
1734664606,0.047852,0.121826,1.022217
1734669606,0.037354,0.137695,1.030762
1734674606,0.040527,0.127197,1.03833
1734679606,0.049316,0.128662,1.063965
1734684606,0.044434,0.128418,1.055664
1734689606,0.082031,0.014893,1.001953
1734694606,0.041016,0.167725,1.031006
1734699606,0.031006,0.124756,1.068115
1734704606,0.033936,0.126221,1.071533
1734709606,0.047607,0.116943,1.019531
1734714606,0.050781,0.132568,1.051025
1734719606,0.048584,0.130615,1.056152
1734724606,0.044434,0.121826,1.043457
1734729606,0.048828,0.125244,1.036621
1734734606,0.058838,0.137451,1.055176
1734739606,0.052002,0.130127,1.062012
1734744606,0.047119,0.134033,1.037354
1734749606,0.037354,0.117676,1.017578
1734754606,0.050049,0.137451,1.075439
1734759606,0.050293,0.128906,1.114502
1734764606,0.068848,0.070312,1.011719
1734769606,0.0271,0.154053,1.09375
1734774606,0.051758,0.115723,1.006592
1734779606,0.038086,0.121582,1.061035
1734784606,0.056641,0.121826,1.020752
1734789606,0.041992,0.125977,1.063477
1734794606,0.039063,0.127686,1.080322
1734799606,0.047363,0.128906,1.046143
1734804606,0.046387,0.123779,1.037598
1734809606,0.050049,0.121826,1.047363
1734814606,0.038086,0.14624,1.088135
1734819606,0.056152,0.114746,1.044189
1734824606,0.048096,0.128174,1.047607
1734829606,0.049072,0.12207,1.044189
1734834606,0.04248,0.125977,1.054199
1734839606,0.05127,0.125732,1.041504
1734844606,0.046387,0.123535,1.052246
1734849606,0.04834,0.115967,1.046631
1734854606,0.039063,0.134766,1.051514
1734859606,0.042725,0.119629,1.037598
1734864606,0.042725,0.126953,1.045898
1734869606,0.045898,0.129395,1.048584
1734874606,0.044678,0.127686,1.047607
1734879606,0.041992,0.126709,1.052246
1734884606,0.041992,0.124023,1.038818
1734889606,0.046387,0.124268,1.048096
1734894606,0.047119,0.121338,1.047119
1734899606,0.047119,0.131592,1.044678
1734904606,0.049805,0.125244,1.049805
1734909606,0.047363,0.124268,1.049561
1734914606,0.046143,0.122803,1.041748
1734919606,0.043945,0.126709,1.044434
1734924606,0.048096,0.123047,1.047607
1734929606,0.048584,0.129639,1.049316
1734934606,0.046387,0.125488,1.049072
1734939606,0.039307,0.130615,1.046387
1734944606,0.049805,0.123779,1.047607
1734949606,0.04126,0.130859,1.043213
1734954606,0.04126,0.128662,1.047363
1734959606,0.044678,0.128418,1.055664
1734964606,0.046631,0.121826,1.047363
1734969606,0.053955,0.118652,1.046631
1734974606,0.049805,0.114014,1.03125
1734979606,0.03833,0.134277,1.047363
1734984606,0.050293,0.123779,1.041504
1734989606,0.039307,0.126465,1.042725
1734994606,0.039307,0.127441,1.027344
1734999606,0.043701,0.116211,1.046875
1735004606,0.042725,0.12915,1.046875
1735009606,0.053711,0.120117,1.036621
1735014606,0.042969,0.128174,1.057861
1735019606,0.037842,0.129883,1.041992
1735024606,0.037598,0.117432,1.041992
1735029606,0.05127,0.13208,1.055908
1735034606,0.046875,0.116943,1.039551
1735039606,0.045166,0.122803,1.043945
1735044606,0.045898,0.123047,1.048584
1735049606,0.049072,0.123291,1.051758
1735054606,0.049561,0.118896,1.047363
1735059606,0.048828,0.118164,1.050537
1735064606,0.047363,0.120117,1.046631
1735069606,0.044434,0.123779,1.044189
1735074606,0.046875,0.125977,1.050049
1735079606,0.044922,0.125,1.049805
1735084606,0.045166,0.125488,1.042969
1735089606,0.046875,0.124023,1.050049
1735094606,0.04834,0.122803,1.045166
1735099606,0.048584,0.126465,1.043213
1735104606,0.047852,0.121582,1.050781
1735109606,0.049072,0.122314,1.050781
1735114606,0.046631,0.122559,1.048828
1735119606,0.047119,0.125,1.042725
1735124606,0.047119,0.120361,1.057373
1735129606,0.047363,0.125244,1.044434
1735134606,0.045166,0.124023,1.043945
1735139606,0.04248,0.128906,1.045654
1735144606,0.045898,0.123291,1.040771
1735149606,0.046631,0.126709,1.047607
1735154606,0.047852,0.125732,1.050049
1735159606,0.046631,0.122559,1.04834
1735164606,0.048096,0.12085,1.053223
1735169606,0.049805,0.125244,1.045166
1735174606,0.048584,0.119629,1.048096
1735179606,0.047119,0.124023,1.049072
1735184606,0.051514,0.123047,1.046631
1735189606,0.046387,0.12207,1.044434
1735194606,0.045654,0.121826,1.04834
1735199606,0.044434,0.12207,1.047607
1735204606,0.046875,0.126953,1.046875
1735209606,0.048584,0.127197,1.050049
1735214606,0.050049,0.12207,1.055176
1735219606,0.044678,0.127197,1.045898
1735224606,0.044189,0.125977,1.048828
1735229606,0.050293,0.125977,1.048584
1735234606,0.046387,0.123047,1.047607
1735239606,0.045166,0.119629,1.052246
1735244606,0.044922,0.126709,1.048828
1735249606,0.046387,0.124268,1.04541
1735254606,0.044678,0.12085,1.041016
1735259606,0.046387,0.124023,1.046387
1735264606,0.048828,0.123047,1.043457
1735269606,0.047363,0.122314,1.043213
1735274606,0.043945,0.122559,1.042236
1735279606,0.04541,0.124023,1.044678
1735284606,0.047852,0.124023,1.042969
1735289606,0.043457,0.12915,1.04834
1735294606,0.047607,0.124756,1.040527
1735299606,0.045654,0.130371,1.048584
1735304606,0.046387,0.123779,1.048828
1735309606,0.051514,0.118652,1.051758
1735314606,0.046875,0.120605,1.047607
1735319606,0.046387,0.126709,1.04248
1735324606,0.047363,0.118408,1.046387
1735329606,0.049072,0.126221,1.047852
1735334606,0.04834,0.12207,1.04834
1735339606,0.046143,0.125244,1.044434
1735344606,0.04248,0.125244,1.049805
1735349606,0.051514,0.122314,1.042969
1735354606,0.048828,0.127686,1.049561
1735359606,0.047119,0.129639,1.048584
1735364606,0.049805,0.128662,1.045166
1735369606,0.045166,0.124512,1.04248
1735374606,0.046143,0.120117,1.047852
1735379606,0.046631,0.124512,1.051758
1735384606,0.046875,0.125488,1.043701
1735389606,0.04541,0.123047,1.048584
1735394606,0.042725,0.122559,1.049072
1735399606,0.042969,0.120605,1.047119
1735404606,0.051514,0.121582,1.044189
1735409606,0.041504,0.124756,1.043213
1735414606,0.047607,0.126953,1.043457
1735419606,0.046387,0.123047,1.043213
1735424606,0.047363,0.125244,1.049316
1735429606,0.045898,0.129395,1.043945
1735434606,0.052979,0.124023,1.049561
1735439606,0.046875,0.127441,1.04541
1735444606,0.051514,0.125244,1.05127
1735449606,0.046143,0.125977,1.044678
1735454606,0.047607,0.128662,1.046143
1735459606,0.050049,0.124756,1.049561
1735464606,0.043457,0.124023,1.044678
1735469606,0.047363,0.120117,1.041016
1735474606,0.049805,0.122559,1.046387
1735479606,0.046143,0.122803,1.052002
1735484606,0.045898,0.123779,1.04541
1735489606,0.047119,0.122559,1.047852
1735494606,0.050537,0.124756,1.047119
1735499606,0.049561,0.124268,1.043213
1735504606,0.045166,0.127441,1.049805
1735509606,0.044434,0.125244,1.052246
1735514606,0.046387,0.125732,1.055908
1735519606,0.044678,0.128418,1.044189
1735524606,0.047852,0.12207,1.046875
1735529606,0.045166,0.124023,1.036621
1735534606,0.046631,0.124023,1.052734
1735539606,0.049072,0.116943,1.046875
1735544606,0.044189,0.124268,1.05127
1735549606,0.046387,0.123291,1.047119
1735554606,0.043457,0.123779,1.043213
1735559606,0.043945,0.126953,1.045654
1735564606,0.049805,0.121826,1.047119
1735569606,0.047363,0.122803,1.042969
1735574606,0.047852,0.126709,1.049561
1735579606,0.047607,0.119629,1.047607
1735584606,0.042969,0.125,1.044189
1735589606,0.043213,0.125488,1.054199
1735594606,0.047119,0.126465,1.04541
1735599606,0.047852,0.12207,1.045898
1735604606,0.047363,0.12207,1.047852
1735609606,0.04541,0.12085,1.052734
1735614606,0.044189,0.124268,1.049316
1735619606,0.045166,0.123535,1.044189
1735624606,0.04541,0.12085,1.050537
1735629606,0.043457,0.127686,1.047852
1735634606,0.042725,0.124512,1.045898
1735639606,0.043213,0.123291,1.051025
1735644606,0.045166,0.124268,1.051514
1735649606,0.045166,0.122314,1.048584
1735654606,0.047119,0.124023,1.047119
1735659606,0.04834,0.124756,1.039795
1735664606,0.042725,0.125,1.041504
1735669606,0.04834,0.128418,1.051758
1735674606,0.047363,0.12915,1.049072
1735679606,0.049561,0.125244,1.044678
1735684606,0.047119,0.125488,1.043945
1735689606,0.049316,0.12207,1.045166
1735694606,0.045166,0.126709,1.046631
1735699606,0.050537,0.121826,1.049805
1735704606,0.049561,0.124268,1.044922
1735709606,0.044434,0.126953,1.055176
1735714606,0.043701,0.123291,1.047363
1735719606,0.047607,0.126221,1.048096
1735724606,0.045898,0.126709,1.047852
1735729606,0.050781,0.121338,1.053223
1735734606,0.044922,0.122314,1.046875
1735739606,0.044678,0.123291,1.051758
1735744606,0.04834,0.12207,1.050049
1735749606,0.049316,0.125977,1.047119
1735754606,0.047119,0.122559,1.046143
1735759606,0.046875,0.121582,1.044678
1735764606,0.049561,0.124756,1.044922
1735769606,0.044189,0.12207,1.047119
1735774606,0.051025,0.118896,1.047363
1735779606,0.049561,0.121826,1.048096
1735784606,0.047363,0.125244,1.044434
1735789606,0.045654,0.126953,1.047363
1735794606,0.046631,0.123535,1.041016
1735799606,0.046143,0.122803,1.044434
1735804606,0.046387,0.124512,1.049561
1735809606,0.047607,0.123047,1.045166
1735814606,0.044434,0.125,1.04834
1735819606,0.050781,0.121826,1.045898
1735824606,0.042236,0.125488,1.046143
1735829606,0.043945,0.122559,1.046631
1735834606,0.046387,0.126709,1.046143
1735839606,0.044922,0.122314,1.047607
1735844606,0.048584,0.124268,1.050537
1735849606,0.044678,0.123291,1.049316
1735854606,0.049072,0.12085,1.047363
1735859606,0.046631,0.123535,1.050537
1735864606,0.047119,0.124756,1.045898
1735869606,0.049316,0.121826,1.049316
1735874606,0.045898,0.121338,1.049072
1735879606,0.047607,0.123779,1.048584
1735884606,0.047119,0.120117,1.043701
1735889606,0.04541,0.124268,1.051025
1735894606,0.049561,0.12207,1.046631
1735899606,0.045898,0.12915,1.048096
1735904606,0.045898,0.123047,1.046631
1735909606,0.045898,0.120361,1.050049
1735914606,0.04834,0.125977,1.046631
1735919606,0.050293,0.124268,1.046875
1735924606,0.045166,0.128662,1.044922
1735929606,0.047852,0.122803,1.048828
1735934606,0.045898,0.117432,1.046143
1735939606,0.045166,0.125244,1.04248
1735944606,0.046387,0.124756,1.04834
1735949606,0.041748,0.123535,1.046143
1735954606,0.049072,0.121582,1.04541
1735959606,0.044678,0.12207,1.043945
1735964606,0.047119,0.12207,1.046875
1735969606,0.046631,0.124268,1.050781
1735974606,0.049072,0.123291,1.052002
1735979606,0.045654,0.121826,1.045166
1735984606,0.042236,0.125732,1.042236
1735989606,0.046143,0.126221,1.045898
1735994606,0.045898,0.125244,1.051514
1735999606,0.04834,0.123535,1.046875
1736004606,0.04834,0.126953,1.043213
1736009606,0.049561,0.126221,1.042725
1736014606,0.047852,0.123535,1.046631
1736019606,0.044189,0.123779,1.048584
1736024606,0.045898,0.124756,1.048828
1736029606,0.049561,0.123047,1.050781
1736034606,0.048828,0.126953,1.044678
1736039606,-4.0,1.278076,-4.0
1736044606,-3.843994,-4.0,-0.625488
1736049606,3.999878,-2.689453,3.333496
1736054606,3.613281,-0.48877,-0.366699
1736059606,-4.0,0.965088,-1.052002
1736064606,-4.0,0.908691,-4.0
1736069606,-0.127197,0.080811,-3.131348
1736074606,-0.113281,0.38623,-4.0
1736079606,-0.641357,2.177734,-1.203369
1736084606,-1.749512,0.172119,-4.0
1736089606,-0.625488,-0.062256,1.893555
1736094606,-1.780762,0.382324,-4.0
1736099606,-1.237549,0.295166,-2.226807
1736104606,-1.458984,0.243652,-0.215088
1736109606,-0.039307,2.090576,1.071777
1736114606,-0.10083,0.638428,1.427734
1736119606,-0.058105,0.356201,0.791748
1736124606,-0.096436,0.850586,0.686523
1736129606,0.155762,1.049072,1.240967
1736134606,0.156494,0.84082,1.173828
1736139606,0.020996,1.932617,1.299316
1736144606,0.288818,0.757812,-2.200928
1736149606,3.999878,0.740723,-0.801514
1736154606,-0.762695,0.145752,-1.339844
1736159606,-1.208496,0.214844,1.329346
1736164606,-0.333984,0.034668,1.129639
1736169606,-0.000488,0.226074,1.07959
1736174606,-1.763428,0.620117,2.152344
1736179606,0.372559,-0.383301,-2.196533
1736184606,-1.662109,-0.010254,-3.183105
1736189606,1.102539,0.139404,-0.349609
1736194606,-0.73999,0.334717,0.908203
1736199606,-0.221924,0.231445,-2.283447
1736204606,0.119385,0.812012,1.364746
1736209606,-0.453857,0.071777,1.160156
1736214606,-0.099365,0.056641,1.02002
1736219606,-0.043701,0.177734,0.887207
1736224606,0.024414,0.087646,0.987549
1736229606,0.050049,0.099609,1.083008
1736234606,0.001709,0.124756,0.882812
1736239606,0.03418,0.106445,1.044678
1736244606,0.015625,0.074219,1.125
1736249606,0.039307,0.059082,1.149902
1736254606,0.084961,0.076904,1.362549
1736259606,0.089111,0.290527,0.682617
1736264606,-0.390381,0.322266,-4.0
1736269606,-0.94043,1.457764,-4.0
1736274606,-0.011475,1.07251,-1.131348
1736279606,-0.582275,0.228516,1.121826
1736284606,0.038086,0.854248,0.958496
1736289606,0.075439,0.904053,1.12085
1736294606,0.013916,0.148682,1.025146
1736299606,0.06543,0.112061,1.087158
1736304606,0.064453,0.053711,1.093994
1736309606,0.070557,0.324219,1.158936
1736314606,0.115967,0.188721,1.289551
1736319606,0.057129,0.201172,1.089844
1736324606,0.054932,0.090088,1.10498
1736329606,0.070557,0.508301,-0.465332
1736334606,-0.551514,0.073486,0.003418
1736339606,-0.168945,0.192871,0.649902
1736344606,-0.627686,0.209961,1.35083
1736349606,-0.852539,1.251709,1.457764
1736354606,-1.483154,2.269043,1.0625
1736359606,-0.727539,1.200195,1.191162
1736364606,-1.088135,0.756348,1.107666
1736369606,-0.125244,0.170898,1.149658
1736374606,0.084717,0.114746,1.179199
1736379606,0.050293,0.142822,1.01123
1736384606,0.03418,0.104736,1.053955
1736389606,-0.053955,0.169678,1.376953
1736394606,-0.328857,0.112061,0.470947
1736399606,-0.146484,0.68335,1.063721
1736404606,-1.000488,0.171631,-0.172119
1736409606,-3.08252,0.043701,-3.349609
1736414606,-0.063721,0.113281,-0.489746
1736419606,-0.115967,0.329346,1.017822
1736424606,0.034668,1.44458,1.060303
1736429606,0.013916,0.110107,1.082031
1736434606,-0.058105,0.283447,0.839844
1736439606,0.033203,0.137939,0.814453
1736444606,0.021729,0.186768,0.729492
1736449606,-0.569092,0.360596,-0.766357
1736454606,-1.178955,0.220459,-2.577881
1736459606,0.084229,0.159668,1.712646
1736464606,0.007813,0.100342,1.029297
1736469606,0.008301,0.113281,1.104736
1736474606,0.033936,0.158691,1.230957
1736479606,-0.02124,1.447021,0.863037
1736484606,-0.114014,1.41333,1.954346
1736489606,-0.993164,0.198242,-4.0
1736494606,-0.511963,0.567139,-0.171631
1736499606,-0.843994,0.387207,1.261719
1736504606,-0.312744,1.169922,0.632568
1736509606,-0.48291,0.106201,1.16333
1736514606,-0.246826,2.198975,-0.446777
1736519606,-0.343262,0.505859,0.749268
1736524606,-1.052246,0.216797,1.259033
1736529606,-0.140137,2.610352,0.983887
1736534606,-0.564209,0.210693,0.675537
1736539606,-0.655518,0.197266,0.906982
1736544606,-0.182373,0.103271,1.495117
1736549606,0.173828,1.250977,-1.069092
1736554606,0.075928,0.140381,1.130127
1736559606,-0.04248,0.194824,0.677002
1736564606,0.016357,0.258057,1.161133
1736569606,0.091064,1.952148,1.207031
1736574606,0.053467,1.358398,1.074707
1736579606,0.033447,0.194092,1.073242
1736584606,0.038574,0.099365,1.032227
1736589606,0.035156,0.10498,1.053711
1736594606,0.038818,0.113037,1.042236
1736599606,0.035889,0.109619,1.047119
1736604606,0.03418,0.119629,1.037598
1736609606,0.033936,0.120117,1.03833
1736614606,0.03833,0.107422,1.040527
1736619606,0.041016,0.111328,1.0625
1736624606,0.042725,0.110107,1.059326
1736629606,0.038574,0.108154,1.060059
1736634606,0.033447,0.116211,1.051514
1736639606,0.036133,0.111328,1.037842
1736644606,0.035645,0.113525,1.032715
1736649606,0.033936,0.113525,1.045898
1736654606,0.040771,0.109375,1.053223
1736659606,0.037109,0.113037,1.065186
1736664606,0.040039,0.109375,1.05249
1736669606,0.040283,0.111328,1.048828
1736674606,0.035889,0.11084,1.034912
1736679606,0.036377,0.112549,1.04541
1736684606,0.03833,0.111328,1.050781
1736689606,0.039551,0.109863,1.061768
1736694606,0.040771,0.112793,1.060791
1736699606,0.038086,0.11792,1.047852
1736704606,0.033691,0.110107,1.036865
1736709606,0.03418,0.116211,1.032471
1736714606,0.040527,0.113037,1.045654
1736719606,0.033203,0.128418,1.08252
1736724606,0.049561,0.115967,1.064209
1736729606,0.031738,0.114258,1.063477
1736734606,0.037598,0.114258,1.044922
1736739606,0.034424,0.118652,1.033447
1736744606,0.033447,0.104004,1.036377
1736749606,0.036621,0.113281,1.046387
1736754606,0.041748,0.109375,1.055664
1736759606,0.039551,0.105957,1.055176
1736764606,0.037109,0.111816,1.05249
1736769606,0.036377,0.111572,1.038086
1736774606,0.034668,0.111084,1.044189
1736779606,0.036377,0.11084,1.055664
1736784606,0.0354,0.112549,1.05127
1736789606,0.040771,0.111328,1.055908
1736794606,0.038086,0.113281,1.053467
1736799606,0.036621,0.111328,1.037842
1736804606,0.03833,0.115967,1.04126
1736809606,0.033936,0.11499,1.045898
1736814606,0.039795,0.112305,1.058838
1736819606,0.038574,0.113037,1.061035
1736824606,0.032227,0.116211,1.05249
1736829606,0.036133,0.110352,1.05957
1736834606,0.04541,0.110596,1.040039
1736839606,0.026855,0.112549,1.040039
1736844606,0.039551,0.11792,1.037109
1736849606,0.025879,0.112305,1.042236
1736854606,0.036377,0.107666,1.045166
1736859606,0.030029,0.128662,1.037842
1736864606,0.034424,0.11499,1.053223
1736869606,0.034668,0.104736,1.054932
1736874606,0.03833,0.11792,1.046631
1736879606,0.033203,0.117676,1.056641
1736884606,0.035889,0.092285,1.053223
1736889606,0.041016,0.11499,1.054443
1736894606,0.032471,0.113037,1.031982
1736899606,0.031982,0.109619,1.044678
1736904606,0.030762,0.121826,1.043457
1736909606,0.040039,0.109375,1.049805
1736914606,0.042725,0.110352,1.058594
1736919606,0.036621,0.122314,1.040039
1736924606,0.037598,0.115479,1.053955
1736929606,0.039063,0.114258,1.038574
1736934606,0.04126,0.115723,1.056396
1736939606,0.037598,0.109863,1.050293
1736944606,0.037598,0.11084,1.051025
1736949606,0.032471,0.110596,1.046387
1736954606,0.040771,0.112061,1.04834
1736959606,0.036377,0.116211,1.049072
1736964606,0.039063,0.118408,1.050293
1736969606,0.036133,0.115967,1.047363
1736974606,0.040283,0.11499,1.05127
1736979606,0.036621,0.114014,1.056885
1736984606,0.039063,0.113037,1.036621
1736989606,0.036865,0.116943,1.05542
1736994606,0.039063,0.108887,1.043701
1736999606,0.037354,0.11084,1.052734
1737004606,0.040771,0.104248,1.053223
1737009606,0.034912,0.118408,1.0354
1737014606,0.037598,0.114014,1.056885
1737019606,0.037598,0.116699,1.043457
1737024606,0.033691,0.114746,1.042969
1737029606,0.04126,0.110107,1.054199
1737034606,0.037842,0.109619,1.054199
1737039606,0.032715,0.116211,1.040283
1737044606,0.05249,0.100342,1.116943
1737049606,0.051025,0.108154,1.111328
1737054606,0.043213,0.102051,1.064941
1737059606,0.033936,0.113037,1.057373
1737064606,0.031982,0.119629,1.036865
1737069606,0.04541,0.119629,1.07251
1737074606,0.034912,0.107422,1.060791
1737079606,0.036865,0.111816,1.018555
1737084606,0.027588,0.118896,1.033691
1737089606,0.033691,0.109375,1.040039
1737094606,0.035156,0.114014,1.047119
1737099606,0.04126,0.112305,1.057129
1737104606,0.037109,0.111572,1.060059
1737109606,0.031982,0.123291,1.052979
1737114606,0.038818,0.114502,1.053467
1737119606,0.033203,0.114502,1.040527
1737124606,0.038818,0.108887,1.054199
1737129606,0.033447,0.106445,1.051025
1737134606,0.041504,0.11084,1.053223
1737139606,0.041992,0.110107,1.054443
1737144606,0.040039,0.109863,1.047119
1737149606,0.04126,0.122559,1.049316
1737154606,0.037598,0.10498,1.05835
1737159606,0.030762,0.106934,1.060303
1737164606,0.045898,0.105957,1.047852
1737169606,0.035645,0.113281,1.048096
1737174606,0.0354,0.115967,1.041748
1737179606,0.032471,0.118652,1.071289
1737184606,0.043701,0.108643,1.057861
1737189606,0.037109,0.110352,1.054199
1737194606,0.037598,0.109619,1.042969
1737199606,0.037598,0.110352,1.044678
1737204606,0.0354,0.108154,1.041992
1737209606,0.040039,0.11499,1.043213
1737214606,0.035645,0.112305,1.049316
1737219606,0.041992,0.110107,1.048828
1737224606,0.039795,0.115723,1.053467
1737229606,0.040527,0.111328,1.052246
1737234606,0.036865,0.108887,1.039551
1737239606,0.038086,0.115967,1.043457
1737244606,0.035156,0.117676,1.048584
1737249606,0.037354,0.109131,1.049805
1737254606,0.035156,0.117676,1.049072
1737259606,0.031006,0.111084,1.044678
1737264606,0.040527,0.112061,1.047363
1737269606,0.037598,0.109863,1.059082
1737274606,0.028076,0.119629,1.053223
1737279606,0.044678,0.108398,1.052002
1737284606,0.032715,0.109619,1.049316
1737289606,0.040283,0.115479,1.051514
1737294606,0.039307,0.117188,1.051025
1737299606,0.038574,0.102539,1.038818
1737304606,0.037842,0.115234,1.051025
1737309606,0.039307,0.11377,1.050537
1737314606,0.038086,0.113525,1.048096
1737319606,0.044678,0.115967,1.046631
1737324606,0.037109,0.109863,1.046387
1737329606,0.040771,0.110107,1.047119
1737334606,0.03833,0.114014,1.049072
1737339606,0.036621,0.114502,1.048828
1737344606,0.037354,0.112549,1.049561
1737349606,0.039551,0.112549,1.04834
1737354606,0.043213,0.105713,1.081299
1737359606,0.036133,0.103027,1.052979
1737364606,0.035156,0.111328,1.050049
1737369606,0.024902,0.115723,1.044434
1737374606,0.04126,0.108643,1.047852
1737379606,0.037842,0.11499,1.049072
1737384606,0.032715,0.106934,1.057617
1737389606,0.040039,0.120361,1.061768
1737394606,0.040039,0.10376,1.046387
1737399606,0.03833,0.113525,1.048096
1737404606,0.039063,0.115234,1.04834
1737409606,0.036133,0.106934,1.049561
1737414606,0.037109,0.118408,1.052246
1737419606,0.040771,0.11084,1.047119
1737424606,0.036621,0.11377,1.047607
1737429606,0.046387,0.118896,1.051025
1737434606,0.029541,0.10498,1.052979
1737439606,0.03833,0.117432,1.045654
1737444606,0.040527,0.11377,1.04541
1737449606,0.029541,0.112305,1.049561
1737454606,0.040283,0.108398,1.048828
1737459606,0.03418,0.112061,1.049072
1737464606,0.031006,0.113281,1.02832
1737469606,0.032715,0.122314,1.0354
1737474606,0.037109,0.110107,1.031982
1737479606,0.03125,0.10083,1.037354
1737484606,0.043213,0.10791,1.04126
1737489606,0.037598,0.114502,1.053467
1737494606,0.041504,0.108643,1.049072
1737499606,0.035156,0.113037,1.049561
1737504606,0.037354,0.106445,1.040283
1737509606,0.037109,0.109863,1.041748
1737514606,0.038574,0.113037,1.044922
1737519606,0.034912,0.113281,1.048828
1737524606,0.037842,0.112549,1.050293
1737529606,0.036865,0.114746,1.053223
1737534606,0.038086,0.111572,1.054932
1737539606,0.037354,0.110107,1.052246
1737544606,0.038086,0.110352,1.053955
1737549606,0.03833,0.113037,1.046875
1737554606,0.040527,0.110352,1.046631
1737559606,0.040771,0.107178,1.048096
1737564606,0.041504,0.109131,1.053223
1737569606,0.042725,0.112793,1.046143
1737574606,0.0354,0.115234,1.051758
1737579606,0.037354,0.112549,1.046143
1737584606,0.038574,0.11377,1.046631
1737589606,0.041992,0.11084,1.056885
1737594606,0.041016,0.109375,1.047607
1737599606,0.039551,0.111084,1.049805
1737604606,0.040283,0.111084,1.04834
1737609606,0.040039,0.109863,1.049561
1737614606,0.040771,0.111816,1.046631
1737619606,0.042236,0.111816,1.051025
1737624606,0.041016,0.109375,1.047119
1737629606,0.038574,0.114502,1.049805
1737634606,0.041992,0.105957,1.044678
1737639606,0.038818,0.109863,1.054199
1737644606,0.035889,0.110352,1.046631
1737649606,0.039063,0.108643,1.050293
1737654606,0.036377,0.111572,1.045654
1737659606,0.037598,0.111816,1.048828
1737664606,0.043213,0.109863,1.048096
1737669606,0.039307,0.110107,1.047607
1737674606,0.038818,0.111084,1.042725
1737679606,0.03833,0.114502,1.045166
1737684606,0.04248,0.114014,1.046631
1737689606,0.039063,0.106445,1.052979
1737694606,0.041016,0.108887,1.049805
1737699606,0.040039,0.108643,1.04248
1737704606,0.041748,0.109131,1.049072
1737709606,0.040283,0.108398,1.049072
1737714606,0.036377,0.112793,1.047852
1737719606,0.038818,0.112061,1.047852
1737724606,0.037598,0.113525,1.04834
1737729606,0.036377,0.11084,1.053955
1737734606,0.038574,0.111084,1.055176
1737739606,0.039551,0.108154,1.044922
1737744606,0.036133,0.112793,1.05127
1737749606,0.037109,0.109131,1.051514
1737754606,0.039307,0.109375,1.050781
1737759606,0.041016,0.106445,1.049561
1737764606,0.04126,0.109863,1.049805
1737769606,0.040283,0.10791,1.047363
1737774606,0.037842,0.112061,1.052002
1737779606,0.039795,0.110107,1.047119
1737784606,0.039795,0.107422,1.044922
1737789606,0.040039,0.111572,1.041992
1737794606,0.038818,0.106445,1.048096
1737799606,0.041748,0.109131,1.04834
1737804606,0.038086,0.107666,1.043213
1737809606,0.040771,0.111328,1.058594
1737814606,0.041748,0.107178,1.052002
1737819606,0.040771,0.109131,1.056641
1737824606,0.03833,0.112549,1.047119
1737829606,0.038574,0.113281,1.047852
1737834606,0.039795,0.113525,1.052734
1737839606,0.041748,0.113525,1.050049
1737844606,0.03418,0.111572,1.049072
1737849606,0.037354,0.114746,1.04834
1737854606,0.034424,0.110596,1.049316
1737859606,0.039063,0.106934,1.046875
1737864606,0.044434,0.106201,1.046387
1737869606,0.036377,0.108887,1.047363
1737874606,0.037354,0.110107,1.050781
1737879606,0.03833,0.109863,1.04834
1737884606,0.037109,0.110352,1.050781
1737889606,0.035645,0.109375,1.047363
1737894606,0.038818,0.108398,1.044678
1737899606,0.040771,0.112061,1.044922
1737904606,0.041016,0.109863,1.050537
1737909606,0.039063,0.111084,1.049072
1737914606,0.037354,0.114502,1.04541
1737919606,0.041016,0.111572,1.046387
1737924606,0.040527,0.106934,1.051514
1737929606,0.041016,0.108398,1.048584
1737934606,0.038574,0.111084,1.048828
1737939606,0.036133,0.115723,1.047119
1737944606,0.037842,0.110596,1.05249
1737949606,0.038574,0.116455,1.055176
1737954606,0.036621,0.116943,1.047607
1737959606,0.038574,0.113525,1.051514
1737964606,0.037842,0.119385,1.05127
1737969606,0.041748,0.111572,1.04834
1737974606,0.038818,0.11377,1.05249
1737979606,0.038574,0.11377,1.044678
1737984606,0.040283,0.11499,1.052734
1737989606,0.038086,0.112549,1.052246
1737994606,0.038086,0.111816,1.047363
1737999606,0.041504,0.112305,1.049561
1738004606,0.040039,0.108398,1.049072
1738009606,0.039551,0.116943,1.055176
1738014606,0.040039,0.11084,1.050049
1738019606,0.039551,0.11377,1.057861
1738024606,0.037598,0.110596,1.054688
1738029606,0.038086,0.109863,1.055664
1738034606,0.037109,0.113525,1.051514
1738039606,0.038574,0.115479,1.053467
1738044606,0.041016,0.114746,1.049072
1738049606,0.032471,0.109131,1.049561
1738054606,0.036621,0.109863,1.048584
1738059606,0.042725,0.112305,1.053467
1738064606,0.038086,0.115479,1.050293
1738069606,0.036865,0.109375,1.048584
1738074606,0.040283,0.110107,1.047363
1738079606,0.036133,0.111572,1.045654
1738084606,0.038818,0.112305,1.044678
1738089606,0.035645,0.110352,1.046875
1738094606,0.040527,0.112305,1.046387
1738099606,0.037354,0.112305,1.053955
1738104606,0.039795,0.111816,1.049561
1738109606,0.044678,0.116943,1.052002
1738114606,0.041504,0.108154,1.052002
1738119606,0.040283,0.112549,1.052979
1738124606,0.036621,0.110596,1.048828
1738129606,0.038574,0.112305,1.048584
1738134606,0.037842,0.111816,1.049561
1738139606,0.043457,0.110352,1.049561
1738144606,0.042725,0.109863,1.048584
1738149606,0.037598,0.111084,1.05127
1738154606,0.037109,0.109863,1.049561
1738159606,0.036133,0.114258,1.049072
1738164606,0.036865,0.11084,1.047607
1738169606,0.039307,0.113037,1.049316
1738174606,0.038574,0.110352,1.044189
1738179606,0.040283,0.112793,1.047607
1738184606,0.040527,0.112305,1.04834
1738189606,0.03833,0.114746,1.053467
1738194606,0.040039,0.108398,1.049805
1738199606,0.040039,0.109375,1.050537
1738204606,0.040039,0.108154,1.043213
1738209606,0.038086,0.111328,1.049805
1738214606,0.037842,0.113281,1.048828
1738219606,0.039307,0.103271,1.047363
1738224606,0.039551,0.108398,1.049316
1738229606,0.037842,0.113037,1.04834
1738234606,0.041992,0.108154,1.05127
1738239606,0.037842,0.111328,1.052979
1738244606,0.038086,0.111328,1.052979
1738249606,0.038086,0.110596,1.046387
1738254606,0.037109,0.110596,1.042725
1738259606,0.036377,0.108643,1.046875
1738264606,0.041992,0.110352,1.04834
1738269606,0.038086,0.111328,1.052734
1738274606,0.038818,0.107422,1.045898
1738279606,0.03833,0.110352,1.054932
1738284606,0.04126,0.108887,1.048828
1738289606,0.040283,0.112061,1.046875
1738294606,0.036621,0.111816,1.047363
1738299606,0.035889,0.108398,1.049316
1738304606,0.036621,0.11499,1.048828
1738309606,0.039307,0.109375,1.053955
1738314606,0.038574,0.111572,1.052734
1738319606,0.036133,0.113281,1.044922
1738324606,0.036133,0.110596,1.05127
1738329606,0.042236,0.108887,1.054443
1738334606,0.039551,0.108643,1.046875
1738339606,0.042236,0.108887,1.054932
1738344606,0.038086,0.112549,1.048096
1738349606,0.035645,0.11377,1.045166
1738354606,0.039063,0.109863,1.051514
1738359606,0.040283,0.111816,1.054688
1738364606,0.039307,0.111084,1.049561
1738369606,0.033447,0.111572,1.048828
1738374606,0.039795,0.111328,1.049561
1738379606,0.036865,0.109131,1.05542
1738384606,0.040771,0.109863,1.052246
1738389606,0.037354,0.11084,1.043701
1738394606,0.038818,0.112061,1.046631
1738399606,0.039551,0.106445,1.046875
1738404606,0.037598,0.112549,1.048096
1738409606,0.039795,0.106689,1.053223
1738414606,0.038574,0.112305,1.042725
1738419606,0.041992,0.111328,1.053467
1738424606,0.037109,0.108398,1.051514
1738429606,0.036621,0.11377,1.04834
1738434606,0.038818,0.109375,1.050049
1738439606,0.038818,0.112793,1.046631
1738444606,0.039063,0.110596,1.045898
1738449606,0.040039,0.111572,1.047119
1738454606,0.039307,0.115234,1.049561
1738459606,0.037354,0.111084,1.049805
1738464606,0.037354,0.110107,1.049316
1738469606,0.039551,0.110352,1.052734
1738474606,0.035645,0.110107,1.050049
1738479606,0.039063,0.112061,1.049316
1738484606,0.039063,0.109375,1.045898
1738489606,0.042236,0.112305,1.052979
1738494606,0.041748,0.111816,1.050537
1738499606,0.036377,0.116699,1.051514
1738504606,0.041504,0.114502,1.052734
1738509606,0.038574,0.115479,1.046875
1738514606,0.037842,0.112305,1.048828
1738519606,0.042236,0.111328,1.046143
1738524606,0.040771,0.110107,1.05249
1738529606,0.038086,0.113281,1.045898
1738534606,0.038574,0.11084,1.05127
1738539606,0.040527,0.112305,1.050537
1738544606,0.039307,0.110596,1.051025
1738549606,0.040039,0.109375,1.046875
1738554606,0.035156,0.108398,1.044922
1738559606,0.041992,0.110596,1.049072
1738564606,-2.470947,3.999878,-4.0
1738569606,-1.827148,0.497803,3.999878
1738574606,2.752441,0.589844,-4.0
1738579606,0.54248,-0.54126,1.631104
1738584606,-0.312988,3.533936,-1.255371
1738589606,-0.02417,-0.417725,-0.550049
1738594606,-0.670654,0.109619,-1.192871
1738599606,-1.059082,0.712646,3.999878
1738604606,-1.441406,2.291504,-0.460205
1738609606,-0.45752,0.193604,-0.699219
1738614606,-4.0,2.050781,-0.086182
1738619606,-2.02417,1.949707,-0.821777
1738624606,-1.589844,0.354736,-0.079102
1738629606,0.078613,0.246582,-1.594727
1738634606,-0.809082,1.272461,1.062256
1738639606,-0.16626,0.470703,0.785889
1738644606,3.867432,0.10498,-4.0
1738649606,0.705811,0.092041,-0.488281
1738654606,-1.780518,1.496826,-3.87915
1738659606,-1.592285,0.097656,2.111084
1738664606,-1.058594,0.470703,1.497803
1738669606,-1.141602,0.147705,0.797607
1738674606,-0.690918,1.268066,0.869873
1738679606,-0.481934,0.683838,1.019775
1738684606,0.041748,0.078369,1.090332
1738689606,0.060303,0.044678,1.038574
1738694606,-0.009033,0.530273,1.155029
1738699606,0.032715,0.131836,1.032471
1738704606,0.03833,0.062744,1.006836
1738709606,0.04834,0.061523,1.01123
1738714606,0.030273,0.062012,1.021484
1738719606,-0.603027,-0.276611,-0.056885
1738724606,-0.065186,1.097412,-0.11792
1738729606,-1.049316,0.115234,1.946289
1738734606,-1.065674,0.36377,1.936768
1738739606,-0.746582,-0.008789,1.026855
1738744606,-1.208496,-0.170898,1.064697
1738749606,1.033691,1.689941,-4.0
1738754606,-1.366455,1.713867,-2.976074
1738759606,-0.135254,0.146729,-4.0
1738764606,-2.038086,0.784912,-4.0
1738769606,-1.032227,0.398438,1.160889
1738774606,-0.972168,1.420898,-1.852783
1738779606,0.035156,0.225586,1.244873
1738784606,0.03125,0.060791,1.002686
1738789606,-0.030029,0.241943,0.972168
1738794606,-0.005127,0.722412,0.930176
1738799606,0.018066,0.252686,1.004883
1738804606,-0.01416,1.40332,1.161865
1738809606,0.041992,0.0896,1.123047
1738814606,-0.014648,0.145752,1.018555
1738819606,0.02417,0.171387,1.028564
1738824606,0.064453,0.081299,1.015381
1738829606,0.031982,0.051758,0.980469
1738834606,0.032471,0.066406,0.994629
1738839606,0.036865,0.115234,1.061035
1738844606,0.062256,0.113037,1.245605
1738849606,-0.005615,0.157959,0.692871
1738854606,0.039307,2.160645,1.305664
1738859606,-0.274902,2.387939,1.68457
1738864606,-0.584961,0.050049,-0.941162
1738869606,-0.185547,0.7771,-0.795898
1738874606,0.097412,0.900146,1.204102
1738879606,0.052246,0.518555,1.02124
1738884606,0.017334,0.280762,1.027832
1738889606,-0.005615,0.644287,1.054688
1738894606,0.054932,0.119873,1.100586
1738899606,0.041748,0.109619,1.148438
1738904606,-0.00293,0.121826,1.072021
1738909606,0.008789,0.088135,1.02124
1738914606,0.009766,0.083252,1.059082
1738919606,0.027344,0.098633,1.047363
1738924606,0.005371,0.185059,1.148682
1738929606,0.027588,0.072021,0.991943
1738934606,-0.027832,0.131348,1.041748
1738939606,0.000488,0.431885,1.099854
1738944606,-0.424805,1.219971,0.787354
1738949606,-0.368652,2.111328,1.009277
1738954606,-0.468018,0.546143,1.258545
1738959606,-0.12207,0.146484,1.462158
1738964606,0.05957,0.37207,1.760986
1738969606,-0.343262,0.129395,1.21582
1738974606,0.040039,0.16333,1.130127
1738979606,0.01001,0.172119,0.998047
1738984606,0.039551,0.360352,1.148438
1738989606,0.014404,0.202148,1.036377
1738994606,0.068604,0.11084,1.104736
1738999606,0.050049,0.09668,1.159668
1739004606,-0.005615,0.100342,0.960937
1739009606,-0.03418,0.132812,0.808838
1739014606,0.011475,0.11792,0.994141
1739019606,0.102051,0.949951,1.222412
1739024606,0.071777,0.51001,1.339844
1739029606,-0.016113,0.21582,1.132324
1739034606,-0.321777,0.133789,0.283447
1739039606,-0.14209,0.158203,0.856201
1739044606,-0.838379,1.223633,-0.571777
1739049606,-1.208252,1.239502,-1.268799
1739054606,0.029785,0.43457,1.205322
1739059606,0.030762,0.007568,1.076416
1739064606,0.002686,0.177979,0.916748
1739069606,0.021973,0.143799,1.001709
1739074606,-0.018799,1.292969,0.952148
1739079606,0.04126,0.429687,1.005371
1739084606,-0.01709,0.80542,0.849609
1739089606,0.030762,0.102051,1.094238
1739094606,-0.000977,0.14624,0.959473
1739099606,0.124512,2.0896,1.394287
1739104606,0.08667,1.799561,1.280273
1739109606,0.081543,2.303711,1.155518
1739114606,0.034912,0.760742,1.058594
1739119606,0.015869,0.152588,0.83252
1739124606,-0.199219,1.286621,1.372803
1739129606,0.006836,0.581055,0.483887
1739134606,-0.455322,2.284424,0.973633
1739139606,0.015625,1.092773,1.103516
1739144606,-0.1875,1.404053,1.450439
1739149606,-0.17749,0.600586,0.992432
1739154606,0.044922,1.844727,1.0625
1739159606,-0.165527,2.279053,1.088135
1739164606,-0.027588,0.76709,1.016357
1739169606,0.046387,0.477295,1.345947
1739174606,0.097412,0.055176,1.397461
1739179606,0.042969,0.068359,1.254639
1739184606,0.000488,0.102295,1.033447
1739189606,0.05957,0.27002,1.073242
1739194606,-0.001953,1.294189,0.923828
1739199606,0.029053,1.976563,0.998535
1739204606,0.042969,1.653564,1.286377
1739209606,0.093994,1.229248,1.415283
1739214606,-0.1604,1.138428,0.251953
1739219606,0.007568,0.053467,0.34082
1739224606,0.097412,2.019287,1.467285
1739229606,0.138916,0.638672,1.483398
1739234606,-0.011963,0.167236,1.192871
1739239606,0.076172,0.133545,1.043457
1739244606,0.026367,0.105469,1.176758
1739249606,0.094238,0.560059,1.083984
1739254606,0.033203,0.66626,1.085449
1739259606,0.039551,0.500732,1.162109
1739264606,0.06665,1.142334,1.171875
1739269606,-0.004639,1.383545,0.845703
1739274606,-0.040283,0.121826,0.726074
1739279606,-0.025635,0.249512,0.941406
1739284606,-0.314209,0.906982,-0.931396
1739289606,-2.046631,1.059814,0.819092
1739294606,-0.505615,1.932861,0.923584
1739299606,-0.015137,0.004639,1.102051
1739304606,-0.027588,1.219727,0.992432
1739309606,-0.039063,0.227295,0.97876
1739314606,-0.048584,1.931641,0.977783
1739319606,0.068115,0.272461,1.204102
1739324606,-0.043701,0.631348,0.663574
1739329606,-0.054199,0.101318,0.810303
1739334606,-0.018555,0.265625,1.001709
1739339606,-0.280762,2.237305,0.816406
1739344606,0.127197,0.839111,0.515869
1739349606,-0.924561,0.170166,-0.26123
1739354606,-0.305664,0.118408,-3.140137
1739359606,-0.472656,0.247559,1.160156
1739364606,-0.140137,0.312012,1.372314
1739369606,-0.12207,0.149414,1.039307
1739374606,-0.037109,0.814209,1.210938
1739379606,-0.328369,1.501709,1.272949
1739384606,-0.230469,2.65332,0.206055
1739389606,-0.188477,1.787842,1.300293
1739394606,0.186279,2.309814,1.090332
1739399606,-0.012939,1.688477,-0.454102
1739404606,-0.774902,1.260742,-1.102051
1739409606,-0.686279,1.925049,-0.062744
1739414606,-0.478516,0.157227,1.131104
1739419606,-0.028076,2.026611,0.684082
1739424606,-0.439453,2.214111,1.109131
1739429606,-0.062012,0.400879,1.443848
1739434606,0.015137,0.909912,1.540527
1739439606,0.038818,1.95459,1.39502
1739444606,-0.639893,0.544189,0.710449
1739449606,-0.227051,0.170898,1.224365
1739454606,-0.097168,1.611572,1.072021
1739459606,-0.974121,0.066406,1.307129
1739464606,0.142578,0.189209,1.401123
1739469606,0.022705,0.500244,1.262939
1739474606,-0.16748,2.293213,0.970703
1739479606,-0.006836,1.29834,0.663574
1739484606,-0.466064,1.139404,1.123779
1739489606,-0.080322,1.285156,-1.607666
1739494606,-0.051758,0.984131,1.491699
1739499606,-0.150879,2.271729,0.858643
1739504606,0.066162,0.566406,1.204834
1739509606,-0.613037,2.052002,-0.429687
1739514606,-0.5354,1.497803,1.409668
1739519606,-1.05835,0.061523,0.610352
1739524606,-0.134033,0.321289,1.38501
1739529606,-0.039795,0.421875,0.855225
1739534606,-0.70459,0.105469,1.145264
1739539606,0.00293,2.468018,1.988037
1739544606,-0.028564,1.219482,0.722656
1739549606,-0.045166,0.071289,0.859375
1739554606,0.079346,1.841797,1.140625
1739559606,0.067627,0.183838,1.229492
1739564606,-0.002441,1.393555,1.213867
1739569606,0.028809,1.30835,1.158447
1739574606,0.068604,0.102783,1.13208
1739579606,0.026611,2.072266,1.033447
1739584606,0.031006,0.207275,1.015869
1739589606,0.022461,0.112061,1.023682
1739594606,0.015381,0.108643,1.04126
1739599606,0.026611,0.092773,1.060547
1739604606,0.020996,0.111084,1.049561
1739609606,0.020752,0.099854,1.045898
1739614606,0.026123,0.094727,1.053223
1739619606,0.028809,0.104248,1.047607
1739624606,0.017822,0.09668,1.055908
1739629606,0.024414,0.095947,1.063965
1739634606,0.026367,0.099121,1.057373
1739639606,0.025146,0.099121,1.062012
1739644606,0.018555,0.09668,1.036377
1739649606,0.026611,0.100098,1.049316
1739654606,0.02002,0.087158,1.036133
1739659606,0.021484,0.104248,1.071289
1739664606,0.026123,0.091797,1.045166
1739669606,0.017822,0.099609,1.046387
1739674606,0.020264,0.101807,1.040039
1739679606,0.027588,0.097656,1.04541
1739684606,0.023926,0.109375,1.045166
1739689606,0.024902,0.102539,1.05249
1739694606,0.025146,0.100586,1.046875
1739699606,0.020264,0.102051,1.043701
1739704606,0.025146,0.096191,1.054199
1739709606,0.025879,0.101318,1.057373
1739714606,0.021973,0.107178,1.046875
1739719606,0.020996,0.096191,1.055908
1739724606,0.023682,0.097412,1.059326
1739729606,0.02832,0.101563,1.055664
1739734606,0.020264,0.099121,1.048828
1739739606,0.022949,0.10498,1.047363
1739744606,0.018311,0.103516,1.053955
1739749606,0.024902,0.094238,1.046875
1739754606,0.020996,0.104736,1.057861
1739759606,0.016602,0.109375,1.05957
1739764606,0.025146,0.106689,1.051758
1739769606,0.023193,0.106934,1.043457
1739774606,0.020996,0.084717,1.041748
1739779606,0.02417,0.096191,1.049561
1739784606,0.023193,0.0979,1.069336
1739789606,0.023682,0.101318,1.050293
1739794606,0.02124,0.091553,1.058594
1739799606,0.014648,0.110352,1.0354
1739804606,0.028076,0.108643,1.042725
1739809606,0.015625,0.092285,1.054199
1739814606,0.022705,0.101807,1.048828
1739819606,0.017822,0.106689,1.031982
1739824606,0.020264,0.095947,1.045898
1739829606,0.025635,0.107178,1.075439
1739834606,0.031494,0.099609,1.075439
1739839606,0.019531,0.078613,1.040527
1739844606,0.027588,0.101563,1.051514
1739849606,0.033203,0.088867,1.081543
1739854606,-0.011963,0.108154,0.949951
1739859606,0.03125,0.08252,1.049316
1739864606,0.012207,0.109375,1.043457
1739869606,0.026123,0.094238,1.035156
1739874606,0.023193,0.101807,1.052246
1739879606,0.022705,0.104004,1.050781
1739884606,0.023193,0.094727,1.05542
1739889606,0.026611,0.098877,1.05127
1739894606,0.027588,0.098145,1.051514
1739899606,0.024658,0.10083,1.047119
1739904606,0.02417,0.095459,1.055664
1739909606,0.020264,0.0979,1.052734
1739914606,0.023437,0.100586,1.051514
1739919606,0.028809,0.095947,1.050293
1739924606,0.0271,0.094727,1.049316
1739929606,0.025635,0.099609,1.049805
1739934606,0.026855,0.102051,1.053955
1739939606,0.028076,0.099854,1.05127
1739944606,0.022949,0.101807,1.045654
1739949606,0.026123,0.099854,1.047852
1739954606,0.024414,0.101074,1.054199
1739959606,0.025635,0.095703,1.055664
1739964606,0.026855,0.099365,1.051514
1739969606,0.027588,0.096924,1.049316
1739974606,0.027344,0.101563,1.051025
1739979606,0.026855,0.098633,1.055664
1739984606,0.029541,0.097656,1.050049
1739989606,0.028809,0.100098,1.048096
1739994606,0.022949,0.095703,1.050781
1739999606,0.027344,0.100586,1.049805
1740004606,0.023682,0.0979,1.053955
1740009606,0.025391,0.098389,1.053467
1740014606,0.026855,0.099365,1.056152
1740019606,0.024658,0.100342,1.049561
1740024606,0.021484,0.09668,1.051025
1740029606,0.028564,0.095947,1.051758
1740034606,0.025635,0.099365,1.05127
1740039606,0.024902,0.100342,1.047363
1740044606,0.024902,0.093994,1.047119
1740049606,0.027832,0.09375,1.053223
1740054606,0.029297,0.095947,1.045898
1740059606,0.027344,0.097656,1.049316
1740064606,0.028809,0.0979,1.054688
1740069606,0.024414,0.098145,1.048584
1740074606,0.026611,0.102051,1.049805
1740079606,0.026611,0.099121,1.052246
1740084606,0.024414,0.102783,1.051758
1740089606,0.027344,0.099365,1.055664
1740094606,0.023926,0.099609,1.051514
1740099606,0.027832,0.099365,1.052246
1740104606,0.029297,0.097412,1.053711
1740109606,0.024414,0.097412,1.052979
1740114606,0.02417,0.099365,1.05249
1740119606,0.030518,0.094727,1.052002
1740124606,0.028809,0.098633,1.054688
1740129606,0.030518,0.099121,1.053467
1740134606,0.026611,0.096436,1.048584
1740139606,0.027344,0.096436,1.044678
1740144606,0.022949,0.101807,1.05249
1740149606,0.025391,0.098877,1.055908
1740154606,0.0271,0.098145,1.052246
1740159606,0.024658,0.098877,1.05249
1740164606,0.028564,0.097656,1.050537
1740169606,0.025391,0.097656,1.049316
1740174606,0.022705,0.097412,1.047607
1740179606,0.025879,0.096436,1.053223
1740184606,0.023437,0.097168,1.048828
1740189606,0.028564,0.096191,1.056396
1740194606,0.024658,0.096191,1.053711
1740199606,0.029053,0.097656,1.042725
1740204606,0.028564,0.09668,1.053223
1740209606,0.028564,0.094482,1.054688
1740214606,0.030273,0.094727,1.055908
1740219606,0.025635,0.098389,1.049561
1740224606,0.025391,0.098877,1.048584
1740229606,0.027832,0.095215,1.054688
1740234606,0.0271,0.101807,1.050293
1740239606,0.025391,0.099854,1.056641
1740244606,0.026367,0.094727,1.050537
1740249606,0.025879,0.096924,1.05127
1740254606,0.031494,0.097656,1.050049
1740259606,0.026855,0.095703,1.048096
1740264606,0.025391,0.097168,1.05127
1740269606,0.024902,0.094482,1.050049
1740274606,0.02417,0.098877,1.052979
1740279606,0.026611,0.095947,1.049805
1740284606,0.024902,0.096436,1.046875
1740289606,0.025391,0.097656,1.050049
1740294606,0.0271,0.099365,1.048828
1740299606,0.028076,0.09668,1.054932
1740304606,0.025635,0.105225,1.050781
1740309606,0.024658,0.095459,1.054199
1740314606,0.02417,0.098389,1.049072
1740319606,0.028076,0.098633,1.052002
1740324606,0.028076,0.097168,1.061279
1740329606,0.025635,0.100586,1.046387
1740334606,0.029297,0.102539,1.048096
1740339606,0.026367,0.095459,1.04834
1740344606,0.022949,0.0979,1.050293
1740349606,0.025391,0.101563,1.050781
1740354606,0.0271,0.095947,1.053223
1740359606,0.023437,0.098633,1.050293
1740364606,0.033447,0.096436,1.055908
1740369606,0.023682,0.097412,1.059082
1740374606,0.027588,0.095947,1.057861
1740379606,0.028076,0.097412,1.044189
1740384606,0.026367,0.100586,1.05127
1740389606,0.028076,0.097656,1.049561
1740394606,0.026367,0.098145,1.055176
1740399606,0.022705,0.09668,1.051514
1740404606,0.025391,0.099854,1.053955
1740409606,0.029785,0.097168,1.046875
1740414606,0.025635,0.10083,1.055908
1740419606,0.0271,0.101563,1.056152
1740424606,0.025879,0.095947,1.053955
1740429606,0.025879,0.100342,1.050049
1740434606,0.029053,0.099609,1.050049
1740439606,0.02417,0.100342,1.055908
1740444606,0.024658,0.098389,1.053467
1740449606,0.028809,0.0979,1.05835
1740454606,0.024902,0.097656,1.053467
1740459606,0.025391,0.099365,1.05542
1740464606,0.021729,0.098389,1.047852
1740469606,0.025879,0.09668,1.051514
1740474606,0.026855,0.097656,1.051514
1740479606,0.028564,0.0979,1.046387
1740484606,0.027832,0.100586,1.045898
1740489606,0.027344,0.10083,1.051758
1740494606,0.026855,0.100586,1.053467
1740499606,0.020508,0.098145,1.050293
1740504606,0.026611,0.097656,1.052734
1740509606,0.025146,0.101807,1.050537
1740514606,0.02124,0.099854,1.050781
1740519606,0.022217,0.091309,1.055176
1740524606,0.028809,0.097168,1.046143
1740529606,0.026123,0.094482,1.04834
1740534606,0.025391,0.096436,1.058838
1740539606,0.025879,0.098145,1.053223
1740544606,0.025391,0.10083,1.053223
1740549606,0.028809,0.099121,1.056152
1740554606,0.025146,0.095215,1.053467
1740559606,0.023926,0.096924,1.053711
1740564606,0.026123,0.099609,1.051514
1740569606,0.025391,0.097412,1.056885
1740574606,0.026367,0.099365,1.053711
1740579606,0.028564,0.099854,1.051758
1740584606,0.024414,0.095459,1.051758
1740589606,0.023437,0.096924,1.051025
1740594606,0.026855,0.099121,1.05127
1740599606,0.026611,0.098877,1.049561
1740604606,0.024902,0.097412,1.047363
1740609606,0.029541,0.093994,1.052002
1740614606,0.024414,0.095947,1.048096
1740619606,0.029297,0.09668,1.056152
1740624606,0.0271,0.095215,1.053223
1740629606,0.025879,0.096436,1.051025
1740634606,0.02417,0.098389,1.061768
1740639606,0.027832,0.097656,1.047119
1740644606,0.025391,0.097656,1.046387
1740649606,0.023437,0.097656,1.048584
1740654606,0.027344,0.095703,1.048096
1740659606,0.02832,0.098145,1.047607
1740664606,0.025635,0.092529,1.05835
1740669606,0.027344,0.095703,1.047363
1740674606,0.028076,0.098145,1.056152
1740679606,0.029541,0.094727,1.049316
1740684606,0.024658,0.096191,1.049072
1740689606,0.025146,0.094971,1.049072
1740694606,0.026855,0.092041,1.058838
1740699606,0.029541,0.0979,1.049072
1740704606,0.023437,0.097168,1.053223
1740709606,0.025635,0.102295,1.05542
1740714606,0.025146,0.096436,1.052979
1740719606,0.024658,0.10083,1.051758
1740724606,0.028809,0.10083,1.051514
1740729606,0.026367,0.098877,1.051758
1740734606,0.024414,0.099609,1.050293
1740739606,0.0271,0.095215,1.049805
1740744606,0.023437,0.097412,1.050781
1740749606,0.029541,0.098145,1.046143
1740754606,0.027832,0.10083,1.046875
1740759606,0.027832,0.100342,1.045166
1740764606,0.02417,0.098389,1.050537
1740769606,0.02832,0.100098,1.057129
1740774606,0.025146,0.094971,1.051758
1740779606,0.021484,0.100342,1.049561
1740784606,0.025391,0.099854,1.057861
1740789606,0.028809,0.095947,1.049561
1740794606,0.025146,0.095459,1.051514
1740799606,0.022217,0.100098,1.056641
1740804606,0.02417,0.097412,1.058594
1740809606,0.024658,0.098877,1.05249
1740814606,0.022949,0.100586,1.05542
1740819606,0.027588,0.095947,1.04834
1740824606,0.026611,0.096436,1.050537
1740829606,0.024902,0.09668,1.048828
1740834606,0.023437,0.097412,1.052002
1740839606,0.025391,0.097168,1.048828
1740844606,0.022705,0.095947,1.050293
1740849606,0.023193,0.094482,1.046631
1740854606,0.021484,0.092041,1.04834
1740859606,0.026611,0.094727,1.057373
1740864606,0.02417,0.096924,1.056885
1740869606,0.026367,0.094238,1.05127
1740874606,0.026855,0.098145,1.053467
1740879606,0.027832,0.097656,1.046387
1740884606,0.027832,0.098633,1.053955
1740889606,0.026367,0.10083,1.055176
1740894606,0.028809,0.101563,1.054688
1740899606,0.023926,0.101563,1.050293
1740904606,0.024414,0.098389,1.054199
1740909606,0.024414,0.099854,1.048584
1740914606,2.093506,1.728027,-1.419678
1740919606,2.932861,-0.734131,-2.273193
1740924606,-2.377197,2.051758,3.999878
1740929606,-1.161377,0.448975,-4.0
1740934606,-2.908936,0.613037,-4.0
1740939606,-1.199951,-0.098633,1.312012
1740944606,-0.815918,0.238037,-2.606445
1740949606,-0.91626,-0.052002,-0.880371
1740954606,-1.167969,1.692383,-2.217041
1740959606,-0.435303,1.802246,-1.900635
1740964606,-0.815918,-0.077881,-0.474609
1740969606,-0.984863,0.827148,0.024414
1740974606,-0.79541,0.994873,-2.273193
1740979606,-0.400879,0.236572,-4.0
1740984606,0.156982,0.779785,1.283203
1740989606,-0.389404,0.832031,0.596191
1740994606,-0.154053,0.137451,-0.654541
1740999606,-0.185547,0.358887,1.53125
1741004606,0.029785,0.067383,1.157715
1741009606,0.0271,0.092773,0.97168
1741014606,0.020996,0.099121,1.042236
1741019606,0.0354,0.094482,1.050049
1741024606,0.048828,0.075195,1.050049
1741029606,0.025879,0.106445,1.058838
1741034606,0.016846,0.121582,1.065186
1741039606,0.026855,0.101807,1.064209
1741044606,0.017822,0.097412,1.06543
1741049606,0.025146,0.096436,1.064453
1741054606,1.307129,1.638672,-4.0
1741059606,-0.791992,-0.021973,3.999878
1741064606,-0.680176,1.384766,-1.538086
1741069606,0.125244,1.366455,-3.704102
1741074606,-1.827148,0.960205,-4.0
1741079606,-2.480225,2.894043,-2.286377
1741084606,-0.664551,0.274414,-1.404053
1741089606,-0.149902,0.558105,-4.0
1741094606,-1.692383,1.551025,-1.634521
1741099606,-1.208984,1.352051,-4.0
1741104606,-0.968262,1.71582,1.305664
1741109606,-0.802002,1.135498,-2.295166
1741114606,-0.236572,0.662354,0.608398
1741119606,-1.125977,0.395996,-0.569336
1741124606,-0.034424,0.845703,1.120361
1741129606,-0.624268,0.705811,1.178467
1741134606,-0.247559,0.086182,-0.072266
1741139606,-0.064209,1.674805,1.15332
1741144606,-0.133301,0.244873,0.638672
1741149606,-0.69458,1.867676,1.385254
1741154606,-0.321533,1.9104,0.099854
1741159606,0.032959,1.520264,0.821777
1741164606,-0.897217,0.963623,1.303711
1741169606,-0.144287,0.818604,1.2229
1741174606,-1.200439,1.392334,0.673096
1741179606,-0.413818,0.393066,1.105713
1741184606,0.078857,2.42627,1.315186
1741189606,-0.006836,1.478516,1.167969
1741194606,0.036377,1.190918,1.12915
1741199606,0.025635,1.25293,1.073975
1741204606,-0.006104,0.687744,0.962402
1741209606,0.010254,0.170654,0.991211
1741214606,0.032471,0.055176,1.034668
1741219606,0.014404,0.09082,1.059082
1741224606,0.021729,0.064453,1.161133
1741229606,-0.026611,0.162109,0.768311
1741234606,-0.050049,0.372803,0.779785
1741239606,-0.072266,1.434082,1.119385
1741244606,-0.133301,1.800293,0.858643
1741249606,-0.109131,0.900879,1.534912
1741254606,0.069824,1.376221,1.09668
1741259606,-0.007324,0.131104,0.962402
1741264606,-0.633545,1.490479,-4.0
1741269606,-0.449707,1.533936,0.075195
1741274606,-0.441895,-0.094971,0.975342
1741279606,-0.120605,0.190186,0.95166
1741284606,-0.189209,0.306152,-0.022705
1741289606,-0.558838,0.317383,1.212891
1741294606,-0.30957,2.321777,1.613281
1741299606,-0.38916,1.796143,1.494141
1741304606,0.001465,1.828369,1.481689
1741309606,0.033203,0.171631,0.907227
1741314606,-0.977539,0.352051,-2.046143
1741319606,-0.486084,1.152588,-0.267334
1741324606,-0.805176,0.645996,1.103271
1741329606,-0.01416,0.555176,0.922363
1741334606,-1.044434,1.059326,-0.719727
1741339606,-1.05835,2.09082,-0.543945
1741344606,-1.22168,2.73291,1.388428
1741349606,-0.944336,1.255127,1.468262
1741354606,-0.313965,2.732422,1.015625
1741359606,0.025635,0.240967,1.167725
1741364606,0.030273,1.959473,1.03125
1741369606,-0.039551,0.426758,1.181641
1741374606,0.013672,0.760254,0.748535
1741379606,0.016113,0.091553,1.042236
1741384606,0.014648,0.15918,1.116211
1741389606,0.044434,0.16748,1.094238
1741394606,0.01416,0.513428,1.150391
1741399606,-0.009766,0.06958,1.026611
1741404606,-0.007568,0.105713,0.951172
1741409606,0.007324,0.286133,1.006592
1741414606,0.025879,0.082031,1.134277
1741419606,0.003662,0.097412,1.038086
1741424606,0.015625,0.09375,1.038818
1741429606,0.011963,0.088867,1.031738
1741434606,-0.000488,0.09082,1.023438
1741439606,0.019775,0.090576,1.064697
1741444606,0.011475,0.089844,1.087891
1741449606,0.008545,0.093018,1.066406
1741454606,0.017334,0.093018,1.061035
1741459606,-0.000488,0.096436,1.044678
1741464606,0.004639,0.093018,1.024414
1741469606,0.021729,0.088135,1.041992
1741474606,0.010986,0.087158,1.062012
1741479606,0.013672,0.084717,1.069824
1741484606,0.016846,0.092529,1.079346
1741489606,0.007813,0.098389,1.059326
1741494606,0.013184,0.092529,1.039063
1741499606,0.01001,0.095459,1.036133
1741504606,0.005371,0.091309,1.042969
1741509606,0.019287,0.079834,1.049316
1741514606,0.018555,0.08667,1.073242
1741519606,0.011719,0.089844,1.073486
1741524606,0.012451,0.087891,1.051025
1741529606,0.009766,0.101074,1.047119
1741534606,0.001465,0.092285,1.038818
1741539606,0.012939,0.083984,1.039795
1741544606,0.014893,0.094482,1.043213
1741549606,0.008789,0.067383,1.078613
1741554606,0.010986,0.130127,0.987549
1741559606,-0.024902,0.104736,1.044922
1741564606,0.052002,0.154297,1.0896
1741569606,0.03125,0.061768,1.050049
1741574606,0.01001,0.084229,1.026611
1741579606,0.015625,0.121582,1.041504
1741584606,0.016602,0.103027,1.067627
1741589606,0.016846,0.071533,1.052734
1741594606,0.019775,0.081787,1.044922
1741599606,0.008301,0.096924,1.05835
1741604606,0.010254,0.09668,1.050781
1741609606,0.012207,0.090332,1.050293
1741614606,0.010986,0.087158,1.045898
1741619606,0.010742,0.089355,1.047852
1741624606,0.008057,0.088379,1.052734
1741629606,0.013184,0.091553,1.048828
1741634606,0.001221,0.092285,1.049072
1741639606,0.01001,0.082764,1.035889
1741644606,0.012207,0.081787,1.050049
1741649606,0.010742,0.093994,1.058838
1741654606,0.008301,0.092773,1.05127
1741659606,0.020508,0.080078,1.059326
1741664606,0.010742,0.090088,1.053223
1741669606,0.011963,0.091797,1.052246
1741674606,0.015381,0.089111,1.058105
1741679606,0.015381,0.091309,1.048096
1741684606,0.012695,0.079102,1.056885
1741689606,0.01001,0.092285,1.062012
1741694606,0.008301,0.090576,1.044922
1741699606,0.014893,0.085205,1.048828
1741704606,0.010498,0.088379,1.04834
1741709606,0.010742,0.09082,1.050049
1741714606,0.009521,0.086182,1.047607
1741719606,0.010498,0.091064,1.053711
1741724606,0.000732,0.092041,1.03125
1741729606,0.012451,0.079834,1.057373
1741734606,0.014404,0.094238,1.063232
1741739606,0.006104,0.088135,1.040527
1741744606,0.014893,0.087158,1.05835
1741749606,0.013428,0.093018,1.054443
1741754606,0.006348,0.09375,1.052002
1741759606,0.016602,0.091553,1.057129
1741764606,0.006348,0.0979,1.043213
1741769606,0.012939,0.087646,1.050537
1741774606,0.006592,0.094238,1.057617
1741779606,0.006348,0.088379,1.047119
1741784606,0.016846,0.091309,1.053711
1741789606,0.01123,0.086182,1.047852
1741794606,0.006836,0.093018,1.053467
1741799606,0.015381,0.087891,1.059326
1741804606,0.012695,0.091553,1.055176
1741809606,0.012207,0.081299,1.053467
1741814606,0.00708,0.079102,1.055176
1741819606,0.010742,0.094482,1.047363
1741824606,0.011475,0.099121,1.052246
1741829606,0.010254,0.0896,1.058838
1741834606,0.009521,0.093994,1.057861
1741839606,0.010742,0.094482,1.050293
1741844606,0.011719,0.094482,1.053467
1741849606,0.00708,0.080078,1.047852
1741854606,0.007324,0.096191,1.065186
1741859606,0.021973,0.087646,1.055908
1741864606,0.010742,0.088379,1.047607
1741869606,-0.001953,0.107178,1.053711
1741874606,0.012451,0.094238,1.049561
1741879606,0.013184,0.090576,1.050781
1741884606,0.011719,0.088379,1.056396
1741889606,0.007324,0.087891,1.051025
1741894606,0.011475,0.091553,1.045898
1741899606,0.010498,0.094727,1.050049
1741904606,0.013916,0.087402,1.048828
1741909606,0.006348,0.096924,1.057861
1741914606,0.010742,0.088623,1.06543
1741919606,0.011963,0.095459,1.045166
1741924606,0.008057,0.090576,1.053223
1741929606,0.01416,0.080322,1.05249
1741934606,0.01001,0.092041,1.039795
1741939606,0.00415,0.087891,1.043701
1741944606,0.005371,0.098145,1.052979
1741949606,-0.008057,0.108887,1.016357
1741954606,0.02124,0.047852,1.021973
1741959606,0.005127,0.117432,1.047852
1741964606,-0.001953,0.086914,1.03833
1741969606,0.011475,0.089355,1.055176
1741974606,0.019043,0.090332,1.040771
1741979606,-0.01123,0.106689,0.993652
1741984606,-0.005127,0.109375,1.038818
1741989606,0.032959,0.088623,1.062012
1741994606,0.015869,0.076172,1.060791
1741999606,0.022705,0.084961,1.058838
1742004606,0.013184,0.088623,1.049561
1742009606,0.008545,0.087402,1.04541
1742014606,0.018311,0.091064,1.067383
1742019606,0.005127,0.090088,1.043945
1742024606,0.008057,0.087646,1.055664
1742029606,0.017334,0.085937,1.044189
1742034606,0.009033,0.096924,1.057373
1742039606,0.008057,0.085693,1.058105
1742044606,0.013184,0.084229,1.056152
1742049606,0.016602,0.087158,1.044678
1742054606,0.019775,0.085937,1.054199
1742059606,0.009521,0.093994,1.038818
1742064606,0.001465,0.107178,1.053467
1742069606,0.015625,0.082275,1.048584
1742074606,0.017578,0.089844,1.047119
1742079606,0.009033,0.093262,1.071533
1742084606,0.012939,0.089355,1.057861
1742089606,0.018311,0.087158,1.05542
1742094606,0.012695,0.084961,1.047852
1742099606,0.010498,0.094971,1.060303
1742104606,0.013184,0.099609,1.035889
1742109606,0.010254,0.091553,1.055908
1742114606,0.018311,0.078857,1.063232
1742119606,0.016357,0.102295,1.058594
1742124606,0.015869,0.086426,1.0354
1742129606,0.012451,0.085205,1.077148
1742134606,0.023193,0.084473,1.025635
1742139606,0.01001,0.091064,1.048828
1742144606,0.014893,0.087891,1.058594
1742149606,0.01416,0.096191,1.052246
1742154606,0.012207,0.091553,1.05127
1742159606,0.01123,0.090332,1.051758
1742164606,0.012939,0.092773,1.049316
1742169606,0.010742,0.090576,1.054199
1742174606,0.012939,0.089844,1.047363
1742179606,0.015381,0.093262,1.052246
1742184606,0.008545,0.090332,1.053467
1742189606,0.012451,0.093506,1.056885
1742194606,0.013428,0.08667,1.050049
1742199606,0.012695,0.092529,1.05957
1742204606,0.016113,0.089844,1.059326
1742209606,0.013428,0.092285,1.05249
1742214606,0.008301,0.091309,1.052734
1742219606,0.012207,0.096191,1.052002
1742224606,0.012451,0.089111,1.037842
1742229606,0.010742,0.088623,1.052734
1742234606,0.012695,0.088623,1.054443
1742239606,0.011719,0.089844,1.054688
1742244606,0.012695,0.09082,1.052246
1742249606,0.01001,0.089844,1.052246
1742254606,0.011719,0.089355,1.050537
1742259606,0.010742,0.092285,1.052246
1742264606,0.015137,0.092285,1.050781
1742269606,0.010986,0.090576,1.057129
1742274606,0.014893,0.087646,1.052002
1742279606,0.016113,0.090576,1.048828
1742284606,0.013916,0.090088,1.053223
1742289606,0.015869,0.093262,1.051025
1742294606,0.01123,0.09082,1.049561
1742299606,0.009766,0.092041,1.052002
1742304606,0.015625,0.090332,1.05542
1742309606,0.019043,0.090332,1.050293
1742314606,0.012939,0.092529,1.049072
1742319606,0.012939,0.088135,1.053711
1742324606,0.012939,0.093018,1.053223
1742329606,0.01416,0.090576,1.054443
1742334606,0.014404,0.09082,1.052002
1742339606,0.015625,0.091064,1.051514
1742344606,0.015381,0.086182,1.052734
1742349606,0.01416,0.089844,1.059814
1742354606,0.016357,0.089111,1.052002
1742359606,0.011963,0.090332,1.051025
1742364606,0.011475,0.092773,1.050049
1742369606,0.014893,0.087891,1.046631
1742374606,0.013428,0.0896,1.049805
1742379606,0.016602,0.091797,1.049072
1742384606,0.010498,0.091064,1.054932
1742389606,0.010986,0.089111,1.051025
1742394606,0.013428,0.093262,1.054199
1742399606,0.009521,0.089111,1.047119
1742404606,0.011475,0.089355,1.052734
1742409606,0.015625,0.087891,1.055664
1742414606,0.011963,0.088135,1.051514
1742419606,0.008789,0.090576,1.055908
1742424606,0.014404,0.090088,1.054688
1742429606,0.012695,0.090332,1.049316
1742434606,0.012207,0.091553,1.05127
1742439606,0.018799,0.086914,1.050293
1742444606,0.00708,0.088623,1.051758
1742449606,0.015625,0.088623,1.048584
1742454606,0.010742,0.093506,1.048584
1742459606,0.008301,0.090576,1.048584
1742464606,0.009277,0.095215,1.061768
1742469606,0.012451,0.092529,1.055908
1742474606,0.01123,0.0896,1.052734
1742479606,0.013428,0.088623,1.051758
1742484606,0.011963,0.093506,1.048584
1742489606,0.010986,0.0896,1.049561
1742494606,0.012451,0.094971,1.051758
1742499606,0.013428,0.093018,1.046875
1742504606,0.01123,0.091064,1.055176
1742509606,0.015137,0.091309,1.052734
1742514606,0.013184,0.086914,1.049561
1742519606,0.010986,0.089844,1.052002
1742524606,0.013916,0.091309,1.056396
1742529606,0.014893,0.090576,1.05249
1742534606,0.018555,0.087646,1.053711
1742539606,0.013916,0.091309,1.056885
1742544606,0.014648,0.087158,1.051514
1742549606,0.012451,0.090576,1.05127
1742554606,0.016602,0.087402,1.056152
1742559606,0.010986,0.0896,1.051758
1742564606,0.014648,0.09375,1.058105
1742569606,0.013916,0.090332,1.050781
1742574606,0.010986,0.088135,1.050537
1742579606,0.009766,0.091553,1.056396
1742584606,0.016357,0.090088,1.053223
1742589606,0.009766,0.092285,1.050537
1742594606,0.011719,0.093506,1.044434
1742599606,0.012695,0.092529,1.053223
1742604606,0.010254,0.091309,1.047852
1742609606,0.016846,0.088379,1.049805
1742614606,0.011719,0.084473,1.051758
1742619606,0.007568,0.092773,1.051514
1742624606,0.015869,0.087646,1.055664
1742629606,0.018555,0.090576,1.045898
1742634606,0.012451,0.092041,1.050781
1742639606,0.01709,0.0896,1.057861
1742644606,0.011719,0.087646,1.050781
1742649606,0.016113,0.090088,1.047119
1742654606,0.014404,0.093018,1.059082
1742659606,0.014893,0.091309,1.060303
1742664606,0.011963,0.091797,1.058105
1742669606,0.014404,0.089844,1.054199
1742674606,0.012451,0.091064,1.050781
1742679606,0.012695,0.094971,1.054199
1742684606,0.010986,0.09375,1.055664
1742689606,0.014404,0.087646,1.050293
1742694606,0.012939,0.088867,1.053711
1742699606,0.011963,0.092285,1.055176
1742704606,0.015381,0.095703,1.051025
1742709606,0.013184,0.090576,1.052246
1742714606,0.012695,0.088867,1.047363
1742719606,0.01416,0.089355,1.052002
1742724606,0.010742,0.091064,1.055664
1742729606,0.014893,0.090576,1.052979
1742734606,0.012207,0.091553,1.04834
1742739606,0.01123,0.091797,1.056152
1742744606,0.014893,0.08374,1.05542
1742749606,0.012451,0.090576,1.05249
1742754606,0.013672,0.086914,1.05249
1742759606,0.012451,0.090332,1.058105
1742764606,0.014893,0.089111,1.052979
1742769606,0.01123,0.093994,1.052734
1742774606,0.013672,0.092285,1.047363
1742779606,0.009277,0.087646,1.049072
1742784606,0.013428,0.090088,1.055908
1742789606,0.01416,0.089844,1.054688
1742794606,0.011475,0.089355,1.05127
1742799606,0.014648,0.088135,1.057373
1742804606,0.016602,0.093262,1.050293
1742809606,0.013428,0.092529,1.055908
1742814606,0.012207,0.088623,1.052734
1742819606,0.013428,0.086182,1.047852
1742824606,0.009277,0.089844,1.050293
1742829606,0.013184,0.091797,1.059814
1742834606,0.015869,0.090088,1.052979
1742839606,0.01001,0.091553,1.048584
1742844606,0.010742,0.092773,1.062988
1742849606,0.013184,0.090332,1.050537
1742854606,0.011963,0.094238,1.055664
1742859606,0.016113,0.09082,1.05127
1742864606,0.009766,0.092773,1.046387
1742869606,0.010742,0.090576,1.050049
1742874606,0.015625,0.090576,1.049561
1742879606,0.01416,0.084473,1.053223
1742884606,0.01123,0.089355,1.052246
1742889606,0.015869,0.091797,1.052734
1742894606,0.012207,0.092285,1.051025
1742899606,0.012207,0.087402,1.051758
1742904606,0.014648,0.09082,1.052002
1742909606,0.015381,0.090088,1.047852
1742914606,0.01416,0.088867,1.053223
1742919606,0.011475,0.094482,1.057129
1742924606,0.008789,0.092285,1.054199
1742929606,0.015381,0.092529,1.059326
1742934606,0.01416,0.09375,1.052734
1742939606,0.01123,0.088379,1.048828
1742944606,0.015869,0.086914,1.054688
1742949606,0.015137,0.089844,1.054443
1742954606,0.012695,0.09082,1.053467
1742959606,0.016846,0.09375,1.058838
1742964606,0.010498,0.090088,1.053467
1742969606,0.015381,0.092285,1.05127
1742974606,0.014404,0.089844,1.051514
1742979606,0.009277,0.092773,1.049805
1742984606,0.012207,0.092041,1.058838
1742989606,0.012939,0.092529,1.055908
1742994606,0.012207,0.090088,1.050537
1742999606,0.013672,0.088623,1.052979
1743004606,0.017334,0.092529,1.056396
1743009606,0.015625,0.088867,1.046387
1743014606,0.010986,0.090088,1.053223
1743019606,0.018066,0.089844,1.057129
1743024606,0.012939,0.0896,1.050537
1743029606,0.013916,0.089111,1.049316
1743034606,0.016113,0.089111,1.056641
1743039606,0.011475,0.088623,1.051758
1743044606,0.01416,0.089111,1.049561
1743049606,0.017578,0.09375,1.050049
1743054606,0.011719,0.092773,1.045654
1743059606,0.012207,0.087891,1.056396
1743064606,0.015625,0.090088,1.058105
1743069606,0.008057,0.095703,1.047607
1743074606,0.011475,0.091797,1.052246
1743079606,0.016357,0.0896,1.048584
1743084606,0.01123,0.090332,1.050293
1743089606,0.01416,0.087891,1.054688
1743094606,0.01123,0.090332,1.056152
1743099606,0.010742,0.088135,1.051758
1743104606,0.011719,0.091309,1.05542
1743109606,0.016357,0.088867,1.050293
1743114606,0.013916,0.089111,1.047363
1743119606,0.019531,0.088623,1.055908
1743124606,0.015137,0.093506,1.054688
1743129606,0.012451,0.088867,1.052734
1743134606,0.010254,0.090576,1.055908
1743139606,0.012695,0.091309,1.051514
1743144606,0.012939,0.089111,1.050537
1743149606,0.01416,0.091064,1.056396
1743154606,0.014648,0.091553,1.049072
1743159606,0.011963,0.088379,1.054688
1743164606,0.012451,0.094238,1.055176
1743169606,0.008789,0.087891,1.053467
1743174606,0.012207,0.090576,1.049561
1743179606,0.015869,0.091309,1.055664
1743184606,0.013672,0.091064,1.052246
1743189606,0.010254,0.092285,1.054443
1743194606,0.012695,0.092529,1.053467
1743199606,0.013916,0.090332,1.053223
1743204606,0.01416,0.092773,1.055908
1743209606,0.013916,0.086426,1.051758
1743214606,0.013428,0.091309,1.048096
1743219606,0.012695,0.091553,1.055176
1743224606,0.013428,0.090088,1.057617
1743229606,0.013916,0.091309,1.047852
1743234606,0.012695,0.090088,1.05127
1743239606,0.018799,0.087402,1.049316
1743244606,0.012451,0.087646,1.049561
1743249606,0.011719,0.092773,1.053467
1743254606,0.016602,0.090576,1.052246
1743259606,0.009521,0.090332,1.05249
1743264606,0.010986,0.090088,1.051514
1743269606,0.013184,0.088379,1.051025
1743274606,0.012207,0.089111,1.061523
1743279606,0.016602,0.092285,1.050537
1743284606,0.011963,0.091797,1.050537
1743289606,0.007568,0.089111,1.054199
1743294606,0.012451,0.09375,1.05835
1743299606,0.013428,0.093018,1.050537
1743304606,0.010986,0.091553,1.051514
1743309606,0.01416,0.092529,1.057373
1743314606,0.013428,0.093506,1.052734
1743319606,0.010986,0.092773,1.051025
1743324606,0.012695,0.086426,1.053467
1743329606,0.014404,0.093262,1.049316
1743334606,0.010742,0.092529,1.053223
1743339606,0.01709,0.088135,1.051758
1743344606,0.01123,0.091064,1.052979
1743349606,0.012939,0.089355,1.052002
1743354606,0.012451,0.092529,1.05249
1743359606,0.017334,0.091064,1.056885
1743364606,0.013916,0.092285,1.054443
1743369606,0.013672,0.085937,1.056641
1743374606,0.010742,0.09375,1.05249
1743379606,0.015869,0.087158,1.047852
1743384606,0.012695,0.089844,1.053223
1743389606,0.014404,0.092773,1.055176
1743394606,0.015381,0.093994,1.055664
1743399606,0.016357,0.090332,1.053223
1743404606,0.012695,0.093994,1.054199
1743409606,0.010742,0.089844,1.05249
1743414606,-0.695312,-2.174805,-4.0
1743419606,-3.419678,0.001221,-1.598877
1743424606,2.093018,1.223877,-4.0
1743429606,-3.759766,0.914307,-4.0
1743434606,-0.802979,0.842773,-4.0
1743439606,-2.572021,0.457764,0.614746
1743444606,-1.446777,-0.128906,0.930176
1743449606,-0.849854,1.016357,0.351074
1743454606,-0.426514,0.805908,-1.352783
1743459606,-1.13208,0.868896,0.900391
1743464606,-0.55127,0.525635,1.364502
1743469606,-1.759521,1.613525,-1.688721
1743474606,-1.378906,-0.294678,1.721436
1743479606,-0.266602,0.142578,0.675537
1743484606,-0.265625,0.172363,0.611572
1743489606,-0.77832,0.390625,0.957031
1743494606,-1.258057,0.062012,1.355713
1743499606,-1.126953,0.167725,0.939941
1743504606,-1.228271,1.260254,0.76001
1743509606,-0.246582,0.360107,1.020996
1743514606,0.058594,0.100586,0.990967
1743519606,-0.317139,0.57666,1.094971
1743524606,0.05542,0.159668,0.994873
1743529606,-0.068604,1.08667,1.041016
1743534606,0.053955,0.306885,1.06665
1743539606,-0.014404,0.058105,1.000977
1743544606,0.014893,0.970703,1.09668
1743549606,0.00293,0.199219,1.099854
1743554606,-0.002197,0.083496,0.999268
1743559606,-0.026367,0.058105,1.058594
1743564606,-4.0,-2.355225,-4.0
1743569606,1.734619,1.244385,-2.096191
1743574606,-0.828613,0.712402,1.814209
1743579606,-0.336182,0.039551,-2.186279
1743584606,-0.258545,0.083252,0.848389
1743589606,-0.041748,1.348145,1.141602
1743594606,-1.074951,2.594971,1.166748
1743599606,-0.011719,0.092285,0.975586
1743604606,-0.130859,0.913818,0.791504
1743609606,-0.125488,1.541992,0.971436
1743614606,-0.001709,0.123779,1.138672
1743619606,-0.018799,0.223877,1.326416
1743624606,0.031494,0.008057,1.012451
1743629606,-0.041504,0.541016,1.049316
1743634606,-0.004883,1.283936,0.96875
1743639606,0.010742,0.09668,1.072266
1743644606,2.353516,-0.474854,3.352051
1743649606,-1.583252,0.258789,1.348877
1743654606,-1.721191,0.772461,1.090576
1743659606,-0.249512,2.307861,1.052734
1743664606,-0.060791,0.091064,1.065674
1743669606,0.720215,0.76123,0.966064
1743674606,-3.037109,1.643555,-4.0
1743679606,-1.165039,0.387207,-4.0
1743684606,-1.119141,0.756104,-1.6604
1743689606,-0.318848,0.137939,1.556152
1743694606,-1.104248,2.028076,0.867432
1743699606,-0.018311,0.19751,1.150146
1743704606,-0.01001,1.920654,1.092285
1743709606,0.037598,0.158203,1.189941
1743714606,-0.033936,1.377197,0.99292
1743719606,-0.016357,0.088623,1.023926
1743724606,0.000488,0.37207,0.869873
1743729606,-0.256348,2.870361,-4.0
1743734606,-0.4729,0.352539,-4.0
1743739606,-0.879639,0.72876,1.042236
1743744606,-1.182861,1.689209,1.284912
1743749606,-0.281738,2.254395,1.101563
1743754606,-0.076172,2.414307,1.022217
1743759606,-0.023437,0.24292,0.996582
1743764606,0.010254,0.072754,1.115479
1743769606,-0.018555,0.199707,-0.483887
1743774606,-1.237061,0.426025,-3.500244
1743779606,-0.427246,2.20874,0.855957
1743784606,-0.043945,0.995361,0.911133
1743789606,0.07959,0.94458,1.242432
1743794606,0.127441,0.084961,1.524658
1743799606,0.07373,1.70166,0.051514
1743804606,-1.087158,0.61499,1.448486
1743809606,0.000488,0.226807,1.486572
1743814606,-0.148193,0.640625,-1.269775
1743819606,-0.301025,0.423584,1.637207
1743824606,-0.019531,0.214844,0.998535
1743829606,0.021729,0.077637,1.054688
1743834606,0.010498,0.07959,1.072754
1743839606,-0.003174,0.078613,1.032715
1743844606,0.001953,0.08374,1.042236
1743849606,0.007813,0.083008,1.057373
1743854606,0.00708,0.081055,1.066162
1743859606,0.001221,0.079102,1.054688
1743864606,0.008545,0.081299,1.048828
1743869606,0.003906,0.085693,1.03833
1743874606,-0.000488,0.083008,1.043945
1743879606,0.005371,0.082275,1.063965
1743884606,0.005615,0.079834,1.052002
1743889606,0.004639,0.081299,1.051758
1743894606,0.008057,0.077148,1.052979
1743899606,-0.005859,0.083984,1.050049
1743904606,0.000244,0.085937,1.061279
1743909606,0.006836,0.087891,1.068359
1743914606,0.002686,0.084229,1.055908
1743919606,0.003174,0.084961,1.051514
1743924606,0.008301,0.080811,1.043701
1743929606,0.004639,0.080566,1.047363
1743934606,0.003174,0.081787,1.060547
1743939606,0.003662,0.083984,1.064453
1743944606,-0.000732,0.086426,1.050293
1743949606,0.00415,0.081055,1.050293
1743954606,0.008057,0.084717,1.047119
1743959606,-0.000732,0.083008,1.044678
1743964606,0.007324,0.079834,1.058105
1743969606,0.006348,0.084229,1.067627
1743974606,0.001709,0.083008,1.050781
1743979606,0.007813,0.080078,1.050781
1743984606,0.005371,0.079834,1.048828
1743989606,-0.001709,0.078857,1.046875
1743994606,0.005371,0.079346,1.063721
1743999606,0.002686,0.083984,1.059082
1744004606,-0.001465,0.085449,1.046387
1744009606,0.00708,0.080811,1.053467
1744014606,0.003174,0.083008,1.052979
1744019606,0.006348,0.082275,1.042969
1744024606,0.002686,0.087646,1.057617
1744029606,0.003662,0.082764,1.049316
1744034606,0.000977,0.082275,1.049561
1744039606,0.006104,0.083252,1.057861
1744044606,0.004883,0.081543,1.055176
1744049606,0.000488,0.081055,1.056152
1744054606,0.006592,0.081543,1.053223
1744059606,0.005371,0.084473,1.047119
1744064606,-0.001709,0.082275,1.047852
1744069606,0.00708,0.078613,1.049561
1744074606,0.003662,0.087402,1.057617
1744079606,0.021484,0.070312,1.112061
1744084606,0.029541,0.067871,1.077637
1744089606,0.009766,0.099121,1.0271
1744094606,0.035156,0.099365,1.106445
1744099606,-0.010498,0.078125,1.087402
1744104606,-0.009033,0.103516,1.058105
1744109606,0.012939,0.077881,1.104736
1744114606,0.009277,0.09082,1.038818
1744119606,-0.021973,0.100342,1.056396
1744124606,0.030029,0.073975,1.024902
1744129606,0.006836,0.096191,1.040527
1744134606,0.013916,0.089844,1.020264
1744139606,-0.00293,0.0896,1.047363
1744144606,0.001953,0.087646,1.015869
1744149606,-0.003662,0.099121,1.033691
1744154606,0.008301,0.103027,1.014404
1744159606,0.005859,0.09375,1.004395
1744164606,-0.010254,0.085937,1.017334
1744169606,0.000244,0.077393,1.004883
1744174606,0.003418,0.085937,0.99707
1744179606,-0.018555,0.108643,1.442871
1744184606,0.04834,0.010254,0.92627
1744189606,0.011719,0.21875,1.000977
1744194606,-0.054687,0.038818,1.150146
1744199606,-0.006592,0.052734,0.979492
1744204606,0.027344,0.162842,1.086182
1744209606,0.005615,0.070557,1.042969
1744214606,-0.013672,0.044678,1.053467
1744219606,0.012939,0.112549,1.040039
1744224606,0.008057,0.091064,1.082764
1744229606,-0.003418,0.090576,1.057861
1744234606,0.0,0.085937,1.043457
1744239606,0.010986,0.077881,1.052002
1744244606,0.002197,0.088623,1.063232
1744249606,0.003418,0.095703,1.038086
1744254606,0.003174,0.079346,1.049316
1744259606,-0.002686,0.075928,1.040283
1744264606,0.002441,0.097656,1.053467
1744269606,-0.002441,0.090088,1.053955
1744274606,0.009521,0.095459,1.071533
1744279606,-0.002441,0.074219,1.057129
1744284606,-0.003418,0.084717,1.059082
1744289606,0.002686,0.09375,1.051514
1744294606,-0.004395,0.066162,1.051514
1744299606,0.001465,0.093506,1.057861
1744304606,0.003418,0.09082,1.056885
1744309606,-0.000977,0.072754,1.052979
1744314606,0.006592,0.099365,1.057373
1744319606,0.007324,0.081543,1.037354
1744324606,-0.002441,0.081055,1.041748
1744329606,0.005127,0.08667,1.057617
1744334606,0.006104,0.091797,1.054443
1744339606,0.000488,0.085449,1.055176
1744344606,0.004639,0.087402,1.064697
1744349606,0.003174,0.092041,1.057617
1744354606,0.003418,0.089355,1.065186
