timestamp_us,x_g,y_g,z_g
251942321,0.095947,0.213135,1.023682
251947321,0.098389,0.210449,1.025635
251952321,0.101074,0.211914,1.01709
251957321,0.103271,0.210693,1.021484
251962321,0.107666,0.213379,1.020264
251967321,0.104736,0.207764,1.022949
251972321,0.106201,0.210693,1.032715
251977321,0.109863,0.213867,1.027344
251982321,0.096924,0.218262,1.031006
251987321,0.097412,0.216797,1.023926
251992321,0.094727,0.213379,1.024902
251997321,0.093506,0.213379,1.018555
252002321,0.090332,0.212891,1.023193
252007321,0.096924,0.213135,1.025879
252012321,0.097412,0.20752,1.034912
252017321,0.098389,0.208496,1.023926
252022321,0.095459,0.210937,1.026611
252027321,0.096436,0.209229,1.015137
252032321,0.099365,0.213867,1.018311
252037321,0.098145,0.210449,1.017822
252042321,0.098145,0.215088,1.024414
252047321,0.100586,0.2146,1.024414
252052321,0.101318,0.218506,1.024902
252057321,0.099365,0.214111,1.022705
252062321,0.099121,0.215576,1.029541
252067321,0.092285,0.208984,1.011475
252072321,0.106445,0.21875,1.03418
252077321,0.096191,0.218994,1.02124
252082321,0.094971,0.21582,1.024658
252087321,0.094482,0.203613,0.994873
252092321,0.096924,0.211914,1.02417
252097321,0.095459,0.221436,1.041016
252102321,0.098389,0.210205,1.015381
252107321,0.097412,0.218018,1.012451
252112321,0.095215,0.216309,1.018311
254967321,0.094971,0.210449,1.028564
254972321,0.0896,0.21167,1.025879
254977321,0.092529,0.208008,1.020264
254982321,0.092773,0.208984,1.023926
254987321,0.092285,0.20752,1.024902
254992321,0.09082,0.213379,1.020264
254997321,0.09375,0.212158,1.024902
255002321,0.097168,0.218506,1.028809
255007321,0.095703,0.217041,1.025635
255012321,0.103516,0.217773,1.030273
255017321,0.102051,0.217041,1.024902
255022321,0.102539,0.212158,1.016357
255027321,0.103027,0.2146,1.019775
255032321,0.103271,0.211426,1.030518
255037321,0.100098,0.205078,1.021729
255042321,0.099854,0.205811,1.02417
255047321,0.099365,0.212891,1.024414
255052321,0.094727,0.208984,1.028076
255057321,0.095215,0.209229,1.023926
255062321,0.092529,0.213623,1.019043
255067321,0.0979,0.214355,1.0271
255072321,0.093262,0.212158,1.026123
255077321,0.093994,0.21582,1.0271
255082321,0.099854,0.214844,1.017822
255087321,0.102539,0.211914,1.029053
255092321,0.102295,0.21582,1.025635
255097321,0.10083,0.215088,1.021484
255102321,0.103271,0.211914,1.015869
255107321,0.103027,0.218262,1.022949
255112321,0.100586,0.215332,1.011475
255117321,0.095947,0.213867,1.013916
255122321,0.100342,0.216309,1.025391
255127321,0.099121,0.216309,1.024658
255132321,0.098145,0.210937,1.031494
255137321,0.098389,0.209717,1.033691
255142321,0.089844,0.210449,1.022461
255147321,0.089355,0.2146,1.022217
255152321,0.094727,0.20874,1.031494
255157321,0.093506,0.213379,1.026855
255162321,0.098145,0.21167,1.020264
255167321,0.100342,0.213135,1.028809
255172321,0.095703,0.214355,1.011963
255177321,0.104004,0.213867,1.016357
255182321,0.104004,0.21582,1.024902
255187321,0.104004,0.217529,1.027588
255192321,0.099854,0.214355,1.026855
255197321,0.10083,0.216797,1.022705
255202321,0.097656,0.212891,1.024658
255207321,0.09668,0.210449,1.021973
255212321,0.092773,0.217529,1.020264
255217321,0.094482,0.209229,1.026611
255222321,0.098633,0.209473,1.032227
255227321,0.096924,0.2146,1.03125
255232321,0.098877,0.212646,1.025391
255237321,0.096191,0.212646,1.022949
255242321,0.097412,0.210693,1.016602
255247321,0.097656,0.21167,1.021973
255252321,0.102051,0.214844,1.023682
255257321,0.102051,0.215088,1.02002
255262321,0.102295,0.213379,1.027588
255267321,0.100342,0.213623,1.026611
255272321,0.098877,0.218262,1.017334
255277321,0.099365,0.212158,1.02124
255282321,0.101563,0.209473,1.023193
255287321,0.101807,0.211914,1.02417
255292321,0.099121,0.210449,1.027832
255297321,0.096924,0.21167,1.023926
255302321,0.096191,0.215088,1.02417
255307321,0.097168,0.210205,1.018311
255312321,0.098877,0.21167,1.018311
255317321,0.101318,0.211914,1.0271
255322321,0.097656,0.210937,1.020264
255327321,0.094727,0.218018,1.025146
255332321,0.101074,0.218506,1.020752
255337321,0.098633,0.214111,1.03125
255342321,0.096436,0.21582,1.023193
255347321,0.106689,0.217041,1.027588
255352321,0.10376,0.215088,1.029785
255357321,0.101563,0.217529,1.027344
255362321,0.097168,0.215332,1.026367
255367321,0.097412,0.213379,1.023926
255372321,0.097168,0.209717,1.028076
255377321,0.093506,0.212158,1.024414
255382321,0.098633,0.21167,1.023682
255387321,0.098389,0.212402,1.02832
255392321,0.095215,0.210449,1.024414
255397321,0.100098,0.213135,1.026611
255402321,0.102051,0.217773,1.028809
255407321,0.101074,0.211914,1.024414
255412321,0.102051,0.210693,1.03125
255417321,0.089111,0.209961,1.012695
255422321,0.098877,0.22168,1.032227
255427321,0.096436,0.217529,1.025635
255432321,0.097412,0.209961,1.010498
255437321,0.094971,0.2146,1.031006
255442321,0.101318,0.212891,1.028076
255447321,0.098633,0.209473,1.018799
255452321,0.102295,0.21582,1.027344
255457321,0.098633,0.210449,1.026855
255462321,0.104004,0.205811,1.01416
255467321,0.099854,0.210693,1.025391
255472321,0.09668,0.212158,1.032227
255477321,0.092773,0.208496,1.02124
255482321,0.091797,0.213379,1.027344
255487321,0.096191,0.212402,1.020264
255492321,0.101563,0.218506,1.018066
255497321,0.094971,0.216064,1.027832
255502321,0.097656,0.216309,1.030518
255507321,0.102783,0.21875,1.026611
255512321,0.101563,0.21167,1.029297
255517321,0.095947,0.208252,1.029541
255522321,0.101318,0.208496,1.027588
255527321,0.098389,0.210693,1.026855
255532321,0.101318,0.205322,1.021484
255537321,0.098389,0.212158,1.020752
255542321,0.097656,0.208008,1.027344
255547321,0.098145,0.2146,1.020752
255552321,0.0979,0.220947,1.02417
255557321,0.098389,0.219482,1.0271
255562321,0.092285,0.218262,1.025635
255567321,0.097412,0.220459,1.030029
255572321,0.095947,0.220947,1.026611
255577321,0.095215,0.219727,1.024414
255582321,0.099609,0.21167,1.02832
255587321,0.100098,0.207275,1.026855
255592321,0.099365,0.209961,1.025879
255597321,0.100342,0.209229,1.032227
255602321,0.102295,0.208984,1.020264
255607321,0.098877,0.210449,1.024414
255612321,0.098877,0.206055,1.025879
255617321,0.09668,0.211914,1.0271
255622321,0.095215,0.21582,1.024414
255627321,0.098389,0.21875,1.022461
255632321,0.094971,0.220947,1.035889
255637321,0.09375,0.220703,1.028564
255642321,0.092773,0.218506,1.028076
255647321,0.10083,0.216309,1.026855
255652321,0.099854,0.207031,1.024902
255657321,0.104248,0.20874,1.030762
255662321,0.09375,0.211426,1.023193
255667321,0.097168,0.202393,1.016357
255672321,0.102295,0.205811,1.023926
255677321,0.099609,0.203613,1.025146
255682321,0.099121,0.206787,1.027344
255687321,0.096436,0.206055,1.030762
255692321,0.093262,0.217285,1.023926
255697321,0.092773,0.218506,1.026123
255702321,0.097656,0.214355,1.020996
255707321,0.097412,0.217041,1.017334
255712321,0.098877,0.216064,1.019043
255717321,0.0979,0.214355,1.033691
255722321,0.099365,0.216553,1.029785
255727321,0.100586,0.212402,1.027832
255732321,0.102783,0.210937,1.0271
255737321,0.095215,0.208984,1.019043
255742321,0.098633,0.207764,1.017822
255747321,0.099609,0.210205,1.023682
255752321,0.098389,0.208984,1.023438
255757321,0.098389,0.216309,1.030273
255762321,0.0979,0.216797,1.022217
255767321,0.093994,0.217285,1.016357
255772321,0.095459,0.217529,1.023926
255777321,0.095703,0.21875,1.021484
255782321,0.100342,0.218262,1.020996
255787321,0.099854,0.2146,1.027832
255792321,0.097656,0.213867,1.026611
255797321,0.102295,0.209229,1.029785
255802321,0.09668,0.210449,1.026367
255807321,0.096191,0.208008,1.023926
255812321,0.094482,0.209473,1.020996
255817321,0.09668,0.211182,1.015137
255822321,0.097656,0.211182,1.016357
255827321,0.099121,0.210449,1.015137
255832321,0.104004,0.216553,1.026123
255837321,0.100586,0.212891,1.0271
255842321,0.098145,0.210693,1.024902
255847321,0.0979,0.217529,1.026367
255852321,0.09668,0.2146,1.026855
255857321,0.095459,0.217041,1.021973
255862321,0.093994,0.213379,1.021729
255867321,0.101807,0.212891,1.023682
255872321,0.104736,0.20874,1.020264
255877321,0.108643,0.210937,1.023682
255882321,0.099854,0.208496,1.02124
255887321,0.094238,0.210205,1.014893
255892321,0.094727,0.210693,1.01709
255897321,0.098389,0.212402,1.020264
255902321,0.098389,0.214844,1.026855
255907321,0.096436,0.217529,1.027832
255912321,0.099854,0.217285,1.026367
255917321,0.099121,0.214355,1.024902
255922321,0.098389,0.215088,1.022705
255927321,0.101074,0.209961,1.024414
255932321,0.098145,0.207764,1.019531
255937321,0.095703,0.208984,1.021973
255942321,0.101563,0.21167,1.019531
255947321,0.099609,0.213623,1.023193
255952321,0.101807,0.210693,1.015869
255957321,0.102783,0.206787,1.018311
255962321,0.099121,0.2146,1.019775
255967321,0.097656,0.209473,1.020996
255972321,0.097656,0.218262,1.020508
255977321,0.096191,0.214111,1.021729
255982321,0.095947,0.214844,1.028564
255987321,0.093994,0.217529,1.030273
255992321,0.098877,0.216064,1.024902
255997321,0.093506,0.211914,1.027832
256002321,0.094727,0.214844,1.023438
256007321,0.095459,0.213379,1.024658
256012321,0.094971,0.213379,1.025146
256017321,0.100342,0.212158,1.018555
256022321,0.102783,0.212402,1.021973
256027321,0.102783,0.213867,1.025146
256032321,0.098145,0.2146,1.029053
256037321,0.098877,0.211182,1.0271
256042321,0.101074,0.214355,1.021729
256047321,0.098389,0.211426,1.030029
256052321,0.099365,0.21582,1.022461
256057321,0.095459,0.216064,1.023438
256062321,0.096436,0.2146,1.026123
256067321,0.0979,0.210205,1.027344
256072321,0.098389,0.20874,1.017334
256077321,0.095459,0.215088,1.024902
256082321,0.095459,0.208496,1.025391
256087321,0.097656,0.21167,1.019531
256092321,0.099365,0.211182,1.022217
256097321,0.097412,0.21167,1.022217
256102321,0.094727,0.213379,1.027588
256107321,0.101074,0.214355,1.025146
256112321,0.095215,0.213867,1.024414
256117321,0.101074,0.212891,1.025146
256122321,0.099854,0.21582,1.028809
256127321,0.103516,0.213135,1.024658
256132321,-0.17041,0.170166,-2.0
256137321,-2.0,1.011719,-2.0
256142321,-2.0,1.999939,-0.74292
256147321,-2.0,1.999939,-2.0
256152321,-1.282715,1.999939,1.560303
256157321,-0.41748,1.999939,0.143311
256162321,-1.579102,1.999939,1.357178
256167321,-1.588135,0.449951,-2.0
256172321,-0.062012,1.981934,-2.0
256177321,-0.229004,0.702393,0.147705
256182321,-0.207031,0.277588,-0.236572
256187321,0.049316,0.21167,1.512939
256192321,0.085205,0.091553,1.260986
256197321,0.191162,0.080078,0.993164
256202321,0.193604,0.292236,1.172607
256207321,0.076904,0.440186,1.451416
256212321,-0.003174,0.339844,1.094238
256217321,-0.020996,0.271729,0.904053
256222321,-2.0,1.630127,1.999939
256227321,0.502197,1.999939,-2.0
256232321,0.610107,1.999939,-0.609375
256237321,-1.612793,0.292725,1.999939
256242321,-2.0,1.242676,-2.0
256247321,-0.24585,1.202148,-1.397949
256252321,-0.62207,1.999939,-0.811523
256257321,0.189209,1.891846,-1.418701
256262321,-0.358887,0.991455,-0.856934
256267321,-1.221191,1.156982,-2.0
256272321,-1.175049,0.208984,1.803711
256277321,-0.46875,0.631836,1.509521
256282321,-0.059814,0.217529,1.028564
256287321,0.018799,0.243408,0.798584
256292321,0.101807,0.224121,0.983154
256297321,0.144531,0.181396,1.139404
256302321,0.158447,0.217285,1.186035
256307321,0.057861,0.315918,1.11377
256312321,0.150635,0.263184,1.051758
256317321,0.04834,0.196289,0.987061
256322321,0.212646,0.161133,1.032227
256327321,0.127197,0.095947,0.970703
256332321,0.13916,0.193115,1.000244
256337321,0.066406,0.324219,0.898193
256342321,0.130371,1.999939,1.044434
256347321,0.012207,0.476562,0.978271
256352321,-0.028564,0.874023,1.005371
256357321,-1.016357,1.581055,1.519531
256362321,0.013916,0.146973,1.00293
256367321,-0.497314,1.251465,-1.928955
256372321,-2.0,-0.591064,1.016357
256377321,-1.244629,0.855957,1.220947
256382321,-0.096436,0.35083,1.038818
256387321,0.140625,0.324219,1.400879
256392321,0.043701,0.374512,1.161133
256397321,0.030762,0.210205,1.175293
256402321,0.133301,0.34668,1.073975
256407321,0.241943,0.439453,1.094971
256412321,0.090088,1.999939,0.960693
256417321,0.115723,0.243164,1.111572
256422321,-0.171143,-0.007813,1.143799
256427321,0.156494,0.253174,1.151367
256432321,0.256836,1.999939,1.067139
256437321,0.094482,1.999939,0.982666
256442321,0.129639,0.109619,0.990234
256447321,0.117188,0.177734,1.020996
256452321,0.06665,0.224854,0.996338
256457321,-0.631592,1.358398,-0.781738
256462321,-0.313965,1.999939,0.625244
256467321,-0.393066,1.585205,1.414551
256472321,0.228271,0.291016,1.21582
256477321,0.109131,0.482178,1.205322
256482321,0.169189,0.24585,0.928467
256487321,0.061279,0.319336,1.020752
256492321,0.173828,0.220947,1.081299
256497321,-1.017822,0.236084,0.066406
256502321,-0.312988,0.440186,1.098633
256507321,-0.340332,0.355957,0.851807
256512321,0.074951,0.559326,0.992187
256517321,0.149902,0.981201,1.01123
256522321,-0.047607,0.890381,0.692627
256527321,0.042725,1.862305,0.360596
256532321,0.22876,1.04541,1.272949
256537321,-0.108398,1.979248,1.004883
256542321,-0.10498,0.260986,0.592285
256547321,-0.316895,1.704346,1.316162
256552321,0.058838,1.76709,1.044922
256557321,-0.189697,1.554199,1.178955
256562321,0.131348,0.471436,1.135742
256567321,0.145996,0.262695,1.088623
256572321,0.074707,0.258545,1.057129
256577321,0.061768,0.239258,1.010254
256582321,0.092285,0.236084,1.013672
256587321,0.101807,0.198975,0.994629
256592321,0.102783,0.201172,1.019287
256597321,0.083496,0.25293,1.029053
256602321,0.089844,0.265625,1.068359
256607321,0.087402,0.235596,1.029053
256612321,0.099854,0.192871,1.010254
256617321,0.120117,0.169189,0.989502
256622321,0.117676,0.145264,0.967529
256627321,0.114746,0.174072,1.01123
256632321,0.119141,0.230713,1.088379
256637321,0.08667,0.260254,1.063232
256642321,0.078613,0.232178,1.01123
256647321,0.102051,0.212402,1.002441
256652321,0.100342,0.202881,0.999023
256657321,0.106934,0.199707,1.023193
256662321,0.102051,0.21875,1.030518
256667321,0.09082,0.242432,1.046875
256672321,0.090332,0.247803,1.06543
256677321,0.094971,0.229004,1.036865
256682321,0.087158,0.199951,0.976318
256687321,0.088867,0.190186,0.967773
256692321,0.114746,0.202393,1.029297
256697321,0.100098,0.21582,1.044922
256702321,0.100098,0.218018,1.071533
256707321,0.108887,0.222168,1.064941
256712321,0.081299,0.209961,0.999512
256717321,0.093018,0.19165,0.976074
256722321,0.097168,0.204834,0.989014
256727321,0.096924,0.220215,1.011719
256732321,0.109619,0.234619,1.07666
256737321,0.115967,0.233398,1.080811
256742321,0.100586,0.219727,1.037842
256747321,0.102295,0.208496,1.009766
256752321,0.099609,0.21167,0.986328
256757321,0.080322,0.206543,0.978027
256762321,0.093506,0.209717,1.030518
256767321,0.105713,0.216309,1.059082
256772321,0.100342,0.215576,1.055908
256777321,0.113281,0.212402,1.054443
256782321,0.106689,0.208496,1.022949
256787321,0.086914,0.21167,0.992432
256792321,0.088379,0.210205,1.004395
256797321,0.093018,0.216309,1.019043
256802321,0.098633,0.219971,1.039307
256807321,0.108887,0.217773,1.054688
256812321,0.104492,0.221436,1.021484
256817321,0.093506,0.210693,1.001221
256822321,0.10083,0.213867,1.005127
256827321,0.10376,0.219238,0.999512
256832321,0.094727,0.215576,1.01001
256837321,0.0979,0.217041,1.039307
256842321,0.096436,0.218506,1.036865
256847321,0.092529,0.210693,1.034912
256852321,0.099121,0.215332,1.027344
256857321,0.094482,0.216309,1.018555
256862321,0.091309,0.213135,1.007324
256867321,0.101318,0.209473,1.017334
256872321,0.101318,0.2146,1.024902
256877321,0.095703,0.213135,1.029297
256882321,0.103271,0.216309,1.037842
256887321,0.097412,0.218506,1.026855
256892321,0.094238,0.216309,1.006836
256897321,0.104248,0.219238,1.011963
256902321,0.099609,0.220703,1.022217
256907321,0.091553,0.218994,1.017578
256912321,0.103516,0.220703,1.03833
256917321,0.099854,0.218506,1.035156
256922321,0.091797,0.219238,1.027344
256927321,0.101563,0.210449,1.022949
256932321,0.09375,0.209473,1.01123
256937321,0.091797,0.205811,1.014404
256942321,0.103271,0.204834,1.036865
256947321,0.095703,0.207031,1.030518
256952321,0.101563,0.213623,1.033203
256957321,0.100098,0.218994,1.036377
256962321,0.089355,0.222656,1.015381
256967321,0.088623,0.216064,1.00293
256972321,0.100098,0.220703,1.01709
256977321,0.098877,0.218994,1.02417
256982321,0.102539,0.220459,1.036133
256987321,0.105225,0.221436,1.038574
256992321,0.094971,0.215332,1.029297
256997321,0.10083,0.217773,1.021973
257002321,0.096436,0.213623,1.022461
257007321,0.093262,0.206543,1.006104
257012321,0.093018,0.208984,1.014893
257017321,0.099854,0.213867,1.03125
257022321,0.097412,0.212158,1.034668
257027321,0.095459,0.217773,1.036133
257032321,0.100586,0.216553,1.030762
257037321,0.093262,0.223877,1.014404
257042321,0.084473,0.217773,1.011719
257047321,0.092773,0.21875,1.009521
257052321,0.092041,0.220703,1.018311
257057321,0.104736,0.216553,1.037354
257062321,0.107666,0.214844,1.040771
257067321,0.106445,0.209473,1.026611
257072321,0.10083,0.216064,1.012451
257077321,0.102295,0.213623,1.010254
257082321,0.098877,0.211182,1.009521
257087321,0.0979,0.210937,1.018555
257092321,0.105469,0.215332,1.040771
257097321,0.097168,0.217529,1.039795
257102321,0.10083,0.212646,1.033447
257107321,0.096191,0.217285,1.028809
257112321,0.091064,0.220459,1.020996
257117321,0.089355,0.214111,1.012939
257122321,0.098389,0.219482,1.022949
257127321,0.0979,0.212646,1.032471
257132321,0.101563,0.211914,1.041748
257137321,0.110107,0.214844,1.036377
257142321,0.099609,0.211426,1.008789
257147321,0.102295,0.216064,1.015625
257152321,0.10083,0.223633,1.009277
257157321,0.100342,0.213867,1.02124
257162321,0.100586,0.221191,1.031006
257167321,0.10498,0.21875,1.039551
257172321,0.101563,0.219238,1.033691
257177321,0.092773,0.217773,1.027588
257182321,0.092285,0.216064,1.017822
257187321,0.092773,0.21582,1.015625
257192321,0.091797,0.214844,1.017334
257197321,0.099365,0.212402,1.024902
257202321,0.098389,0.208984,1.033936
257207321,0.100098,0.2146,1.036865
257212321,0.101807,0.205566,1.030518
257217321,0.096436,0.216797,1.019043
257222321,0.100342,0.216309,1.016846
257227321,0.097656,0.2229,1.014648
257232321,0.093018,0.22168,1.012695
257237321,0.096924,0.221924,1.026855
257242321,0.104248,0.216553,1.028809
257247321,0.10083,0.221191,1.036133
257252321,0.102051,0.2146,1.023682
257257321,0.101807,0.212891,1.02832
257262321,0.090576,0.212646,1.010742
257267321,0.091309,0.20874,1.018066
257272321,0.093018,0.216797,1.02124
257277321,0.090332,0.216064,1.028076
257282321,0.101563,0.212402,1.0271
257287321,0.099365,0.211182,1.029541
257292321,0.097412,0.210937,1.019531
257297321,0.101807,0.214844,1.0271
257302321,0.101807,0.216309,1.016602
257307321,0.10083,0.214844,1.023926
257312321,0.102539,0.2146,1.032227
257317321,0.101807,0.220703,1.031006
257322321,0.094238,0.213379,1.025635
257327321,0.093262,0.213135,1.016357
257332321,0.094482,0.217041,1.017578
257337321,0.097656,0.210937,1.019287
257342321,0.102295,0.210449,1.030029
257347321,0.096436,0.215088,1.031982
257352321,0.092285,0.215576,1.023193
257357321,0.093506,0.213379,1.02124
257362321,0.093262,0.217041,1.011475
257367321,0.092529,0.217529,1.022705
257372321,0.099609,0.216797,1.027588
257377321,0.10083,0.214111,1.024902
257382321,0.099854,0.218018,1.0271
257387321,0.100342,0.215088,1.022949
257392321,0.096436,0.216797,1.017822
257397321,0.095703,0.217041,1.012451
257402321,0.10376,0.209961,1.019287
257407321,0.103027,0.213623,1.023682
257412321,0.096436,0.209229,1.02832
257417321,0.104004,0.2146,1.0354
257422321,0.093262,0.212646,1.029053
257427321,0.091309,0.212402,1.020508
257432321,0.089355,0.220459,1.023438
257437321,0.086182,0.218994,1.018555
257442321,0.092041,0.216797,1.019531
257447321,0.101074,0.213867,1.029785
257452321,0.103271,0.214111,1.032227
257457321,0.099854,0.212402,1.030762
257462321,0.102295,0.217529,1.024414
257467321,0.095215,0.222412,1.016357
257472321,0.094238,0.212891,1.014404
257477321,0.098145,0.210449,1.019531
257482321,0.098877,0.210693,1.021484
257487321,0.099365,0.210449,1.024414
257492321,0.100098,0.213379,1.033936
257497321,0.103027,0.212158,1.024902
257502321,0.093018,0.213623,1.021484
257507321,0.092529,0.218262,1.017334
257512321,0.090088,0.216553,1.016846
257517321,0.092529,0.211914,1.015137
257522321,0.095459,0.218018,1.024658
257527321,0.096924,0.216064,1.030762
257532321,0.101563,0.211914,1.031006
257537321,0.098633,0.2146,1.024414
257542321,0.098877,0.213623,1.01709
257547321,0.099365,0.209473,1.010986
257552321,0.101074,0.216553,1.021973
257557321,0.099365,0.212646,1.019043
257562321,0.099609,0.215088,1.022949
257567321,0.101318,0.217773,1.031494
257572321,0.096436,0.217529,1.023682
257577321,0.097412,0.213379,1.020508
257582321,0.096924,0.216553,1.020264
257587321,0.089355,0.214844,1.016113
257592321,0.093018,0.212891,1.022949
257597321,0.099854,0.215088,1.02832
257602321,0.095703,0.215576,1.026855
257607321,0.091797,0.216064,1.02002
257612321,0.097656,0.21167,1.022461
257617321,0.101074,0.211426,1.027588
257622321,0.101563,0.216553,1.02417
257627321,0.096924,0.217773,1.024414
257632321,0.097412,0.215332,1.019775
257637321,0.093506,0.220459,1.014404
257642321,0.095215,0.212402,1.02124
257647321,0.103027,0.217285,1.032715
257652321,0.099609,0.216064,1.031006
257657321,0.098389,0.211182,1.029297
257662321,0.096191,0.217285,1.027344
257667321,0.094971,0.212646,1.026611
257672321,0.091797,0.213135,1.016357
257677321,0.091553,0.21582,1.021484
257682321,0.095459,0.210449,1.019287
257687321,0.099365,0.21167,1.027588
257692321,0.102051,0.211914,1.029053
257697321,0.098389,0.218994,1.023682
257702321,0.098877,0.217041,1.018555
257707321,0.099609,0.221436,1.020752
257712321,0.099121,0.220703,1.01709
257717321,0.102783,0.217529,1.01416
257722321,0.097656,0.21167,1.030518
257727321,0.094482,0.216797,1.025635
257732321,0.098389,0.2146,1.025879
257737321,0.098633,0.216553,1.02002
257742321,0.092529,0.212402,1.018066
257747321,0.092773,0.2146,1.015869
257752321,0.088623,0.214844,1.016357
257757321,0.095215,0.208984,1.021973
257762321,0.098877,0.212158,1.032959
257767321,0.100586,0.215332,1.03125
257772321,0.096191,0.218018,1.020264
257777321,0.102051,0.217041,1.035889
257782321,0.21582,-0.662354,1.999939
257787321,1.999939,1.999939,-2.0
257792321,-0.592285,1.277588,0.994141
257797321,-1.626953,1.999939,-1.428711
257802321,-1.170898,1.999939,1.999939
257807321,-2.0,0.415771,1.999939
257812321,0.244385,0.57373,1.999939
257817321,-2.0,1.752441,0.381836
257822321,-0.936035,1.147705,1.999939
257827321,-2.0,1.287354,1.999939
257832321,-1.815918,1.350586,-0.257568
257837321,-1.046875,0.382813,1.286377
257842321,-0.264893,0.613525,1.999939
257847321,-2.0,1.999939,-0.072754
257852321,-0.575439,1.999939,1.48584
257857321,0.087646,1.999939,1.15918
257862321,-0.042236,1.999939,1.015869
257867321,-0.263184,1.999939,-1.073242
257872321,0.101318,1.999939,1.999939
257877321,-0.226807,1.999939,1.999939
257882321,0.06543,1.868408,-2.0
257887321,-1.777344,1.999939,1.644531
257892321,-1.2854,1.999939,1.144043
257897321,-1.025146,0.800781,1.192871
257902321,0.135986,1.999939,1.027832
257907321,0.059814,1.999939,1.051758
257912321,0.136475,1.456299,0.938232
257917321,0.072998,0.63501,1.02832
257922321,0.062988,0.269287,1.019287
257927321,0.111572,0.219727,1.013916
257932321,0.107666,0.105957,0.918213
257937321,0.134033,0.088867,0.976318
257942321,0.039551,0.203613,0.911133
257947321,0.1521,0.378418,1.198486
257952321,0.033447,1.814697,1.342041
257957321,0.314209,0.439453,1.019775
257962321,-1.23291,1.0354,-2.0
257967321,-1.148193,0.32959,-0.835449
257972321,-0.146484,1.291504,1.158203
257977321,0.005615,1.893799,1.296631
257982321,-0.258545,1.000977,1.076904
257987321,0.019043,1.556885,1.003906
257992321,0.116699,1.999939,0.801758
257997321,0.027588,0.580566,0.958984
258002321,0.026123,0.264648,0.897949
258007321,0.069092,0.244385,0.979492
258012321,0.133545,0.333008,0.962158
258017321,0.121826,0.250488,1.051758
258022321,0.223633,0.156738,1.482422
258027321,-0.180664,1.477539,-0.5979
258032321,-0.206543,0.489258,0.681152
258037321,-0.973633,1.462402,1.893555
258042321,-1.975586,1.999939,-2.0
258047321,-0.499512,0.477539,1.999939
258052321,0.207275,1.994141,1.281006
258057321,0.182617,0.35083,1.129395
258062321,0.057129,1.799316,0.845215
258067321,0.057861,1.574219,1.031494
258072321,0.044922,0.210937,1.026123
258077321,0.127441,0.760498,0.994385
258082321,0.098633,0.686523,1.261719
258087321,0.066162,0.846924,1.447998
258092321,-1.12207,1.081787,-2.0
258097321,-0.666504,1.999939,-1.647217
258102321,-0.547607,1.04248,-0.770508
258107321,0.145752,1.325439,1.020752
258112321,0.114502,1.999939,1.036133
258117321,0.1521,1.999939,1.003906
258122321,0.117676,0.277344,1.125977
258127321,0.025391,0.50415,0.953125
258132321,0.040527,1.929199,-2.0
258137321,-0.10376,0.185059,-0.967529
258142321,-0.794922,1.832764,0.493164
258147321,0.000977,0.2146,-0.294678
258152321,-0.177979,1.999939,1.057373
258157321,0.036621,1.999939,0.561768
258162321,0.021973,1.612305,0.985107
258167321,0.139648,0.500977,1.141602
258172321,0.024414,1.999939,1.125488
258177321,-0.47998,0.292725,0.836914
258182321,-1.066406,0.963379,-0.923096
258187321,-0.934082,1.999939,0.968506
258192321,0.078857,1.45459,1.163574
258197321,0.084229,0.25,0.632568
258202321,-0.732422,0.558838,0.868896
258207321,0.188232,0.226318,0.60498
258212321,0.191895,0.208496,1.382568
258217321,0.053223,0.263184,1.09375
258222321,0.025391,0.224365,1.249023
258227321,0.130127,0.363037,1.069824
258232321,-0.0271,0.290283,1.080811
258237321,0.134277,0.332275,1.0354
258242321,0.023926,0.2146,0.994141
258247321,0.028564,0.295898,1.030518
258252321,0.125,0.217041,1.005859
258257321,0.047119,0.186768,1.034668
258262321,0.084961,0.29248,1.063477
258267321,0.095947,0.239258,1.05957
258272321,0.092773,0.223633,1.061279
258277321,0.120605,0.178467,0.98291
258282321,0.100098,0.136963,1.008301
258287321,0.140137,0.176758,1.023193
258292321,0.096191,0.196045,1.016357
258297321,0.10498,0.21875,1.005615
258302321,0.074951,0.149658,0.892578
258307321,0.082275,0.162598,0.970459
258312321,0.131348,0.154053,1.039307
258317321,0.095215,0.249756,1.072998
258322321,0.066895,0.239746,1.002686
258327321,0.075439,0.238281,1.038574
258332321,0.083008,0.238037,1.027832
258337321,0.078369,0.20874,1.016357
258342321,0.089844,0.204102,1.001953
258347321,0.115967,0.241943,1.101563
258352321,0.067627,0.226074,1.01416
258357321,0.067383,0.264648,1.021729
258362321,0.069824,0.243652,1.018066
258367321,0.088623,0.231934,1.047363
258372321,0.083496,0.234619,1.031006
258377321,0.094727,0.193604,0.99707
258382321,0.097656,0.187012,1.02002
258387321,0.100342,0.185303,1.019043
258392321,0.097656,0.227539,1.020752
258397321,0.116699,0.19751,1.030029
258402321,0.108643,0.152588,0.997314
258407321,0.114746,0.151367,0.982178
258412321,0.105469,0.168457,0.984375
258417321,0.096436,0.188477,1.016357
258422321,0.095215,0.224854,1.043457
258427321,0.093506,0.237549,1.03833
258432321,0.094727,0.221436,1.032715
258437321,0.091553,0.212158,1.031006
258442321,0.095703,0.218262,1.043701
258447321,0.083496,0.224609,1.026123
258452321,0.064209,0.247559,1.028564
258457321,0.081055,0.25,1.051514
258462321,0.074463,0.238281,1.049561
258467321,0.084229,0.2229,1.017334
258472321,0.08667,0.208984,1.030029
258477321,0.097168,0.204102,1.022949
258482321,0.088623,0.213623,1.00293
258487321,0.098389,0.196533,1.011719
258492321,0.107666,0.186768,1.02124
258497321,0.106201,0.180908,1.005615
258502321,0.107422,0.171631,1.000244
258507321,0.108643,0.177246,1.006836
258512321,0.098389,0.190918,1.023438
258517321,0.095215,0.212646,1.025146
258522321,0.0896,0.218018,1.032959
258527321,0.085693,0.224365,1.029541
258532321,0.095215,0.222168,1.03418
258537321,0.080078,0.22583,1.032715
258542321,0.080566,0.228027,1.016113
258547321,0.087646,0.223633,1.012939
258552321,0.095215,0.216309,1.030518
258557321,0.087158,0.217285,1.038818
258562321,0.098145,0.208252,1.020264
258567321,0.092041,0.197266,1.016602
258572321,0.099609,0.16333,0.994141
258577321,0.083008,0.250244,1.033936
258582321,0.041016,0.190918,1.049072
258587321,0.019531,0.24292,1.048828
258592321,0.038818,0.221191,1.01709
258597321,0.08252,0.208252,1.002197
258602321,0.113281,0.216553,1.020264
258607321,0.121582,0.223145,1.028809
258612321,0.141113,0.240479,0.98999
258617321,0.133545,0.237793,1.032227
258622321,0.135498,0.19458,1.039795
258627321,0.116943,0.178711,1.015869
258632321,0.118164,0.18042,1.026611
258637321,0.12207,0.19873,1.028809
258642321,0.114258,0.159912,1.03418
258647321,0.122559,0.164551,1.016113
258652321,0.103516,0.176025,1.011719
258657321,0.10498,0.212158,1.038574
258662321,0.101807,0.19458,1.003418
258667321,0.10376,0.19751,1.009033
258672321,0.105957,0.211182,1.033691
258677321,0.090576,0.219482,1.026611
258682321,0.103271,0.221191,1.021729
258687321,0.097656,0.200195,1.035156
258692321,0.088379,0.220703,1.037598
258697321,0.092285,0.262451,1.015625
258702321,0.06665,0.234375,1.026611
258707321,0.076904,0.257813,1.038574
258712321,0.07666,0.252441,1.031494
258717321,0.083008,0.213135,1.033691
258722321,0.099609,0.218262,1.028809
258727321,0.098389,0.200684,1.027832
258732321,0.095703,0.193359,1.003906
258737321,0.11084,0.201172,1.026855
258742321,0.104248,0.1875,1.020264
258747321,0.105469,0.190918,1.005127
258752321,0.10376,0.200684,1.019287
258757321,0.096191,0.221436,1.025635
258762321,0.089355,0.254395,1.04126
258767321,0.077148,0.239746,1.032959
258772321,0.084961,0.23584,1.018555
258777321,0.090088,0.234619,1.010986
258782321,0.102539,0.202881,1.013184
258787321,0.105225,0.209961,1.022217
258792321,0.101807,0.247314,1.021729
258797321,0.089844,0.189941,1.035645
258802321,0.096436,0.208496,1.031738
258807321,0.111328,0.19873,1.030029
258812321,0.092529,0.18042,1.011719
258817321,0.096191,0.209717,1.014648
258822321,0.082275,0.219971,1.026611
258827321,0.092285,0.209473,1.029297
258832321,0.09375,0.226074,1.0271
258837321,0.098145,0.217285,1.022461
258842321,0.084229,0.217773,1.031494
258847321,0.106445,0.220459,1.023193
258852321,0.099365,0.222168,1.035645
258857321,0.093994,0.216064,1.027588
258862321,0.103516,0.235352,1.031494
258867321,0.099609,0.208984,1.0354
258872321,0.116943,0.203857,1.009277
258877321,0.108154,0.177979,1.011719
258882321,0.111084,0.170166,1.003418
258887321,0.090332,0.195312,1.001221
258892321,0.091553,0.19458,0.998047
258897321,0.104248,0.191895,1.048828
258902321,0.096191,0.191406,1.026855
258907321,0.108154,0.204834,1.02002
258912321,0.094971,0.212402,1.021729
258917321,0.089844,0.230713,1.026855
258922321,0.0979,0.226807,1.038818
258927321,0.087158,0.22876,1.027344
258932321,0.088135,0.229248,1.023682
258937321,0.094727,0.227539,1.025146
258942321,0.100098,0.216309,1.025146
258947321,0.098389,0.205811,1.004395
258952321,0.111328,0.196533,1.020508
258957321,0.106445,0.197021,1.029541
258962321,0.106201,0.192627,1.01123
258967321,0.112549,0.190186,1.010742
258972321,0.106201,0.189941,1.014404
258977321,0.100342,0.197754,1.019531
258982321,0.098633,0.20459,1.02417
258987321,0.088379,0.211182,1.018555
258992321,0.091064,0.219971,1.02832
258997321,0.085937,0.226318,1.020264
259002321,0.089355,0.221436,1.035889
259007321,0.093018,0.226074,1.03418
259012321,0.095459,0.221436,1.031982
259017321,0.100098,0.211914,1.021729
259022321,0.103516,0.205811,1.022461
259027321,0.105225,0.20459,1.022949
259032321,0.106689,0.203125,1.021729
259037321,0.10791,0.20166,1.021973
259042321,0.109131,0.195068,1.009277
259047321,0.105957,0.198486,1.019043
259052321,0.096436,0.203613,1.018799
259057321,0.101074,0.210693,1.018555
259062321,0.09668,0.2146,1.027344
259067321,0.097656,0.219482,1.039307
259072321,0.098145,0.21875,1.02417
259077321,0.091064,0.218994,1.024902
259082321,0.096436,0.212646,1.039551
259087321,0.099854,0.209229,1.029053
259092321,0.093018,0.206299,1.023193
259097321,0.0979,0.205078,1.018066
259102321,0.106689,0.201172,1.023193
259107321,0.103027,0.204834,1.013672
259112321,0.109375,0.206055,1.018311
259117321,0.109863,0.198486,1.02124
259122321,0.104004,0.204346,1.023193
259127321,0.097656,0.213135,1.02417
259132321,0.090088,0.215576,1.014893
259137321,0.098389,0.216553,1.029053
259142321,0.096191,0.220703,1.035645
259147321,0.093262,0.21582,1.029297
259152321,0.092285,0.215332,1.016846
259157321,0.097656,0.208496,1.015137
259162321,0.104004,0.205078,1.022217
259167321,0.097656,0.202637,1.019531
259172321,0.097168,0.203369,1.018066
259177321,0.095947,0.206055,1.010254
259182321,0.099609,0.202881,1.015137
259187321,0.099365,0.205078,1.01709
259192321,0.100342,0.210937,1.023682
259197321,0.101807,0.214844,1.018555
259202321,0.102051,0.215088,1.02832
259207321,0.098145,0.213135,1.037842
259212321,0.0979,0.21582,1.035156
259217321,0.098877,0.20874,1.023682
259222321,0.096191,0.207275,1.025879
259227321,0.103271,0.208496,1.024902
259232321,0.099365,0.205811,1.023193
259237321,0.095947,0.20459,1.022217
259242321,0.100342,0.205811,1.026367
259247321,0.099121,0.208008,1.026123
259252321,0.097412,0.20752,1.023682
259257321,0.09375,0.205078,1.015625
259262321,0.102539,0.20874,1.025635
259267321,0.095459,0.216309,1.027344
259272321,0.099609,0.211914,1.02417
259277321,0.098145,0.216309,1.018066
259282321,0.101318,0.211914,1.025146
259287321,0.102783,0.213867,1.033447
259292321,0.100098,0.208008,1.020508
259297321,0.101563,0.209961,1.026367
259302321,0.099365,0.208984,1.03125
259307321,0.097168,0.205566,1.014648
259312321,0.102783,0.212158,1.022217
259317321,0.100098,0.203613,1.03125
259322321,0.093018,0.206299,1.025391
259327321,0.095459,0.210693,1.020508
259332321,0.099854,0.205078,1.0271
259337321,0.096191,0.21167,1.021484
259342321,0.102295,0.214355,1.022949
259347321,0.098145,0.208008,1.023193
259352321,0.103271,0.207031,1.019775
259357321,0.100586,0.20752,1.029541
259362321,0.0979,0.205811,1.020508
259367321,0.100098,0.211182,1.01709
259372321,0.10498,0.213379,1.025146
259377321,0.103516,0.210449,1.030273
259382321,0.096436,0.208008,1.023682
259387321,0.09668,0.209961,1.027344
259392321,0.100342,0.208252,1.03418
259397321,0.0979,0.210205,1.038086
259402321,0.099854,0.210449,1.021973
259407321,0.097412,0.210449,1.029785
259412321,0.099854,0.210449,1.02124
259417321,0.0979,0.211914,1.025635
259422321,0.0979,0.210205,1.024902
259427321,0.10083,0.209473,1.02124
259432321,0.101563,0.206787,1.018799
259437321,0.104004,0.209229,1.021729
259442321,0.100586,0.208984,1.028809
259447321,0.094238,0.212158,1.016357
259452321,0.10083,0.20874,1.031006
259457321,0.098145,0.208252,1.024414
259462321,0.100098,0.209473,1.024414
259467321,0.100098,0.210937,1.021729
259472321,0.100342,0.209717,1.024414
259477321,0.0979,0.209473,1.020264
259482321,0.0979,0.208252,1.018066
259487321,0.101807,0.206543,1.026855
259492321,0.094238,0.208008,1.02417
259497321,0.10083,0.20459,1.019775
259502321,0.100586,0.206299,1.022949
259507321,0.098145,0.210205,1.025635
259512321,0.101807,0.210205,1.024414
259517321,0.097656,0.212402,1.019287
259522321,0.102539,0.210937,1.022949
259527321,0.104492,0.207764,1.02124
259532321,0.102539,0.209717,1.01416
259537321,0.097412,0.206543,1.023438
259542321,0.098145,0.20752,1.020996
259547321,0.102539,0.20752,1.026367
259552321,0.102539,0.206787,1.028809
259557321,0.092285,0.204346,1.015869
259562321,0.098145,0.204834,1.025146
259567321,0.096436,0.208984,1.030029
259572321,0.096436,0.208252,1.018066
259577321,0.095947,0.208252,1.025635
259582321,0.100098,0.211914,1.023926
259587321,0.101807,0.21167,1.021729
259592321,0.099121,0.210937,1.021484
259597321,0.096191,0.21167,1.026611
259602321,0.10083,0.214111,1.02417
259607321,0.107178,0.209229,1.019775
259612321,0.098633,0.208008,1.022461
259617321,0.10376,0.207031,1.027344
259622321,0.098877,0.209473,1.02832
259627321,0.097412,0.20874,1.022461
259632321,0.0979,0.213623,1.022705
259637321,0.102295,0.209717,1.026855
259642321,0.100098,0.212158,1.025635
259647321,0.099854,0.209961,1.024414
259652321,0.098633,0.208984,1.028564
259657321,0.0979,0.207764,1.024902
259662321,0.102539,0.20874,1.030273
259667321,0.100098,0.210693,1.027588
259672321,0.103516,0.209961,1.018066
259677321,0.101807,0.210693,1.02832
259682321,0.098389,0.213135,1.030518
259687321,0.102295,0.211182,1.031494
259692321,0.092529,0.206543,1.016846
259697321,0.106201,0.21875,1.029297
259702321,0.101074,0.207275,1.034912
259707321,0.087402,0.209717,1.017578
259712321,0.104736,0.212891,1.019531
259717321,0.092773,0.205811,1.031006
259722321,0.098633,0.212891,1.025635
259727321,0.104492,0.206543,1.02417
259732321,0.100098,0.206055,1.026855
259737321,0.095215,0.210693,1.022217
259742321,0.103516,0.205322,1.026855
259747321,0.105469,0.21167,1.031006
259752321,0.098389,0.210205,1.02124
259757321,0.101318,0.212891,1.026611
259762321,0.101807,0.20874,1.023926
259767321,0.099609,0.210693,1.021729
259772321,0.10083,0.213379,1.02002
259777321,0.100342,0.206543,1.029053
259782321,0.098877,0.212402,1.027344
259787321,0.098145,0.206787,1.021973
259792321,0.09375,0.210449,1.017822
259797321,0.099854,0.208984,1.021729
259802321,0.100342,0.204102,1.0271
259807321,0.10083,0.207764,1.022705
259812321,0.098877,0.20874,1.024658
259817321,0.101074,0.213135,1.023438
259822321,0.103516,0.211426,1.024658
259827321,0.10498,0.212158,1.021484
259832321,0.098877,0.213867,1.028564
259837321,0.099365,0.210693,1.026367
259842321,0.099365,0.210937,1.025146
259847321,0.095459,0.210693,1.014893
259852321,0.103271,0.212402,1.026611
259857321,0.099121,0.214355,1.0271
259862321,0.104248,0.21167,1.026611
259867321,0.098877,0.207764,1.012939
259872321,0.109619,0.211914,1.036377
259877321,0.096924,0.210449,1.030518
259882321,0.095459,0.218018,1.022949
259887321,0.097168,0.210937,1.022461
259892321,0.098633,0.206543,1.026367
259897321,0.094727,0.206787,1.03125
259902321,0.093506,0.203857,1.028076
259907321,0.096436,0.204834,1.030273
259912321,0.095215,0.200684,1.027832
259917321,0.095215,0.202637,1.022461
259922321,0.099854,0.204834,1.019531
259927321,0.100586,0.210449,1.028809
259932321,0.102539,0.215576,1.023438
259937321,0.103027,0.214355,1.028564
259942321,0.106201,0.210449,1.019531
259947321,0.10498,0.212891,1.014404
259952321,0.104492,0.217529,1.023926
259957321,0.107422,0.222168,1.029053
259962321,0.104004,0.219238,1.025635
259967321,0.10498,0.214844,1.020264
259972321,0.105957,0.206787,1.022949
259977321,0.098145,0.205322,1.027832
259982321,0.093018,0.20166,1.024902
259987321,0.096436,0.199707,1.028564
259992321,0.091309,0.197998,1.029785
259997321,0.093994,0.202881,1.021729
260002321,0.094971,0.20459,1.013672
260007321,0.102539,0.209473,1.036865
260012321,0.095215,0.209229,1.027344
260017321,0.101807,0.216797,1.02417
260022321,0.106689,0.216797,1.023438
260027321,0.094238,0.217773,1.020508
260032321,0.108643,0.2229,1.031738
260037321,0.105957,0.209229,1.024414
260042321,0.105469,0.214355,1.030762
260047321,0.10376,0.205566,1.021973
260052321,0.101563,0.201172,1.019531
260057321,0.098145,0.20752,1.023682
260062321,0.093262,0.197754,1.02124
260067321,0.096436,0.206055,1.030029
260072321,0.093994,0.203613,1.024658
260077321,0.0896,0.214111,1.025146
260082321,0.093262,0.213623,1.022217
260087321,0.088623,0.218018,1.029297
260092321,0.094727,0.215332,1.029053
260097321,0.100098,0.216797,1.026855
260102321,0.102783,0.219727,1.020264
260107321,0.105225,0.210449,1.020264
260112321,0.108887,0.210937,1.020264
260117321,0.110107,0.199463,1.013916
260122321,0.11377,0.200684,1.017578
260127321,0.106445,0.201904,1.019287
260132321,0.100586,0.206787,1.02002
260137321,0.096924,0.209717,1.025146
260142321,0.093506,0.211182,1.025391
260147321,0.089111,0.212402,1.030762
260152321,0.090088,0.215088,1.025879
260157321,0.0896,0.219971,1.027588
260162321,0.091309,0.213623,1.030518
260167321,0.097168,0.210205,1.022705
260172321,0.100342,0.21167,1.031006
260177321,0.099609,0.206787,1.027588
260182321,0.105469,0.208008,1.023193
260187321,0.109131,0.206055,1.012451
260192321,0.108887,0.206543,1.023438
260197321,0.109619,0.206299,1.018799
260202321,0.107666,0.205322,1.02002
260207321,0.099121,0.208496,1.024414
260212321,0.095215,0.214844,1.026855
260217321,0.097168,0.214355,1.022461
260222321,0.094727,0.212646,1.025879
260227321,0.094482,0.209717,1.032959
260232321,0.090088,0.208496,1.022949
260237321,0.093262,0.202881,1.022461
260242321,0.097412,0.209229,1.024902
260247321,0.098877,0.205322,1.024902
260252321,0.0979,0.202637,1.020996
260257321,0.101318,0.206055,1.027344
260262321,0.101318,0.205322,1.019043
260267321,0.107178,0.210205,1.020508
260272321,0.10791,0.213379,1.020752
260277321,0.10791,0.213379,1.023682
260282321,0.102783,0.214111,1.022217
260287321,0.101074,0.213867,1.028564
260292321,0.103027,0.215088,1.02417
260297321,0.101074,0.212402,1.022705
260302321,0.0979,0.206787,1.023438
260307321,0.095703,0.213135,1.030029
260312321,0.095703,0.206299,1.028564
260317321,0.094238,0.200195,1.021484
260322321,0.0979,0.206055,1.032227
260327321,-1.793945,-0.505615,1.999939
260332321,1.999939,1.176025,1.84082
260337321,-0.344238,1.959961,1.999939
260342321,1.094971,1.42749,-1.044922
260347321,-0.333496,1.999939,0.94458
260352321,-2.0,1.999939,-2.0
260357321,-0.737305,0.904053,-2.0
260362321,-0.745361,1.999939,-2.0
260367321,-1.265625,0.863281,0.156006
260372321,-0.145752,1.835693,-0.749268
260377321,-0.313477,0.185303,-1.242676
260382321,0.07373,-0.073975,0.05127
260387321,-0.750977,0.374268,1.24585
260392321,-0.455566,0.334961,0.59668
260397321,-0.477295,-0.022949,1.030029
260402321,-0.33374,1.999939,0.662842
260407321,-0.519287,1.174072,-0.779541
260412321,-2.0,-0.151855,1.999939
260417321,-2.0,1.717285,-0.67041
260422321,0.151611,1.976807,0.121094
260427321,-0.124023,0.234863,0.315918
260432321,-0.169189,0.460205,0.780273
260437321,-0.105469,1.999939,1.063965
260442321,0.221924,0.359375,1.325439
260447321,-0.538574,1.254395,0.137207
260452321,0.219971,-1.747559,1.999939
260457321,0.182373,1.451904,-2.0
260462321,-0.393066,0.890381,-2.0
260467321,-1.654297,1.999939,0.630371
260472321,-2.0,1.976563,-2.0
260477321,-0.560791,1.999939,-0.066406
260482321,-0.700684,0.155029,-1.936035
260487321,0.054687,0.202881,0.917969
260492321,-0.620605,0.947266,-0.46167
260497321,-0.523437,0.957031,1.439209
260502321,-0.009033,1.242188,1.296143
260507321,0.101807,0.342773,1.274658
260512321,-0.797363,0.69751,0.175293
260517321,-0.604492,1.056885,-2.0
260522321,-1.001221,1.750732,-2.0
260527321,-0.280029,0.970215,1.899902
260532321,0.056641,1.614502,-1.035889
260537321,0.057129,0.162109,0.252197
260542321,0.087402,0.3479,0.962402
260547321,0.070068,0.234131,0.961182
260552321,0.118652,0.251953,1.070801
260557321,0.24292,0.18042,1.12793
260562321,0.051514,0.156494,0.873291
260567321,0.165527,0.177002,1.181396
260572321,0.056641,0.191895,0.883789
260577321,0.086914,0.230957,1.057617
260582321,0.106689,0.237549,1.085938
260587321,0.071289,0.216553,0.976074
260592321,0.105957,0.213135,1.069336
260597321,0.084473,0.223145,1.003906
260602321,0.084717,0.234863,1.030273
260607321,0.09082,0.241211,1.056641
260612321,0.08374,0.201904,0.98584
260617321,0.120361,0.132324,0.938721
260622321,0.112061,0.200928,0.988281
260627321,0.055908,0.25415,1.157227
260632321,0.082275,0.265137,1.000732
260637321,0.111328,0.182617,1.0271
260642321,0.085693,0.149658,1.060303
260647321,0.119629,0.188232,0.977295
260652321,0.096436,0.182129,1.007324
260657321,0.088867,0.218506,1.014893
260662321,0.096191,0.218262,1.030273
260667321,0.101563,0.194336,1.03833
260672321,0.107666,0.20166,1.015381
260677321,0.114014,0.188721,1.013916
260682321,0.112549,0.162109,0.999268
260687321,0.141357,0.157227,1.017822
260692321,0.187012,0.148682,1.063477
260697321,0.13916,0.171387,0.999268
260702321,0.080811,0.251465,1.068848
260707321,0.018066,0.256104,1.016357
260712321,-0.006592,0.289063,1.079834
260717321,0.039307,0.269531,1.033203
260722321,0.047363,0.2771,1.010742
260727321,0.037842,0.250977,1.006104
260732321,0.051758,0.205078,1.055176
260737321,0.092285,0.241943,1.043701
260742321,0.09082,0.196289,1.006348
260747321,0.092285,0.144775,1.005615
260752321,0.12207,0.174561,0.986084
260757321,0.100098,0.167969,0.998047
260762321,0.084229,0.186768,1.059814
260767321,0.057617,0.298096,1.056152
260772321,0.052246,0.236816,1.000732
260777321,0.07373,0.233154,1.027588
260782321,0.072021,0.229004,1.046875
260787321,0.091309,0.206787,1.025879
260792321,0.072021,0.213135,1.033447
260797321,0.077148,0.238037,1.036865
260802321,0.08252,0.22998,1.027344
260807321,0.083496,0.226074,1.03125
260812321,0.072998,0.231445,1.04126
260817321,0.07251,0.225342,1.045166
260822321,0.080322,0.228271,1.039307
260827321,0.069336,0.204834,0.994629
260832321,0.089111,0.28125,1.056152
260837321,0.075928,0.227051,1.121338
260842321,0.080811,0.260742,1.039795
260847321,0.126221,0.206055,1.02002
260852321,0.082764,0.14917,1.0271
260857321,0.100586,0.188477,0.978027
260862321,0.076904,0.165039,0.993896
260867321,0.112549,0.204346,1.032959
260872321,0.108398,0.14917,1.00708
260877321,0.070312,0.165039,0.595947
260882321,-0.432373,1.999939,-0.624512
260887321,0.013428,1.992676,0.486572
260892321,-0.304688,0.104492,1.489746
260897321,0.502441,0.116699,1.266113
260902321,0.137207,0.246094,1.290527
260907321,-0.009521,0.209961,0.740479
260912321,0.033691,0.243408,0.932617
260917321,0.100342,0.280762,1.107178
260922321,-0.013428,0.278076,0.895996
260927321,-0.13623,1.309082,-2.0
260932321,-1.363525,0.671875,-0.141357
260937321,-0.708252,1.492676,1.000244
260942321,0.098877,0.228516,1.009033
260947321,0.115234,0.249512,1.077881
260952321,-0.125977,0.549805,1.714111
260957321,-0.102783,0.405518,0.92627
260962321,-0.070801,0.504639,1.10083
260967321,0.115479,0.26416,1.114502
260972321,0.132324,0.15625,1.007568
260977321,0.154785,0.131592,1.100098
260982321,0.092529,0.185547,1.04248
260987321,0.10791,0.199951,1.065918
260992321,0.104736,0.214355,1.054443
260997321,0.108398,0.141602,1.000977
261002321,0.126465,0.15625,0.986816
261007321,0.097412,0.148682,1.005859
261012321,0.095703,0.226074,1.044678
261017321,0.074463,0.241455,1.030518
261022321,0.072998,0.233398,1.024902
261027321,0.083984,0.222168,1.039795
261032321,0.090088,0.201172,1.034668
261037321,0.078613,0.215088,1.040771
261042321,0.078613,0.23291,1.027344
261047321,0.068359,0.234375,1.024414
261052321,0.070312,0.239502,1.032959
261057321,0.081055,0.232422,1.040527
261062321,0.083008,0.210449,1.03125
261067321,0.086426,0.214844,1.028076
261072321,0.081055,0.217041,1.033203
261077321,0.096436,0.21582,1.028564
261082321,0.091064,0.202881,1.022217
261087321,0.103027,0.187988,1.016602
261092321,0.099121,0.17627,1.00708
261097321,0.101563,0.174072,1.000488
261102321,0.098389,0.182861,1.005127
261107321,0.087158,0.180664,1.015381
261112321,0.094238,0.192139,1.012939
261117321,0.078125,0.210205,1.004639
261122321,0.077881,0.220703,1.01709
261127321,0.084961,0.222656,1.036377
261132321,0.081787,0.20874,1.036133
261137321,0.08667,0.216064,1.03125
261142321,0.080322,0.2229,1.029053
261147321,0.076904,0.230469,1.024414
261152321,0.075928,0.226562,1.034668
261157321,0.08374,0.223145,1.035889
261162321,0.088135,0.215332,1.037842
261167321,0.092773,0.211182,1.038086
261172321,0.092529,0.199463,1.028076
261177321,0.093018,0.197998,1.019043
261182321,0.088867,0.198486,1.014404
261187321,0.095215,0.196289,1.013184
261192321,0.093994,0.190918,1.015381
261197321,0.097656,0.191895,1.02417
261202321,0.09082,0.19458,1.025146
261207321,0.094727,0.207031,1.023926
261212321,0.084229,0.213623,1.030518
261217321,0.084717,0.219727,1.024902
261222321,0.086914,0.218018,1.023682
261227321,0.087158,0.216064,1.035645
261232321,0.086426,0.214111,1.034668
261237321,0.083496,0.212402,1.031982
261242321,0.09082,0.216553,1.036865
261247321,0.083496,0.213379,1.023926
261252321,0.087891,0.210449,1.021729
261257321,0.090576,0.204102,1.015869
261262321,0.09082,0.19873,1.02002
261267321,0.096436,0.195557,1.028564
261272321,0.090332,0.19751,1.019775
261277321,0.085693,0.200928,1.017334
261282321,0.089844,0.203125,1.022705
261287321,0.093994,0.205566,1.019775
261292321,0.088379,0.212402,1.028564
261297321,0.090576,0.212402,1.026611
261302321,0.085937,0.215332,1.023682
261307321,0.086182,0.219727,1.027344
261312321,0.085449,0.215088,1.022217
261317321,0.086426,0.210693,1.030273
261322321,0.084473,0.212158,1.027832
261327321,0.09082,0.207275,1.027344
261332321,0.090576,0.20459,1.0271
261337321,0.086426,0.199951,1.021484
261342321,0.087891,0.201904,1.027832
261347321,0.088867,0.202393,1.024902
261352321,0.09082,0.198486,1.024414
261357321,0.090088,0.203369,1.028076
261362321,0.090576,0.209229,1.024658
261367321,0.084473,0.214111,1.028564
261372321,0.085205,0.21167,1.022461
261377321,0.087402,0.216309,1.024414
261382321,0.091309,0.213135,1.028564
261387321,0.092041,0.209473,1.027588
261392321,0.090088,0.211426,1.023682
261397321,0.085937,0.213867,1.022705
261402321,0.088135,0.208496,1.022705
261407321,0.087402,0.208984,1.023926
261412321,0.085449,0.203613,1.021484
261417321,0.087646,0.203125,1.026367
261422321,0.089844,0.202393,1.0271
261427321,0.09375,0.206543,1.023193
261432321,0.090576,0.209473,1.027344
261437321,0.087158,0.203857,1.028809
261442321,0.084717,0.208984,1.025635
261447321,0.08667,0.207764,1.0271
261452321,0.083008,0.210937,1.026367
261457321,0.089844,0.212158,1.030029
261462321,0.092529,0.208252,1.022461
261467321,0.09082,0.208984,1.025146
261472321,0.085449,0.207764,1.019531
261477321,0.089111,0.208984,1.021973
261482321,0.086426,0.205078,1.024658
261487321,0.094971,0.203369,1.024414
261492321,0.092529,0.209961,1.027344
261497321,0.087402,0.201416,1.032227
261502321,0.085937,0.201416,1.023438
261507321,0.088135,0.211426,1.0271
261512321,0.085205,0.20459,1.023438
261517321,0.081787,0.211182,1.032959
261522321,0.085937,0.208008,1.027344
261527321,0.087646,0.205322,1.028564
261532321,0.090332,0.208984,1.029053
261537321,0.090576,0.20874,1.025879
261542321,0.087402,0.20874,1.023682
261547321,0.091064,0.212158,1.023193
261552321,0.088623,0.208252,1.017334
261557321,0.091309,0.205566,1.024658
261562321,0.095459,0.208984,1.030273
261567321,0.090576,0.208252,1.029297
261572321,0.0896,0.206543,1.027588
261577321,0.088379,0.209229,1.02417
261582321,0.087646,0.20874,1.026611
261587321,0.087402,0.206543,1.025391
261592321,0.085449,0.20874,1.023438
261597321,0.085693,0.209229,1.017578
261602321,0.088135,0.208008,1.029541
261607321,0.088867,0.209473,1.026367
261612321,0.08667,0.206543,1.025391
261617321,0.093262,0.206299,1.022705
261622321,0.085937,0.207031,1.020508
261627321,0.086914,0.210449,1.020752
261632321,0.094971,0.206787,1.027344
261637321,0.09375,0.209229,1.023193
261642321,0.088379,0.206543,1.025635
261647321,0.089111,0.205322,1.033203
261652321,0.087158,0.20874,1.023193
261657321,0.088135,0.202393,1.030029
261662321,0.091064,0.207764,1.029297
261667321,0.088867,0.210205,1.026611
261672321,0.087891,0.207031,1.026367
261677321,0.087891,0.208496,1.02832
261682321,0.087646,0.202148,1.027588
261687321,0.088623,0.205078,1.023926
261692321,0.091797,0.206543,1.031006
261697321,0.091309,0.204346,1.023926
261702321,0.091553,0.206787,1.027344
261707321,0.086914,0.208008,1.023682
261712321,0.084717,0.206787,1.014648
261717321,0.088379,0.209473,1.019775
261722321,0.089844,0.211426,1.029053
261727321,0.092041,0.209717,1.031494
261732321,0.089111,0.209717,1.031006
261737321,0.087646,0.209717,1.040283
261742321,0.087891,0.208008,1.023682
261747321,0.083252,0.211914,1.011963
261752321,0.087158,0.209717,1.02002
261757321,0.089111,0.210937,1.03418
261762321,0.096924,0.207275,1.031982
261767321,0.08667,0.208008,1.022461
261772321,0.091309,0.206299,1.022461
261777321,0.086914,0.205078,1.026367
261782321,0.092773,0.210449,1.031006
261787321,0.087402,0.20459,1.025146
261792321,0.089111,0.211182,1.023682
261797321,0.093506,0.208984,1.037354
261802321,0.091309,0.206299,1.031006
261807321,0.091064,0.205322,1.029053
261812321,0.087891,0.207275,1.024658
261817321,0.088623,0.209229,1.027344
261822321,0.08667,0.208496,1.026611
261827321,0.082275,0.205078,1.020508
261832321,0.088379,0.211426,1.025879
261837321,0.08374,0.208984,1.032471
261842321,0.09082,0.20874,1.025635
261847321,0.088135,0.20459,1.026367
261852321,0.090088,0.207275,1.020508
261857321,0.084717,0.20874,1.025635
261862321,0.088379,0.210693,1.017822
261867321,0.087891,0.207275,1.023438
261872321,0.087402,0.207031,1.030273
261877321,0.090332,0.208008,1.025879
261882321,0.089844,0.21167,1.025635
261887321,0.084717,0.210693,1.027588
261892321,0.086914,0.205811,1.017334
261897321,0.0896,0.210937,1.027588
261902321,0.086914,0.208008,1.021729
261907321,0.092773,0.206543,1.030029
261912321,0.093018,0.204346,1.032471
261917321,0.087891,0.208496,1.029785
261922321,0.085449,0.209473,1.024414
261927321,0.087646,0.20752,1.02417
261932321,0.086426,0.208252,1.016602
261937321,0.084229,0.208008,1.025146
261942321,0.088623,0.208252,1.032959
261947321,0.092773,0.205811,1.034912
261952321,0.087158,0.208008,1.028809
261957321,0.088623,0.205322,1.026855
261962321,0.085205,0.213379,1.028564
261967321,0.082031,0.20874,1.024414
261972321,0.08667,0.21167,1.016846
261977321,0.090576,0.207275,1.021484
261982321,0.093506,0.205322,1.028809
261987321,0.095703,0.206299,1.031494
261992321,0.093994,0.208008,1.034424
261997321,0.090576,0.208008,1.025146
262002321,0.088379,0.206299,1.025146
262007321,0.086914,0.213135,1.022949
262012321,0.08374,0.208008,1.02124
262017321,0.088379,0.207764,1.027344
262022321,0.096191,0.206787,1.026611
262027321,0.091797,0.207031,1.030273
262032321,0.091309,0.207275,1.029541
262037321,0.092285,0.209473,1.025879
262042321,0.085205,0.210693,1.022217
262047321,0.082764,0.207275,1.02417
262052321,0.083984,0.20752,1.018066
262057321,0.088135,0.21167,1.024658
262062321,0.091064,0.209473,1.026123
262067321,0.084961,0.208984,1.020996
262072321,0.090576,0.205811,1.028809
262077321,0.08667,0.206299,1.03125
262082321,0.086426,0.203369,1.020752
262087321,0.087891,0.210205,1.017822
262092321,0.088623,0.20874,1.025635
262097321,0.089844,0.210205,1.025146
262102321,0.085449,0.208252,1.025879
262107321,0.088379,0.210205,1.024414
262112321,0.089844,0.205078,1.02124
262117321,0.09082,0.211426,1.032471
262122321,0.088379,0.208984,1.030273
262127321,0.096436,0.207764,1.032959
262132321,0.089111,0.210205,1.028076
262137321,0.086426,0.209717,1.027832
262142321,0.084473,0.206299,1.018311
262147321,0.088135,0.209473,1.020508
262152321,0.089355,0.209717,1.023682
262157321,0.09082,0.209473,1.024658
262162321,0.087891,0.207764,1.030762
262167321,0.088867,0.205322,1.026611
262172321,0.09082,0.207275,1.025879
262177321,0.092529,0.209229,1.023193
262182321,0.089111,0.21167,1.026367
262187321,0.084961,0.207275,1.023682
262192321,0.085205,0.209473,1.029541
262197321,0.0896,0.206787,1.022461
262202321,0.089111,0.206055,1.021973
262207321,0.087158,0.209229,1.01709
262212321,0.092285,0.209961,1.029053
262217321,0.09082,0.203857,1.031982
262222321,0.089111,0.208008,1.029785
262227321,0.093018,0.209229,1.023926
262232321,0.088379,0.20752,1.023926
262237321,0.089355,0.209717,1.020752
262242321,0.091797,0.207031,1.034424
262247321,0.0896,0.202393,1.025879
262252321,0.083008,0.209473,1.010986
262257321,0.089844,0.212891,1.021973
262262321,0.088867,0.20752,1.013428
262267321,0.092773,0.206787,1.02417
262272321,0.093994,0.211914,1.047363
262277321,0.086426,0.202881,1.030518
262282321,0.083496,0.209717,1.012939
262287321,0.081787,0.216064,1.01416
262292321,0.088623,0.20874,1.0271
262297321,0.09375,0.205078,1.025635
262302321,0.08667,0.205322,1.021973
262307321,0.087646,0.210205,1.023926
262312321,0.0896,0.209473,1.026123
262317321,0.089355,0.206787,1.026611
262322321,0.090088,0.203125,1.0271
262327321,0.090332,0.208496,1.018555
262332321,0.084473,0.208496,1.021973
262337321,0.088135,0.209717,1.029053
262342321,0.090088,0.209717,1.027588
262347321,0.083984,0.209229,1.018311
262352321,0.086182,0.210449,1.022461
262357321,0.08667,0.207764,1.02832
262362321,0.094238,0.210205,1.026367
262367321,0.092773,0.20752,1.025146
262372321,0.088867,0.206299,1.027344
262377321,0.095459,0.210205,1.025879
262382321,0.088867,0.202148,1.020264
262387321,0.090088,0.210693,1.025391
262392321,0.089111,0.20459,1.031494
262397321,0.09082,0.205322,1.031982
262402321,0.08374,0.209473,1.025391
262407321,0.082764,0.20874,1.025879
262412321,0.088867,0.207275,1.031738
262417321,0.093018,0.209961,1.028564
262422321,0.08667,0.206055,1.027344
262427321,0.0896,0.208252,1.025146
262432321,0.087891,0.209717,1.013672
262437321,0.087646,0.208008,1.025635
262442321,0.091797,0.206055,1.029297
262447321,0.0896,0.205078,1.026367
262452321,0.090576,0.210449,1.026855
262457321,0.089355,0.20874,1.032959
262462321,0.092041,0.208984,1.025635
262467321,0.087646,0.210693,1.025146
262472321,0.090332,0.215332,1.028564
262477321,0.091309,0.211426,1.029053
262482321,0.09082,0.205322,1.031982
262487321,0.08667,0.210693,1.018555
262492321,0.087158,0.208008,1.014648
262497321,0.078125,0.21167,1.020996
262502321,0.087158,0.20752,1.030273
262507321,0.092773,0.209961,1.026367
262512321,0.092529,0.206055,1.028076
262517321,0.092773,0.206055,1.028076
262522321,0.084717,0.206787,1.028809
262527321,0.086914,0.20752,1.020264
262532321,0.087646,0.209473,1.021729
262537321,0.090088,0.206543,1.022949
262542321,0.088867,0.207764,1.021484
262547321,0.086426,0.209473,1.024902
262552321,0.093262,0.206299,1.029053
262557321,0.088623,0.211914,1.023438
262562321,1.999939,1.999939,-2.0
262567321,1.999939,1.999939,-2.0
262572321,0.14624,1.999939,-2.0
262577321,-1.395752,1.405518,1.553955
262582321,0.728516,1.934814,1.05957
262587321,-2.0,1.999939,-2.0
262592321,-2.0,1.351318,-2.0
262597321,-1.824219,1.799561,-1.759766
262602321,-1.577881,1.467285,0.078613
262607321,-0.997314,1.999939,-0.414795
262612321,-0.801514,0.29541,-0.411865
262617321,-0.603027,0.097656,-0.799561
262622321,-0.662109,0.11499,0.686768
262627321,-0.843018,1.164551,1.999939
262632321,-1.199951,1.999939,1.305908
262637321,-0.044434,0.178223,0.533203
262642321,-0.039307,0.114502,0.758789
262647321,0.437256,0.187744,0.51416
262652321,-0.718994,1.999939,1.081543
262657321,-0.290527,0.494873,0.905518
262662321,-0.994141,1.999939,1.999939
262667321,-2.0,1.999939,-2.0
262672321,-0.838867,0.441162,-2.0
262677321,-0.398193,0.149902,0.648682
262682321,0.101074,0.200928,1.459961
262687321,0.21582,0.107422,1.092041
262692321,-0.080566,-0.173096,-0.150146
262697321,0.266357,0.46582,-0.054687
262702321,0.020508,0.882568,1.431152
262707321,-0.159424,1.157959,0.738525
262712321,0.174805,1.634521,1.220703
262717321,0.207031,0.573975,0.962158
262722321,0.079102,0.102539,1.166504
262727321,0.030762,0.214844,0.946289
262732321,0.039307,0.316162,0.973389
262737321,0.045898,0.319824,1.094482
262742321,0.09668,0.206543,1.067139
262747321,0.07666,0.048096,0.920898
262752321,0.066406,0.041748,0.977539
262757321,-0.092773,0.99585,0.806152
262762321,-1.29126,0.463623,-2.0
262767321,-0.801758,0.720215,-0.024414
262772321,-0.582275,0.380859,0.033203
262777321,-0.028809,1.999939,1.022217
262782321,0.068359,0.220947,0.9646
262787321,0.154785,1.02832,1.090576
262792321,0.091064,1.999939,1.053955
262797321,-0.024902,0.885254,1.01001
262802321,0.06665,0.337646,1.101807
262807321,0.056396,0.290039,1.146729
262812321,0.045654,0.258057,1.044678
262817321,0.119873,0.166748,0.984863
262822321,0.071533,0.142334,0.951904
262827321,0.107666,0.201416,1.058594
262832321,0.142334,0.278809,1.134766
262837321,0.047607,0.265381,1.059814
262842321,0.118896,0.233643,1.080566
262847321,0.228271,0.204834,1.244629
262852321,0.177979,0.090088,1.074951
262857321,0.089844,0.5271,1.035156
262862321,-0.195557,1.371338,0.912842
262867321,-1.977783,1.027588,-2.0
262872321,-1.900635,1.999939,0.435547
262877321,-1.631348,1.614746,1.297363
262882321,-0.328369,1.999939,1.2771
262887321,-0.382324,1.114502,1.131592
262892321,0.13623,1.272949,1.103271
262897321,-0.104492,0.527344,1.299316
262902321,0.07666,0.237061,1.049316
262907321,-0.069824,0.3396,0.85376
262912321,0.066895,0.322754,1.098389
262917321,0.050781,0.185059,0.980957
262922321,0.04126,0.207275,0.86084
262927321,0.141602,0.246094,1.016602
262932321,0.131348,0.266113,0.95166
262937321,0.068359,0.22583,1.019531
262942321,0.060059,0.241211,0.896973
262947321,0.014893,0.195801,0.738037
262952321,0.856689,-0.464844,-1.713135
262957321,-2.0,1.827148,1.630127
262962321,-0.9646,1.557617,0.468506
262967321,-0.135742,-0.004395,0.75293
262972321,0.292969,-0.350342,0.913086
262977321,-0.289307,-0.036865,0.024658
262982321,-0.125977,0.098145,0.242676
262987321,-0.473145,0.437988,0.794189
262992321,0.005371,0.35791,1.235107
262997321,0.463135,0.069092,1.016846
263002321,0.023193,0.156006,0.973877
263007321,0.108154,0.05127,0.825439
263012321,0.06543,0.207275,0.879883
263017321,-0.00708,0.334473,1.262451
263022321,-0.000244,0.270996,1.108398
263027321,0.058105,0.172607,0.917969
263032321,0.106201,0.18457,0.994141
263037321,0.047119,0.18457,0.945068
263042321,0.074707,0.184082,1.029541
263047321,0.039795,0.250244,1.119141
263052321,-0.001465,0.241699,1.019775
263057321,0.08252,0.229492,1.044678
263062321,0.054443,0.229248,1.043213
263067321,0.061279,0.185547,0.960937
263072321,0.053467,0.215576,1.027344
263077321,0.035645,0.216064,1.023926
263082321,0.029785,0.208008,0.963867
263087321,0.092041,0.22998,1.076172
263092321,0.045898,0.220215,1.060547
263097321,0.064941,0.190674,0.993408
263102321,0.075684,0.193604,1.032227
263107321,0.061768,0.2146,1.036621
263112321,0.040771,0.188232,1.03125
263117321,0.050781,0.228516,1.069092
263122321,0.033691,0.234863,1.020264
263127321,0.049072,0.218994,0.968262
263132321,0.029541,0.195312,0.965576
263137321,0.075195,0.22876,1.048584
263142321,0.037598,0.249512,1.046875
263147321,0.04248,0.243896,1.046143
263152321,0.05249,0.245605,1.087891
263157321,0.044189,0.187988,0.999023
263162321,0.076416,0.179199,0.976074
263167321,0.080078,0.196777,1.036133
263172321,0.043213,0.196777,1.012695
263177321,0.075439,0.226807,1.041748
263182321,0.083252,0.207764,1.06958
263187321,0.074951,0.208252,0.994873
263192321,0.067627,0.188232,1.017578
263197321,0.060059,0.196045,1.0354
263202321,0.038086,0.215088,0.994629
263207321,0.05957,0.22876,1.017578
263212321,0.051758,0.237061,1.052246
263217321,0.058594,0.235352,1.033447
263222321,0.042725,0.225342,1.026611
263227321,0.051025,0.213135,1.029053
263232321,0.056885,0.213379,1.025879
263237321,0.055176,0.21167,1.02832
263242321,0.066162,0.214111,1.056641
263247321,0.072021,0.210205,1.029785
263252321,0.068848,0.195312,1.017334
263257321,0.079102,0.185303,1.012939
263262321,0.077637,0.183838,0.984619
263267321,0.07666,0.179443,1.00293
263272321,0.075928,0.183594,1.028564
263277321,0.07373,0.188965,1.018799
263282321,0.075195,0.19751,1.032959
263287321,0.070068,0.212158,1.037354
263292321,0.061768,0.219971,1.011963
263297321,0.050293,0.222412,1.0271
263302321,0.064697,0.223389,1.040527
263307321,0.060059,0.217773,1.037598
263312321,0.058838,0.225342,1.044678
263317321,0.054932,0.227783,1.039551
263322321,0.047607,0.22583,1.019287
263327321,0.056885,0.226074,1.031494
263332321,0.066895,0.220459,1.026123
263337321,0.065918,0.216064,1.035156
263342321,0.062988,0.209473,1.039307
263347321,0.062256,0.20874,1.019531
263352321,0.056396,0.200195,1.00708
263357321,0.068359,0.203857,1.019043
263362321,0.072998,0.193359,1.011963
263367321,0.076172,0.192139,1.036865
263372321,0.081787,0.189941,1.037842
263377321,0.065918,0.192383,1.010498
263382321,0.062988,0.202148,1.019531
263387321,0.058105,0.215332,1.026611
263392321,0.060791,0.218506,1.024414
263397321,0.061523,0.21875,1.039307
263402321,0.060791,0.220703,1.034912
263407321,0.061768,0.214111,1.029053
263412321,0.054443,0.212158,1.036621
263417321,0.059082,0.218994,1.031494
263422321,0.061035,0.218994,1.026611
263427321,0.068604,0.219238,1.0354
263432321,0.071289,0.218262,1.022461
263437321,0.068115,0.204346,1.029785
263442321,0.070312,0.196777,1.0271
263447321,0.072998,0.196777,1.014893
263452321,0.070801,0.199707,1.019531
263457321,0.074951,0.210449,1.029053
263462321,0.0625,0.208496,1.010498
263467321,0.059326,0.205811,1.030518
263472321,0.064209,0.207764,1.039795
263477321,0.070068,0.20874,1.021484
263482321,0.068604,0.21167,1.041748
263487321,0.060303,0.218262,1.036865
263492321,0.055176,0.221436,1.027588
263497321,0.056885,0.215332,1.029297
263502321,0.059082,0.217529,1.027832
263507321,0.058105,0.213867,1.013428
263512321,0.066162,0.212402,1.0271
263517321,0.067139,0.209473,1.023926
263522321,0.063721,0.207764,1.020508
263527321,0.06958,0.205322,1.033936
263532321,0.069336,0.203857,1.026123
263537321,0.060791,0.199951,1.015137
263542321,0.06543,0.197998,1.031738
263547321,0.064453,0.204834,1.012207
263552321,0.059814,0.209229,1.022217
263557321,0.063965,0.20874,1.034912
263562321,0.064697,0.213623,1.026611
263567321,0.064209,0.215576,1.025391
263572321,0.062744,0.216064,1.035645
263577321,0.0625,0.213379,1.017334
263582321,0.062744,0.213867,1.025635
263587321,0.064941,0.208496,1.033936
263592321,0.0625,0.212158,1.022217
263597321,0.062256,0.212891,1.021729
263602321,0.065918,0.206055,1.030762
263607321,0.065186,0.205566,1.021973
263612321,0.069336,0.204834,1.028809
263617321,0.070801,0.206055,1.032471
263622321,0.067383,0.209961,1.021729
263627321,0.061768,0.211426,1.031982
263632321,0.062988,0.211426,1.029053
263637321,0.060059,0.210693,1.021729
263642321,0.060059,0.211426,1.026611
263647321,0.066162,0.211182,1.025635
263652321,0.063477,0.208496,1.016357
263657321,0.062744,0.214355,1.034912
263662321,0.060547,0.213379,1.020752
263667321,0.05835,0.211426,1.013184
263672321,0.070068,0.21167,1.032715
263677321,0.068359,0.209229,1.019043
263682321,0.060303,0.208252,1.021729
263687321,0.070068,0.205322,1.033936
263692321,0.061279,0.203857,1.031494
263697321,0.061035,0.209229,1.015869
263702321,0.067139,0.211914,1.02124
263707321,0.069092,0.210937,1.019287
263712321,0.059082,0.208496,1.020264
263717321,0.072021,0.209717,1.041504
263722321,0.067871,0.207764,1.026123
263727321,0.061523,0.208984,1.026367
263732321,0.059814,0.212891,1.022461
263737321,0.060303,0.213867,1.018799
263742321,0.057861,0.211426,1.031982
263747321,0.06665,0.209229,1.025146
263752321,0.06543,0.207031,1.02832
263757321,0.067627,0.209473,1.02832
263762321,0.066406,0.210205,1.023682
263767321,0.066162,0.206787,1.026123
263772321,0.067627,0.212158,1.026123
263777321,0.065186,0.211914,1.022949
263782321,0.061279,0.212402,1.023193
263787321,0.065186,0.206055,1.027588
263792321,0.064697,0.20874,1.020996
263797321,0.06665,0.211426,1.024902
263802321,0.069336,0.210693,1.031982
263807321,0.063965,0.214355,1.025391
263812321,0.063232,0.210693,1.026367
263817321,0.066406,0.210937,1.027344
263822321,0.064453,0.213379,1.03125
263827321,0.063965,0.206543,1.018555
263832321,0.067383,0.210693,1.029541
263837321,0.067139,0.211426,1.020996
263842321,0.066895,0.20752,1.025879
263847321,0.062256,0.208496,1.030518
263852321,0.064453,0.20874,1.017334
263857321,0.064941,0.209717,1.024658
263862321,0.066162,0.208984,1.030029
263867321,0.065918,0.210449,1.022217
263872321,0.069824,0.206543,1.032227
263877321,0.062012,0.208984,1.027588
263882321,0.062988,0.209717,1.019287
263887321,0.060059,0.208252,1.024902
263892321,0.062988,0.210937,1.030273
263897321,0.060547,0.217041,1.023682
263902321,0.063965,0.21167,1.02832
263907321,0.065186,0.210693,1.031982
263912321,0.064697,0.20874,1.029053
263917321,0.067139,0.211182,1.030762
263922321,0.063232,0.209473,1.027344
263927321,0.061523,0.210205,1.022461
263932321,0.069336,0.20752,1.027832
263937321,0.058105,0.208984,1.018555
263942321,0.062988,0.210693,1.025879
263947321,0.065186,0.208008,1.034912
263952321,0.065186,0.208252,1.020508
263957321,0.067627,0.206543,1.0271
263962321,0.071289,0.210693,1.027832
263967321,0.065918,0.211182,1.024414
263972321,0.060791,0.209473,1.030029
263977321,0.064941,0.213135,1.027832
263982321,0.061768,0.208984,1.016846
263987321,0.067871,0.20874,1.030273
263992321,0.068115,0.20874,1.02417
263997321,0.071533,0.210449,1.022461
264002321,0.068604,0.209473,1.033691
264007321,0.062744,0.212158,1.018555
264012321,0.062988,0.210937,1.02832
264017321,0.064453,0.212158,1.0271
264022321,0.065918,0.208252,1.033936
264027321,0.067627,0.212158,1.032227
264032321,0.062256,0.210693,1.021729
264037321,0.066895,0.21167,1.036621
264042321,0.064453,0.209473,1.021973
264047321,0.064453,0.210693,1.034424
264052321,0.062988,0.21167,1.024658
264057321,0.059082,0.215576,1.015869
264062321,0.062744,0.211426,1.024902
264067321,0.065918,0.207764,1.028076
264072321,0.070801,0.209229,1.02832
264077321,0.06958,0.209229,1.030029
264082321,0.071045,0.210693,1.026855
264087321,0.067627,0.210205,1.020264
264092321,0.071045,0.202881,1.031494
264097321,0.063965,0.209229,1.026611
264102321,0.063965,0.212402,1.028076
264107321,0.061035,0.209229,1.025635
264112321,0.064453,0.210449,1.022705
264117321,0.068359,0.211426,1.023926
264122321,0.067871,0.20874,1.032715
264127321,0.064941,0.210937,1.023682
264132321,0.058838,0.208008,1.029297
264137321,0.06543,0.211426,1.024902
264142321,0.063232,0.210937,1.026367
264147321,0.064941,0.209229,1.024658
264152321,0.066895,0.208008,1.028564
264157321,0.072021,0.209473,1.001709
264162321,0.078857,0.171875,1.010986
264167321,0.105225,0.149658,1.007324
264172321,0.099609,0.125977,1.02832
264177321,0.102295,0.111328,1.032715
264182321,0.108154,0.17749,0.95459
264187321,0.070068,0.256348,1.112305
264192321,-0.214111,0.317383,1.005615
264197321,0.030762,0.301758,1.046387
264202321,0.051025,0.269287,0.957275
264207321,0.05957,0.253174,1.061768
264212321,0.09375,0.215088,1.04248
264217321,0.044678,0.268311,1.060791
264222321,-0.009277,0.301514,1.08252
264227321,0.087402,0.233398,0.968262
264232321,0.145264,0.131104,0.960449
264237321,0.141602,0.092773,0.976562
264242321,0.133301,0.088135,1.016113
264247321,0.035889,0.281494,1.023682
264252321,0.01416,0.311523,1.111816
264257321,0.015137,0.323975,1.050781
264262321,0.035889,0.237061,0.988037
264267321,0.080811,0.180664,0.998291
264272321,0.092041,0.212891,1.003418
264277321,0.068848,0.170898,1.069824
264282321,0.05957,0.257813,1.060059
264287321,0.057129,0.234375,1.04541
264292321,0.06958,0.194336,1.001221
264297321,0.091309,0.198486,0.992432
264302321,0.079346,0.160156,0.968994
264307321,0.09375,0.164307,1.005371
264312321,0.085205,0.169189,1.029541
264317321,0.083252,0.195312,1.02832
264322321,0.078369,0.220703,1.019775
264327321,0.044678,0.224121,0.984619
264332321,0.059814,0.236084,1.039063
264337321,0.056641,0.226074,1.046875
264342321,0.099365,0.276123,1.006104
264347321,0.039063,0.198242,0.94751
264352321,0.075928,0.231689,1.023193
264357321,0.059814,0.23584,1.056152
264362321,0.059326,0.237061,1.064697
264367321,0.079346,0.234619,1.053955
264372321,0.085449,0.195068,1.050781
264377321,0.084961,0.154785,1.034424
264382321,0.094482,0.178955,1.011963
264387321,0.071777,0.174561,1.0
264392321,0.078857,0.196045,1.011475
264397321,0.071777,0.224854,1.028809
264402321,0.070312,0.20459,1.020996
264407321,0.075928,0.184082,1.025146
264412321,0.079346,0.199463,1.02832
264417321,0.071777,0.2146,1.021973
264422321,0.063965,0.210205,1.029053
264427321,0.062988,0.236816,1.030518
264432321,0.059082,0.232666,1.04834
264437321,0.055176,0.229492,1.041992
264442321,0.06543,0.228516,1.038086
264447321,0.063232,0.217285,1.035645
264452321,0.063232,0.208496,1.017578
264457321,0.073486,0.211914,1.026855
264462321,0.07373,0.199219,1.017822
264467321,0.082275,0.19043,1.017578
264472321,0.085937,0.192383,1.025391
264477321,0.082275,0.184814,0.989258
264482321,0.077148,0.203125,1.069824
264487321,0.076416,0.219482,1.035889
264492321,0.064453,0.234619,1.012207
264497321,0.068115,0.197021,1.038086
264502321,0.078857,0.201172,1.030029
264507321,0.068115,0.210937,1.031738
264512321,0.06665,0.217529,1.029785
264517321,0.06543,0.226074,1.025391
264522321,0.071777,0.205322,1.018799
264527321,0.085449,0.184814,1.011719
264532321,0.078857,0.179932,1.018311
264537321,0.090576,0.187988,1.021484
264542321,0.114502,0.183594,1.028809
264547321,0.102783,0.185791,1.022949
264552321,0.095459,0.197998,1.026123
264557321,0.070068,0.236816,1.006836
264562321,0.020508,0.219727,0.975586
264567321,0.078857,0.161377,1.13623
264572321,0.094727,0.210205,1.00293
264577321,0.027588,0.255127,1.087646
264582321,0.049316,0.214111,0.990967
264587321,-0.015625,0.335938,1.053223
264592321,0.05835,0.237793,1.032471
264597321,0.056885,0.199219,1.028564
264602321,0.062988,0.229004,1.043701
264607321,0.061523,0.197266,1.033691
264612321,0.052246,0.213867,1.034668
264617321,0.067383,0.232666,1.034912
264622321,0.088623,0.173828,0.994385
264627321,0.111572,0.140625,1.000488
264632321,0.096436,0.197021,1.02124
264637321,0.062988,0.192627,1.056885
264642321,0.036377,0.313721,1.103027
264647321,0.027832,0.236084,0.932373
264652321,0.050049,0.230469,1.001953
264657321,0.056152,0.255615,1.063477
264662321,0.090332,0.164551,1.043701
264667321,0.063721,0.200684,1.025635
264672321,0.047852,0.238037,1.039063
264677321,0.063965,0.226318,1.008545
264682321,0.056641,0.200439,1.020264
264687321,0.073242,0.186279,1.031982
264692321,0.073975,0.218994,1.015869
264697321,0.052979,0.23291,1.037598
264702321,0.047607,0.249756,1.044922
264707321,0.039307,0.251953,1.034424
264712321,0.045898,0.253906,1.040527
264717321,0.093506,0.23877,1.049805
264722321,0.059326,0.193359,0.992676
264727321,0.078369,0.20459,1.033936
264732321,0.058594,0.213867,1.059082
264737321,0.080811,0.209961,1.018066
264742321,0.074219,0.195312,1.021973
264747321,0.07373,0.194824,1.011963
264752321,0.083496,0.175293,1.005859
264757321,0.083496,0.164551,1.004883
264762321,0.103271,0.177979,1.032715
264767321,0.074707,0.17627,1.009277
264772321,0.082275,0.194824,0.99707
264777321,0.063721,0.217285,1.031738
264782321,0.066162,0.222656,1.037109
264787321,0.07373,0.221924,1.036377
264792321,0.066162,0.212646,1.033203
264797321,0.072266,0.208008,1.032227
264802321,0.068604,0.217041,1.025391
264807321,0.061035,0.223633,1.031982
264812321,0.05957,0.228516,1.031982
264817321,0.061279,0.225586,1.034912
264822321,0.067139,0.21582,1.034424
264827321,0.071045,0.197021,1.02124
264832321,0.074707,0.194824,1.016113
264837321,0.07666,0.198242,1.026367
264842321,0.070312,0.202881,1.023438
264847321,0.07373,0.204346,1.021729
264852321,0.077148,0.196777,1.022461
264857321,0.082031,0.193115,1.021729
264862321,0.079346,0.202393,1.022217
264867321,0.073486,0.206055,1.023682
264872321,0.067871,0.222168,1.028564
264877321,0.062012,0.222656,1.039307
264882321,0.062744,0.223145,1.022461
264887321,0.06543,0.217773,1.030273
264892321,0.069336,0.211182,1.0271
264897321,0.069824,0.208984,1.029785
264902321,0.071777,0.213867,1.028076
264907321,0.074219,0.20874,1.033203
264912321,0.071533,0.202881,1.027588
264917321,0.072754,0.203857,1.020996
264922321,0.075684,0.196045,1.017822
264927321,0.073486,0.20166,1.016846
264932321,0.074219,0.207031,1.023193
264937321,0.068604,0.209229,1.030762
264942321,0.071533,0.212158,1.027832
264947321,0.072998,0.217285,1.026123
264952321,0.06958,0.20874,1.021973
264957321,0.068848,0.210937,1.03125
264962321,0.065674,0.217041,1.0271
264967321,0.063232,0.218262,1.034668
264972321,0.066895,0.211914,1.030273
264977321,0.071533,0.209229,1.029541
264982321,0.066895,0.206299,1.031006
264987321,0.070801,0.203125,1.028076
264992321,0.075684,0.204102,1.024658
264997321,0.072021,0.204346,1.026855
265002321,0.068115,0.207031,1.02417
265007321,0.070312,0.205566,1.021973
265012321,0.070068,0.206299,1.019775
265017321,0.06958,0.207764,1.03125
265022321,0.070557,0.209229,1.033203
265027321,0.072754,0.213135,1.0354
265032321,0.064453,0.2146,1.032227
265037321,0.067627,0.209717,1.023438
265042321,0.069092,0.212646,1.033447
265047321,0.070068,0.208008,1.02832
265052321,0.071289,0.204346,1.019775
265057321,0.070068,0.209961,1.031494
265062321,0.06958,0.204834,1.023682
265067321,0.069336,0.206299,1.017578
265072321,0.071289,0.206787,1.020996
265077321,0.069824,0.208252,1.025391
265082321,0.068604,0.20874,1.023682
265087321,0.070068,0.209961,1.029785
265092321,0.071289,0.210937,1.027588
265097321,0.07251,0.213867,1.030273
265102321,0.073486,0.211426,1.03418
265107321,0.072021,0.21167,1.032227
265112321,0.06665,0.209961,1.025879
265117321,0.073242,0.212402,1.024658
265122321,0.071777,0.208008,1.0271
265127321,0.066406,0.212891,1.019043
265132321,0.071777,0.205811,1.023682
265137321,0.071045,0.206055,1.027344
265142321,0.070557,0.20752,1.021973
265147321,0.070557,0.205811,1.028809
265152321,0.071045,0.20874,1.029541
265157321,0.067383,0.206543,1.0271
265162321,0.06665,0.208008,1.019531
265167321,0.066895,0.212402,1.025391
265172321,0.068359,0.20874,1.029053
265177321,0.073975,0.209717,1.028076
265182321,0.072021,0.211182,1.033203
265187321,0.068604,0.211426,1.029053
265192321,0.072754,0.210449,1.027588
265197321,0.071533,0.209473,1.025635
265202321,0.070068,0.209229,1.028564
265207321,0.06665,0.206543,1.025146
265212321,0.072998,0.206299,1.023926
265217321,0.073486,0.209229,1.029541
265222321,0.067627,0.205811,1.021484
265227321,0.06665,0.209229,1.023193
265232321,0.070557,0.204346,1.02832
265237321,0.070312,0.21167,1.026367
265242321,0.065674,0.210205,1.03125
265247321,0.068115,0.210937,1.026611
265252321,0.072998,0.213867,1.025635
265257321,0.068115,0.210937,1.025879
265262321,0.072998,0.212646,1.026855
265267321,0.068848,0.21167,1.026367
265272321,0.06543,0.212402,1.025146
265277321,0.068604,0.206543,1.019287
265282321,0.067383,0.209717,1.018066
265287321,0.066895,0.208252,1.024902
265292321,0.071045,0.206299,1.029053
265297321,0.071045,0.212158,1.031494
265302321,0.069336,0.20752,1.027344
265307321,0.067871,0.210693,1.026123
265312321,0.070801,0.212646,1.025146
265317321,0.065674,0.211426,1.019775
265322321,0.071777,0.210205,1.027588
265327321,0.072266,0.206787,1.031006
265332321,0.071533,0.206543,1.03418
265337321,0.070557,0.20752,1.030273
265342321,0.071777,0.213867,1.028076
265347321,0.071045,0.210449,1.026367
265352321,0.068848,0.210937,1.019775
265357321,0.067383,0.209229,1.027588
265362321,0.070068,0.211914,1.022949
265367321,0.067383,0.211426,1.028564
265372321,0.069824,0.208008,1.02417
265377321,0.069824,0.213135,1.030518
265382321,0.067627,0.209717,1.02124
265387321,0.068359,0.208496,1.023682
265392321,0.067627,0.208496,1.029053
265397321,0.07373,0.207275,1.030029
265402321,0.069336,0.20874,1.023438
265407321,0.07251,0.208984,1.023926
265412321,0.068604,0.206543,1.027344
265417321,0.067871,0.203613,1.027588
265422321,0.069336,0.211914,1.033447
265427321,0.073242,0.209961,1.024414
265432321,0.066895,0.209229,1.026367
265437321,0.069336,0.208252,1.021973
265442321,0.065918,0.207764,1.026367
265447321,0.071533,0.206299,1.025146
265452321,0.070068,0.205811,1.025879
265457321,0.068604,0.209961,1.029053
265462321,0.069336,0.208496,1.030273
265467321,0.068848,0.208252,1.029541
265472321,0.068848,0.209229,1.020264
265477321,0.066895,0.209717,1.02417
265482321,0.073242,0.214355,1.027588
265487321,0.074707,0.206787,1.026123
265492321,0.073486,0.208008,1.03125
265497321,0.070068,0.209473,1.034668
265502321,0.073975,0.212646,1.030273
265507321,0.067139,0.208984,1.02417
265512321,0.069336,0.208008,1.02002
265517321,0.069824,0.21167,1.025879
265522321,0.070557,0.207031,1.024414
265527321,0.06958,0.208496,1.028809
265532321,0.074219,0.20752,1.035156
265537321,0.072754,0.207031,1.027344
265542321,0.070068,0.209229,1.020508
265547321,0.070801,0.208496,1.028564
265552321,0.070801,0.208984,1.021973
265557321,0.065918,0.20874,1.019775
265562321,0.073242,0.20874,1.03125
265567321,0.070068,0.209229,1.024658
265572321,0.068848,0.208008,1.028564
265577321,0.072021,0.209473,1.024414
265582321,0.069336,0.211426,1.020508
265587321,0.065918,0.210693,1.021484
265592321,0.067139,0.208496,1.022949
265597321,0.070312,0.211182,1.027832
265602321,0.072754,0.208252,1.026611
265607321,0.071045,0.208252,1.032715
265612321,0.066406,0.209229,1.022705
265617321,0.065918,0.206787,1.026123
265622321,0.067627,0.208984,1.022949
265627321,0.067627,0.207031,1.025879
265632321,0.070801,0.208008,1.020752
265637321,0.068604,0.209473,1.027344
265642321,0.071533,0.210937,1.029297
265647321,0.069092,0.207031,1.033691
265652321,0.072998,0.210937,1.026123
265657321,0.072266,0.210937,1.026611
265662321,0.067383,0.206787,1.026123
265667321,0.070801,0.209473,1.026611
265672321,0.067627,0.209229,1.023438
265677321,0.069824,0.205566,1.025635
265682321,0.070312,0.209473,1.020508
265687321,0.068604,0.210693,1.031738
265692321,0.073242,0.207275,1.026611
265697321,0.068115,0.209473,1.025879
265702321,0.071533,0.210693,1.0271
265707321,0.067627,0.209473,1.024414
265712321,0.068848,0.209717,1.023193
265717321,0.071289,0.204834,1.031006
265722321,0.073486,0.209473,1.029053
265727321,0.071533,0.20459,1.029541
265732321,0.068848,0.206299,1.029297
265737321,0.071777,0.207764,1.029053
265742321,0.068848,0.208984,1.026611
265747321,0.073242,0.209473,1.023438
265752321,0.071533,0.210205,1.029297
265757321,0.070068,0.206299,1.027588
265762321,0.071777,0.207031,1.030762
265767321,0.076416,0.206299,1.028809
265772321,0.070557,0.212158,1.029785
265777321,0.070801,0.207275,1.030762
265782321,0.068359,0.211182,1.024414
265787321,0.069824,0.205566,1.026367
265792321,0.071777,0.206299,1.025879
265797321,0.06665,0.207275,1.029053
265802321,0.074219,0.207764,1.033936
265807321,0.071777,0.20752,1.028076
265812321,0.067627,0.210449,1.023682
265817321,0.072998,0.212891,1.028076
265822321,0.070312,0.208984,1.028564
265827321,0.070557,0.206543,1.028076
265832321,0.067871,0.206543,1.027344
265837321,0.068359,0.206543,1.03125
265842321,0.071777,0.205322,1.029785
265847321,0.072754,0.207275,1.032471
265852321,0.072021,0.210937,1.030273
265857321,0.071289,0.211914,1.026367
265862321,0.070312,0.209961,1.02124
265867321,0.071045,0.205811,1.031494
265872321,1.966553,1.999939,-2.0
265877321,-2.0,0.804443,0.178467
265882321,1.999939,-2.0,-2.0
265887321,1.670166,1.895264,0.70459
265892321,1.559814,-0.976074,1.999939
265897321,1.999939,1.999939,1.999939
265902321,-0.717529,1.999939,-2.0
265907321,0.324463,1.999939,1.762939
265912321,-0.461426,1.959229,0.236816
265917321,-0.956055,0.981934,-2.0
265922321,-0.846436,1.582275,-1.622559
265927321,-1.203857,0.4729,1.999939
265932321,-0.760986,0.16626,1.554932
265937321,-0.208496,0.209717,1.052246
265942321,0.145752,0.365967,1.035645
265947321,0.035156,0.328613,1.401611
265952321,-0.083984,0.240967,0.751709
265957321,0.014893,0.251709,1.047607
265962321,0.137939,0.188721,1.040771
265967321,0.144287,0.122559,0.974854
265972321,0.077881,0.163818,1.045654
265977321,-0.098145,-0.016602,0.62915
265982321,-1.165527,1.841797,1.401855
265987321,-1.521729,1.715332,0.75415
265992321,-0.827637,0.955322,1.186279
265997321,0.13916,0.140625,1.452148
266002321,0.087646,0.096924,1.206543
266007321,0.256592,-0.07959,1.196045
266012321,-0.98584,1.999939,1.999939
266017321,-2.0,1.999939,0.173096
266022321,-2.0,1.999939,1.37085
266027321,-1.114014,1.975586,-2.0
266032321,0.677734,0.908447,-2.0
266037321,-2.0,1.999939,-2.0
266042321,-0.5,1.354736,-1.20459
266047321,0.074219,0.438721,0.061523
266052321,-0.109619,0.435547,1.285156
266057321,-0.634521,0.935303,1.649414
266062321,-0.036133,0.718506,1.180908
266067321,0.067871,1.525635,1.36084
266072321,-0.056152,1.263672,0.732178
266077321,-0.341797,0.946777,0.786133
266082321,0.077393,0.376953,1.293457
266087321,-0.029053,0.101074,-1.21582
266092321,0.020508,1.187744,1.199707
266097321,0.182617,0.100586,1.307617
266102321,-0.097168,1.999939,-0.008789
266107321,-0.163086,0.74707,1.269775
266112321,0.162109,0.013672,1.214355
266117321,0.10376,0.275879,1.167725
266122321,-0.130127,0.47998,0.466797
266127321,-0.01709,0.427002,1.137451
266132321,0.112793,0.138672,0.907959
266137321,0.171143,0.24707,1.24707
266142321,0.050781,0.291016,1.039063
266147321,0.067139,0.271729,1.217773
266152321,0.11377,0.264893,1.079834
266157321,0.057373,0.150391,1.026123
266162321,0.103027,0.440918,1.067627
266167321,0.047607,0.237549,0.980957
266172321,0.038818,0.228516,0.906982
266177321,0.079102,0.244141,1.055664
266182321,0.039795,0.215088,1.051514
266187321,0.055664,0.2146,1.070801
266192321,0.069824,0.233643,1.029541
266197321,0.099609,0.19873,1.083496
266202321,0.064697,0.209229,0.946289
266207321,0.091064,0.209717,1.042725
266212321,0.046143,0.196533,0.992187
266217321,0.066162,0.197998,1.013916
266222321,0.081543,0.208252,1.034912
266227321,0.094482,0.182373,1.062012
266232321,0.101318,0.168213,1.001465
266237321,0.106934,0.180908,1.018066
266242321,0.058594,0.178955,0.956055
266247321,0.051514,0.181396,0.98584
266252321,0.09668,0.221191,1.104736
266257321,0.076904,0.227051,1.062256
266262321,0.079102,0.200684,1.03833
266267321,0.08374,0.193604,1.021484
266272321,0.062256,0.197021,0.99707
266277321,0.058838,0.205322,0.97583
266282321,0.075439,0.2146,1.034424
266287321,0.063965,0.226807,1.050781
266292321,0.076904,0.226074,1.061035
266297321,0.082764,0.222168,1.048828
266302321,0.067139,0.209229,1.018311
266307321,0.061523,0.199951,0.994873
266312321,0.067139,0.208008,1.031982
266317321,0.058838,0.219238,1.0354
266322321,0.077148,0.218994,1.063477
266327321,0.075684,0.223877,1.040527
266332321,0.071777,0.208252,1.004639
266337321,0.084229,0.190186,1.016846
266342321,0.081543,0.19458,1.029541
266347321,0.071777,0.197754,1.015869
266352321,0.092041,0.202881,1.062744
266357321,0.085449,0.215576,1.046875
266362321,0.076416,0.199707,1.009766
266367321,0.086914,0.185791,1.002686
266372321,0.079102,0.178955,1.005371
266377321,0.070801,0.189209,0.994873
266382321,0.08252,0.204346,1.047119
266387321,0.076416,0.216309,1.067871
266392321,0.072998,0.218018,1.033447
266397321,0.082275,0.212158,1.032471
266402321,0.066162,0.206543,0.998779
266407321,0.068359,0.196045,0.996338
266412321,0.073486,0.20874,1.034424
266417321,0.067871,0.216553,1.04248
266422321,0.074219,0.223389,1.053711
266427321,0.078125,0.226562,1.05542
266432321,0.068359,0.212158,1.011963
266437321,0.071045,0.196045,1.004395
266442321,0.072998,0.196533,1.017822
266447321,0.065918,0.206299,1.030029
266452321,0.075684,0.216553,1.037598
266457321,0.084961,0.215088,1.053955
266462321,0.071533,0.203125,1.020752
266467321,0.08252,0.194092,1.010254
266472321,0.078125,0.190674,1.008301
266477321,0.068359,0.19165,1.016113
266482321,0.080322,0.199707,1.038574
266487321,0.069824,0.211426,1.050293
266492321,0.075928,0.207275,1.019043
266497321,0.087891,0.199707,1.0271
266502321,0.077637,0.198486,1.01416
266507321,0.070312,0.194092,0.995605
266512321,0.074951,0.202148,1.026123
266517321,0.075684,0.215576,1.052002
266522321,0.071533,0.217041,1.03833
266527321,0.072754,0.215332,1.036865
266532321,0.067871,0.206543,1.018799
266537321,0.066895,0.197998,1.005859
266542321,0.072021,0.202148,1.023438
266547321,0.074219,0.208496,1.049316
266552321,0.072266,0.212891,1.041992
266557321,0.074951,0.213135,1.046143
266562321,0.068604,0.203613,1.024902
266567321,0.076172,0.195557,1.01123
266572321,0.076904,0.195557,1.017334
266577321,0.073975,0.201172,1.019043
266582321,0.077881,0.209961,1.041748
266587321,0.078369,0.213867,1.03833
266592321,0.076172,0.20459,1.030518
266597321,0.080566,0.200195,1.017822
266602321,0.071777,0.197021,1.007568
266607321,0.068604,0.197021,1.019043
266612321,0.072998,0.204102,1.028809
266617321,0.070801,0.212891,1.042969
266622321,0.079102,0.215576,1.032715
266627321,0.078613,0.209473,1.024658
266632321,0.07251,0.203125,1.016602
266637321,0.070068,0.199707,1.010498
266642321,0.071533,0.206543,1.025635
266647321,0.074463,0.209717,1.039063
266652321,0.073486,0.213867,1.038086
266657321,0.076172,0.214355,1.031738
266662321,0.072998,0.20459,1.020508
266667321,0.075684,0.198975,1.018066
266672321,0.075195,0.199219,1.016113
266677321,0.078369,0.197754,1.030762
266682321,0.072754,0.209473,1.040283
266687321,0.075684,0.207764,1.033691
266692321,0.077637,0.207031,1.029053
266697321,0.076172,0.200439,1.023193
266702321,0.076172,0.198486,1.016113
266707321,0.075439,0.203369,1.021973
266712321,0.075195,0.206787,1.031006
266717321,0.073242,0.204102,1.014404
266722321,0.071777,0.199951,1.01709
266727321,0.072998,0.20459,1.02832
266732321,0.074707,0.209473,1.039795
266737321,0.076904,0.21167,1.032471
266742321,0.07373,0.207764,1.030762
266747321,0.06958,0.202881,1.02124
266752321,0.067871,0.199951,1.014404
266757321,0.074707,0.203857,1.030029
266762321,0.071533,0.210693,1.030762
266767321,0.075928,0.210205,1.034424
266772321,0.079102,0.212402,1.033447
266777321,0.073975,0.201904,1.024414
266782321,0.06958,0.199463,1.020264
266787321,0.074219,0.198975,1.015625
266792321,0.072998,0.199463,1.021729
266797321,0.076172,0.208008,1.033203
266802321,0.075684,0.207031,1.029053
266807321,0.072021,0.211182,1.019531
266812321,0.07373,0.204834,1.0271
266817321,0.072998,0.20166,1.024658
266822321,0.073242,0.199219,1.019775
266827321,0.070801,0.20752,1.031494
266832321,0.070312,0.212158,1.034912
266837321,0.073975,0.211426,1.034668
266842321,0.070312,0.204834,1.02124
266847321,0.070068,0.208496,1.023438
266852321,0.069336,0.201904,1.007813
266857321,0.074219,0.206055,1.028076
266862321,0.075684,0.21167,1.031006
266867321,0.075439,0.209473,1.028076
266872321,0.078125,0.207764,1.025879
266877321,0.073242,0.207275,1.01709
266882321,0.070068,0.197021,1.015137
266887321,0.07251,0.200195,1.021484
266892321,0.074951,0.206787,1.028809
266897321,0.071533,0.210205,1.037842
266902321,0.076172,0.209473,1.035889
266907321,0.072266,0.20752,1.022217
266912321,0.06958,0.200928,1.02002
266917321,0.071777,0.203369,1.020752
266922321,0.067383,0.204102,1.025146
266927321,0.073242,0.212158,1.034912
266932321,0.07373,0.21167,1.025146
266937321,0.074951,0.207031,1.031738
266942321,0.07666,0.206299,1.025635
266947321,0.072998,0.201416,1.0271
266952321,0.071289,0.201416,1.020752
266957321,0.075928,0.200684,1.035889
266962321,0.076416,0.204834,1.034424
266967321,0.075928,0.203857,1.032715
266972321,0.074219,0.204834,1.030273
266977321,0.077393,0.203369,1.017334
266982321,0.072998,0.201416,1.016357
266987321,0.070557,0.20459,1.022461
266992321,0.075928,0.207764,1.029541
266997321,0.07666,0.209473,1.030029
267002321,0.073242,0.208496,1.029785
267007321,0.069824,0.206543,1.018555
267012321,0.073242,0.202881,1.01709
267017321,0.072998,0.205322,1.024414
267022321,0.076904,0.204102,1.029541
267027321,0.078125,0.20752,1.030518
267032321,0.076172,0.208252,1.033447
267037321,0.07251,0.205322,1.029297
267042321,0.075195,0.204834,1.020508
267047321,0.07251,0.201172,1.014404
267052321,0.072266,0.206299,1.029297
267057321,0.074463,0.205811,1.028564
267062321,0.073486,0.206787,1.030518
267067321,0.077148,0.20752,1.031738
267072321,0.077148,0.206055,1.023438
267077321,0.073486,0.205322,1.026367
267082321,0.07373,0.202637,1.026611
267087321,0.072021,0.205078,1.024414
267092321,0.076416,0.209961,1.030273
267097321,0.07373,0.208496,1.039551
267102321,0.071289,0.206299,1.025879
267107321,0.068359,0.206543,1.019775
267112321,0.071777,0.205811,1.024902
267117321,0.070801,0.203369,1.028076
267122321,0.070557,0.20459,1.032471
267127321,0.072021,0.209717,1.031982
267132321,0.078369,0.205078,1.03125
267137321,0.073975,0.205078,1.033203
267142321,0.076416,0.206543,1.026123
267147321,0.074219,0.200928,1.027832
267152321,0.076172,0.202148,1.026123
267157321,0.072998,0.203613,1.035889
267162321,0.074463,0.206055,1.032959
267167321,0.074463,0.203125,1.026123
267172321,0.075195,0.20166,1.029541
267177321,0.076904,0.203369,1.025635
267182321,0.07251,0.200928,1.03418
267187321,0.071777,0.205322,1.025879
267192321,0.074463,0.205811,1.022217
267197321,0.072754,0.206055,1.026855
267202321,0.074951,0.206543,1.026611
267207321,0.071045,0.204102,1.021484
267212321,0.075684,0.202881,1.030029
267217321,0.074463,0.209229,1.031738
267222321,0.074219,0.204834,1.027588
267227321,0.071533,0.205078,1.028076
267232321,0.071533,0.205811,1.022949
267237321,0.077637,0.204834,1.026123
267242321,0.072021,0.206787,1.016846
267247321,0.074219,0.199219,1.019043
267252321,0.086426,0.187012,1.035156
267257321,0.111572,0.135742,1.033936
267262321,0.125244,0.121094,1.071533
267267321,0.095215,0.171143,1.003418
267272321,0.052979,0.11792,1.025391
267277321,0.099121,0.282227,1.046631
267282321,-0.100098,0.296387,1.182861
267287321,0.09375,0.260742,0.958008
267292321,0.051514,0.342529,0.984863
267297321,0.032227,0.18335,1.000977
267302321,0.060547,0.213867,0.975586
267307321,0.051758,0.230957,1.04834
267312321,0.047119,0.245117,1.052246
267317321,0.076416,0.25,1.045654
267322321,0.108643,0.119873,1.010986
267327321,0.127686,0.063477,0.941162
267332321,0.109375,0.134033,0.995361
267337321,0.092285,0.223633,1.110107
267342321,0.046387,0.238037,1.063721
267347321,0.032227,0.25708,1.091553
267352321,0.033203,0.269043,1.017334
267357321,0.075684,0.249268,0.965332
267362321,0.060547,0.11377,0.957764
267367321,0.08667,0.215088,0.997314
267372321,0.063721,0.264404,1.063232
267377321,0.039063,0.277344,1.085205
267382321,0.051025,0.245605,1.059814
267387321,0.082031,0.208008,1.042236
267392321,0.097168,0.20166,1.010742
267397321,0.083984,0.130127,0.975098
267402321,0.090332,0.185791,0.99585
267407321,0.081787,0.225098,1.044922
267412321,0.064941,0.191406,1.008301
267417321,0.078613,0.204834,1.017334
267422321,0.092529,0.188965,1.017334
267427321,0.093262,0.167236,0.991455
267432321,0.089111,0.145996,0.987793
267437321,0.087158,0.19458,1.037842
267442321,0.069336,0.220947,1.039551
267447321,0.045898,0.193848,1.037354
267452321,0.066162,0.228516,1.0354
267457321,0.070557,0.215088,1.034912
267462321,0.067627,0.21167,1.021973
267467321,0.059814,0.220703,1.037842
267472321,0.057861,0.250244,1.047607
267477321,0.049805,0.220703,1.03833
267482321,0.053711,0.234863,1.047119
267487321,0.066895,0.248779,1.054688
267492321,0.056885,0.207275,1.032227
267497321,0.059326,0.224121,1.014893
267502321,0.075928,0.197266,1.026855
267507321,0.085937,0.14624,1.020996
267512321,0.094727,0.185791,1.029785
267517321,0.085205,0.193604,1.018311
267522321,0.082764,0.170166,1.022461
267527321,0.080566,0.182861,1.006836
267532321,0.096924,0.157471,1.031006
267537321,0.103516,0.146973,1.012695
267542321,0.098877,0.160645,0.978516
267547321,0.079834,0.179687,0.992676
267552321,0.080566,0.197021,1.024414
267557321,0.072021,0.218018,1.052246
267562321,0.073242,0.205811,1.035889
267567321,0.080078,0.216797,1.026123
267572321,0.072021,0.206543,1.029053
267577321,0.070068,0.201904,1.029541
267582321,0.063721,0.227539,1.03418
267587321,0.05957,0.249268,1.040039
267592321,0.078857,0.244629,1.042969
267597321,0.06543,0.17627,1.006592
267602321,0.091309,0.213379,1.045166
267607321,0.064209,0.213379,1.082764
267612321,0.068359,0.250977,1.035889
267617321,0.052002,0.26123,1.037109
267622321,0.109619,0.256104,0.985596
267627321,0.070557,0.140137,1.074219
267632321,0.071777,0.133789,1.00415
267637321,0.090332,0.106445,1.046631
267642321,0.087402,0.177979,0.979736
267647321,0.098389,0.1875,0.983887
267652321,0.07373,0.172119,1.033936
267657321,0.066406,0.231445,1.063232
267662321,0.065918,0.235352,1.043701
267667321,-0.018066,0.291992,1.080322
267672321,0.059326,0.279053,1.018799
267677321,0.04541,0.25,1.020508
267682321,0.043945,0.24585,1.061035
267687321,0.082031,0.19751,1.049072
267692321,0.06665,0.235352,1.052002
267697321,0.075195,0.241699,1.070557
267702321,0.060547,0.180908,1.035889
267707321,0.06958,0.196045,0.983643
267712321,0.074707,0.186035,1.010742
267717321,0.131104,0.028564,0.904297
267722321,0.175293,0.025635,1.00415
267727321,0.098389,0.301514,1.04126
267732321,0.04834,0.166016,1.095703
267737321,0.056885,0.161621,1.015869
267742321,0.066406,0.340088,1.0625
267747321,0.077637,0.14502,1.003174
267752321,0.01416,0.325928,1.047607
267757321,0.07251,0.254883,1.058838
267762321,0.054687,0.257813,0.983398
267767321,0.026855,0.259033,1.050781
267772321,0.099121,0.219727,1.027344
267777321,0.06665,0.16333,1.017334
267782321,0.105469,0.226318,1.047363
267787321,0.093018,0.139893,1.033447
267792321,0.118164,0.124023,0.983887
267797321,0.101318,0.182373,1.034424
267802321,-0.030518,0.365479,1.137695
267807321,0.088867,0.283203,1.009766
267812321,0.040039,0.180176,0.89917
267817321,0.0271,0.206543,1.025635
267822321,0.09375,0.199951,0.98584
267827321,0.078125,0.156738,1.009033
267832321,0.056641,0.236084,1.070801
267837321,0.083252,0.251221,1.065918
267842321,0.091553,0.10498,1.017334
267847321,0.11377,0.169434,0.990967
267852321,0.101074,0.192139,1.033691
267857321,0.001953,0.318359,1.093506
267862321,0.036133,0.250244,1.023682
267867321,0.058105,0.240234,0.987549
267872321,0.058838,0.206543,1.011719
267877321,0.10083,0.204834,1.001465
267882321,0.064453,0.180176,1.021729
267887321,0.059082,0.248047,1.067627
267892321,0.06665,0.266113,1.081299
267897321,0.077881,0.150391,1.028076
267902321,0.106689,0.147217,0.980957
267907321,0.094238,0.158691,0.996338
267912321,0.085205,0.179199,1.008789
267917321,0.062988,0.205566,1.046387
267922321,0.061768,0.262939,1.050293
267927321,0.051025,0.218994,1.044189
267932321,0.067139,0.220459,1.017334
267937321,0.070557,0.214844,1.009766
267942321,0.065918,0.125244,0.981934
267947321,0.061279,0.302002,1.051758
267952321,0.032227,0.220703,1.079102
267957321,0.052979,0.234375,1.025391
267962321,0.069092,0.248047,1.052002
267967321,0.088379,0.184814,1.004639
267972321,0.083252,0.14502,0.967529
267977321,0.078857,0.201172,1.041992
267982321,0.06543,0.201172,1.050781
267987321,0.058838,0.22876,1.057373
267992321,0.063477,0.219727,1.027588
267997321,0.063232,0.212646,1.014648
268002321,0.089355,0.192871,1.05542
268007321,0.072021,0.225098,1.060303
268012321,0.072021,0.206299,1.039551
268017321,0.058838,0.228027,1.040527
268022321,0.043213,0.241455,1.0354
268027321,0.068359,0.257324,1.035156
268032321,0.078125,0.215576,1.045166
268037321,0.082031,0.168945,1.026367
268042321,0.099365,0.167969,0.995605
268047321,0.085693,0.167969,0.998291
268052321,0.085205,0.169434,1.012695
268057321,0.084961,0.183594,1.016357
268062321,0.088623,0.166748,1.01123
268067321,0.095459,0.158936,1.001221
268072321,0.088867,0.157227,0.991943
268077321,0.087646,0.174561,1.015869
268082321,0.080078,0.19043,1.023193
268087321,0.077637,0.200928,1.026367
268092321,0.072021,0.215576,1.045654
268097321,0.071289,0.223145,1.039307
268102321,0.071533,0.220215,1.033203
268107321,0.066162,0.215332,1.037598
268112321,0.064697,0.216064,1.032227
268117321,0.05957,0.231689,1.035645
268122321,0.054932,0.243408,1.048828
268127321,0.056396,0.239746,1.047852
268132321,0.063477,0.229736,1.041992
268137321,0.069824,0.214844,1.033691
268142321,0.078125,0.193604,1.01709
268147321,0.079102,0.190186,1.026123
268152321,0.083496,0.195557,1.02002
268157321,0.078613,0.201904,1.026611
268162321,0.080322,0.200439,1.026855
268167321,0.085937,0.182373,1.009033
268172321,0.091553,0.167725,1.00415
268177321,0.093506,0.165283,0.998779
268182321,0.087158,0.179443,1.005859
268187321,0.080566,0.199219,1.019043
268192321,0.073975,0.209961,1.031006
268197321,0.07373,0.216309,1.040039
268202321,0.07373,0.211182,1.032227
268207321,0.074707,0.209473,1.030029
268212321,0.072021,0.208496,1.026855
268217321,0.067139,0.216553,1.033203
268222321,0.062988,0.231445,1.045654
268227321,0.062988,0.239014,1.041016
268232321,0.065674,0.227539,1.047852
268237321,0.075195,0.21167,1.030518
268242321,0.075928,0.194092,1.02417
268247321,0.079102,0.189453,1.012207
268252321,0.079834,0.189209,1.016846
268257321,0.078369,0.205078,1.028809
268262321,0.081055,0.203125,1.035156
268267321,0.082764,0.186279,1.022949
268272321,0.091309,0.176758,1.010742
268277321,0.089355,0.173584,1.010986
268282321,0.081787,0.186279,1.020996
268287321,0.071533,0.206787,1.03125
268292321,0.074219,0.213135,1.034424
268297321,0.072266,0.216064,1.039307
268302321,0.075195,0.208008,1.037598
268307321,0.076904,0.200928,1.028564
268312321,0.072754,0.206055,1.035156
268317321,0.074219,0.217773,1.034424
268322321,0.066895,0.221436,1.039551
268327321,0.073486,0.221436,1.035156
268332321,0.076904,0.203369,1.0271
268337321,0.085693,0.189209,1.029541
268342321,0.087646,0.187256,1.02002
268347321,0.08374,0.191895,1.022705
268352321,0.080811,0.200928,1.026611
268357321,0.078369,0.197754,1.031982
268362321,0.082764,0.19751,1.033447
268367321,0.086426,0.196777,1.03125
268372321,0.083496,0.195557,1.033936
268377321,0.08252,0.203613,1.026367
268382321,0.075439,0.209717,1.034424
268387321,0.072021,0.214844,1.034424
268392321,0.069336,0.212891,1.037598
268397321,0.075684,0.207764,1.030273
268402321,0.075684,0.204346,1.03125
268407321,0.075684,0.208984,1.023682
268412321,0.073975,0.203125,1.022461
268417321,0.075684,0.203613,1.032715
268422321,0.073975,0.201904,1.027588
268427321,0.077881,0.200684,1.025879
268432321,0.077881,0.191406,1.021484
268437321,0.080322,0.193604,1.022217
268442321,0.079834,0.195801,1.023193
268447321,0.079102,0.203857,1.033203
268452321,0.080811,0.202393,1.038086
268457321,0.075928,0.205078,1.030029
268462321,0.079834,0.203857,1.031006
268467321,0.072021,0.205811,1.02417
268472321,0.074463,0.207031,1.031982
268477321,0.075928,0.205811,1.028076
268482321,0.076172,0.206055,1.035156
268487321,0.072754,0.204346,1.026611
268492321,0.07959,0.20459,1.030762
268497321,0.079834,0.202637,1.022949
268502321,0.076172,0.199219,1.01709
268507321,0.079834,0.202393,1.021484
268512321,0.074707,0.19873,1.023438
268517321,0.077393,0.197998,1.026855
268522321,0.080811,0.20459,1.021973
268527321,0.079834,0.202637,1.027832
268532321,0.074219,0.19751,1.023193
268537321,0.07251,0.207764,1.029785
268542321,0.075928,0.208008,1.026367
268547321,0.070312,0.208252,1.030029
268552321,0.073975,0.204102,1.031982
268557321,0.080322,0.205566,1.022461
268562321,0.07666,0.200684,1.030273
268567321,0.072998,0.20459,1.020752
268572321,0.074951,0.204834,1.024414
268577321,0.07251,0.200928,1.021973
268582321,0.077393,0.203613,1.023438
268587321,0.073975,0.199219,1.015137
268592321,0.073242,0.202637,1.028809
268597321,0.074707,0.203125,1.021973
268602321,0.075928,0.201904,1.027344
268607321,0.077148,0.207031,1.025635
268612321,0.075928,0.205078,1.0271
268617321,0.077393,0.204102,1.026367
268622321,0.076904,0.203857,1.030762
268627321,0.074707,0.203857,1.031006
268632321,0.072998,0.206299,1.028076
268637321,0.073486,0.204102,1.031006
268642321,0.080811,0.206055,1.019775
268647321,0.078613,0.202637,1.025391
268652321,0.07959,0.200928,1.030029
268657321,0.077393,0.201416,1.030518
268662321,0.076172,0.20459,1.026611
268667321,0.075195,0.201172,1.032471
268672321,0.079834,0.205078,1.023438
268677321,0.079102,0.206055,1.029053
268682321,0.078369,0.200928,1.031494
268687321,0.075439,0.20459,1.032959
268692321,0.073975,0.206787,1.02832
268697321,0.072998,0.206543,1.026611
268702321,0.074951,0.202393,1.029053
268707321,0.075195,0.20459,1.033691
268712321,0.078369,0.196289,1.020996
268717321,0.070312,0.194824,1.027588
268722321,0.075439,0.198975,1.023926
268727321,0.080078,0.198242,1.028809
268732321,0.075195,0.199219,1.029785
268737321,0.07373,0.201172,1.030518
268742321,0.077393,0.201416,1.021973
268747321,0.072998,0.19873,1.025879
268752321,0.074463,0.202148,1.031494
268757321,0.076416,0.206055,1.025879
268762321,0.073975,0.208496,1.030029
268767321,0.071777,0.206055,1.024414
268772321,0.078369,0.207031,1.025635
268777321,0.077393,0.205322,1.024902
268782321,0.075928,0.20752,1.025146
268787321,0.077881,0.209473,1.0354
268792321,0.07666,0.202881,1.027588
268797321,0.075439,0.204346,1.024902
268802321,0.075684,0.205566,1.028076
268807321,0.072754,0.203613,1.029297
268812321,0.074707,0.203857,1.026367
268817321,0.077148,0.201904,1.033447
268822321,0.075439,0.200195,1.024414
268827321,0.073975,0.206055,1.027344
268832321,0.073486,0.207275,1.0271
268837321,0.072998,0.204346,1.025146
268842321,0.073486,0.20752,1.032715
268847321,0.075439,0.207764,1.034912
268852321,0.077393,0.208008,1.029297
268857321,0.075928,0.207275,1.027588
268862321,0.076416,0.20459,1.026611
268867321,0.074219,0.208008,1.022461
268872321,0.077148,0.205322,1.027588
268877321,0.078613,0.205078,1.035889
268882321,0.076172,0.200684,1.034668
268887321,0.080078,0.198242,1.029541
268892321,0.074707,0.194824,1.02417
268897321,0.079346,0.192871,1.028564
268902321,0.078857,0.194092,1.02124
268907321,0.081787,0.193359,1.02417
268912321,0.07959,0.195801,1.028076
268917321,0.080566,0.198242,1.027588
268922321,0.074463,0.203125,1.022217
268927321,0.071533,0.207031,1.023682
268932321,0.074463,0.211426,1.02832
268937321,0.066406,0.211426,1.021729
268942321,0.069092,0.215576,1.027588
268947321,0.076172,0.210937,1.030273
268952321,0.078125,0.210449,1.033447
268957321,0.07959,0.204102,1.031982
268962321,0.08374,0.205078,1.03833
268967321,0.079102,0.199219,1.031494
268972321,0.082764,0.191162,1.028564
268977321,0.078613,0.19165,1.022705
268982321,0.074707,0.192383,1.021729
268987321,0.075684,0.195068,1.019531
268992321,0.075439,0.198242,1.016602
268997321,0.074463,0.20166,1.024902
269002321,0.073486,0.211426,1.024902
269007321,0.069092,0.213867,1.029785
269012321,0.07373,0.209473,1.034424
269017321,0.071777,0.212158,1.036133
269022321,0.072754,0.206055,1.032715
269027321,0.077148,0.20459,1.029785
269032321,0.078369,0.204834,1.033203
269037321,0.078125,0.205078,1.030273
269042321,0.07666,0.198486,1.026611
269047321,0.083008,0.202148,1.022949
269052321,0.078857,0.197754,1.026367
269057321,0.081543,0.198975,1.011475
269062321,0.077881,0.198242,1.020508
269067321,0.078125,0.196045,1.0271
269072321,0.072754,0.205078,1.022949
269077321,0.072266,0.203125,1.032959
269082321,0.077393,0.205566,1.030762
269087321,0.072754,0.203125,1.039551
269092321,0.07373,0.207275,1.032715
269097321,0.074707,0.208252,1.028564
269102321,0.073486,0.205078,1.03125
269107321,0.075684,0.203125,1.032227
269112321,0.074707,0.208008,1.024902
269117321,0.076904,0.202148,1.027344
269122321,0.075684,0.203125,1.024658
269127321,0.075684,0.201904,1.028564
269132321,0.083496,0.200439,1.027832
269137321,0.077881,0.195557,1.027344
269142321,0.07251,0.197021,1.027832
269147321,0.07373,0.199463,1.023682
269152321,0.07251,0.197998,1.036865
269157321,0.07666,0.205811,1.03418
269162321,0.07373,0.205566,1.027832
269167321,0.073242,0.207031,1.033936
269172321,0.073975,0.208984,1.026123
269177321,0.06958,0.21167,1.024414
269182321,0.07251,0.201904,1.0271
269187321,0.076172,0.206299,1.028564
269192321,0.078613,0.199707,1.028076
269197321,0.08252,0.204102,1.035889
269202321,0.075439,0.200928,1.03125
269207321,0.080811,0.199951,1.025879
269212321,0.078857,0.196777,1.022461
269217321,0.078613,0.195068,1.031982
269222321,0.074707,0.201416,1.026367
269227321,0.074707,0.203125,1.032227
269232321,0.075195,0.202881,1.025635
269237321,0.073242,0.203857,1.025146
269242321,0.076416,0.202881,1.031006
269247321,0.072266,0.208008,1.025635
269252321,-2.0,0.635498,1.999939
269257321,0.060059,1.999939,-2.0
269262321,-1.686768,1.999939,1.672852
269267321,-1.920898,1.999939,1.397217
269272321,-0.325439,0.12793,0.286377
269277321,1.286133,1.999939,-1.3479
269282321,-2.0,1.999939,-1.467529
269287321,-0.495117,0.314941,1.999939
269292321,-0.000244,0.315674,1.851074
269297321,0.225586,0.195557,1.73999
269302321,0.067383,0.187988,1.561523
269307321,0.050293,0.2229,0.954102
269312321,-0.050293,0.253906,0.807373
269317321,0.017334,0.280273,0.986328
269322321,1.857666,1.299072,-2.0
269327321,1.075684,-0.545898,-2.0
269332321,-1.52124,1.999939,-2.0
269337321,-2.0,-1.304443,-1.10498
269342321,-1.460938,1.308105,0.931885
269347321,-0.043213,1.205811,0.602539
269352321,-0.802734,1.268311,-1.73584
269357321,0.003906,0.223389,1.889648
269362321,0.18335,0.149902,1.314941
269367321,0.012451,0.269043,1.047607
269372321,-0.031006,0.265869,0.80835
269377321,-0.053711,0.229492,0.55957
269382321,0.123779,0.246338,1.344482
269387321,0.135498,0.233398,1.461426
269392321,0.127686,1.316162,1.20166
269397321,0.106934,1.318604,1.31543
269402321,0.128662,1.999939,1.199463
269407321,0.004883,1.871094,0.859619
269412321,0.063477,1.999939,1.280518
269417321,-0.012939,0.185059,0.811523
269422321,0.012939,0.227783,0.91748
269427321,0.02832,0.285156,1.017578
269432321,0.082275,0.293213,1.168945
269437321,0.073486,0.19458,1.315186
269442321,0.113037,0.229492,0.884277
269447321,0.119629,0.156982,0.882324
269452321,0.104492,0.235352,1.131104
269457321,0.288818,0.780029,1.349609
269462321,-0.37915,0.702881,0.636719
269467321,-0.984375,0.898193,1.169678
269472321,-0.322021,1.999939,0.906982
269477321,0.061035,1.999939,1.193359
269482321,0.04248,0.441895,0.859619
269487321,0.045654,0.198486,1.034424
269492321,0.013184,0.726562,1.012451
269497321,0.118652,1.743164,1.202393
269502321,0.085205,0.229492,1.064941
269507321,0.162842,0.701416,1.16333
269512321,-0.02124,0.374756,0.958008
269517321,0.055664,1.999939,0.869629
269522321,0.151855,1.999939,1.293701
269527321,0.061035,0.995605,1.169189
269532321,0.064453,0.278809,0.989014
269537321,0.032959,0.287842,0.868896
269542321,-0.42627,0.490479,0.868164
269547321,0.246826,0.237549,1.372559
269552321,-0.164551,0.128906,1.300537
269557321,-0.871094,0.303711,1.094727
269562321,-0.058105,0.279541,0.899414
269567321,-0.030029,0.330811,0.861084
269572321,0.074707,0.185791,0.866211
269577321,0.028564,0.21167,1.002441
269582321,0.121582,0.335938,1.158936
269587321,0.10498,1.999939,1.253418
269592321,0.062988,0.341797,1.067383
269597321,0.005127,0.334717,0.79834
269602321,0.031494,0.237305,0.964844
269607321,-0.005859,0.143555,0.966797
269612321,0.194824,1.999939,1.331055
269617321,0.127686,0.197266,1.098145
269622321,0.047119,0.894043,0.955078
269627321,0.001953,0.19458,1.122559
269632321,0.029297,0.783447,0.831055
269637321,-0.059082,0.202393,0.956543
269642321,-0.052246,0.14209,0.963379
269647321,0.031006,0.14502,0.900146
269652321,-0.000977,0.936768,0.964111
269657321,-0.012939,0.534912,0.771484
269662321,0.009033,0.298828,1.03418
269667321,0.032959,1.999939,1.170166
269672321,0.081787,0.245361,1.176758
269677321,0.108887,0.282471,1.171631
269682321,0.023682,1.600586,0.979004
269687321,0.045898,1.101563,0.820312
269692321,-0.504883,0.376709,1.099609
269697321,-0.074951,0.178955,1.046875
269702321,0.119873,0.236816,1.005127
269707321,0.114746,1.742188,1.110107
269712321,0.046875,0.783936,1.063232
269717321,0.120361,0.182373,1.080322
269722321,0.130615,0.210449,0.968262
269727321,0.081299,0.120605,1.212402
269732321,0.155762,0.174805,1.410645
269737321,0.035156,0.220703,1.114014
269742321,0.0979,0.216309,1.082031
269747321,0.101318,0.214844,1.191895
269752321,0.10083,1.389648,1.022217
269757321,0.091797,0.985352,0.989502
269762321,0.044678,0.94165,1.03125
269767321,0.037598,0.252441,1.087158
269772321,0.132568,0.593018,1.039063
269777321,0.041016,1.581787,1.011475
269782321,0.049561,0.195312,1.012207
269787321,0.069092,0.583496,0.995605
269792321,-0.069824,0.208252,0.950195
269797321,0.030273,0.123779,0.966309
269802321,0.011475,0.602539,0.943848
269807321,-0.028809,1.102539,0.724609
269812321,0.091553,0.201172,1.172852
269817321,-0.026855,0.226318,0.985352
269822321,0.052979,0.218018,0.824463
269827321,0.017822,1.999939,0.772949
269832321,0.067383,1.999939,1.033691
269837321,-0.012695,1.52832,0.880371
269842321,-0.02832,0.33374,0.933105
269847321,0.135498,0.1521,1.01709
269852321,0.097656,1.999939,1.088623
269857321,0.112305,0.692871,1.174805
269862321,0.159668,0.722168,1.053467
269867321,0.169189,0.467773,1.2854
269872321,-0.034424,0.238281,0.823486
269877321,-0.005615,0.131348,1.067139
269882321,0.136963,1.875977,1.36084
269887321,0.097412,0.585693,1.089111
269892321,0.023193,0.741699,1.088623
269897321,0.045166,0.616455,1.102539
269902321,-0.031494,0.689209,1.127197
269907321,-0.350098,0.431152,1.262939
269912321,0.027344,1.366211,1.290039
269917321,0.04126,1.639648,1.009277
269922321,0.115723,1.999939,1.099854
269927321,-0.156738,1.274414,0.937744
269932321,0.14502,0.237061,1.564209
269937321,0.119629,0.212646,1.1875
269942321,0.011963,0.166748,0.963623
269947321,-0.105957,0.272461,0.869141
269952321,0.017822,0.237061,1.208252
269957321,-0.039307,0.500732,0.902344
269962321,-0.006592,0.171387,0.849854
269967321,-0.034424,1.31543,0.913574
269972321,0.092285,0.180176,1.150146
269977321,0.0896,1.330322,1.072021
269982321,-0.191162,1.796143,1.236084
269987321,-0.033203,1.110596,1.190674
269992321,0.047119,0.925537,1.143311
269997321,0.083984,1.15332,1.105713
270002321,-0.068604,0.203857,1.251221
270007321,-0.151855,0.223389,1.314697
270012321,0.158447,0.182861,1.072021
270017321,0.021973,0.63501,1.150391
270022321,0.030273,1.12915,1.066406
270027321,-0.443359,1.96875,1.23291
270032321,0.157227,1.999939,1.187256
270037321,0.125,0.263916,1.212891
270042321,0.13916,1.817871,1.062744
270047321,0.06543,0.224609,1.097656
270052321,0.026611,1.352051,1.256348
270057321,0.085449,0.233887,1.11792
270062321,0.063232,0.22168,1.043457
270067321,0.07666,0.209961,1.445801
270072321,0.153076,0.214844,1.612793
270077321,-0.168945,0.218262,0.969971
270082321,0.016357,0.20874,1.262939
270087321,0.078857,0.239258,1.125
270092321,0.075684,1.999939,1.082275
270097321,-0.118896,1.4021,0.893799
270102321,0.0271,0.237061,0.758301
270107321,0.204346,0.174561,1.115967
270112321,0.05957,1.999939,1.529785
270117321,0.072754,0.322266,1.02002
270122321,0.096924,0.547363,0.93335
270127321,0.040283,0.881836,1.387451
270132321,-0.159668,0.186523,0.979736
270137321,0.041504,0.156738,1.296143
270142321,0.075439,0.262939,1.088867
270147321,-0.07666,0.268799,0.851074
270152321,0.024658,0.955078,1.022217
270157321,-0.097412,0.323242,0.98999
270162321,0.081543,0.220703,1.07959
270167321,0.190674,0.623535,1.37793
270172321,0.134033,0.803467,1.273926
270177321,-0.020264,0.352539,0.898682
270182321,0.077637,1.320313,1.136475
270187321,-0.075684,1.999939,1.267822
270192321,0.071533,0.202881,1.011963
270197321,0.015869,0.257568,1.093994
270202321,0.13208,0.268555,1.123779
270207321,-0.131348,0.955566,0.707275
270212321,0.033447,0.494873,1.100098
270217321,-0.076904,0.239258,0.916748
270222321,0.076172,0.392334,1.069824
270227321,-0.206055,1.999939,1.237305
270232321,0.018066,0.472168,1.015869
270237321,-0.01416,0.252197,0.814209
270242321,0.004639,0.443848,1.212646
270247321,0.039795,0.193848,1.11499
270252321,0.053711,0.192871,1.075195
270257321,-0.470947,0.248047,0.898193
270262321,-0.017822,1.999939,0.761963
270267321,-0.004639,1.999939,1.05957
270272321,0.074951,0.234619,1.104248
270277321,0.194824,0.215332,1.317627
270282321,-0.784912,1.999939,-2.0
270287321,-0.156006,0.020508,-1.909424
270292321,-0.705566,0.248047,-2.0
270297321,-0.006836,1.500977,1.376465
270302321,-0.151855,1.999939,1.089355
270307321,-0.048096,0.456299,1.126953
270312321,0.04541,0.408936,1.083984
270317321,0.134033,0.199707,1.144775
270322321,0.084961,0.247314,1.165771
270327321,0.030273,0.243896,1.102295
270332321,0.007324,0.213135,0.852295
270337321,0.116943,0.162842,0.993164
270342321,0.117432,0.116455,0.929687
270347321,0.122314,0.083252,0.958008
270352321,0.119873,0.175781,1.032959
270357321,0.076416,0.214844,1.077393
270362321,0.034668,0.269531,1.069092
270367321,0.046387,0.249756,1.044678
270372321,0.066406,0.239014,1.019775
270377321,0.080322,0.168945,0.995605
270382321,0.060547,0.177734,1.040771
270387321,0.052246,0.272949,1.051025
270392321,0.010498,0.222412,1.036377
270397321,0.035156,0.258545,1.042725
270402321,0.072021,0.245605,1.057617
270407321,0.072021,0.143799,0.986084
270412321,0.10498,0.200928,1.031494
270417321,0.095947,0.182861,1.034668
270422321,0.07666,0.171387,1.025635
270427321,0.075684,0.217529,1.034424
270432321,0.068359,0.206299,1.000244
270437321,0.063965,0.199463,1.007324
270442321,0.093018,0.210693,1.026855
270447321,0.079102,0.194336,1.032959
270452321,0.068604,0.212402,1.037109
270457321,0.05249,0.226318,1.049072
270462321,0.043945,0.221924,1.033691
270467321,0.058105,0.229248,1.029785
270472321,0.067627,0.218994,1.038818
270477321,0.078857,0.209229,1.049805
270482321,0.083496,0.210693,1.058105
270487321,0.070557,0.213379,1.038818
270492321,0.062012,0.199219,1.013916
270497321,0.072266,0.206543,1.039307
270502321,0.088135,0.197754,1.03833
270507321,0.087402,0.178711,1.03418
270512321,0.110596,0.172119,1.027344
270517321,0.092285,0.159912,0.987793
270522321,0.086914,0.163574,0.960693
270527321,0.083252,0.176025,0.983643
270532321,0.080322,0.179687,1.00708
270537321,0.082764,0.17749,1.061523
270542321,0.079346,0.210937,1.042725
270547321,0.064209,0.208252,1.026123
270552321,0.064453,0.205078,1.02002
270557321,0.064941,0.207031,1.022461
270562321,0.067139,0.206543,1.045166
270567321,0.060547,0.212158,1.039307
270572321,0.064697,0.235107,1.022217
270577321,0.05542,0.217041,1.013672
270582321,0.067871,0.20874,1.014404
270587321,0.07251,0.213867,1.035156
270592321,0.072754,0.212646,1.063965
270597321,0.069336,0.221436,1.062744
270602321,0.061035,0.232178,1.045898
270607321,0.062744,0.215576,1.031982
270612321,0.109131,0.179199,1.042236
270617321,0.068604,0.204834,1.052979
270622321,0.116211,0.218262,1.011963
270627321,0.060303,0.154053,0.992432
270632321,0.104736,0.15332,1.082031
270637321,0.074951,0.135254,1.027588
270642321,0.091553,0.156006,0.994873
270647321,0.095947,0.187012,0.98291
270652321,0.093994,0.162354,0.999268
270657321,0.074219,0.199707,1.040771
270662321,0.085205,0.241455,1.046631
270667321,-0.02002,0.388184,1.148926
270672321,0.064941,0.217041,1.004883
270677321,0.033203,0.242432,1.010742
270682321,0.072754,0.226318,1.025391
270687321,0.089844,0.211426,1.018799
270692321,0.047852,0.215088,1.023926
270697321,0.052979,0.290771,1.057617
270702321,0.056152,0.190918,1.062256
270707321,0.091553,0.169434,0.990723
270712321,0.093262,0.134033,0.981934
270717321,0.092041,0.178711,1.008057
270722321,0.075928,0.177734,1.060791
270727321,0.065186,0.220947,1.035889
270732321,0.059326,0.229004,1.014893
270737321,0.070557,0.198486,1.035156
270742321,0.096436,0.186279,1.00415
270747321,0.082275,0.161377,1.002197
270752321,0.095215,0.182129,1.020752
270757321,0.076416,0.178467,1.046143
270762321,0.070557,0.214111,1.012207
270767321,0.066895,0.240723,1.057129
270772321,0.067139,0.202881,1.041016
270777321,0.061279,0.206299,1.019287
270782321,0.084229,0.188721,1.036377
270787321,0.082764,0.180908,1.023926
270792321,0.06543,0.215576,1.053955
270797321,0.05249,0.229736,1.031006
270802321,0.061768,0.256104,1.043213
270807321,0.05127,0.244629,1.017334
270812321,0.077637,0.218018,1.038818
270817321,0.06543,0.188965,1.028076
270822321,0.067627,0.195068,1.034912
270827321,0.070068,0.213623,1.047852
270832321,0.05835,0.22583,1.01123
270837321,0.065674,0.228516,1.038086
270842321,0.070801,0.183838,1.029053
270847321,0.095947,0.185791,1.006592
270852321,0.088135,0.140625,1.003662
270857321,0.102295,0.151123,1.027344
270862321,0.07373,0.175781,1.011963
270867321,0.075195,0.191162,1.029297
270872321,0.075195,0.182861,1.024902
270877321,0.091797,0.197021,1.053467
270882321,0.08667,0.217041,1.02124
270887321,0.081787,0.161377,1.028076
270892321,0.073242,0.208252,1.012695
270897321,0.070312,0.221436,1.034912
270902321,0.06665,0.223145,1.053223
270907321,0.064941,0.229492,1.040039
270912321,0.075439,0.205811,1.051514
270917321,0.070068,0.207764,1.031982
270922321,0.070801,0.212646,1.031738
270927321,0.067139,0.211914,1.038086
270932321,0.070557,0.21875,1.033936
270937321,0.0625,0.209229,1.030518
270942321,0.077148,0.216797,1.042725
270947321,0.07251,0.199219,1.032715
270952321,0.069336,0.205322,1.021484
270957321,0.084229,0.202637,1.027588
270962321,0.079834,0.202148,1.03418
270967321,0.073242,0.188965,1.022705
270972321,0.079834,0.175293,1.017822
270977321,0.088623,0.178955,1.022461
270982321,0.080811,0.182129,1.011963
270987321,0.080811,0.182617,1.015381
270992321,0.081787,0.192871,1.023438
270997321,0.078125,0.188477,1.03125
271002321,0.078125,0.196289,1.031494
271007321,0.080322,0.203857,1.037109
271012321,0.122803,0.239502,1.157959
271017321,0.05835,0.151123,1.012207
271022321,0.049072,0.22583,0.887451
271027321,0.068848,0.177246,1.022705
271032321,0.069092,0.14624,1.055908
271037321,0.07666,0.138428,0.993896
271042321,0.095703,0.189697,0.991943
271047321,0.066162,0.20874,1.052002
271052321,0.066162,0.237793,1.052246
271057321,-0.003174,0.324951,1.121094
271062321,0.0625,0.221191,0.981934
271067321,0.068604,0.229492,1.022461
271072321,0.05957,0.218994,1.030029
271077321,0.070801,0.207764,1.05957
271082321,0.062988,0.212646,1.032715
271087321,0.072754,0.219971,1.028564
271092321,0.086426,0.178223,1.02002
271097321,0.104736,0.132568,0.999756
271102321,0.109375,0.196777,0.992676
271107321,0.095459,0.117432,1.016357
271112321,-0.014404,0.330811,1.114014
271117321,0.065918,0.249512,1.009766
271122321,0.057617,0.212646,1.009277
271127321,0.070801,0.259521,1.05249
271132321,0.089844,0.171875,1.032227
271137321,0.064697,0.21167,1.018066
271142321,0.051025,0.303955,1.061279
271147321,0.070312,0.193604,1.046143
271152321,0.077393,0.187256,0.981689
271157321,0.081787,0.193848,1.011719
271162321,0.078369,0.134033,1.034668
271167321,0.071289,0.186035,1.022217
271172321,0.07666,0.191406,1.035645
271177321,0.067871,0.184814,1.01123
271182321,0.067627,0.197754,1.022705
271187321,0.070068,0.2146,1.025635
271192321,0.079834,0.176514,1.027832
271197321,0.066162,0.217285,1.037109
271202321,0.072266,0.212402,1.025391
271207321,0.056885,0.244385,1.036133
271212321,0.047852,0.245117,1.045898
271217321,0.060059,0.248779,1.035645
271222321,0.066162,0.218018,1.023926
271227321,0.065186,0.181885,1.037598
271232321,0.07251,0.201172,1.019043
271237321,0.079102,0.175049,1.017822
271242321,0.062256,0.192139,1.073975
271247321,0.049805,0.220215,1.043701
271252321,0.072754,0.205566,1.002686
271257321,0.078125,0.225342,1.085205
271262321,0.081543,0.18335,1.042236
271267321,0.061035,0.17627,0.933594
271272321,0.075684,0.196289,1.007324
271277321,0.07666,0.199463,0.985107
271282321,0.077637,0.200928,1.010498
271287321,0.092041,0.209961,1.036865
271292321,0.095703,0.176758,1.034668
271297321,0.0979,0.152588,1.010498
271302321,0.088623,0.161621,0.988037
271307321,0.089111,0.18042,0.992432
271312321,0.069092,0.190674,1.035156
271317321,0.088867,0.206299,1.030518
271322321,0.080322,0.20166,1.048584
271327321,0.069824,0.196045,1.030029
271332321,0.084717,0.196289,1.032959
271337321,0.068359,0.208984,1.031738
271342321,0.071777,0.226562,1.04126
271347321,0.064209,0.231445,1.054688
271352321,0.054443,0.243164,1.037354
271357321,0.066406,0.221924,1.045166
271362321,0.074463,0.209229,1.032715
271367321,0.084961,0.192139,1.017578
271372321,0.085693,0.186279,1.029785
271377321,0.078857,0.195557,1.028076
271382321,0.077148,0.196045,1.034912
271387321,0.074219,0.19458,1.035645
271392321,0.079834,0.186768,1.020264
271397321,0.07959,0.169922,1.010986
271402321,0.083984,0.17334,1.009277
271407321,0.083008,0.179199,1.006592
271412321,0.075684,0.197998,1.027832
271417321,0.072021,0.211426,1.040771
271422321,0.068604,0.212646,1.028809
271427321,0.074707,0.205811,1.030518
271432321,0.077393,0.201172,1.03125
271437321,0.074463,0.209229,1.032715
271442321,0.071045,0.218994,1.037354
271447321,0.070557,0.223145,1.042725
271452321,0.069336,0.2229,1.034912
271457321,0.072266,0.206055,1.030273
271462321,0.079834,0.189209,1.026611
271467321,0.083008,0.186035,1.024414
271472321,0.080566,0.185303,1.022949
271477321,0.077637,0.197266,1.02124
271482321,0.073975,0.198975,1.026611
271487321,0.076172,0.19458,1.025146
271492321,0.083008,0.19043,1.028076
271497321,0.079834,0.192383,1.022461
271502321,0.074951,0.198486,1.020752
271507321,0.075928,0.203125,1.026611
271512321,0.071289,0.213867,1.026611
271517321,0.071777,0.214111,1.03418
271522321,0.076172,0.212646,1.037109
271527321,0.072266,0.203613,1.034912
271532321,0.077148,0.198975,1.022949
271537321,0.074951,0.204102,1.017334
271542321,0.065918,0.20166,1.018799
271547321,0.079346,0.201416,1.032715
271552321,0.073486,0.203857,1.034912
271557321,0.076172,0.189697,1.030273
271562321,0.076904,0.188965,1.00293
271567321,0.074219,0.187744,0.997803
271572321,0.077881,0.207764,1.041016
271577321,0.076904,0.203613,1.033691
271582321,0.076416,0.195801,1.027344
271587321,0.076416,0.210937,1.0271
271592321,0.083252,0.192871,1.016846
271597321,0.074707,0.205322,1.038086
271602321,0.074463,0.206787,1.029053
271607321,0.073975,0.197266,1.034912
271612321,0.07373,0.218994,1.037842
271617321,0.076416,0.203125,1.02417
271622321,0.072266,0.194336,1.035889
271627321,0.077148,0.201172,1.031006
271632321,0.075684,0.197754,1.023438
271637321,0.075195,0.200195,1.025635
271642321,0.077637,0.202637,1.02124
271647321,0.080811,0.195557,1.03418
271652321,0.077637,0.202637,1.034912
271657321,0.078369,0.19873,1.030273
271662321,0.078613,0.198486,1.029053
271667321,0.078857,0.201904,1.021729
271672321,0.080811,0.204346,1.029541
271677321,0.078125,0.204346,1.030029
271682321,0.079346,0.204102,1.027344
271687321,0.07959,0.200684,1.02417
271692321,0.073486,0.199951,1.016602
271697321,0.071777,0.203125,1.02417
271702321,0.076904,0.203857,1.035645
271707321,0.067871,0.204834,1.037109
271712321,0.06958,0.204834,1.027344
271717321,0.074707,0.202148,1.026855
271722321,0.073242,0.199951,1.024658
271727321,0.075684,0.19873,1.029785
271732321,0.082031,0.199219,1.032471
271737321,0.080811,0.197998,1.033936
271742321,0.081299,0.202148,1.025146
271747321,0.079834,0.199951,1.02832
271752321,0.081299,0.194824,1.027344
271757321,0.08252,0.195312,1.021484
271762321,0.080811,0.199951,1.02832
271767321,0.077393,0.202637,1.035645
271772321,0.072266,0.201904,1.02417
271777321,0.076416,0.203125,1.02417
271782321,0.072266,0.198486,1.029297
271787321,0.072998,0.201904,1.026123
271792321,0.079834,0.201416,1.029053
271797321,0.07251,0.199219,1.031494
271802321,0.075195,0.195557,1.032227
271807321,0.080566,0.200439,1.03418
271812321,0.076416,0.19458,1.032227
271817321,0.075928,0.200195,1.02002
271822321,0.07666,0.201904,1.027344
271827321,0.076416,0.199707,1.022949
271832321,0.074219,0.199951,1.021729
271837321,0.07666,0.201416,1.020996
271842321,0.075195,0.198975,1.025879
271847321,0.072754,0.199951,1.032227
271852321,0.076172,0.206055,1.029053
271857321,0.076172,0.206055,1.028809
271862321,0.071289,0.201172,1.0271
271867321,0.070312,0.202637,1.026855
271872321,0.071045,0.206299,1.02832
271877321,0.07666,0.200195,1.022705
271882321,0.074463,0.202637,1.024414
271887321,0.07373,0.20166,1.023193
271892321,0.07373,0.200684,1.031738
271897321,0.079102,0.19873,1.031494
271902321,0.075928,0.200684,1.028076
271907321,0.075684,0.202393,1.024414
271912321,0.075439,0.202637,1.029053
271917321,0.075439,0.202148,1.025146
271922321,0.070801,0.199707,1.030029
271927321,0.076904,0.201172,1.027588
271932321,0.074219,0.198242,1.031494
271937321,0.071289,0.206543,1.027832
271942321,0.076172,0.201904,1.031982
271947321,0.070801,0.205078,1.021973
271952321,0.073486,0.203613,1.022461
271957321,0.077881,0.203125,1.02417
271962321,0.075195,0.200928,1.032227
271967321,0.077637,0.199707,1.03125
271972321,0.081299,0.198975,1.029785
271977321,0.075684,0.201416,1.022461
271982321,0.074951,0.201904,1.0271
271987321,0.072998,0.200928,1.019043
271992321,0.074463,0.200439,1.022705
271997321,0.07251,0.203613,1.024414
272002321,0.07373,0.204834,1.030029
272007321,0.072021,0.19873,1.03418
272012321,0.077881,0.199219,1.030518
272017321,0.077393,0.206543,1.028076
272022321,0.069092,0.199951,1.011963
272027321,0.076172,0.200928,1.023193
272032321,0.072266,0.205566,1.032471
272037321,0.072998,0.20459,1.037354
272042321,0.073242,0.203125,1.030762
272047321,0.074707,0.199219,1.021484
272052321,0.07666,0.202637,1.029785
272057321,0.077881,0.203369,1.027832
272062321,0.073486,0.199707,1.026855
272067321,0.076172,0.200195,1.036621
272072321,0.077637,0.201904,1.025879
272077321,0.076904,0.203613,1.020752
272082321,0.07959,0.199219,1.026367
272087321,0.074463,0.202637,1.038574
272092321,0.078125,0.199463,1.035889
272097321,0.074707,0.203613,1.032227
272102321,0.075928,0.203369,1.030029
272107321,0.072754,0.199707,1.027832
272112321,0.073486,0.202637,1.038574
272117321,0.076904,0.199707,1.029785
272122321,0.07959,0.198242,1.030273
272127321,0.077637,0.200439,1.027588
272132321,0.077148,0.198975,1.03418
272137321,0.079102,0.201416,1.033691
272142321,0.078125,0.200439,1.030518
272147321,0.078369,0.198975,1.020508
272152321,0.078369,0.198975,1.017578
272157321,0.082764,0.199219,1.032959
272162321,0.07666,0.202148,1.029053
272167321,0.07251,0.205322,1.0271
272172321,0.075439,0.205322,1.027588
272177321,0.071533,0.203613,1.026123
272182321,0.071289,0.20166,1.026367
272187321,0.076904,0.204834,1.028809
272192321,0.076904,0.200195,1.033447
272197321,0.07666,0.199463,1.026367
272202321,0.078125,0.197754,1.03125
272207321,0.080322,0.202393,1.035889
272212321,0.079834,0.195068,1.027832
272217321,0.072021,0.199951,1.026367
272222321,0.075439,0.199463,1.021973
272227321,0.074463,0.197266,1.02002
272232321,0.077637,0.204346,1.019775
272237321,0.074219,0.204102,1.026367
272242321,0.079102,0.200684,1.034424
272247321,0.078125,0.202637,1.03125
272252321,0.076904,0.199707,1.029297
272257321,0.071289,0.200439,1.028076
272262321,0.071533,0.20166,1.028564
272267321,0.072754,0.202148,1.025879
272272321,0.076904,0.203125,1.028809
272277321,0.072754,0.199951,1.030762
272282321,0.077393,0.197998,1.023926
272287321,0.084473,0.198486,1.023193
272292321,0.076172,0.200684,1.026123
272297321,0.074707,0.197021,1.026611
272302321,0.075439,0.204834,1.023926
272307321,0.078613,0.20459,1.026611
272312321,0.07959,0.201904,1.026367
272317321,0.078369,0.208008,1.028564
272322321,0.077393,0.200928,1.02832
272327321,0.079102,0.201172,1.029053
272332321,0.068604,0.201416,1.035156
272337321,0.071045,0.199463,1.025146
272342321,0.069336,0.203369,1.023926
272347321,0.074707,0.200195,1.028809
272352321,0.071289,0.196777,1.026611
272357321,0.076172,0.200684,1.027832
272362321,0.078369,0.199219,1.024414
272367321,0.079346,0.200195,1.027344
272372321,0.078369,0.204346,1.019775
272377321,0.075439,0.202881,1.029785
272382321,0.075928,0.200684,1.017822
272387321,0.077637,0.205811,1.027588
272392321,0.07666,0.203125,1.026123
272397321,0.080322,0.20166,1.037842
272402321,0.075684,0.201904,1.032959
272407321,0.072021,0.199463,1.021973
272412321,0.073486,0.202881,1.030029
272417321,0.071533,0.199219,1.025391
272422321,0.073975,0.19751,1.026367
272427321,0.076172,0.202881,1.027344
272432321,0.078613,0.196045,1.028809
272437321,0.07373,0.196289,1.028076
272442321,0.075684,0.197754,1.03418
272447321,0.074219,0.199951,1.024414
272452321,0.075684,0.200195,1.027832
272457321,0.07959,0.201172,1.020508
272462321,0.076904,0.206299,1.027832
272467321,0.075684,0.201416,1.031738
272472321,0.078613,0.201904,1.032959
272477321,0.07666,0.202393,1.030518
272482321,0.079102,0.199951,1.028809
272487321,0.077393,0.20166,1.033447
272492321,0.077148,0.199707,1.030518
272497321,0.071777,0.197754,1.029053
272502321,0.074219,0.199463,1.026855
272507321,0.07373,0.198242,1.029053
272512321,0.075928,0.19873,1.026367
272517321,0.079346,0.200195,1.030029
272522321,0.075439,0.199463,1.026855
272527321,0.074463,0.199463,1.026611
272532321,0.076416,0.199463,1.026123
272537321,0.078125,0.203125,1.031982
272542321,0.075439,0.205322,1.026611
272547321,0.076416,0.202881,1.0271
272552321,0.075684,0.204102,1.030518
272557321,0.080566,0.201416,1.026855
272562321,0.075439,0.205322,1.029785
272567321,0.074707,0.198242,1.031738
272572321,0.074463,0.201172,1.03418
272577321,0.07666,0.197998,1.028076
272582321,0.072021,0.195312,1.025146
272587321,0.074951,0.199219,1.026367
272592321,0.071045,0.198975,1.032227
272597321,0.075684,0.19873,1.025879
272602321,0.075928,0.19873,1.028076
272607321,0.077148,0.198975,1.026855
272612321,0.07666,0.20459,1.025391
272617321,0.074951,0.200195,1.025879
272622321,0.077637,0.20166,1.03125
272627321,0.076904,0.208496,1.026367
272632321,0.078613,0.203369,1.030762
272637321,0.073242,0.200928,1.031738
272642321,0.077393,0.205811,1.025879
272647321,0.075195,0.198975,1.025879
272652321,0.072021,0.197754,1.03125
272657321,0.074707,0.197754,1.026123
272662321,0.076416,0.200439,1.031006
272667321,0.07666,0.197021,1.030029
272672321,0.07373,0.202148,1.027832
272677321,0.072998,0.201904,1.030762
272682321,0.07666,0.206787,1.02832
272687321,0.074951,0.204834,1.025391
272692321,0.077881,0.204346,1.023193
272697321,0.076904,0.201172,1.026855
272702321,0.082764,0.203369,1.024658
272707321,0.078613,0.19873,1.031982
272712321,0.080566,0.198242,1.027588
272717321,0.077637,0.200195,1.030518
272722321,0.077637,0.198242,1.024902
272727321,0.075439,0.203125,1.026611
272732321,0.070312,0.20459,1.030273
272737321,0.072021,0.200195,1.028076
272742321,0.071777,0.201416,1.026611
272747321,0.070312,0.199951,1.031738
272752321,0.071777,0.19873,1.028076
272757321,0.071289,0.202393,1.035156
272762321,0.075684,0.19873,1.034424
272767321,0.07251,0.202881,1.025391
272772321,0.07959,0.195557,1.027832
272777321,0.080566,0.199707,1.023682
272782321,0.076904,0.197998,1.023682
272787321,0.077148,0.205566,1.025879
272792321,0.080322,0.20166,1.025635
272797321,0.081543,0.20459,1.022705
272802321,0.077148,0.207764,1.019531
272807321,0.076172,0.202637,1.018066
272812321,0.073242,0.209717,1.028564
272817321,0.072998,0.205322,1.03418
272822321,0.074951,0.204346,1.035645
272827321,0.074707,0.203857,1.028076
272832321,0.074463,0.200195,1.029785
272837321,0.077148,0.201172,1.026367
272842321,0.072754,0.197754,1.030762
272847321,0.075684,0.20166,1.031006
272852321,0.075684,0.198975,1.031738
272857321,0.080078,0.202637,1.028564
272862321,0.074219,0.200928,1.024902
272867321,0.079346,0.200684,1.025879
272872321,0.080566,0.199951,1.03125
272877321,0.074951,0.202148,1.027588
272882321,0.075439,0.202148,1.031006
272887321,0.07373,0.203369,1.028076
272892321,0.074951,0.205566,1.030518
272897321,0.072998,0.203125,1.026611
272902321,0.073242,0.203613,1.023193
272907321,0.073242,0.200439,1.029541
272912321,0.076172,0.198975,1.025146
272917321,0.07959,0.199219,1.025391
272922321,0.076416,0.194336,1.028809
272927321,0.070312,0.195801,1.030029
272932321,0.073975,0.197754,1.028564
272937321,0.075928,0.201904,1.030029
272942321,0.077148,0.203369,1.024414
272947321,0.07666,0.206543,1.020996
272952321,0.076904,0.203369,1.02832
272957321,0.070801,0.205811,1.034424
272962321,0.072021,0.206055,1.030029
272967321,0.073975,0.205566,1.019775
272972321,0.072754,0.19873,1.022705
272977321,0.074463,0.205322,1.03418
272982321,0.074463,0.19751,1.026611
272987321,0.072998,0.197266,1.038818
272992321,0.077148,0.199219,1.015381
272997321,0.080078,0.196533,1.029297
273002321,0.075439,0.20166,1.026855
273007321,0.072754,0.192871,1.023193
273012321,0.07251,0.197266,1.024902
273017321,0.07373,0.209473,1.030762
273022321,0.077148,0.202393,1.020264
273027321,0.075928,0.198486,1.025391
273032321,0.081543,0.201172,1.025879
273037321,0.081787,0.202881,1.030273
273042321,0.077393,0.207275,1.028076
273047321,0.072998,0.204102,1.029785
273052321,0.073486,0.202393,1.032959
273057321,0.076416,0.205811,1.02002
273062321,0.078369,0.197998,1.037598
273067321,0.077881,0.197021,1.030273
273072321,0.075439,0.194092,1.025879
273077321,0.072021,0.194092,1.027588
273082321,0.078857,0.195312,1.02832
273087321,0.07373,0.197266,1.026611
273092321,0.070068,0.198975,1.029785
273097321,0.076416,0.202881,1.021484
273102321,0.078613,0.203125,1.026123
273107321,0.076172,0.207275,1.029785
273112321,0.075928,0.204102,1.032715
273117321,0.075684,0.197998,1.025635
273122321,0.074951,0.200195,1.028076
273127321,0.076904,0.201904,1.025635
273132321,0.077148,0.201416,1.021973
273137321,0.074707,0.206299,1.024658
273142321,0.07666,0.19873,1.031738
273147321,0.075439,0.197998,1.02417
273152321,0.07373,0.197998,1.0271
273157321,0.071777,0.200195,1.029785
273162321,0.074951,0.198486,1.023193
273167321,0.078369,0.199707,1.0271
273172321,0.075928,0.19751,1.026855
273177321,0.073486,0.202637,1.026123
273182321,0.074219,0.20459,1.028809
273187321,0.071533,0.20752,1.030273
273192321,0.077148,0.20459,1.025879
273197321,0.075439,0.205566,1.028809
273202321,0.077637,0.202881,1.025879
273207321,0.075928,0.196289,1.028564
273212321,0.07251,0.199707,1.020508
273217321,0.073975,0.195312,1.025635
273222321,0.074463,0.19751,1.026123
273227321,0.075195,0.198486,1.026855
273232321,0.071777,0.198242,1.031738
273237321,0.076172,0.202881,1.030518
273242321,0.074707,0.200928,1.029297
273247321,0.074463,0.201172,1.027344
273252321,0.078369,0.200928,1.030518
273257321,0.075684,0.203613,1.026611
273262321,0.074219,0.201904,1.032227
273267321,0.075195,0.205811,1.027588
273272321,0.076172,0.208984,1.033447
273277321,0.075928,0.204102,1.030029
273282321,0.080811,0.201416,1.03418
273287321,0.077881,0.202393,1.02417
273292321,0.075439,0.202393,1.024902
273297321,0.073242,0.202637,1.021729
273302321,0.075928,0.196777,1.02832
273307321,0.07373,0.203613,1.025635
273312321,0.074463,0.200439,1.029785
273317321,0.070312,0.199219,1.027832
273322321,0.076416,0.197021,1.029053
273327321,0.071777,0.20459,1.030762
273332321,0.079102,0.202637,1.031982
273337321,0.075928,0.197754,1.030518
273342321,0.07373,0.196777,1.022461
273347321,0.074707,0.203857,1.032227
273352321,0.074219,0.200928,1.030518
273357321,0.072754,0.198486,1.026855
273362321,0.075439,0.202393,1.0271
273367321,0.076172,0.202637,1.031006
273372321,0.076416,0.201416,1.022217
273377321,0.075195,0.198486,1.035156
273382321,0.075439,0.205566,1.03418
273387321,0.073242,0.203857,1.027588
273392321,0.075195,0.200928,1.017822
273397321,0.073975,0.204834,1.025146
273402321,0.070068,0.201904,1.031738
273407321,0.074463,0.202637,1.03125
273412321,0.074951,0.205322,1.030273
273417321,0.07666,0.201416,1.022949
273422321,0.078369,0.200195,1.025635
273427321,0.078125,0.199219,1.031738
273432321,0.076172,0.197266,1.026611
273437321,0.077881,0.202148,1.031738
273442321,0.080078,0.198975,1.027344
273447321,0.07666,0.201904,1.027344
273452321,0.075195,0.202148,1.025879
273457321,0.075439,0.200195,1.025879
273462321,0.074219,0.202637,1.026855
273467321,0.072998,0.206055,1.032471
273472321,0.071777,0.204102,1.030273
273477321,0.070801,0.204834,1.031494
273482321,0.070801,0.205566,1.025879
273487321,0.073486,0.201904,1.030273
273492321,0.074463,0.203125,1.028564
273497321,0.071777,0.200928,1.028564
273502321,0.074951,0.200928,1.027588
273507321,0.07666,0.198975,1.021729
273512321,0.082275,0.197266,1.028564
273517321,0.077148,0.202148,1.030029
273522321,0.079834,0.199951,1.028076
273527321,0.077393,0.200684,1.030029
273532321,0.072998,0.205811,1.026123
273537321,0.075439,0.204346,1.029297
273542321,0.075195,0.203125,1.025635
273547321,0.072998,0.205566,1.030273
273552321,0.072266,0.199219,1.025635
273557321,0.07373,0.19751,1.030029
273562321,0.073242,0.199951,1.024658
273567321,0.074707,0.194824,1.027344
273572321,0.073975,0.193359,1.031738
273577321,0.077637,0.191406,1.019531
273582321,0.078613,0.194092,1.016602
273587321,0.078369,0.196777,1.019043
273592321,0.082031,0.19458,1.018555
273597321,1.999939,-1.851807,1.999939
273602321,1.886475,1.93457,1.999939
273607321,1.078369,1.999939,1.999939
273612321,1.947266,1.999939,-2.0
273617321,1.999939,1.999939,-1.928223
273622321,-0.429932,0.777832,-2.0
273627321,-2.0,0.981445,1.999939
273632321,1.999939,1.416016,-2.0
273637321,-0.611328,1.999939,1.999939
273642321,-0.705322,0.430176,-1.918945
273647321,-0.033936,0.262451,1.825439
273652321,0.033936,0.076416,1.123047
273657321,-0.148193,0.301758,0.169678
273662321,-0.526123,0.381104,1.69751
273667321,0.02417,1.282715,1.405762
273672321,-0.857666,1.652344,1.199463
273677321,-0.275391,0.415283,-1.166504
273682321,-1.332275,1.999756,-2.0
273687321,-1.692383,1.999939,1.308838
273692321,-1.003418,0.913574,-0.126953
273697321,-0.547119,0.321777,-2.0
273702321,-0.098877,1.130859,1.08667
273707321,-0.105469,1.433105,1.179199
273712321,-0.361328,1.999939,0.728027
273717321,0.070801,0.506592,1.278809
273722321,0.043701,0.22168,1.161133
273727321,0.009521,0.185059,0.999512
273732321,0.044434,0.247803,0.803955
273737321,0.1521,0.259033,1.018555
273742321,0.020996,0.166992,0.539795
273747321,0.053711,0.396729,0.903076
273752321,-0.267822,0.541748,-1.723145
273757321,-0.210449,0.109863,-1.625977
273762321,-0.531006,1.999939,1.284912
273767321,-1.054688,1.997803,0.162842
273772321,-1.119629,1.293213,0.891113
273777321,-2.0,0.29248,0.606201
273782321,-0.249023,0.192627,0.536865
273787321,0.013916,0.216797,1.012207
273792321,-0.06665,0.288574,0.898682
273797321,0.058105,0.248779,1.115479
273802321,0.107666,0.383545,1.615967
273807321,0.202881,0.209473,1.524902
273812321,0.217773,0.227051,1.020508
273817321,-0.259033,1.663086,-2.0
273822321,-0.127197,0.576416,-2.0
273827321,-0.998047,0.45166,-1.736816
273832321,-1.141357,0.293945,1.415527
273837321,-1.450439,0.327393,0.498047
273842321,-1.422119,0.19043,1.36084
273847321,0.107422,0.365479,1.518311
273852321,0.031494,0.608398,-2.0
273857321,-0.385254,0.744141,0.00708
273862321,-0.047852,1.10083,0.429687
273867321,-0.26123,0.750732,-1.173096
273872321,0.210693,0.234619,0.707275
273877321,-0.432861,0.251221,1.446533
273882321,-0.027344,0.482422,-1.861572
273887321,-0.099609,0.209961,-2.0
273892321,-0.316162,0.974121,0.467529
273897321,0.257324,0.229248,-0.524658
273902321,-0.031494,0.289551,0.98291
273907321,0.172607,0.564209,1.071777
273912321,-0.385742,0.919434,-2.0
273917321,-0.118408,0.792969,1.201172
273922321,-0.418701,1.130127,1.23877
273927321,-0.570068,0.334961,-2.0
273932321,-1.623535,1.398682,-1.184326
273937321,-0.197021,1.080322,0.958008
273942321,-0.243896,0.255859,-2.0
273947321,-0.641846,0.568115,0.905762
273952321,-0.086914,0.135742,-1.894775
273957321,-0.270996,1.76709,1.288086
273962321,0.039795,1.280029,1.314453
273967321,0.081055,1.999939,1.013672
273972321,0.070557,0.212646,1.016602
273977321,0.074707,0.169678,1.014404
273982321,0.089111,0.192871,1.062256
273987321,0.07251,0.219482,1.049561
273992321,0.072998,0.192627,1.013916
273997321,0.062988,0.20459,0.994385
274002321,0.077148,0.206299,0.995361
274007321,0.080078,0.188721,1.027588
274012321,0.079834,0.204346,1.041748
274017321,0.082031,0.21167,1.060303
274022321,0.076172,0.204834,1.026367
274027321,0.070068,0.205078,1.023926
274032321,0.078369,0.200928,1.011719
274037321,0.082031,0.182129,1.022217
274042321,0.077393,0.195312,1.04248
274047321,0.077148,0.208252,1.039307
274052321,0.068359,0.203369,1.036133
274057321,0.067627,0.206543,1.02832
274062321,0.072754,0.207031,1.012451
274067321,0.072754,0.193359,1.017822
274072321,0.074951,0.20166,1.03125
274077321,0.075439,0.204834,1.033936
274082321,0.074707,0.200928,1.034668
274087321,0.075195,0.202148,1.031494
274092321,0.073242,0.20166,1.019043
274097321,0.072998,0.19751,1.014893
274102321,0.070312,0.199707,1.031494
274107321,0.072998,0.201416,1.032959
274112321,0.072754,0.20459,1.036133
274117321,0.069824,0.209961,1.035889
274122321,0.071777,0.204346,1.027832
274127321,0.069092,0.199463,1.019043
274132321,0.073975,0.19873,1.028076
274137321,0.072266,0.20166,1.028564
274142321,0.074707,0.204346,1.032227
274147321,0.075684,0.207275,1.0354
274152321,0.076172,0.207031,1.022461
274157321,0.071777,0.204834,1.031982
274162321,0.073242,0.200439,1.026611
274167321,0.077148,0.197021,1.029541
274172321,0.070801,0.204346,1.029785
274177321,0.071777,0.203125,1.026855
274182321,0.06958,0.205078,1.02832
274187321,0.071289,0.203125,1.024902
274192321,0.070557,0.198975,1.019775
274197321,0.073975,0.196777,1.026855
274202321,0.06958,0.204102,1.027832
274207321,0.073242,0.207275,1.02417
274212321,0.073242,0.204834,1.030029
274217321,0.074707,0.206299,1.031738
274222321,0.070801,0.203125,1.026123
274227321,0.069092,0.200928,1.027832
274232321,0.076416,0.200439,1.031006
274237321,0.077881,0.200684,1.030762
274242321,0.079346,0.204102,1.037354
274247321,0.07666,0.206055,1.037109
274252321,0.077637,0.200195,1.033936
274257321,0.076416,0.201904,1.035889
274262321,0.076416,0.200928,1.025635
274267321,0.074951,0.19873,1.019531
274272321,0.074463,0.196777,1.028564
274277321,0.076172,0.204346,1.029541
274282321,0.076904,0.20459,1.029297
274287321,0.075684,0.199951,1.036377
274292321,0.073975,0.199951,1.030518
274297321,0.068848,0.203125,1.03125
274302321,0.072754,0.20166,1.027832
274307321,0.072021,0.202881,1.024414
274312321,0.073486,0.204346,1.036621
274317321,0.077637,0.206543,1.0354
274322321,0.072021,0.203125,1.027588
274327321,0.072754,0.202637,1.026123
274332321,0.071533,0.204102,1.021973
274337321,0.073242,0.201904,1.027832
274342321,0.07251,0.202637,1.03125
274347321,0.07373,0.202881,1.029297
274352321,0.073242,0.200439,1.027344
274357321,0.070312,0.20166,1.027588
274362321,0.074707,0.201904,1.024902
274367321,0.072998,0.20459,1.019775
274372321,0.072266,0.202393,1.023438
274377321,0.07251,0.203125,1.035645
274382321,0.072021,0.203369,1.028564
274387321,0.075195,0.203125,1.032959
274392321,0.072998,0.201416,1.026855
274397321,0.074707,0.204834,1.025635
274402321,0.073242,0.200195,1.026367
274407321,0.075684,0.207764,1.02832
274412321,0.072754,0.20166,1.025635
274417321,0.075439,0.202148,1.032715
274422321,0.072266,0.199463,1.019043
274427321,0.072021,0.203369,1.028076
274432321,0.071533,0.203613,1.021729
274437321,0.079102,0.20166,1.029541
274442321,0.075439,0.202393,1.03125
274447321,0.077637,0.198975,1.031982
274452321,0.071777,0.20166,1.017822
274457321,0.07251,0.20459,1.027588
274462321,0.072754,0.205322,1.016357
274467321,0.07666,0.20459,1.025391
274472321,0.07251,0.201172,1.038818
274477321,0.077148,0.20166,1.029053
274482321,0.07373,0.200928,1.027588
274487321,0.074707,0.202637,1.028564
274492321,0.077637,0.202148,1.031982
274497321,0.075928,0.204102,1.023926
274502321,0.074707,0.200684,1.020752
274507321,0.070801,0.205566,1.026611
274512321,0.079102,0.200195,1.024658
274517321,0.075439,0.198242,1.032959
274522321,0.074463,0.200928,1.036377
274527321,0.072021,0.204346,1.027832
274532321,0.074707,0.206543,1.03125
274537321,0.074463,0.200684,1.029053
274542321,0.070312,0.201172,1.023193
274547321,0.07373,0.203613,1.028076
274552321,0.075684,0.202637,1.039307
274557321,0.074707,0.201416,1.031982
274562321,0.073486,0.202637,1.029297
274567321,0.07373,0.203125,1.030518
274572321,0.067627,0.203857,1.02002
274577321,0.077393,0.200439,1.028564
274582321,0.073486,0.200439,1.026611
274587321,0.074219,0.199463,1.038086
274592321,0.07666,0.201172,1.028076
274597321,0.074707,0.203369,1.029053
274602321,0.072266,0.204102,1.025146
274607321,0.069092,0.201172,1.0271
274612321,0.073975,0.199463,1.023682
274617321,0.070312,0.201904,1.026855
274622321,0.07251,0.202881,1.030762
274627321,0.070557,0.203369,1.022949
274632321,0.068359,0.198486,1.02832
274637321,0.075195,0.205566,1.025879
274642321,0.077148,0.202393,1.028809
274647321,0.074951,0.204834,1.030762
274652321,0.073486,0.203125,1.03125
274657321,0.077393,0.201416,1.023682
274662321,0.069824,0.199463,1.028564
274667321,0.070801,0.199463,1.030029
274672321,0.076904,0.202148,1.029053
274677321,0.073486,0.204102,1.0354
274682321,0.074707,0.199707,1.030518
274687321,0.071289,0.199463,1.025635
274692321,0.073486,0.198975,1.03125
274697321,0.073975,0.203613,1.025879
274702321,0.070068,0.206299,1.023682
274707321,0.070557,0.203369,1.031738
274712321,0.073486,0.205322,1.033447
274717321,0.072266,0.208008,1.029785
274722321,0.069092,0.204102,1.026123
274727321,0.068848,0.202637,1.03125
274732321,0.071777,0.200195,1.023682
274737321,0.07251,0.20459,1.031494
274742321,0.075439,0.202881,1.033936
274747321,0.075928,0.202148,1.029785
274752321,0.077393,0.203125,1.02832
274757321,0.074707,0.205078,1.020264
274762321,0.074707,0.201172,1.027344
274767321,0.074219,0.202148,1.030273
274772321,0.073975,0.204102,1.030762
274777321,0.07373,0.200439,1.039063
274782321,0.074463,0.202881,1.036865
274787321,0.066895,0.201416,1.030273
