timestamp_us,x_g,y_g,z_g
1692494606,0.082764,0.153076,1.041992
1692499606,0.077148,0.158447,1.041016
1692504606,0.079346,0.156982,1.046631
1692509606,0.076904,0.152588,1.030029
1692514606,0.079346,0.152344,1.038818
1692519606,0.076904,0.152832,1.039795
1692524606,0.081299,0.153809,1.041504
1692529606,0.078857,0.154297,1.038818
1692534606,0.078613,0.151855,1.037598
1692539606,0.078613,0.153076,1.043701
1692544606,0.077148,0.150879,1.040039
1692549606,0.078613,0.151611,1.031982
1692554606,0.078369,0.155029,1.033936
1692559606,0.076416,0.154541,1.036865
1692564606,0.082764,0.154785,1.041748
1692569606,0.075928,0.15625,1.041016
1692574606,0.078369,0.152344,1.02832
1692579606,0.080322,0.153809,1.041016
1692584606,0.081055,0.155029,1.038086
1692589606,0.074707,0.150635,1.039307
1692594606,0.079102,0.153564,1.039551
1692599606,0.081055,0.154053,1.036621
1692604606,0.080566,0.152832,1.033936
1692609606,0.076172,0.152344,1.032471
1692614606,0.081055,0.1521,1.038818
1692619606,0.077881,0.150146,1.039063
1692624606,0.077148,0.155762,1.039795
1692629606,0.078613,0.143555,1.033691
1692634606,0.077881,0.14917,1.033691
1692639606,0.076172,0.151367,1.041748
1692644606,0.080322,0.1521,1.038818
1692649606,0.075684,0.153076,1.040771
1692654606,0.075195,0.149414,1.035889
1692659606,0.079346,0.152832,1.031738
1692664606,0.078857,0.153564,1.044434
1692669606,0.077881,0.151855,1.045166
1692674606,0.077148,0.154053,1.040283
1692679606,0.074219,0.151611,1.040283
1692684606,0.081787,0.154297,1.036865
1692689606,0.080566,0.150879,1.039795
1692694606,0.078613,0.152344,1.039795
1692699606,0.079346,0.157715,1.041504
1692704606,0.080322,0.157471,1.038574
1692709606,0.079102,0.155518,1.034668
1692714606,0.076172,0.153809,1.037842
1692719606,0.077148,0.148926,1.036865
1692724606,0.080811,0.156982,1.041504
1692729606,0.078369,0.157471,1.045166
1692734606,0.07373,0.147217,1.031494
1692739606,0.081299,0.154297,1.0354
1692744606,0.080322,0.153809,1.038086
1692749606,0.077393,0.155029,1.040771
1692754606,0.076172,0.153809,1.041504
1692759606,0.076172,0.154541,1.038086
1692764606,0.076416,0.15332,1.035889
1692769606,0.078369,0.157227,1.040527
1692774606,0.083252,0.153564,1.042236
1692779606,0.078369,0.156738,1.038086
1692784606,0.07959,0.152588,1.0354
1692789606,0.077393,0.152588,1.03125
1692794606,0.081055,0.149658,1.041504
1692799606,0.08374,0.151611,1.039063
1692804606,0.080566,0.15332,1.035156
1692809606,0.081055,0.152588,1.039795
1692814606,0.077393,0.155029,1.036621
1692819606,0.073975,0.155762,1.037842
1692824606,0.080566,0.15332,1.040283
1692829606,0.080566,0.150391,1.041992
1692834606,0.080566,0.149414,1.043457
1692839606,0.081299,0.152344,1.047119
1692844606,0.078857,0.154297,1.030762
1692849606,0.082031,0.154541,1.037598
1692854606,0.080566,0.156982,1.040527
1692859606,0.079834,0.155762,1.038818
1692864606,0.074951,0.153076,1.033447
1692869606,0.081787,0.148926,1.039795
1692874606,0.078857,0.156982,1.041016
1692879606,0.078369,0.150879,1.039551
1692884606,0.080566,0.144531,1.035889
1692889606,0.077148,0.149414,1.03418
1692894606,0.078369,0.154785,1.039307
1692899606,0.07373,0.153564,1.040039
1692904606,0.079346,0.153809,1.039795
1692909606,0.079346,0.154541,1.038574
1692914606,0.080322,0.152832,1.038818
1692919606,0.082031,0.155029,1.042725
3637729606,0.079346,0.152832,1.037109
1695534606,0.078125,0.15332,1.037354
1695539606,0.076172,0.152832,1.03833
1695544606,0.076904,0.154053,1.037842
1695549606,0.078857,0.153809,1.03833
1695554606,0.075684,0.153564,1.041748
1695559606,0.081299,0.154541,1.032959
1695564606,0.073486,0.151855,1.035889
1695569606,0.078857,0.153076,1.040771
1695574606,0.081543,0.152588,1.038574
1695579606,0.076416,0.155518,1.038086
1695584606,0.079834,0.15332,1.03833
1695589606,0.084473,0.153564,1.036865
1695594606,0.081787,0.149902,1.04248
1695599606,0.076416,0.157959,1.039063
1695604606,0.079834,0.154297,1.035889
1695609606,0.079834,0.156982,1.03418
1695614606,0.07666,0.156494,1.033203
1695619606,0.077637,0.15332,1.043701
1695624606,0.082764,0.157959,1.035645
1695629606,0.079834,0.154053,1.03833
1695634606,0.077637,0.154785,1.035156
1695639606,0.077637,0.151855,1.041992
1695644606,0.081299,0.152832,1.037354
1695649606,0.07959,0.151855,1.038574
1695654606,0.07666,0.150635,1.027344
1695659606,0.079346,0.152832,1.044434
1695664606,0.075684,0.156006,1.036621
1695669606,0.07959,0.149902,1.041016
1695674606,0.075439,0.1521,1.034912
1695679606,0.078369,0.154785,1.041992
1695684606,0.079834,0.154541,1.038818
1695689606,0.07959,0.155762,1.043213
1695694606,0.075439,0.156982,1.037842
1695699606,0.081299,0.152344,1.039551
1695704606,0.079834,0.150879,1.043213
1695709606,0.076172,0.152588,1.036377
1695714606,0.077393,0.158936,1.036377
1695719606,0.077881,0.156738,1.037354
1695724606,0.077881,0.151367,1.036865
1695729606,0.073975,0.154541,1.036133
1695734606,0.072998,0.156738,1.040039
1695739606,0.081543,0.15332,1.042236
1695744606,0.080566,0.151367,1.039795
1695749606,0.078613,0.151123,1.037598
1695754606,0.080322,0.152588,1.04248
1695759606,0.077637,0.151367,1.039551
1695764606,0.083252,0.153564,1.036133
1695769606,0.07666,0.152344,1.0354
1695774606,0.078125,0.150391,1.039795
1695779606,0.07959,0.157471,1.038818
1695784606,0.079834,0.155762,1.036621
1695789606,0.077393,0.151367,1.037109
1695794606,0.073975,0.155273,1.043213
1695799606,0.078857,0.154053,1.034424
1695804606,0.07373,0.153809,1.039063
1695809606,0.079346,0.154053,1.036377
1695814606,0.079346,0.154297,1.043701
1695819606,0.080322,0.152832,1.03418
1695824606,0.077393,0.154053,1.035645
1695829606,0.076904,0.154053,1.0354
1695834606,0.083008,0.153809,1.037354
1695839606,0.079102,0.156738,1.03833
1695844606,0.078613,0.153076,1.037354
1695849606,0.078125,0.155518,1.04126
1695854606,0.077148,0.154785,1.033936
1695859606,0.081055,0.1521,1.042236
1695864606,0.075684,0.158203,1.039307
1695869606,0.078369,0.152832,1.038086
1695874606,0.080078,0.155029,1.036133
1695879606,0.076904,0.150879,1.039795
1695884606,0.08252,0.151123,1.040039
1695889606,0.080322,0.155518,1.041504
1695894606,0.083984,0.15332,1.03125
1695899606,0.075684,0.15625,1.043213
1695904606,0.07251,0.156738,1.042236
1695909606,0.081055,0.153564,1.033203
1695914606,0.074707,0.156494,1.041016
1695919606,0.078369,0.15332,1.037842
1695924606,0.076416,0.154297,1.032959
1695929606,0.082031,0.156494,1.040771
1695934606,0.079102,0.151611,1.037598
1695939606,0.07959,0.152832,1.038086
1695944606,0.082031,0.155762,1.040527
1695949606,0.077393,0.150879,1.032959
1695954606,0.078125,0.152832,1.034668
1695959606,0.073242,0.154541,1.037842
1695964606,0.07666,0.154297,1.043457
1695969606,0.078857,0.156494,1.037598
1695974606,0.07666,0.153564,1.038818
1695979606,0.080566,0.156006,1.042725
1695984606,0.076416,0.156006,1.034424
1695989606,0.082275,0.15332,1.037842
1695994606,0.084961,0.148926,1.038574
1695999606,0.083496,0.150391,1.041748
1696004606,0.084229,0.1521,1.037354
1696009606,0.076416,0.148437,1.033203
1696014606,0.078369,0.154785,1.043213
1696019606,0.076416,0.155518,1.035889
1696024606,0.077148,0.155762,1.038574
1696029606,0.075439,0.154053,1.033447
1696034606,0.076172,0.15625,1.041992
1696039606,0.077881,0.152832,1.037598
1696044606,0.076172,0.155273,1.034668
1696049606,0.07959,0.155029,1.038086
1696054606,0.078613,0.152832,1.036865
1696059606,0.081543,0.147217,1.040283
1696064606,0.080811,0.154053,1.043701
1696069606,0.081299,0.150635,1.036377
1696074606,0.081299,0.152588,1.035645
1696079606,0.078857,0.14917,1.039063
1696084606,0.080078,0.152588,1.035156
1696089606,0.080078,0.150635,1.036377
1696094606,0.077393,0.153809,1.039063
1696099606,0.078369,0.151611,1.036377
1696104606,0.080566,0.154053,1.044434
1696109606,0.082031,0.148193,1.03833
1696114606,0.085449,0.152588,1.036621
1696119606,0.079834,0.154541,1.036621
1696124606,0.083496,0.1521,1.039307
1696129606,0.07666,0.153809,1.03833
1696134606,0.077393,0.15332,1.033936
1696139606,0.079346,0.152344,1.039307
1696144606,0.080078,0.153564,1.040283
1696149606,0.082031,0.156006,1.037842
1696154606,0.080322,0.1521,1.04248
1696159606,0.07666,0.155518,1.030273
1696164606,0.079102,0.158447,1.035156
1696169606,0.082031,0.150879,1.038574
1696174606,0.080078,0.153076,1.040771
1696179606,0.078125,0.154053,1.040039
1696184606,0.077393,0.152344,1.03418
1696189606,0.079346,0.158203,1.032471
1696194606,0.076904,0.153564,1.037354
1696199606,0.078369,0.154053,1.037842
1696204606,0.076416,0.151367,1.045166
1696209606,0.076416,0.155029,1.040039
1696214606,-2.145752,-0.956787,3.999878
1696219606,1.173096,3.486084,-4.0
1696224606,1.80542,2.970947,-4.0
1696229606,-2.059814,-2.268555,3.154785
1696234606,0.754883,2.720459,0.853271
1696239606,0.245361,2.08374,-4.0
1696244606,-0.554687,0.262207,1.331543
1696249606,-0.316162,1.752686,-0.350342
1696254606,-0.586182,0.854004,0.817383
1696259606,-0.430176,0.299316,0.897949
1696264606,1.13208,1.599609,3.389404
1696269606,0.041992,-0.177734,1.424072
1696274606,-1.089355,-0.217041,-1.412109
1696279606,-0.67627,0.581299,1.527344
1696284606,0.416992,0.425293,1.666748
1696289606,0.284912,0.211426,1.404541
1696294606,-0.079102,0.235596,0.978271
1696299606,0.019531,0.175049,0.994385
1696304606,0.145264,0.093262,0.986816
1696309606,0.14502,0.040771,0.981934
1696314606,0.076904,0.11377,1.190674
1696319606,0.011963,0.420654,1.453369
1696324606,-0.075684,0.263428,0.756104
1696329606,-0.878174,-0.016602,3.999878
1696334606,-0.842529,-0.664307,1.500977
1696339606,-0.866211,0.392334,-1.166748
1696344606,-1.200684,0.89624,-2.037598
1696349606,-1.687256,0.717041,3.297607
1696354606,-1.019287,-0.545166,1.934326
1696359606,0.800293,1.936279,3.999878
1696364606,-1.196777,-0.724121,-4.0
1696369606,-0.432373,1.867432,1.292969
1696374606,-1.280029,2.286621,-0.696533
1696379606,-0.673828,0.815674,0.763184
1696384606,-0.136475,0.947998,-1.609619
1696389606,-1.7229,1.036865,-2.586182
1696394606,-0.781006,1.315918,-0.067383
1696399606,-0.927979,0.141846,0.570312
1696404606,-0.108643,0.303955,1.245117
1696409606,0.182129,0.145752,1.547363
1696414606,0.125,0.116455,1.064697
1696419606,0.06543,0.164062,1.078369
1696424606,-0.035889,0.17334,0.829834
1696429606,-1.212891,0.035645,1.290527
1696434606,-3.203613,0.942871,1.338867
1696439606,-1.470947,0.123535,1.391113
1696444606,-0.674561,0.155029,1.565186
1696449606,0.080566,0.157715,0.925293
1696454606,0.007813,0.132812,0.769287
1696459606,-0.244629,0.520508,-1.606689
1696464606,-0.837402,0.27124,1.277344
1696469606,-0.61499,0.190918,1.439453
1696474606,-0.357666,0.109619,0.70874
1696479606,0.053955,0.131836,1.034424
1696484606,0.004395,0.144043,1.0
1696489606,-0.272217,0.104004,1.191162
1696494606,-0.183838,-0.029541,-1.423096
1696499606,-0.021484,0.171631,0.921143
1696504606,0.178711,0.117432,1.299316
1696509606,0.028076,0.124512,1.323242
1696514606,0.124023,0.107178,0.971436
1696519606,0.033203,0.177002,0.94165
1696524606,0.053711,0.15918,0.889404
1696529606,0.03125,0.163086,1.039795
1696534606,0.0625,0.140625,1.097656
1696539606,0.100342,0.155762,1.102783
1696544606,0.046387,0.129883,1.060059
1696549606,0.035156,0.133301,0.985107
1696554606,0.019287,0.180176,0.916016
1696559606,0.116455,0.141846,1.122803
1696564606,0.048096,0.119629,1.038086
1696569606,0.037842,0.159424,1.009766
1696574606,0.080811,0.155273,1.089111
1696579606,0.030029,0.128906,1.019531
1696584606,0.001221,0.143066,0.822998
1696589606,0.085693,0.164062,1.089111
1696594606,0.092529,0.119385,1.141357
1696599606,0.047363,0.133789,0.99585
1696604606,0.075439,0.149902,1.059082
1696609606,0.070557,0.139893,1.0354
1696614606,0.030273,0.141846,0.934814
1696619606,0.075439,0.143311,1.087158
1696624606,0.070557,0.133545,1.085693
1696629606,0.078125,0.151367,1.08667
1696634606,0.061523,0.142334,1.054443
1696639606,0.092041,0.140869,1.083252
1696644606,0.046143,0.143799,0.975342
1696649606,0.066162,0.152588,1.052246
1696654606,0.071289,0.133301,1.064209
1696659606,0.063721,0.149658,1.070068
1696664606,0.0625,0.149658,1.030029
1696669606,0.056152,0.14917,1.052246
1696674606,0.040283,0.145752,0.994141
1696679606,0.072266,0.150146,1.068848
1696684606,0.061768,0.141846,1.042725
1696689606,0.054199,0.137695,1.023926
1696694606,0.06665,0.144043,1.026611
1696699606,0.063477,0.139893,1.043457
1696704606,0.059326,0.140137,1.047852
1696709606,0.067139,0.143311,1.047363
1696714606,0.055176,0.142578,1.034668
1696719606,0.060059,0.141602,1.031738
1696724606,0.059082,0.144775,1.030029
1696729606,0.060547,0.143555,1.035156
1696734606,0.068359,0.138672,1.05542
1696739606,0.063232,0.139893,1.049561
1696744606,0.067383,0.141846,1.041748
1696749606,0.062744,0.137207,1.035889
1696754606,0.065674,0.141113,1.041748
1696759606,0.059814,0.145996,1.043213
1696764606,0.060791,0.143555,1.046875
1696769606,0.068115,0.143311,1.050781
1696774606,0.059814,0.144531,1.039307
1696779606,0.059082,0.139648,1.036621
1696784606,0.065186,0.145264,1.045654
1696789606,0.056885,0.145752,1.040527
1696794606,0.061768,0.140381,1.040771
1696799606,0.065186,0.13916,1.043701
1696804606,0.064697,0.144531,1.040283
1696809606,0.062012,0.142578,1.040283
1696814606,0.067139,0.144043,1.04126
1696819606,0.058838,0.145996,1.039063
1696824606,0.05835,0.141602,1.040527
1696829606,0.060791,0.144531,1.038818
1696834606,0.062012,0.144531,1.037842
1696839606,0.060059,0.140869,1.040283
1696844606,0.062744,0.146973,1.040527
1696849606,0.063232,0.141602,1.036621
1696854606,0.063232,0.142578,1.039307
1696859606,0.061768,0.143066,1.043701
1696864606,0.060303,0.142578,1.040283
1696869606,0.059082,0.138916,1.039063
1696874606,0.065186,0.145996,1.04126
1696879606,0.0625,0.143066,1.033936
1696884606,0.062256,0.141357,1.045898
1696889606,0.06543,0.142822,1.043945
1696894606,0.064209,0.144531,1.041748
1696899606,0.064941,0.141846,1.049561
1696904606,0.065186,0.145264,1.044678
1696909606,0.060791,0.144531,1.038818
1696914606,0.0625,0.14209,1.047852
1696919606,0.062744,0.140381,1.041504
1696924606,0.065186,0.140869,1.038574
1696929606,0.059082,0.14209,1.035156
1696934606,0.062012,0.141602,1.036377
1696939606,0.064941,0.141357,1.031494
1696944606,0.062256,0.137207,1.041016
1696949606,0.060303,0.141846,1.044434
1696954606,0.060547,0.143799,1.041992
1696959606,0.062012,0.142822,1.035889
1696964606,0.064453,0.142334,1.038086
1696969606,0.064209,0.143799,1.043701
1696974606,0.05835,0.145264,1.034912
1696979606,0.064209,0.141113,1.042969
1696984606,0.064697,0.14624,1.045898
1696989606,0.062012,0.142334,1.039551
1696994606,0.061279,0.147217,1.04126
1696999606,0.065918,0.14502,1.042969
1697004606,0.064941,0.13916,1.041748
1697009606,0.062988,0.143311,1.043457
1697014606,0.063232,0.143066,1.036133
1697019606,0.062256,0.140381,1.042236
1697024606,0.060303,0.145508,1.047607
1697029606,0.065918,0.146484,1.039307
1697034606,0.061035,0.139893,1.040527
1697039606,0.061768,0.14209,1.040039
1697044606,0.059082,0.142578,1.046875
1697049606,0.058105,0.146729,1.043701
1697054606,0.063477,0.142822,1.037354
1697059606,0.060791,0.14502,1.044189
1697064606,0.059326,0.143066,1.04541
1697069606,0.057861,0.142822,1.049072
1697074606,0.063232,0.142334,1.042236
1697079606,0.063965,0.142334,1.042969
1697084606,0.059814,0.142334,1.040039
1697089606,0.063477,0.148437,1.044434
1697094606,0.062988,0.142578,1.038574
1697099606,0.063721,0.141357,1.048584
1697104606,0.061035,0.144775,1.037598
1697109606,0.061035,0.144775,1.041992
1697114606,0.063721,0.141357,1.043701
1697119606,0.063232,0.144043,1.033936
1697124606,0.062012,0.144775,1.037842
1697129606,0.061768,0.139404,1.044922
1697134606,0.064697,0.145996,1.040771
1697139606,0.062012,0.142822,1.035889
1697144606,0.05957,0.144287,1.046387
1697149606,0.061279,0.145752,1.043213
1697154606,0.05957,0.143066,1.04248
1697159606,0.064941,0.139648,1.04126
1697164606,0.062988,0.142578,1.040283
1697169606,0.057129,0.144775,1.03833
1697174606,0.064209,0.14209,1.041016
1697179606,0.060547,0.148193,1.036865
1697184606,0.064697,0.142578,1.044189
1697189606,0.059082,0.142578,1.042969
1697194606,0.063721,0.146729,1.044434
1697199606,0.061523,0.141357,1.037598
1697204606,0.061279,0.145508,1.036377
1697209606,0.060791,0.144531,1.042725
1697214606,0.063477,0.142578,1.043945
1697219606,0.064209,0.148437,1.04541
1697224606,0.058594,0.137451,1.036621
1697229606,0.0625,0.148193,1.036621
1697234606,0.060547,0.141113,1.038086
1697239606,0.063477,0.144775,1.04541
1697244606,0.060791,0.144775,1.045654
1697249606,0.057129,0.141602,1.036133
1697254606,0.060059,0.14624,1.043945
1697259606,0.06543,0.14209,1.033936
1697264606,0.061523,0.141357,1.043945
1697269606,0.05957,0.143555,1.044922
1697274606,0.0625,0.147461,1.045654
1697279606,0.064209,0.148682,1.040527
1697284606,0.065186,0.141846,1.037354
1697289606,0.062744,0.148682,1.037598
1697294606,0.061768,0.145996,1.042725
1697299606,0.062012,0.145996,1.043945
1697304606,0.063477,0.143311,1.043701
1697309606,0.062256,0.141846,1.043701
1697314606,0.065918,0.143799,1.039307
1697319606,0.05957,0.145264,1.035156
1697324606,0.059326,0.143066,1.041992
1697329606,0.061279,0.147949,1.046631
1697334606,0.064697,0.141602,1.041748
1697339606,0.059814,0.143066,1.04248
1697344606,0.062744,0.143066,1.041016
1697349606,0.060059,0.147949,1.044678
1697354606,0.060791,0.144043,1.040283
1697359606,0.064941,0.14209,1.047852
1697364606,0.058105,0.147461,1.044189
1697369606,0.063965,0.142578,1.038574
1697374606,0.060303,0.140869,1.042969
1697379606,0.060547,0.144043,1.043945
1697384606,0.060791,0.143066,1.041992
1697389606,0.0625,0.142578,1.04541
1697394606,0.064697,0.139404,1.039307
1697399606,0.059326,0.142334,1.039307
1697404606,0.062256,0.142578,1.037354
1697409606,0.061279,0.138672,1.046387
1697414606,0.062744,0.143066,1.038574
1697419606,0.062744,0.141846,1.039795
1697424606,0.064453,0.143066,1.042236
1697429606,0.065674,0.141602,1.036865
1697434606,0.062744,0.139893,1.040039
1697439606,0.061768,0.144043,1.040527
1697444606,0.058838,0.145752,1.037109
1697449606,0.067871,0.143799,1.037109
1697454606,0.062256,0.144287,1.041992
1697459606,0.062256,0.143555,1.039063
1697464606,0.064453,0.140869,1.046387
1697469606,0.061279,0.143799,1.043945
1697474606,0.0625,0.141846,1.041504
1697479606,0.061035,0.143311,1.044678
1697484606,0.064453,0.143066,1.04126
1697489606,0.060791,0.143799,1.035156
1697494606,0.059814,0.143066,1.0354
1697499606,0.061523,0.145264,1.047363
1697504606,0.061035,0.145508,1.045654
1697509606,0.061035,0.145752,1.04541
1697514606,0.058838,0.141357,1.047607
1697519606,0.063477,0.14502,1.0354
1697524606,0.061768,0.144531,1.040527
1697529606,0.058838,0.144287,1.036621
1697534606,0.061768,0.145996,1.041992
1697539606,0.064941,0.144531,1.048584
1697544606,0.060059,0.144531,1.04126
1697549606,0.060547,0.14624,1.04541
1697554606,0.06543,0.14502,1.044434
1697559606,0.060791,0.143311,1.036621
1697564606,0.062744,0.144043,1.039307
1697569606,0.062012,0.149902,1.039795
1697574606,0.058838,0.143555,1.046631
1697579606,0.062988,0.142578,1.036133
1697584606,0.063232,0.143555,1.038818
1697589606,0.063232,0.146484,1.037354
1697594606,0.061768,0.144531,1.037842
1697599606,0.06543,0.148193,1.035889
1697604606,0.061768,0.141602,1.041016
1697609606,0.064697,0.146484,1.042725
1697614606,0.062988,0.141846,1.037354
1697619606,0.061768,0.144531,1.033936
1697624606,0.05957,0.144287,1.045166
1697629606,0.062744,0.141846,1.041016
1697634606,0.060303,0.144775,1.040527
1697639606,0.05957,0.14209,1.040771
1697644606,0.0625,0.143066,1.047119
1697649606,0.062988,0.142334,1.036621
1697654606,0.063232,0.143311,1.042236
1697659606,0.060791,0.144287,1.046387
1697664606,0.061523,0.143799,1.040039
1697669606,0.05957,0.146484,1.043213
1697674606,0.060303,0.142334,1.040283
1697679606,0.063721,0.143066,1.036865
1697684606,0.061279,0.142822,1.040527
1697689606,0.064941,0.145264,1.039307
1697694606,0.063477,0.139893,1.034912
1697699606,0.061035,0.143555,1.044434
1697704606,0.059082,0.143066,1.046631
1697709606,0.063965,0.143311,1.041016
1697714606,0.062012,0.141602,1.04126
1697719606,0.062744,0.143799,1.036377
1697724606,0.060547,0.142578,1.04126
1697729606,0.062256,0.141846,1.03833
1697734606,0.062744,0.142334,1.044434
1697739606,0.064697,0.144775,1.040039
1697744606,0.064453,0.14209,1.041992
1697749606,0.0625,0.145508,1.039551
1697754606,0.061035,0.140137,1.040039
1697759606,0.058594,0.144531,1.04126
1697764606,0.060547,0.14624,1.041504
1697769606,0.061523,0.139648,1.041016
1697774606,0.062744,0.139648,1.042969
1697779606,0.06543,0.145508,1.045654
1697784606,0.062012,0.144043,1.043213
1697789606,0.061523,0.143799,1.040771
1697794606,0.0625,0.142822,1.045166
1697799606,0.063232,0.143066,1.042236
1697804606,0.060059,0.147461,1.04126
1697809606,0.062256,0.143311,1.040039
1697814606,0.058838,0.144287,1.044434
1697819606,0.061035,0.147217,1.047363
1697824606,0.061035,0.144775,1.039063
1697829606,0.064697,0.146729,1.036377
1697834606,0.0625,0.144287,1.04126
1697839606,0.064941,0.143311,1.038086
1697844606,0.05957,0.146729,1.044189
1697849606,0.059814,0.146484,1.051514
1697854606,0.064453,0.142822,1.041992
1697859606,0.063721,0.146484,1.036133
1697864606,0.060059,0.143066,1.039063
1697869606,0.05957,0.146484,1.041748
1697874606,0.064697,0.142822,1.039551
1697879606,0.062988,0.142822,1.041504
1697884606,0.059326,0.144043,1.042725
1697889606,0.062256,0.143311,1.042725
1697894606,0.061523,0.142334,1.039795
1697899606,0.056885,0.146973,1.041748
1697904606,0.061768,0.140137,1.037842
1697909606,0.060547,0.140137,1.036377
1697914606,0.060547,0.141113,1.043213
1697919606,0.05957,0.143555,1.044678
1697924606,0.058838,0.14209,1.040771
1697929606,0.062256,0.141602,1.037109
1697934606,0.062988,0.148193,1.040527
1697939606,0.065674,0.143311,1.041992
1697944606,0.060547,0.144775,1.043457
1697949606,0.063232,0.143555,1.040771
1697954606,2.9104,0.30835,3.999878
1697959606,-2.091553,1.159912,3.999878
1697964606,-3.108887,3.218994,-4.0
1697969606,0.431152,1.170898,3.999878
1697974606,-4.0,1.206787,-4.0
1697979606,-2.024658,-1.312256,-2.101807
1697984606,-2.843506,3.327881,-4.0
1697989606,-1.065918,1.400635,0.035156
1697994606,-2.789063,2.334473,0.871826
1697999606,-2.119873,1.168945,-1.95874
1698004606,-1.717529,0.2229,-0.237061
1698009606,-0.062988,1.404297,-1.357666
1698014606,0.055664,0.209473,1.796143
1698019606,-0.403076,0.228027,1.716797
1698024606,-0.445068,0.22876,1.013916
1698029606,-1.070801,2.005371,-4.0
1698034606,-0.894775,0.028076,0.256104
1698039606,0.103027,0.227295,1.307861
1698044606,0.153076,0.100342,1.132568
1698049606,0.049072,0.061279,0.84668
1698054606,0.059082,0.103027,1.081299
1698059606,0.07373,0.189453,-0.270752
1698064606,-0.089111,0.23291,-0.177246
1698069606,-0.206543,0.190186,1.476807
1698074606,0.122803,0.081543,1.314697
1698079606,0.083252,0.163574,-0.126465
1698084606,0.133057,0.102295,1.387695
1698089606,0.163086,0.265381,-0.775391
1698094606,-0.103516,0.152588,0.861084
1698099606,0.12207,0.185059,1.210205
1698104606,0.105469,0.147949,1.129883
1698109606,0.09375,0.105713,0.996338
1698114606,0.028564,0.163086,0.993164
1698119606,0.05249,0.145264,1.031982
1698124606,0.047363,0.169678,1.063965
1698129606,0.067383,0.114258,1.036865
1698134606,0.073486,0.123779,1.026123
1698139606,0.066895,0.13623,1.036865
1698144606,0.052002,0.148682,1.053955
1698149606,0.05127,0.150879,1.038086
1698154606,0.056641,0.138916,1.025146
1698159606,0.059814,0.134033,1.028076
1698164606,0.062744,0.141602,1.054199
1698169606,0.053711,0.143311,1.045898
1698174606,0.063232,0.143066,1.049805
1698179606,0.063232,0.13916,1.044434
1698184606,0.060303,0.127197,1.028564
1698189606,0.054687,0.13208,1.027588
1698194606,0.055908,0.141846,1.041016
1698199606,0.05542,0.143555,1.033447
1698204606,0.06543,0.144043,1.048584
1698209606,0.063721,0.138184,1.045898
1698214606,0.056885,0.137207,1.045654
1698219606,0.053223,0.144287,1.045898
1698224606,0.051514,0.145264,1.031494
1698229606,0.059814,0.141357,1.041504
1698234606,0.060059,0.141357,1.043945
1698239606,0.060547,0.137939,1.039551
1698244606,0.056152,0.134766,1.045654
1698249606,0.053223,0.141113,1.043213
1698254606,0.058594,0.14624,1.040527
1698259606,0.062012,0.137939,1.037354
1698264606,0.059326,0.140625,1.044189
1698269606,0.059814,0.145264,1.038086
1698274606,0.059082,0.143311,1.046387
1698279606,0.055664,0.143066,1.038574
1698284606,0.067383,0.13916,1.04126
1698289606,0.058594,0.143066,1.043945
1698294606,0.052246,0.142578,1.030518
1698299606,0.052979,0.140137,1.037109
1698304606,0.056152,0.141113,1.045654
1698309606,0.058838,0.138184,1.03833
1698314606,0.0625,0.140869,1.044922
1698319606,0.057129,0.140381,1.045898
1698324606,0.05835,0.143555,1.041504
1698329606,0.060791,0.143066,1.043213
1698334606,0.059082,0.138672,1.040283
1698339606,0.056885,0.140625,1.039063
1698344606,0.062256,0.141846,1.050537
1698349606,0.057861,0.139893,1.044678
1698354606,0.061768,0.144287,1.038818
1698359606,0.062012,0.142822,1.04126
1698364606,0.061523,0.140381,1.03833
1698369606,0.056885,0.137695,1.043457
1698374606,0.062744,0.141846,1.042236
1698379606,0.05957,0.137695,1.041016
1698384606,0.060303,0.137451,1.04248
1698389606,0.057373,0.140137,1.046387
1698394606,0.05542,0.140381,1.036621
1698399606,0.057861,0.140381,1.039307
1698404606,0.055176,0.140625,1.040283
1698409606,0.061279,0.139893,1.038574
1698414606,0.057617,0.139404,1.046875
1698419606,0.060303,0.14209,1.04834
1698424606,0.060547,0.144043,1.042725
1698429606,0.05957,0.148193,1.04248
1698434606,0.062256,0.143799,1.038818
1698439606,0.060303,0.143799,1.040771
1698444606,0.05957,0.138428,1.044189
1698449606,0.059814,0.142334,1.041992
1698454606,0.062256,0.13916,1.045898
1698459606,0.061279,0.143311,1.041992
1698464606,0.061035,0.139893,1.037598
1698469606,0.057617,0.135254,1.039551
1698474606,0.057373,0.138184,1.037598
1698479606,0.05835,0.140137,1.047119
1698484606,0.064209,0.140137,1.043945
1698489606,0.06665,0.132324,1.028076
1698494606,0.067383,0.140137,1.030029
1698499606,0.069336,0.137207,1.047363
1698504606,0.088135,0.136719,1.089111
1698509606,0.067139,0.195312,1.034424
1698514606,0.106934,0.184326,1.068604
1698519606,0.188965,0.224365,0.777344
1698524606,0.109375,0.127686,0.953613
1698529606,-0.025879,0.07666,1.099854
1698534606,-0.043213,0.114502,1.137207
1698539606,-0.014404,0.133301,1.118652
1698544606,0.035889,0.108643,0.998047
1698549606,0.020752,0.116211,1.0354
1698554606,0.019775,0.1604,1.080322
1698559606,0.041992,0.147217,0.998535
1698564606,0.036377,0.183838,1.060547
1698569606,0.024658,0.156738,1.079346
1698574606,0.022461,0.158936,1.018311
1698579606,0.039307,0.145508,1.050293
1698584606,0.041016,0.160645,1.058105
1698589606,0.053467,0.131836,1.025879
1698594606,0.064209,0.12207,1.029785
1698599606,0.070068,0.13501,1.029053
1698604606,0.048096,0.1521,1.051758
1698609606,0.054687,0.141113,1.061035
1698614606,0.044189,0.14624,1.037109
1698619606,0.041504,0.153809,1.012207
1698624606,0.04834,0.148926,1.047852
1698629606,0.056396,0.134521,1.041016
1698634606,0.059082,0.138672,1.040527
1698639606,0.059814,0.13623,1.031494
1698644606,0.048096,0.150879,1.048096
1698649606,0.059082,0.142822,1.044678
1698654606,0.06543,0.142578,1.052734
1698659606,0.057129,0.146484,1.047363
1698664606,0.052002,0.145264,1.030518
1698669606,0.057617,0.152344,1.046143
1698674606,0.049072,0.138428,1.033203
1698679606,0.054687,0.144287,1.041016
1698684606,0.075928,0.136719,1.08252
1698689606,0.052002,0.137451,1.032471
1698694606,0.053223,0.14209,1.032471
1698699606,0.061523,0.13916,1.064697
1698704606,0.058594,0.141113,1.0625
1698709606,0.045166,0.153564,1.048096
1698714606,0.05127,0.156738,1.012939
1698719606,0.05835,0.134277,1.032227
1698724606,0.066162,0.128418,1.023682
1698729606,0.062744,0.136475,1.044434
1698734606,0.067627,0.133789,1.043457
1698739606,0.056396,0.147949,1.043701
1698744606,0.0625,0.14209,1.0354
1698749606,0.056396,0.145508,1.044189
1698754606,0.059814,0.144043,1.045898
1698759606,0.059082,0.140381,1.042725
1698764606,0.055908,0.145996,1.043457
1698769606,0.054687,0.143799,1.039795
1698774606,0.054687,0.141602,1.036621
1698779606,0.057861,0.14624,1.039551
1698784606,0.057617,0.139404,1.036865
1698789606,0.060059,0.140869,1.041016
1698794606,0.057129,0.14624,1.036621
1698799606,0.060059,0.142822,1.043701
1698804606,0.061035,0.14209,1.040039
1698809606,0.057861,0.141846,1.036377
1698814606,0.059326,0.145508,1.037842
1698819606,0.056152,0.145996,1.040527
1698824606,0.057129,0.141602,1.041748
1698829606,0.056396,0.144775,1.041504
1698834606,0.059326,0.140137,1.042725
1698839606,0.058105,0.138672,1.042969
1698844606,0.053711,0.145752,1.040771
1698849606,0.054443,0.143799,1.046387
1698854606,0.059082,0.129639,1.036865
1698859606,0.058105,0.141357,1.047607
1698864606,0.055176,0.139648,1.040771
1698869606,0.057129,0.147461,1.049561
1698874606,0.061523,0.141113,1.036865
1698879606,0.056885,0.141846,1.041016
1698884606,0.05957,0.146729,1.038574
1698889606,0.051025,0.148437,1.048096
1698894606,0.056885,0.146973,1.042725
1698899606,0.057129,0.14209,1.039795
1698904606,0.063477,0.140137,1.032959
1698909606,0.051025,0.139404,1.038574
1698914606,0.053223,0.139404,1.040771
1698919606,0.059814,0.144043,1.047363
1698924606,0.05835,0.139893,1.045898
1698929606,0.055664,0.136963,1.041748
1698934606,0.058838,0.142334,1.039795
1698939606,0.058594,0.143066,1.043945
1698944606,0.047607,0.165039,1.016357
1698949606,0.057373,0.143555,1.020996
1698954606,0.024902,0.155518,1.028076
1698959606,0.021729,0.154785,1.093506
1698964606,0.024658,0.239258,0.991455
1698969606,0.086426,0.090088,0.878906
1698974606,0.003906,0.166504,1.135742
1698979606,0.112305,0.106689,1.015869
1698984606,0.015625,0.15332,1.126221
1698989606,0.074951,0.138184,1.016357
1698994606,0.059814,0.155273,1.01709
1698999606,0.039795,0.142578,1.058838
1699004606,0.068848,0.138916,1.054688
1699009606,0.050293,0.134277,1.044189
1699014606,0.045898,0.149414,1.024414
1699019606,0.050781,0.150635,1.034424
1699024606,0.05127,0.164551,1.044189
1699029606,0.061523,0.158447,1.049805
1699034606,0.061768,0.123047,1.029785
1699039606,0.056641,0.14209,1.043701
1699044606,0.047363,0.150879,1.030762
1699049606,0.049561,0.150391,1.037598
1699054606,0.053955,0.157715,1.042725
1699059606,0.052979,0.152832,1.040527
1699064606,0.041016,0.144043,1.022949
1699069606,0.04541,0.158203,1.040283
1699074606,0.046631,0.1604,1.043701
1699079606,0.086426,0.080078,0.995605
1699084606,0.10791,0.140869,1.006836
1699089606,-0.050049,0.145752,0.98877
1699094606,0.038818,0.116211,1.002686
1699099606,0.0896,0.166016,1.038818
1699104606,0.064453,0.089844,1.045898
1699109606,0.050537,0.156006,1.066406
1699114606,0.067627,0.142334,1.042236
1699119606,0.062988,0.130859,1.027832
1699124606,0.054443,0.149414,1.039063
1699129606,0.057617,0.144043,1.053223
1699134606,0.0625,0.13501,1.036865
1699139606,0.056152,0.143555,1.042725
1699144606,0.053711,0.154053,1.05249
1699149606,0.067139,0.144287,1.032715
1699154606,0.042236,0.161133,1.045654
1699159606,0.049805,0.151367,1.003174
1699164606,0.073975,0.126465,1.068604
1699169606,0.06665,0.150146,1.033691
1699174606,0.068848,0.147705,1.040771
1699179606,0.052734,0.140137,1.030273
1699184606,0.055176,0.144531,1.05127
1699189606,0.064697,0.145508,1.040039
1699194606,0.0625,0.138916,1.04248
1699199606,0.045898,0.149902,1.053955
1699204606,0.062744,0.142578,1.034912
1699209606,0.062256,0.148193,1.044922
1699214606,0.058594,0.139404,1.034424
1699219606,0.053955,0.145508,1.044434
1699224606,0.064697,0.143799,1.041992
1699229606,0.05127,0.14917,1.040283
1699234606,0.073486,0.131104,1.031738
1699239606,0.070801,0.128662,1.057129
1699244606,0.05127,0.149902,1.036377
1699249606,0.052734,0.132812,1.042725
1699254606,0.056885,0.137451,1.03833
1699259606,0.051758,0.144775,1.040283
1699264606,0.055664,0.138672,1.044922
1699269606,0.054443,0.146729,1.046143
1699274606,0.047363,0.150635,1.046143
1699279606,0.063721,0.144531,1.031006
1699284606,0.054199,0.143311,1.040283
1699289606,0.054443,0.143066,1.034912
1699294606,0.062988,0.161377,1.046387
1699299606,0.063232,0.139893,1.033691
1699304606,0.059082,0.14624,1.040771
1699309606,0.063965,0.143066,1.05249
1699314606,0.059814,0.153809,1.049561
1699319606,0.061768,0.151611,1.035645
1699324606,0.055908,0.145996,1.039307
1699329606,0.055664,0.145264,1.044189
1699334606,0.058105,0.148193,1.048096
1699339606,0.053955,0.145752,1.045654
1699344606,0.051514,0.140869,1.046875
1699349606,0.057373,0.142334,1.035645
1699354606,0.052734,0.144531,1.034912
1699359606,0.060059,0.138916,1.047852
1699364606,0.058105,0.149658,1.049805
1699369606,0.070801,0.14502,1.038818
1699374606,0.060059,0.146484,1.037354
1699379606,0.062988,0.132568,1.047852
1699384606,0.060059,0.156738,1.049072
1699389606,0.054687,0.14624,1.025635
1699394606,0.057861,0.153564,1.045166
1699399606,0.066895,0.14502,1.036621
1699404606,0.052246,0.136475,1.03833
1699409606,0.060303,0.141113,1.036377
1699414606,0.05835,0.147461,1.039795
1699419606,0.046875,0.148682,1.039551
1699424606,0.054443,0.144043,1.044434
1699429606,0.072021,0.135742,1.08252
1699434606,0.045654,0.153076,1.049316
1699439606,0.046387,0.161133,1.015625
1699444606,0.05127,0.071045,1.024414
1699449606,0.062012,0.163818,1.037354
1699454606,0.062012,0.145264,1.029297
1699459606,0.071777,0.167725,1.058594
1699464606,0.071289,0.136963,1.043457
1699469606,0.077637,0.130127,1.023682
1699474606,0.084473,0.116943,1.034424
1699479606,0.06665,0.140381,1.044434
1699484606,0.050049,0.157471,1.055176
1699489606,0.056152,0.154785,1.044678
1699494606,0.064453,0.139404,1.046631
1699499606,0.064453,0.141357,1.044189
1699504606,0.055664,0.151855,1.044189
1699509606,0.056641,0.154785,1.052734
1699514606,0.057617,0.152344,1.053467
1699519606,0.064697,0.142822,1.037109
1699524606,0.06958,0.131592,1.032471
1699529606,0.069336,0.138428,1.0354
1699534606,0.057861,0.144531,1.033936
1699539606,0.068115,0.13916,1.038574
1699544606,0.068115,0.138672,1.044922
1699549606,0.063477,0.148926,1.036865
1699554606,0.060303,0.149902,1.052246
1699559606,0.063477,0.145508,1.043213
1699564606,0.062256,0.140869,1.037842
1699569606,0.063477,0.133789,1.042969
1699574606,0.065186,0.138672,1.041992
1699579606,0.060059,0.145508,1.046387
1699584606,0.05835,0.145508,1.041748
1699589606,0.063232,0.142578,1.035156
1699594606,0.066895,0.137695,1.034912
1699599606,0.064697,0.141357,1.046875
1699604606,0.064697,0.148926,1.05249
1699609606,0.063965,0.14917,1.049316
1699614606,0.062988,0.145508,1.043213
1699619606,0.067383,0.141113,1.039551
1699624606,0.058594,0.147705,1.041748
1699629606,0.062012,0.145508,1.051514
1699634606,0.064697,0.144043,1.04541
1699639606,0.064209,0.144043,1.041992
1699644606,0.063477,0.141113,1.042969
1699649606,0.06543,0.143555,1.044678
1699654606,0.065674,0.141846,1.035645
1699659606,0.064453,0.139648,1.044678
1699664606,0.062012,0.145508,1.035156
1699669606,0.060547,0.145264,1.046143
1699674606,0.062744,0.143555,1.038086
1699679606,0.064941,0.143799,1.04126
1699684606,0.064697,0.145996,1.043945
1699689606,0.0625,0.14624,1.041992
1699694606,0.060547,0.145264,1.037109
1699699606,0.063477,0.144775,1.050293
1699704606,0.060059,0.143066,1.044434
1699709606,0.065674,0.142578,1.044922
1699714606,0.065918,0.139404,1.049805
1699719606,0.062012,0.147705,1.038818
1699724606,0.0625,0.143799,1.047607
1699729606,0.061523,0.14502,1.044189
1699734606,0.063232,0.138428,1.04126
1699739606,0.060059,0.14209,1.029053
1699744606,0.063477,0.14209,1.044434
1699749606,0.064209,0.144531,1.045654
1699754606,0.064941,0.144531,1.044189
1699759606,0.064453,0.14502,1.046875
1699764606,0.064941,0.145996,1.036865
1699769606,0.063232,0.143311,1.035645
1699774606,0.062256,0.140137,1.044189
1699779606,0.064209,0.144043,1.043213
1699784606,0.062256,0.139893,1.041748
1699789606,0.062256,0.138916,1.042236
1699794606,0.063965,0.138184,1.048584
1699799606,0.062744,0.144775,1.043701
1699804606,0.064209,0.143555,1.041992
1699809606,0.065674,0.142822,1.045654
1699814606,0.060059,0.142334,1.039795
1699819606,0.061768,0.144531,1.039307
1699824606,0.060547,0.144287,1.040771
1699829606,0.063721,0.143799,1.036621
1699834606,0.062988,0.14502,1.040283
1699839606,0.059814,0.140869,1.03833
1699844606,0.065674,0.140625,1.039795
1699849606,0.067139,0.140625,1.040283
1699854606,0.062012,0.144775,1.046387
1699859606,0.060547,0.144531,1.041992
1699864606,0.064453,0.140381,1.046143
1699869606,0.062744,0.141113,1.04126
1699874606,0.06543,0.142578,1.038086
1699879606,0.064941,0.143066,1.043701
1699884606,0.066162,0.142578,1.034912
1699889606,0.060791,0.14209,1.047119
1699894606,0.060791,0.142578,1.035889
1699899606,0.064453,0.141357,1.048096
1699904606,0.06665,0.142578,1.039551
1699909606,0.062012,0.140869,1.041748
1699914606,0.065186,0.139648,1.039307
1699919606,0.065674,0.139648,1.043213
1699924606,0.061523,0.144775,1.042969
1699929606,0.061768,0.140625,1.040771
1699934606,0.059814,0.139893,1.041504
1699939606,0.0625,0.137939,1.037842
1699944606,0.063232,0.143066,1.044189
1699949606,0.063477,0.140381,1.03833
1699954606,0.063477,0.144043,1.039551
1699959606,0.060791,0.144287,1.039795
1699964606,0.066895,0.145996,1.039307
1699969606,0.062988,0.144287,1.042236
1699974606,0.062988,0.147705,1.052246
1699979606,0.061768,0.145508,1.040527
1699984606,0.060059,0.139893,1.035645
1699989606,0.062988,0.139648,1.041748
1699994606,0.060303,0.139404,1.04126
1699999606,0.063232,0.14209,1.042725
1700004606,0.062256,0.141357,1.044189
1700009606,0.06665,0.144287,1.035645
1700014606,0.066895,0.145996,1.0354
1700019606,0.059326,0.140869,1.033691
1700024606,0.064941,0.142334,1.047363
1700029606,0.068359,0.145264,1.044189
1700034606,0.059326,0.139648,1.041992
1700039606,0.063721,0.144531,1.039551
1700044606,0.064941,0.143799,1.043701
1700049606,0.062744,0.142822,1.036133
1700054606,0.0625,0.141846,1.036621
1700059606,0.061035,0.139893,1.041504
1700064606,0.062744,0.139893,1.03418
1700069606,0.063965,0.138672,1.038818
1700074606,0.061279,0.138428,1.037598
1700079606,0.063477,0.140869,1.039795
1700084606,0.063477,0.140137,1.041748
1700089606,0.064209,0.142334,1.041016
1700094606,0.059326,0.143555,1.038818
1700099606,0.064697,0.143066,1.044922
1700104606,0.0625,0.146484,1.038086
1700109606,0.062256,0.140381,1.035156
1700114606,0.0625,0.144531,1.040039
1700119606,0.061035,0.144531,1.041748
1700124606,0.061523,0.141602,1.041016
1700129606,0.063965,0.144287,1.043945
1700134606,0.060547,0.141846,1.038818
1700139606,0.064697,0.140625,1.033447
1700144606,0.062744,0.136719,1.045898
1700149606,0.063232,0.139648,1.042236
1700154606,0.063232,0.144043,1.041748
1700159606,0.062256,0.141113,1.042236
1700164606,0.060547,0.144043,1.042236
1700169606,0.058594,0.146484,1.037354
1700174606,0.062744,0.141846,1.040771
1700179606,0.060791,0.143799,1.036865
1700184606,0.062256,0.140625,1.043701
1700189606,0.065918,0.144043,1.045166
1700194606,0.065918,0.143555,1.038086
1700199606,0.065918,0.142334,1.042725
1700204606,0.062988,0.143555,1.037842
1700209606,0.060547,0.141357,1.037842
1700214606,0.058594,0.142334,1.039063
1700219606,0.063232,0.143066,1.041992
1700224606,0.061523,0.143311,1.041504
1700229606,0.0625,0.144775,1.037354
1700234606,0.060547,0.142334,1.036865
1700239606,0.0625,0.140625,1.037109
1700244606,0.063721,0.14209,1.03833
1700249606,0.058838,0.148193,1.039307
1700254606,0.066895,0.141602,1.035889
1700259606,0.064209,0.141846,1.04126
1700264606,0.0625,0.138916,1.043213
1700269606,0.067627,0.142578,1.044678
1700274606,0.063477,0.145264,1.044922
1700279606,0.063477,0.144043,1.038574
1700284606,0.067139,0.142334,1.036865
1700289606,0.0625,0.14502,1.034912
1700294606,0.062012,0.144531,1.04541
1700299606,0.060791,0.145508,1.042236
1700304606,0.058594,0.147461,1.043945
1700309606,0.062256,0.140381,1.043701
1700314606,0.062744,0.143799,1.039307
1700319606,0.066895,0.139648,1.043701
1700324606,0.064209,0.143799,1.036133
1700329606,0.067383,0.146729,1.043701
1700334606,0.064453,0.14209,1.040771
1700339606,0.06665,0.144043,1.044434
1700344606,0.061768,0.14209,1.038086
1700349606,0.062744,0.140381,1.046631
1700354606,0.062744,0.142578,1.037354
1700359606,0.063477,0.141846,1.036377
1700364606,0.0625,0.145996,1.045166
1700369606,0.062256,0.141602,1.040039
1700374606,0.062988,0.143555,1.04126
1700379606,0.064453,0.140137,1.044922
1700384606,0.062988,0.144775,1.041748
1700389606,0.060791,0.141113,1.041992
1700394606,0.064941,0.143555,1.039307
1700399606,0.061035,0.144043,1.040771
1700404606,0.05957,0.143066,1.042236
1700409606,0.058105,0.140137,1.037598
1700414606,0.060059,0.139404,1.038086
1700419606,0.064697,0.141846,1.040771
1700424606,0.059082,0.143799,1.043213
1700429606,0.0625,0.147217,1.043701
1700434606,0.061279,0.14624,1.042969
1700439606,0.065918,0.141846,1.04248
1700444606,0.064941,0.147705,1.039307
1700449606,0.060791,0.141357,1.044434
1700454606,0.062744,0.142334,1.042969
1700459606,0.06665,0.143066,1.046631
1700464606,0.064941,0.140137,1.041016
1700469606,0.06543,0.141846,1.041504
1700474606,0.064697,0.141602,1.04126
1700479606,0.064209,0.144287,1.038574
1700484606,0.064941,0.144531,1.035645
1700489606,0.060303,0.142334,1.031738
1700494606,0.060791,0.143799,1.043213
1700499606,0.062256,0.137939,1.036133
1700504606,0.062012,0.147217,1.037354
1700509606,0.061523,0.138672,1.037598
1700514606,0.058594,0.145996,1.035889
1700519606,-4.0,2.764648,-4.0
1700524606,-0.748047,3.683838,3.999878
1700529606,-1.511719,3.06665,2.686035
1700534606,1.292969,2.215332,-4.0
1700539606,-2.123291,0.523437,3.999878
1700544606,0.393311,1.14502,-1.271973
1700549606,-0.49292,0.928711,-4.0
1700554606,0.935303,0.905762,-2.806885
1700559606,-0.831787,0.656738,-4.0
1700564606,-1.744873,1.807129,0.302979
1700569606,-1.089844,2.160645,1.590332
1700574606,-0.092529,0.778564,2.592529
1700579606,-0.626221,0.141357,2.203613
1700584606,-1.730957,0.821533,1.28418
1700589606,-0.27002,0.452148,0.785889
1700594606,-0.735352,-0.134277,2.081787
1700599606,-0.690186,-0.161865,1.13916
1700604606,-0.272461,0.599609,2.583252
1700609606,0.180664,-0.443359,-0.604248
1700614606,-0.118896,2.155518,-2.50708
1700619606,-0.166504,0.138184,2.471924
1700624606,1.005859,-0.388916,-1.619385
1700629606,0.118408,-1.383301,3.999878
1700634606,-1.474609,0.9375,-4.0
1700639606,-0.490967,0.922363,-4.0
1700644606,-1.453369,1.376709,-3.811279
1700649606,-0.215088,0.118408,2.139648
1700654606,-1.19458,0.248291,1.043945
1700659606,-1.298584,0.568848,0.600098
1700664606,-1.785156,1.49707,-1.668213
1700669606,-2.773926,1.241943,-4.0
1700674606,-2.158203,2.74292,-0.742187
1700679606,-2.789551,0.296387,1.689941
1700684606,-1.102539,1.00708,0.827393
1700689606,-1.078369,2.62793,0.717773
1700694606,-0.480469,1.134033,-3.979248
1700699606,-0.212402,0.991943,0.560303
1700704606,0.029785,0.007324,1.306396
1700709606,-0.521729,0.709961,1.38623
1700714606,-0.616943,0.805176,2.668945
1700719606,-0.826172,2.650879,-4.0
1700724606,-0.881592,1.802002,0.864258
1700729606,-1.127197,2.561768,-0.945068
1700734606,-1.131592,2.021973,1.354736
1700739606,0.258301,1.729736,1.125488
1700744606,-0.156738,1.911377,1.204834
1700749606,-0.56665,1.357422,1.113037
1700754606,-0.091553,0.284668,0.827637
1700759606,-0.063477,0.043945,-0.786133
1700764606,-0.072754,1.354492,0.843018
1700769606,-1.285156,2.540283,1.678711
1700774606,-0.849365,1.126709,1.358887
1700779606,-0.456299,1.844482,1.178955
1700784606,-1.290771,1.169678,0.865479
1700789606,-0.207764,0.154053,-1.401855
1700794606,-0.298096,0.679932,0.779053
1700799606,-0.017334,0.128174,1.189941
1700804606,0.057129,0.103027,1.402832
1700809606,0.044434,0.836914,0.998047
1700814606,-0.68335,1.428467,0.927979
1700819606,0.12207,-0.008057,1.551758
1700824606,0.024902,0.061523,1.286621
1700829606,-0.121094,0.080811,1.145264
1700834606,-0.085937,1.498047,1.257324
1700839606,-0.123047,0.189209,0.877197
1700844606,0.046631,2.081299,1.0271
1700849606,-0.009033,0.07251,0.841797
1700854606,0.019531,0.789307,0.800781
1700859606,0.151855,0.093994,1.430908
1700864606,0.131836,0.983398,1.241943
1700869606,0.059082,0.958984,1.071045
1700874606,-0.064209,1.936523,0.805176
1700879606,0.017578,1.232666,1.033691
1700884606,-0.029297,0.153809,0.766602
1700889606,0.166016,0.665527,1.345215
1700894606,0.108887,0.545654,1.244141
1700899606,0.041016,0.126465,1.059814
1700904606,-0.010986,0.141846,0.870361
1700909606,-0.018066,0.120117,1.011719
1700914606,0.059082,0.121338,1.09375
1700919606,0.06958,0.116699,1.125244
1700924606,0.074219,0.156982,1.082031
1700929606,0.059082,0.133057,1.085205
1700934606,-0.011719,0.15625,0.994873
1700939606,0.009033,0.139404,0.967285
1700944606,0.050049,0.110352,1.061035
1700949606,0.065918,0.117432,1.104248
1700954606,0.060303,0.132812,1.084473
1700959606,0.015625,0.115479,0.998779
1700964606,0.041748,0.123535,1.073486
1700969606,0.047119,0.130615,1.052002
1700974606,0.023926,0.120361,1.013428
1700979606,0.043213,0.128174,1.053467
1700984606,0.034668,0.133301,1.030762
1700989606,0.022461,0.119385,1.034912
1700994606,0.055664,0.121338,1.071289
1700999606,0.047119,0.123779,1.055908
1701004606,0.025146,0.124756,1.049316
1701009606,0.032715,0.133057,1.05249
1701014606,0.024414,0.13208,1.02002
1701019606,0.026123,0.124512,1.039795
1701024606,0.049072,0.129639,1.054688
1701029606,0.035889,0.125977,1.032715
1701034606,0.03125,0.126465,1.065186
1701039606,0.039551,0.128906,1.050293
1701044606,0.038818,0.120605,1.049072
1701049606,0.046875,0.125488,1.056396
1701054606,0.036377,0.134277,1.030762
1701059606,0.028564,0.128662,1.026367
1701064606,0.034912,0.121826,1.05542
1701069606,0.037109,0.126953,1.046387
1701074606,0.041992,0.12207,1.057617
1701079606,0.04248,0.121582,1.062256
1701084606,0.029297,0.126221,1.025635
1701089606,0.027344,0.123779,1.04541
1701094606,0.040771,0.129395,1.046143
1701099606,0.033936,0.125977,1.026367
1701104606,0.040527,0.118652,1.049561
1701109606,0.042969,0.127686,1.052246
1701114606,0.029053,0.125244,1.045166
1701119606,0.031738,0.128174,1.059814
1701124606,0.039063,0.124756,1.051025
1701129606,0.02832,0.121338,1.031982
1701134606,0.034912,0.122314,1.043701
1701139606,0.030518,0.124756,1.043213
1701144606,0.031982,0.123291,1.041992
1701149606,0.043945,0.128906,1.064697
1701154606,0.039063,0.125,1.049805
1701159606,0.035889,0.124512,1.042969
1701164606,0.042725,0.126709,1.039795
1701169606,0.031006,0.129883,1.028809
1701174606,0.036377,0.131592,1.048828
1701179606,0.043213,0.12793,1.049805
1701184606,0.051514,0.12793,1.07666
1701189606,0.025391,0.117432,1.001221
1701194606,-0.056885,0.104004,0.960693
1701199606,-0.040771,0.183838,1.054199
1701204606,0.061768,0.129883,1.125
1701209606,0.03833,0.119385,1.059814
1701214606,0.060303,0.070068,1.015869
1701219606,0.069336,0.131104,1.054688
1701224606,0.065918,0.130371,1.04541
1701229606,0.056396,0.109619,1.049072
1701234606,0.05127,0.117676,1.050537
1701239606,0.036133,0.129883,1.050781
1701244606,0.04541,0.132568,1.039307
1701249606,0.044189,0.12207,1.042969
1701254606,0.04248,0.144287,1.017578
1701259606,0.040283,0.12207,1.043213
1701264606,0.042236,0.120361,1.063477
1701269606,0.029541,0.105957,1.037354
1701274606,0.040283,0.137207,1.044922
1701279606,0.0271,0.101074,1.024414
1701284606,0.029053,0.116699,1.021484
1701289606,0.039795,0.156494,1.073486
1701294606,0.036621,0.115234,1.046143
1701299606,0.029541,0.109619,1.036377
1701304606,0.039063,0.131836,1.028809
1701309606,0.040283,0.116699,1.034912
1701314606,0.031006,0.12793,1.056885
1701319606,0.041992,0.129883,1.045898
1701324606,0.041748,0.124023,1.047119
1701329606,0.038574,0.132812,1.051514
1701334606,0.038574,0.12207,1.036621
1701339606,0.038574,0.133545,1.042236
1701344606,0.037109,0.138184,1.052246
1701349606,0.03418,0.118652,1.05127
1701354606,0.034668,0.112549,1.042969
1701359606,0.038574,0.120117,1.03833
1701364606,0.035889,0.119141,1.044678
1701369606,0.0354,0.126465,1.046143
1701374606,0.0354,0.126465,1.047607
1701379606,0.040527,0.129639,1.050293
1701384606,0.032715,0.125,1.042969
1701389606,0.041016,0.130859,1.039795
1701394606,0.038818,0.134277,1.050537
1701399606,0.040771,0.124512,1.034912
1701404606,0.034668,0.125977,1.053955
1701409606,0.042236,0.125732,1.044189
1701414606,0.02832,0.125488,1.047119
1701419606,0.035645,0.125977,1.038818
1701424606,0.031738,0.126709,1.044922
1701429606,0.033203,0.117676,1.04248
1701434606,0.032227,0.127441,1.05127
1701439606,0.036377,0.121582,1.045654
1701444606,0.036133,0.124756,1.040771
1701449606,0.040039,0.116211,1.044434
1701454606,0.037354,0.12207,1.039795
1701459606,0.040527,0.123779,1.034668
1701464606,0.040283,0.128662,1.053955
1701469606,0.047607,0.121826,1.043701
1701474606,0.036865,0.120605,1.051025
1701479606,0.039307,0.127197,1.050293
1701484606,0.034424,0.122803,1.038818
1701489606,0.034912,0.124756,1.041504
1701494606,0.036865,0.126465,1.047119
1701499606,0.028564,0.121338,1.045166
1701504606,0.033691,0.127441,1.04834
1701509606,0.036377,0.127197,1.042969
1701514606,0.03833,0.120117,1.039551
1701519606,0.030762,0.114502,1.048096
1701524606,0.040283,0.131836,1.052979
1701529606,0.048584,0.141357,1.064697
1701534606,0.030273,0.130615,1.047607
1701539606,0.037109,0.129639,1.061768
1701544606,0.043945,0.124268,1.037598
1701549606,0.032715,0.120117,1.05542
1701554606,0.047119,0.116699,1.041992
1701559606,0.032959,0.134277,1.055176
1701564606,0.041992,0.110352,1.031982
1701569606,0.033447,0.118896,1.042725
1701574606,0.041016,0.122314,1.039795
1701579606,0.455322,0.168701,-0.511475
1701584606,0.164795,0.087891,1.723145
1701589606,0.074219,0.039063,0.911865
1701594606,0.036377,0.337646,1.270264
1701599606,0.043213,-0.085205,0.938721
1701604606,-0.019287,0.1875,1.005127
1701609606,0.094482,0.069824,0.999023
1701614606,0.066895,0.123535,1.037354
1701619606,0.044189,0.124756,1.026611
1701624606,0.011719,0.149658,1.082275
1701629606,0.023437,0.1604,1.050293
1701634606,0.063232,0.080078,1.029053
1701639606,0.036133,0.106689,1.028564
1701644606,0.029541,0.143799,1.049805
1701649606,0.019043,0.145508,1.067383
1701654606,0.025146,0.14209,1.069824
1701659606,0.043213,0.12915,1.04541
1701664606,0.049072,0.095703,1.025391
1701669606,0.036865,0.121094,1.04248
1701674606,0.049561,0.118652,1.031494
1701679606,0.040527,0.112061,1.04126
1701684606,0.04126,0.123291,1.044922
1701689606,0.037598,0.121338,1.037598
1701694606,0.03125,0.13208,1.052979
1701699606,0.027344,0.139893,1.051514
1701704606,0.031982,0.125732,1.053711
1701709606,0.036865,0.124512,1.050537
1701714606,0.039795,0.122314,1.043213
1701719606,0.037354,0.121338,1.04541
1701724606,0.041016,0.125,1.045654
1701729606,0.039795,0.116455,1.043945
1701734606,0.041748,0.117676,1.041748
1701739606,0.041748,0.121826,1.044434
1701744606,0.037354,0.126221,1.041016
1701749606,0.039307,0.130371,1.051514
1701754606,0.036377,0.129883,1.044434
1701759606,0.034668,0.123047,1.041748
1701764606,0.036133,0.13208,1.051514
1701769606,0.032471,0.133545,1.048096
1701774606,0.035645,0.126221,1.050049
1701779606,0.037354,0.121338,1.052246
1701784606,0.038818,0.116211,1.042969
1701789606,0.039063,0.119873,1.035889
1701794606,0.040527,0.118896,1.044922
1701799606,0.040283,0.118408,1.045166
1701804606,0.037354,0.123047,1.047852
1701809606,0.036865,0.129395,1.040283
1701814606,0.042969,0.125244,1.048096
1701819606,0.033447,0.129883,1.045654
1701824606,0.037598,0.128906,1.049072
1701829606,0.034668,0.128906,1.045654
1701834606,0.037598,0.125977,1.047852
1701839606,0.04126,0.12207,1.040771
1701844606,0.037842,0.121582,1.045166
1701849606,0.039795,0.122559,1.04248
1701854606,0.037109,0.123291,1.047607
1701859606,0.037354,0.121582,1.047363
1701864606,0.039307,0.12207,1.044678
1701869606,0.040771,0.12085,1.048828
1701874606,0.036621,0.125977,1.044434
1701879606,0.038818,0.127197,1.050537
1701884606,0.037598,0.126953,1.048584
1701889606,0.037354,0.133301,1.044922
1701894606,0.037354,0.131592,1.044434
1701899606,0.038818,0.128418,1.049561
1701904606,0.037354,0.130127,1.041504
1701909606,0.034424,0.128174,1.047363
1701914606,0.041016,0.12085,1.035889
1701919606,0.037109,0.124756,1.043213
1701924606,0.040527,0.118896,1.048096
1701929606,0.041016,0.121826,1.05127
1701934606,0.043457,0.118896,1.041504
1701939606,0.041748,0.118408,1.042725
1701944606,0.036133,0.121094,1.02832
1701949606,0.040283,0.119141,1.045166
1701954606,0.035645,0.126465,1.048828
1701959606,0.036133,0.127197,1.049072
1701964606,0.034912,0.128906,1.04541
1701969606,0.033447,0.127686,1.040527
1701974606,0.038574,0.124268,1.043457
1701979606,0.038086,0.125488,1.044434
1701984606,0.040039,0.125488,1.052246
1701989606,0.040283,0.119385,1.049561
1701994606,0.043701,0.119873,1.034912
1701999606,0.040527,0.113037,1.037598
1702004606,0.041992,0.12207,1.049072
1702009606,0.042236,0.121826,1.042969
1702014606,0.038086,0.122559,1.048584
1702019606,0.039551,0.126709,1.042725
1702024606,0.031006,0.125244,1.04248
1702029606,0.037598,0.127197,1.04541
1702034606,0.037842,0.131348,1.052979
1702039606,0.032715,0.128662,1.04834
1702044606,0.039307,0.12793,1.051025
1702049606,0.04248,0.121338,1.043945
1702054606,0.041748,0.116943,1.042725
1702059606,0.037842,0.122314,1.039795
1702064606,0.03833,0.116943,1.043701
1702069606,0.039795,0.123535,1.035645
1702074606,0.034912,0.120605,1.040283
1702079606,0.038086,0.129883,1.051025
1702084606,0.032959,0.124512,1.045654
1702089606,0.032227,0.126953,1.046875
1702094606,0.035889,0.131592,1.03833
1702099606,0.033203,0.126953,1.045654
1702104606,0.036621,0.126709,1.048096
1702109606,0.039795,0.125488,1.045898
1702114606,0.03833,0.121826,1.050537
1702119606,0.045654,0.120605,1.045654
1702124606,0.04834,0.117432,1.0354
1702129606,0.042725,0.119873,1.046143
1702134606,0.041748,0.124756,1.047852
1702139606,0.036621,0.119873,1.043457
1702144606,0.039551,0.123535,1.046387
1702149606,0.036865,0.124268,1.05127
1702154606,0.037109,0.122803,1.044434
1702159606,0.0354,0.128906,1.04126
1702164606,0.033691,0.125977,1.042236
1702169606,0.033447,0.124756,1.040771
1702174606,0.034668,0.123047,1.037598
1702179606,0.041016,0.121582,1.042236
1702184606,0.037354,0.118652,1.043701
1702189606,0.04126,0.122559,1.049316
1702194606,0.048828,0.125732,1.050537
1702199606,0.040771,0.123047,1.032227
1702204606,0.039795,0.127197,1.049805
1702209606,0.038818,0.12915,1.04834
1702214606,0.036377,0.131104,1.049561
1702219606,0.038574,0.127686,1.048828
1702224606,0.03125,0.128418,1.041016
1702229606,0.035645,0.120361,1.053223
1702234606,0.031738,0.126221,1.041016
1702239606,0.035645,0.121826,1.046387
1702244606,0.037842,0.124268,1.050537
1702249606,0.034912,0.116455,1.041504
1702254606,0.039795,0.119385,1.042969
1702259606,0.038086,0.120605,1.04541
1702264606,0.037109,0.126709,1.046143
1702269606,0.031738,0.126221,1.04541
1702274606,0.041992,0.132812,1.051514
1702279606,0.041748,0.121094,1.043213
1702284606,0.036621,0.132568,1.050293
1702289606,0.040771,0.124756,1.048096
1702294606,0.036377,0.125977,1.032227
1702299606,0.044189,0.118652,1.047363
1702304606,0.042236,0.125244,1.039795
1702309606,0.038086,0.124268,1.05127
1702314606,0.042969,0.123047,1.041992
1702319606,0.034424,0.124756,1.04834
1702324606,0.036133,0.124268,1.041504
1702329606,0.036621,0.120361,1.038818
1702334606,0.036133,0.121094,1.050537
1702339606,0.037109,0.128174,1.050781
1702344606,0.034668,0.121338,1.049316
1702349606,0.039307,0.126953,1.039063
1702354606,0.038086,0.122559,1.041504
1702359606,0.04126,0.128906,1.045654
1702364606,0.039307,0.126465,1.048584
1702369606,0.035889,0.125244,1.050537
1702374606,0.044434,0.122314,1.047119
1702379606,0.037109,0.121582,1.050293
1702384606,0.038818,0.122559,1.04248
1702389606,0.037354,0.123047,1.046387
1702394606,0.034424,0.126709,1.048828
1702399606,0.038574,0.126221,1.048828
1702404606,0.036377,0.125488,1.046875
1702409606,0.031738,0.119629,1.042725
1702414606,0.032715,0.125244,1.044678
1702419606,0.032471,0.118164,1.050293
1702424606,0.034424,0.123047,1.04248
1702429606,0.043213,0.122559,1.043213
1702434606,0.040771,0.125244,1.044678
1702439606,0.034668,0.128662,1.041992
1702444606,0.040527,0.125732,1.050293
1702449606,0.03833,0.12207,1.046143
1702454606,0.040527,0.124023,1.054688
1702459606,0.041016,0.126465,1.048584
1702464606,0.033691,0.126465,1.045898
1702469606,0.037842,0.124023,1.044189
1702474606,0.030762,0.126221,1.03125
1702479606,0.036133,0.124756,1.039795
1702484606,0.03833,0.128906,1.05249
1702489606,0.037109,0.133057,1.059326
1702494606,0.037354,0.121338,1.029297
1702499606,0.038574,0.115967,1.042725
1702504606,0.04248,0.122314,1.040039
1702509606,0.04248,0.114502,1.047607
1702514606,0.041504,0.127441,1.057129
1702519606,0.043213,0.125244,1.040527
1702524606,0.034912,0.125,1.044189
1702529606,0.040283,0.123047,1.035889
1702534606,0.037354,0.124023,1.050049
1702539606,0.035156,0.135498,1.063477
1702544606,0.027344,0.125732,1.045166
1702549606,0.031494,0.128174,1.042725
1702554606,0.037109,0.124023,1.038086
1702559606,0.036133,0.117676,1.046631
1702564606,0.044434,0.125488,1.052246
1702569606,0.039307,0.123535,1.046875
1702574606,0.038818,0.12085,1.04126
1702579606,0.039795,0.118652,1.039307
1702584606,0.03833,0.116211,1.043701
1702589606,0.036621,0.118652,1.034668
1702594606,0.040283,0.128906,1.065674
1702599606,0.038818,0.131592,1.042725
1702604606,0.035156,0.128906,1.044189
1702609606,0.039795,0.123291,1.036621
1702614606,0.032471,0.126221,1.032227
1702619606,0.040283,0.122314,1.047607
1702624606,0.036377,0.125244,1.045654
1702629606,0.036377,0.123291,1.051025
1702634606,0.039551,0.121582,1.044434
1702639606,0.034668,0.12085,1.041748
1702644606,0.041748,0.121094,1.041504
1702649606,0.039795,0.122559,1.051758
1702654606,0.036377,0.125488,1.058838
1702659606,0.036377,0.131836,1.045654
1702664606,0.036865,0.119141,1.040771
1702669606,0.039307,0.123779,1.039307
1702674606,0.039063,0.124268,1.046631
1702679606,0.036377,0.128174,1.048584
1702684606,0.041992,0.127197,1.047363
1702689606,0.036377,0.125488,1.050781
1702694606,0.038818,0.125,1.047607
1702699606,0.038574,0.115967,1.039795
1702704606,0.031982,0.121826,1.041992
1702709606,0.035889,0.123291,1.053955
1702714606,0.037842,0.121582,1.048096
1702719606,0.034912,0.126953,1.048584
1702724606,0.035889,0.119141,1.040283
1702729606,0.036621,0.124756,1.040771
1702734606,0.040039,0.124756,1.048096
1702739606,0.0354,0.129883,1.047363
1702744606,0.04126,0.127686,1.048096
1702749606,0.041504,0.123535,1.039795
1702754606,0.041504,0.125732,1.030518
1702759606,0.037842,0.125977,1.047363
1702764606,0.039551,0.124756,1.050049
1702769606,0.036133,0.125,1.042969
1702774606,0.033691,0.124268,1.048096
1702779606,0.032715,0.125,1.036377
1702784606,0.035156,0.123535,1.035156
1702789606,0.037109,0.128662,1.053955
1702794606,0.035156,0.131104,1.049072
1702799606,0.0354,0.124756,1.047852
1702804606,0.037354,0.127686,1.048828
1702809606,0.038086,0.122803,1.040771
1702814606,0.038818,0.123535,1.044189
1702819606,0.038574,0.127686,1.044189
1702824606,0.039551,0.119629,1.044678
1702829606,0.037598,0.117676,1.036865
1702834606,0.039551,0.116943,1.042725
1702839606,0.041992,0.12207,1.044189
1702844606,0.037842,0.127197,1.042725
1702849606,0.037598,0.122803,1.045654
1702854606,0.034912,0.128174,1.048096
1702859606,0.036377,0.12915,1.044678
1702864606,0.034912,0.124512,1.042969
1702869606,0.037598,0.126953,1.044434
1702874606,0.039795,0.121582,1.043701
1702879606,0.039307,0.127686,1.049316
1702884606,0.041016,0.124023,1.049316
1702889606,0.037354,0.119385,1.051758
1702894606,0.039063,0.123047,1.042236
1702899606,0.041016,0.118896,1.040283
1702904606,0.043701,0.122559,1.04541
1702909606,0.04126,0.12207,1.046387
1702914606,0.037842,0.123291,1.050293
1702919606,0.035889,0.125732,1.043701
1702924606,0.034424,0.125732,1.046143
1702929606,0.03125,0.133789,1.055908
1702934606,0.037842,0.125488,1.053467
1702939606,0.032471,0.125,1.044434
1702944606,0.038574,0.125488,1.04126
1702949606,0.038574,0.122559,1.051514
1702954606,0.038818,0.126221,1.039795
1702959606,0.038818,0.122803,1.039795
1702964606,0.036621,0.123291,1.050537
1702969606,0.041016,0.121338,1.045654
1702974606,0.039307,0.122314,1.048828
1702979606,0.040527,0.125244,1.043213
1702984606,0.036377,0.125732,1.041992
1702989606,0.03125,0.124512,1.040527
1702994606,0.033691,0.127197,1.04248
1702999606,0.036865,0.125732,1.048828
1703004606,0.036865,0.120117,1.052979
1703009606,0.035645,0.122314,1.04834
1703014606,0.038574,0.127197,1.041016
1703019606,0.038818,0.119873,1.041992
1703024606,0.044189,0.121826,1.041016
1703029606,0.040283,0.119873,1.040771
1703034606,0.037354,0.120117,1.043701
1703039606,0.35376,3.999878,3.999878
1703044606,-1.143799,-2.270752,-0.149658
1703049606,1.593262,0.95874,2.071045
1703054606,2.00708,1.823486,-1.76416
1703059606,-3.742432,1.927246,3.999878
1703064606,-0.611328,0.523682,0.066406
1703069606,-0.611084,0.41626,2.371582
1703074606,-0.0354,0.169189,0.996582
1703079606,0.118164,-0.112549,0.838135
1703084606,-0.034912,0.139648,1.200928
1703089606,0.083252,0.05835,0.722412
1703094606,-0.362793,0.386719,0.877197
1703099606,-0.131104,0.147949,1.46167
1703104606,-1.040771,0.07251,1.020996
1703109606,0.334717,0.100586,-0.136719
1703114606,-0.032715,0.05249,-0.238281
1703119606,-0.462891,0.240479,0.588379
1703124606,-0.535889,0.116211,-4.0
1703129606,-1.180664,0.135254,0.354004
1703134606,0.02832,0.087158,1.11792
1703139606,0.000977,0.134277,-0.461426
1703144606,-0.667236,0.1521,0.69873
1703149606,-0.029053,0.486328,1.091064
1703154606,0.078613,0.12793,1.064697
1703159606,-0.006348,0.14917,0.859863
1703164606,0.063477,0.08667,1.209229
1703169606,0.082764,0.298096,0.95752
1703174606,-0.318604,0.134766,0.980957
1703179606,-0.010254,0.09668,0.886963
1703184606,0.023193,0.155762,0.994629
1703189606,-1.298584,1.31543,3.999878
1703194606,0.911133,1.811523,-4.0
1703199606,-2.103027,0.708008,-1.214355
1703204606,-2.364258,0.513916,-4.0
1703209606,-1.682617,2.014893,-1.999023
1703214606,-0.041504,0.697266,-4.0
1703219606,-1.042725,1.862061,-3.755127
1703224606,-1.760498,0.456055,-1.683838
1703229606,-1.830811,0.007568,-0.45752
1703234606,-3.660889,0.494385,-3.913574
1703239606,-1.523926,0.589844,-2.923584
1703244606,-1.483154,1.642822,-3.384033
1703249606,-1.408691,0.23584,-4.0
1703254606,-1.285645,1.453369,0.613525
1703259606,-1.047119,-0.004639,-0.800049
1703264606,-0.696533,2.379639,0.228271
1703269606,-0.047119,0.295898,0.17749
1703274606,-0.059326,1.068848,-0.630859
1703279606,-0.313965,1.579102,1.444336
1703284606,0.077148,1.288574,1.4729
1703289606,0.075684,0.210937,1.187744
1703294606,0.061523,0.10376,1.118164
1703299606,0.067871,0.324951,0.961426
1703304606,-0.484863,2.275635,-4.0
1703309606,-1.210449,0.200195,0.898193
1703314606,0.008301,0.29541,0.831787
1703319606,-0.135742,0.217041,1.222168
1703324606,-0.523926,0.147705,0.942139
1703329606,-0.293457,0.081299,1.028564
1703334606,-0.059082,0.078369,0.546875
1703339606,-2.151123,0.544922,-4.0
1703344606,0.279541,0.107666,1.300781
1703349606,-0.062988,0.127686,0.815674
1703354606,-0.364258,0.175049,0.713867
1703359606,-0.073242,0.438477,1.417236
1703364606,0.060303,0.21167,0.819824
1703369606,-0.420654,0.909912,1.37915
1703374606,-0.286377,-0.003418,1.038818
1703379606,0.046143,1.002686,1.138428
1703384606,0.053711,0.001465,0.928223
1703389606,-0.108643,0.156494,1.581299
1703394606,0.168701,0.094238,1.082275
1703399606,-0.019531,0.915771,1.088623
1703404606,0.080811,0.512207,1.010986
1703409606,0.040771,0.236084,1.156738
1703414606,0.034424,0.080322,1.077637
1703419606,0.023437,0.14502,1.063721
1703424606,0.026123,0.143799,1.046875
1703429606,0.02417,0.109619,1.056641
1703434606,0.04541,0.106934,1.035156
1703439606,0.049316,0.126953,1.006836
1703444606,0.032227,0.101807,1.045898
1703449606,0.007324,0.138184,1.104248
1703454606,0.023926,0.130859,1.040039
1703459606,0.01709,0.138184,1.047852
1703464606,0.037109,0.121826,1.054199
1703469606,0.031494,0.093018,1.039551
1703474606,0.027588,0.108643,1.053467
1703479606,0.049316,0.119141,1.052734
1703484606,0.034424,0.112061,1.027832
1703489606,0.023926,0.120117,1.050781
1703494606,0.019775,0.13916,1.057373
1703499606,0.017578,0.117676,1.043457
1703504606,0.029053,0.118652,1.05249
1703509606,0.036621,0.12085,1.046143
1703514606,0.014893,0.11792,1.057129
1703519606,0.03125,0.115967,1.042725
1703524606,0.032959,0.111084,1.036865
1703529606,0.03418,0.102051,1.039551
1703534606,0.029541,0.11792,1.049072
1703539606,0.027588,0.126709,1.047363
1703544606,0.026367,0.123535,1.04834
1703549606,0.025879,0.129639,1.051025
1703554606,0.02832,0.125977,1.050537
1703559606,0.029297,0.115723,1.049805
1703564606,0.037109,0.11499,1.045166
1703569606,0.03418,0.119141,1.044189
1703574606,0.028076,0.11792,1.044434
1703579606,0.02417,0.125488,1.054688
1703584606,0.025635,0.116699,1.047852
1703589606,0.025879,0.117188,1.04834
1703594606,0.029541,0.120361,1.046631
1703599606,0.030029,0.115234,1.056641
1703604606,0.032471,0.117432,1.053711
1703609606,0.030518,0.115479,1.045898
1703614606,0.03125,0.121582,1.043945
1703619606,0.029541,0.120361,1.040771
1703624606,0.026855,0.118652,1.039551
1703629606,0.027832,0.125,1.049072
1703634606,0.026367,0.127441,1.056152
1703639606,0.026123,0.124268,1.052979
1703644606,0.031738,0.121826,1.044922
1703649606,0.029297,0.118164,1.046387
1703654606,0.032227,0.115234,1.040771
1703659606,0.027344,0.11792,1.045654
1703664606,0.021484,0.119873,1.047607
1703669606,0.029541,0.119873,1.056152
1703674606,0.023682,0.127441,1.042725
1703679606,0.032471,0.122314,1.052734
1703684606,0.027832,0.119873,1.048828
1703689606,0.026855,0.119629,1.058105
1703694606,0.034912,0.119385,1.059326
1703699606,0.032471,0.117432,1.044189
1703704606,0.029785,0.119385,1.050537
1703709606,0.036865,0.123047,1.041748
1703714606,0.028564,0.122803,1.040527
1703719606,0.029053,0.122559,1.040527
1703724606,0.031494,0.123291,1.053955
1703729606,0.033203,0.120117,1.052246
1703734606,0.029785,0.114746,1.043457
1703739606,0.032471,0.116211,1.045654
1703744606,0.032227,0.112793,1.051758
1703749606,0.024902,0.12085,1.049072
1703754606,0.023682,0.116455,1.036865
1703759606,0.025146,0.114746,1.054443
1703764606,0.024658,0.124023,1.044922
1703769606,0.028076,0.120605,1.052734
1703774606,0.033936,0.116699,1.056152
1703779606,0.026855,0.126709,1.053711
1703784606,0.033936,0.121338,1.05127
1703789606,0.027832,0.12085,1.049316
1703794606,0.03418,0.121582,1.045898
1703799606,0.03125,0.119873,1.049805
1703804606,0.026855,0.119629,1.04834
1703809606,0.034668,0.125244,1.051758
1703814606,0.024902,0.122559,1.049316
1703819606,0.030029,0.114014,1.046143
1703824606,0.031982,0.115479,1.053711
1703829606,0.026367,0.116699,1.037598
1703834606,0.02832,0.113281,1.046143
1703839606,0.028076,0.121338,1.049561
1703844606,0.02002,0.118896,1.051514
1703849606,0.026123,0.121826,1.04834
1703854606,0.029053,0.11792,1.039551
1703859606,0.030762,0.118652,1.052002
1703864606,0.029785,0.121338,1.047119
1703869606,0.030518,0.12085,1.049805
1703874606,0.032959,0.120361,1.053955
1703879606,0.033203,0.123047,1.053955
1703884606,0.03418,0.119385,1.049072
1703889606,0.029053,0.117676,1.040039
1703894606,0.025391,0.119873,1.042725
1703899606,0.025146,0.119629,1.050537
1703904606,0.030518,0.118408,1.049316
1703909606,0.027588,0.119385,1.043457
1703914606,0.025879,0.11792,1.050293
1703919606,0.026611,0.117188,1.05127
1703924606,0.026611,0.117676,1.049561
1703929606,0.024414,0.122803,1.050049
1703934606,0.029053,0.123779,1.056152
1703939606,0.027344,0.118896,1.047119
1703944606,0.032227,0.12207,1.048584
1703949606,0.033447,0.119629,1.046631
1703954606,0.033936,0.121582,1.053955
1703959606,0.031738,0.117676,1.04834
1703964606,0.031006,0.114258,1.051025
1703969606,0.033936,0.119629,1.048096
1703974606,0.029785,0.118164,1.04126
1703979606,0.02832,0.11377,1.047119
1703984606,0.0271,0.12085,1.050781
1703989606,0.027344,0.124023,1.053467
1703994606,0.027832,0.119629,1.048828
1703999606,0.029053,0.115967,1.046631
1704004606,0.029297,0.119873,1.048096
1704009606,0.030273,0.11792,1.049316
1704014606,0.027344,0.120117,1.045654
1704019606,0.03418,0.118408,1.043945
1704024606,0.03125,0.121582,1.047852
1704029606,0.027832,0.121826,1.041504
1704034606,0.03125,0.12085,1.049561
1704039606,0.030029,0.122314,1.052246
1704044606,0.027344,0.12085,1.044434
1704049606,0.027344,0.117188,1.047119
1704054606,0.026123,0.120605,1.047119
1704059606,0.029053,0.118652,1.048828
1704064606,0.026123,0.120605,1.052979
1704069606,0.027344,0.11792,1.044434
1704074606,0.030273,0.118652,1.046631
1704079606,0.029541,0.116699,1.04834
1704084606,0.030762,0.115723,1.053711
1704089606,0.034424,0.124268,1.048096
1704094606,0.029785,0.121826,1.046875
1704099606,0.031982,0.121338,1.046387
1704104606,0.031982,0.122314,1.048584
1704109606,0.028809,0.119385,1.046631
1704114606,0.029785,0.121582,1.047607
1704119606,0.029541,0.119873,1.048096
1704124606,0.026855,0.124023,1.047852
1704129606,0.029053,0.12085,1.048096
1704134606,0.02832,0.119385,1.049072
1704139606,0.030273,0.115479,1.045898
1704144606,0.028564,0.119629,1.048828
1704149606,0.030518,0.118164,1.047852
1704154606,0.035156,0.119141,1.046387
1704159606,0.029297,0.12085,1.047363
1704164606,0.028076,0.122314,1.051758
1704169606,0.030518,0.12207,1.043457
1704174606,0.030762,0.12085,1.042725
1704179606,0.031738,0.124512,1.045898
1704184606,0.031494,0.120361,1.048096
1704189606,0.025146,0.121094,1.049072
1704194606,0.030762,0.119141,1.051025
1704199606,0.033203,0.11792,1.051758
1704204606,0.024902,0.118652,1.053467
1704209606,0.026855,0.120117,1.046631
1704214606,0.026611,0.119385,1.053955
1704219606,0.030518,0.121826,1.048096
1704224606,0.031494,0.119385,1.049316
1704229606,0.035156,0.116699,1.04541
1704234606,0.033203,0.113037,1.050781
1704239606,0.029053,0.122314,1.054688
1704244606,0.006836,0.145264,1.047607
1704249606,0.026123,0.133301,1.02417
1704254606,0.023926,0.11377,1.062012
1704259606,0.036621,0.120361,1.051025
1704264606,0.025391,0.123779,1.050537
1704269606,0.032227,0.111084,1.040771
1704274606,0.024902,0.127686,1.048828
1704279606,0.033691,0.120361,1.05835
1704284606,0.032227,0.106689,1.060303
1704289606,0.037598,0.117188,1.052002
1704294606,0.024414,0.120117,1.052979
1704299606,0.027832,0.121338,1.045166
1704304606,0.025879,0.119873,1.051025
1704309606,-0.010498,0.114014,0.89209
1704314606,-0.020996,0.163574,0.997803
1704319606,0.036133,0.132324,1.051025
1704324606,0.024902,0.124023,1.056885
1704329606,0.044189,0.10791,1.030518
1704334606,0.030029,0.122803,1.061523
1704339606,0.023437,0.11377,1.040771
1704344606,0.023682,0.131104,1.053955
1704349606,0.031738,0.123779,1.037109
1704354606,0.029785,0.12085,1.064209
1704359606,0.041016,0.117676,1.06958
1704364606,0.025146,0.125977,1.044189
1704369606,0.034912,0.109863,1.039795
1704374606,0.028076,0.119141,1.04541
1704379606,0.032471,0.122803,1.050537
1704384606,0.031006,0.12085,1.054932
1704389606,0.029297,0.128662,1.044189
1704394606,0.028809,0.126221,1.024658
1704399606,0.032227,0.125488,1.037842
1704404606,0.030518,0.121826,1.039307
1704409606,0.031006,0.125732,1.042236
1704414606,0.025146,0.125488,1.019043
1704419606,0.030273,0.118652,1.059082
1704424606,0.022461,0.125488,1.032715
1704429606,0.033691,0.112549,1.037109
1704434606,0.024658,0.123779,1.038574
1704439606,0.033203,0.123047,1.048584
1704444606,0.036865,0.116211,1.072021
1704449606,0.032227,0.112061,1.061035
1704454606,0.029297,0.123047,1.051758
1704459606,0.030029,0.118164,1.042236
1704464606,0.025146,0.122314,1.050537
1704469606,0.035645,0.118896,1.059082
1704474606,0.025879,0.129639,1.05127
1704479606,0.033203,0.125488,1.04834
1704484606,0.0354,0.12915,1.052979
1704489606,0.03125,0.120361,1.05127
1704494606,0.023926,0.111572,1.033447
1704499606,0.026855,0.110107,1.04126
1704504606,0.026123,0.121826,1.049561
1704509606,0.029541,0.112793,1.048096
1704514606,0.032471,0.126953,1.079834
1704519606,0.041504,0.11377,1.04834
1704524606,0.035889,0.108643,1.028564
1704529606,0.032959,0.121582,1.041016
1704534606,0.030029,0.127686,1.039063
1704539606,0.019043,0.131592,1.055664
1704544606,0.039551,0.115723,1.045654
1704549606,0.023682,0.121094,1.048828
1704554606,0.041504,0.110352,1.046387
1704559606,0.019287,0.130127,1.04834
1704564606,0.033691,0.11792,1.045166
1704569606,0.036865,0.118408,1.052979
1704574606,0.035645,0.112793,1.039551
1704579606,0.028564,0.117188,1.045654
1704584606,0.029785,0.116943,1.045166
1704589606,0.030762,0.119629,1.058594
1704594606,0.02417,0.124268,1.050781
1704599606,0.030762,0.123779,1.044189
1704604606,0.034912,0.117676,1.047852
1704609606,0.030518,0.122803,1.045898
1704614606,0.033691,0.11792,1.047363
1704619606,0.033447,0.122314,1.0625
1704624606,0.033447,0.113281,1.045654
1704629606,0.033691,0.121826,1.044189
1704634606,0.029541,0.11792,1.034424
1704639606,0.028076,0.113281,1.057129
1704644606,0.026123,0.126465,1.050537
1704649606,0.023193,0.129883,1.06543
1704654606,0.034912,0.123535,1.056396
1704659606,0.027588,0.123779,1.037109
1704664606,0.032227,0.120361,1.04248
1704669606,0.032959,0.121826,1.061768
1704674606,0.040039,0.119629,1.052979
1704679606,0.021973,0.121826,1.052002
1704684606,0.03125,0.11084,1.035889
1704689606,0.029541,0.10083,0.961182
1704694606,0.016846,0.133545,1.01709
1704699606,0.022949,0.123779,1.042236
1704704606,0.034424,0.110107,1.053955
1704709606,0.029785,0.120117,1.051758
1704714606,0.031006,0.123779,1.047607
1704719606,0.033203,0.121582,1.030273
1704724606,0.040039,0.119385,1.043945
1704729606,0.029785,0.123291,1.052246
1704734606,0.00415,0.277832,1.078613
1704739606,0.04541,0.116211,1.053223
1704744606,0.044189,0.097656,1.043701
1704749606,0.033691,0.113037,1.041504
1704754606,0.024902,0.124512,1.049805
1704759606,0.040527,0.126465,1.072021
1704764606,0.028809,0.117676,1.037109
1704769606,0.028809,0.112793,1.021484
1704774606,0.030273,0.107666,1.049316
1704779606,0.030762,0.11499,1.108154
1704784606,0.013672,0.140869,1.021484
1704789606,0.020264,0.125977,1.033936
1704794606,0.033203,0.108643,1.074707
1704799606,0.022949,0.138916,1.04248
1704804606,0.043945,0.110107,1.054199
1704809606,0.032227,0.113525,1.04126
1704814606,0.028809,0.127197,1.03418
1704819606,0.022705,0.130127,1.058594
1704824606,0.036377,0.111572,1.051758
1704829606,0.031494,0.125,1.047852
1704834606,0.021973,0.121582,1.043213
1704839606,0.019043,0.12793,1.040039
1704844606,0.032959,0.121094,1.05249
1704849606,0.035645,0.116455,1.049316
1704854606,0.020508,0.114258,1.049072
1704859606,0.019043,0.12793,1.04541
1704864606,0.036377,0.121582,1.052979
1704869606,0.029297,0.12793,1.045898
1704874606,0.032471,0.116211,1.057617
1704879606,0.035889,0.123535,1.054199
1704884606,0.029785,0.123779,1.042969
1704889606,0.026855,0.12207,1.046143
1704894606,0.0271,0.119141,1.049072
1704899606,0.026611,0.126953,1.048096
1704904606,0.033203,0.122559,1.052979
1704909606,0.026611,0.120117,1.048096
1704914606,0.026367,0.121582,1.055664
1704919606,0.026611,0.125,1.046143
1704924606,0.031006,0.120117,1.050049
1704929606,0.029297,0.116211,1.056152
1704934606,0.030273,0.123535,1.052979
1704939606,0.033203,0.124268,1.044189
1704944606,0.037109,0.113525,1.041992
1704949606,0.029297,0.12207,1.051514
1704954606,0.032227,0.107666,1.054199
1704959606,0.029541,0.120605,1.051025
1704964606,0.033447,0.129639,1.057129
1704969606,0.024902,0.118652,1.041992
1704974606,0.019775,0.125,1.046387
1704979606,0.027588,0.116943,1.049805
1704984606,0.023682,0.123291,1.027344
1704989606,0.043701,0.106445,1.072266
1704994606,0.027344,0.140625,1.093262
1704999606,0.008057,0.121826,1.008789
1705004606,0.029297,0.119385,1.062988
1705009606,0.034424,0.111816,1.02832
1705014606,0.029785,0.114502,1.047852
1705019606,0.025879,0.134033,1.051758
1705024606,0.032715,0.119141,1.042725
1705029606,0.030273,0.109619,1.05249
1705034606,0.030518,0.120605,1.04541
1705039606,0.0271,0.123047,1.043701
1705044606,0.026855,0.122314,1.045898
1705049606,0.025391,0.12085,1.052246
1705054606,0.031494,0.119385,1.055908
1705059606,0.023193,0.119873,1.040039
1705064606,0.026855,0.118652,1.054688
1705069606,0.032471,0.121826,1.047363
1705074606,0.026367,0.120361,1.046143
1705079606,0.030273,0.119629,1.044678
1705084606,0.02832,0.123535,1.05127
1705089606,0.026123,0.122803,1.049072
1705094606,0.033203,0.119385,1.044434
1705099606,0.030518,0.117432,1.044678
1705104606,0.031738,0.119141,1.061035
1705109606,0.028564,0.12085,1.049805
1705114606,0.026367,0.120117,1.048828
1705119606,0.032959,0.121826,1.040283
1705124606,0.033691,0.119873,1.052002
1705129606,0.0271,0.123535,1.051514
1705134606,0.029785,0.125,1.052002
1705139606,0.029053,0.121826,1.049805
1705144606,0.030762,0.119873,1.052979
1705149606,0.02832,0.12085,1.048584
1705154606,0.030762,0.119873,1.046875
1705159606,0.030518,0.119873,1.050781
1705164606,0.021729,0.126953,1.048828
1705169606,0.027344,0.122314,1.054932
1705174606,0.023682,0.125488,1.053711
1705179606,0.031006,0.123047,1.043945
1705184606,0.026123,0.115479,1.041016
1705189606,0.027588,0.120117,1.04834
1705194606,0.030762,0.121338,1.05542
1705199606,0.028809,0.115479,1.051758
1705204606,0.031494,0.118408,1.046875
1705209606,0.030518,0.120605,1.046387
1705214606,0.034424,0.11792,1.042725
1705219606,0.031982,0.124756,1.05542
1705224606,0.025635,0.126953,1.057129
1705229606,0.033936,0.124268,1.043945
1705234606,0.032471,0.120605,1.037354
1705239606,0.026611,0.123047,1.042236
1705244606,0.03418,0.119873,1.057373
1705249606,0.032227,0.120605,1.05127
1705254606,0.032959,0.124268,1.052734
1705259606,0.028076,0.121338,1.046143
1705264606,0.027832,0.113525,1.040039
1705269606,0.026367,0.117188,1.048828
1705274606,0.026123,0.118408,1.050781
1705279606,0.027344,0.118652,1.057861
1705284606,0.031738,0.124023,1.048584
1705289606,0.027588,0.119629,1.043213
1705294606,0.030273,0.123291,1.045166
1705299606,0.030518,0.118408,1.048828
1705304606,0.0271,0.123535,1.055176
1705309606,0.028076,0.124268,1.045166
1705314606,0.033936,0.121826,1.050781
1705319606,0.033691,0.121582,1.041504
1705324606,0.035889,0.117432,1.043701
1705329606,0.034668,0.11792,1.048096
1705334606,0.031006,0.121338,1.047607
1705339606,0.027832,0.120361,1.04834
1705344606,0.031006,0.118164,1.054443
1705349606,0.029297,0.118164,1.046143
1705354606,0.030762,0.115479,1.047363
1705359606,0.025391,0.120605,1.044678
1705364606,0.026367,0.121582,1.047852
1705369606,0.026611,0.124512,1.053711
1705374606,0.030273,0.122559,1.058105
1705379606,0.030518,0.125244,1.041016
1705384606,0.026611,0.115967,1.049805
1705389606,0.031738,0.124756,1.064453
1705394606,0.03125,0.123047,1.053467
1705399606,0.025879,0.122803,1.044678
1705404606,0.027588,0.117676,1.047119
1705409606,0.025879,0.116943,1.041748
1705414606,0.031494,0.116211,1.040283
1705419606,0.029785,0.118652,1.051514
1705424606,0.031738,0.119873,1.053467
1705429606,0.02832,0.119141,1.04541
1705434606,0.02832,0.121582,1.044189
1705439606,0.030029,0.115234,1.045654
1705444606,0.031006,0.121338,1.050293
1705449606,0.026367,0.117676,1.049561
1705454606,0.0271,0.121826,1.045654
1705459606,0.031494,0.119629,1.048096
1705464606,0.032715,0.115479,1.052002
1705469606,0.027344,0.117188,1.038086
1705474606,0.034424,0.115967,1.062256
1705479606,0.028564,0.121094,1.049561
1705484606,0.025635,0.117432,1.046387
1705489606,0.029785,0.120117,1.050293
1705494606,0.027832,0.122803,1.053467
1705499606,0.025635,0.115967,1.060059
1705504606,0.032715,0.124268,1.053955
1705509606,0.02832,0.119385,1.048584
1705514606,0.028809,0.120605,1.047852
1705519606,0.028564,0.123779,1.043945
1705524606,0.030029,0.12085,1.04834
1705529606,0.030518,0.122559,1.050049
1705534606,0.029053,0.118164,1.052002
1705539606,0.028076,0.11792,1.042725
1705544606,0.030273,0.119629,1.051514
1705549606,0.026855,0.123779,1.046387
1705554606,0.026123,0.115967,1.045166
1705559606,0.029785,0.12207,1.055176
1705564606,0.030273,0.124268,1.058594
1705569606,0.026123,0.121338,1.050049
1705574606,0.026367,0.122559,1.045898
1705579606,0.029053,0.120605,1.049805
1705584606,0.031982,0.118652,1.052246
1705589606,0.032715,0.118164,1.046631
1705594606,0.030762,0.122314,1.045654
1705599606,0.032227,0.118408,1.044189
1705604606,0.031494,0.118408,1.048096
1705609606,0.028564,0.117676,1.045898
1705614606,0.0271,0.118164,1.050293
1705619606,0.0271,0.119141,1.049805
1705624606,0.028076,0.119629,1.052734
1705629606,0.027344,0.123047,1.05127
1705634606,0.028076,0.119873,1.042236
1705639606,0.033203,0.116455,1.045166
1705644606,0.024902,0.126709,1.055664
1705649606,0.025146,0.119141,1.048584
1705654606,0.024658,0.116699,1.043701
1705659606,0.031738,0.118896,1.047607
1705664606,0.031738,0.12085,1.059814
1705669606,0.029541,0.115723,1.047363
1705674606,0.032715,0.117432,1.050781
1705679606,0.031006,0.123779,1.050049
1705684606,0.030273,0.122803,1.051758
1705689606,0.031494,0.118896,1.048828
1705694606,0.02832,0.116211,1.052979
1705699606,0.031006,0.11499,1.047852
1705704606,0.030029,0.120361,1.049805
1705709606,0.029541,0.120605,1.045898
1705714606,0.026367,0.123779,1.046875
1705719606,0.028564,0.119629,1.047363
1705724606,0.028076,0.119629,1.047363
1705729606,0.0271,0.118408,1.053467
1705734606,0.031006,0.120605,1.049805
1705739606,0.031006,0.120361,1.044189
1705744606,0.031494,0.118652,1.043213
1705749606,0.031006,0.119141,1.050293
1705754606,0.03125,0.121826,1.051514
1705759606,0.031738,0.118164,1.048828
1705764606,0.028809,0.122314,1.047363
1705769606,0.027832,0.122559,1.047363
1705774606,0.030029,0.118164,1.05127
1705779606,0.026855,0.122559,1.043701
1705784606,0.028564,0.121582,1.046631
1705789606,0.0271,0.119385,1.053955
1705794606,0.032471,0.124512,1.046143
1705799606,0.026855,0.119141,1.047607
1705804606,0.03125,0.120117,1.05127
1705809606,0.026123,0.120361,1.050537
1705814606,0.028809,0.125732,1.051025
1705819606,0.031494,0.12085,1.049072
1705824606,0.030273,0.120361,1.049805
1705829606,0.028809,0.11792,1.047852
1705834606,0.030273,0.12085,1.049316
1705839606,0.032715,0.12207,1.041504
1705844606,0.031982,0.115723,1.052734
1705849606,0.029785,0.11792,1.049072
1705854606,0.032959,0.118652,1.049316
1705859606,0.029297,0.116455,1.047607
1705864606,0.029297,0.115967,1.04834
1705869606,0.027832,0.122314,1.044922
1705874606,0.028076,0.121338,1.050781
1705879606,0.030518,0.124512,1.051514
1705884606,0.032471,0.121826,1.050293
1705889606,0.029541,0.118408,1.048828
1705894606,0.029297,0.119629,1.042236
1705899606,0.029297,0.122803,1.049561
1705904606,0.025146,0.121094,1.046387
1705909606,0.027832,0.118408,1.044189
1705914606,0.03125,0.120117,1.051758
1705919606,0.02832,0.12085,1.050049
1705924606,0.030029,0.119385,1.041992
1705929606,0.032959,0.120117,1.048584
1705934606,0.03418,0.119385,1.050293
1705939606,0.031006,0.119141,1.04834
1705944606,0.031982,0.119141,1.046143
1705949606,0.027344,0.120117,1.052734
1705954606,0.030273,0.116699,1.044678
1705959606,0.025635,0.119629,1.053467
1705964606,0.030273,0.12207,1.051758
1705969606,0.032959,0.12085,1.05127
1705974606,0.033203,0.124268,1.051758
1705979606,0.031494,0.12207,1.051758
1705984606,0.03125,0.123047,1.044678
1705989606,0.03125,0.121338,1.046875
1705994606,0.024902,0.122314,1.051025
1705999606,0.028076,0.118164,1.047852
1706004606,0.027344,0.120117,1.044922
1706009606,0.022461,0.118896,1.051758
1706014606,0.028809,0.119141,1.051025
1706019606,0.029541,0.12085,1.052979
1706024606,0.026611,0.124512,1.046631
1706029606,0.030273,0.118164,1.050293
1706034606,0.032471,0.119385,1.053467
1706039606,0.028076,0.123047,1.046875
1706044606,0.031982,0.119141,1.048096
1706049606,0.028809,0.121582,1.046143
1706054606,0.030762,0.123779,1.045166
1706059606,0.030518,0.12207,1.045898
1706064606,0.027344,0.11792,1.051758
1706069606,0.029053,0.120117,1.047363
1706074606,0.029053,0.118652,1.047852
1706079606,0.027588,0.120361,1.049805
1706084606,0.024414,0.124512,1.050293
1706089606,0.030273,0.120361,1.045166
1706094606,0.028809,0.122803,1.045166
1706099606,0.031494,0.113525,1.046875
1706104606,0.033936,0.119385,1.050049
1706109606,0.028809,0.115967,1.046631
1706114606,0.029297,0.12085,1.053955
1706119606,0.027588,0.123535,1.050049
1706124606,0.029785,0.12207,1.052734
1706129606,0.024658,0.120117,1.049316
1706134606,0.030273,0.121582,1.048828
1706139606,0.030029,0.125,1.043701
1706144606,0.028564,0.119141,1.04126
1706149606,0.027344,0.121338,1.047119
1706154606,0.029053,0.120605,1.055176
1706159606,0.028076,0.116455,1.049072
1706164606,0.029785,0.123779,1.038574
1706169606,0.03125,0.12207,1.04834
1706174606,0.031494,0.120605,1.049805
1706179606,0.028564,0.119141,1.046143
1706184606,0.032959,0.117432,1.044678
1706189606,0.028564,0.119141,1.043701
1706194606,0.032227,0.121338,1.049316
1706199606,0.036621,0.12207,1.046631
1706204606,0.025879,0.119629,1.051025
1706209606,0.029053,0.121338,1.041504
1706214606,0.027344,0.121338,1.047119
1706219606,0.029785,0.113525,1.054688
1706224606,0.030518,0.123535,1.045166
1706229606,0.027344,0.119385,1.05127
1706234606,0.03125,0.119385,1.053955
1706239606,0.027344,0.119629,1.049561
1706244606,0.026367,0.119873,1.044678
1706249606,0.030029,0.118652,1.051025
1706254606,0.032227,0.118652,1.053955
1706259606,0.026855,0.122314,1.043701
1706264606,0.030762,0.12085,1.044434
1706269606,0.032959,0.122559,1.050049
1706274606,0.03125,0.122314,1.04834
1706279606,0.030518,0.118408,1.049072
1706284606,0.029785,0.120361,1.047119
1706289606,0.032471,0.121338,1.050537
1706294606,0.0271,0.119873,1.046875
1706299606,0.03125,0.115967,1.042969
1706304606,0.028564,0.119141,1.046875
1706309606,0.030518,0.11499,1.047363
1706314606,0.030029,0.12207,1.053223
1706319606,0.031738,0.118652,1.050781
1706324606,0.029541,0.119629,1.048096
1706329606,0.031006,0.118408,1.044189
1706334606,0.029297,0.118652,1.046631
1706339606,0.030273,0.116943,1.040283
1706344606,0.032471,0.127197,1.052734
1706349606,0.02832,0.116455,1.04834
1706354606,0.028564,0.126709,1.05249
1706359606,0.030273,0.121826,1.046143
1706364606,0.030762,0.123535,1.04834
1706369606,0.026123,0.12085,1.049072
1706374606,0.024658,0.119629,1.050293
1706379606,0.028809,0.116211,1.046631
1706384606,0.028809,0.125732,1.045654
1706389606,0.030273,0.123291,1.047119
1706394606,0.027588,0.119141,1.054932
1706399606,0.027588,0.117188,1.041992
1706404606,0.030518,0.123291,1.048584
1706409606,0.032959,0.121094,1.047852
1706414606,0.03418,0.116943,1.050049
1706419606,0.029541,0.118164,1.048096
1706424606,0.029297,0.119873,1.039307
1706429606,0.028076,0.120361,1.054443
1706434606,0.029785,0.120361,1.046387
1706439606,0.030762,0.122803,1.048096
1706444606,0.028809,0.121826,1.047363
1706449606,0.02417,0.121826,1.04541
1706454606,0.024414,0.121582,1.054932
1706459606,0.025391,0.117676,1.052246
1706464606,0.028809,0.124756,1.043945
1706469606,0.031006,0.117188,1.051025
1706474606,-3.178223,2.905273,3.999878
1706479606,-0.614014,1.028809,3.999878
1706484606,-0.683105,1.717041,-3.780029
1706489606,-1.015625,0.970947,-4.0
1706494606,0.790283,0.648193,-4.0
1706499606,-0.557129,0.496094,-0.093262
1706504606,-1.102539,2.263672,-1.594727
1706509606,-0.514648,0.22583,1.895996
1706514606,-0.093262,-0.151367,1.776367
1706519606,-0.073242,1.845703,1.027832
1706524606,-0.359863,0.381104,1.012695
1706529606,0.069336,2.175781,0.697266
1706534606,-0.124512,0.766602,1.954346
1706539606,0.190674,0.065186,1.019043
1706544606,-0.090576,0.28125,0.92334
1706549606,-0.024658,0.235596,0.947998
1706554606,0.019531,0.054932,1.021729
1706559606,0.097656,-0.041992,0.945068
1706564606,0.091797,0.057861,1.0
1706569606,0.031006,0.100342,1.116211
1706574606,-0.104492,0.277588,1.163574
1706579606,0.056152,0.149902,0.97168
1706584606,0.016846,0.125244,1.095703
1706589606,0.014648,0.078125,1.008789
1706594606,0.04126,0.071777,1.02124
1706599606,-0.012451,0.129639,1.146729
1706604606,-0.000732,0.179932,1.079346
1706609606,0.019531,0.111084,1.037598
1706614606,0.057617,0.016846,0.934814
1706619606,0.031982,0.05127,1.007568
1706624606,0.018311,0.142822,1.034912
1706629606,0.000488,0.17041,1.159424
1706634606,0.015869,0.12085,1.077148
1706639606,0.025635,0.10376,1.05249
1706644606,0.04126,0.09082,1.009277
1706649606,0.014893,0.107422,1.05249
1706654606,0.000732,0.145508,1.036865
1706659606,0.031006,0.133301,1.089844
1706664606,0.017822,0.091553,1.045654
1706669606,0.057861,0.079102,1.017578
1706674606,-4.0,-1.976318,3.072998
1706679606,-2.714844,0.646973,2.099854
1706684606,2.078613,-1.240723,1.6875
1706689606,-4.0,0.40332,-4.0
1706694606,-0.969727,2.454834,3.999878
1706699606,-0.601318,1.823242,-2.965576
1706704606,-4.0,2.085449,-4.0
1706709606,-1.689453,1.0,-4.0
1706714606,0.11084,0.381836,0.47876
1706719606,-1.084961,1.982178,0.07373
1706724606,0.045166,0.625488,-0.06543
1706729606,-0.19751,0.185303,1.476807
1706734606,-0.896729,0.522217,1.228027
1706739606,-0.311768,0.326904,1.2771
1706744606,-0.986084,1.751465,1.391846
1706749606,-0.602783,1.989746,1.293457
1706754606,-0.760986,0.988525,-0.120117
1706759606,-0.954346,0.522949,1.243652
1706764606,-1.063721,1.201172,1.193604
1706769606,-0.494385,0.39624,0.992432
1706774606,0.061035,0.168945,1.013184
1706779606,0.032471,0.095215,1.100342
1706784606,0.00415,0.08667,0.98584
1706789606,0.0271,0.123047,1.081299
1706794606,-0.060059,0.128906,0.776855
1706799606,-0.04248,1.897949,-0.549316
1706804606,0.097412,2.716553,0.999512
1706809606,-0.065674,2.611328,1.111328
1706814606,0.079346,0.55835,1.025635
1706819606,-0.058105,0.10376,1.107422
1706824606,0.043457,0.054687,1.016113
1706829606,-0.011719,0.150391,0.954346
1706834606,-0.036377,0.146973,0.799561
1706839606,0.08252,0.780273,1.307373
1706844606,-1.159424,1.909424,0.421875
1706849606,-0.21582,1.704102,0.921875
1706854606,0.127441,0.224121,1.159912
1706859606,-0.023437,0.171875,1.312256
1706864606,0.049805,0.105469,1.018555
1706869606,0.028564,0.188965,0.929687
1706874606,0.075439,0.166748,1.560303
1706879606,-0.133545,2.216064,1.195313
1706884606,0.020996,0.265869,0.962646
1706889606,0.031982,0.289795,1.09375
1706894606,0.004639,0.960937,0.961914
1706899606,-0.080078,1.171143,1.07251
1706904606,0.003662,0.997803,0.77417
1706909606,-0.262451,0.172119,1.147705
1706914606,-0.002441,0.368164,1.138428
1706919606,-0.044434,0.399414,1.063965
1706924606,-0.039551,0.369385,0.539795
1706929606,0.082764,0.115723,1.253418
1706934606,-0.011963,1.656006,0.959717
1706939606,-0.022705,0.410645,0.994873
1706944606,0.030762,0.763428,1.094727
1706949606,-0.05249,0.173828,0.92749
1706954606,-0.015869,1.290527,0.998047
1706959606,0.016846,1.31543,1.105469
1706964606,-0.018799,1.114502,0.896973
1706969606,0.017334,0.804199,1.070313
1706974606,0.006104,0.098145,1.036377
1706979606,0.033936,0.089111,1.05127
1706984606,0.017578,0.12207,1.059082
1706989606,0.011963,0.114014,1.042236
1706994606,0.010742,0.116699,1.060547
1706999606,0.016357,0.114014,1.048584
1707004606,0.016357,0.12207,1.049316
1707009606,0.022705,0.113525,1.055176
1707014606,0.012939,0.108643,1.044922
1707019606,0.018799,0.106201,1.043945
1707024606,0.012695,0.111572,1.063965
1707029606,0.012695,0.108643,1.048584
1707034606,0.04126,0.105225,1.115967
1707039606,0.015137,0.108887,1.024658
1707044606,0.044922,0.113037,0.971436
1707049606,-0.007324,0.117188,1.10498
1707054606,0.083984,0.126709,1.037842
1707059606,0.023437,0.082764,1.025391
1707064606,0.018311,0.084473,1.043945
1707069606,-0.144775,-0.060303,1.003906
1707074606,-0.010986,0.157959,1.108398
1707079606,-0.017578,0.069336,1.056641
1707084606,-0.002686,0.113281,1.024902
1707089606,-0.007813,0.11499,1.039307
1707094606,-0.014648,0.098145,1.031494
1707099606,-0.005127,0.137939,1.052002
1707104606,-0.038574,0.125,1.063477
1707109606,0.004883,0.102783,1.040771
1707114606,0.001709,0.119873,1.016357
1707119606,-0.025391,0.129883,1.057129
1707124606,0.008057,0.109375,1.045166
1707129606,-0.000488,0.113037,1.043457
1707134606,0.000244,0.121338,1.052979
1707139606,0.000977,0.098633,1.053711
1707144606,0.006592,0.108887,1.046875
1707149606,0.012695,0.134277,1.061523
1707154606,0.006592,0.124268,1.060791
1707159606,0.018799,0.108887,1.025146
1707164606,0.000488,0.110596,1.047363
1707169606,-0.005127,0.109619,1.065918
1707174606,-0.005859,0.116211,1.021973
1707179606,-0.014893,0.104004,1.020508
1707184606,-0.039795,0.117676,1.116943
1707189606,-0.001953,0.103516,1.04248
1707194606,0.001709,0.152832,1.050781
1707199606,0.003174,0.126465,1.047852
1707204606,-0.00415,0.080322,1.047607
1707209606,-0.009766,0.102783,1.049316
1707214606,0.008057,0.126465,1.046387
1707219606,0.002441,0.103516,1.062012
1707224606,0.00708,0.117188,1.049072
1707229606,0.010742,0.119629,1.046387
1707234606,0.008789,0.093506,1.052246
1707239606,0.005859,0.104004,1.049316
1707244606,0.009277,0.133545,1.047607
1707249606,0.008057,0.095215,1.045898
1707254606,0.006836,0.103271,1.043945
1707259606,0.003174,0.095947,1.048828
1707264606,0.001709,0.118164,1.04541
1707269606,0.002686,0.106445,1.050293
1707274606,0.001709,0.109619,1.049561
1707279606,-0.003174,0.11377,1.054688
1707284606,-0.004883,0.110107,1.056396
1707289606,-0.001221,0.112793,1.042725
1707294606,0.000488,0.118408,1.046875
1707299606,0.002686,0.120117,1.049316
1707304606,0.007324,0.112549,1.05127
1707309606,0.009521,0.109863,1.04834
1707314606,0.005615,0.114502,1.046143
1707319606,0.009766,0.114502,1.052246
1707324606,0.007568,0.114502,1.05249
1707329606,0.011475,0.10791,1.050293
1707334606,0.003418,0.109619,1.053955
1707339606,-0.000488,0.108398,1.046387
1707344606,0.0,0.106934,1.050781
1707349606,-0.002686,0.110596,1.046387
1707354606,0.000244,0.110352,1.051025
1707359606,-0.000732,0.101074,1.044189
1707364606,-0.000732,0.115723,1.056396
1707369606,0.002197,0.117188,1.044434
1707374606,0.00293,0.118164,1.045654
1707379606,0.006592,0.105713,1.041504
1707384606,0.001709,0.113525,1.045654
1707389606,0.006836,0.111572,1.038818
1707394606,0.013184,0.113037,1.047852
1707399606,0.025391,0.110107,1.028809
1707404606,-0.028809,0.156494,1.060791
1707409606,0.026855,0.114502,1.039063
1707414606,-0.007568,0.185547,1.142822
1707419606,0.032715,0.029541,1.018066
1707424606,-0.012939,0.123291,1.04126
1707429606,0.009277,0.099609,1.046631
1707434606,-0.003662,0.106201,1.0625
1707439606,0.0,0.078125,1.020508
1707444606,0.0,0.105957,1.060547
1707449606,0.010742,0.081787,1.039551
1707454606,-0.000488,0.107422,1.05542
1707459606,0.008545,0.112305,1.04126
1707464606,0.006348,0.107666,1.049805
1707469606,0.010498,0.122803,1.049316
1707474606,0.009033,0.124756,1.04834
1707479606,0.006348,0.130859,1.048096
1707484606,0.009766,0.127441,1.048828
1707489606,0.005615,0.120117,1.046875
1707494606,0.004395,0.110107,1.051025
1707499606,0.002686,0.107422,1.058594
1707504606,0.002441,0.100342,1.052002
1707509606,0.001465,0.092285,1.045898
1707514606,-0.002197,0.0896,1.048584
1707519606,-0.001221,0.093506,1.046387
1707524606,-0.000732,0.097656,1.043701
1707529606,-0.003662,0.103027,1.052246
1707534606,0.003174,0.114258,1.048584
1707539606,0.00293,0.115967,1.051758
1707544606,0.006836,0.121582,1.044922
1707549606,0.008789,0.123291,1.055664
1707554606,0.01416,0.12085,1.053467
1707559606,0.009521,0.115234,1.055908
1707564606,0.013672,0.11499,1.047363
1707569606,0.010498,0.112305,1.053223
1707574606,0.01001,0.110352,1.049561
1707579606,0.004395,0.105225,1.05127
1707584606,-0.001709,0.099854,1.050781
1707589606,-0.000488,0.101318,1.051758
1707594606,-0.005615,0.101807,1.04834
1707599606,-0.006592,0.109375,1.04834
1707604606,-0.002197,0.109863,1.04541
1707609606,-0.001465,0.112549,1.058105
1707614606,0.001465,0.119873,1.049561
1707619606,0.005615,0.111084,1.035156
1707624606,0.005371,0.114746,1.059326
1707629606,0.013916,0.118408,1.046875
1707634606,0.009277,0.106201,1.043213
1707639606,0.012207,0.106445,1.045898
1707644606,0.013184,0.109863,1.049561
1707649606,0.010498,0.098145,1.042236
1707654606,0.008301,0.102539,1.049805
1707659606,-0.000977,0.102539,1.059326
1707664606,0.002197,0.104736,1.056885
1707669606,-0.003174,0.106445,1.052002
1707674606,0.000488,0.112549,1.053467
1707679606,-0.015869,0.117676,1.042969
1707684606,0.009277,0.098633,1.055176
1707689606,0.005859,0.10791,1.052246
1707694606,0.008057,0.115479,1.036133
1707699606,0.010986,0.114258,1.052979
1707704606,0.021729,0.109619,1.053955
1707709606,0.00708,0.112549,1.057617
1707714606,0.013428,0.112305,1.046875
1707719606,0.01416,0.113037,1.057617
1707724606,0.012695,0.106934,1.045166
1707729606,0.002441,0.108887,1.047363
1707734606,0.003418,0.110107,1.047607
1707739606,-0.004395,0.106201,1.052246
1707744606,-0.000977,0.10498,1.045166
1707749606,-0.000732,0.111572,1.046143
1707754606,0.000488,0.113281,1.055664
1707759606,0.000732,0.114258,1.054932
1707764606,0.003174,0.107422,1.051514
1707769606,0.004883,0.114502,1.04834
1707774606,0.006104,0.114258,1.048828
1707779606,0.008301,0.114746,1.052002
1707784606,0.011963,0.114014,1.045898
1707789606,0.009521,0.111816,1.051025
1707794606,0.008057,0.110596,1.044189
1707799606,0.005859,0.108154,1.046631
1707804606,0.004395,0.107178,1.045898
1707809606,0.000244,0.116699,1.046143
1707814606,0.003418,0.117188,1.058838
1707819606,-0.005615,0.121582,1.045898
1707824606,0.004639,0.116211,1.063477
1707829606,0.009521,0.108887,1.053711
1707834606,0.002441,0.110596,1.045898
1707839606,0.004883,0.111572,1.05542
1707844606,0.007324,0.099854,1.05249
1707849606,0.009766,0.104248,1.051025
1707854606,0.007324,0.106201,1.04834
1707859606,0.008301,0.106445,1.044678
1707864606,0.011719,0.099854,1.054199
1707869606,-0.002441,0.108398,1.060059
1707874606,0.003418,0.108887,1.043213
1707879606,0.005615,0.102539,1.041992
1707884606,0.000244,0.114258,1.045166
1707889606,0.000488,0.109375,1.05249
1707894606,0.001953,0.113525,1.051514
1707899606,0.005127,0.11377,1.052002
1707904606,0.000732,0.110352,1.050049
1707909606,0.007568,0.105713,1.050293
1707914606,0.003662,0.105957,1.053223
1707919606,0.007813,0.108154,1.056641
1707924606,0.002441,0.108154,1.056152
1707929606,0.006592,0.109863,1.050049
1707934606,0.004639,0.108154,1.045898
1707939606,0.005127,0.109131,1.044678
1707944606,0.000977,0.112305,1.047607
1707949606,0.006592,0.111572,1.055908
1707954606,0.005371,0.117432,1.049316
1707959606,-0.001465,0.114258,1.051514
1707964606,0.007813,0.111084,1.050293
1707969606,0.003174,0.107666,1.050781
1707974606,0.003418,0.110107,1.048828
1707979606,-0.000977,0.111328,1.049072
1707984606,0.006104,0.108643,1.054199
1707989606,0.009033,0.110107,1.048584
1707994606,0.006592,0.106934,1.048584
1707999606,0.004639,0.108643,1.048828
1708004606,0.009033,0.109619,1.052246
1708009606,0.005127,0.114258,1.053955
1708014606,0.001465,0.113525,1.049805
1708019606,0.007568,0.115479,1.047119
1708024606,0.002441,0.11377,1.054932
1708029606,0.007813,0.111572,1.054688
1708034606,0.002197,0.116455,1.054932
1708039606,0.003662,0.110596,1.054932
1708044606,0.000977,0.11084,1.047852
1708049606,0.007813,0.101563,1.050049
1708054606,0.003662,0.105469,1.049561
1708059606,0.006348,0.107422,1.052734
1708064606,0.003418,0.109619,1.047607
1708069606,0.005859,0.106934,1.048096
1708074606,0.008057,0.10498,1.053223
1708079606,0.004639,0.111572,1.046875
1708084606,0.001465,0.113037,1.049072
1708089606,0.002197,0.108398,1.048828
1708094606,0.005127,0.109619,1.052979
1708099606,0.004639,0.108643,1.045898
1708104606,0.003662,0.111816,1.048096
1708109606,0.002441,0.110107,1.05127
1708114606,0.004883,0.105469,1.048828
1708119606,0.004639,0.106689,1.051025
1708124606,0.004395,0.11499,1.063477
1708129606,0.006592,0.110352,1.040283
1708134606,0.003418,0.102783,1.050049
1708139606,0.003662,0.115723,1.052979
1708144606,0.002197,0.111084,1.049316
1708149606,0.00293,0.109375,1.050049
1708154606,0.004395,0.113281,1.048096
1708159606,0.007568,0.111816,1.054199
1708164606,0.006592,0.107666,1.052734
1708169606,0.005615,0.10791,1.05542
1708174606,0.001465,0.110107,1.054688
1708179606,0.006104,0.109131,1.056885
1708184606,0.001221,0.105469,1.04541
1708189606,0.005615,0.106689,1.046631
1708194606,0.008057,0.108887,1.051025
1708199606,0.007568,0.10791,1.046143
1708204606,0.003662,0.100586,1.050049
1708209606,0.008301,0.118164,1.049072
1708214606,0.004639,0.104248,1.04541
1708219606,0.002197,0.110107,1.046875
1708224606,0.002197,0.11084,1.056885
1708229606,0.001709,0.108154,1.049316
1708234606,0.008545,0.115234,1.053223
1708239606,0.002686,0.107178,1.05542
1708244606,0.001221,0.105713,1.048828
1708249606,0.004883,0.109131,1.057129
1708254606,0.00293,0.108643,1.05542
1708259606,0.0,0.110352,1.051025
1708264606,0.004883,0.112061,1.053955
1708269606,0.004639,0.106445,1.043945
1708274606,0.004883,0.109619,1.05127
1708279606,0.005371,0.112061,1.048584
1708284606,0.006348,0.11084,1.047607
1708289606,-0.000488,0.113037,1.051758
1708294606,0.001953,0.107422,1.048828
1708299606,0.004639,0.107666,1.050537
1708304606,0.005859,0.106934,1.045654
1708309606,0.004395,0.108398,1.043213
1708314606,0.003906,0.109863,1.054199
1708319606,0.00415,0.107178,1.049316
1708324606,0.0,0.105713,1.051025
1708329606,0.00415,0.107422,1.048096
1708334606,0.003662,0.108643,1.048584
1708339606,0.006348,0.10791,1.05249
1708344606,0.005371,0.107422,1.043457
1708349606,0.006104,0.111572,1.048584
1708354606,0.007813,0.108887,1.051025
1708359606,0.003418,0.111572,1.047607
1708364606,0.005371,0.112061,1.052734
1708369606,0.006592,0.114014,1.050049
1708374606,0.004639,0.109375,1.04834
1708379606,0.00415,0.108398,1.047852
1708384606,0.00415,0.110352,1.051758
1708389606,0.003906,0.111328,1.045166
1708394606,0.004395,0.109863,1.053223
1708399606,0.007813,0.110352,1.048584
1708404606,0.004639,0.106934,1.05127
1708409606,0.000488,0.110107,1.053223
1708414606,0.003174,0.112549,1.053223
1708419606,0.00415,0.109131,1.05249
1708424606,0.002686,0.107666,1.05249
1708429606,0.007568,0.108154,1.055664
1708434606,0.006836,0.113281,1.047607
1708439606,0.002441,0.111816,1.054932
1708444606,0.003662,0.11499,1.054199
1708449606,0.008545,0.111572,1.045166
1708454606,0.002441,0.108398,1.049561
1708459606,0.005371,0.110596,1.051514
1708464606,0.003906,0.111328,1.050781
1708469606,0.0,0.105469,1.04541
1708474606,0.002441,0.108154,1.046631
1708479606,0.002441,0.107422,1.048096
1708484606,-0.000244,0.10791,1.050781
1708489606,0.006348,0.108398,1.056152
1708494606,0.002197,0.107666,1.054688
1708499606,0.004883,0.116455,1.056396
1708504606,0.0,0.109375,1.054199
1708509606,0.008789,0.110352,1.049805
1708514606,0.003174,0.112305,1.047852
1708519606,0.009521,0.104004,1.041016
1708524606,0.004639,0.114014,1.052002
1708529606,0.006836,0.111816,1.049561
1708534606,0.000732,0.110596,1.054932
1708539606,0.005615,0.105713,1.047607
1708544606,0.008057,0.105957,1.050049
1708549606,0.000732,0.106934,1.050537
1708554606,0.007568,0.108398,1.058594
1708559606,0.005615,0.113525,1.053711
1708564606,0.003418,0.113281,1.056641
1708569606,0.003418,0.114746,1.049072
1708574606,0.004883,0.113281,1.049805
1708579606,0.005371,0.112549,1.054932
1708584606,0.006836,0.114014,1.056396
1708589606,0.006348,0.111816,1.052979
1708594606,0.008545,0.113525,1.048584
1708599606,0.009277,0.109375,1.052979
1708604606,0.01001,0.109131,1.041016
1708609606,0.006592,0.112305,1.054688
1708614606,0.003906,0.11084,1.052246
1708619606,0.003418,0.114746,1.052979
1708624606,0.003418,0.108887,1.038818
1708629606,0.003906,0.11084,1.05249
1708634606,0.000977,0.115723,1.054199
1708639606,0.0,0.10791,1.05542
1708644606,0.004883,0.112793,1.046387
1708649606,0.001221,0.113037,1.049561
1708654606,0.007568,0.108154,1.05127
1708659606,0.004395,0.10498,1.053711
1708664606,0.006348,0.111084,1.052002
1708669606,3.999878,1.15625,-4.0
1708674606,0.411377,1.160645,2.836914
1708679606,1.205566,-0.099121,3.322754
1708684606,-3.01001,0.587158,-4.0
1708689606,-3.216553,0.456787,-1.601074
1708694606,-1.327148,0.223633,-1.128662
1708699606,-1.606689,0.509521,-3.111572
1708704606,-0.843018,0.314697,-1.857666
1708709606,-0.282959,0.237793,1.212158
1708714606,-0.513916,0.410156,1.407715
1708719606,-0.130615,0.054443,1.273926
1708724606,0.024902,0.279053,0.914795
1708729606,-0.045654,0.145996,1.182373
1708734606,0.062744,0.03125,1.00708
1708739606,0.006836,0.060547,1.044922
1708744606,0.015869,0.160156,1.162109
1708749606,0.03833,0.050781,0.984863
1708754606,0.038086,0.05127,0.96582
1708759606,0.045654,0.049316,1.053711
1708764606,-0.022217,0.11499,1.029297
1708769606,-0.083984,0.204346,1.076172
1708774606,0.031738,0.098633,1.12085
1708779606,-0.026367,0.138672,1.047607
1708784606,-0.004639,0.102783,1.072021
1708789606,-0.000488,0.082275,1.064209
1708794606,-0.02417,0.113525,1.001221
1708799606,-0.015625,0.148437,1.038086
1708804606,0.039063,0.061035,1.050781
1708809606,0.041016,0.040039,1.063232
1708814606,0.011475,0.105713,1.030518
1708819606,-0.005859,0.119385,1.105225
1708824606,-0.023682,0.151123,1.053955
1708829606,-0.011963,0.121582,1.006592
1708834606,0.01001,0.093262,1.046875
1708839606,0.015381,0.094482,1.049561
1708844606,-0.00415,0.098389,1.063721
1708849606,-0.304932,0.932861,3.999878
1708854606,3.999878,3.677734,-4.0
1708859606,-3.505615,1.822266,-4.0
1708864606,0.038086,2.006104,-2.015625
1708869606,-0.744141,0.557129,-2.775146
1708874606,-1.079834,0.534912,0.456299
1708879606,-1.588623,0.157959,1.464111
1708884606,-0.85083,2.433594,-0.240723
1708889606,-1.14502,0.133301,1.032471
1708894606,-0.59668,0.610352,-3.419678
1708899606,-1.594971,2.016846,-2.807617
1708904606,-1.539307,1.43335,1.207031
1708909606,-1.660889,0.323242,0.883057
1708914606,-0.408447,1.696045,1.440674
1708919606,-0.042969,1.846924,1.022949
1708924606,-2.695557,2.637451,-4.0
1708929606,-1.077393,0.580811,-4.0
1708934606,-1.405273,1.428955,0.963135
1708939606,-2.990967,1.443604,0.837646
1708944606,-1.061768,1.778076,-1.663818
1708949606,-0.961182,2.438721,1.290771
1708954606,-0.254883,0.308838,0.820068
1708959606,0.116699,0.639893,1.345459
1708964606,0.070557,0.022217,1.115967
1708969606,-0.040283,0.240234,1.117676
1708974606,0.015869,0.204834,0.956299
1708979606,-0.576904,1.251221,-4.0
1708984606,-1.580078,1.366943,1.574463
1708989606,-0.532227,0.123535,1.475586
1708994606,-0.053467,0.108643,1.039795
1708999606,0.005371,0.046387,1.032715
1709004606,-0.007813,0.147217,1.046387
1709009606,0.054932,0.059814,1.177979
1709014606,0.101074,2.052734,1.397949
1709019606,0.046143,1.430176,1.408203
1709024606,-0.061035,1.084473,1.000732
1709029606,0.025146,0.17334,1.054688
1709034606,-0.012939,0.130859,1.056641
1709039606,-0.016602,0.090088,0.889404
1709044606,-0.16333,0.424072,-4.0
1709049606,-0.764893,1.951172,1.809326
1709054606,-0.164551,2.557617,1.083496
1709059606,-0.030029,0.162598,1.088623
1709064606,0.039795,0.038818,1.130371
1709069606,0.089355,0.260986,1.224121
1709074606,-0.005371,1.955322,1.481445
1709079606,0.028076,0.96875,1.190918
1709084606,-0.029541,0.161133,1.075928
1709089606,0.065918,1.243652,1.495605
1709094606,-0.10376,1.811768,1.148193
1709099606,-0.138428,0.874023,1.14624
1709104606,0.006836,0.140137,1.109375
1709109606,0.003174,0.072754,1.028564
1709114606,-0.000244,0.114014,1.055908
1709119606,0.010498,0.110107,1.039063
1709124606,-0.01123,0.111816,1.068115
1709129606,-0.003662,0.106934,1.034668
1709134606,-0.003662,0.117188,1.054688
1709139606,-0.002686,0.092529,1.04541
1709144606,-0.001709,0.095459,1.057129
1709149606,0.006592,0.097168,1.052734
1709154606,0.000488,0.08667,1.042969
1709159606,-0.003662,0.10376,1.057861
1709164606,-0.003906,0.11377,1.062012
1709169606,0.000488,0.100342,1.045654
1709174606,0.00293,0.110352,1.046387
1709179606,0.001953,0.103516,1.052002
1709184606,-0.004639,0.105225,1.053955
1709189606,0.003662,0.11084,1.052002
1709194606,0.003418,0.101074,1.055664
1709199606,0.0,0.104004,1.046875
1709204606,-0.002686,0.106445,1.05127
1709209606,0.000977,0.103027,1.046143
1709214606,-0.000244,0.100586,1.050049
1709219606,-0.00293,0.106201,1.055664
1709224606,0.0,0.102051,1.055908
1709229606,0.003418,0.101807,1.051758
1709234606,0.00293,0.104736,1.049561
1709239606,0.003906,0.101563,1.048096
1709244606,-0.001465,0.108643,1.043945
1709249606,-0.006104,0.108398,1.061523
1709254606,-0.00293,0.107666,1.0625
1709259606,0.001221,0.104248,1.052246
1709264606,0.003662,0.099365,1.041504
1709269606,0.000977,0.101074,1.063721
1709274606,0.000732,0.106689,1.053223
1709279606,0.003174,0.099121,1.049805
1709284606,0.001465,0.097168,1.04834
1709289606,0.001709,0.107422,1.047119
1709294606,-0.000977,0.10083,1.046143
1709299606,0.001221,0.101074,1.050537
1709304606,-0.002441,0.109131,1.063721
1709309606,-0.008789,0.107422,1.054932
1709314606,-0.003418,0.105225,1.044434
1709319606,-0.005127,0.105469,1.034912
1709324606,0.001465,0.106201,1.047852
1709329606,-0.000732,0.105957,1.050537
1709334606,-0.002441,0.106445,1.065186
1709339606,0.001465,0.102783,1.055908
1709344606,0.006104,0.100098,1.050049
1709349606,0.005859,0.099854,1.042725
1709354606,0.000977,0.105713,1.050537
1709359606,0.006592,0.10376,1.051514
1709364606,-0.001953,0.105713,1.05127
1709369606,-0.002441,0.110596,1.053467
1709374606,-0.003174,0.104248,1.053467
1709379606,0.00293,0.102051,1.052979
1709384606,-0.004639,0.103027,1.045654
1709389606,-0.001465,0.106201,1.060303
1709394606,-0.003174,0.108643,1.048828
1709399606,0.000977,0.100342,1.052734
1709404606,-0.000244,0.099609,1.052979
1709409606,-0.000977,0.106689,1.052734
1709414606,0.004639,0.097656,1.042236
1709419606,0.017578,0.084961,1.047119
1709424606,0.001221,0.118652,1.058838
1709429606,-0.075439,0.129883,1.123535
1709434606,0.008545,0.085449,1.057617
1709439606,0.008057,0.116211,1.048828
1709444606,0.006104,0.101074,1.030273
1709449606,-0.002686,0.106445,1.051758
1709454606,-0.002686,0.103516,1.074707
1709459606,-0.007568,0.102295,1.04126
1709464606,0.005859,0.108887,1.048584
1709469606,-0.001709,0.104736,1.060791
1709474606,-0.004395,0.100342,1.053223
1709479606,0.000732,0.107178,1.042236
1709484606,-0.001221,0.102539,1.046143
1709489606,0.002686,0.101807,1.035889
1709494606,-0.008545,0.10498,1.046875
1709499606,0.008057,0.104492,1.027832
1709504606,0.003662,0.120361,1.046631
1709509606,-0.005371,0.102295,1.053467
1709514606,0.000488,0.104004,1.046875
1709519606,-0.000977,0.110596,1.051025
1709524606,0.016846,0.095947,1.044189
1709529606,-0.006836,0.101074,1.05249
1709534606,0.004395,0.10083,1.029053
1709539606,0.000732,0.104736,1.070068
1709544606,0.001953,0.11084,1.052246
1709549606,0.003418,0.112061,1.05957
1709554606,-0.002441,0.107422,1.043701
1709559606,0.003174,0.107178,1.043701
1709564606,0.000977,0.105957,1.043213
1709569606,-0.002686,0.111328,1.057861
1709574606,-0.002686,0.107422,1.058594
1709579606,0.004883,0.10376,1.052002
1709584606,-0.007568,0.105469,1.051758
1709589606,0.001953,0.105225,1.042969
1709594606,-0.01123,0.095215,1.052979
1709599606,-0.002686,0.099609,1.052734
1709604606,0.0,0.102295,1.052002
1709609606,-0.000732,0.099365,1.051025
1709614606,-0.004395,0.106689,1.048096
1709619606,0.00293,0.102539,1.049805
1709624606,-0.003418,0.110596,1.052734
1709629606,0.005371,0.108887,1.046387
1709634606,0.016602,0.113281,1.053955
1709639606,-0.016357,0.099121,1.056396
1709644606,0.000977,0.103516,1.044189
1709649606,-0.001709,0.110596,1.048096
1709654606,0.005371,0.097656,1.051758
1709659606,-0.002197,0.095947,1.05542
1709664606,0.000732,0.096924,1.041504
1709669606,0.005859,0.102539,1.046631
1709674606,-0.000977,0.099609,1.052246
1709679606,0.010986,0.098633,1.045654
1709684606,-0.008545,0.105713,1.062744
1709689606,-0.009521,0.118164,1.053955
1709694606,-0.012695,0.102295,1.03418
1709699606,-0.004639,0.107666,1.054932
1709704606,-0.013184,0.113525,1.050781
1709709606,-0.016602,0.123291,1.050537
1709714606,-0.004883,0.12207,1.046875
1709719606,-0.000244,0.092773,1.050781
1709724606,0.008789,0.103271,1.063477
1709729606,0.03418,0.080322,1.045166
1709734606,-0.001465,0.106201,1.063232
1709739606,0.016113,0.101074,1.035889
1709744606,-0.003174,0.09082,1.053711
1709749606,-0.006104,0.118408,1.051025
1709754606,-0.005859,0.116699,1.055176
1709759606,-0.010498,0.095703,1.049072
1709764606,-0.022217,0.116943,1.064941
1709769606,-0.017334,0.131836,1.066406
1709774606,-0.018799,0.119629,1.052979
1709779606,0.0,0.106934,1.037109
1709784606,-0.055908,0.126953,0.94751
1709789606,-0.04541,0.158691,0.96875
1709794606,0.121094,-0.01709,1.147949
1709799606,-0.008301,0.289307,1.044189
1709804606,0.493164,-0.031006,-1.72583
1709809606,-0.899414,0.738037,0.633301
1709814606,-0.063965,0.236328,0.888428
1709819606,-0.043213,0.143799,1.094971
1709824606,0.028564,0.064697,0.94751
1709829606,-0.063232,0.105469,1.024658
1709834606,-0.009033,0.12915,1.030762
1709839606,-0.005371,0.135742,1.085449
1709844606,0.02417,0.093262,1.066895
1709849606,0.038574,0.072266,1.020508
1709854606,0.007568,0.102783,1.047119
1709859606,-0.010498,0.114014,1.077393
1709864606,0.009033,0.102295,1.061523
1709869606,0.001953,0.104004,1.032471
1709874606,0.00293,0.109619,1.052979
1709879606,-0.001221,0.11084,1.070557
1709884606,0.005127,0.104492,1.061768
1709889606,0.017578,0.103027,1.04248
1709894606,0.004395,0.097168,1.046387
1709899606,-0.006104,0.103271,1.055664
1709904606,0.004395,0.101563,1.048584
1709909606,-0.003418,0.104004,1.058838
1709914606,-0.003662,0.099609,1.056152
1709919606,-0.004883,0.100342,1.05957
1709924606,0.000244,0.104736,1.042725
1709929606,0.010254,0.098389,1.038818
1709934606,0.009766,0.096191,1.050293
1709939606,0.005371,0.103027,1.046143
1709944606,0.001953,0.106445,1.050781
1709949606,0.005859,0.108154,1.04834
1709954606,-0.000244,0.109619,1.051025
1709959606,-0.000244,0.102051,1.050293
1709964606,0.003662,0.102783,1.047607
1709969606,0.003906,0.104004,1.053467
1709974606,0.007813,0.095215,1.051514
1709979606,0.00415,0.100098,1.055176
1709984606,-0.001221,0.099365,1.054688
1709989606,-0.004883,0.102783,1.046875
1709994606,0.001709,0.103271,1.045898
1709999606,-0.004395,0.110596,1.044189
1710004606,0.001709,0.109375,1.058594
1710009606,0.003906,0.10791,1.054688
1710014606,0.007813,0.101563,1.043945
1710019606,0.000244,0.101807,1.052246
1710024606,0.007324,0.099121,1.04834
1710029606,0.006592,0.100098,1.046631
1710034606,0.001709,0.101318,1.062012
1710039606,0.007813,0.104004,1.055908
1710044606,0.008545,0.104736,1.053711
1710049606,-0.060791,0.166016,1.064209
1710054606,0.001465,0.104248,1.081055
1710059606,0.003174,0.090332,1.02124
1710064606,0.021484,0.104492,1.057129
1710069606,0.016113,0.091553,1.033936
1710074606,-0.000732,0.102539,1.06543
1710079606,0.01123,0.116211,1.051514
1710084606,-0.009521,0.098877,1.060791
1710089606,0.004395,0.105713,1.044922
1710094606,0.012695,0.107666,1.05542
1710099606,0.009033,0.092285,1.041992
1710104606,0.005371,0.108887,1.043213
1710109606,0.000488,0.099365,1.049316
1710114606,0.006104,0.099121,1.051025
1710119606,0.006836,0.102539,1.058594
1710124606,-0.00415,0.104248,1.053467
1710129606,0.001221,0.10376,1.052734
1710134606,0.006836,0.102295,1.044189
1710139606,0.003174,0.099365,1.053955
1710144606,0.005127,0.102539,1.050537
1710149606,0.00415,0.104492,1.056885
1710154606,0.002197,0.101318,1.048096
1710159606,0.007568,0.104492,1.049561
1710164606,0.01001,0.089844,1.042725
1710169606,-0.006104,0.104248,1.05835
1710174606,0.009277,0.097168,1.049072
1710179606,0.00415,0.101074,1.054199
1710184606,0.007568,0.09375,1.042969
1710189606,0.008301,0.102539,1.040039
1710194606,0.002197,0.106445,1.046631
1710199606,0.00415,0.101807,1.046143
1710204606,-0.003174,0.104248,1.056885
1710209606,0.002197,0.0979,1.055664
1710214606,-0.000732,0.107422,1.049316
1710219606,0.003174,0.100586,1.047852
1710224606,0.008789,0.103027,1.053711
1710229606,0.009521,0.098145,1.051025
1710234606,0.020508,0.088135,1.045898
1710239606,0.010254,0.090576,1.061768
1710244606,-0.000488,0.106689,1.045898
1710249606,-0.006104,0.113281,1.055176
1710254606,-0.006348,0.10791,1.051758
1710259606,-0.005859,0.110352,1.058105
1710264606,-0.000977,0.108398,1.052246
1710269606,0.002197,0.104248,1.057861
1710274606,-0.005371,0.108887,1.053223
1710279606,-0.003906,0.109863,1.049805
1710284606,-0.002197,0.106201,1.049316
1710289606,0.013916,0.095215,1.051758
1710294606,0.015625,0.093994,1.05249
1710299606,0.022217,0.091553,1.052246
1710304606,0.013672,0.094482,1.047852
1710309606,0.006104,0.098389,1.057129
1710314606,0.005615,0.098389,1.044434
1710319606,0.007324,0.102051,1.048828
1710324606,0.000244,0.109131,1.054443
1710329606,-0.000244,0.100098,1.048584
1710334606,-0.014893,0.114014,1.047119
1710339606,-0.013916,0.12085,1.05127
1710344606,-0.007324,0.11377,1.054443
1710349606,-0.008545,0.111328,1.054443
1710354606,0.001709,0.110107,1.053955
1710359606,0.0,0.106689,1.05127
1710364606,0.001953,0.104736,1.048584
1710369606,0.005859,0.10083,1.054932
1710374606,0.003418,0.097168,1.041992
1710379606,0.029541,0.08374,1.047363
1710384606,0.00708,0.09375,1.052002
1710389606,0.012939,0.134766,1.062988
1710394606,0.00415,0.097412,1.041016
1710399606,-0.022461,0.104492,1.084961
1710404606,0.060303,0.104492,1.040771
1710409606,-0.038818,0.084473,1.084229
1710414606,0.024658,0.078369,1.043213
1710419606,0.013916,0.091064,1.027588
1710424606,-0.004395,0.131104,1.088135
1710429606,-0.002197,0.095703,1.038086
1710434606,0.031494,0.118652,1.100098
1710439606,-0.642578,0.181641,-2.245361
1710444606,0.220459,0.121582,1.854736
1710449606,-0.174805,1.150146,0.986328
1710454606,0.070557,0.148437,0.95459
1710459606,-0.033691,0.058105,1.076416
1710464606,0.121094,0.188721,0.910156
1710469606,-0.093506,0.425293,1.085693
1710474606,0.05249,0.079834,1.025635
1710479606,-0.00293,0.121094,1.123047
1710484606,0.028564,0.060303,1.0354
1710489606,-0.013184,0.129639,1.028076
1710494606,0.01001,0.096436,1.039063
1710499606,-0.005859,0.098145,1.068359
1710504606,0.019287,0.10083,1.050049
1710509606,-0.000488,0.098145,1.044434
1710514606,0.004395,0.098633,1.052734
1710519606,0.010742,0.11084,1.060059
1710524606,0.017822,0.098877,1.058105
1710529606,0.004395,0.107666,1.04541
1710534606,-0.007813,0.108643,1.049805
1710539606,0.003418,0.098145,1.043457
1710544606,0.008057,0.103516,1.045898
1710549606,0.009277,0.105469,1.062012
1710554606,0.005615,0.103516,1.06665
1710559606,0.003174,0.109863,1.048828
1710564606,0.008301,0.102783,1.048828
1710569606,0.006104,0.103027,1.040527
1710574606,-0.000732,0.102051,1.047607
1710579606,0.005371,0.098145,1.054688
1710584606,0.012939,0.09375,1.061768
1710589606,0.010498,0.099609,1.057129
1710594606,0.00708,0.108154,1.053955
1710599606,0.002441,0.107178,1.042725
1710604606,0.010742,0.100342,1.042236
1710609606,0.00708,0.105957,1.057617
1710614606,0.00708,0.109619,1.057129
1710619606,-0.008789,0.106445,1.05249
1710624606,0.016846,0.096191,1.056641
1710629606,0.008301,0.112549,1.055664
1710634606,0.00415,0.099365,1.044189
1710639606,0.00708,0.104248,1.051025
1710644606,0.006836,0.096436,1.051514
1710649606,0.003906,0.094971,1.053955
1710654606,-0.000244,0.101074,1.051758
1710659606,0.000732,0.100098,1.057129
1710664606,-0.000244,0.101318,1.052002
1710669606,0.002197,0.102295,1.046387
1710674606,0.005859,0.096436,1.04126
1710679606,0.006836,0.102783,1.047363
1710684606,0.017578,0.105713,1.05249
1710689606,0.01001,0.108887,1.055176
1710694606,0.007324,0.106689,1.050781
1710699606,0.003906,0.099365,1.055664
1710704606,0.097412,-0.009766,0.870117
1710709606,-0.019531,0.09375,0.980957
1710714606,-0.077393,0.194336,1.077881
1710719606,0.017578,0.077637,1.104004
1710724606,0.018311,0.101807,1.050781
1710729606,0.008301,0.074707,1.056396
1710734606,-0.007568,0.111084,1.014404
1710739606,-0.000488,0.103271,1.052002
1710744606,0.016113,0.095703,1.052002
1710749606,0.003906,0.106201,1.072021
1710754606,0.001221,0.104736,1.05127
1710759606,0.010254,0.103516,1.043701
1710764606,0.012451,0.105957,1.04126
1710769606,0.00415,0.109375,1.053467
1710774606,0.000488,0.104492,1.048584
1710779606,0.018066,0.094727,1.041016
1710784606,0.012207,0.102051,1.054443
1710789606,0.001221,0.097656,1.041016
1710794606,0.001465,0.107666,1.047363
1710799606,0.003662,0.098145,1.045898
1710804606,-0.00293,0.099854,1.053467
1710809606,0.007813,0.10498,1.063477
1710814606,0.00415,0.095215,1.049316
1710819606,0.007813,0.097412,1.049561
1710824606,0.002197,0.101318,1.045166
1710829606,0.010254,0.094238,1.051758
1710834606,0.001221,0.116699,1.04834
1710839606,0.018799,0.092529,1.04834
1710844606,0.003174,0.104004,1.063232
1710849606,-0.004395,0.109375,1.053223
1710854606,0.013428,0.088867,1.053467
1710859606,0.00415,0.107422,1.055176
1710864606,-0.000488,0.098389,1.05957
1710869606,0.011719,0.102783,1.050781
1710874606,0.001221,0.098389,1.054688
1710879606,0.009277,0.105469,1.054443
1710884606,0.000244,0.10376,1.053223
1710889606,-0.005615,0.098389,1.045654
1710894606,0.008789,0.099854,1.051025
1710899606,0.007324,0.086914,1.052734
1710904606,0.005127,0.104736,1.053955
1710909606,0.010254,0.104492,1.055176
1710914606,-0.004883,0.107422,1.046875
1710919606,0.013916,0.101563,1.04541
1710924606,0.002686,0.100342,1.058105
1710929606,0.005859,0.107422,1.056885
1710934606,0.005127,0.103271,1.054688
1710939606,0.00415,0.099609,1.051758
1710944606,0.00293,0.104004,1.048096
1710949606,0.006104,0.099365,1.048584
1710954606,0.00708,0.105225,1.052734
1710959606,0.006104,0.102539,1.056885
1710964606,0.008301,0.10498,1.053223
1710969606,0.005371,0.101807,1.051025
1710974606,0.001709,0.101563,1.05249
1710979606,0.004639,0.104248,1.051758
1710984606,-0.001465,0.103516,1.056885
1710989606,0.006592,0.100586,1.05542
1710994606,0.006104,0.109619,1.046387
1710999606,0.00293,0.099121,1.046631
1711004606,0.021973,0.09375,1.039795
1711009606,-0.010742,0.100098,1.060547
1711014606,0.008057,0.10376,1.049072
1711019606,0.002441,0.114502,1.059814
1711024606,0.010986,0.090576,1.04248
1711029606,0.007813,0.098389,1.04834
1711034606,0.006348,0.106934,1.047119
1711039606,0.004883,0.102539,1.051514
1711044606,0.003662,0.105957,1.048828
1711049606,0.008301,0.102783,1.051758
1711054606,0.006592,0.101563,1.051758
1711059606,0.005615,0.102783,1.046631
1711064606,0.00293,0.10083,1.049072
1711069606,0.006104,0.104248,1.052002
1711074606,0.003174,0.105469,1.050537
1711079606,0.004883,0.101807,1.055664
1711084606,0.005371,0.100586,1.048584
1711089606,0.005859,0.10083,1.049561
1711094606,0.008301,0.097168,1.050293
1711099606,0.005859,0.100586,1.053711
1711104606,0.001221,0.102783,1.057617
1711109606,0.005859,0.104492,1.049561
1711114606,0.005859,0.099854,1.050293
1711119606,0.006104,0.104736,1.051758
1711124606,0.009766,0.101318,1.050049
1711129606,0.005371,0.105469,1.054199
1711134606,0.004395,0.104004,1.052979
1711139606,0.006836,0.102539,1.049805
1711144606,0.007568,0.102783,1.049561
1711149606,0.008789,0.106445,1.056152
1711154606,0.004639,0.100586,1.050537
1711159606,0.004395,0.098633,1.051025
1711164606,0.004883,0.101807,1.046631
1711169606,0.00708,0.100098,1.053955
1711174606,0.010986,0.108154,1.060303
1711179606,0.005127,0.100586,1.051758
1711184606,0.000977,0.10376,1.051514
1711189606,0.006104,0.105469,1.048584
1711194606,0.007568,0.101074,1.052734
1711199606,0.011719,0.104248,1.047363
1711204606,0.006836,0.106934,1.049072
1711209606,0.006836,0.102295,1.060791
1711214606,0.006348,0.102295,1.044922
1711219606,0.003906,0.097412,1.048828
1711224606,0.006836,0.098877,1.050293
1711229606,0.001465,0.100342,1.058105
1711234606,0.003906,0.100098,1.052734
1711239606,0.005615,0.099854,1.051514
1711244606,0.008789,0.103271,1.04541
1711249606,0.00293,0.10083,1.058594
1711254606,0.006348,0.104004,1.04834
1711259606,0.002686,0.106201,1.054688
1711264606,0.003906,0.104736,1.051758
1711269606,0.004639,0.103027,1.045898
1711274606,0.005615,0.10083,1.048828
1711279606,0.005127,0.103516,1.055664
1711284606,0.005859,0.10083,1.053223
1711289606,0.01001,0.099854,1.043213
1711294606,0.006348,0.097656,1.053223
1711299606,0.008789,0.101807,1.052979
1711304606,0.006104,0.095703,1.049805
1711309606,0.007568,0.100586,1.04834
1711314606,0.005615,0.099609,1.051758
1711319606,0.001953,0.103271,1.052734
1711324606,0.002197,0.104248,1.049072
1711329606,0.004395,0.106445,1.051025
1711334606,0.004639,0.099609,1.054688
1711339606,0.00708,0.104004,1.056396
1711344606,0.006592,0.102783,1.054443
1711349606,0.009033,0.101318,1.048828
1711354606,0.005371,0.102539,1.046143
1711359606,0.009521,0.104736,1.052979
1711364606,0.009521,0.101074,1.049072
1711369606,0.009033,0.10083,1.050049
1711374606,0.004639,0.101563,1.050781
1711379606,0.003174,0.098633,1.050293
1711384606,0.003662,0.105225,1.053955
1711389606,0.00415,0.101074,1.051758
1711394606,0.00415,0.10376,1.049561
1711399606,0.005371,0.103027,1.052979
1711404606,0.00415,0.10376,1.050781
1711409606,0.0,0.102539,1.051758
1711414606,0.003662,0.104736,1.053223
1711419606,0.008301,0.102783,1.050781
1711424606,0.01123,0.106445,1.022949
1711429606,0.011719,0.094727,1.055908
1711434606,0.010742,0.092285,1.049561
1711439606,-0.028564,0.147461,1.032227
1711444606,0.012207,0.112061,0.998535
1711449606,0.024658,0.180176,1.281006
1711454606,0.010742,0.057617,1.063232
1711459606,0.0,0.145508,1.036621
1711464606,0.007813,0.113525,1.061523
1711469606,-0.008301,0.07666,1.039795
1711474606,0.004639,0.122314,1.037842
1711479606,0.006836,0.109131,1.050537
1711484606,-0.002197,0.084961,1.050049
1711489606,0.01001,0.115723,1.059326
1711494606,0.006104,0.115967,1.060303
1711499606,-0.003174,0.085693,1.044922
1711504606,0.006348,0.103027,1.049316
1711509606,0.009766,0.113037,1.062256
1711514606,-0.004639,0.100342,1.060059
1711519606,0.006348,0.096191,1.050781
1711524606,0.008545,0.105225,1.052734
1711529606,0.010742,0.102051,1.052246
1711534606,0.005127,0.105957,1.040283
1711539606,-0.001709,0.105713,1.051758
1711544606,0.004883,0.106689,1.051758
1711549606,0.006592,0.101807,1.055176
1711554606,0.002686,0.101807,1.053467
1711559606,0.00293,0.096191,1.047363
1711564606,0.006104,0.094971,1.053223
1711569606,0.008057,0.096924,1.045898
1711574606,0.012451,0.104492,1.057861
1711579606,0.012695,0.0979,1.046875
1711584606,0.015137,0.092041,1.05127
1711589606,0.013428,0.094971,1.052246
1711594606,0.006104,0.10498,1.047363
1711599606,-0.001709,0.103027,1.056396
1711604606,-0.007324,0.111816,1.058594
1711609606,-0.001953,0.114014,1.046875
1711614606,-0.001221,0.10498,1.058838
1711619606,-0.005615,0.110596,1.05249
1711624606,-0.013428,0.121826,1.048828
1711629606,-0.015625,0.119141,1.055908
1711634606,-0.013184,0.117432,1.051758
1711639606,-0.009766,0.114014,1.05835
1711644606,0.093994,0.017334,1.006836
1711649606,-0.016602,0.142578,1.098633
1711654606,0.006104,0.104492,1.038574
1711659606,0.000732,0.100098,1.060303
1711664606,0.008545,0.099365,1.067383
1711669606,0.018799,0.101074,1.03125
1711674606,0.01001,0.109863,1.049561
1711679606,-0.016113,0.100098,1.065186
1711684606,-0.002197,0.104248,1.041992
1711689606,0.010742,0.112793,1.052734
1711694606,0.013428,0.086914,1.04248
1711699606,-0.003418,0.092529,1.054932
1711704606,0.012451,0.114502,1.06958
1711709606,0.014404,0.093994,1.051758
1711714606,0.001709,0.099365,1.063232
1711719606,0.000488,0.105225,1.061035
1711724606,0.002197,0.109375,1.022217
1711729606,0.001465,0.100342,1.064941
1711734606,0.012695,0.096191,1.076904
1711739606,0.005615,0.098145,1.044678
1711744606,-0.000977,0.114258,1.074219
1711749606,0.013428,0.105957,1.054688
1711754606,0.003662,0.096924,1.031494
1711759606,0.011963,0.096924,1.025391
1711764606,0.005127,0.095947,1.037842
1711769606,0.005615,0.106201,1.055908
1711774606,0.002686,0.102051,1.053711
1711779606,0.010742,0.092041,1.052979
1711784606,0.014893,0.094727,1.045166
1711789606,0.007813,0.100098,1.052002
1711794606,-0.002441,0.116211,1.0625
1711799606,-0.003174,0.111816,1.056641
1711804606,0.005859,0.108887,1.054688
1711809606,0.012695,0.095947,1.045898
1711814606,0.009766,0.098877,1.051758
1711819606,0.008789,0.102295,1.052734
1711824606,0.010742,0.099121,1.04834
1711829606,0.012207,0.094971,1.044922
1711834606,0.006348,0.094727,1.047607
1711839606,0.007568,0.100342,1.054932
1711844606,-0.001221,0.109619,1.056152
1711849606,0.003174,0.108643,1.055176
1711854606,0.003662,0.104004,1.056885
1711859606,0.008789,0.102295,1.047363
1711864606,0.008789,0.101074,1.050049
1711869606,0.012451,0.103027,1.051758
1711874606,0.012207,0.101807,1.052002
1711879606,0.010742,0.097168,1.049561
1711884606,0.011963,0.102783,1.05127
1711889606,0.004639,0.104004,1.053955
1711894606,0.00415,0.102295,1.056396
1711899606,0.005859,0.106934,1.05249
1711904606,0.008789,0.10083,1.053223
1711909606,0.008789,0.097412,1.054688
1711914606,0.003418,0.102783,1.048096
1711919606,0.006348,0.099609,1.047852
1711924606,0.006592,0.101807,1.05249
1711929606,0.006348,0.102051,1.050293
1711934606,0.007813,0.10083,1.053711
1711939606,0.004883,0.100586,1.051025
1711944606,0.009521,0.101318,1.05127
1711949606,0.005615,0.101318,1.052734
1711954606,0.002686,0.101318,1.04248
1711959606,0.00708,0.101563,1.049561
1711964606,0.010498,0.104248,1.054443
1711969606,0.010986,0.103271,1.053955
1711974606,0.010498,0.098389,1.054688
1711979606,0.011963,0.104248,1.050537
1711984606,0.01001,0.10376,1.051025
1711989606,0.004883,0.100342,1.045654
1711994606,0.004395,0.101318,1.052979
1711999606,0.00708,0.102295,1.05127
1712004606,0.009033,0.099609,1.050537
1712009606,0.005615,0.099365,1.052002
1712014606,0.002686,0.099854,1.053467
1712019606,0.007813,0.10083,1.056641
1712024606,0.007568,0.10083,1.052002
1712029606,0.004883,0.098877,1.05542
1712034606,0.004639,0.10083,1.05127
1712039606,0.00708,0.100098,1.056396
1712044606,0.008301,0.104492,1.053711
1712049606,0.009277,0.099121,1.050781
1712054606,0.008057,0.101807,1.051025
1712059606,0.010742,0.099365,1.048096
1712064606,0.009766,0.102295,1.054199
1712069606,0.005127,0.102783,1.049561
1712074606,0.004883,0.099121,1.049072
1712079606,0.001953,0.104736,1.054688
1712084606,0.002441,0.101318,1.054688
1712089606,0.007568,0.101074,1.050781
1712094606,0.006348,0.104736,1.04834
1712099606,0.006592,0.099609,1.049805
1712104606,0.01123,0.10083,1.051758
1712109606,0.006104,0.101807,1.055176
1712114606,0.005127,0.10083,1.055908
1712119606,0.005371,0.099854,1.047852
1712124606,0.009277,0.102539,1.041016
1712129606,0.010986,0.102051,1.052979
1712134606,0.009033,0.102783,1.052979
1712139606,0.006104,0.105713,1.047363
1712144606,0.004883,0.101563,1.046875
1712149606,0.008057,0.101318,1.046143
1712154606,0.005127,0.101807,1.049561
1712159606,0.005859,0.102295,1.049316
1712164606,0.003906,0.104004,1.05127
1712169606,0.004883,0.099609,1.051758
1712174606,0.007324,0.103027,1.048828
1712179606,0.009277,0.098633,1.049316
1712184606,0.008057,0.099609,1.053711
1712189606,0.008057,0.106934,1.051514
1712194606,0.00708,0.105225,1.056152
1712199606,0.006348,0.105225,1.05835
1712204606,0.008057,0.102295,1.047363
1712209606,0.003418,0.102783,1.048828
1712214606,0.004639,0.101318,1.048584
1712219606,0.00415,0.104248,1.054199
1712224606,0.010254,0.098877,1.053467
1712229606,0.009521,0.099365,1.053223
1712234606,0.006836,0.099365,1.055664
1712239606,0.004883,0.099121,1.054932
1712244606,0.000244,0.102051,1.047363
1712249606,0.005859,0.106201,1.063965
1712254606,0.008301,0.107422,1.055664
1712259606,0.005615,0.105713,1.051025
1712264606,0.006104,0.105957,1.049072
1712269606,0.009277,0.108887,1.05127
1712274606,0.012939,0.103027,1.048828
1712279606,0.001465,0.109131,1.063721
1712284606,0.008301,0.104736,1.053467
1712289606,0.006836,0.090576,1.046387
1712294606,0.006592,0.099121,1.038086
1712299606,0.007324,0.098145,1.05127
1712304606,0.003418,0.101807,1.057373
1712309606,0.00293,0.102295,1.056641
1712314606,0.005371,0.098633,1.054199
1712319606,0.003418,0.101318,1.052002
1712324606,0.006104,0.096191,1.041504
1712329606,0.006836,0.10498,1.052734
1712334606,0.005127,0.104736,1.059082
1712339606,0.009521,0.104736,1.060791
1712344606,0.005615,0.104004,1.050049
1712349606,0.009277,0.102051,1.041504
1712354606,0.009766,0.100586,1.046387
1712359606,0.010742,0.10498,1.055908
1712364606,0.008057,0.099854,1.053955
1712369606,0.006592,0.100342,1.047119
1712374606,0.005859,0.101563,1.052734
1712379606,0.004639,0.097412,1.042725
1712384606,0.006592,0.098145,1.052246
1712389606,0.006836,0.10498,1.057373
1712394606,0.000732,0.106445,1.060059
1712399606,0.005127,0.101563,1.052734
1712404606,0.004395,0.099609,1.051025
1712409606,0.00708,0.101074,1.046875
1712414606,0.003418,0.102295,1.060059
1712419606,0.007568,0.101807,1.050293
1712424606,0.013184,0.0979,1.05249
1712429606,0.011475,0.103027,1.050781
1712434606,0.010742,0.096436,1.049805
1712439606,0.008057,0.105713,1.045654
1712444606,0.007324,0.105469,1.050537
1712449606,0.012207,0.100342,1.057129
1712454606,0.008301,0.09668,1.048096
1712459606,0.009033,0.097656,1.048584
1712464606,0.002441,0.105225,1.053467
1712469606,0.001465,0.100342,1.054199
1712474606,0.00293,0.099609,1.052979
1712479606,0.009277,0.096924,1.05249
1712484606,0.008301,0.105469,1.05542
1712489606,0.006836,0.102295,1.049561
1712494606,0.010498,0.101318,1.044434
1712499606,0.009766,0.100098,1.054199
1712504606,0.005859,0.102051,1.057861
1712509606,0.008789,0.105957,1.045654
1712514606,0.008789,0.104004,1.057861
1712519606,0.007324,0.102539,1.053223
1712524606,0.004639,0.102783,1.050781
1712529606,0.007324,0.10376,1.054199
1712534606,0.006836,0.103027,1.052734
1712539606,0.00708,0.10083,1.049316
1712544606,0.005127,0.098389,1.050781
1712549606,0.007324,0.104248,1.048584
1712554606,0.003418,0.097168,1.055908
1712559606,0.004639,0.100098,1.052246
1712564606,0.005127,0.102295,1.051514
1712569606,0.009277,0.101318,1.050537
1712574606,0.008545,0.104736,1.05542
1712579606,0.006836,0.104492,1.056641
1712584606,0.008545,0.103271,1.051514
1712589606,0.008789,0.102539,1.048828
1712594606,0.003662,0.108398,1.054199
1712599606,0.006836,0.104492,1.050537
1712604606,0.009766,0.102539,1.048584
1712609606,0.002686,0.101074,1.054932
1712614606,0.00415,0.101807,1.049072
1712619606,0.005615,0.100342,1.052002
1712624606,0.008301,0.102539,1.053955
1712629606,0.006592,0.099365,1.047607
1712634606,0.005127,0.099609,1.049316
1712639606,0.008057,0.101563,1.050537
1712644606,0.010742,0.105469,1.052002
1712649606,0.009277,0.104004,1.053955
1712654606,0.006836,0.103271,1.051514
1712659606,0.003906,0.105225,1.047852
1712664606,0.005371,0.104248,1.051758
1712669606,0.005859,0.104004,1.052734
1712674606,0.006836,0.101807,1.055908
1712679606,0.00415,0.102295,1.056152
1712684606,0.006592,0.100586,1.050049
1712689606,0.00415,0.099854,1.049805
1712694606,0.007813,0.097656,1.049561
1712699606,0.006104,0.095703,1.048828
1712704606,0.006104,0.100586,1.048096
1712709606,0.00708,0.099121,1.055908
1712714606,0.008057,0.10376,1.04834
1712719606,0.005615,0.102539,1.050293
1712724606,0.004395,0.101807,1.047852
1712729606,0.006348,0.10083,1.051758
1712734606,0.009033,0.10083,1.051514
1712739606,0.005127,0.101807,1.053223
1712744606,0.009521,0.102295,1.048584
1712749606,0.009521,0.102539,1.053467
1712754606,0.010742,0.098877,1.049561
1712759606,0.005615,0.100098,1.049316
1712764606,0.010254,0.099609,1.051514
1712769606,0.003174,0.101074,1.046631
1712774606,0.007324,0.102295,1.058105
1712779606,0.008057,0.102783,1.057617
1712784606,0.004883,0.098389,1.050049
1712789606,0.008789,0.10376,1.050537
1712794606,0.008057,0.101563,1.050293
1712799606,0.006592,0.099121,1.056885
1712804606,0.008057,0.101807,1.052734
1712809606,0.009521,0.105225,1.058838
1712814606,0.008057,0.102051,1.052002
1712819606,0.009033,0.098877,1.053467
1712824606,0.003906,0.102783,1.049316
1712829606,0.00293,0.101074,1.056152
1712834606,0.009033,0.100342,1.045898
1712839606,0.006836,0.100586,1.048584
1712844606,0.004395,0.098389,1.050049
1712849606,0.005859,0.100342,1.053711
1712854606,0.009277,0.101318,1.056152
1712859606,0.006104,0.099121,1.046631
1712864606,0.005615,0.101074,1.052734
1712869606,0.003662,0.102783,1.057373
1712874606,0.005371,0.102783,1.05127
1712879606,0.006104,0.102295,1.043701
1712884606,0.008301,0.101807,1.052979
1712889606,0.009766,0.099121,1.053955
1712894606,0.007324,0.099854,1.050049
1712899606,0.006836,0.098389,1.04541
1712904606,0.007568,0.103027,1.049805
1712909606,0.012939,0.099609,1.044922
1712914606,0.006348,0.101318,1.054932
1712919606,-2.395752,0.003662,3.999878
1712924606,-1.349609,-2.564941,-4.0
1712929606,-1.324951,0.977539,-1.144775
1712934606,-1.337158,2.236572,-3.800049
1712939606,-0.77832,0.261475,0.246582
1712944606,-0.712402,2.143799,-3.672363
1712949606,-1.634033,1.884033,-2.488037
1712954606,-2.466309,0.104736,-0.87207
1712959606,-1.326416,0.515625,0.813477
1712964606,-0.358398,0.150391,1.159424
1712969606,-0.219971,0.418701,1.150635
1712974606,-0.064941,0.135986,1.155273
1712979606,0.087891,0.07373,1.064697
1712984606,0.030762,0.016113,0.9646
1712989606,0.010498,0.106689,1.018799
1712994606,0.005371,0.094971,1.010742
1712999606,-1.919189,0.587158,-4.0
1713004606,0.638184,2.013184,-1.15625
1713009606,-1.204346,0.58252,1.157715
1713014606,-0.825684,0.357666,1.44458
1713019606,-0.123291,0.238037,1.66748
1713024606,0.106934,1.668457,1.687744
1713029606,0.063965,0.06958,0.773926
1713034606,-0.00415,0.204102,0.736572
1713039606,0.083252,0.016357,0.644531
1713044606,0.119385,-0.045654,1.106201
1713049606,-0.860352,0.776367,-3.084717
1713054606,-1.797607,1.154785,-2.302002
1713059606,-1.446289,0.204346,-2.244873
1713064606,-1.125977,0.236328,1.204102
1713069606,-1.121094,0.213379,0.90918
1713074606,-0.147949,0.206543,0.937744
1713079606,-0.061279,0.124268,1.417236
1713084606,-0.713867,0.974365,-1.791504
1713089606,-1.754883,0.875732,-4.0
1713094606,-0.121094,1.413574,-3.193115
1713099606,-2.648682,0.534668,0.089111
1713104606,-0.988525,1.114014,1.012207
1713109606,-0.459229,0.4104,-4.0
1713114606,-1.321045,-0.403076,0.775635
1713119606,-0.03125,0.692871,1.029053
1713124606,-0.871582,1.078125,1.509521
1713129606,-0.07251,1.194336,1.329102
1713134606,-0.279785,0.405029,1.076172
1713139606,-0.216553,2.196777,0.968506
1713144606,-0.112305,1.178223,0.862793
1713149606,0.035889,0.283203,1.210205
1713154606,0.064453,1.970703,1.359131
1713159606,0.030518,0.448242,1.013428
1713164606,-0.108887,0.175781,0.912109
1713169606,0.006104,0.151855,0.950195
1713174606,-0.019775,0.107178,1.050049
1713179606,0.073975,0.110107,1.24585
1713184606,0.019531,0.075439,1.04541
1713189606,-0.01123,0.129639,1.03833
1713194606,-0.011719,0.147461,1.012939
1713199606,0.008789,0.069092,1.067871
1713204606,-0.058594,0.073486,0.887939
1713209606,0.010986,0.124512,1.205566
1713214606,0.005859,0.098633,1.101807
1713219606,-0.019043,0.098633,1.059814
1713224606,0.015381,0.11792,1.021484
1713229606,-0.015381,0.0979,1.005127
1713234606,-0.009521,0.100586,1.05249
1713239606,0.01001,0.110596,1.071777
1713244606,-0.003174,0.076904,1.043213
1713249606,0.007813,0.080811,1.100342
1713254606,0.004395,0.12207,1.102051
1713259606,-0.008057,0.108643,1.024658
1713264606,-0.018555,0.098633,1.041992
1713269606,0.019287,0.106445,1.052002
1713274606,-0.012451,0.099121,1.02124
1713279606,-0.01001,0.093262,1.066162
1713284606,0.021484,0.100098,1.096191
1713289606,-0.013672,0.097168,1.028564
1713294606,-0.02124,0.09668,1.05835
1713299606,-0.011475,0.11499,1.037598
1713304606,-0.00708,0.119873,0.98999
1713309606,-0.00415,0.094482,1.064453
1713314606,0.000977,0.096436,1.072021
1713319606,-0.002197,0.103271,1.040039
1713324606,-0.016113,0.098633,1.041504
1713329606,0.009033,0.106201,1.073975
1713334606,-0.002197,0.099365,1.016113
1713339606,-0.02832,0.090332,1.006104
1713344606,0.000732,0.105713,1.059082
1713349606,0.004883,0.105957,1.061523
1713354606,-0.018066,0.091553,1.044678
1713359606,0.012207,0.098877,1.06958
1713364606,0.005127,0.109131,1.052246
1713369606,-0.020508,0.104492,1.023438
1713374606,0.008789,0.102051,1.063721
1713379606,-0.013428,0.104492,1.058594
1713384606,-0.015137,0.102051,1.035645
1713389606,0.001465,0.100098,1.07251
1713394606,0.002686,0.102539,1.068115
1713399606,-0.01123,0.097412,1.05542
1713404606,0.004395,0.104736,1.049316
1713409606,-0.004395,0.103271,1.042969
1713414606,-0.013428,0.08667,1.034424
1713419606,0.000732,0.096191,1.049072
1713424606,-0.004395,0.106201,1.068115
1713429606,-0.007568,0.100098,1.056152
1713434606,0.001465,0.102783,1.05249
1713439606,-0.01001,0.103516,1.031006
1713444606,-0.006104,0.097168,1.040283
1713449606,-0.003662,0.098389,1.056152
1713454606,-0.00415,0.101563,1.062256
1713459606,-0.008545,0.099609,1.059814
1713464606,-0.002197,0.106201,1.067383
1713469606,-0.014648,0.106201,1.028564
1713474606,-0.002686,0.100098,1.047607
1713479606,0.000488,0.100586,1.045898
1713484606,-0.007813,0.0979,1.058594
1713489606,0.000732,0.103271,1.049805
1713494606,0.003662,0.101563,1.063477
1713499606,-0.009277,0.110596,1.049072
1713504606,0.001221,0.095703,1.052246
1713509606,-0.005615,0.101563,1.03125
1713514606,-0.010498,0.101318,1.050781
1713519606,-0.004639,0.100342,1.050293
1713524606,-0.004883,0.102051,1.056396
1713529606,-0.013184,0.098389,1.048828
1713534606,0.027588,0.07959,1.135986
1713539606,-0.010254,0.122559,1.140625
1713544606,-0.008057,0.093018,1.037354
1713549606,-0.010986,0.126953,1.035889
1713554606,-0.006592,0.108154,1.01001
1713559606,-0.005615,0.098389,1.003906
1713564606,-0.002686,0.077148,1.064941
1713569606,0.011719,0.121582,1.063721
1713574606,-0.015381,0.081299,1.050537
1713579606,0.014648,0.101318,1.077637
1713584606,-0.000977,0.102539,1.04126
1713589606,-0.00708,0.096436,1.031494
1713594606,0.005859,0.10083,1.075684
1713599606,-0.00415,0.099609,1.05249
1713604606,-0.014404,0.095703,1.039551
1713609606,-0.001953,0.09668,1.069336
1713614606,-0.012695,0.099609,1.045898
1713619606,-0.011475,0.095703,1.034424
1713624606,0.005859,0.111572,1.032959
1713629606,-0.008057,0.098633,1.063477
1713634606,-0.00708,0.099854,1.06665
1713639606,0.012207,0.105225,1.058594
1713644606,-0.002686,0.096436,1.045654
1713649606,-0.001709,0.096924,1.038574
1713654606,-0.001465,0.101318,1.055908
1713659606,0.002686,0.102051,1.052979
1713664606,0.002441,0.092529,1.064941
1713669606,-0.003906,0.102051,1.057617
1713674606,-0.011475,0.104736,1.047363
1713679606,-0.005371,0.104248,1.05542
1713684606,-0.005615,0.107178,1.059082
1713689606,-0.005371,0.097168,1.055664
1713694606,-0.00293,0.100342,1.061279
1713699606,-0.007813,0.101563,1.034912
1713704606,-0.002197,0.09668,1.033691
1713709606,0.001953,0.108154,1.064697
1713714606,0.006592,0.100586,1.048828
1713719606,-0.007813,0.104736,1.046143
1713724606,-0.000732,0.106934,1.053955
1713729606,0.001709,0.098145,1.047119
1713734606,-0.000244,0.099365,1.041992
1713739606,0.016846,0.095947,1.047119
1713744606,-0.000488,0.083252,1.060303
1713749606,-0.007568,0.107178,1.045654
1713754606,-0.005859,0.105713,1.046875
1713759606,-0.003418,0.098145,1.046387
1713764606,-0.009277,0.101807,1.05835
1713769606,-0.009766,0.10083,1.054199
1713774606,-0.006348,0.107666,1.052246
1713779606,-0.00708,0.096191,1.046143
1713784606,-0.00293,0.098633,1.056641
1713789606,-0.001709,0.110107,1.049805
1713794606,-0.008789,0.105225,1.053955
1713799606,-0.005615,0.108398,1.064453
1713804606,-0.005859,0.11084,1.046875
1713809606,0.004883,0.086914,1.043701
1713814606,-0.01001,0.09668,1.060791
1713819606,0.000244,0.105713,1.049561
1713824606,0.000244,0.099609,1.061768
1713829606,-0.003174,0.101563,1.053955
1713834606,-0.005371,0.106201,1.049072
1713839606,-0.008789,0.094482,1.046387
1713844606,-0.000977,0.103027,1.051025
1713849606,-0.000244,0.101074,1.050293
1713854606,-0.003174,0.103027,1.056396
1713859606,0.005615,0.103271,1.054443
1713864606,-0.002441,0.105713,1.042236
1713869606,-0.00415,0.080078,1.051758
1713874606,0.001709,0.10498,1.049316
1713879606,-0.000732,0.110352,1.056152
1713884606,-0.003906,0.091064,1.047363
1713889606,0.000244,0.107666,1.062012
1713894606,-0.008545,0.104736,1.046143
1713899606,-0.001221,0.096924,1.044434
1713904606,0.00293,0.104248,1.051758
1713909606,-0.007568,0.095703,1.058838
1713914606,-0.002686,0.106934,1.061523
1713919606,-0.001953,0.102051,1.057129
1713924606,0.003174,0.092773,1.052002
1713929606,-0.010254,0.105713,1.04126
1713934606,-0.005615,0.102295,1.059326
1713939606,0.005615,0.10083,1.078613
1713944606,0.00415,0.09668,1.047852
1713949606,-0.003418,0.099121,1.036621
1713954606,0.006104,0.101318,1.041748
1713959606,-0.003906,0.103516,1.044678
1713964606,-0.003174,0.104736,1.057617
1713969606,-0.001221,0.10083,1.053223
1713974606,0.000244,0.102783,1.047363
1713979606,-0.003174,0.102051,1.052734
1713984606,-0.005615,0.101563,1.049072
1713989606,-0.001709,0.098633,1.050537
1713994606,0.00293,0.10083,1.05542
1713999606,0.001221,0.100098,1.054688
1714004606,-0.001709,0.096191,1.053955
1714009606,-0.003174,0.098877,1.05127
1714014606,-0.006104,0.102295,1.051514
1714019606,0.001709,0.102783,1.043457
1714024606,-0.001709,0.102295,1.06665
1714029606,0.000244,0.104736,1.047119
1714034606,-0.000977,0.100098,1.057617
1714039606,0.003174,0.103516,1.040283
1714044606,-0.008301,0.10498,1.035645
1714049606,0.001221,0.093994,1.054688
1714054606,-0.011963,0.111328,1.051025
1714059606,-0.000732,0.098877,1.062256
1714064606,-0.000244,0.100586,1.047852
1714069606,-0.004883,0.101807,1.055664
1714074606,-0.000488,0.09668,1.042236
1714079606,-0.003174,0.099121,1.041992
1714084606,0.0,0.098145,1.054932
1714089606,0.00293,0.099365,1.050293
1714094606,-0.000977,0.098877,1.050781
1714099606,-0.001953,0.104248,1.047363
1714104606,-0.003418,0.102783,1.050293
1714109606,-0.002197,0.102539,1.05127
1714114606,-0.002197,0.104004,1.057617
1714119606,-0.005371,0.103516,1.04834
1714124606,-0.000732,0.102295,1.055908
1714129606,-0.001953,0.098877,1.044189
1714134606,-0.001709,0.099609,1.053955
1714139606,-0.005127,0.0979,1.054443
1714144606,0.000244,0.102051,1.05249
1714149606,-0.003662,0.099609,1.054688
1714154606,-0.001465,0.100342,1.053467
1714159606,-0.00293,0.096436,1.037109
1714164606,0.0,0.100342,1.054932
1714169606,0.002197,0.104004,1.051514
1714174606,0.001465,0.098389,1.051758
1714179606,-0.001709,0.096191,1.04541
1714184606,-0.007568,0.103516,1.046875
1714189606,-0.000977,0.098145,1.050049
1714194606,-0.001953,0.105713,1.053467
1714199606,-0.00415,0.10498,1.057617
1714204606,-0.001953,0.100098,1.044678
1714209606,-0.000732,0.096191,1.048828
1714214606,-0.000977,0.0979,1.052979
1714219606,-0.005859,0.103271,1.054199
1714224606,-0.001465,0.099121,1.055176
1714229606,-0.000244,0.096436,1.048584
1714234606,-0.000732,0.098877,1.047852
1714239606,0.001465,0.0979,1.047852
1714244606,-0.001709,0.103027,1.052246
1714249606,-0.003906,0.102539,1.062012
1714254606,-0.001709,0.104736,1.056641
1714259606,-0.001953,0.103027,1.049072
1714264606,-0.007813,0.099854,1.04126
1714269606,-0.004639,0.104248,1.055664
1714274606,-0.004883,0.102783,1.053467
1714279606,-0.003906,0.103271,1.059814
1714284606,-0.002441,0.099854,1.045898
1714289606,-0.00415,0.101318,1.045898
1714294606,0.003418,0.100098,1.047607
1714299606,-0.001465,0.105225,1.046387
1714304606,-0.002441,0.10376,1.054688
1714309606,-0.002441,0.106934,1.05835
1714314606,-0.000488,0.105225,1.046387
1714319606,0.0,0.100342,1.044922
1714324606,0.002441,0.099121,1.05249
1714329606,-0.002441,0.102051,1.060791
1714334606,-0.004395,0.100098,1.060059
1714339606,0.000977,0.099609,1.052002
1714344606,0.000732,0.099609,1.052002
1714349606,-0.001221,0.095215,1.046143
1714354606,-0.003418,0.103516,1.056641
1714359606,-0.001953,0.097412,1.052246
1714364606,-0.00415,0.098633,1.050537
1714369606,-0.001953,0.098877,1.050049
1714374606,-0.000244,0.100342,1.050781
1714379606,0.000488,0.102539,1.049316
1714384606,-0.002441,0.105225,1.049072
1714389606,-0.001465,0.104004,1.059326
1714394606,-0.003418,0.106445,1.049805
1714399606,-0.003174,0.102295,1.053467
1714404606,-0.00415,0.098877,1.057129
1714409606,-0.001465,0.097412,1.038818
1714414606,-0.00293,0.101807,1.054443
1714419606,-0.000488,0.102539,1.055176
1714424606,-0.000977,0.098633,1.053711
1714429606,-0.00415,0.099365,1.055176
1714434606,-0.004883,0.099365,1.050293
1714439606,0.0,0.101807,1.052246
1714444606,-0.003174,0.104004,1.054932
1714449606,-0.001465,0.102295,1.054688
1714454606,-0.001709,0.102783,1.050781
1714459606,0.001465,0.104736,1.048828
1714464606,-0.003418,0.100098,1.045166
1714469606,-0.002686,0.099854,1.046875
1714474606,-0.000488,0.097168,1.057861
1714479606,-0.003174,0.101318,1.050293
1714484606,-0.006104,0.099609,1.053467
1714489606,-0.003174,0.097412,1.045654
1714494606,-0.001465,0.096924,1.045654
1714499606,-0.000732,0.096924,1.054932
1714504606,-0.003906,0.102051,1.052002
1714509606,-0.005615,0.099365,1.047363
1714514606,0.002197,0.098145,1.047852
1714519606,-0.002441,0.102051,1.050293
1714524606,-0.002686,0.100098,1.05249
1714529606,-0.002686,0.10498,1.050537
1714534606,0.000488,0.10083,1.05542
1714539606,-0.000488,0.099854,1.042236
1714544606,-0.003906,0.0979,1.05249
1714549606,0.003174,0.104492,1.053223
1714554606,-0.006348,0.10083,1.046875
1714559606,-0.001953,0.104004,1.054443
1714564606,0.000244,0.101074,1.054443
1714569606,-0.005127,0.102539,1.052246
1714574606,-0.003174,0.102051,1.05127
1714579606,-0.002441,0.100098,1.052734
1714584606,-0.001709,0.104492,1.054199
1714589606,-0.00293,0.101074,1.047852
1714594606,-0.000977,0.100342,1.051514
1714599606,-0.00415,0.099365,1.049561
1714604606,-0.001709,0.10083,1.050049
1714609606,0.000977,0.0979,1.052734
1714614606,0.002197,0.100098,1.05249
1714619606,0.003418,0.100098,1.054688
1714624606,-0.002686,0.098633,1.049072
1714629606,-0.003174,0.10083,1.053955
1714634606,-0.000732,0.098877,1.049316
1714639606,-0.005127,0.102051,1.059326
1714644606,-0.001709,0.099365,1.050293
1714649606,-0.000488,0.100098,1.05249
1714654606,-0.001709,0.098389,1.048584
1714659606,-0.00293,0.10376,1.046631
1714664606,-0.001221,0.098145,1.050537
1714669606,-0.003906,0.101563,1.052246
1714674606,-0.00415,0.104492,1.046875
1714679606,0.000732,0.098877,1.050781
1714684606,-0.000488,0.099365,1.046631
1714689606,-0.001221,0.100098,1.041992
1714694606,-0.003662,0.100342,1.048828
1714699606,-0.003906,0.099609,1.050293
1714704606,0.001221,0.102051,1.053711
1714709606,0.001221,0.102783,1.050781
1714714606,-0.003906,0.098633,1.05835
1714719606,-0.000244,0.099121,1.052002
1714724606,-0.005859,0.103516,1.045654
1714729606,-0.000732,0.097656,1.055664
1714734606,0.000977,0.100342,1.052246
1714739606,0.000244,0.101807,1.048828
1714744606,-0.006348,0.096436,1.050537
1714749606,0.000244,0.102539,1.046631
1714754606,-0.004883,0.095703,1.051758
1714759606,-0.00293,0.096436,1.05249
1714764606,-0.004883,0.101318,1.05127
1714769606,-0.004395,0.102051,1.054199
1714774606,-0.00415,0.099365,1.050049
1714779606,-0.001953,0.101807,1.055664
1714784606,-0.000732,0.100098,1.046143
1714789606,-0.004639,0.101074,1.056641
1714794606,-0.00293,0.099854,1.056152
1714799606,-0.002441,0.099854,1.050537
1714804606,-0.004883,0.099121,1.051514
1714809606,-0.005615,0.098877,1.047607
1714814606,-0.006348,0.100098,1.051514
1714819606,-0.004639,0.098633,1.056152
1714824606,-0.000244,0.099609,1.047852
1714829606,-0.008789,0.098145,1.05542
1714834606,-0.005127,0.101807,1.045654
1714839606,-0.00293,0.10083,1.049561
1714844606,-0.001709,0.101807,1.046875
1714849606,-0.000732,0.095703,1.049805
1714854606,-0.001709,0.103027,1.051514
1714859606,0.001221,0.100586,1.055908
1714864606,-0.001221,0.0979,1.047363
1714869606,-0.003662,0.101074,1.051025
1714874606,-0.005127,0.099121,1.053467
1714879606,0.000488,0.099609,1.052246
1714884606,-0.003418,0.102539,1.050781
1714889606,-0.003418,0.104004,1.049561
1714894606,-0.003174,0.100342,1.053223
1714899606,0.000488,0.099854,1.05249
1714904606,-0.00415,0.10083,1.056396
1714909606,-0.008545,0.098877,1.050049
1714914606,-0.006836,0.097656,1.056396
1714919606,0.000732,0.099854,1.053955
1714924606,-0.005615,0.101318,1.05249
1714929606,-0.00293,0.100342,1.050293
1714934606,-0.002197,0.098877,1.054443
1714939606,-0.005615,0.10083,1.04834
1714944606,-0.001953,0.10083,1.051025
1714949606,0.003662,0.097412,1.05542
1714954606,-0.000488,0.101318,1.054199
1714959606,-0.001465,0.099121,1.050781
1714964606,-0.000488,0.100586,1.056641
1714969606,-0.003662,0.102783,1.050049
1714974606,-0.001465,0.099609,1.048828
1714979606,-0.001709,0.099854,1.052979
1714984606,0.001465,0.101318,1.044434
1714989606,-0.000244,0.097656,1.044922
1714994606,-0.001465,0.099365,1.051025
1714999606,-0.004395,0.101563,1.052734
1715004606,-0.001709,0.101563,1.055664
1715009606,-0.002441,0.0979,1.05249
1715014606,-0.004395,0.098389,1.053223
1715019606,-0.007324,0.100098,1.047852
1715024606,-0.003906,0.101318,1.055664
1715029606,-0.003174,0.104004,1.05127
1715034606,-0.00415,0.100098,1.052734
1715039606,-0.002686,0.0979,1.050537
1715044606,-0.005371,0.101074,1.05127
1715049606,-0.001709,0.102783,1.047852
1715054606,-0.00415,0.097168,1.047607
1715059606,0.001709,0.101563,1.059326
1715064606,-0.000977,0.099609,1.036621
1715069606,-0.00293,0.101318,1.056641
1715074606,-0.000732,0.105225,1.052246
1715079606,0.0,0.105469,1.060547
1715084606,0.00293,0.09668,1.054443
1715089606,0.000977,0.098877,1.048584
1715094606,-0.003906,0.095459,1.048096
