timestamp_us,x_g,y_g,z_g
4289374617,0.163574,0.229248,1.009521
4289379617,0.162109,0.232422,1.015625
4289384617,0.164795,0.227783,1.010742
4289389617,0.161377,0.227783,1.012451
4289394617,0.160889,0.237061,1.013672
4289399617,0.163574,0.232666,1.011963
4289404617,0.157959,0.232422,1.01123
4289409617,0.158936,0.234863,1.016357
4289414617,0.157959,0.233643,1.01416
4289419617,0.154053,0.233887,1.00415
4289424617,0.157471,0.231689,1.009521
4289429617,0.158203,0.229492,1.01001
4289434617,0.155273,0.229736,1.012207
4289439617,0.156494,0.231201,1.018311
4289444617,0.156738,0.229248,1.009033
4289449617,0.156738,0.228027,1.01001
4289454617,0.1604,0.230469,1.015137
4289459617,0.160156,0.229248,1.007568
4289464617,0.1604,0.233887,1.012451
4289469617,0.157471,0.232178,1.008057
4289474617,0.159912,0.236084,1.012695
4289479617,0.163574,0.232178,1.011719
4289484617,0.161621,0.234131,1.008545
4289489617,0.158447,0.23291,1.010742
4289494617,0.158447,0.231201,1.009277
4289499617,0.15918,0.230713,1.013672
4289504617,0.156982,0.233154,1.01123
4289509617,0.157227,0.227539,1.010498
4289514617,0.156006,0.230957,1.01416
4289519617,0.160156,0.227295,1.015869
4289524617,0.161377,0.229736,1.006592
4289529617,0.158447,0.230713,1.006592
4289534617,0.158447,0.230225,1.008057
4289539617,0.156494,0.231445,1.006348
4289544617,0.158691,0.233398,1.009033
4289549617,0.156006,0.229248,1.010498
4289554617,0.159912,0.230469,1.005859
4289559617,0.157959,0.231689,1.009033
4289564617,0.156494,0.226807,1.007568
4289569617,0.156738,0.22998,1.004883
4289574617,0.157471,0.231201,1.010986
4289579617,0.15625,0.227295,1.008057
4289584617,0.156738,0.229004,1.012695
4289589617,0.157715,0.227539,1.011719
4289594617,0.156494,0.22998,1.010986
4289599617,0.1604,0.233643,1.010986
4289604617,0.155518,0.230469,1.011963
4289609617,0.159424,0.234863,1.004639
4289614617,0.155762,0.232422,1.012451
4289619617,0.15918,0.232178,1.008057
4289624617,0.159424,0.230225,1.010254
4289629617,0.156494,0.232178,1.017334
4289634617,0.157959,0.230713,1.009033
4289639617,0.156006,0.232422,1.006104
4289644617,0.156738,0.229248,1.008545
4289649617,0.157471,0.225586,1.01416
4289654617,0.15918,0.229492,1.012451
4289659617,0.156738,0.227051,1.016357
4289664617,0.156738,0.231689,1.005859
4289669617,0.157227,0.230469,1.005127
4289674617,0.156494,0.231201,1.007813
4289679617,0.157471,0.22998,1.010498
4289684617,0.155029,0.235107,1.01001
4289689617,0.161621,0.230713,1.013916
4289694617,0.161377,0.230957,1.005371
4289699617,0.158691,0.235107,1.015869
4289704617,0.152832,0.232666,1.010742
4289709617,0.156738,0.22998,1.011963
4289714617,0.159668,0.229736,1.014893
4289719617,0.156494,0.227051,1.012939
4289724617,0.15625,0.225586,1.008057
4289729617,0.162598,0.230225,1.010498
4289734617,0.154541,0.232178,1.010254
4289739617,0.156738,0.228271,1.009766
4289744617,0.158691,0.22583,1.009033
4289749617,0.158691,0.229492,1.014404
4289754617,0.158203,0.235352,1.015625
4289759617,0.160156,0.230225,1.009521
4289764617,0.159912,0.231934,1.01416
4289769617,0.157471,0.23291,1.010742
4289774617,0.158447,0.232422,1.008789
4289779617,0.160156,0.230713,1.01416
4289784617,0.158447,0.230957,1.014893
4289789617,0.15625,0.228516,1.008301
4289794617,0.157715,0.228516,1.006104
4289799617,0.157471,0.227051,1.015869
4289804617,0.157227,0.232422,1.009521
4289809617,0.153564,0.227051,1.004639
4289814617,0.158203,0.229004,1.009766
4289819617,0.157227,0.230225,1.009521
4289824617,0.160889,0.231934,1.013672
4289829617,0.162109,0.229736,1.006592
4289834617,0.156494,0.226562,1.013916
4289839617,0.154785,0.226074,1.006836
4289844617,0.155273,0.229248,1.011475
4289849617,0.159668,0.228271,1.01416
4289854617,0.155273,0.227295,1.005127
4289859617,0.159912,0.230469,1.01001
4289864617,0.156006,0.230713,1.010742
4289869617,0.156006,0.227295,1.007813
4289874617,0.157227,0.227295,1.010498
4289879617,0.160645,0.22998,1.012451
4292394617,0.1521,0.22998,1.010742
4292399617,0.151367,0.234131,1.01416
4292404617,0.153076,0.231445,1.006592
4292409617,0.154297,0.221924,1.003418
4292414617,0.1521,0.219482,1.004883
4292419617,0.157227,0.221924,1.010254
4292424617,0.152344,0.230957,1.010986
4292429617,0.1521,0.238281,1.012695
4292434617,0.152832,0.236572,1.013916
4292439617,0.158203,0.230225,1.012207
4292444617,0.156494,0.228027,1.01001
4292449617,0.15625,0.225342,1.001953
4292454617,0.15332,0.223633,1.008057
4292459617,0.155029,0.229248,1.005127
4292464617,0.154053,0.227295,1.01709
4292469617,0.157715,0.225342,1.009277
4292474617,0.154297,0.223389,1.007324
4292479617,0.154297,0.227051,1.006348
4292484617,0.154053,0.224854,1.013672
4292489617,0.151123,0.234863,1.009033
4292494617,0.149414,0.233398,1.028076
4292499617,0.153076,0.240967,1.020996
4292504617,0.161377,0.236084,1.010986
4292509617,0.158203,0.223877,1.017578
4292514617,0.156738,0.2229,1.004883
4292519617,0.157471,0.225342,1.004883
4292524617,0.149658,0.230225,1.017334
4292529617,0.156006,0.23291,1.014893
4292534617,0.155762,0.22998,1.01709
4292539617,0.157715,0.226318,1.005859
4292544617,0.155518,0.223389,1.012451
4292549617,0.156982,0.225586,1.013916
4292554617,0.148682,0.227783,1.007568
4292559617,0.15332,0.229248,1.006104
4292564617,0.152344,0.230225,1.005615
4292569617,0.149414,0.222168,1.000244
4292574617,0.155273,0.22998,1.018799
4292579617,0.158203,0.227295,1.012207
4292584617,0.15625,0.226074,0.997803
4292589617,0.153809,0.235107,1.014893
4292594617,0.150391,0.234619,1.012207
4292599617,0.161377,0.233887,1.017334
4292604617,0.154053,0.228027,1.011475
4292609617,0.157715,0.226318,1.016602
4292614617,0.157471,0.233643,1.014404
4292619617,0.151123,0.229248,1.008789
4292624617,0.155029,0.228516,1.007813
4292629617,0.1521,0.228516,1.012207
4292634617,0.153564,0.229248,1.009033
4292639617,0.152832,0.228027,1.012939
4292644617,0.153809,0.226074,1.005127
4292649617,0.156982,0.230469,1.007568
4292654617,0.15332,0.227539,1.012939
4292659617,0.156006,0.229736,1.00708
4292664617,0.155762,0.230469,1.015625
4292669617,0.148926,0.227783,1.012695
4292674617,0.155029,0.227539,1.00708
4292679617,0.152344,0.233887,1.01123
4292684617,0.156738,0.233398,1.01416
4292689617,0.160889,0.229004,1.016357
4292694617,0.160156,0.231445,1.007813
4292699617,0.154541,0.229736,1.011719
4292704617,0.155762,0.231934,1.01416
4292709617,0.159668,0.22876,1.013428
4292714617,0.156006,0.233398,1.013184
4292719617,0.154053,0.233643,1.012695
4292724617,0.155273,0.230713,1.010986
4292729617,0.153809,0.227783,1.014404
4292734617,0.153809,0.229736,1.007568
4292739617,0.156982,0.228271,1.014404
4292744617,0.151367,0.230713,1.012451
4292749617,0.152344,0.228516,1.015137
4292754617,0.157715,0.231445,1.009766
4292759617,0.153809,0.230713,1.010742
4292764617,0.156006,0.231201,1.007324
4292769617,0.15332,0.229248,1.011475
4292774617,0.156982,0.229248,1.011475
4292779617,0.151611,0.231934,1.013428
4292784617,0.154297,0.232178,1.00293
4292789617,0.156006,0.226318,1.004639
4292794617,0.156738,0.224854,1.012451
4292799617,0.153564,0.228271,1.020264
4292804617,0.150146,0.229492,1.016602
4292809617,0.154541,0.229248,1.009766
4292814617,0.153564,0.227783,1.013184
4292819617,0.15625,0.224854,1.006836
4292824617,0.152344,0.224609,1.019287
4292829617,0.155762,0.22876,1.014648
4292834617,0.155029,0.233398,1.016113
4292839617,0.153076,0.233154,1.012695
4292844617,0.153564,0.228271,1.001465
4292849617,0.150879,0.22876,1.012451
4292854617,0.151123,0.231201,1.012939
4292859617,0.151611,0.228027,1.008301
4292864617,0.153564,0.233398,1.016846
4292869617,0.154297,0.231201,1.011963
4292874617,0.150146,0.22998,1.009277
4292879617,0.156494,0.227051,1.010498
4292884617,0.155762,0.228271,1.009521
4292889617,0.154785,0.232666,1.012695
4292894617,0.159668,0.228516,1.013184
4292899617,0.153809,0.230713,1.003418
4292904617,0.154541,0.230225,1.010254
4292909617,0.151855,0.226074,1.010742
4292914617,0.153564,0.225586,1.007568
4292919617,0.15332,0.229736,1.013916
4292924617,0.149902,0.229492,1.007813
4292929617,0.151367,0.230469,1.004639
4292934617,0.154053,0.229004,1.010254
4292939617,0.156982,0.229248,1.005859
4292944617,0.152588,0.227295,1.013916
4292949617,0.151123,0.230957,1.011963
4292954617,0.154785,0.235107,1.013672
4292959617,0.153076,0.232666,1.002686
4292964617,0.151855,0.232422,1.00708
4292969617,0.160645,0.230225,1.008789
4292974617,0.153076,0.228271,1.007568
4292979617,0.155762,0.231689,1.012207
4292984617,0.151855,0.22876,1.009277
4292989617,0.156982,0.228027,1.013184
4292994617,0.152588,0.229248,1.01123
4292999617,0.156006,0.231934,1.006348
4293004617,0.156006,0.227051,1.010498
4293009617,0.156982,0.22998,1.00293
4293014617,0.150879,0.22876,1.016602
4293019617,0.152588,0.23291,1.012695
4293024617,0.154785,0.230957,1.01123
4293029617,0.154785,0.229248,1.011719
4293034617,0.155029,0.22998,1.009277
4293039617,0.15625,0.228271,1.015137
4293044617,0.15918,0.229492,1.018066
4293049617,0.156738,0.226074,1.007324
4293054617,0.161377,0.226562,1.012695
4293059617,0.151611,0.22998,1.002686
4293064617,0.150879,0.235352,1.014404
4293069617,0.154053,0.229004,1.015137
4293074617,0.156982,0.22998,1.009521
4293079617,0.152832,0.228516,1.009033
4293084617,0.150879,0.228027,1.012695
4293089617,0.147949,0.222656,1.01123
4293094617,0.153564,0.230469,1.008545
4293099617,0.147217,0.229492,1.002686
4293104617,0.144287,0.229492,1.013184
4293109617,0.152344,0.228027,1.008545
4293114617,0.152344,0.229248,1.011963
4293119617,0.154297,0.229736,1.006592
4293124617,0.161377,0.230713,1.013184
4293129617,0.159668,0.229736,1.009277
4293134617,0.157715,0.233887,1.009277
4293139617,0.157715,0.231201,1.013672
4293144617,0.156494,0.226074,1.014648
4293149617,0.154297,0.235107,1.012695
4293154617,0.156006,0.233887,1.01416
4293159617,0.159912,0.228027,1.01001
4293164617,0.155762,0.229004,1.00708
4293169617,0.150879,0.22876,1.01123
4293174617,0.150635,0.230957,1.018311
4293179617,0.151611,0.231445,1.011963
4293184617,0.154785,0.228027,1.017822
4293189617,0.151855,0.226807,1.00708
4293194617,0.14917,0.231445,1.007813
4293199617,0.151855,0.22876,1.013672
4293204617,0.156738,0.22998,1.013672
4293209617,0.157959,0.230713,1.01123
4293214617,0.156006,0.228271,1.009277
4293219617,0.156006,0.230957,1.009521
4293224617,0.154297,0.229492,1.005127
4293229617,0.160889,0.233887,1.01416
4293234617,0.155762,0.227295,1.018311
4293239617,0.157959,0.226318,1.008057
4293244617,0.156982,0.227051,1.012939
4293249617,0.153809,0.230469,1.011963
4293254617,0.151367,0.231934,1.008545
4293259617,0.145752,0.229004,1.010986
4293264617,0.151855,0.230957,1.011963
4293269617,0.160156,0.227539,1.021973
4293274617,0.156494,0.230469,1.019043
4293279617,0.156006,0.224609,1.015381
4293284617,0.151123,0.224365,1.010498
4293289617,0.15332,0.224854,1.007813
4293294617,0.151855,0.226318,1.014404
4293299617,0.151123,0.231934,1.003662
4293304617,0.15332,0.229004,1.005615
4293309617,0.150146,0.22998,1.012939
4293314617,0.155273,0.230957,1.014404
4293319617,0.158447,0.231934,1.012451
4293324617,0.160156,0.230957,1.018066
4293329617,0.155029,0.230957,1.019531
4293334617,0.158691,0.228027,1.013672
4293339617,0.154053,0.231689,1.013184
4293344617,0.151855,0.226562,1.008301
4293349617,0.152832,0.225098,1.019043
4293354617,0.147217,0.223877,1.012695
4293359617,0.150146,0.226562,1.010742
4293364617,0.151855,0.227539,1.011963
4293369617,0.148926,0.227783,1.009766
4293374617,0.150146,0.224365,1.009521
4293379617,0.148437,0.230225,1.005127
4293384617,0.151855,0.228271,1.006592
4293389617,0.149902,0.226074,1.009033
4293394617,0.151855,0.223389,1.00415
4293399617,0.14917,0.227295,1.006592
4293404617,0.145752,0.224365,1.002686
4293409617,0.150146,0.2229,1.003418
4293414617,0.148437,0.224609,1.01001
4293419617,0.151367,0.220459,1.012939
4293424617,0.149658,0.224609,1.016602
4293429617,0.151123,0.225586,1.007813
4293434617,0.147461,0.228516,1.004639
4293439617,0.147705,0.228271,1.005615
4293444617,0.150146,0.230225,1.0
4293449617,0.152344,0.22583,1.004395
4293454617,0.154297,0.229248,1.010498
4293459617,0.158447,0.233643,1.005371
4293464617,0.153809,0.233154,1.009521
4293469617,0.156738,0.227783,1.000977
4293474617,0.157471,0.230957,1.006592
4293479617,0.160645,0.231445,1.011719
4293484617,0.162354,0.234863,1.013916
4293489617,0.161133,0.229492,1.00708
4293494617,0.157471,0.229736,1.014648
4293499617,0.15918,0.22876,1.017578
4293504617,0.155273,0.229004,1.020752
4293509617,0.156006,0.230469,1.018311
4293514617,0.158936,0.233154,1.009033
4293519617,0.154785,0.232178,1.006836
4293524617,0.15625,0.233154,1.001953
4293529617,0.157715,0.232422,1.010742
4293534617,0.158447,0.226562,1.017334
4293539617,0.161621,0.227051,1.015625
4293544617,0.156982,0.226318,1.01416
4293549617,0.154053,0.230469,1.013428
4293554617,0.15332,0.23291,1.009521
4293559617,0.160156,0.22998,1.015869
4293564617,0.157471,0.236084,1.01123
4293569617,0.158203,0.228516,1.015869
4293574617,0.157959,0.233154,1.016602
4293579617,0.157959,0.229492,1.008301
4293584617,0.15625,0.229004,1.019775
4293589617,0.154053,0.229736,1.01001
4293594617,0.154785,0.227051,1.010254
4293599617,0.151123,0.22998,1.006592
4293604617,0.155273,0.223877,1.01123
4293609617,0.157471,0.226807,1.018799
4293614617,0.162354,0.227539,1.024658
4293619617,0.150146,0.228516,1.001465
4293624617,0.157959,0.228516,1.022949
4293629617,0.152344,0.232422,1.015137
4293634617,0.149902,0.22998,1.005615
4293639617,0.152832,0.229004,1.012939
4293644617,0.1521,0.231934,1.013672
4293649617,0.1521,0.228271,1.005127
4293654617,0.151123,0.22583,1.013184
4293659617,0.148437,0.228271,0.997559
4293664617,0.149658,0.227783,1.003662
4293669617,0.152832,0.227539,1.005127
4293674617,0.159668,0.221191,1.013672
4293679617,0.156738,0.225098,1.008545
4293684617,0.150879,0.227295,1.009521
4293689617,0.154541,0.22168,1.013672
4293694617,0.150146,0.22876,1.01001
4293699617,0.152344,0.229736,1.008057
4293704617,0.150635,0.229736,1.007568
4293709617,0.153076,0.23291,1.009277
4293714617,0.156494,0.231689,1.010986
4293719617,0.158203,0.229248,1.008301
4293724617,0.15625,0.226318,1.012695
4293729617,0.153076,0.227295,1.00708
4293734617,0.151367,0.231934,1.01709
4293739617,0.152832,0.23291,1.002441
4293744617,0.151611,0.229736,1.008545
4293749617,0.151855,0.226562,1.005127
4293754617,0.152344,0.227051,1.005859
4293759617,0.157959,0.227539,1.014893
4293764617,0.156982,0.230713,1.012939
4293769617,0.153809,0.22998,1.012207
4293774617,0.156494,0.229492,1.012207
4293779617,0.153564,0.229248,1.013672
4293784617,0.151855,0.225098,1.008057
4293789617,0.154053,0.230225,1.01001
4293794617,0.151123,0.231934,1.012207
4293799617,0.153564,0.231934,1.015869
4293804617,0.15625,0.231934,1.012695
4293809617,0.156738,0.229248,1.008789
4293814617,0.150879,0.228027,1.005859
4293819617,0.15332,0.233887,1.00708
4293824617,0.155273,0.227783,1.016357
4293829617,0.1604,0.22876,1.018555
4293834617,0.15332,0.228027,1.012695
4293839617,0.152832,0.232666,1.01123
4293844617,0.156494,0.22998,1.014404
4293849617,0.154297,0.227783,1.013428
4293854617,0.15918,0.22998,1.012695
4293859617,0.153076,0.230713,1.015381
4293864617,0.15625,0.229248,1.015137
4293869617,0.1521,0.229736,1.012451
4293874617,0.15625,0.230225,1.013916
4293879617,0.155762,0.229248,1.016113
4293884617,0.155518,0.230469,1.012695
4293889617,0.157715,0.227539,1.010986
4293894617,0.157471,0.232178,1.013916
4293899617,0.156006,0.227295,1.013672
4293904617,0.154053,0.233154,1.003418
4293909617,0.155762,0.231201,1.004639
4293914617,0.156738,0.22876,1.010986
4293919617,0.157715,0.23291,1.016357
4293924617,0.156982,0.236572,1.012207
4293929617,0.155029,0.228027,1.013916
4293934617,0.153809,0.227295,1.010986
4293939617,0.151367,0.231934,1.010498
4293944617,0.152588,0.232422,1.008789
4293949617,0.152832,0.229736,1.012207
4293954617,0.155518,0.231445,1.010498
4293959617,0.155029,0.22876,1.010498
4293964617,0.158203,0.230469,1.018555
4293969617,0.154053,0.228516,1.015137
4293974617,0.154541,0.227051,1.009766
4293979617,0.152344,0.232666,1.011963
4293984617,0.152832,0.22998,1.010742
4293989617,0.154785,0.233887,1.013428
4293994617,0.152832,0.230225,1.011963
4293999617,0.156738,0.228271,1.008301
4294004617,0.15625,0.231689,1.010498
4294009617,0.151855,0.229736,1.012451
4294014617,0.154785,0.230713,1.007324
4294019617,0.153809,0.231689,1.011719
4294024617,0.153809,0.232178,1.010498
4294029617,0.153564,0.235107,1.013428
4294034617,0.148682,0.228516,1.010498
4294039617,0.153809,0.228027,1.009521
4294044617,0.154053,0.230225,1.013184
4294049617,0.152588,0.225586,1.01416
4294054617,0.154785,0.226562,1.010254
4294059617,0.157715,0.22876,1.005371
4294064617,0.152344,0.229004,1.010254
4294069617,0.155273,0.229248,1.009521
4294074617,0.154785,0.233154,1.011963
4294079617,0.160156,0.231934,1.005859
4294084617,0.154297,0.227539,1.007324
4294089617,0.157715,0.229492,1.013672
4294094617,0.151855,0.229248,1.012939
4294099617,0.15625,0.231201,1.012939
4294104617,0.156006,0.233154,1.020752
4294109617,0.15332,0.232178,1.016846
4294114617,0.156494,0.22998,1.009521
4294119617,-2.0,-2.0,-2.0
4294124617,-0.349854,-1.871582,-2.0
4294129617,-1.098145,1.517334,-1.931396
4294134617,1.999939,-0.624512,-1.550537
4294139617,-1.513672,1.999939,1.999939
4294144617,-1.28125,0.812744,1.999939
4294149617,1.313232,1.41748,-2.0
4294154617,-1.007568,1.999939,-2.0
4294159617,-1.205322,1.927246,-2.0
4294164617,-0.554199,1.21582,0.443604
4294169617,-0.112793,0.589111,1.241699
4294174617,-0.067139,0.862061,0.621582
4294179617,0.219482,0.158936,0.92334
4294184617,0.294434,0.848145,1.394775
4294189617,0.169434,1.624512,1.015869
4294194617,0.117676,0.718262,0.89502
4294199617,0.120117,0.159912,0.985107
4294204617,0.202393,0.097656,0.858887
4294209617,0.189453,0.10791,0.938477
4294214617,0.201416,0.187988,1.130127
4294219617,0.12207,0.266357,1.137451
4294224617,0.166016,0.260254,0.983154
4294229617,0.154053,0.174805,0.954834
4294234617,1.885986,1.999939,1.999939
4294239617,-0.232666,1.999939,0.728516
4294244617,-0.737305,1.802246,-2.0
4294249617,-0.006104,1.754395,1.999939
4294254617,-0.24707,1.33252,1.999939
4294259617,-0.564941,0.744629,1.379883
4294264617,-0.233398,0.774902,0.840332
4294269617,-0.679199,1.140137,0.922607
4294274617,-0.094727,1.999939,0.880127
4294279617,-0.199463,0.768066,0.884277
4294284617,-0.123535,1.113281,0.890869
4294289617,0.044189,0.240723,0.825684
4294294617,0.069824,1.999939,-1.362305
4294299617,-1.012939,0.114502,-1.223145
4294304617,-0.196289,1.320068,0.063232
4294309617,0.019531,0.178711,0.02124
4294314617,-1.004883,0.517578,1.234131
4294319617,0.207764,1.999939,1.241455
4294324617,0.223389,0.785156,1.199463
4294329617,0.237549,1.085449,1.028809
4294334617,0.236084,1.69165,1.015381
4294339617,0.190918,1.999939,1.018555
4294344617,0.100098,1.876465,0.943604
4294349617,0.183838,0.708008,0.980469
4294354617,0.129395,0.787354,0.958008
4294359617,0.152588,0.282471,0.932373
4294364617,0.158203,0.207275,0.948975
4294369617,0.168213,0.145752,0.985596
4294374617,0.139648,0.206055,0.96875
4294379617,0.173584,0.255859,1.050293
4294384617,0.145996,0.260254,1.055176
4294389617,0.150879,0.250488,0.996826
4294394617,0.145752,0.221436,0.973877
4294399617,0.143555,0.206543,0.980469
4294404617,0.199463,0.230469,1.098389
4294409617,0.12915,0.267822,1.004639
4294414617,0.152832,0.244873,1.036621
4294419617,0.134766,0.275635,1.019043
4294424617,0.144287,0.257324,1.004639
4294429617,0.155029,0.222168,0.97998
4294434617,0.155029,0.240967,1.020996
4294439617,0.159424,0.250977,1.036133
4294444617,0.12793,0.274658,1.001221
4294449617,0.168701,0.212158,1.084717
4294454617,0.151611,0.240479,0.975342
4294459617,0.135498,0.196533,0.967529
4294464617,-0.074219,1.619629,0.930908
4294469617,0.085937,0.428467,0.966064
4294474617,-0.208984,0.78418,-2.0
4294479617,-0.146973,1.167236,1.200195
4294484617,0.15332,0.438721,1.128906
4294489617,0.096436,0.346436,1.012939
4294494617,0.144043,0.256348,0.931152
4294499617,0.182861,0.15625,1.070557
4294504617,-0.783691,1.999939,1.27124
4294509617,0.096436,1.255859,1.017334
4294514617,0.242676,0.702881,1.051758
4294519617,-0.416992,1.999939,1.547119
4294524617,-0.517578,1.999939,-0.514893
4294529617,-0.319824,1.999939,1.603516
4294534617,0.149414,0.348145,0.943848
4294539617,0.148437,0.296387,1.000488
4294544617,0.124756,0.592285,1.0271
4294549617,0.136963,0.31543,0.999268
4294554617,0.159668,0.239258,1.008057
4294559617,0.178223,0.2771,1.054688
4294564617,0.130127,0.430176,0.993408
4294569617,0.135742,0.205566,0.984375
4294574617,-0.01416,0.332275,0.656006
4294579617,-0.466064,1.893799,1.337646
4294584617,0.210449,1.938965,1.104736
4294589617,0.216064,1.25,0.945557
4294594617,0.106201,1.999939,1.046875
4294599617,0.188477,1.061279,1.051758
4294604617,0.147705,0.216309,0.973145
4294609617,0.154297,0.233643,1.013184
4294614617,0.168213,0.279541,1.003418
4294619617,0.183594,0.655762,0.952148
4294624617,0.010498,1.999939,1.148193
4294629617,-0.189697,1.706299,0.946289
4294634617,0.199219,0.242432,1.057617
4294639617,0.065186,0.691406,0.97168
4294644617,0.137451,1.226563,1.046631
4294649617,0.128662,0.243652,0.925049
4294654617,0.188232,0.254639,1.089355
4294659617,0.175293,1.850342,1.043213
4294664617,-0.024658,1.999939,0.827881
4294669617,0.166016,1.516357,1.094482
4294674617,0.170898,0.346924,1.129395
4294679617,0.142334,0.322266,1.019531
4294684617,0.160889,1.518799,0.988281
4294689617,0.173584,0.912842,1.05542
4294694617,0.10791,1.999939,0.835937
4294699617,0.032959,1.999939,0.921387
4294704617,0.141846,1.247314,1.127197
4294709617,0.164307,0.643799,0.965576
4294714617,0.142334,0.474121,0.95874
4294719617,0.123535,1.999939,1.067383
4294724617,0.188232,1.999939,1.050293
4294729617,0.229004,1.55835,1.136475
4294734617,0.005615,1.88623,0.784668
4294739617,0.159668,1.54541,0.950439
4294744617,0.185059,1.092773,1.101807
4294749617,0.088623,1.999939,1.061035
4294754617,0.151367,1.999939,0.965576
4294759617,0.198975,1.750732,1.115723
4294764617,0.196289,1.999939,1.112061
4294769617,0.18335,1.781982,1.080322
4294774617,0.132324,0.290771,1.004883
4294779617,0.133301,0.219482,0.96582
4294784617,0.152344,0.196045,0.994141
4294789617,0.157715,0.217773,1.016113
4294794617,0.153809,0.216797,1.004883
4294799617,0.153076,0.241211,1.022705
4294804617,0.143066,0.259277,1.018555
4294809617,0.144775,0.241455,0.998535
4294814617,0.1604,0.225586,1.008057
4294819617,0.164551,0.213135,1.01123
4294824617,0.160156,0.208252,1.010254
4294829617,0.15625,0.239502,1.025879
4294834617,0.148193,0.253418,1.018555
4294839617,0.144287,0.25,1.009521
4294844617,0.152832,0.230225,0.996582
4294849617,0.164551,0.180176,0.98999
4294854617,0.158936,0.139893,0.977051
4294859617,0.171143,0.168213,1.019531
4294864617,0.177979,0.231934,1.054443
4294869617,0.147461,0.285889,1.068115
4294874617,0.14624,0.255859,1.045654
4294879617,0.116455,0.339844,1.049316
4294884617,0.157959,0.188477,0.95874
4294889617,0.128174,0.296143,1.030029
4294894617,0.121338,0.335938,1.013672
4294899617,0.099609,0.335205,0.966064
4294904617,0.137695,0.330566,1.008057
4294909617,0.114502,0.317871,1.018066
4294914617,0.135742,0.254883,0.999268
4294919617,0.174561,0.200684,1.003174
4294924617,0.159668,0.200439,1.035645
4294929617,0.172363,0.229004,1.038574
4294934617,0.171875,0.313477,1.179199
4294939617,0.135498,0.225098,1.07373
4294944617,0.175049,0.155029,0.9021
4294949617,0.169922,0.096924,0.88916
4294954617,0.169678,0.112061,0.90625
4294959617,0.187744,0.186035,1.011719
4294964617,0.142578,0.228516,1.062256
2321,0.173828,0.246826,1.038818
7321,0.148437,0.196777,0.972168
12321,0.167969,0.195068,0.981689
17321,0.140869,0.217529,1.00708
22321,0.137939,0.225342,1.047119
27321,0.159912,0.261719,1.065186
32321,0.148682,0.28418,1.027832
37321,0.148437,0.275635,1.021729
42321,0.157959,0.261719,1.045166
47321,0.151123,0.239502,1.021973
52321,0.150879,0.210205,1.005859
57321,0.151611,0.235352,1.010742
62321,0.148682,0.261963,1.032227
67321,0.141113,0.267822,1.025391
72321,0.135498,0.273193,1.031982
77321,0.14624,0.250244,1.017334
82321,0.149414,0.222168,1.004395
87321,0.154541,0.210449,1.004639
92321,0.154053,0.215332,1.007813
97321,0.150635,0.234375,1.019287
102321,0.151367,0.247559,1.018311
107321,0.155518,0.239014,1.020508
112321,0.156006,0.215576,1.003662
117321,0.163818,0.181641,0.983154
122321,0.164795,0.16626,0.983643
127321,0.157959,0.189209,0.995361
132321,0.152344,0.220459,1.01001
137321,0.153809,0.239746,1.010254
142321,0.153076,0.239258,1.016602
147321,0.154541,0.221191,1.002686
152321,0.156006,0.214844,1.010986
157321,0.1521,0.212646,1.016113
162321,0.153076,0.226562,1.016113
167321,0.144287,0.247559,1.016113
172321,0.146484,0.254395,1.024414
177321,0.148437,0.250244,1.021729
182321,0.150146,0.238037,1.018799
187321,0.155762,0.226562,1.009521
192321,0.150391,0.223633,1.009277
197321,0.1521,0.232422,1.013428
202321,0.152344,0.248535,1.018066
207321,0.144531,0.252686,1.019287
212321,0.147949,0.242676,1.023193
217321,0.153564,0.236572,1.013916
222321,0.153564,0.217285,1.00708
227321,0.15625,0.215576,1.009521
232321,0.150635,0.227295,1.003906
237321,0.164307,0.160156,0.98291
242321,0.147949,0.218262,1.016357
247321,0.150879,0.251221,1.103271
252321,0.155518,0.203369,1.009521
257321,0.172852,0.20459,0.95459
262321,0.145264,0.158936,0.990234
267321,0.161865,0.220215,1.03833
272321,0.130127,0.227295,1.012695
277321,0.130859,0.238525,1.010498
282321,0.141113,0.265137,1.027588
287321,0.134521,0.272461,1.028076
292321,0.158691,0.263672,1.017822
297321,0.162842,0.258057,1.019775
302321,0.159912,0.241211,1.020508
307321,0.157471,0.264893,1.036377
312321,0.131592,0.270264,1.014648
317321,0.139648,0.262207,1.012695
322321,0.14502,0.249756,1.024414
327321,0.138672,0.241699,1.014893
332321,0.14209,0.191162,0.983887
337321,0.15332,0.180176,1.009766
342321,0.163818,0.190186,0.985107
347321,0.169434,0.229004,1.014893
352321,0.1604,0.23999,1.025879
357321,0.164062,0.237549,1.004639
362321,0.158203,0.230469,1.015625
367321,0.158936,0.240723,1.0271
372321,0.150391,0.252686,1.023926
377321,0.147461,0.259033,1.023926
382321,0.156006,0.25708,1.008545
387321,0.154297,0.230713,1.008789
392321,0.168213,0.202393,0.989502
397321,0.158691,0.209473,1.015625
402321,0.166016,0.205566,1.016357
407321,0.162354,0.222168,1.015625
412321,0.154297,0.227539,1.024658
417321,0.153076,0.225098,1.019775
422321,0.151367,0.213867,1.005371
427321,0.145264,0.229492,1.015137
432321,0.150146,0.234863,1.000732
437321,0.117432,0.288086,1.047119
442321,0.10083,0.324707,1.018311
447321,0.183594,0.273682,0.968994
452321,0.14502,0.274658,0.971191
457321,0.107666,0.259033,1.023682
462321,0.146729,0.261963,0.98877
467321,0.15625,0.276367,1.014404
472321,0.141357,0.282471,1.043701
477321,0.145752,0.250244,1.030029
482321,0.172607,0.183105,0.993896
487321,0.165771,0.179443,1.008789
492321,0.154541,0.202637,1.03418
497321,0.144287,0.243652,1.038086
502321,0.14502,0.239746,1.01001
507321,0.155029,0.236084,0.980469
512321,0.154541,0.164795,0.968994
517321,0.164795,0.156738,0.987793
522321,0.150146,0.199463,1.024658
527321,0.150146,0.229004,1.024658
532321,0.148926,0.282471,1.027588
537321,0.15625,0.263916,0.99707
542321,0.147705,0.249512,0.993408
547321,0.152832,0.231445,0.998047
552321,0.156982,0.233643,1.016846
557321,0.134521,0.503418,1.020996
562321,0.153564,0.253662,1.030762
567321,0.145508,0.276611,1.033936
572321,0.147217,0.270752,1.026367
577321,0.145264,0.259277,1.046143
582321,0.155762,0.229248,1.028564
587321,0.164307,0.201172,0.992676
592321,0.157959,0.182861,0.998047
597321,0.15918,0.207275,1.003418
602321,0.15918,0.208496,1.003418
607321,0.158691,0.206543,0.992432
612321,0.158936,0.180908,0.968506
617321,0.165283,0.157227,0.958252
622321,0.162842,0.161133,0.973877
627321,0.159424,0.20752,1.009277
632321,0.153076,0.249756,1.044434
637321,0.151367,0.269287,1.038574
642321,0.143799,0.257568,1.024414
647321,0.148682,0.241211,1.015137
652321,0.14917,0.233398,1.009766
657321,0.151611,0.23877,1.024414
662321,0.154785,0.251709,1.025879
667321,0.147461,0.271484,1.032715
672321,0.144531,0.275879,1.036865
677321,0.148193,0.259277,1.023438
682321,0.1521,0.244141,1.011963
687321,0.155273,0.228027,1.009033
692321,0.158691,0.215332,1.008545
697321,0.154785,0.223145,1.017334
702321,0.1521,0.230469,1.012695
707321,0.154053,0.218018,1.007813
712321,0.159912,0.199707,0.997559
717321,0.160645,0.17627,0.981934
722321,0.16333,0.169189,0.974365
727321,0.164062,0.187256,0.995117
732321,0.152344,0.218262,1.010742
737321,0.15332,0.246582,1.02124
742321,0.151367,0.246338,1.017822
747321,0.154297,0.238037,1.018311
752321,0.152832,0.235352,1.014404
757321,0.152344,0.235107,1.02002
762321,0.144287,0.246582,1.02124
767321,0.147949,0.253174,1.022217
772321,0.147949,0.255371,1.020264
777321,0.148193,0.249756,1.022217
782321,0.155029,0.231201,1.012451
787321,0.151123,0.216064,1.001221
792321,0.158447,0.208252,0.999023
797321,0.157959,0.210693,1.007568
802321,0.156982,0.219971,1.013428
807321,0.154297,0.220215,1.003418
812321,0.157471,0.216553,0.999268
817321,0.161377,0.204102,1.000244
822321,0.158203,0.205811,1.000488
827321,0.157471,0.21875,1.009277
832321,0.153809,0.233398,1.019043
837321,0.153564,0.247559,1.014404
842321,0.151367,0.248291,1.019531
847321,0.151123,0.243652,1.024658
852321,0.15332,0.234131,1.01416
857321,0.150391,0.22998,1.016357
862321,0.148437,0.230713,1.015137
867321,0.152832,0.234863,1.01709
872321,0.151123,0.234863,1.015869
877321,0.156494,0.230713,1.001465
882321,0.155273,0.218994,0.999023
887321,0.158936,0.208008,1.006836
892321,0.158691,0.206787,1.004639
897321,0.159668,0.215088,1.010254
902321,0.15625,0.223633,1.008057
907321,0.154053,0.227051,1.018799
912321,0.156738,0.230469,1.01709
917321,0.153076,0.224121,1.008545
922321,0.152344,0.224365,1.012939
927321,0.152344,0.227539,1.021484
932321,0.155029,0.230713,1.016602
937321,0.14917,0.239258,1.020752
942321,0.15332,0.239014,1.015869
947321,0.152344,0.231445,1.009766
952321,0.156006,0.224609,1.008301
957321,0.155762,0.219727,1.008057
962321,0.156982,0.222656,1.009766
967321,0.15625,0.223633,1.01709
972321,0.153564,0.229492,1.015381
977321,0.155518,0.227295,1.011719
982321,0.151855,0.227051,1.010254
987321,0.158447,0.224121,1.002686
992321,0.156738,0.220947,1.006348
997321,0.152588,0.228027,1.018799
1002321,0.156006,0.230957,1.019775
1007321,0.152344,0.234863,1.02002
1012321,0.154541,0.232422,1.01709
1017321,0.157959,0.228516,1.015381
1022321,0.155029,0.2229,1.010742
1027321,0.151611,0.223389,1.006836
1032321,0.154785,0.226807,1.009766
1037321,0.149902,0.230225,1.01001
1042321,0.155029,0.229736,1.012695
1047321,0.154297,0.229248,1.009277
1052321,0.153564,0.220703,1.019531
1057321,0.15625,0.221924,1.007324
1062321,0.155029,0.227539,1.013428
1067321,0.154541,0.231445,1.016602
1072321,0.154297,0.227539,1.014648
1077321,0.154785,0.226807,1.015381
1082321,0.154785,0.22876,1.006836
1087321,0.154541,0.224854,1.003418
1092321,0.156738,0.217285,1.011963
1097321,0.150391,0.227051,1.005127
1102321,0.149414,0.228516,1.010986
1107321,0.160156,0.212646,1.036621
1112321,0.153809,0.232666,1.012207
1117321,0.161621,0.233887,1.004883
1122321,0.158691,0.216553,1.004639
1127321,0.154785,0.227051,1.013184
1132321,0.151611,0.22876,1.013916
1137321,0.147705,0.230713,1.014648
1142321,0.155029,0.234619,1.016113
1147321,0.155273,0.228271,1.017578
1152321,0.156494,0.223145,1.009033
1157321,0.152832,0.224121,1.008789
1162321,0.153564,0.226074,1.009521
1167321,0.149414,0.225586,1.012939
1172321,0.153076,0.226074,1.012939
1177321,0.1521,0.230957,1.014893
1182321,0.157227,0.226807,1.012207
1187321,0.15332,0.222412,1.013672
1192321,0.150879,0.222168,1.011963
1197321,0.156494,0.228027,1.007568
1202321,0.155518,0.229736,1.012207
1207321,0.15625,0.229492,1.008057
1212321,0.154297,0.229492,1.009033
1217321,0.1521,0.223877,1.015869
1222321,0.148193,0.227051,1.014404
1227321,0.157471,0.229736,1.009521
1232321,0.153076,0.229492,1.013672
1237321,0.153076,0.227295,1.01123
1242321,0.155762,0.22583,1.01416
1247321,0.151367,0.226074,1.01001
1252321,0.154053,0.224854,1.012451
1257321,0.157715,0.230469,1.009277
1262321,0.155273,0.223389,1.008545
1267321,0.155029,0.228271,1.015137
1272321,0.154053,0.226562,1.016357
1277321,0.157471,0.226807,1.006104
1282321,0.157715,0.230225,1.011475
1287321,0.157471,0.226562,1.01123
1292321,0.160645,0.223633,1.03833
1297321,0.152832,0.236328,0.999023
1302321,0.167725,0.225586,1.016113
1307321,0.152832,0.221191,1.008057
1312321,0.157959,0.225586,1.02417
1317321,0.143799,0.231445,1.012695
1322321,0.145996,0.232422,1.007568
1327321,0.157959,0.230225,1.010986
1332321,0.153564,0.222168,1.02124
1337321,0.156738,0.230225,1.006592
1342321,0.154541,0.225586,1.010742
1347321,0.156006,0.226562,1.013916
1352321,0.155029,0.222656,1.01001
1357321,0.154541,0.228516,1.015137
1362321,0.161377,0.230469,1.012939
1367321,0.14917,0.229736,1.005371
1372321,0.159912,0.229004,1.009766
1377321,0.152344,0.226807,1.013184
1382321,0.156494,0.227539,1.015625
1387321,0.155762,0.230225,1.012695
1392321,0.152344,0.227295,1.007324
1397321,0.1521,0.226074,1.008301
1402321,0.155518,0.229492,1.009766
1407321,0.156738,0.229248,1.015381
1412321,0.150635,0.227295,1.005371
1417321,0.156494,0.225098,1.016846
1422321,0.153076,0.221924,1.015381
1427321,0.155518,0.228516,1.01416
1432321,0.15332,0.229492,1.007324
1437321,0.155273,0.229736,1.006592
1442321,0.1521,0.230957,1.009766
1447321,0.147217,0.232666,1.015381
1452321,0.162598,0.22876,1.037109
1457321,0.010254,0.184326,0.623535
1462321,0.358887,0.156494,1.275146
1467321,0.142578,0.520752,1.406494
1472321,0.163086,0.269531,0.952637
1477321,0.069336,0.088623,0.69751
1482321,0.23877,0.010986,0.881348
1487321,0.143066,0.287354,0.987061
1492321,0.180664,0.154053,1.022705
1497321,0.126709,0.275391,1.135986
1502321,0.130615,0.282471,1.038574
1507321,0.143066,0.202148,0.901611
1512321,0.146484,0.188721,0.899658
1517321,0.163086,0.219482,0.979004
1522321,0.153076,0.214355,1.015625
1527321,0.163818,0.25,1.0354
1532321,0.150879,0.266846,1.050781
1537321,0.140625,0.266602,1.052002
1542321,0.128418,0.249756,0.985596
1547321,0.158936,0.262939,0.990234
1552321,0.140869,0.175049,0.995605
1557321,0.183105,0.27002,1.064941
1562321,0.126465,0.243896,1.066895
1567321,0.149902,0.256592,1.024414
1572321,0.162842,0.237061,0.977539
1577321,0.171143,0.226074,0.960693
1582321,0.165771,0.190918,1.005859
1587321,0.166748,0.199463,1.021484
1592321,0.179199,0.199463,1.023682
1597321,0.154297,0.201172,0.993408
1602321,0.157959,0.230469,1.010498
1607321,0.14502,0.23584,1.012207
1612321,0.1521,0.229004,1.003662
1617321,0.145264,0.222168,1.008301
1622321,0.145752,0.220947,1.026611
1627321,0.141846,0.225586,1.034912
1632321,0.153809,0.261475,1.041748
1637321,0.139648,0.244385,1.021973
1642321,0.164551,0.239502,1.005371
1647321,0.157227,0.223145,1.013184
1652321,0.167969,0.219238,1.010498
1657321,0.166992,0.209473,1.013672
1662321,0.158936,0.231445,1.001953
1667321,0.157227,0.241211,1.006104
1672321,0.147705,0.229004,1.001465
1677321,0.150146,0.233154,1.002686
1682321,0.14209,0.209229,1.004639
1687321,0.151367,0.209473,1.018066
1692321,0.157227,0.211182,1.022461
1697321,0.151855,0.22583,1.016113
1702321,0.143311,0.249268,1.018311
1707321,0.141846,0.241455,1.022705
1712321,0.1521,0.236572,1.016357
1717321,0.163086,0.233154,1.016602
1722321,0.160645,0.219238,1.002441
1727321,0.154785,0.219727,1.0
1732321,0.15332,0.23291,1.008057
1737321,0.157715,0.236328,1.014893
1742321,0.15918,0.233643,1.021973
1747321,0.156738,0.228271,1.001953
1752321,0.152588,0.217285,1.006104
1757321,0.151367,0.221191,1.006104
1762321,0.151123,0.222412,1.012695
1767321,0.151367,0.229736,1.023193
1772321,0.150146,0.236816,1.027832
1777321,0.151611,0.230469,1.017578
1782321,0.148193,0.224854,1.008057
1787321,0.154053,0.218262,0.998535
1792321,0.156006,0.217041,1.009033
1797321,0.159912,0.230225,1.014648
1802321,0.155273,0.234863,1.015381
1807321,0.15332,0.238037,1.016357
1812321,0.154785,0.228271,1.012695
1817321,0.154785,0.222412,1.004395
1822321,0.153564,0.219482,1.003906
1827321,0.151855,0.221191,1.01001
1832321,0.149658,0.232666,1.01709
1837321,0.15332,0.231201,1.020508
1842321,0.148437,0.229736,1.019043
1847321,0.150879,0.226562,1.006592
1852321,0.152588,0.218994,1.005127
1857321,0.152832,0.218994,1.005127
1862321,0.154053,0.227295,1.010986
1867321,0.157227,0.233887,1.007568
1872321,0.154541,0.237549,1.009766
1877321,0.151855,0.229248,1.008789
1882321,0.155273,0.224854,1.007813
1887321,0.15625,0.22583,1.01709
1892321,0.15918,0.228027,1.013184
1897321,0.155762,0.234375,1.016357
1902321,0.148437,0.232422,1.012207
1907321,0.148682,0.231445,1.011963
1912321,0.14917,0.228027,1.006104
1917321,0.154297,0.224121,1.013428
1922321,0.155273,0.226318,1.00708
1927321,0.153564,0.230469,1.015625
1932321,0.154297,0.232178,1.013672
1937321,0.158447,0.237793,1.012939
1942321,0.160645,0.229248,1.010742
1947321,0.15625,0.224365,1.013672
1952321,0.151855,0.230469,1.006104
1957321,0.156006,0.223877,1.015381
1962321,0.155518,0.223145,1.010742
1967321,0.153564,0.234619,1.004883
1972321,0.14917,0.225586,1.012939
1977321,0.153809,0.226562,1.015381
1982321,0.149902,0.226318,1.015625
1987321,0.154541,0.224609,1.010986
1992321,0.1521,0.224609,1.013184
1997321,0.149658,0.22583,1.007568
2002321,0.151611,0.226562,1.012207
2007321,0.152344,0.226074,1.008057
2012321,0.156006,0.232666,1.010986
2017321,0.159424,0.226074,1.007568
2022321,0.156738,0.227783,1.01709
2027321,0.155518,0.230469,1.015625
2032321,0.157471,0.235352,1.014404
2037321,0.153564,0.229492,1.017334
2042321,0.156982,0.22583,1.008545
2047321,0.148193,0.226074,1.013184
2052321,0.154541,0.225098,1.011963
2057321,0.151855,0.226807,1.013428
2062321,0.155029,0.228516,1.018066
2067321,0.151855,0.229248,1.010742
2072321,0.154297,0.231201,1.008545
2077321,0.150635,0.229736,1.006592
2082321,0.148437,0.228027,1.00293
2087321,0.149658,0.227295,1.019775
2092321,0.152588,0.228516,1.016357
2097321,0.149902,0.228271,1.016113
2102321,0.14624,0.22583,1.015625
2107321,0.147949,0.232178,1.016113
2112321,0.14917,0.225586,1.01001
2117321,0.151855,0.223389,1.011719
2122321,0.151611,0.225342,1.008545
2127321,0.151367,0.226807,1.015625
2132321,0.151367,0.223633,1.006104
2137321,0.154785,0.223389,1.01001
2142321,0.153076,0.223877,1.015381
2147321,0.155762,0.226807,1.003662
2152321,0.149902,0.223877,1.001953
2157321,0.1521,0.229248,1.006836
2162321,0.156982,0.228271,1.011719
2167321,0.152832,0.230713,1.010254
2172321,0.154541,0.232422,1.013184
2177321,0.15332,0.231934,1.005127
2182321,0.154297,0.230225,1.008789
2187321,0.151855,0.23584,1.006348
2192321,0.15625,0.230469,1.005371
2197321,0.150879,0.230469,1.007324
2202321,0.153076,0.22876,1.013428
2207321,0.157959,0.228027,1.015625
2212321,0.159668,0.226807,1.006592
2217321,0.1521,0.222168,1.008057
2222321,0.151611,0.226318,0.998047
2227321,0.158203,0.22583,1.014893
2232321,0.149902,0.229248,1.013428
2237321,0.148437,0.228516,1.00293
2242321,0.150146,0.234131,1.015137
2247321,0.154053,0.227051,1.01001
2252321,0.154541,0.227051,1.01123
2257321,0.152344,0.229736,1.018066
2262321,0.149902,0.229736,1.014648
2267321,0.149658,0.22583,1.013672
2272321,0.154785,0.228027,1.020264
2277321,0.151855,0.223877,1.01123
2282321,0.153564,0.224365,1.010742
2287321,0.155029,0.225586,1.012695
2292321,0.155518,0.223877,1.013672
2297321,0.151367,0.220947,1.015137
2302321,0.155029,0.227539,1.01123
2307321,0.154785,0.228271,1.008789
2312321,0.1521,0.229492,1.009521
2317321,0.154785,0.227539,1.012695
2322321,0.155029,0.231934,1.008789
2327321,0.157471,0.22998,1.020996
2332321,0.148437,0.235596,1.010742
2337321,0.154785,0.23291,1.009277
2342321,0.1521,0.226318,1.020508
2347321,0.14917,0.228516,1.009033
2352321,0.15625,0.227783,1.008301
2357321,0.153564,0.226562,1.004395
2362321,0.151123,0.226562,1.010498
2367321,0.153076,0.227051,1.007568
2372321,0.152832,0.228516,1.012207
2377321,0.154785,0.226074,1.011475
2382321,0.149414,0.231201,1.012451
2387321,0.153809,0.228271,1.01416
2392321,0.154785,0.229004,1.013672
2397321,0.154053,0.230713,1.013428
2402321,0.157227,0.227783,1.013428
2407321,0.154297,0.226074,1.012207
2412321,0.154297,0.228271,1.002686
2417321,0.149902,0.226807,1.013184
2422321,0.153564,0.223877,1.010498
2427321,0.151367,0.223145,1.010498
2432321,0.150879,0.228271,1.009033
2437321,0.152588,0.227539,1.012695
2442321,0.154297,0.230713,1.013184
2447321,0.154541,0.228516,1.010742
2452321,0.155029,0.226562,1.012939
2457321,0.15918,0.231201,1.01123
2462321,0.155762,0.225342,1.01001
2467321,0.152832,0.225342,1.01416
2472321,0.1521,0.22876,1.013428
2477321,0.156006,0.232422,1.009521
2482321,0.158447,0.227539,1.009033
2487321,0.151855,0.226318,1.015381
2492321,0.151855,0.22876,1.014648
2497321,0.151855,0.227783,1.004883
2502321,0.154053,0.22998,1.009521
2507321,0.151855,0.224365,1.016602
2512321,0.154053,0.229492,1.019531
2517321,0.154297,0.22876,1.013672
2522321,0.157227,0.229736,1.006836
2527321,0.14917,0.228516,1.015625
2532321,0.152344,0.227783,1.013184
2537321,0.152344,0.226074,1.00708
2542321,0.150146,0.225098,1.01123
2547321,0.151611,0.224854,1.01416
2552321,0.150879,0.221191,1.010986
2557321,0.154053,0.232666,1.006104
2562321,0.159424,0.231201,1.003662
2567321,0.154297,0.224121,1.013428
2572321,0.151123,0.225342,1.011475
2577321,0.154785,0.22998,1.007568
2582321,0.156494,0.22583,1.011719
2587321,0.153809,0.226807,1.015625
2592321,0.153076,0.231689,1.012207
2597321,0.157471,0.229492,1.020752
2602321,0.147705,0.224854,1.012939
2607321,0.151367,0.229492,1.010986
2612321,0.159424,0.225586,1.010986
2617321,0.156494,0.231201,1.017822
2622321,0.147461,0.22998,1.012451
2627321,0.155762,0.229004,1.009766
2632321,0.153564,0.226318,1.013672
2637321,0.153564,0.223633,1.014648
2642321,0.150879,0.228271,1.010254
2647321,0.1521,0.226562,1.014648
2652321,0.151611,0.22583,1.013428
2657321,0.14917,0.226807,1.012939
2662321,0.151611,0.229248,1.010254
2667321,0.154053,0.227051,1.004639
2672321,0.151367,0.226318,1.012207
2677321,0.15332,0.224121,1.012207
2682321,0.150391,0.226807,1.009521
2687321,0.157471,0.229004,1.012207
2692321,0.154785,0.223389,1.012695
2697321,0.151367,0.22583,1.013916
2702321,0.15625,0.230225,1.012939
2707321,0.156982,0.22583,1.013916
2712321,0.155273,0.227051,1.006348
2717321,0.154541,0.226074,1.014404
2722321,0.156494,0.226074,1.009033
2727321,0.155762,0.226562,1.003906
2732321,0.152344,0.223389,1.012207
2737321,0.155518,0.225586,1.007568
2742321,0.147461,0.228027,1.015381
2747321,0.153076,0.227783,1.011963
2752321,0.15332,0.226318,1.008057
2757321,0.151855,0.227783,1.011719
2762321,0.15332,0.228271,1.013672
2767321,0.155518,0.229736,1.018066
2772321,0.155273,0.224121,1.014893
2777321,0.151855,0.233154,1.016357
2782321,0.150879,0.228516,1.01123
2787321,0.151611,0.231934,1.013672
2792321,0.153564,0.223389,1.011475
2797321,0.158447,0.228027,1.017334
2802321,0.151123,0.227539,1.013428
2807321,0.156738,0.227783,1.012207
2812321,0.156494,0.227783,1.012695
2817321,0.154785,0.225342,1.01416
2822321,0.154785,0.224365,1.009766
2827321,0.156982,0.230469,1.013184
2832321,0.152588,0.227295,1.015869
2837321,0.150879,0.228516,1.009033
2842321,0.152588,0.226074,1.009277
2847321,0.155273,0.226318,1.016357
2852321,0.155029,0.227539,1.007568
2857321,0.154053,0.22583,1.01416
2862321,0.155273,0.227783,1.009277
2867321,0.151123,0.224121,1.012451
2872321,0.155273,0.230469,1.016113
2877321,0.150635,0.226318,1.003906
2882321,0.154541,0.228027,1.01709
2887321,0.157715,0.226562,1.017822
2892321,0.151367,0.226562,1.018311
2897321,0.153564,0.22876,1.013428
2902321,0.154297,0.230469,1.017822
2907321,0.156006,0.225586,1.012207
2912321,0.156006,0.227539,1.016846
2917321,0.152344,0.228516,1.012939
2922321,0.155762,0.226318,1.013672
2927321,0.153076,0.230469,1.012939
2932321,0.156738,0.227783,1.01001
2937321,0.152344,0.226074,1.013428
2942321,0.155273,0.22876,1.009033
2947321,0.156494,0.22998,1.010498
2952321,0.159668,0.230225,1.016357
2957321,0.15625,0.227539,1.01709
2962321,0.158203,0.226562,1.018066
2967321,0.150879,0.22583,1.009277
2972321,0.147705,0.228516,1.018066
2977321,0.14917,0.230469,1.007324
2982321,0.147705,0.230713,1.006348
2987321,0.146973,0.227783,1.013428
2992321,0.154541,0.226318,1.01001
2997321,0.150635,0.225342,1.01709
3002321,0.152344,0.231445,1.012451
3007321,0.152832,0.224609,1.011475
3012321,0.151855,0.227295,1.008545
3017321,0.154297,0.230469,1.011963
3022321,0.153564,0.230713,1.014648
3027321,0.153564,0.226562,1.011963
3032321,0.151611,0.226318,1.010498
3037321,0.147461,0.228027,1.018311
3042321,0.151855,0.22583,1.012207
3047321,0.154541,0.226807,1.014893
3052321,0.15625,0.227051,1.014648
3057321,0.15332,0.223145,1.010742
3062321,0.154053,0.228027,1.018555
3067321,0.146484,0.223389,1.006592
3072321,0.146729,0.224121,1.009033
3077321,0.147949,0.224609,1.003906
3082321,0.151611,0.229736,1.007324
3087321,0.154297,0.22876,1.016357
3092321,0.157227,0.228271,1.011475
3097321,0.157227,0.226562,1.013428
3102321,0.149902,0.226807,1.008789
3107321,0.148926,0.224121,1.006836
3112321,0.148682,0.22998,1.009277
3117321,0.14917,0.22998,1.012939
3122321,0.150879,0.227051,1.009277
3127321,0.156982,0.228516,1.016113
3132321,0.155273,0.227051,1.016846
3137321,0.154785,0.22876,1.020996
3142321,0.157227,0.227783,1.013184
3147321,0.151123,0.221436,1.008789
3152321,0.149414,0.225098,1.007324
3157321,0.145996,0.226562,1.000732
3162321,0.153809,0.225586,1.010498
3167321,0.155518,0.226074,1.014893
3172321,0.155518,0.227295,1.017822
3177321,0.155518,0.224121,1.016602
3182321,0.157471,0.22998,1.013672
3187321,0.151611,0.227783,1.018555
3192321,0.146973,0.227295,1.012939
3197321,0.145996,0.227783,1.005127
3202321,0.147949,0.227051,1.008545
3207321,0.155762,0.226318,1.01416
3212321,0.158447,0.230713,1.009766
3217321,0.159668,0.231201,1.018555
3222321,0.157471,0.22998,1.02002
3227321,0.160645,0.227783,1.023438
3232321,0.154541,0.229004,1.017578
3237321,0.154053,0.228516,1.006592
3242321,0.150391,0.229492,1.004639
3247321,0.148926,0.228027,1.012207
3252321,0.145752,0.228271,1.006104
3257321,0.149658,0.223633,1.010254
3262321,0.151367,0.22876,1.010986
3267321,0.156982,0.22876,1.014404
3272321,0.157227,0.22583,1.019775
3277321,0.159424,0.227295,1.010986
3282321,0.156982,0.228027,1.010986
3287321,0.154541,0.226562,1.014404
3292321,0.154053,0.226562,1.01001
3297321,0.155762,0.226562,1.014648
3302321,0.150879,0.228271,1.012939
3307321,0.1521,0.224854,1.011475
3312321,0.1521,0.220947,1.011963
3317321,0.1521,0.232666,1.012695
3322321,0.152588,0.229492,1.016113
3327321,0.155273,0.230225,1.011719
3332321,0.150635,0.227051,1.010254
3337321,0.154297,0.227051,1.016357
3342321,0.155762,0.223389,1.011475
3347321,0.147705,0.232178,1.006348
3352321,0.152832,0.223633,1.014404
3357321,0.153809,0.226807,1.011475
3362321,0.15625,0.226807,1.013916
3367321,0.154785,0.226807,1.016113
3372321,0.147461,0.226807,1.011719
3377321,0.152588,0.227295,1.00708
3382321,0.150635,0.227783,1.01001
3387321,0.151611,0.226807,1.011963
3392321,0.152344,0.226074,1.01123
3397321,0.148682,0.226807,1.006104
3402321,0.151123,0.230225,1.010254
3407321,0.154297,0.227539,1.009766
3412321,0.154297,0.227295,1.012207
3417321,0.154785,0.228027,1.005371
3422321,0.156494,0.229004,1.010986
3427321,0.1521,0.224609,1.009033
3432321,0.149414,0.22998,1.012207
3437321,0.14917,0.225342,1.013916
3442321,0.152588,0.232422,1.013184
3447321,0.155518,0.229736,1.007324
3452321,0.153809,0.227783,1.014404
3457321,0.156982,0.229736,1.014893
3462321,0.154785,0.226562,1.016113
3467321,0.15332,0.227051,1.015137
3472321,0.153076,0.228271,1.010986
3477321,0.154297,0.227295,1.009521
3482321,0.151855,0.229004,1.010498
3487321,0.150146,0.228271,1.013916
3492321,0.151123,0.224121,1.016113
3497321,0.153809,0.226318,1.01416
3502321,0.149658,0.226074,1.011475
3507321,0.152588,0.226074,1.007813
3512321,0.150879,0.229492,1.01709
3517321,0.154785,0.227051,1.008301
3522321,0.156982,0.226807,1.016846
3527321,0.152832,0.230225,1.016602
3532321,0.15625,0.227783,1.01123
3537321,0.154785,0.226074,1.012451
3542321,0.154785,0.223389,1.016357
3547321,0.158447,0.22876,1.01001
3552321,0.153076,0.228516,1.011963
3557321,0.153076,0.22998,1.01123
3562321,0.15332,0.223145,1.00415
3567321,0.153076,0.226562,1.012207
3572321,0.15332,0.229248,1.006836
3577321,0.152588,0.230957,1.010498
3582321,0.152832,0.229736,1.013428
3587321,0.155273,0.22583,1.012695
3592321,0.155518,0.227783,1.010986
3597321,0.150879,0.226562,1.010254
3602321,0.150391,0.22876,1.011963
3607321,0.154297,0.230713,1.008301
3612321,0.15332,0.229492,1.013916
3617321,0.15332,0.226318,1.01416
3622321,0.149902,0.22583,1.014648
3627321,0.978271,1.999939,-1.848145
3632321,1.276367,1.999939,-2.0
3637321,-1.606445,1.999939,-2.0
3642321,-1.656982,-0.045898,-2.0
3647321,0.857666,1.999939,1.493652
3652321,-0.264404,0.510254,-2.0
3657321,0.020752,1.887207,-2.0
3662321,0.553955,1.948242,-2.0
3667321,0.258057,1.999939,1.999939
3672321,-1.358887,1.32251,-2.0
3677321,-1.232178,1.892334,-2.0
3682321,0.103271,1.944824,-2.0
3687321,-1.175293,1.856445,-1.271973
3692321,0.180908,0.089111,-0.611328
3697321,-0.052246,0.404541,1.268066
3702321,-0.478271,1.635498,0.965576
3707321,0.099365,1.999939,0.993896
3712321,-0.135254,1.046875,0.957031
3717321,0.050293,1.999939,1.015625
3722321,0.168945,1.883057,1.022705
3727321,0.119385,1.999939,1.041748
3732321,0.28833,1.509277,1.425049
3737321,-0.225342,1.853271,-2.0
3742321,-0.79834,1.969482,1.909424
3747321,-0.219727,1.956299,1.232178
3752321,0.293701,1.36377,1.390381
3757321,-0.122803,1.649658,1.117676
3762321,0.184814,0.869141,1.038818
3767321,0.159668,1.999939,1.032227
3772321,0.064941,1.999939,1.104736
3777321,0.146729,0.34668,1.06958
3782321,0.178223,0.658447,1.026611
3787321,0.131592,0.281494,1.041748
3792321,0.172852,0.80127,1.034912
3797321,0.171875,0.232422,1.00293
3802321,0.159912,0.186279,1.030518
3807321,0.162109,0.275635,1.0
3812321,0.189697,0.960937,1.002197
3817321,0.174072,0.860352,1.056152
3822321,-1.328857,1.455078,-2.0
3827321,-0.44043,0.118164,1.156494
3832321,0.368896,1.499756,1.233887
3837321,0.114746,1.999939,1.180664
3842321,0.121582,1.999939,0.970947
3847321,0.133057,0.3479,0.960205
3852321,0.191162,1.635742,1.063477
3857321,0.09668,1.999939,1.074707
3862321,0.136719,1.83667,1.064697
3867321,0.142578,0.962646,1.046387
3872321,0.116943,0.297119,1.032715
3877321,0.161133,0.214111,1.02832
3882321,0.13916,0.234375,0.996826
3887321,0.181396,1.652832,0.589844
3892321,-1.325195,1.653076,-2.0
3897321,-0.039795,0.335449,1.057129
3902321,0.167969,0.142578,0.918945
3907321,0.148926,1.51416,1.078613
3912321,0.208984,1.999939,1.019775
3917321,0.184326,0.130371,0.966553
3922321,0.235352,0.142334,0.999023
3927321,0.123535,0.739746,1.047363
3932321,0.175781,0.22168,0.971924
3937321,-0.044922,1.999939,0.671631
3942321,-0.056885,1.110352,1.599609
3947321,0.170654,1.319092,0.923584
3952321,0.141846,1.550781,1.056885
3957321,0.141357,1.883545,1.043701
3962321,0.165039,0.237305,1.034424
3967321,0.146729,1.327148,1.009766
3972321,0.171631,1.418213,1.017822
3977321,0.017578,1.999939,0.842773
3982321,0.123779,1.999939,0.92041
3987321,0.161865,1.999939,1.07959
3992321,0.142822,1.999939,0.873535
3997321,0.046875,0.541992,1.012207
4002321,0.13916,0.446533,1.057129
4007321,0.112793,0.278809,0.990479
4012321,0.207275,1.903809,1.079834
4017321,0.149658,0.341553,1.018555
4022321,0.13916,0.185791,0.964355
4027321,0.155273,0.20166,0.976807
4032321,0.152832,0.207275,1.006104
4037321,0.159424,0.233887,1.027344
4042321,0.150146,0.241455,1.029541
4047321,0.157715,0.215576,1.015381
4052321,0.151123,0.181641,0.995605
4057321,0.148193,0.166748,0.965088
4062321,0.148437,0.186279,0.985596
4067321,0.156494,0.224854,1.011475
4072321,0.150635,0.251953,1.031006
4077321,0.14502,0.25708,1.032959
4082321,0.144531,0.243408,1.02002
4087321,0.14624,0.222168,0.994629
4092321,0.148437,0.2146,1.001953
4097321,0.154297,0.223877,1.012939
4102321,0.145508,0.245117,1.021484
4107321,0.140625,0.269775,1.037354
4112321,0.143066,0.268066,1.031982
4117321,0.143799,0.248535,1.016113
4122321,0.145996,0.229248,1.010254
4127321,0.15332,0.22168,1.005127
4132321,0.151367,0.22998,1.012451
4137321,0.145264,0.241699,1.020264
4142321,0.148926,0.258545,1.025635
4147321,0.148682,0.248291,1.026611
4152321,0.146729,0.23584,1.010742
4157321,0.152588,0.213867,0.994873
4162321,0.154297,0.202393,0.991699
4167321,0.148437,0.210449,1.00708
4172321,0.154541,0.220215,1.020752
4177321,0.156982,0.250732,1.01416
4182321,0.138184,0.197998,1.010498
4187321,0.15918,0.166016,0.979004
4192321,0.16748,0.137695,0.990234
4197321,0.142822,0.19751,1.049072
4202321,0.173096,0.217529,1.038086
4207321,0.145508,0.304443,1.059814
4212321,0.143555,0.297852,1.050537
4217321,0.179687,0.185303,0.890381
4222321,0.122314,0.270752,0.974609
4227321,0.085449,0.352539,1.024902
4232321,0.138428,0.254395,0.958252
4237321,0.155029,0.287354,1.006348
4242321,0.095459,0.333984,1.004395
4247321,0.112549,0.276367,0.995361
4252321,0.154053,0.245117,0.983154
4257321,0.170654,0.199951,0.98584
4262321,0.148437,0.200928,0.971191
4267321,0.138184,0.173828,0.942627
4272321,0.165283,0.160156,0.9729
4277321,0.166992,0.186035,1.01001
4282321,0.169922,0.227539,0.996338
4287321,0.187256,0.168213,1.038086
4292321,0.179443,0.311035,1.147217
4297321,0.134033,0.185303,1.043457
4302321,0.166504,0.215576,0.976807
4307321,0.125244,0.234863,0.966797
4312321,0.145996,0.286865,0.963623
4317321,0.133301,0.277588,1.022461
4322321,0.142822,0.281982,1.088379
4327321,0.137207,0.238525,1.038818
4332321,0.14917,0.234131,0.990967
4337321,0.143555,0.237305,0.986816
4342321,0.140625,0.270264,1.027344
4347321,0.138428,0.278809,1.058838
4352321,0.148437,0.263916,1.042236
4357321,0.162354,0.208496,1.003418
4362321,0.155029,0.179199,0.987793
4367321,0.169678,0.163818,1.042725
4372321,0.17041,0.195312,1.027832
4377321,0.169189,0.208252,1.017822
4382321,0.156738,0.196045,0.991211
4387321,0.153076,0.182861,0.97998
4392321,0.150879,0.175293,0.979492
4397321,0.154541,0.189941,0.984131
4402321,0.154541,0.215332,1.015137
4407321,0.155762,0.241943,1.024658
4412321,0.14917,0.255615,1.032959
4417321,0.145996,0.273438,1.039795
4422321,0.141602,0.260498,1.023438
4427321,0.145996,0.246094,1.019775
4432321,0.140137,0.238525,1.017578
4437321,0.145996,0.244141,1.018066
4442321,0.14209,0.26001,1.019287
4447321,0.143311,0.26709,1.026367
4452321,0.147705,0.261719,1.022461
4457321,0.14209,0.246582,1.019043
4462321,0.151367,0.232422,1.02124
4467321,0.152832,0.2229,1.015137
4472321,0.153809,0.213623,1.006104
4477321,0.151611,0.218262,1.009033
4482321,0.149902,0.213379,1.008789
4487321,0.173584,0.199707,0.993408
4492321,0.157959,0.178955,0.994385
4497321,0.160156,0.171387,0.99292
4502321,0.16333,0.177002,0.991699
4507321,0.155029,0.207031,1.003418
4512321,0.155029,0.186768,0.952148
4517321,0.158447,0.191406,0.964844
4522321,0.157715,0.278809,1.080566
4527321,0.140137,0.259277,1.09668
4532321,0.147217,0.269287,1.025635
4537321,0.134277,0.275391,1.012939
4542321,0.147217,0.27832,1.034424
4547321,0.135498,0.279297,1.025391
4552321,0.148926,0.270508,1.01001
4557321,0.147461,0.25708,1.003174
4562321,0.143555,0.250977,1.014648
4567321,0.150879,0.22168,1.006348
4572321,0.158447,0.196777,1.003174
4577321,0.15918,0.193848,1.003662
4582321,0.15625,0.187256,0.992187
4587321,0.156738,0.198975,1.009277
4592321,0.152588,0.222412,1.01123
4597321,0.152588,0.230713,1.0271
4602321,0.151611,0.23877,1.01001
4607321,0.137207,0.249756,1.010498
4612321,0.144043,0.246094,1.00708
4617321,0.138428,0.257813,1.026855
4622321,0.136475,0.253662,1.020752
4627321,0.146973,0.24292,1.018066
4632321,0.137939,0.239746,1.010742
4637321,0.149658,0.22583,1.01123
4642321,0.149414,0.215576,1.003906
4647321,0.154053,0.214355,1.005859
4652321,0.157715,0.210937,1.004883
4657321,0.154053,0.215332,1.005127
4662321,0.151123,0.218262,1.008545
4667321,0.157227,0.222656,1.009521
4672321,0.152832,0.223633,1.007568
4677321,0.148193,0.219971,1.005371
4682321,0.14917,0.232666,1.020752
4687321,0.148437,0.235352,1.026855
4692321,0.143311,0.242187,1.012695
4697321,0.141846,0.245361,1.015625
4702321,0.14209,0.23877,1.009766
4707321,0.144775,0.236816,1.010742
4712321,0.145752,0.239014,1.009033
4717321,0.138916,0.237793,1.007813
4722321,0.140381,0.244141,1.013916
4727321,0.139648,0.246826,1.017334
4732321,0.146973,0.235352,1.011719
4737321,0.148437,0.240967,1.017334
4742321,0.151611,0.23999,1.019043
4747321,0.156738,0.235596,1.006348
4752321,0.141602,0.240967,1.017334
4757321,0.153564,0.236816,1.018311
4762321,0.141846,0.237305,1.012207
4767321,0.142578,0.232666,1.011963
4772321,0.14209,0.232178,1.011719
4777321,0.149902,0.231201,1.007813
4782321,0.136719,0.223145,1.010498
4787321,0.14209,0.230713,1.015381
4792321,0.13916,0.239502,1.011475
4797321,0.137451,0.240723,1.016846
4802321,0.141357,0.249756,1.016846
4807321,0.152832,0.262207,1.017822
4812321,0.142578,0.248291,1.022217
4817321,0.151611,0.245605,1.019043
4822321,0.144531,0.249512,1.020508
4827321,0.155762,0.235107,1.015381
4832321,0.148682,0.229248,1.004883
4837321,0.166748,0.208008,1.00293
4842321,0.152832,0.218994,1.009766
4847321,0.162354,0.200928,1.007324
4852321,0.148437,0.207764,1.010986
4857321,0.153076,0.21582,1.009277
4862321,0.14502,0.227295,1.013184
4867321,0.14502,0.228027,1.013428
4872321,0.154053,0.237061,1.039063
4877321,0.14624,0.248291,0.997803
4882321,0.17334,0.252197,1.076416
4887321,0.135498,0.269531,1.095215
4892321,0.147217,0.253418,1.032715
4897321,0.149658,0.239014,1.01123
4902321,0.1521,0.229492,1.007568
4907321,0.151123,0.220703,1.011719
4912321,0.154541,0.21582,1.016602
4917321,0.151123,0.197754,0.998291
4922321,0.156982,0.193359,0.984375
4927321,0.159912,0.197998,0.99707
4932321,0.153076,0.191406,0.994873
4937321,0.153564,0.19043,0.996826
4942321,0.157471,0.200439,0.99707
4947321,0.159668,0.213867,1.006104
4952321,0.151123,0.229736,1.022705
4957321,0.148682,0.245361,1.021729
4962321,0.148926,0.250977,1.016357
4967321,0.145508,0.244873,1.019531
4972321,0.144775,0.246094,1.023682
4977321,0.142334,0.243408,1.026367
4982321,0.147949,0.25,1.014893
4987321,0.147461,0.246338,1.022217
4992321,0.144775,0.24707,1.019775
4997321,0.150391,0.230713,1.020264
5002321,0.147949,0.221924,1.010742
5007321,0.155762,0.212402,1.002441
5012321,0.153076,0.209961,1.001465
5017321,0.154297,0.210693,1.00293
5022321,0.15332,0.209961,1.001953
5027321,0.150391,0.210449,1.002686
5032321,0.154541,0.208496,0.99585
5037321,0.1521,0.218994,1.00708
5042321,0.15918,0.220947,1.009766
5047321,0.148193,0.230469,1.015869
5052321,0.147949,0.237549,1.014648
5057321,0.146973,0.239746,1.021729
5062321,0.14624,0.243652,1.022461
5067321,0.145996,0.238525,1.01709
5072321,0.146484,0.234375,1.020264
5077321,0.150391,0.233887,1.018066
5082321,0.150879,0.230957,1.015625
5087321,0.1521,0.230957,1.01123
5092321,0.15332,0.226318,1.010742
5097321,0.151855,0.219238,1.010986
5102321,0.152588,0.214844,1.004395
5107321,0.150879,0.211182,1.006104
5112321,0.152588,0.213867,1.005127
5117321,0.149414,0.212891,1.016113
5122321,0.147461,0.223389,1.009521
5127321,0.151611,0.226562,1.015137
5132321,0.148193,0.227783,1.015137
5137321,0.146973,0.230957,1.021484
5142321,0.147461,0.232178,1.014893
5147321,0.148437,0.234619,1.011475
5152321,0.146484,0.232178,1.019287
5157321,0.148193,0.233643,1.013916
5162321,0.150391,0.235107,1.012207
5167321,0.15332,0.227539,1.009277
5172321,0.152588,0.221191,1.011475
5177321,0.152344,0.21875,1.014404
5182321,0.152832,0.219482,1.015869
5187321,0.155029,0.221924,1.013428
5192321,0.154785,0.221191,1.008301
5197321,0.15332,0.223633,1.013672
5202321,0.151611,0.221191,1.009521
5207321,0.149414,0.224609,1.009521
5212321,0.151611,0.228516,1.008545
5217321,0.150146,0.230713,1.017334
5222321,0.150635,0.230469,1.014648
5227321,0.150146,0.233643,1.015869
5232321,0.154297,0.229736,1.015381
5237321,0.146973,0.226562,1.016357
5242321,0.151367,0.224609,1.010254
5247321,0.151855,0.223145,1.009766
5252321,0.150635,0.223389,1.010498
5257321,0.15332,0.223633,1.013428
5262321,0.148193,0.225342,1.006104
5267321,0.151611,0.221191,1.003174
5272321,0.150391,0.220459,1.012451
5277321,0.149414,0.2229,1.010986
5282321,0.152344,0.224365,1.012939
5287321,0.1521,0.224609,1.019775
5292321,0.152832,0.22998,1.01416
5297321,0.148682,0.231201,1.012939
5302321,0.148926,0.225342,1.013672
5307321,0.151611,0.228271,1.019531
5312321,0.150391,0.228271,1.016846
5317321,0.151367,0.225586,1.019531
5322321,0.151855,0.223389,1.01123
5327321,0.148193,0.225586,1.007324
5332321,0.150391,0.225586,1.012451
5337321,0.153076,0.225342,1.012207
5342321,0.148682,0.223633,1.015869
5347321,0.151611,0.218506,1.01416
5352321,0.154053,0.225098,1.015869
5357321,0.151367,0.226562,1.012207
5362321,0.147461,0.229248,1.009033
5367321,0.148926,0.229248,1.012451
5372321,0.151367,0.22583,1.009766
5377321,0.150391,0.22876,1.01416
5382321,0.155273,0.227051,1.009277
5387321,0.148682,0.228516,1.009766
5392321,0.157227,0.231689,1.015625
5397321,0.1521,0.228516,1.014648
5402321,0.154541,0.220947,1.007813
5407321,0.148193,0.224365,1.010498
5412321,0.152344,0.227539,1.011719
5417321,0.151123,0.228027,1.017822
5422321,0.148926,0.221436,1.018311
5427321,0.152344,0.227051,1.014648
5432321,0.149414,0.224121,1.008545
5437321,0.151123,0.229248,1.018799
5442321,0.147705,0.228271,1.010742
5447321,0.14917,0.225098,1.01001
5452321,0.149902,0.224365,1.015137
5457321,0.149414,0.229248,1.01709
5462321,0.151611,0.229248,1.013428
5467321,0.151855,0.226562,1.013428
5472321,0.149414,0.227783,1.010742
5477321,0.150635,0.226318,1.009033
5482321,0.150391,0.225586,1.010254
5487321,0.157227,0.227051,1.013184
5492321,0.149902,0.225586,1.010986
5497321,0.154785,0.233887,0.984619
5502321,0.155273,0.231689,0.989014
5507321,0.153076,0.217041,1.041992
5512321,0.145752,0.22876,1.018799
5517321,0.14502,0.232178,1.00293
5522321,0.151123,0.227539,1.012451
5527321,0.14624,0.22876,1.011719
5532321,0.150879,0.227539,1.007324
5537321,0.154541,0.224365,1.011963
5542321,0.152344,0.228516,1.018555
5547321,0.155762,0.227783,1.011963
5552321,0.155762,0.230225,1.01123
5557321,0.154785,0.227295,1.012451
5562321,0.151367,0.230225,1.016357
5567321,0.160156,0.227783,1.02002
5572321,0.155518,0.230225,1.016357
5577321,0.154541,0.224365,1.018311
5582321,0.153809,0.223877,1.015869
5587321,0.154297,0.226318,1.020264
5592321,0.153076,0.228516,1.016357
5597321,0.152832,0.226318,1.009521
5602321,0.150146,0.228516,1.02002
5607321,0.156006,0.233887,1.016113
5612321,0.148682,0.2229,1.009033
5617321,0.147705,0.233887,1.02417
5622321,0.150879,0.225342,1.008057
5627321,0.14917,0.220459,1.008789
5632321,0.145264,0.235107,1.019775
5637321,0.148437,0.221924,1.013428
5642321,0.153076,0.228516,1.007813
5647321,0.154785,0.224609,1.017578
5652321,0.14917,0.231934,1.013184
5657321,0.152344,0.226074,1.012939
5662321,0.149658,0.224365,1.012695
5667321,0.153076,0.223389,1.015869
5672321,0.150635,0.222168,1.010986
5677321,0.14917,0.232178,1.006348
5682321,0.149414,0.230713,1.012939
5687321,0.151367,0.22583,1.012939
5692321,0.153564,0.228516,1.012695
5697321,0.151855,0.224854,1.013916
5702321,0.153564,0.227295,1.01001
5707321,0.150635,0.229004,1.010498
5712321,0.147949,0.22583,1.009766
5717321,0.150879,0.227051,1.01001
5722321,0.145996,0.227295,1.009033
5727321,0.151367,0.226807,1.011475
5732321,0.144287,0.223877,1.015625
5737321,0.147949,0.222168,1.010986
5742321,0.146729,0.222412,1.008789
5747321,0.144287,0.228027,1.00708
5752321,0.148682,0.22583,1.006348
5757321,0.151611,0.223389,1.014893
5762321,0.150391,0.2229,1.015869
5767321,0.151611,0.22168,1.017822
5772321,0.147705,0.225098,1.012451
5777321,0.148193,0.223389,1.01416
5782321,0.148682,0.224121,1.008789
5787321,0.153809,0.224121,1.01123
5792321,0.151611,0.229736,1.011719
5797321,0.149414,0.225098,1.012939
5802321,0.147217,0.222168,1.007568
5807321,0.149902,0.224121,1.003418
5812321,0.152588,0.22583,1.008301
5817321,0.151367,0.223389,1.013184
5822321,0.143311,0.224121,1.006104
5827321,0.145752,0.220459,1.013916
5832321,0.145752,0.222168,1.001221
5837321,0.140137,0.228027,1.00293
5842321,0.141113,0.226807,1.008057
5847321,0.151855,0.225586,1.012939
5852321,0.153809,0.225098,1.020264
5857321,0.1604,0.220947,1.022705
5862321,0.158936,0.226318,1.020752
5867321,0.159668,0.225098,1.01709
5872321,0.156494,0.221924,1.018066
5877321,0.153076,0.226318,1.021484
5882321,0.156494,0.225586,1.023193
5887321,0.145508,0.227295,1.02124
5892321,0.146484,0.227783,1.011719
5897321,0.145264,0.223633,1.015625
5902321,0.14502,0.229736,1.015381
5907321,0.150146,0.231445,1.014648
5912321,0.155518,0.228271,1.013428
5917321,0.150146,0.229248,1.013428
5922321,0.151855,0.229248,1.015381
5927321,0.1521,0.234131,1.012939
5932321,0.150879,0.227783,1.018066
5937321,0.157471,0.222656,1.017334
5942321,0.151123,0.225098,1.015625
5947321,0.152344,0.226807,1.018555
5952321,0.149658,0.228516,1.016113
5957321,0.144043,0.219971,1.016846
5962321,0.143555,0.222656,1.012207
5967321,0.143799,0.223389,1.008545
5972321,0.141846,0.225586,1.007324
5977321,0.13916,0.229492,1.005615
5982321,0.144775,0.230957,1.000488
5987321,0.144775,0.226807,1.007813
5992321,0.147949,0.230225,1.010254
5997321,0.149902,0.227783,1.013916
6002321,0.149902,0.226807,1.013184
6007321,0.154785,0.221924,1.023926
6012321,0.151123,0.221436,1.015869
6017321,0.147461,0.229004,1.006592
6022321,0.143555,0.22168,1.006592
6027321,0.145996,0.218018,1.008545
6032321,0.145264,0.222168,1.00293
6037321,0.14502,0.221924,1.005859
6042321,0.152832,0.225586,1.01001
6047321,0.154541,0.223145,1.019287
6052321,0.156006,0.227051,1.017578
6057321,0.152344,0.229736,1.009766
6062321,0.151123,0.231201,1.009766
6067321,0.148926,0.232422,1.015137
6072321,0.153564,0.230957,1.011475
6077321,0.150146,0.225586,1.014648
6082321,0.152588,0.22583,1.021973
6087321,0.151367,0.227051,1.013916
6092321,0.149658,0.224854,1.009277
6097321,0.145996,0.223389,1.011475
6102321,0.147705,0.224121,1.006836
6107321,0.148193,0.224121,1.005859
6112321,0.152344,0.223389,1.013428
6117321,0.150879,0.227051,1.014404
6122321,0.1521,0.228027,1.017578
6127321,0.157227,0.223389,1.027588
6132321,0.152832,0.229736,1.013916
6137321,0.151123,0.226807,1.014404
6142321,0.144531,0.230713,1.008057
6147321,0.143799,0.226807,1.010986
6152321,0.146973,0.233154,1.007568
6157321,0.144287,0.226562,1.008545
6162321,0.159912,0.225586,1.020996
6167321,0.152588,0.225586,1.013916
6172321,0.154297,0.226562,1.023193
6177321,0.149658,0.227295,1.018066
6182321,0.146973,0.225586,1.008789
6187321,0.150391,0.228271,1.006104
6192321,0.14917,0.22998,1.006104
6197321,0.154785,0.227295,1.013428
6202321,0.158447,0.224121,1.014893
6207321,0.147217,0.22583,1.013916
6212321,0.152832,0.22876,1.006592
6217321,0.149658,0.226074,1.01001
6222321,0.153076,0.227783,1.007324
6227321,0.152832,0.229248,1.012451
6232321,0.151367,0.229492,1.012207
6237321,0.152588,0.232178,1.019775
6242321,0.155518,0.225342,1.00708
6247321,0.161377,0.223877,1.02002
6252321,0.157227,0.227051,1.019531
6257321,0.158447,0.224365,1.016846
6262321,0.15332,0.225586,1.02002
6267321,0.150391,0.228516,1.013672
6272321,0.146973,0.227539,1.020508
6277321,0.14502,0.225098,1.020996
6282321,0.145996,0.226562,1.017822
6287321,0.145752,0.2229,1.014893
6292321,0.140381,0.226318,1.013184
6297321,0.143066,0.221191,1.018555
6302321,0.140625,0.223145,1.005615
6307321,0.143311,0.221924,1.012939
6312321,0.142822,0.226318,1.007813
6317321,0.142578,0.2229,1.00708
6322321,0.144531,0.223633,1.009033
6327321,0.142822,0.220947,1.005859
6332321,0.143555,0.223145,1.004639
6337321,0.138916,0.22583,1.00293
6342321,0.13916,0.223877,1.001709
6347321,0.145508,0.227539,1.003418
6352321,0.149902,0.2229,1.014648
6357321,0.154297,0.223145,1.018799
6362321,0.1521,0.222168,1.019287
6367321,0.150879,0.227295,1.011719
6372321,0.150146,0.227783,1.010742
6377321,0.150635,0.229004,1.010498
6382321,0.152344,0.224365,1.015869
6387321,0.1521,0.221924,1.016602
6392321,0.155029,0.217773,1.016113
6397321,0.1521,0.227539,1.002441
6402321,0.146973,0.230225,1.002441
6407321,0.151855,0.230225,1.016846
6412321,0.152832,0.224365,1.015869
6417321,0.154541,0.224854,1.009277
6422321,0.147461,0.228271,1.008057
6427321,0.145752,0.230225,1.015381
6432321,0.147217,0.220459,1.017578
6437321,0.152588,0.221924,1.016357
6442321,0.150879,0.225586,1.014404
6447321,0.148437,0.226807,1.00708
6452321,0.145996,0.224365,1.015869
6457321,0.156982,0.225098,1.01416
6462321,0.154785,0.225098,1.015137
6467321,0.152832,0.224609,1.023926
6472321,0.149902,0.22583,1.015137
6477321,0.149902,0.226318,1.012695
6482321,0.146729,0.230713,1.009277
6487321,0.144287,0.23291,1.004883
6492321,0.149414,0.232178,1.012939
6497321,0.152344,0.22583,1.013184
6502321,0.15625,0.22168,1.028564
6507321,0.152832,0.2229,1.019043
6512321,0.152588,0.220703,1.013428
6517321,0.147461,0.229004,1.006104
6522321,0.150635,0.231934,1.010498
6527321,0.148682,0.224854,1.012207
6532321,0.155273,0.226562,1.014893
6537321,0.153809,0.227783,1.016602
6542321,0.159424,0.226074,1.010742
6547321,0.156494,0.222656,1.012207
6552321,0.155762,0.22876,1.016113
6557321,0.149658,0.226074,1.016602
6562321,0.149414,0.226562,1.022217
6567321,0.143799,0.230957,1.009033
6572321,0.141357,0.231689,1.012695
6577321,0.14502,0.227051,1.01709
6582321,0.146973,0.22583,1.006836
6587321,0.154541,0.22876,1.012451
6592321,0.154297,0.228027,1.010986
6597321,0.157715,0.228027,1.019043
6602321,0.151367,0.223877,1.015137
6607321,0.147461,0.223633,1.011963
6612321,0.147461,0.222656,1.006104
6617321,0.14624,0.226074,1.007568
6622321,0.149902,0.22998,1.009521
6627321,0.148682,0.232422,1.007324
6632321,0.151367,0.227295,1.019043
6637321,0.150391,0.227539,1.014893
6642321,0.157959,0.226807,1.029785
6647321,0.147705,0.229492,1.005127
6652321,0.153076,0.224365,1.020264
6657321,0.13916,0.223145,1.000244
6662321,0.146484,0.225098,1.01416
6667321,0.143799,0.229248,0.998779
6672321,0.151855,0.229492,1.019531
6677321,0.150146,0.228271,1.005615
6682321,0.157959,0.222168,1.029297
6687321,0.150391,0.224609,1.015869
6692321,0.153076,0.228271,1.016113
6697321,0.1521,0.224854,1.015625
6702321,0.140625,0.229736,1.001709
6707321,0.147461,0.232422,1.012207
6712321,0.151123,0.221924,1.020752
6717321,0.14917,0.226807,1.013184
6722321,0.147217,0.224609,1.010498
6727321,0.153809,0.22998,1.008057
6732321,0.154541,0.22583,1.022461
6737321,0.156494,0.223877,1.013184
6742321,0.156006,0.225586,1.013428
6747321,0.149658,0.225586,1.011719
6752321,0.150146,0.228271,1.009033
6757321,0.148437,0.234863,1.011475
6762321,0.150146,0.227539,1.01123
6767321,0.149658,0.224854,1.002686
6772321,0.149902,0.225098,1.014648
6777321,0.154297,0.227539,1.02417
6782321,0.149902,0.232666,1.007813
6787321,0.147705,0.22168,1.003174
6792321,0.150391,0.226074,1.015137
6797321,0.145264,0.224121,1.002197
6802321,0.147949,0.22876,1.002441
6807321,0.150879,0.224854,1.019775
6812321,0.147705,0.227051,1.005371
6817321,0.159668,0.227051,1.028809
6822321,0.151123,0.226807,1.015625
6827321,0.151855,0.226562,1.005859
6832321,0.153076,0.231445,1.018799
6837321,0.148682,0.231689,1.016602
6842321,0.147949,0.226074,1.01416
6847321,0.152588,0.225586,1.017578
6852321,0.147705,0.228271,1.008789
6857321,0.152832,0.224121,1.018555
6862321,0.146729,0.217041,1.010742
6867321,0.150635,0.228027,1.003418
6872321,0.145996,0.223877,1.017578
6877321,0.146973,0.223877,1.015869
6882321,0.148682,0.225586,1.00415
6887321,0.150635,0.223145,1.015381
6892321,0.151123,0.226318,1.013916
6897321,0.157227,0.230957,1.014648
6902321,0.156494,0.229492,1.015137
6907321,0.151367,0.229248,1.018311
6912321,0.150635,0.224365,1.019531
6917321,0.150635,0.228027,1.017334
6922321,0.152588,0.224365,1.018066
6927321,0.151367,0.223877,1.013672
6932321,0.147217,0.227783,1.016602
6937321,0.149902,0.227295,1.006104
6942321,0.153809,0.222412,1.009277
6947321,0.150146,0.223145,1.011719
6952321,0.148926,0.227539,1.005615
6957321,0.149902,0.225098,1.006592
6962321,0.149658,0.226074,1.019043
6967321,0.151123,0.22583,1.016846
6972321,0.150146,0.226562,1.013672
6977321,0.150879,0.227539,1.012207
6982321,0.145264,0.229736,1.006836
6987321,0.154297,0.221436,1.009521
6992321,0.153809,0.22998,1.014648
6997321,0.151855,0.226318,1.011963
7002321,0.148926,0.229492,1.009033
7007321,0.14917,0.225586,1.002441
7012321,0.145752,0.224609,1.005371
7017321,0.147461,0.227051,1.012939
7022321,0.154053,0.228271,1.006592
7027321,0.148682,0.229248,1.007568
7032321,0.153076,0.230469,1.014404
7037321,0.152344,0.229492,1.017578
7042321,0.14624,0.227295,1.010986
7047321,0.14624,0.230469,1.012695
7052321,0.150391,0.228027,1.009033
7057321,0.150879,0.22876,1.013184
7062321,0.158447,0.225342,1.010742
7067321,0.15625,0.226807,1.019775
7072321,0.152832,0.226074,1.012451
7077321,0.155273,0.226318,1.019531
7082321,0.15332,0.224609,1.01123
7087321,0.148682,0.222412,1.011719
7092321,0.150635,0.221436,1.019287
7097321,0.148926,0.224365,1.018066
7102321,0.150391,0.225586,1.014893
7107321,0.148682,0.228271,1.017334
7112321,0.149902,0.225342,1.012939
7117321,0.1521,0.229736,1.016113
7122321,0.148926,0.225342,1.012939
7127321,0.14624,0.226807,1.013672
7132321,0.144287,0.223633,1.017334
7137321,0.148437,0.223145,1.011963
7142321,0.147949,0.22876,1.008545
7147321,0.153564,0.227539,1.009521
7152321,0.15625,0.225342,1.019043
7157321,0.150146,0.224854,1.013672
7162321,0.152832,0.223145,1.016357
7167321,0.150146,0.225586,1.01416
7172321,0.154541,0.227783,1.014648
7177321,0.14502,0.229492,1.012451
7182321,0.151367,0.227295,1.012695
7187321,0.14917,0.227783,1.017578
7192321,0.151855,0.221191,1.013672
7197321,0.14917,0.225342,1.013916
7202321,0.149902,0.226562,1.008789
7207321,0.152588,0.227539,1.002441
7212321,0.155029,0.222412,1.016846
7217321,0.149414,0.226562,1.011475
7222321,0.148193,0.22876,1.008789
7227321,0.153076,0.228027,1.016602
7232321,0.156494,0.225098,1.016357
7237321,0.14917,0.223389,1.013184
7242321,0.148926,0.224365,1.007324
7247321,0.154541,0.227783,1.015625
7252321,0.149902,0.227783,1.014404
7257321,0.150391,0.232422,1.011475
7262321,0.150146,0.228516,1.018311
7267321,0.151123,0.22876,1.011475
7272321,0.154785,0.228027,1.010986
7277321,0.15332,0.220947,1.012207
7282321,0.1521,0.228516,1.008789
7287321,0.148437,0.227539,1.011475
7292321,0.154785,0.226074,1.008545
7297321,0.149902,0.2229,1.017822
7302321,0.152832,0.227295,1.014404
7307321,0.151123,0.226074,1.015137
7312321,0.14917,0.225586,1.013428
7317321,0.147705,0.225342,1.010254
7322321,0.144043,0.229248,1.019531
7327321,0.145752,0.222168,1.014893
7332321,0.150879,0.225586,1.017334
7337321,0.149658,0.227539,1.013428
7342321,0.147705,0.226318,1.015137
7347321,0.148437,0.226562,1.013184
7352321,0.150635,0.224365,1.011719
7357321,0.151123,0.225098,1.008301
7362321,0.150635,0.225098,1.003174
7367321,0.148926,0.222168,1.011963
7372321,0.14917,0.223145,1.007568
7377321,0.148926,0.227539,1.010986
7382321,0.153076,0.230469,1.01416
7387321,0.152344,0.226807,1.013672
7392321,0.150391,0.224854,1.009033
7397321,0.152344,0.226562,1.019287
7402321,0.149902,0.224609,1.016357
7407321,0.152832,0.227051,1.016357
7412321,0.148437,0.224609,1.009766
7417321,0.153076,0.225342,1.009521
7422321,0.155518,0.22583,1.00708
7427321,0.152588,0.225098,1.018555
7432321,0.151611,0.226074,1.013184
7437321,0.151855,0.225098,1.008789
7442321,0.149414,0.22998,1.013672
7447321,0.14502,0.226318,1.02124
7452321,0.151367,0.227783,1.014404
7457321,0.1521,0.22583,1.009033
7462321,0.152344,0.22876,1.011719
7467321,0.150391,0.227539,1.012695
7472321,0.151855,0.22876,1.01709
7477321,0.150635,0.224609,1.017334
7482321,0.150879,0.231934,1.011475
7487321,0.154541,0.227051,1.006836
7492321,0.151855,0.226074,1.015381
7497321,0.15625,0.225098,1.019043
7502321,0.1521,0.223877,1.015381
7507321,0.143066,0.231934,1.000244
7512321,0.146729,0.231689,1.010742
7517321,0.152832,0.226318,1.017822
7522321,0.145264,0.229004,1.006836
7527321,0.149902,0.228271,1.015869
7532321,0.146484,0.222168,1.013916
7537321,0.14502,0.230469,1.015137
7542321,0.151367,0.229492,1.022217
7547321,0.155273,0.226318,1.020752
7552321,0.1521,0.226074,1.021729
7557321,0.148193,0.228027,1.019775
7562321,0.15332,0.227783,1.008545
7567321,1.984619,-2.0,1.999939
7572321,1.999939,1.999939,-2.0
7577321,-2.0,0.237305,-2.0
7582321,0.624023,1.999939,1.999939
7587321,1.192139,1.999939,1.999939
7592321,-0.052246,1.560547,-0.255371
7597321,0.665039,1.999939,-0.032959
7602321,-0.335449,1.999939,-2.0
7607321,-2.0,1.837646,-2.0
7612321,0.667969,0.453369,0.656738
7617321,0.375977,0.482422,1.999939
7622321,0.060303,0.25293,1.328369
7627321,-0.005127,0.157715,0.705566
7632321,0.391357,0.073486,1.303467
7637321,0.118408,0.54834,1.051025
7642321,0.207031,0.238281,1.040283
7647321,0.115479,0.223145,1.04126
7652321,0.135498,0.172363,0.963623
7657321,0.185303,0.072998,0.85791
7662321,0.186768,0.151611,1.022461
7667321,0.122314,0.230225,1.044922
7672321,0.156982,0.240723,1.055908
7677321,0.140869,0.249756,1.045166
7682321,0.168945,0.26123,1.0354
7687321,0.135742,0.19165,0.949463
7692321,1.999939,1.999939,1.999939
7697321,1.999939,0.497559,1.999939
7702321,0.053955,1.366211,-1.755371
7707321,0.003174,1.159424,1.108154
7712321,-1.64917,1.480225,0.583984
7717321,0.091553,0.285156,1.059814
7722321,0.575195,1.081543,1.930908
7727321,0.095215,1.999939,1.33252
7732321,-0.252197,1.999939,-1.093506
7737321,0.168457,1.688232,1.310547
7742321,0.13208,0.9729,0.64917
7747321,0.031982,0.21875,0.682861
7752321,0.176025,1.160645,1.0979
7757321,0.216553,0.473389,1.046631
7762321,-0.305664,0.323242,1.065674
7767321,0.054932,0.363281,0.632812
7772321,-0.664062,1.769287,-2.0
7777321,-1.604248,1.999939,1.224365
7782321,-0.69873,1.999939,0.806885
7787321,0.180664,0.275391,0.924316
7792321,0.106689,1.999939,1.142334
7797321,0.133545,1.999939,0.994141
7802321,0.256836,1.999939,1.160156
7807321,0.105957,1.999939,1.150635
7812321,0.126709,1.999939,1.055176
7817321,0.123535,1.729248,0.945312
7822321,0.093994,1.418701,0.983643
7827321,0.153809,0.484863,1.04126
7832321,0.149658,0.250732,1.053467
7837321,0.150635,0.27417,1.032471
7842321,0.151367,0.175293,0.988525
7847321,0.150879,0.185547,0.988037
7852321,0.148193,0.163818,0.970215
7857321,0.165039,0.133545,0.962402
7862321,0.079102,1.165527,0.939209
7867321,0.10376,0.087402,0.937988
7872321,0.287598,1.731201,1.999939
7877321,-0.359619,0.553711,-1.756104
7882321,-0.503418,1.145752,-0.611328
7887321,0.119629,0.339355,1.999939
7892321,-0.025391,1.999939,1.126709
7897321,0.066162,1.425049,1.356689
7902321,0.332764,0.206787,1.427002
7907321,0.109375,1.51709,1.283936
7912321,0.169434,1.439209,0.92041
7917321,0.122559,0.811279,0.981201
7922321,-1.188232,1.999939,-0.41748
7927321,-0.633545,1.999939,0.606934
7932321,-0.204834,1.999939,0.868896
7937321,0.230957,0.855713,1.231934
7942321,0.115479,1.999939,0.9729
7947321,-0.056152,1.999939,1.001465
7952321,0.019531,0.562988,0.883301
7957321,0.140381,1.574951,0.913086
7962321,0.180176,0.325684,1.029785
7967321,0.176514,0.914062,1.047607
7972321,0.177002,0.151367,1.012207
7977321,0.137207,1.950439,0.969727
7982321,0.14624,1.999939,0.959473
7987321,0.168945,0.786133,1.016113
7992321,0.140137,0.236816,1.027588
7997321,0.14209,0.262207,1.00708
8002321,0.130371,0.275146,1.047607
8007321,0.140869,0.304688,1.044678
8012321,0.130127,0.273193,1.002686
8017321,0.141846,0.239258,1.002686
8022321,0.150391,0.252197,1.028564
8027321,0.149902,0.258301,1.04248
8032321,0.13916,0.274658,1.045166
8037321,0.144043,0.258789,1.039307
8042321,0.143311,0.242432,1.010254
8047321,0.143799,0.220459,0.996826
8052321,0.14917,0.205322,0.999756
8057321,0.157715,0.192139,0.997559
8062321,0.160645,0.190186,1.004395
8067321,0.158691,0.205566,1.01709
8072321,0.152344,0.200195,1.006836
8077321,0.153076,0.20166,0.99585
8082321,0.148193,0.194336,0.981201
8087321,0.155273,0.195312,0.985352
8092321,0.156006,0.205566,1.012939
8097321,0.158936,0.21167,1.024902
8102321,0.151855,0.22876,1.021973
8107321,0.140625,0.24585,1.02002
8112321,0.140381,0.246826,1.009033
8117321,0.142822,0.241455,1.013916
8122321,0.142822,0.245117,1.025391
8127321,0.146484,0.240723,1.027832
8132321,0.143311,0.250732,1.031982
8137321,0.139893,0.259521,1.032471
8142321,0.138428,0.253418,1.01709
8147321,0.143799,0.261963,1.014404
8152321,0.145508,0.238525,1.01416
8157321,0.152344,0.229248,1.014893
8162321,0.147949,0.2229,1.018066
8167321,0.144287,0.219971,1.014404
8172321,0.137939,0.212158,1.008057
8177321,0.147217,0.232422,1.002197
8182321,0.154297,0.22168,1.005371
8187321,0.150879,0.204102,0.996582
8192321,0.148682,0.203613,1.013916
8197321,0.145752,0.19751,0.998779
8202321,0.155273,0.205078,1.014404
8207321,0.150391,0.160889,0.983154
8212321,0.197754,0.024902,0.991699
8217321,0.128418,0.277344,1.132813
8222321,0.144287,0.189697,1.0979
8227321,0.090332,0.146729,1.065186
8232321,0.144043,0.298096,1.127197
8237321,0.083252,0.392822,1.293701
8242321,0.00415,0.217285,1.020264
8247321,0.111816,0.241211,0.929932
8252321,0.154297,0.209473,0.908203
8257321,0.165527,0.311279,1.126465
8262321,0.139404,0.303467,0.971924
8267321,0.17041,0.318604,0.992432
8272321,0.155518,0.356689,0.957764
8277321,0.190186,0.308594,0.915771
8282321,0.142334,0.180664,0.762207
8287321,0.167725,0.116211,0.835693
8292321,0.21582,0.114258,0.9729
8297321,0.234619,0.150635,1.020508
8302321,0.187256,0.186523,1.037842
8307321,0.121094,0.174805,1.023193
8312321,0.143799,0.26416,1.07373
8317321,0.151855,0.22998,1.03418
8322321,0.125244,0.291992,1.111572
8327321,0.125244,0.34668,1.095215
8332321,0.11792,0.342041,1.151123
8337321,0.14917,0.318115,1.127686
8342321,0.147217,0.249756,1.08252
8347321,0.162109,0.199219,1.033936
8352321,0.156982,0.1604,0.993652
8357321,0.144531,0.189941,0.974854
8362321,0.126709,0.1875,0.962402
8367321,0.140137,0.193359,0.960937
8372321,0.14502,0.172119,0.970703
8377321,0.164062,0.150146,0.989258
8382321,0.175781,0.160156,1.021729
8387321,0.147461,0.156982,1.00708
8392321,0.145996,0.152588,1.01001
8397321,0.108398,0.217285,1.04126
8402321,0.134521,0.213867,0.973145
8407321,0.134766,0.227295,0.979736
8412321,0.137207,0.217041,1.039551
8417321,0.13501,0.192871,1.019043
8422321,0.138428,0.237793,1.04248
8427321,0.141357,0.259521,1.062744
8432321,0.139648,0.268799,1.048828
8437321,0.132324,0.258545,1.022461
8442321,0.137939,0.237549,1.022949
8447321,0.143311,0.211426,1.010254
8452321,0.144043,0.220215,1.032471
8457321,0.143799,0.227295,1.048584
8462321,0.131104,0.235107,1.031738
8467321,0.128662,0.231445,1.016357
8472321,0.132568,0.210937,0.999268
8477321,0.142578,0.179687,0.991943
8482321,0.152344,0.157959,0.993896
8487321,0.156738,0.161865,0.998779
8492321,0.153076,0.176025,1.003174
8497321,0.147705,0.196533,1.009521
8502321,0.141357,0.21167,1.010986
8507321,0.140869,0.210937,1.014893
8512321,0.144287,0.202148,1.014893
8517321,0.142822,0.201416,1.020508
8522321,0.14502,0.208252,1.022461
8527321,0.149902,0.209961,1.016846
8532321,0.144287,0.160156,0.957764
8537321,0.14502,0.216064,1.019043
8542321,0.181641,0.164551,1.154541
8547321,0.112549,0.243164,1.094971
8552321,0.191895,0.169189,0.946045
8557321,0.107178,0.206055,0.993408
8562321,0.147217,0.229248,1.023926
8567321,0.128418,0.246094,1.047607
8572321,0.126953,0.25415,1.054199
8577321,0.13623,0.230469,1.018799
8582321,0.135254,0.20874,1.01416
8587321,0.134766,0.20166,1.023926
8592321,0.141357,0.204102,1.005615
8597321,0.134521,0.202148,1.009766
8602321,0.148926,0.205566,1.018799
8607321,0.147217,0.213379,1.018311
8612321,0.154053,0.196289,1.019775
8617321,0.15332,0.180908,0.995117
8622321,0.142822,0.182617,0.992676
8627321,0.134033,0.195312,1.011475
8632321,0.121826,0.213623,1.027344
8637321,0.120361,0.241455,1.026855
8642321,0.131592,0.242676,1.026367
8647321,0.126709,0.237793,1.025391
8652321,0.128418,0.227539,1.021973
8657321,0.129395,0.22876,1.032227
8662321,0.133301,0.253174,1.044434
8667321,0.130615,0.249756,1.025146
8672321,0.137207,0.235107,1.022705
8677321,0.140625,0.210937,1.019775
8682321,0.146484,0.192871,1.007813
8687321,0.148437,0.144775,0.969482
8692321,0.150879,0.164795,0.991943
8697321,0.147217,0.169189,0.995361
8702321,0.144287,0.186035,1.013184
8707321,0.13623,0.20166,1.011475
8712321,0.147461,0.189209,0.999512
8717321,0.138184,0.193115,1.011475
8722321,0.138672,0.205322,1.009766
8727321,0.075195,0.284912,1.138916
8732321,0.118652,0.279297,0.971191
8737321,0.147461,0.290527,1.05249
8742321,0.130127,0.238281,1.008545
8747321,0.138428,0.195557,1.024902
8752321,0.140869,0.238037,1.021729
8757321,0.122803,0.265137,1.008301
8762321,0.132812,0.267578,1.02002
8767321,0.142578,0.234863,1.008789
8772321,0.152344,0.193359,1.016357
8777321,0.157471,0.192139,1.014893
8782321,0.130615,0.234863,1.034912
8787321,0.135986,0.26123,1.041992
8792321,0.135498,0.264893,1.060791
8797321,0.126221,0.262207,1.053467
8802321,0.154785,0.212891,1.008789
8807321,0.131104,0.191162,1.000244
8812321,0.11084,0.178467,0.973633
8817321,0.165039,0.214355,1.029785
8822321,0.133057,0.217773,1.016602
8827321,0.148682,0.205566,0.993408
8832321,0.12793,0.197998,0.987061
8837321,0.146973,0.166992,0.96167
8842321,0.142334,0.144043,0.953613
8847321,0.143066,0.145752,0.970703
8852321,0.147949,0.181152,1.010986
8857321,0.140137,0.218506,1.046875
8862321,0.135986,0.236572,1.028809
8867321,0.135742,0.234131,1.027832
8872321,0.139893,0.210693,1.01709
8877321,0.139893,0.202393,1.008545
8882321,0.141846,0.22168,1.02002
8887321,0.144531,0.236816,1.038574
8892321,0.137451,0.248047,1.042725
8897321,0.128418,0.256836,1.033691
8902321,0.137939,0.240967,1.022461
8907321,0.134277,0.220215,1.019775
8912321,0.144531,0.206543,1.013672
8917321,0.13501,0.200684,1.017822
8922321,0.140625,0.205078,1.015869
8927321,0.143555,0.204102,1.014893
8932321,0.138184,0.210937,1.012695
8937321,0.147217,0.196777,1.001465
8942321,0.152344,0.177734,1.00293
8947321,0.148926,0.17627,1.004639
8952321,0.149902,0.1875,1.009277
8957321,0.13916,0.207031,1.015625
8962321,0.139648,0.226318,1.026611
8967321,0.13208,0.234375,1.023193
8972321,0.13916,0.231201,1.031738
8977321,0.133545,0.214111,1.017578
8982321,0.13208,0.217773,1.018555
8987321,0.131592,0.218262,1.026855
8992321,0.130127,0.219238,1.030029
8997321,0.134033,0.226318,1.039063
9002321,0.138672,0.226074,1.030762
9007321,0.145996,0.205078,1.012695
9012321,0.141602,0.188965,1.014893
9017321,0.151123,0.193604,1.005371
9022321,0.14502,0.190186,1.003662
9027321,0.144775,0.207031,1.014648
9032321,0.141113,0.212402,1.019043
9037321,0.14624,0.207275,1.011719
9042321,0.141846,0.207031,1.020508
9047321,0.139404,0.210205,1.017578
9052321,0.136719,0.204834,1.010254
9057321,0.134033,0.219238,1.014404
9062321,0.128906,0.228027,1.030273
9067321,0.130615,0.231201,1.025146
9072321,0.132568,0.223389,1.012939
9077321,0.133301,0.216064,1.012207
9082321,0.138428,0.210937,1.016357
9087321,0.138428,0.203369,0.997559
9092321,0.143066,0.210449,1.014893
9097321,0.14502,0.211914,1.015137
9102321,0.142578,0.213135,1.014404
9107321,0.141602,0.207764,1.012207
9112321,0.141846,0.19873,1.003174
9117321,0.145508,0.202393,1.005127
9122321,0.141357,0.206299,1.016846
9127321,0.137695,0.213867,1.023926
9132321,0.134277,0.217529,1.02124
9137321,0.137207,0.222168,1.023926
9142321,0.132568,0.212158,1.023193
9147321,0.138184,0.2146,1.02124
9152321,0.137451,0.213623,1.019531
9157321,0.142334,0.207764,1.020264
9162321,0.135986,0.213135,1.023193
9167321,0.143066,0.2146,1.016602
9172321,0.140137,0.208496,1.019775
9177321,0.143799,0.205811,1.016357
9182321,0.141846,0.202881,1.007813
9187321,0.141602,0.19873,1.015869
9192321,0.140869,0.204102,1.02124
9197321,0.138916,0.214111,1.022217
9202321,0.138672,0.212158,1.017578
9207321,0.142578,0.21582,1.02124
9212321,0.138916,0.213867,1.018555
9217321,0.141113,0.207275,1.02002
9222321,0.140625,0.209229,1.019775
9227321,0.137939,0.212646,1.024414
9232321,0.13916,0.217773,1.023926
9237321,0.137451,0.219238,1.018311
9242321,0.139648,0.215576,1.018799
9247321,0.139893,0.211914,1.017578
9252321,0.145264,0.200928,1.015381
9257321,0.141846,0.210205,1.020264
9262321,0.140625,0.211914,1.025635
9267321,0.141357,0.208008,1.021729
9272321,0.137451,0.214844,1.017822
9277321,0.142822,0.2146,1.020752
9282321,0.140625,0.208008,1.014648
9287321,0.143066,0.210205,1.019775
9292321,0.139648,0.21582,1.02002
9297321,0.13916,0.217041,1.018555
9302321,0.140869,0.215088,1.025391
9307321,0.143555,0.212891,1.012939
9312321,0.143555,0.217773,1.010986
9317321,0.145508,0.20874,1.018311
9322321,0.145264,0.208984,1.019531
9327321,0.143555,0.208984,1.014893
9332321,0.14209,0.215332,1.014404
9337321,0.143066,0.20752,1.016357
9342321,0.141357,0.213379,1.016357
9347321,0.141357,0.214111,1.012695
9352321,0.141113,0.210693,1.015137
9357321,0.144531,0.216309,1.015137
9362321,0.144531,0.211182,1.016846
9367321,0.141602,0.217529,1.024658
9372321,0.142334,0.212158,1.022217
9377321,0.135986,0.212891,1.02002
9382321,0.137451,0.211426,1.022705
9387321,0.136963,0.20874,1.014404
9392321,0.139648,0.21167,1.009766
9397321,0.140869,0.211182,1.010254
9402321,0.137207,0.208984,1.017822
9407321,0.138184,0.208984,1.013916
9412321,0.140137,0.203857,1.011475
9417321,0.139893,0.209229,1.017578
9422321,0.142578,0.213379,1.008545
9427321,0.138916,0.212158,1.018311
9432321,0.147461,0.229004,0.984863
9437321,0.149658,0.216797,0.977295
9442321,0.158691,0.200195,1.033936
9447321,0.14917,0.206543,1.036865
9452321,0.146484,0.220215,1.019043
9457321,0.144043,0.219482,1.00708
9462321,0.143066,0.208984,1.02417
9467321,0.141357,0.214844,1.034912
9472321,0.136475,0.213135,1.019043
9477321,0.136963,0.214111,1.006104
9482321,0.139893,0.207275,1.022949
9487321,0.135742,0.216553,1.014404
9492321,0.139404,0.216064,1.01001
9497321,0.140869,0.211182,1.025879
9502321,0.138916,0.217041,1.018066
9507321,0.139893,0.2146,1.008789
9512321,0.136963,0.2146,1.013916
9517321,0.139648,0.212891,1.018066
9522321,0.138916,0.206299,1.013916
9527321,0.135986,0.206787,1.015869
9532321,0.134766,0.213867,1.009521
9537321,0.132812,0.213867,1.008789
9542321,0.143799,0.2146,1.007324
9547321,0.139648,0.202881,1.01709
9552321,0.142578,0.216797,1.024658
9557321,0.140137,0.216064,1.014893
9562321,0.140137,0.209717,1.012695
9567321,0.140869,0.21582,1.020752
9572321,0.13623,0.215332,1.016357
9577321,0.139648,0.210205,1.022461
9582321,0.138916,0.210205,1.016602
9587321,0.140137,0.212891,1.024658
9592321,0.136963,0.213379,1.012451
9597321,0.143066,0.21167,1.015869
9602321,0.143066,0.211914,1.017578
9607321,0.139648,0.215332,1.028076
9612321,0.141846,0.210693,1.022461
9617321,0.142334,0.210693,1.021484
9622321,0.143555,0.223633,1.020508
9627321,0.143066,0.217529,1.015869
9632321,0.145752,0.212158,1.024902
9637321,0.145752,0.216064,1.025146
9642321,0.144531,0.209961,1.022949
9647321,0.143311,0.210937,1.022461
9652321,0.137939,0.213623,1.014404
9657321,0.14209,0.213135,1.016846
9662321,0.143066,0.2146,1.016357
9667321,0.144775,0.2146,1.013184
9672321,0.138916,0.216553,1.016357
9677321,0.14209,0.214111,1.021729
9682321,0.139404,0.215088,1.014404
9687321,0.143311,0.218018,1.023438
9692321,0.143311,0.218018,1.013428
9697321,0.143311,0.209717,1.021484
9702321,0.139893,0.209473,1.017822
9707321,0.134277,0.210693,1.017822
9712321,0.140137,0.214844,1.0271
9717321,0.144043,0.213135,1.018066
9722321,0.139404,0.206543,1.01416
9727321,0.138428,0.206543,1.017334
9732321,0.140625,0.2146,1.003418
9737321,0.141113,0.209961,1.008301
9742321,0.149414,0.205322,1.034668
9747321,0.140381,0.216797,1.024658
9752321,0.143066,0.211426,1.022461
9757321,0.139648,0.212402,1.005615
9762321,0.140625,0.213135,1.01709
9767321,0.141113,0.210205,1.017578
9772321,0.139648,0.215332,1.021484
9777321,0.136963,0.216797,1.017578
9782321,0.148193,0.209961,1.014893
9787321,0.141357,0.213623,1.018311
9792321,0.134033,0.213135,1.010254
9797321,0.137939,0.213379,1.011963
9802321,0.142822,0.213623,1.027832
9807321,0.13501,0.214111,1.021729
9812321,0.141602,0.210937,1.019775
9817321,0.139893,0.211182,1.010742
9822321,0.135986,0.211426,1.01416
9827321,0.134521,0.208984,1.016846
9832321,0.140381,0.208252,1.023682
9837321,0.139893,0.213135,1.017334
9842321,0.140625,0.208252,1.014648
9847321,0.138916,0.210693,1.013672
9852321,0.14624,0.211426,1.016602
9857321,0.145752,0.208496,1.020264
9862321,0.137207,0.213379,1.012695
9867321,0.141846,0.210449,1.02002
9872321,0.138184,0.216309,1.010986
9877321,0.139648,0.208252,1.013184
9882321,0.142334,0.208496,1.020996
9887321,0.141357,0.217529,1.026367
9892321,0.14209,0.206787,1.016113
9897321,0.14209,0.212646,1.020508
9902321,0.144531,0.212402,1.021973
9907321,0.140869,0.211426,1.013916
9912321,0.13916,0.210449,1.017334
9917321,0.138916,0.213623,1.021973
9922321,0.145752,0.217285,1.010254
9927321,0.137695,0.206787,1.018799
9932321,0.136475,0.213867,1.02832
9937321,0.141846,0.219482,1.021484
9942321,0.138672,0.21167,1.014893
9947321,0.140381,0.212891,1.017578
9952321,0.143066,0.207275,1.024902
9957321,0.138428,0.217529,1.015137
9962321,0.142578,0.210449,1.018555
9967321,0.144531,0.207764,1.015869
9972321,0.140137,0.208984,1.014648
9977321,0.139893,0.208008,1.013916
9982321,0.136963,0.212646,1.012939
9987321,0.141602,0.214111,1.008545
9992321,0.135254,0.214111,1.018799
9997321,0.138184,0.211914,1.010986
10002321,0.139404,0.209961,1.024658
10007321,0.140137,0.217041,1.019531
10012321,0.143799,0.217773,1.019043
10017321,0.139893,0.213867,1.02124
10022321,0.138428,0.213623,1.024902
10027321,0.136963,0.209229,1.016357
10032321,0.141113,0.209961,1.020752
10037321,0.146484,0.203613,1.017334
10042321,0.141846,0.213623,1.01416
10047321,0.142334,0.211426,1.017822
10052321,0.142334,0.209961,1.013428
10057321,0.137695,0.206055,1.018311
10062321,0.138916,0.209717,1.013916
10067321,0.141846,0.210693,1.016113
10072321,0.137939,0.214844,1.008301
10077321,0.138184,0.212402,1.026123
10082321,0.126465,0.209717,0.999023
10087321,0.14209,0.195801,1.004883
10092321,0.133301,0.2146,1.030273
10097321,0.141113,0.218506,1.035156
10102321,0.139404,0.202148,1.02124
10107321,0.136719,0.213867,1.015625
10112321,0.136963,0.205811,1.000732
10117321,0.138428,0.206543,1.005859
10122321,0.14209,0.225586,1.032715
10127321,0.151123,0.217773,1.046387
10132321,0.159912,0.231445,1.05127
10137321,0.143799,0.218506,1.052734
10142321,0.125,0.178223,0.920654
10147321,0.145996,0.174561,0.932617
10152321,0.149902,0.199707,1.031738
10157321,0.145996,0.20752,1.076416
10162321,0.14502,0.240723,1.082031
10167321,0.126221,0.21875,1.026123
10172321,0.137939,0.192139,0.959717
10177321,0.124268,0.193115,0.964844
10182321,0.141846,0.196045,1.007813
10187321,0.137207,0.22168,1.040283
10192321,0.138428,0.259277,1.073242
10197321,0.13916,0.233154,1.031738
10202321,0.147461,0.220947,0.992187
10207321,0.134766,0.208008,0.98291
10212321,0.151855,0.203125,1.002197
10217321,0.151367,0.213135,1.037598
10222321,0.148193,0.222656,1.067383
10227321,0.139893,0.221436,1.027344
10232321,0.136475,0.195801,0.996338
10237321,0.139648,0.185791,0.977295
10242321,0.141846,0.186523,0.998291
10247321,0.139893,0.202881,1.031494
10252321,0.134766,0.206543,1.044678
10257321,0.130859,0.214355,1.009033
10262321,0.130615,0.220947,1.003662
10267321,0.138916,0.2229,1.012207
10272321,0.140381,0.223389,1.020264
10277321,0.139648,0.219971,1.031494
10282321,0.13916,0.221436,1.037842
10287321,0.141113,0.21875,1.022217
10292321,0.144775,0.217041,1.012207
10297321,0.144775,0.216064,1.01001
10302321,0.144531,0.209717,1.01416
10307321,0.143555,0.204346,1.023438
10312321,0.140137,0.19873,1.026367
10317321,0.135742,0.198975,1.00708
10322321,0.140625,0.199219,1.003662
10327321,0.139404,0.203369,1.006104
10332321,0.135742,0.2146,1.021973
10337321,0.140137,0.217529,1.024902
10342321,0.137695,0.210693,1.019531
10347321,0.138916,0.214355,1.019043
10352321,0.140869,0.220459,1.01709
10357321,0.136963,0.223145,1.01709
10362321,0.138916,0.227783,1.023193
10367321,0.141846,0.225342,1.021484
10372321,0.146973,0.213867,1.021729
10377321,0.146484,0.205566,1.011475
10382321,0.145264,0.205078,1.012451
10387321,0.140625,0.203613,1.01123
10392321,0.139893,0.213135,1.017822
10397321,0.136475,0.210449,1.017822
10402321,0.139648,0.211426,1.016113
10407321,0.140625,0.209473,1.012695
10412321,0.142578,0.210449,1.014893
10417321,0.142822,0.209717,1.010498
10422321,0.13623,0.218018,1.017578
10427321,0.142334,0.222168,1.026123
10432321,0.140137,0.223145,1.019287
10437321,0.140137,0.215332,1.012695
10442321,0.143799,0.208496,1.014893
10447321,0.144043,0.209473,1.015869
10452321,0.142822,0.212158,1.017334
10457321,0.143066,0.213623,1.017822
10462321,0.144531,0.207764,1.027832
10467321,0.145996,0.213623,1.01416
10472321,0.139404,0.207275,1.011719
10477321,0.135742,0.205322,1.012939
10482321,0.138672,0.20459,1.020752
10487321,0.135498,0.210693,1.026367
10492321,0.136963,0.217529,1.022217
10497321,0.137451,0.221436,1.020508
10502321,0.139648,0.215332,1.011719
10507321,0.137207,0.214355,1.015625
10512321,0.138184,0.212402,1.015625
10517321,0.140381,0.208984,1.011963
10522321,0.138672,0.208008,1.019775
10527321,0.141846,0.212402,1.012451
10532321,0.14209,0.215332,1.013184
10537321,0.144531,0.211426,1.017578
10542321,0.143799,0.212158,1.012695
10547321,0.141357,0.210205,1.020996
10552321,0.144531,0.208252,1.016846
10557321,0.13916,0.216309,1.016357
10562321,0.136963,0.212158,1.013184
10567321,0.133301,0.210449,1.02124
10572321,0.141602,0.215576,1.019287
10577321,0.141846,0.210937,1.016357
10582321,0.143799,0.211182,1.020752
10587321,0.138184,0.209229,1.017822
10592321,0.137207,0.216797,1.016113
10597321,0.141846,0.216309,1.018799
10602321,0.139404,0.212891,1.014404
10607321,0.141113,0.208252,1.015381
10612321,0.138184,0.205322,1.016846
10617321,0.138916,0.20752,1.016602
10622321,0.136963,0.206543,1.016846
10627321,0.140869,0.212646,1.020264
10632321,0.140381,0.213135,1.015137
10637321,0.137451,0.206299,1.013916
10642321,0.147461,0.209229,1.019043
10647321,0.144287,0.210693,1.021729
10652321,0.141602,0.213379,1.018555
10657321,0.142578,0.211914,1.018311
10662321,0.136475,0.219238,1.017822
10667321,0.134521,0.209717,1.015869
10672321,0.135498,0.213135,1.018066
10677321,0.138672,0.209717,1.011963
10682321,0.140137,0.212158,1.019043
10687321,0.141113,0.210693,1.019775
10692321,0.147461,0.213623,1.014404
10697321,0.141113,0.212891,1.017334
10702321,0.135742,0.209717,1.017578
10707321,0.137207,0.209961,1.008545
10712321,0.136719,0.203613,1.008057
10717321,0.13623,0.208496,1.016357
10722321,0.138672,0.205566,1.016846
10727321,0.141602,0.209961,1.016113
10732321,0.150146,0.2146,1.025391
10737321,0.14502,0.215576,1.012207
10742321,0.144531,0.215088,1.013916
10747321,0.143066,0.214355,1.016357
10752321,0.143555,0.21167,1.019775
10757321,0.142822,0.21167,1.012207
10762321,0.139404,0.214111,1.018311
10767321,0.139404,0.209961,1.016846
10772321,0.138916,0.210937,1.019531
10777321,0.136475,0.207275,1.02124
10782321,0.136963,0.20874,1.02124
10787321,0.138916,0.209961,1.020508
10792321,0.13623,0.209717,1.017822
10797321,0.137695,0.210937,1.018799
10802321,0.134766,0.212158,1.018799
10807321,0.139893,0.210693,1.016846
10812321,0.135498,0.212158,1.020264
10817321,0.137695,0.215576,1.017822
10822321,0.138672,0.215088,1.019531
10827321,0.142334,0.218994,1.022705
10832321,0.139648,0.213379,1.02124
10837321,0.143066,0.211914,1.016113
10842321,0.143066,0.212402,1.011963
10847321,0.140381,0.206055,1.020264
10852321,0.138916,0.205811,1.015869
10857321,0.137939,0.209717,1.018311
10862321,0.13916,0.210205,1.019043
10867321,0.140137,0.215088,1.012451
10872321,0.137939,0.210693,1.02002
10877321,0.136963,0.2146,1.019775
10882321,0.141113,0.213867,1.013428
10887321,0.141846,0.217529,1.018311
10892321,0.147461,0.212891,1.024902
10897321,0.14209,0.218506,1.02124
10902321,0.144043,0.217529,1.022461
10907321,0.146973,0.2146,1.016846
10912321,0.142822,0.217041,1.013428
10917321,0.140137,0.210693,1.011475
10922321,0.140137,0.208496,1.010742
10927321,0.144043,0.208008,1.021973
10932321,0.139893,0.210693,1.018555
10937321,0.138428,0.208984,1.02124
10942321,0.138428,0.213623,1.014893
10947321,0.135986,0.216309,1.012451
10952321,0.139893,0.214111,1.012695
10957321,0.138672,0.21875,1.013428
10962321,0.137451,0.219971,1.018555
10967321,0.13501,0.222656,1.017822
10972321,0.135498,0.218262,1.023926
10977321,0.134766,0.219727,1.013916
10982321,0.13623,0.217773,1.016357
10987321,0.134766,0.214111,1.01709
10992321,0.139893,0.209473,1.015381
10997321,0.14502,0.199951,1.024902
11002321,0.144775,0.20166,1.02002
11007321,0.150146,0.195801,1.019775
11012321,0.144287,0.195557,1.018555
11017321,0.142578,0.189941,1.010498
11022321,0.143555,0.191406,1.018311
11027321,0.140381,0.198486,1.008057
11032321,0.142578,0.205566,1.008545
11037321,0.140137,0.206787,1.004883
11042321,0.142578,0.214355,1.008545
11047321,0.136719,0.22876,1.014404
11052321,0.139893,0.231201,1.017334
11057321,0.140625,0.22998,1.02417
11062321,0.132324,0.227051,1.027588
11067321,0.139404,0.227295,1.018311
11072321,0.132324,0.223633,1.024414
11077321,0.137695,0.223877,1.021973
11082321,0.136719,0.212646,1.020752
11087321,0.140381,0.201904,1.022705
11092321,0.148926,0.199463,1.018555
11097321,0.14209,0.193848,1.017334
11102321,0.144531,0.202148,1.008545
11107321,0.135986,0.199219,1.006836
11112321,0.137207,0.19873,1.006104
11117321,0.140625,0.207275,1.007813
11122321,0.143555,0.208252,1.017822
11127321,0.141846,0.212402,1.018555
11132321,0.145996,0.219238,1.023193
11137321,0.143799,0.221436,1.018311
11142321,0.14209,0.221436,1.026611
11147321,0.143555,0.223145,1.020996
11152321,0.138184,0.212402,1.019287
11157321,0.141602,0.208984,1.014893
11162321,0.140137,0.20459,1.010986
11167321,0.141602,0.207764,1.017334
11172321,0.140869,0.203857,1.010498
11177321,0.14209,0.208496,1.012207
11182321,0.139404,0.208496,1.014404
11187321,0.140869,0.207764,1.015381
11192321,0.140381,0.213867,1.018555
11197321,0.138672,0.218018,1.013672
11202321,0.138916,0.214844,1.023438
11207321,0.138428,0.219971,1.019775
11212321,0.138184,0.215088,1.01709
11217321,0.141113,0.213135,1.020752
11222321,0.140137,0.215088,1.017334
11227321,0.140381,0.207031,1.013184
11232321,0.137939,0.203613,1.012939
11237321,0.13916,0.206787,1.019531
11242321,0.145508,0.206299,1.010254
11247321,0.140625,0.207031,1.011719
11252321,0.136963,0.207275,1.014648
11257321,0.139404,0.215576,1.02124
11262321,0.140381,0.215576,1.015137
11267321,0.143311,0.211426,1.021973
11272321,0.142578,0.220215,1.023438
11277321,0.139893,0.223389,1.020996
11282321,0.135986,0.223633,1.021973
11287321,0.135986,0.219971,1.021484
11292321,0.140137,0.215332,1.02124
11297321,0.14209,0.210205,1.013672
11302321,0.139404,0.204834,1.013428
11307321,0.145996,0.204346,1.017578
11312321,0.143799,0.206055,1.021973
11317321,0.141602,0.208252,1.011963
11322321,0.140137,0.203369,1.009277
11327321,0.138184,0.206299,1.017822
11332321,0.139648,0.214355,1.016357
11337321,0.134766,0.215088,1.021973
11342321,0.132812,0.215576,1.02002
11347321,0.13916,0.217529,1.026123
11352321,0.136719,0.218506,1.013428
11357321,0.138184,0.218994,1.024414
11362321,0.143311,0.216797,1.022217
11367321,0.141846,0.210693,1.019043
11372321,0.141602,0.209473,1.01709
11377321,0.145752,0.208496,1.01001
11382321,0.144043,0.21167,1.018066
11387321,0.142334,0.208496,1.013916
11392321,0.142822,0.210449,1.008789
11397321,0.135986,0.206299,1.015381
11402321,0.14502,0.214111,1.010986
11407321,0.138428,0.216797,1.012451
11412321,0.143066,0.214355,1.022461
11417321,0.140137,0.217285,1.021484
11422321,0.137695,0.219482,1.015869
11427321,0.138916,0.219727,1.01709
11432321,0.13208,0.214355,1.020264
11437321,0.13916,0.212891,1.022705
11442321,0.142578,0.214355,1.020264
11447321,0.141357,0.207031,1.020264
11452321,0.141846,0.208496,1.017822
11457321,0.135498,0.208496,1.016357
11462321,0.139404,0.209717,1.016357
11467321,0.138428,0.206543,1.009033
11472321,0.137695,0.210205,1.017822
11477321,0.145264,0.21875,1.013184
11482321,0.144531,0.216797,1.016113
11487321,0.141357,0.217285,1.015869
11492321,0.141602,0.221191,1.019775
11497321,0.139893,0.223877,1.018555
11502321,0.135742,0.21582,1.019287
11507321,0.140625,0.217285,1.015625
11512321,0.139404,0.215576,1.024414
11517321,0.135498,0.213867,1.009277
11522321,0.136475,0.209717,1.009033
11527321,0.132568,0.208008,1.017822
11532321,0.139648,0.211182,1.013184
11537321,0.143799,0.205566,1.019043
11542321,0.143799,0.210693,1.01709
11547321,0.143311,0.214111,1.015869
11552321,0.141357,0.215576,1.015137
11557321,0.146729,0.21582,1.02124
11562321,0.141602,0.218262,1.020508
11567321,0.14209,0.217773,1.024902
11572321,0.144287,0.217285,1.01709
11577321,0.141846,0.218994,1.01709
11582321,0.143066,0.214844,1.011719
11587321,0.143555,0.206299,1.017578
11592321,0.143555,0.207275,1.022705
11597321,0.136963,0.203857,1.016846
11602321,0.139648,0.20752,1.018066
11607321,0.141846,0.205322,1.01001
11612321,0.141846,0.206787,1.011475
11617321,0.141602,0.210205,1.018066
11622321,0.147705,0.212158,1.026855
11627321,0.141846,0.213379,1.027588
11632321,0.141602,0.217041,1.02002
11637321,0.138184,0.214844,1.02002
11642321,0.13623,0.214844,1.012451
11647321,0.139893,0.213623,1.02002
11652321,0.141846,0.215576,1.023926
11657321,0.142822,0.214355,1.015625
11662321,0.14209,0.207764,1.016602
11667321,0.137939,0.205811,1.013428
11672321,0.135498,0.210693,1.014404
11677321,0.140137,0.20752,1.01416
11682321,0.143311,0.20874,1.012939
11687321,0.139404,0.206055,1.019531
11692321,0.135742,0.208008,1.020508
11697321,0.130615,0.215088,1.019287
11702321,0.134033,0.213623,1.013428
11707321,0.131348,0.214844,1.017822
11712321,0.137451,0.211426,1.021484
11717321,0.140137,0.211914,1.021729
11722321,0.140137,0.215332,1.019775
11727321,0.144287,0.214844,1.016357
11732321,1.238281,-1.016113,0.421143
11737321,1.999939,-2.0,1.999939
11742321,-2.0,1.901367,-2.0
11747321,-1.425537,1.999939,1.999939
11752321,-1.69458,1.999939,1.999939
11757321,-0.866455,1.999939,-2.0
11762321,0.337158,1.334961,-2.0
11767321,-0.364014,1.999939,-0.010498
11772321,0.276855,0.172852,1.678223
11777321,0.215576,0.453613,0.692139
11782321,0.243408,0.141357,1.330566
11787321,0.135742,0.275146,1.066895
11792321,0.124512,0.094482,0.860352
11797321,0.109375,0.195312,0.900391
11802321,0.206787,1.224121,1.109619
11807321,0.119141,1.141357,1.016602
11812321,0.147705,0.57959,1.040527
11817321,-0.969238,-0.100586,-2.0
11822321,-2.0,1.999939,-2.0
11827321,-0.780273,1.999939,-2.0
11832321,0.225586,1.804443,1.691406
11837321,-0.014893,0.985107,0.848633
11842321,-0.11084,1.237305,0.509277
11847321,0.241455,0.14209,1.140381
11852321,0.092285,1.559326,1.084717
11857321,0.101807,0.31958,1.059326
11862321,0.117432,0.188477,0.942871
11867321,0.118896,0.212646,0.97168
11872321,0.125244,0.251465,1.010254
11877321,0.124756,0.215576,1.033203
11882321,0.134521,0.2229,1.072021
11887321,0.134277,0.228027,1.053711
11892321,0.141357,0.211426,1.028809
11897321,0.125977,0.189697,0.990479
11902321,0.133301,0.172363,0.97168
11907321,0.137695,0.153564,0.970459
11912321,0.139648,0.170654,1.021729
11917321,0.140869,0.191162,1.055176
11922321,0.132568,0.212402,1.026123
11927321,0.120117,0.214111,1.007813
11932321,0.126221,0.194824,0.976318
11937321,0.135986,0.185547,0.984619
11942321,0.133301,0.202148,1.021729
11947321,0.135498,0.221436,1.054443
11952321,0.126221,0.238037,1.047852
11957321,0.121582,0.248779,1.0354
11962321,0.12793,0.239014,1.006348
11967321,0.12793,0.224365,0.995605
11972321,0.133057,0.207275,1.016357
11977321,0.143311,0.20874,1.04126
11982321,0.138428,0.218506,1.047607
11987321,0.128662,0.237061,1.035645
11992321,0.122803,0.236328,1.015137
11997321,0.120117,0.22168,0.999023
12002321,0.134766,0.196045,1.001221
12007321,0.140869,0.179199,1.013184
12012321,0.141357,0.181152,1.024902
12017321,0.136719,0.201172,1.030518
12022321,0.133789,0.217285,1.017578
12027321,0.130615,0.221191,0.997559
12032321,0.132812,0.209229,0.989746
12037321,0.137695,0.187744,1.005615
12042321,0.144531,0.184326,1.02124
12047321,0.143799,0.199219,1.038086
12052321,0.130615,0.220215,1.022705
12057321,0.125488,0.234863,1.013672
12062321,0.126465,0.229248,1.006836
12067321,0.128174,0.222168,1.012451
12072321,0.132568,0.204346,1.026855
12077321,0.132324,0.199463,1.031494
12082321,0.129395,0.211182,1.026855
12087321,0.127197,0.229736,1.016113
12092321,0.119629,0.237061,1.010498
12097321,0.126953,0.231934,1.016357
12102321,0.137207,0.2146,1.018799
12107321,0.13501,0.20166,1.028564
12112321,0.133301,0.199951,1.024414
12117321,0.136719,0.208984,1.019531
12122321,0.131104,0.215332,1.001709
12127321,0.126709,0.218018,1.008545
12132321,0.132568,0.203125,1.012939
12137321,0.141357,0.192383,1.016113
12142321,0.135742,0.188477,1.013672
12147321,0.137939,0.193359,1.015137
12152321,0.134277,0.202881,1.009521
12157321,0.126465,0.219971,1.01001
12162321,0.131348,0.226807,1.016602
12167321,0.135254,0.221436,1.026611
12172321,0.131592,0.20752,1.027832
12177321,0.136719,0.204102,1.029785
12182321,0.133789,0.211182,1.017822
12187321,0.124512,0.22168,1.014648
12192321,0.129395,0.227783,1.013428
12197321,0.12793,0.2229,1.019287
12202321,0.13208,0.217041,1.032715
12207321,0.13916,0.20874,1.03125
12212321,0.137695,0.206543,1.012451
12217321,0.132568,0.207764,1.019287
12222321,0.132812,0.216064,1.014648
12227321,0.12915,0.217041,1.011963
12232321,0.132568,0.212891,1.020996
12237321,0.128662,0.202881,1.012451
12242321,0.133057,0.20459,1.016357
12247321,0.131104,0.198242,1.011719
12252321,0.138428,0.204834,1.01123
12257321,0.137939,0.216797,1.01123
12262321,0.138184,0.217041,1.02832
12267321,0.136719,0.213867,1.026855
12272321,0.131592,0.218506,1.025879
12277321,0.126221,0.209229,1.016846
12282321,0.127686,0.209229,1.008301
12287321,0.131836,0.212158,1.012695
12292321,0.133545,0.213379,1.024414
12297321,0.132568,0.216064,1.028076
12302321,0.134033,0.211426,1.031738
12307321,0.132812,0.211426,1.015869
12312321,0.130371,0.208252,1.009033
12317321,0.12915,0.205811,1.007568
12322321,0.128662,0.203125,1.008301
12327321,0.131104,0.205566,1.022949
12332321,0.134766,0.209473,1.017334
12337321,0.132812,0.208008,1.019287
12342321,0.133789,0.20459,1.017334
12347321,0.136475,0.208496,1.020996
12352321,0.133545,0.208984,1.013428
12357321,0.135986,0.215576,1.025391
12362321,0.132568,0.213135,1.02124
12367321,0.131592,0.217285,1.026367
12372321,0.13501,0.216309,1.021729
12377321,0.131836,0.212158,1.011963
12382321,0.130371,0.217285,1.014893
12387321,0.127686,0.20752,1.014893
12392321,0.12793,0.209961,1.019287
12397321,0.127686,0.212402,1.020996
12402321,0.125977,0.215576,1.030518
12407321,0.130127,0.209717,1.019531
12412321,0.135742,0.208252,1.009033
12417321,0.135254,0.210937,1.018799
12422321,0.135986,0.210937,1.01416
12427321,0.139404,0.208008,1.025391
12432321,0.134277,0.211914,1.013428
12437321,0.135742,0.212646,1.019043
12442321,0.132324,0.210937,1.017334
12447321,0.134766,0.207275,1.016846
12452321,0.138428,0.207764,1.016113
12457321,0.133301,0.214844,1.028564
12462321,0.130615,0.211914,1.022217
12467321,0.12793,0.214844,1.024658
12472321,0.128662,0.218018,1.016846
12477321,0.127197,0.212158,1.015869
12482321,0.133057,0.211914,1.013916
12487321,0.134277,0.208496,1.015137
12492321,0.131836,0.212402,1.017578
12497321,0.137939,0.214111,1.019531
12502321,0.131592,0.211182,1.01709
12507321,0.132568,0.215088,1.017334
12512321,0.130615,0.208496,1.010498
12517321,0.13916,0.205078,1.022705
12522321,0.132568,0.209961,1.02002
12527321,0.131592,0.212158,1.02002
12532321,0.124756,0.210693,1.020264
12537321,0.129639,0.206543,1.014648
12542321,0.128906,0.213867,1.014893
12547321,0.132324,0.207031,1.016602
12552321,0.130859,0.206543,1.013672
12557321,0.128174,0.213135,1.025635
12562321,0.130371,0.214111,1.012451
12567321,0.132324,0.219482,1.019531
12572321,0.134277,0.213867,1.014404
12577321,0.130371,0.20874,1.018311
12582321,0.129883,0.212891,1.023193
12587321,0.13208,0.213867,1.007813
12592321,0.13208,0.210449,1.021484
12597321,0.133301,0.212646,1.02124
12602321,0.131348,0.214844,1.019775
12607321,0.137207,0.210693,1.022461
12612321,0.136719,0.203857,1.013428
12617321,0.135986,0.20459,1.020752
12622321,0.140869,0.20459,1.013916
12627321,0.137695,0.196777,1.016113
12632321,0.136719,0.204102,1.019775
12637321,0.135254,0.206299,1.011475
12642321,0.136475,0.201904,1.011475
12647321,0.133789,0.202148,1.023926
12652321,0.13916,0.214844,1.014893
12657321,0.133789,0.215332,1.019531
12662321,0.128174,0.220215,1.015137
12667321,0.12793,0.233398,1.023926
12672321,0.127197,0.228516,1.028809
12677321,0.116455,0.222412,1.003174
12682321,0.126709,0.215576,1.005127
12687321,0.129883,0.224854,1.025146
12692321,0.129639,0.2229,1.0354
12697321,0.134521,0.222168,1.034912
12702321,0.137695,0.213135,1.039795
12707321,0.137939,0.201904,1.011719
12712321,0.140137,0.185791,0.996826
12717321,0.137695,0.192139,1.005615
12722321,0.137207,0.215088,1.030518
12727321,0.132324,0.201172,1.024414
12732321,0.131104,0.211182,1.012207
12737321,0.125977,0.211182,1.002686
12742321,0.127686,0.199219,0.99707
12747321,0.126221,0.205566,1.015381
12752321,0.124756,0.209229,1.037598
12757321,0.127686,0.209229,1.030762
12762321,0.125977,0.214844,1.034912
12767321,0.130371,0.2146,1.020752
12772321,0.128662,0.213867,1.010742
12777321,0.133789,0.21582,1.018555
12782321,0.139893,0.207764,1.019043
12787321,0.14209,0.211426,1.029297
12792321,0.137695,0.214355,1.016602
12797321,0.138428,0.210937,0.99585
12802321,0.135986,0.213867,1.0
12807321,0.135498,0.212402,1.01709
12812321,0.128418,0.208252,1.022461
12817321,0.131104,0.208984,1.024902
12822321,0.131836,0.206299,1.024414
12827321,0.12793,0.205566,1.015625
12832321,0.124268,0.216064,1.015625
12837321,0.130615,0.214844,1.023926
12842321,0.125977,0.216797,1.030273
12847321,0.135498,0.217773,1.032227
12852321,0.139893,0.210937,1.017822
12857321,0.134277,0.213867,1.012207
12862321,0.132324,0.214355,1.009521
12867321,0.132568,0.216553,1.009521
12872321,0.134277,0.221191,1.020752
12877321,0.136475,0.210449,1.020996
12882321,0.129883,0.205566,1.019043
12887321,0.128662,0.208008,1.008789
12892321,0.13208,0.205811,1.015625
12897321,0.129883,0.209717,1.02417
12902321,0.130371,0.2146,1.025391
12907321,0.13501,0.213379,1.029053
12912321,0.133301,0.211914,1.020752
12917321,0.135254,0.207031,1.017822
12922321,0.134766,0.210205,1.010986
12927321,0.13623,0.212402,1.01001
12932321,0.131104,0.210205,1.022217
12937321,0.135254,0.220215,1.016846
12942321,0.131592,0.219971,1.020508
12947321,0.133301,0.215332,1.017578
12952321,0.134277,0.2146,1.01123
12957321,0.136963,0.208008,1.021973
12962321,0.13501,0.211426,1.020996
12967321,0.137207,0.216553,1.026367
12972321,0.131104,0.217041,1.025391
12977321,0.136963,0.210693,1.017578
12982321,0.133789,0.209229,1.025879
12987321,0.133789,0.206299,1.012939
12992321,0.133301,0.208496,1.011475
12997321,0.130127,0.207764,1.02124
13002321,0.13208,0.213379,1.022705
13007321,0.129639,0.215576,1.019287
13012321,0.130371,0.217773,1.014893
13017321,0.129395,0.212402,1.010498
13022321,0.12915,0.20752,1.014893
13027321,0.133301,0.210449,1.019043
13032321,0.130859,0.21582,1.023193
13037321,0.133057,0.215088,1.021973
13042321,0.134277,0.211914,1.023193
13047321,0.138916,0.203125,1.019287
13052321,0.137207,0.200439,1.022949
13057321,0.144043,0.20166,1.019287
13062321,0.133301,0.201904,1.015381
13067321,0.131104,0.207031,1.013916
13072321,0.133789,0.209961,1.015625
13077321,0.134033,0.208008,1.016846
13082321,0.133545,0.212402,1.020752
13087321,0.12915,0.212402,1.017822
13092321,0.134033,0.214355,1.02124
13097321,0.131836,0.218262,1.022949
13102321,0.134521,0.217773,1.022217
13107321,0.132812,0.218506,1.026367
13112321,0.129395,0.21582,1.026123
13117321,0.131348,0.216064,1.023926
13122321,0.131348,0.213867,1.025635
13127321,0.13916,0.213135,1.02002
13132321,0.13208,0.207275,1.016602
13137321,0.138184,0.208984,1.02002
13142321,0.134521,0.208008,1.018066
13147321,0.131592,0.206055,1.016846
13152321,0.130127,0.20752,1.015381
13157321,0.13208,0.20459,1.020508
13162321,0.129639,0.205811,1.016602
13167321,0.134766,0.212891,1.017822
13172321,0.133545,0.213135,1.019287
13177321,0.130859,0.211182,1.018799
13182321,0.13208,0.21582,1.019287
13187321,0.135986,0.217529,1.020752
13192321,0.12915,0.212158,1.022705
13197321,0.131592,0.210693,1.018066
13202321,0.133301,0.213379,1.016602
13207321,0.129639,0.212158,1.018311
13212321,0.127686,0.209229,1.013916
13217321,0.134277,0.20874,1.013672
13222321,0.133057,0.208008,1.006592
13227321,0.131836,0.208984,1.01123
13232321,0.126953,0.20752,1.021729
13237321,0.132568,0.207031,1.016113
13242321,0.139404,0.208008,1.018066
13247321,0.130615,0.214111,1.016846
13252321,0.133789,0.210937,1.010742
13257321,0.130371,0.215576,1.025146
13262321,0.134277,0.218018,1.02124
13267321,0.129639,0.211182,1.017822
13272321,0.124512,0.211914,1.013672
13277321,0.133789,0.214355,1.026367
13282321,0.135742,0.207764,1.013916
13287321,0.141113,0.211182,1.015137
13292321,0.132568,0.209961,1.015137
13297321,0.136963,0.208252,1.019775
13302321,0.133545,0.209229,1.011719
13307321,0.13208,0.207275,1.012695
13312321,0.128174,0.214355,1.012451
13317321,0.133545,0.209229,1.018555
13322321,0.129395,0.203857,1.018555
13327321,0.131348,0.207275,1.017334
13332321,0.131348,0.207031,1.027588
13337321,0.133057,0.21167,1.018066
13342321,0.130615,0.215088,1.016113
13347321,0.130615,0.207764,1.020264
13352321,0.133545,0.20874,1.015137
13357321,0.136719,0.210937,1.018311
13362321,0.128174,0.212158,1.011963
13367321,0.124756,0.211426,1.016113
13372321,0.131104,0.213379,1.020508
13377321,0.129883,0.21582,1.01416
13382321,0.126953,0.215088,1.026123
13387321,0.136475,0.215576,1.024414
13392321,0.134766,0.217285,1.024902
13397321,0.128662,0.221436,1.017578
13402321,0.132324,0.21875,1.019287
13407321,0.13208,0.211914,1.020996
13412321,0.130859,0.212158,1.024658
13417321,0.128174,0.216797,1.015869
13422321,0.128662,0.21167,1.02002
13427321,0.127197,0.213379,1.018066
13432321,0.13501,0.213379,1.016357
13437321,0.137451,0.210205,1.01123
13442321,0.134766,0.213379,1.010986
13447321,0.143555,0.215088,1.018799
13452321,0.145996,0.224121,1.022705
13457321,0.140381,0.22168,1.022461
13462321,0.144043,0.217773,1.02002
13467321,0.13916,0.219238,1.012207
13472321,0.138916,0.222168,1.015137
13477321,0.141357,0.224365,1.008057
13482321,0.140625,0.214844,1.012695
13487321,0.138184,0.212402,1.014648
13492321,0.139648,0.206543,1.020264
13497321,0.135254,0.203125,1.02417
13502321,0.133545,0.205566,1.024414
13507321,0.128662,0.21167,1.027832
13512321,0.125,0.212646,1.014893
13517321,0.12915,0.218506,1.018799
13522321,0.128174,0.218506,1.022949
13527321,0.133789,0.221924,1.013184
13532321,0.128418,0.223877,1.012695
13537321,0.134766,0.213379,1.015625
13542321,0.136475,0.218018,1.013672
13547321,0.128662,0.213135,1.007813
13552321,0.130127,0.2146,1.009033
13557321,0.127197,0.203369,1.015381
13562321,0.131592,0.205322,1.006104
13567321,0.126465,0.20874,1.002197
13572321,0.124268,0.206543,1.00293
13577321,0.130859,0.205078,1.006836
13582321,0.128906,0.208496,1.011719
13587321,0.131592,0.209961,1.01416
13592321,0.138184,0.21582,1.020996
13597321,0.136719,0.208984,1.023438
13602321,0.136475,0.211426,1.030762
13607321,0.13208,0.212646,1.028076
13612321,0.130859,0.215576,1.013672
13617321,0.12915,0.214111,1.015869
13622321,0.121826,0.20874,1.007813
13627321,0.125977,0.209717,1.009033
13632321,0.130371,0.209717,1.009277
13637321,0.127441,0.205811,1.016602
13642321,0.134766,0.208252,1.01709
13647321,0.135742,0.210937,1.016357
13652321,0.135986,0.206055,1.016846
13657321,0.139404,0.210937,1.019043
13662321,0.14209,0.209961,1.014893
13667321,0.143799,0.212891,1.021484
13672321,0.138672,0.217285,1.023193
13677321,0.142822,0.215576,1.022217
13682321,0.138184,0.22168,1.029297
13687321,0.141357,0.218506,1.026367
13692321,0.142578,0.223389,1.028076
13697321,0.138184,0.221191,1.018555
13702321,0.136719,0.224121,1.024414
13707321,0.139893,0.226318,1.016357
13712321,0.138916,0.22168,1.010254
13717321,0.135742,0.218506,1.016357
13722321,0.138916,0.210449,1.014404
13727321,0.13623,0.213623,1.018066
13732321,0.139648,0.208252,1.016357
13737321,0.132812,0.206299,1.01123
13742321,0.133057,0.211914,1.010742
13747321,0.135742,0.210937,1.019775
13752321,0.141357,0.215576,1.018066
13757321,0.136719,0.216797,1.018311
13762321,0.140869,0.218506,1.021973
13767321,0.141846,0.217041,1.031006
13772321,0.139404,0.218262,1.028076
13777321,0.138184,0.216064,1.019287
13782321,0.132568,0.218506,1.018311
13787321,0.131592,0.214111,1.018799
13792321,0.131592,0.213379,1.02124
13797321,0.133789,0.21167,1.01709
13802321,0.135986,0.208008,1.027832
13807321,0.132324,0.21167,1.015869
13812321,0.139893,0.20874,1.018066
13817321,0.140869,0.208496,1.015869
13822321,0.139404,0.21582,1.018066
13827321,0.135254,0.216309,1.015869
13832321,0.133789,0.209961,1.020264
13837321,0.134033,0.209961,1.017334
13842321,0.134521,0.210693,1.012451
13847321,0.12915,0.210205,1.023926
13852321,0.130371,0.209473,1.022949
13857321,0.120605,0.210205,0.990234
13862321,0.145264,0.215576,1.055908
13867321,0.121338,0.234863,1.069336
13872321,0.13501,0.213379,1.015137
13877321,0.127441,0.199219,0.978516
13882321,0.127441,0.201416,0.989502
13887321,0.139893,0.212891,1.031006
13892321,0.124268,0.219727,1.045898
13897321,0.133789,0.208252,1.023926
13902321,0.126953,0.204346,1.0
13907321,0.128418,0.212891,0.998535
13912321,0.129639,0.201904,1.011475
13917321,0.127441,0.201904,1.01123
13922321,0.134766,0.210205,1.025391
13927321,0.135254,0.217529,1.031006
13932321,0.125244,0.221436,1.024658
13937321,0.126953,0.212891,1.013672
13942321,0.130127,0.203369,1.00415
13947321,0.138916,0.210937,1.019043
13952321,0.13623,0.220215,1.041504
13957321,0.123779,0.219482,1.031006
13962321,0.128418,0.208008,1.01416
13967321,0.130859,0.206299,1.001709
13972321,0.134521,0.210449,1.01709
13977321,0.130371,0.214355,1.0271
13982321,0.132324,0.207031,1.023438
13987321,0.13623,0.205811,1.01123
13992321,0.130615,0.211182,1.009766
13997321,0.128906,0.212891,1.013428
14002321,0.134033,0.211426,1.019287
14007321,0.132324,0.215576,1.023438
14012321,0.133545,0.210449,1.025879
14017321,0.135742,0.214355,1.023682
14022321,0.126465,0.211182,1.011963
14027321,0.131104,0.212402,1.014648
14032321,0.128662,0.216797,1.01709
14037321,0.133301,0.213379,1.031982
14042321,0.128174,0.21582,1.022949
14047321,0.131348,0.208496,1.016357
14052321,0.130127,0.209473,1.015381
14057321,0.134033,0.208252,1.016357
14062321,0.133301,0.213379,1.012451
14067321,0.133057,0.211426,1.013672
14072321,0.13208,0.212158,1.018555
14077321,0.131348,0.208008,1.024902
14082321,0.132324,0.213623,1.015137
14087321,0.135986,0.210693,1.018555
14092321,0.130371,0.212402,1.028076
14097321,0.134766,0.21167,1.020264
14102321,0.122803,0.134033,0.963867
14107321,0.138916,0.180908,0.956787
14112321,0.124756,0.19458,1.059814
14117321,0.131836,0.224365,1.064453
14122321,0.088867,0.257568,1.006348
14127321,0.087158,0.284912,1.03125
14132321,0.077881,0.314941,1.058594
14137321,0.092041,0.289307,1.019531
14142321,0.119385,0.260986,1.031494
14147321,0.143799,0.263184,1.058105
14152321,0.174561,0.247314,1.032959
14157321,0.171387,0.22583,1.056641
14162321,0.166016,0.20874,1.034424
14167321,0.162354,0.164551,1.02124
14172321,0.154053,0.155273,1.006348
14177321,0.158691,0.111328,0.963135
14182321,0.148193,0.109131,0.960693
14187321,0.149414,0.138184,0.981689
14192321,0.141357,0.151123,0.992187
14197321,0.15918,0.182617,0.996582
14202321,0.140137,0.171875,0.994385
14207321,0.152344,0.194092,1.013916
14212321,0.140137,0.24585,1.039795
14217321,0.116943,0.288086,1.0625
14222321,0.088135,0.250977,1.023926
14227321,0.113037,0.267578,1.040283
14232321,0.113525,0.258057,1.046631
14237321,0.125488,0.237549,1.020508
14242321,0.128662,0.229004,1.020508
14247321,0.118896,0.230225,1.028564
14252321,0.123779,0.217041,1.032471
14257321,0.141357,0.197754,1.00415
14262321,0.150879,0.171143,1.001953
14267321,0.134033,0.161377,1.012939
14272321,0.154541,0.169434,1.002197
14277321,0.133301,0.185791,1.006348
14282321,0.14624,0.196045,1.008545
14287321,0.140381,0.193115,1.009277
14292321,0.135986,0.209473,1.027832
14297321,0.085937,0.30127,1.111816
14302321,0.114258,0.319092,0.977295
14307321,0.119629,0.251465,1.003174
14312321,0.12085,0.215332,1.0271
14317321,0.118164,0.218506,1.042969
14322321,0.135498,0.220459,1.021973
14327321,0.123291,0.233398,0.995605
14332321,0.125977,0.239258,1.0
14337321,0.137695,0.195068,1.025391
14342321,0.151367,0.17041,1.005127
14347321,0.143311,0.158203,0.998291
14352321,0.136719,0.201172,1.009766
14357321,0.107666,0.296875,1.054199
14362321,0.125,0.286865,1.040283
14367321,0.122314,0.259277,1.011475
14372321,0.110352,0.245117,1.029785
14377321,0.121338,0.214844,1.017334
14382321,0.123779,0.225586,1.017822
14387321,0.11499,0.26001,1.03418
14392321,0.121582,0.267334,1.050293
14397321,0.126465,0.249512,1.02832
14402321,0.134521,0.240723,1.026611
14407321,0.158447,0.17334,1.015381
14412321,0.139893,0.182373,1.024902
14417321,0.151855,0.158203,1.025879
14422321,0.160889,0.15625,1.002686
14427321,0.144287,0.187744,1.003662
14432321,0.147217,0.351074,1.00293
14437321,0.133545,0.262451,0.965332
14442321,0.141113,0.149658,0.97876
14447321,0.136719,0.165527,0.992432
14452321,0.14209,0.206787,1.021973
14457321,0.133057,0.230713,1.039795
14462321,0.124023,0.245117,1.036621
14467321,0.128418,0.243164,1.041748
14472321,0.126953,0.240479,1.010254
14477321,0.12915,0.227783,1.025146
14482321,0.129639,0.219971,1.026611
14487321,0.126709,0.231445,1.023193
14492321,0.131104,0.238525,1.031494
14497321,0.129639,0.241699,1.037598
14502321,0.12793,0.22998,1.02832
14507321,0.135498,0.210937,1.02832
14512321,0.139893,0.187012,1.006348
14517321,0.143311,0.171875,0.990479
14522321,0.140869,0.176514,1.008545
14527321,0.13623,0.190186,1.013916
14532321,0.137939,0.202148,1.003418
14537321,0.134033,0.194336,1.005127
14542321,0.133789,0.190186,1.007813
14547321,0.137451,0.193115,1.008301
14552321,0.137939,0.212402,1.014404
14557321,0.128174,0.227295,1.025635
14562321,0.125488,0.233154,1.033203
14567321,0.125244,0.242432,1.037354
14572321,0.130615,0.234375,1.024658
14577321,0.135742,0.229736,1.019287
14582321,0.13208,0.216064,1.026123
14587321,0.132568,0.217529,1.02832
14592321,0.134033,0.217529,1.022461
14597321,0.13208,0.221924,1.020752
14602321,0.130859,0.219727,1.017334
14607321,0.134521,0.201904,1.01001
14612321,0.138184,0.188721,1.007813
14617321,0.133057,0.182617,1.001465
14622321,0.137451,0.188965,1.001221
14627321,0.137207,0.202881,1.009277
14632321,0.132812,0.213135,1.014893
14637321,0.134521,0.21582,1.01709
14642321,0.133789,0.213135,1.015869
14647321,0.133057,0.213867,1.018311
14652321,0.136963,0.218018,1.025635
14657321,0.132568,0.225342,1.018066
14662321,0.130371,0.231689,1.025391
14667321,0.130127,0.230957,1.0271
14672321,0.129883,0.221924,1.021973
14677321,0.134521,0.216309,1.027832
14682321,0.130371,0.207031,1.018311
14687321,0.134033,0.199463,1.010986
14692321,0.135498,0.200439,1.017578
14697321,0.129395,0.205566,1.016113
14702321,0.135986,0.205078,1.020508
14707321,0.138672,0.207031,1.014648
14712321,0.139648,0.202393,1.015625
14717321,0.135986,0.207764,1.016846
14722321,0.132324,0.210693,1.017578
14727321,0.134277,0.215088,1.021973
14732321,0.133789,0.219238,1.025391
14737321,0.134766,0.226562,1.023438
14742321,0.130127,0.223145,1.02002
14747321,0.136475,0.216553,1.013184
14752321,0.133057,0.209229,1.015869
14757321,0.134033,0.209473,1.026367
14762321,0.130859,0.215088,1.029297
14767321,0.134766,0.216553,1.019531
14772321,0.139648,0.209717,1.016357
14777321,0.135986,0.20874,1.012207
14782321,0.137695,0.200439,1.010986
14787321,0.137451,0.205078,1.013428
14792321,0.134033,0.207031,1.019043
14797321,0.136963,0.212891,1.02124
14802321,0.130859,0.217529,1.020752
14807321,0.130615,0.21582,1.022705
14812321,0.132324,0.216064,1.019775
14817321,0.134521,0.213135,1.018799
14822321,0.132324,0.214844,1.017334
14827321,0.131836,0.215576,1.023926
14832321,0.133057,0.218506,1.020264
14837321,0.134277,0.21582,1.018066
14842321,0.134521,0.213623,1.022949
14847321,0.135986,0.208252,1.014404
14852321,0.139648,0.206787,1.006836
14857321,0.13208,0.205566,1.025635
14862321,0.13623,0.210205,1.013672
14867321,0.131836,0.215088,1.015381
14872321,0.134277,0.213867,1.015137
14877321,0.137939,0.212891,1.01709
14882321,0.136475,0.209961,1.018799
14887321,0.134033,0.212891,1.009766
14892321,0.128418,0.210937,1.016602
14897321,0.12915,0.212158,1.019043
14902321,0.13916,0.219727,1.019043
14907321,0.141846,0.212891,1.017578
14912321,0.135498,0.209229,1.023438
14917321,0.128418,0.210449,1.020264
14922321,0.133789,0.21167,1.020264
14927321,0.134277,0.205566,1.024658
14932321,0.132568,0.212402,1.020508
14937321,0.133545,0.213867,1.015381
14942321,0.12915,0.209229,1.013672
14947321,0.131836,0.206543,1.020508
14952321,0.134766,0.207764,1.015625
14957321,0.131348,0.212158,1.013428
14962321,0.131104,0.212158,1.018799
14967321,0.135498,0.212891,1.02124
14972321,0.137451,0.219727,1.02832
14977321,0.133789,0.213135,1.025391
14982321,0.139648,0.214111,1.011719
14987321,0.132324,0.210937,1.010254
14992321,0.132568,0.194092,1.035889
14997321,0.142822,0.222656,1.010742
15002321,0.141602,0.221436,1.018066
15007321,0.135742,0.20166,1.009521
15012321,0.133789,0.215576,1.008789
15017321,0.134766,0.203613,1.012451
15022321,0.138428,0.207764,1.024658
15027321,0.132812,0.212891,1.016113
15032321,0.136963,0.214111,1.012939
15037321,0.138916,0.211182,1.018311
15042321,0.137207,0.20874,1.027588
15047321,0.13623,0.217285,1.016113
15052321,0.13501,0.216553,1.014648
15057321,0.137939,0.212402,1.014404
15062321,0.13623,0.211914,1.018799
15067321,0.131348,0.214111,1.025879
15072321,0.13501,0.212891,1.015869
15077321,0.133301,0.209717,1.016113
15082321,0.134033,0.212891,1.017334
15087321,0.131592,0.206299,1.017334
15092321,0.138428,0.210937,1.020996
15097321,0.136475,0.205811,1.021729
15102321,0.137451,0.211914,1.017822
15107321,0.134033,0.214844,1.019531
15112321,0.129395,0.213867,1.019043
15117321,0.134766,0.2146,1.018066
15122321,0.132812,0.216064,1.021973
15127321,0.137695,0.210937,1.022705
15132321,0.135742,0.21167,1.026123
15137321,0.131348,0.215088,1.010254
15142321,0.128418,0.21582,1.017578
15147321,0.133545,0.210693,1.013184
15152321,0.136475,0.20459,1.033936
15157321,0.143799,0.205811,1.03125
15162321,0.135986,0.21582,1.031982
15167321,0.137207,0.218262,1.015381
15172321,0.129395,0.212646,1.014648
15177321,0.135986,0.210937,1.031738
15182321,0.13208,0.206299,1.010742
15187321,0.132812,0.211914,1.013672
15192321,0.136719,0.215088,1.015869
15197321,0.136475,0.216309,1.023682
15202321,0.140625,0.214111,1.016602
15207321,0.13501,0.212402,1.023926
15212321,0.135742,0.208252,1.022705
15217321,0.135254,0.209473,1.021973
15222321,0.131104,0.208252,1.016846
15227321,0.135986,0.208984,1.02002
15232321,0.132812,0.209717,1.006836
15237321,0.135254,0.209717,1.018555
15242321,0.131836,0.213379,1.011475
15247321,0.131836,0.214111,1.01416
15252321,0.131104,0.214844,1.0271
15257321,0.130371,0.212646,1.022705
15262321,0.131104,0.215576,1.012451
15267321,0.133545,0.215332,1.027588
15272321,0.128906,0.212891,1.010742
15277321,0.134521,0.206299,1.018799
15282321,0.134277,0.215576,1.009521
15287321,0.135986,0.207275,1.00708
15292321,0.141357,0.20752,1.032227
15297321,0.133301,0.210693,1.024902
15302321,0.132812,0.214355,1.003662
15307321,0.129883,0.207031,1.004639
15312321,0.132812,0.210205,1.01123
15317321,0.136963,0.211914,1.027832
15322321,0.138428,0.209961,1.022949
15327321,0.130859,0.213379,1.016357
15332321,0.133301,0.212891,1.020264
15337321,0.140869,0.210205,1.023438
15342321,0.137207,0.209961,1.016846
15347321,0.126465,0.212891,1.022705
15352321,0.137207,0.214111,1.025879
15357321,0.137207,0.209961,1.025879
15362321,0.129639,0.217773,1.010742
15367321,0.133057,0.209229,1.015869
15372321,0.13501,0.208252,1.021729
15377321,0.135742,0.210449,1.016357
15382321,0.13208,0.215332,1.017334
15387321,0.130615,0.213623,1.014893
15392321,0.132568,0.204834,1.018311
15397321,0.136475,0.215576,1.026367
15402321,0.133301,0.213623,1.017822
15407321,0.125732,0.217285,1.012939
15412321,0.135742,0.213623,1.016846
15417321,0.138916,0.210205,1.015625
15422321,0.125,0.219238,1.012451
15427321,0.137207,0.210205,1.011719
15432321,0.136475,0.206787,1.023193
15437321,0.130615,0.209717,1.020752
15442321,0.142822,0.212646,1.010742
15447321,0.136719,0.206299,1.023926
15452321,0.125977,0.208008,1.030762
15457321,0.138184,0.209229,1.020508
15462321,0.142578,0.213623,1.017334
15467321,0.12207,0.216309,1.018066
15472321,0.130615,0.209717,1.020996
15477321,0.146729,0.214844,1.019531
15482321,0.125,0.211426,1.009033
15487321,0.125,0.208008,1.014893
15492321,0.14502,0.208008,1.015869
15497321,0.134033,0.216064,1.016113
15502321,0.127441,0.2146,1.011719
15507321,0.139648,0.203369,1.021973
15512321,0.147217,0.211182,1.01709
15517321,0.125,0.215088,1.010498
15522321,0.133057,0.208008,1.020264
15527321,0.143555,0.20874,1.029297
15532321,0.12915,0.213135,1.016602
15537321,0.120117,0.212158,1.008545
15542321,0.137207,0.206055,1.026123
15547321,0.139404,0.209717,1.016357
15552321,0.124512,0.214355,1.015381
15557321,0.136719,0.216797,1.019287
15562321,0.138428,0.210449,1.022217
15567321,0.131836,0.216309,1.015381
15572321,0.133301,0.21582,1.013916
15577321,0.136963,0.210449,1.02417
15582321,0.137939,0.211914,1.027344
15587321,0.134033,0.213379,1.015625
15592321,0.135742,0.2146,1.019287
15597321,0.136963,0.208984,1.023193
15602321,0.13501,0.208984,1.025146
15607321,0.131836,0.218994,1.017578
15612321,0.130127,0.215576,1.012939
15617321,0.13208,0.204102,1.023926
15622321,0.136475,0.21167,1.029541
15627321,0.133301,0.220703,1.010986
15632321,0.130371,0.216553,1.01001
15637321,0.136963,0.207275,1.029541
15642321,0.133789,0.208496,1.024658
15647321,0.131592,0.217529,1.004639
15652321,0.124512,0.219238,1.020996
15657321,0.130127,0.209717,1.024414
15662321,0.141357,0.204834,1.024414
15667321,0.135986,0.210449,1.020752
15672321,0.128174,0.210937,1.019043
15677321,0.135742,0.210693,1.010986
15682321,0.135498,0.209961,1.013916
15687321,0.133301,0.209229,1.01709
15692321,0.128174,0.207031,1.021729
15697321,0.12915,0.217529,1.012207
15702321,0.12915,0.223145,1.012939
15707321,0.134766,0.214355,1.021973
15712321,0.13623,0.210937,1.030029
15717321,0.145264,0.216797,1.027832
15722321,0.13916,0.222656,1.019531
15727321,0.136963,0.216797,1.018799
15732321,0.13916,0.211182,1.015137
15737321,0.142334,0.207031,1.025146
15742321,0.134766,0.212891,1.015625
15747321,0.13208,0.217041,1.012695
15752321,0.135254,0.211182,1.010742
15757321,0.13623,0.207764,1.014893
15762321,0.134521,0.206543,1.024658
15767321,0.133545,0.214355,1.011719
15772321,0.124756,0.210693,1.015381
15777321,0.12915,0.212646,1.012939
15782321,0.134277,0.208496,1.021729
15787321,0.138428,0.204834,1.016846
15792321,0.134277,0.20752,1.023438
15797321,0.143066,0.21167,1.022461
15802321,0.136475,0.213135,1.023193
15807321,0.139404,0.211182,1.020264
15812321,0.131836,0.211914,1.018799
15817321,0.127197,0.210937,1.01709
15822321,0.126221,0.213135,1.01123
15827321,0.126465,0.215576,1.012939
15832321,-1.513184,1.999939,1.999939
15837321,0.640869,1.999939,-1.434814
15842321,1.705566,1.999939,-2.0
15847321,-1.862061,1.999939,1.999939
15852321,0.185791,0.852295,1.999939
15857321,-0.82373,1.111816,1.999939
15862321,-0.946045,1.705078,-1.341064
15867321,-0.048828,0.271973,-2.0
15872321,-0.73999,0.638428,-2.0
15877321,-0.92041,0.841797,-2.0
15882321,-0.604736,1.532715,-2.0
15887321,0.957031,1.999939,1.999939
15892321,-1.604248,1.999939,-0.987061
15897321,-0.863525,0.82251,-2.0
15902321,-0.343262,0.047852,1.504883
15907321,0.178711,0.012939,1.173828
15912321,0.19043,0.2771,1.094482
15917321,0.181152,0.118164,0.69043
15922321,0.135742,0.130371,1.028809
15927321,0.240967,0.205811,1.700195
15932321,0.0896,0.308105,0.960449
15937321,-0.002197,0.400879,0.970459
15942321,0.169434,1.844238,-0.095703
15947321,-0.06665,0.263428,-2.0
15952321,-0.729004,1.999939,-2.0
15957321,-0.634521,0.92749,1.072021
15962321,0.29126,0.865479,1.380127
15967321,0.039307,1.102539,1.112793
15972321,0.13208,0.212402,0.930908
15977321,0.185791,0.181396,1.071289
15982321,0.096924,0.283447,1.107422
15987321,0.104004,0.273193,1.078369
15992321,0.115479,0.270508,1.011475
15997321,0.120605,0.253174,0.991211
16002321,0.098633,0.179932,0.898926
16007321,0.160889,0.128418,1.016846
16012321,0.148926,0.108887,1.035889
16017321,0.111816,0.139648,0.950684
16022321,0.126953,0.183838,0.951416
16027321,0.136719,0.189941,0.990967
16032321,0.152344,0.165039,1.041748
16037321,0.138672,0.226807,1.057373
16042321,0.161865,0.300537,1.160645
16047321,0.197266,1.903564,1.387451
16052321,-0.424805,0.3396,-0.795654
16057321,-0.475098,0.825195,1.508789
16062321,0.154297,1.999939,1.205078
16067321,0.070068,0.550537,1.034424
16072321,0.139648,0.226807,1.020508
16077321,0.12085,0.216553,1.034668
16082321,0.102051,1.999939,1.068604
16087321,0.112793,0.271729,1.087646
16092321,0.096924,1.10083,1.05835
16097321,0.154541,0.96167,1.032715
16102321,0.148926,1.999939,0.998779
16107321,0.171387,0.298828,1.003662
16112321,0.14209,0.287109,0.98877
16117321,0.137207,0.59082,0.94873
16122321,0.13623,0.350586,0.963623
16127321,0.166992,1.999939,1.093506
16132321,0.073242,0.531982,1.044189
16137321,-0.756348,1.863281,-1.516602
16142321,-1.202637,1.726318,0.033203
16147321,-0.819824,1.999939,0.912354
16152321,-0.582764,1.999939,1.015625
16157321,0.118164,1.667236,0.868164
16162321,0.11377,1.999939,1.072021
16167321,0.161377,0.414795,1.077148
16172321,0.083984,0.91626,1.067871
16177321,0.090088,0.483887,0.975586
16182321,0.111572,0.584717,1.003174
16187321,0.098145,0.422607,1.042236
16192321,0.123291,0.237061,1.028076
16197321,0.171875,0.234863,1.061768
16202321,0.082031,0.365723,0.927002
16207321,-0.138672,1.092041,-1.223633
16212321,-0.190674,1.531982,1.356689
16217321,-0.652344,0.130127,1.165771
16222321,-0.751709,1.996094,1.053467
16227321,-0.057861,0.453125,1.0354
16232321,0.121826,1.890381,0.987061
16237321,0.17749,0.27417,1.067139
16242321,0.102051,0.259521,1.001465
16247321,0.117432,0.233398,1.017822
16252321,0.127686,1.414307,1.004883
16257321,0.122803,1.999939,1.013428
16262321,0.136475,0.688477,1.11792
16267321,0.131592,1.020752,1.049805
16272321,0.12793,0.92041,1.062012
16277321,0.216309,0.257568,1.146729
16282321,0.274414,1.614014,0.205078
16287321,0.067871,1.074951,1.590088
16292321,-0.61084,1.999939,0.998779
16297321,-0.097656,1.79126,0.933594
16302321,0.044189,0.778076,0.984375
16307321,0.19751,1.320801,1.0
16312321,0.17627,0.401123,1.155518
16317321,0.097168,0.259033,1.117676
16322321,0.126709,1.381592,1.043213
16327321,0.142822,1.674561,1.010254
16332321,0.154541,0.58667,0.998047
16337321,0.13501,0.882568,0.927734
16342321,0.113037,0.831543,0.979248
16347321,-0.651611,1.96582,1.23584
16352321,-0.768066,1.35083,0.992187
16357321,-0.748779,1.999939,1.083008
16362321,0.155029,1.76709,1.191406
16367321,0.153564,0.896484,1.019043
16372321,0.118164,0.203857,0.810303
16377321,0.112305,1.711182,0.94043
16382321,0.178955,1.999939,1.16748
16387321,-0.240479,0.529297,1.999939
16392321,0.144775,0.638184,1.238281
16397321,0.150391,1.360352,0.986572
16402321,0.120361,1.442627,0.97168
16407321,0.131592,0.246338,1.029785
16412321,0.116943,0.251221,1.028564
16417321,0.105469,0.273926,1.086914
16422321,0.111084,0.263672,1.078369
16427321,0.138916,0.195068,0.991699
16432321,0.139893,0.161377,0.977295
16437321,0.130859,0.139404,0.984375
16442321,0.150879,0.138672,0.988281
16447321,0.140137,0.16333,1.014893
16452321,0.128662,0.165283,1.000244
16457321,0.135986,0.182129,0.981445
16462321,0.133057,0.197754,1.006592
16467321,0.141846,0.177979,1.003662
16472321,0.13208,0.202881,1.029297
16477321,0.118408,0.226074,1.042236
16482321,0.117676,0.240967,1.027344
16487321,0.108887,0.26416,1.037109
16492321,0.103516,0.253174,1.034668
16497321,0.123535,0.241943,1.040039
16502321,0.117188,0.25708,1.050049
16507321,0.125244,0.230713,1.030273
16512321,0.12793,0.229736,1.015625
16517321,0.105713,0.230957,1.006104
16522321,0.1604,0.223633,1.020996
16527321,0.110596,0.242187,1.071533
16532321,0.148682,0.173828,1.005371
16537321,0.137207,0.155518,0.980713
16542321,0.147461,0.157959,0.996826
16547321,0.14917,0.156494,1.011963
16552321,0.126709,0.204102,1.029541
16557321,0.139893,0.210937,1.025635
16562321,0.115967,0.209961,1.001709
16567321,0.128662,0.219727,1.017334
16572321,0.124023,0.242432,1.040039
16577321,0.106934,0.217529,1.029297
16582321,0.113525,0.243896,1.03125
16587321,0.115479,0.244629,1.042969
16592321,0.118896,0.23999,1.051514
16597321,0.122803,0.249268,1.042236
16602321,0.125977,0.229736,1.041748
16607321,0.135254,0.207031,1.023682
16612321,0.122314,0.200684,1.03418
16617321,0.133789,0.203613,1.031738
16622321,0.137451,0.182617,1.008789
16627321,0.13623,0.170898,0.990234
16632321,0.138184,0.139648,0.986572
16637321,0.147949,0.152832,0.989014
16642321,0.143555,0.160889,0.998291
16647321,0.143066,0.171875,1.00708
16652321,0.136719,0.192383,1.013184
16657321,0.13501,0.197021,1.013672
16662321,0.136475,0.201416,1.023926
16667321,0.132568,0.210205,1.027588
16672321,0.127686,0.225098,1.036621
16677321,0.12207,0.242187,1.040527
16682321,0.114746,0.25,1.033936
16687321,0.113525,0.24585,1.026855
16692321,0.11377,0.239258,1.025146
16697321,0.12207,0.229736,1.033447
16702321,0.125977,0.233154,1.031738
16707321,0.119141,0.226807,1.0354
16712321,0.119873,0.223389,1.024902
16717321,0.124756,0.212646,1.018311
16722321,0.138428,0.195068,1.008057
16727321,0.121826,0.185303,0.994629
16732321,0.140625,0.164062,1.003906
16737321,0.137207,0.164062,1.00708
16742321,0.141113,0.174561,0.992432
16747321,0.140137,0.140625,0.981445
16752321,0.139404,0.152832,1.004395
16757321,0.138672,0.157715,1.01123
16762321,0.148437,0.194092,1.036377
16767321,0.127197,0.225342,1.054688
16772321,0.120361,0.256592,1.053955
16777321,0.125977,0.238525,1.056885
16782321,0.099365,0.256836,1.023682
16787321,0.107178,0.268311,1.037598
16792321,0.100342,0.282471,1.028076
16797321,0.109131,0.276611,1.047119
16802321,0.106445,0.272461,1.048584
16807321,0.115967,0.248779,1.039795
16812321,0.130127,0.249756,1.069092
16817321,0.14624,0.236572,1.067627
16822321,0.123047,0.206543,1.041504
16827321,0.14209,0.081055,0.983398
16832321,0.177002,-0.005127,0.951904
16837321,0.140869,0.186035,0.962158
16842321,0.098633,0.210937,1.048584
16847321,0.152344,0.145752,0.962402
16852321,0.149902,0.19873,1.008301
16857321,0.105713,0.182373,1.005127
16862321,0.132568,0.197266,1.016846
16867321,0.140625,0.241699,1.042236
16872321,0.098145,0.298096,1.072021
16877321,0.092529,0.320557,1.084961
16882321,0.118164,0.258301,1.047607
16887321,0.137695,0.161377,1.011719
16892321,0.133057,0.154297,1.025879
16897321,0.124023,0.24707,1.018799
16902321,0.127197,0.213379,1.030273
16907321,0.129395,0.231201,1.03418
16912321,0.114746,0.273438,1.024658
