timestamp_us,x_g,y_g,z_g
1302199606,0.075439,0.148682,1.041016
1302204606,0.079102,0.147217,1.043945
1302209606,0.077637,0.148437,1.044922
1302214606,0.07666,0.144531,1.044434
1302219606,0.077148,0.14917,1.042969
1302224606,0.079102,0.149658,1.030518
1302229606,0.075928,0.146729,1.039307
1302234606,0.073975,0.143799,1.038086
1302239606,0.074951,0.147461,1.036377
1302244606,0.070557,0.147705,1.041992
1302249606,0.074707,0.144775,1.039063
1302254606,0.077637,0.146484,1.041504
1302259606,0.071533,0.144775,1.039795
1302264606,0.075684,0.145264,1.039063
1302269606,0.077637,0.147949,1.040527
1302274606,0.077637,0.148682,1.046387
1302279606,0.07666,0.14209,1.04126
1302284606,0.077393,0.143799,1.041504
1302289606,0.081787,0.144043,1.041504
1302294606,0.080078,0.147461,1.042969
1302299606,0.074951,0.14624,1.032715
1302304606,0.077148,0.141846,1.042725
1302309606,0.075928,0.14502,1.039063
1302314606,0.075928,0.147705,1.040039
1302319606,0.076904,0.143311,1.037354
1302324606,0.077637,0.148193,1.039307
1302329606,0.077881,0.147705,1.030029
1302334606,0.075684,0.146484,1.043457
1302339606,0.07666,0.144531,1.039063
1302344606,0.075928,0.145264,1.042969
1302349606,0.07959,0.144775,1.043945
1302354606,0.078613,0.149414,1.03418
1302359606,0.077393,0.145508,1.038086
1302364606,0.074463,0.144531,1.04126
1302369606,0.078125,0.146729,1.040771
1302374606,0.077148,0.14624,1.042236
1302379606,0.077637,0.143311,1.039307
1302384606,0.075928,0.144287,1.045898
1302389606,0.077881,0.145264,1.040527
1302394606,0.072021,0.146973,1.037109
1302399606,0.075928,0.143799,1.043701
1302404606,0.075439,0.148682,1.041992
1302409606,0.071533,0.141357,1.036133
1302414606,0.077148,0.144775,1.037842
1302419606,0.075195,0.148926,1.039551
1302424606,0.077148,0.150146,1.046631
1302429606,0.078125,0.144775,1.033691
1302434606,0.072754,0.14917,1.040771
1302439606,0.074707,0.150146,1.040527
1302444606,0.076416,0.147217,1.038086
1302449606,0.076904,0.14624,1.040039
1302454606,0.075684,0.148926,1.040039
1302459606,0.078857,0.148437,1.040527
1302464606,0.075195,0.144775,1.041992
1302469606,0.078369,0.143311,1.041504
1302474606,0.077393,0.145264,1.037842
1302479606,0.078125,0.145752,1.042969
1302484606,0.075684,0.141602,1.044189
1302489606,0.077148,0.149414,1.033203
1302494606,0.080566,0.145508,1.040283
1302499606,0.077637,0.14502,1.040527
1302504606,0.075439,0.148437,1.040527
1302509606,0.074707,0.147461,1.038818
1302514606,0.078125,0.146973,1.042969
1302519606,0.079102,0.143311,1.037354
1302524606,0.077881,0.147461,1.040283
1302529606,0.073975,0.149658,1.040527
1302534606,0.072754,0.145508,1.035889
1302539606,0.079102,0.147217,1.0354
1302544606,0.078369,0.14502,1.037842
1302549606,0.075928,0.144531,1.041504
1302554606,0.074219,0.146973,1.039795
1302559606,0.076172,0.146973,1.033447
1302564606,0.072998,0.141113,1.04248
1302569606,0.074951,0.141846,1.038086
1302574606,0.077148,0.14624,1.039063
1302579606,0.074951,0.146729,1.041504
1302584606,0.077148,0.152588,1.039795
1302589606,0.079102,0.147705,1.039795
1302594606,0.076904,0.146484,1.03833
1302599606,0.077148,0.146484,1.041016
1302604606,0.077393,0.145996,1.045898
1302609606,0.075684,0.144043,1.0354
1302614606,0.076904,0.144287,1.04126
1302619606,0.077393,0.143311,1.033691
1302624606,0.070312,0.145264,1.036377
1302629606,0.074219,0.141846,1.037354
1302634606,0.075928,0.14209,1.037109
1302639606,0.078613,0.148437,1.045898
1305224606,0.077637,0.147949,1.040527
1305234606,0.080322,0.144287,1.031738
1305239606,0.082031,0.14502,1.04126
1305244606,0.080322,0.150879,1.042236
1305249606,0.075439,0.147949,1.042236
1305254606,0.07666,0.149902,1.039795
1305259606,0.074219,0.148926,1.0354
1305264606,0.074219,0.148437,1.043213
1305269606,0.073486,0.151123,1.040283
1305274606,0.072021,0.152832,1.0354
1305279606,0.075195,0.149902,1.046631
1305284606,0.076416,0.151123,1.039551
1305289606,0.080322,0.14917,1.033936
1305294606,0.078125,0.143066,1.039307
1305299606,0.083496,0.141846,1.044434
1305304606,0.07959,0.143066,1.041748
1305309606,0.083008,0.143311,1.044189
1305314606,0.082764,0.143066,1.036377
1305319606,0.081055,0.143066,1.036621
1305324606,0.082275,0.148193,1.037598
1305329606,0.078857,0.150146,1.040771
1305334606,0.071533,0.155029,1.047607
1305339606,0.070801,0.151123,1.043457
1305344606,0.06958,0.149414,1.040527
1305349606,0.073242,0.149414,1.04126
1305354606,0.072754,0.155273,1.03833
1305359606,0.07666,0.149902,1.041504
1305364606,0.078613,0.144775,1.041504
1305369606,0.080322,0.146484,1.036865
1305374606,0.078369,0.143555,1.0354
1305379606,0.081055,0.139893,1.041504
1305384606,0.085693,0.141602,1.037598
1305389606,0.079102,0.145996,1.040283
1305394606,0.08252,0.15332,1.043457
1305399606,0.075928,0.151611,1.046387
1305404606,0.07666,0.150879,1.039063
1305409606,0.071777,0.151123,1.042236
1305414606,0.072021,0.147217,1.036865
1305419606,0.071533,0.147217,1.036133
1305424606,0.071777,0.148193,1.04126
1305429606,0.073242,0.147217,1.033447
1305434606,0.076172,0.142578,1.039551
1305439606,0.078125,0.144775,1.040039
1305444606,0.077637,0.143799,1.040527
1305449606,0.08252,0.144775,1.043457
1305454606,0.081543,0.145508,1.040283
1305459606,0.082764,0.142822,1.040039
1305464606,0.078125,0.14502,1.038574
1305469606,0.07373,0.145996,1.034668
1305474606,0.079346,0.154053,1.036133
1305479606,0.081055,0.150146,1.045166
1305484606,0.076416,0.149902,1.041992
1305489606,0.077881,0.149902,1.035889
1305494606,0.077148,0.147461,1.041992
1305499606,0.076416,0.146484,1.036621
1305504606,0.075684,0.144287,1.043457
1305509606,0.076172,0.141357,1.03418
1305514606,0.078613,0.141357,1.037598
1305519606,0.077637,0.142578,1.042725
1305524606,0.078613,0.142334,1.03833
1305529606,0.075684,0.144287,1.036377
1305534606,0.078125,0.14917,1.035645
1305539606,0.075439,0.150146,1.039795
1305544606,0.078125,0.151123,1.042725
1305549606,0.076172,0.151611,1.037109
1305554606,0.075684,0.154541,1.038086
1305559606,0.073242,0.150635,1.036621
1305564606,0.076416,0.150391,1.036133
1305569606,0.079102,0.150635,1.037109
1305574606,0.078613,0.145508,1.037842
1305579606,0.079834,0.141357,1.040527
1305584606,0.077881,0.141602,1.040039
1305589606,0.078369,0.143555,1.041992
1305594606,0.078613,0.147949,1.039063
1305599606,0.075195,0.14624,1.037354
1305604606,0.078857,0.146729,1.041748
1305609606,0.075195,0.148926,1.043457
1305614606,0.079102,0.149414,1.032227
1305619606,0.077393,0.146973,1.038818
1305624606,0.078613,0.149414,1.043945
1305629606,0.073486,0.151611,1.043701
1305634606,0.075439,0.146729,1.036865
1305639606,0.077148,0.150635,1.03833
1305644606,0.075928,0.151855,1.040771
1305649606,0.077881,0.146729,1.037842
1305654606,0.076904,0.149902,1.04541
1305659606,0.079346,0.146729,1.047119
1305664606,0.076416,0.145264,1.040283
1305669606,0.075928,0.147705,1.038574
1305674606,0.074707,0.149414,1.038818
1305679606,0.075684,0.148682,1.041748
1305684606,0.079834,0.147461,1.04541
1305689606,0.073975,0.152588,1.040039
1305694606,0.07666,0.149414,1.043213
1305699606,0.077393,0.146973,1.039063
1305704606,0.076172,0.152832,1.041016
1305709606,0.076172,0.151367,1.046143
1305714606,0.078369,0.151855,1.040283
1305719606,0.074707,0.147461,1.037354
1305724606,0.075439,0.145264,1.04126
1305729606,0.075684,0.148437,1.033447
1305734606,0.078613,0.140381,1.035645
1305739606,0.078125,0.147461,1.035156
1305744606,0.078369,0.149414,1.032715
1305749606,0.075195,0.144775,1.038086
1305754606,0.079102,0.146729,1.032227
1305759606,0.076904,0.148926,1.03833
1305764606,0.073975,0.148682,1.039551
1305769606,0.078369,0.150635,1.038574
1305774606,0.07959,0.145996,1.045166
1305779606,0.073975,0.148437,1.037598
1305784606,0.076904,0.151367,1.03833
1305789606,0.076416,0.148682,1.040771
1305794606,0.072021,0.150391,1.041992
1305799606,0.072754,0.145996,1.03833
1305804606,0.073486,0.147705,1.040527
1305809606,0.076416,0.14917,1.046387
1305814606,0.074707,0.144531,1.047363
1305819606,0.073242,0.146484,1.03833
1305824606,0.076172,0.145752,1.035889
1305829606,0.078613,0.147217,1.046387
1305834606,0.080322,0.149658,1.040283
1305839606,0.075684,0.148437,1.036621
1305844606,0.075684,0.147461,1.041016
1305849606,0.07666,0.150146,1.042236
1305854606,0.071777,0.14502,1.039795
1305859606,0.074219,0.14502,1.036865
1305864606,0.076172,0.147949,1.041992
1305869606,0.074951,0.146484,1.041748
1305874606,0.072998,0.14624,1.041504
1305879606,0.077881,0.143555,1.043213
1305884606,0.079102,0.144287,1.042969
1305889606,0.074951,0.145508,1.036621
1305894606,0.072021,0.151367,1.040283
1305899606,0.076172,0.148193,1.04541
1305904606,0.072754,0.150635,1.041748
1305909606,0.078857,0.14917,1.037598
1305914606,0.079102,0.144287,1.038818
1305919606,0.075439,0.156006,1.040771
1305924606,0.073975,0.149902,1.036865
1305929606,0.081055,0.146729,1.035889
1305934606,0.081299,0.142822,1.039063
1305939606,0.08252,0.148682,1.036377
1305944606,0.078857,0.148437,1.037842
1305949606,0.074463,0.1521,1.038086
1305954606,0.077393,0.149658,1.04126
1305959606,0.074707,0.148682,1.038086
1305964606,0.075928,0.147949,1.046387
1305969606,0.077637,0.150879,1.037354
1305974606,0.075684,0.146973,1.038818
1305979606,0.075928,0.151123,1.036621
1305984606,0.073486,0.149658,1.044678
1305989606,0.078613,0.149902,1.046143
1305994606,0.07373,0.148437,1.041016
1305999606,0.077148,0.144775,1.039307
1306004606,0.078125,0.151367,1.034912
1306009606,0.079102,0.149902,1.040039
1306014606,0.074707,0.147705,1.038818
1306019606,0.075928,0.147949,1.037598
1306024606,0.07666,0.14917,1.036133
1306029606,0.075195,0.146484,1.036377
1306034606,0.078613,0.146729,1.037109
1306039606,0.077881,0.148682,1.042969
1306044606,0.079346,0.147705,1.039551
1306049606,0.072754,0.14624,1.039307
1306054606,0.078613,0.147461,1.034668
1306059606,0.072266,0.14502,1.036621
1306064606,0.074707,0.149414,1.043945
1306069606,0.075928,0.150146,1.046631
1306074606,0.077148,0.150146,1.037842
1306079606,0.080078,0.145752,1.032471
1306084606,0.078125,0.14624,1.041016
1306089606,0.080322,0.144775,1.038574
1306094606,0.074707,0.150635,1.03833
1306099606,0.074463,0.146973,1.039307
1306104606,0.075195,0.151123,1.041992
1306109606,0.074219,0.148437,1.034424
1306114606,0.075195,0.150146,1.036377
1306119606,0.077637,0.145264,1.039551
1306124606,0.080078,0.151123,1.037109
1306129606,0.077393,0.149902,1.04126
1306134606,0.07959,0.147461,1.034912
1306139606,0.078369,0.14502,1.038086
1306144606,0.078613,0.144287,1.040283
1306149606,0.079834,0.145752,1.046143
1306154606,0.080078,0.146973,1.039795
1306159606,0.078613,0.14624,1.039307
1306164606,0.073486,0.146484,1.040527
1306169606,0.076172,0.149902,1.034668
1306174606,0.079102,0.153564,1.039795
1306179606,0.078857,0.144775,1.033447
1306184606,0.079834,0.144287,1.043457
1306189606,0.078613,0.147949,1.042969
1306194606,0.074707,0.148926,1.04248
1306199606,0.077637,0.147705,1.038818
1306204606,0.079346,0.145264,1.042725
1306209606,0.069336,0.146484,1.04248
1306214606,0.077881,0.144043,1.040771
1306219606,0.075928,0.147705,1.040771
1306224606,0.075439,0.149658,1.036133
1306229606,0.077393,0.145752,1.047119
1306234606,0.076416,0.146484,1.039551
1306239606,0.079834,0.144531,1.041504
1306244606,0.078613,0.145752,1.039795
1306249606,0.075195,0.14502,1.035645
1306254606,0.077148,0.148682,1.043945
1306259606,0.073975,0.148193,1.037109
1306264606,0.075684,0.149658,1.041504
1306269606,0.073975,0.152588,1.036621
1306274606,0.078369,0.145996,1.042236
1306279606,0.077637,0.146729,1.038574
1306284606,0.074463,0.147705,1.03833
1306289606,0.07666,0.147705,1.031982
1306294606,0.077637,0.144775,1.038086
1306299606,0.073975,0.150391,1.036377
1306304606,0.077148,0.147949,1.036621
1306309606,0.07251,0.147461,1.045654
1306314606,0.078125,0.148682,1.039063
1306319606,0.082031,0.143311,1.04248
1306324606,0.079834,0.149414,1.045166
1306329606,0.074219,0.14917,1.041504
1306334606,0.075439,0.14917,1.039063
1306339606,0.078369,0.145264,1.043457
1306344606,0.08252,0.147949,1.035889
1306349606,0.077637,0.149414,1.043701
1306354606,0.074463,0.148682,1.036621
1306359606,0.073975,0.147705,1.041504
1306364606,0.077637,0.146729,1.039795
1306369606,0.078857,0.149902,1.041016
1306374606,0.075195,0.144775,1.046143
1306379606,0.076904,0.145996,1.039307
1306384606,0.077881,0.150391,1.041016
1306389606,0.07959,0.147461,1.042969
1306394606,0.075439,0.14624,1.048096
1306399606,0.081055,0.151123,1.047607
1306404606,0.079102,0.150146,1.04248
1306409606,0.078125,0.143799,1.042969
1306414606,0.077148,0.148193,1.041016
1306419606,0.076416,0.145996,1.037598
1306424606,0.076904,0.150635,1.038818
1306429606,0.075928,0.145508,1.043945
1306434606,0.079346,0.144775,1.036133
1306439606,0.077148,0.149902,1.036865
1306444606,0.079102,0.147217,1.041016
1306449606,0.077881,0.148682,1.044434
1306454606,0.072754,0.151123,1.033203
1306459606,0.078613,0.146484,1.04126
1306464606,0.073486,0.150879,1.03833
1306469606,0.077637,0.146973,1.039307
1306474606,0.080322,0.148926,1.038818
1306479606,0.078369,0.147705,1.039551
1306484606,0.077393,0.146973,1.042969
1306489606,0.081543,0.148926,1.043945
1306494606,0.073975,0.150146,1.039307
1306499606,0.072754,0.148926,1.035889
1306504606,0.076904,0.148437,1.04126
1306509606,0.077393,0.145508,1.037598
1306514606,0.078857,0.146484,1.038818
1306519606,0.07666,0.150879,1.034912
1306524606,0.079102,0.144043,1.039063
1306529606,0.078613,0.148193,1.039551
1306534606,0.077393,0.146484,1.042725
1306539606,0.075684,0.15332,1.041992
1306544606,0.076172,0.149902,1.036621
1306549606,0.078369,0.146729,1.050781
1306554606,0.077148,0.147217,1.038574
1306559606,0.080078,0.146484,1.041016
1306564606,0.078857,0.146484,1.031738
1306569606,-1.927246,3.999878,0.824219
1306574606,1.923828,-0.068115,1.762451
1306579606,-0.754395,0.388916,-3.895996
1306584606,-0.338867,3.361572,1.0271
1306589606,-0.268311,-1.431885,-4.0
1306594606,-3.042236,1.592529,-2.371094
1306599606,-1.344238,0.311035,0.473389
1306604606,-2.861084,0.712158,1.544678
1306609606,-1.346436,-0.13501,1.067139
1306614606,-0.321777,0.454834,1.670654
1306619606,0.263428,0.247314,1.224854
1306624606,0.03418,0.187012,1.044434
1306629606,0.089844,0.124756,0.993896
1306634606,-0.004883,0.201172,1.164063
1306639606,0.127441,0.250488,0.878174
1306644606,0.13916,0.04834,1.021484
1306649606,0.134277,0.041992,0.987549
1306654606,0.085693,0.126953,1.005615
1306659606,0.042969,0.27002,1.111572
1306664606,0.059326,0.248047,1.084229
1306669606,0.075684,0.177246,1.026367
1306674606,0.112793,0.079102,0.954834
1306679606,0.133545,0.200928,1.079834
1306684606,0.127441,0.197998,1.09082
1306689606,0.049561,0.2229,1.080811
1306694606,0.067383,0.196533,1.056396
1306699606,0.063721,0.172363,1.027344
1306704606,0.092285,0.199219,1.025391
1306709606,0.085693,0.072754,0.986328
1306714606,0.085449,0.105469,1.019043
1306719606,0.081787,0.150146,1.016846
1306724606,-1.253662,3.446777,0.893311
1306729606,-1.478027,0.345459,1.743408
1306734606,1.218994,1.498535,2.504639
1306739606,-0.884033,1.974121,-2.746582
1306744606,-1.31543,-0.099365,0.609863
1306749606,-0.40918,0.342773,0.791016
1306754606,0.13208,0.156982,1.196533
1306759606,0.040771,0.139893,0.981201
1306764606,0.037598,0.044678,0.904541
1306769606,0.056396,0.287109,1.155273
1306774606,0.115723,0.135254,1.029053
1306779606,0.070312,0.081787,0.976318
1306784606,0.65332,0.196045,3.999878
1306789606,-0.894775,0.371094,-1.146973
1306794606,0.757568,1.145264,0.318115
1306799606,-0.811768,0.264893,0.636719
1306804606,-0.384277,0.355469,1.567383
1306809606,0.218994,0.079834,1.413818
1306814606,0.040039,0.082031,1.064453
1306819606,0.015869,0.898437,0.138916
1306824606,-0.153564,0.300537,0.834229
1306829606,-0.061768,0.2854,1.498291
1306834606,0.227051,0.15918,1.511719
1306839606,0.171387,-0.22876,0.95459
1306844606,-0.009521,0.175537,0.886475
1306849606,0.213379,0.114014,0.960693
1306854606,0.046387,0.208008,1.143311
1306859606,0.129883,0.165771,1.211182
1306864606,0.029297,0.208252,0.97583
1306869606,0.079834,0.136475,1.006348
1306874606,0.083984,0.13208,1.060059
1306879606,0.142822,0.118896,1.010498
1306884606,0.107666,0.131104,1.058105
1306889606,0.087646,0.182861,1.06665
1306894606,0.060303,0.207764,1.069336
1306899606,0.025391,-0.123291,1.306396
1306904606,-0.358154,1.43335,-2.094482
1306909606,-1.056396,0.228027,0.744385
1306914606,-1.07373,0.359131,0.703125
1306919606,-0.116943,0.372559,1.030029
1306924606,-0.06543,0.977539,1.352783
1306929606,0.102539,0.118896,1.571777
1306934606,0.028076,0.00708,1.202148
1306939606,-0.365967,0.152832,0.921875
1306944606,-0.753418,0.061523,1.171631
1306949606,-1.803467,1.779053,-2.924316
1306954606,-0.514893,1.627686,-4.0
1306959606,-1.733398,0.952881,-4.0
1306964606,-0.668701,1.640381,0.843018
1306969606,-0.666748,0.913818,-0.852295
1306974606,-0.23999,0.149902,-0.254395
1306979606,0.048828,1.495361,1.068115
1306984606,0.065186,0.286133,1.14624
1306989606,0.081299,0.473389,1.094482
1306994606,0.075195,0.070312,0.878906
1306999606,0.078613,0.062256,0.311523
1307004606,0.184814,0.017578,1.628174
1307009606,-0.040283,0.218262,0.689209
1307014606,-0.052002,0.337891,1.01709
1307019606,0.074707,0.173828,1.051025
1307024606,0.05957,0.154297,1.00708
1307029606,0.092285,0.261475,1.047607
1307034606,0.051025,0.091553,1.014893
1307039606,0.033447,0.169434,1.024902
1307044606,0.153076,0.206055,1.139648
1307049606,0.186768,0.158203,1.150146
1307054606,-0.39917,1.115234,1.009033
1307059606,-0.087891,1.17749,1.062256
1307064606,-0.760498,0.342773,1.111084
1307069606,0.091797,0.141357,1.053223
1307074606,0.090088,0.182373,1.033203
1307079606,0.045166,0.148437,1.025635
1307084606,0.024902,0.20752,0.998779
1307089606,0.019531,0.182373,0.794922
1307094606,0.084717,0.398438,1.022217
1307099606,-0.002197,0.13623,0.785156
1307104606,0.07251,0.296387,1.093018
1307109606,0.04541,0.240234,1.148193
1307114606,-0.121582,0.241455,0.922363
1307119606,0.044434,0.191162,1.038086
1307124606,0.126709,0.205322,1.06543
1307129606,0.142578,0.509521,1.085205
1307134606,0.196777,0.585205,1.274902
1307139606,0.037598,0.115723,1.07666
1307144606,0.041016,0.290283,0.942871
1307149606,-0.143799,0.956787,1.118652
1307154606,-0.041016,0.237549,1.075439
1307159606,0.03418,0.114014,1.000244
1307164606,0.059326,0.333008,1.037598
1307169606,0.124023,0.185303,1.223877
1307174606,0.027344,0.133301,0.940918
1307179606,-0.060791,0.324219,0.949951
1307184606,0.080566,0.184814,1.061035
1307189606,0.188232,0.109375,1.156006
1307194606,0.219238,0.161133,1.180664
1307199606,-0.195068,0.207764,1.183838
1307204606,-0.947266,1.268066,0.184326
1307209606,-0.814941,0.342285,1.065186
1307214606,0.124512,0.162354,1.097412
1307219606,0.081299,0.159424,1.092041
1307224606,0.061035,0.196777,0.944336
1307229606,0.085693,0.157959,1.083984
1307234606,0.051758,1.435059,1.114502
1307239606,0.012207,0.239014,1.080811
1307244606,0.037354,0.318115,-0.026367
1307249606,-0.047119,0.216064,1.089844
1307254606,0.051514,0.330078,1.095459
1307259606,0.035156,0.260986,1.156738
1307264606,0.062988,1.403809,0.935791
1307269606,0.094727,0.131592,-0.619629
1307274606,-0.031738,0.206543,0.95874
1307279606,0.11792,0.050781,0.152344
1307284606,-0.025146,1.571045,0.893799
1307289606,0.144043,1.212158,1.115967
1307294606,0.029541,0.55127,0.966797
1307299606,0.073242,0.17041,1.061035
1307304606,0.054932,0.181885,1.044678
1307309606,0.082764,0.18335,1.05542
1307314606,0.089355,0.106445,1.032471
1307319606,0.060791,0.156494,1.054199
1307324606,0.087402,0.182617,1.062988
1307329606,0.064941,0.157715,1.017578
1307334606,0.075684,0.160156,1.018799
1307339606,0.087646,0.161377,1.052979
1307344606,0.074219,0.15918,1.030762
1307349606,0.080322,0.169189,1.03418
1307354606,0.082275,0.15625,1.045898
1307359606,0.067871,0.151123,1.0271
1307364606,0.070312,0.160645,1.033447
1307369606,0.07959,0.1521,1.054443
1307374606,0.075928,0.1521,1.022949
1307379606,0.075684,0.157715,1.027832
1307384606,0.078613,0.159668,1.057373
1307389606,0.059082,0.164551,1.02832
1307394606,0.067627,0.157227,1.040039
1307399606,0.085449,0.159912,1.050781
1307404606,0.072998,0.16333,1.0271
1307409606,0.082764,0.160156,1.037354
1307414606,0.080811,0.162354,1.050049
1307419606,0.06665,0.161621,1.011963
1307424606,0.086426,0.157715,1.036621
1307429606,0.08252,0.160645,1.046631
1307434606,0.072266,0.161133,1.024658
1307439606,0.082275,0.158691,1.048096
1307444606,0.075439,0.162109,1.037109
1307449606,0.066406,0.158447,1.019043
1307454606,0.082031,0.162354,1.048096
1307459606,0.073975,0.165283,1.042236
1307464606,0.067139,0.157715,1.034424
1307469606,0.077393,0.163818,1.050293
1307474606,0.067871,0.159668,1.030273
1307479606,0.072266,0.15918,1.022461
1307484606,0.089844,0.162109,1.046387
1307489606,0.076172,0.161377,1.032715
1307494606,0.073242,0.165771,1.032471
1307499606,0.084473,0.165283,1.0354
1307504606,0.075928,0.157959,1.028564
1307509606,0.076172,0.160156,1.035889
1307514606,0.081787,0.162598,1.039307
1307519606,0.071289,0.162109,1.039551
1307524606,0.070801,0.155762,1.033203
1307529606,0.074219,0.158447,1.036133
1307534606,0.072754,0.154541,1.034424
1307539606,0.071777,0.15918,1.040039
1307544606,0.074463,0.161377,1.031982
1307549606,0.067627,0.160889,1.037842
1307554606,0.072998,0.161621,1.037842
1307559606,0.072998,0.165283,1.03125
1307564606,0.072998,0.158447,1.033203
1307569606,0.079346,0.160156,1.039063
1307574606,0.07959,0.161377,1.035645
1307579606,0.07666,0.161621,1.037598
1307584606,0.07666,0.164551,1.041504
1307589606,0.077148,0.162354,1.034912
1307594606,0.077881,0.15625,1.03418
1307599606,0.076416,0.161621,1.050293
1307604606,0.076172,0.160645,1.041748
1307609606,0.074463,0.158203,1.038086
1307614606,0.073242,0.161865,1.040283
1307619606,0.070557,0.159912,1.030518
1307624606,0.077148,0.157959,1.03833
1307629606,0.083496,0.164062,1.043213
1307634606,0.074707,0.158203,1.036865
1307639606,0.074951,0.161621,1.036133
1307644606,0.079102,0.160156,1.037842
1307649606,0.075684,0.160889,1.033203
1307654606,0.083008,0.163086,1.042725
1307659606,0.073975,0.160156,1.031006
1307664606,0.071045,0.160889,1.030762
1307669606,0.080566,0.159668,1.04248
1307674606,0.074463,0.160889,1.029053
1307679606,0.073242,0.1604,1.0354
1307684606,0.080811,0.1604,1.049072
1307689606,0.072266,0.155029,1.031982
1307694606,0.073486,0.157715,1.036377
1307699606,0.080811,0.155762,1.046631
1307704606,0.07373,0.15918,1.031494
1307709606,0.075928,0.158691,1.038574
1307714606,0.076416,0.160156,1.042725
1307719606,0.066895,0.159424,1.022949
1307724606,0.07959,0.159424,1.032227
1307729606,0.080811,0.157471,1.03833
1307734606,0.072754,0.163574,1.027832
1307739606,0.074219,0.165527,1.027832
1307744606,0.076416,0.156982,1.033447
1307749606,0.06958,0.159424,1.037354
1307754606,0.076904,0.164307,1.033691
1307759606,0.078613,0.159424,1.046143
1307764606,0.075684,0.160156,1.036377
1307769606,0.074463,0.167725,1.040527
1307774606,0.07666,0.165527,1.039551
1307779606,0.074219,0.156738,1.039307
1307784606,0.078613,0.15918,1.03125
1307789606,0.074951,0.156738,1.033691
1307794606,0.079346,0.154297,1.033447
1307799606,0.077881,0.160889,1.049072
1307804606,0.072266,0.164551,1.020752
1307809606,0.078857,0.156494,1.060059
1307814606,0.077881,0.172852,1.025879
1307819606,0.068604,0.151855,1.034912
1307824606,0.081787,0.159424,1.03833
1307829606,0.076172,0.161621,1.048096
1307834606,0.069336,0.154053,1.037842
1307839606,0.07666,0.164551,1.043945
1307844606,0.072266,0.158447,1.037842
1307849606,0.07959,0.152832,1.034424
1307854606,0.074707,0.1604,1.029297
1307859606,0.077881,0.156494,1.038574
1307864606,0.071533,0.1604,1.047363
1307869606,0.082764,0.161621,1.038086
1307874606,0.072266,0.158447,1.030273
1307879606,0.079102,0.15918,1.024902
1307884606,0.077393,0.159668,1.043213
1307889606,0.078613,0.158203,1.032471
1307894606,0.070068,0.164795,1.040283
1307899606,0.074463,0.165527,1.030029
1307904606,0.077637,0.156006,1.03418
1307909606,0.074219,0.158936,1.030273
1307914606,0.071289,0.160156,1.043945
1307919606,0.076904,0.155762,1.043945
1307924606,0.074951,0.160645,1.043457
1307929606,0.075195,0.161621,1.037109
1307934606,0.075195,0.163574,1.027588
1307939606,0.078857,0.162109,1.039307
1307944606,0.080811,0.15918,1.03833
1307949606,0.074951,0.158203,1.038818
1307954606,0.080078,0.158936,1.037109
1307959606,0.076416,0.162842,1.038086
1307964606,0.077881,0.164062,1.027832
1307969606,0.074463,0.15918,1.041016
1307974606,0.078369,0.158936,1.040527
1307979606,0.079102,0.15332,1.030518
1307984606,0.077637,0.161133,1.039063
1307989606,0.072998,0.160645,1.031494
1307994606,0.074219,0.159424,1.036133
1307999606,0.076904,0.162354,1.041016
1308004606,0.074707,0.156006,1.039551
1308009606,0.078857,0.154785,1.041992
1308014606,0.082031,0.158447,1.035645
1308019606,0.074219,0.162109,1.030273
1308024606,0.075439,0.157715,1.035645
1308029606,0.082764,0.160645,1.042969
1308034606,0.073242,0.161621,1.038574
1308039606,0.072266,0.159424,1.037598
1308044606,0.075195,0.163818,1.041748
1308049606,0.077393,0.160889,1.029297
1308054606,0.077881,0.157959,1.044189
1308059606,0.074219,0.158936,1.046387
1308064606,0.075439,0.159424,1.040039
1308069606,0.077637,0.16333,1.04126
1308074606,0.072754,0.1604,1.037354
1308079606,0.071289,0.159912,1.031006
1308084606,0.081055,0.15918,1.043213
1308089606,0.074463,0.160156,1.041504
1308094606,0.072754,0.161133,1.036621
1308099606,0.073975,0.165039,1.036377
1308104606,0.078125,0.161133,1.040527
1308109606,0.077637,0.157471,1.034424
1308114606,0.077148,0.161621,1.04248
1308119606,0.079102,0.162354,1.039307
1308124606,0.073975,0.159912,1.034912
1308129606,0.074951,0.156738,1.035156
1308134606,0.073242,0.157227,1.037354
1308139606,0.074707,0.160889,1.036865
1308144606,0.075439,0.157715,1.03833
1308149606,0.074951,0.161621,1.036133
1308154606,0.073242,0.159424,1.032959
1308159606,0.077393,0.159912,1.037598
1308164606,0.078369,0.158447,1.039063
1308169606,0.077393,0.159668,1.039795
1308174606,0.071777,0.161377,1.037354
1308179606,0.075439,0.157959,1.034424
1308184606,0.076904,0.1604,1.032471
1308189606,0.076172,0.162354,1.035889
1308194606,0.067871,0.1604,1.030273
1308199606,0.081055,0.15918,1.034668
1308204606,0.078613,0.157227,1.038086
1308209606,0.073242,0.160645,1.033936
1308214606,0.075195,0.156982,1.03418
1308219606,0.080811,0.160645,1.047852
1308224606,0.077393,0.159912,1.031494
1308229606,0.075439,0.159912,1.037354
1308234606,0.078613,0.159912,1.034668
1308239606,0.078613,0.157227,1.037354
1308244606,0.07373,0.159424,1.038086
1308249606,0.071533,0.158447,1.033691
1308254606,0.077637,0.163574,1.033691
1308259606,0.080811,0.156982,1.036133
1308264606,0.075439,0.163818,1.033936
1308269606,0.07666,0.161621,1.037842
1308274606,0.07373,0.160889,1.040771
1308279606,0.074707,0.161865,1.04248
1308284606,0.074707,0.163086,1.032959
1308289606,0.075195,0.160645,1.039551
1308294606,0.077393,0.1604,1.038574
1308299606,0.074463,0.159912,1.04541
1308304606,0.072754,0.162842,1.029541
1308309606,0.070801,0.156494,1.0354
1308314606,0.078125,0.162842,1.049316
1308319606,0.071289,0.174805,1.036133
1308324606,0.070557,0.147217,1.036377
1308329606,0.078369,0.162598,1.037109
1308334606,0.07373,0.158936,1.035645
1308339606,0.077148,0.154785,1.037354
1308344606,0.077881,0.167969,1.038574
1308349606,0.081787,0.164551,1.04126
1308354606,0.078613,0.159912,1.037354
1308359606,0.076416,0.165527,1.032715
1308364606,0.078369,0.162598,1.040771
1308369606,0.075195,0.162109,1.024658
1308374606,0.06665,0.159424,1.041748
1308379606,0.072266,0.162109,1.032227
1308384606,0.072754,0.166748,1.039551
1308389606,0.071045,0.155518,1.038574
1308394606,3.366211,-0.943848,3.999878
1308399606,-4.0,0.027588,2.225098
1308404606,-0.221436,2.710938,-2.002441
1308409606,-2.253906,1.898193,-4.0
1308414606,-0.480713,2.453369,-4.0
1308419606,-1.011719,1.51001,-2.413574
1308424606,-1.36377,0.477783,1.281006
1308429606,-1.136719,0.875488,1.595947
1308434606,-0.230225,1.702148,1.084473
1308439606,-1.23877,0.494873,-2.48877
1308444606,-0.214844,0.495361,-1.349365
1308449606,-0.844238,0.094971,0.427002
1308454606,-0.075928,0.363281,1.083984
1308459606,0.116943,0.759521,1.497803
1308464606,-0.139893,2.226074,0.885742
1308469606,0.022461,0.849609,1.132568
1308474606,0.074219,0.611816,1.252197
1308479606,0.144775,0.09668,1.086914
1308484606,0.091064,-0.022949,1.03833
1308489606,0.120605,-0.006104,0.882812
1308494606,0.090332,0.052002,1.018555
1308499606,0.070312,0.141357,1.045166
1308504606,0.051514,0.247803,1.117676
1308509606,0.049561,0.223633,1.089355
1308514606,-1.05957,0.664551,3.80835
1308519606,0.183594,3.147217,-3.071045
1308524606,-1.001221,2.496582,-2.446533
1308529606,-0.449951,1.832764,1.253174
1308534606,-1.217773,1.012451,1.23877
1308539606,-0.331299,0.229248,1.348389
1308544606,-0.178955,0.106201,1.053955
1308549606,0.0271,0.102783,1.039551
1308554606,0.109863,0.310547,0.909424
1308559606,0.068848,0.109375,0.988037
1308564606,0.116699,0.073242,1.063232
1308569606,0.067383,0.153564,1.063232
1308574606,0.067627,0.19165,1.102051
1308579606,0.066162,0.217773,1.095459
1308584606,0.066162,0.153809,1.009277
1308589606,0.081055,0.154541,1.060791
1308594606,0.075928,0.143066,1.030762
1308599606,0.049561,0.155273,1.053955
1308604606,0.081299,0.163574,1.054932
1308609606,0.211914,0.05542,0.352295
1308614606,-0.025635,1.872559,0.519287
1308619606,-1.433105,1.177002,-2.336182
1308624606,-0.603516,0.860107,-0.519043
1308629606,0.032959,0.343018,-2.87915
1308634606,0.16748,1.005127,2.018555
1308639606,-1.233887,1.352051,0.185547
1308644606,-0.471436,1.469238,0.002686
1308649606,-1.22168,0.27417,-0.076904
1308654606,-0.996338,0.21875,0.328125
1308659606,-0.192383,1.264893,0.093994
1308664606,0.231201,0.451172,-2.64624
1308669606,-1.0271,0.314941,-1.281494
1308674606,0.063721,0.016357,0.96875
1308679606,0.011475,0.270996,1.084473
1308684606,0.048828,0.277344,1.150879
1308689606,0.051514,0.5625,1.162109
1308694606,-0.428223,0.742676,0.912842
1308699606,-0.380859,0.196777,-3.181152
1308704606,-3.930664,0.2771,-1.714111
1308709606,-1.171875,0.50708,1.168213
1308714606,-0.666748,0.863037,1.654297
1308719606,-0.557129,1.038818,0.543457
1308724606,0.081787,0.151855,1.074951
1308729606,0.031006,0.521484,1.025635
1308734606,0.069824,0.205566,1.083984
1308739606,0.113281,0.206543,1.047852
1308744606,0.134277,0.157715,1.28833
1308749606,0.078857,0.92627,1.071045
1308754606,0.079834,1.083984,0.976562
1308759606,0.0625,0.121094,0.978027
1308764606,0.056885,0.173584,1.028076
1308769606,0.091309,0.165771,1.013672
1308774606,0.016357,0.131836,1.045654
1308779606,-0.010986,0.208008,0.892822
1308784606,0.101807,0.113525,1.061523
1308789606,0.054932,0.170898,1.091553
1308794606,0.115967,0.162354,1.040039
1308799606,0.067139,0.176025,1.087158
1308804606,0.069336,0.164795,0.983398
1308809606,0.072266,0.149658,1.074463
1308814606,0.104248,0.138916,1.074219
1308819606,0.088135,0.118164,1.104736
1308824606,0.077637,0.163574,1.032227
1308829606,0.060059,0.151367,0.989014
1308834606,0.091309,0.132812,1.087158
1308839606,0.072021,0.156982,1.047607
1308844606,0.057373,0.162598,1.008789
1308849606,0.069092,0.166992,1.011475
1308854606,0.078125,0.151367,1.067627
1308859606,0.078125,0.146729,1.022949
1308864606,0.063232,0.150146,1.02417
1308869606,0.068115,0.148193,1.057861
1308874606,0.051025,0.17627,1.013184
1308879606,0.052979,0.154053,1.01001
1308884606,0.082031,0.169678,1.042969
1308889606,0.068604,0.149902,1.047607
1308894606,0.062744,0.144287,1.014893
1308899606,0.091064,0.178711,1.061035
1308904606,0.074951,0.141602,1.049561
1308909606,0.062256,0.160645,1.030518
1308914606,0.062012,0.1604,1.033936
1308919606,0.070801,0.123535,1.036377
1308924606,0.077881,0.146973,1.065918
1308929606,0.068848,0.159424,1.054443
1308934606,0.061279,0.152832,1.00708
1308939606,0.044678,0.158447,0.980957
1308944606,0.083008,0.138184,1.045898
1308949606,0.063965,0.163818,1.015869
1308954606,0.052979,0.155518,0.994385
1308959606,0.069092,0.144043,1.037354
1308964606,0.071777,0.145752,1.053223
1308969606,0.071289,0.153809,1.040039
1308974606,0.046875,0.166748,1.005615
1308979606,0.081543,0.143066,1.045166
1308984606,0.075195,0.146484,1.07959
1308989606,0.059814,0.145508,1.0354
1308994606,0.068115,0.150879,1.023193
1308999606,0.092773,0.139648,1.094238
1309004606,0.053223,0.160156,1.001221
1309009606,0.082275,0.183838,0.963867
1309014606,0.078613,0.153076,1.141602
1309019606,-0.005371,0.139893,0.813721
1309024606,-0.001221,0.175049,1.003906
1309029606,0.102539,0.156006,1.064453
1309034606,0.076172,0.160156,1.035889
1309039606,0.076904,0.122803,1.0354
1309044606,0.055908,0.172852,1.044678
1309049606,0.062744,0.144775,1.022461
1309054606,0.012207,0.182129,1.016602
1309059606,0.065918,0.137207,1.040527
1309064606,0.046631,0.16748,0.990234
1309069606,0.058594,0.176025,1.010498
1309074606,0.065918,0.165527,1.030273
1309079606,0.081055,0.12207,1.069824
1309084606,0.063477,0.153076,1.039063
1309089606,0.067627,0.14624,1.033203
1309094606,0.064697,0.136475,1.020508
1309099606,0.037354,0.161865,0.956787
1309104606,0.054199,0.175293,1.020264
1309109606,0.074219,0.150635,1.061035
1309114606,0.08667,0.169922,1.042969
1309119606,0.120605,0.165527,1.148438
1309124606,0.075195,0.156006,1.095703
1309129606,0.079834,0.157715,1.05127
1309134606,0.126465,0.140869,1.204834
1309139606,0.082031,0.116211,1.070801
1309144606,0.084961,0.138916,1.081299
1309149606,0.038818,0.176758,1.001953
1309154606,0.083496,0.142334,1.036377
1309159606,0.067139,0.162598,0.986328
1309164606,0.054687,0.209717,0.969238
1309169606,0.053467,0.252686,0.673096
1309174606,-0.009766,0.489014,0.938232
1309179606,0.009277,0.762939,1.091064
1309184606,0.112305,0.211426,1.06665
1309189606,0.067627,0.176025,1.049072
1309194606,0.085937,0.129639,1.044189
1309199606,0.06665,0.161865,1.050293
1309204606,0.028809,0.112793,0.999023
1309209606,0.075684,0.166992,1.042236
1309214606,0.062012,0.155518,1.032471
1309219606,0.072754,0.134277,1.039063
1309224606,0.05957,0.156982,1.023193
1309229606,0.070557,0.160156,1.029053
1309234606,0.061035,0.154785,1.068604
1309239606,0.066406,0.143066,1.047119
1309244606,0.085205,0.134521,1.052734
1309249606,0.073242,0.160156,1.034668
1309254606,0.063965,0.146973,1.048096
1309259606,0.073975,0.1604,1.052246
1309264606,0.071777,0.157715,1.023682
1309269606,0.075684,0.139404,1.036377
1309274606,0.07373,0.150146,1.054688
1309279606,0.069336,0.151855,1.038086
1309284606,0.063965,0.150879,1.041748
1309289606,0.070312,0.150879,1.044189
1309294606,0.071045,0.148926,1.044189
1309299606,0.06543,0.154053,1.036377
1309304606,0.069336,0.149414,1.037598
1309309606,0.067139,0.148193,1.037842
1309314606,0.067871,0.156494,1.039551
1309319606,0.070557,0.153076,1.039307
1309324606,0.06958,0.152832,1.04248
1309329606,0.069092,0.149902,1.039063
1309334606,0.069824,0.146973,1.036865
1309339606,0.068848,0.150391,1.036621
1309344606,0.069336,0.152344,1.037598
1309349606,0.069824,0.149658,1.0354
1309354606,0.070312,0.149902,1.037109
1309359606,0.067139,0.15332,1.036865
1309364606,0.066895,0.149414,1.037109
1309369606,0.066162,0.149902,1.043457
1309374606,0.070801,0.148193,1.04248
1309379606,0.068359,0.149414,1.037109
1309384606,0.074707,0.153564,1.040527
1309389606,0.07373,0.150391,1.036865
1309394606,0.069092,0.153564,1.036621
1309399606,0.06958,0.14917,1.039063
1309404606,0.067627,0.151611,1.036865
1309409606,0.069336,0.148437,1.032227
1309414606,0.072266,0.15332,1.047607
1309419606,0.069092,0.151855,1.044189
1309424606,0.068604,0.150879,1.036621
1309429606,0.071045,0.150635,1.039307
1309434606,0.065918,0.151367,1.040527
1309439606,0.066895,0.148682,1.037354
1309444606,0.065918,0.150391,1.04126
1309449606,0.070312,0.150146,1.046387
1309454606,0.065918,0.149658,1.039795
1309459606,0.069336,0.146729,1.032227
1309464606,0.075439,0.148682,1.033447
1309469606,0.069092,0.148437,1.039063
1309474606,0.069092,0.151611,1.039551
1309479606,0.071045,0.149902,1.045166
1309484606,0.065674,0.149902,1.036377
1309489606,0.06958,0.150635,1.041992
1309494606,0.071045,0.148193,1.038574
1309499606,0.067627,0.153564,1.029053
1309504606,0.068359,0.148926,1.044922
1309509606,0.070557,0.155518,1.039795
1309514606,0.065918,0.1521,1.038818
1309519606,0.072266,0.152588,1.039307
1309524606,0.074219,0.138428,1.034912
1309529606,0.071045,0.147949,1.041016
1309534606,0.076904,0.152588,1.043457
1309539606,0.067627,0.189697,1.039551
1309544606,0.066162,0.124512,1.038818
1309549606,0.072266,0.180176,1.065186
1309554606,0.068359,0.140381,1.030762
1309559606,0.066162,0.137451,1.008789
1309564606,0.087402,0.11377,1.057129
1309569606,0.07373,0.19751,1.05249
1309574606,0.049805,0.145264,1.007568
1309579606,0.06958,0.165283,1.076172
1309584606,0.08374,0.159668,1.034424
1309589606,0.062256,0.153076,1.030518
1309594606,0.066895,0.156494,1.047607
1309599606,0.065918,0.150391,1.049316
1309604606,0.080322,0.149902,1.026367
1309609606,0.074463,0.148926,1.031006
1309614606,0.065186,0.149658,1.049072
1309619606,0.067627,0.146973,1.031982
1309624606,0.071289,0.148437,1.036377
1309629606,0.066895,0.154053,1.039795
1309634606,0.062988,0.151855,1.046143
1309639606,0.0625,0.15625,1.038086
1309644606,0.069092,0.151611,1.036621
1309649606,0.06958,0.149414,1.03833
1309654606,0.066406,0.147705,1.036865
1309659606,0.069336,0.153809,1.040039
1309664606,0.062256,0.156006,1.039795
1309669606,0.067139,0.153564,1.04126
1309674606,0.06958,0.161377,1.044678
1309679606,0.0625,0.152832,1.028076
1309684606,0.068848,0.150146,1.039551
1309689606,0.083252,0.140381,1.034424
1309694606,0.060059,0.160156,1.037842
1309699606,0.070557,0.158691,1.03418
1309704606,0.056396,0.158691,1.051025
1309709606,0.066406,0.154541,1.038574
1309714606,0.068359,0.155273,1.045654
1309719606,0.05542,0.157471,1.034912
1309724606,0.067627,0.148437,1.046387
1309729606,0.06665,0.150635,1.03833
1309734606,0.075684,0.126709,1.02002
1309739606,0.069092,0.13623,1.0354
1309744606,0.060547,0.160156,1.040771
1309749606,0.069824,0.152588,1.04834
1309754606,0.068359,0.147217,1.037109
1309759606,0.065186,0.160645,1.033936
1309764606,0.066895,0.149658,1.042969
1309769606,0.062256,0.162842,1.046143
1309774606,0.074219,0.1521,1.036865
1309779606,0.06958,0.14624,1.043213
1309784606,0.067383,0.158936,1.038086
1309789606,0.064941,0.140869,1.04248
1309794606,0.071289,0.157471,1.038574
1309799606,0.058594,0.153809,1.031982
1309804606,0.067383,0.147705,1.038574
1309809606,0.072021,0.156982,1.040527
1309814606,0.072021,0.146973,1.042236
1309819606,0.076172,0.151855,1.033691
1309824606,0.077881,0.146729,1.04126
1309829606,0.074463,0.142578,1.03418
1309834606,0.085937,0.146729,1.02417
1309839606,0.083252,0.156738,1.020996
1309844606,0.077148,0.162109,1.026123
1309849606,0.072754,0.167236,1.045898
1309854606,0.066162,0.164795,1.039795
1309859606,0.060303,0.154297,1.049561
1309864606,0.063232,0.136719,1.048096
1309869606,0.055908,0.134033,1.041504
1309874606,0.060547,0.143555,1.032959
1309879606,0.065674,0.141113,1.039795
1309884606,0.065674,0.145264,1.045654
1309889606,0.075439,0.153564,1.041016
1309894606,0.071777,0.151123,1.037354
1309899606,0.075928,0.140381,1.047363
1309904606,0.077881,0.157959,1.035156
1309909606,0.081055,0.145752,1.04541
1309914606,0.084473,0.148193,1.034424
1309919606,0.078613,0.15625,1.04126
1309924606,0.071289,0.156738,1.033691
1309929606,0.07251,0.163086,1.038574
1309934606,0.065674,0.154785,1.043945
1309939606,0.062744,0.1521,1.040039
1309944606,0.059082,0.15332,1.03833
1309949606,0.060791,0.148437,1.040771
1309954606,0.052002,0.149414,1.034912
1309959606,0.072021,0.142822,1.043945
1309964606,0.065186,0.148437,1.045654
1309969606,0.074219,0.156982,1.037354
1309974606,0.067627,0.149658,1.044189
1309979606,0.076172,0.14502,1.028564
1309984606,0.072754,0.147949,1.041748
1309989606,0.082275,0.149658,1.040771
1309994606,0.064453,0.157471,1.037842
1309999606,0.069336,0.151367,1.037598
1310004606,0.067139,0.154541,1.036133
1310009606,0.070312,0.156494,1.036621
1310014606,0.070068,0.156006,1.04541
1310019606,0.062012,0.154053,1.04248
1310024606,0.060547,0.155029,1.030762
1310029606,0.066895,0.148682,1.039551
1310034606,0.066895,0.152344,1.035645
1310039606,0.067383,0.153564,1.039307
1310044606,0.069336,0.146973,1.037842
1310049606,0.06958,0.150391,1.032227
1310054606,0.075195,0.149414,1.034912
1310059606,0.075684,0.148926,1.03833
1310064606,0.075928,0.146973,1.040527
1310069606,0.073242,0.153076,1.037842
1310074606,0.070801,0.154785,1.041504
1310079606,0.063721,0.158203,1.038086
1310084606,0.06958,0.157715,1.043213
1310089606,0.065674,0.156738,1.038574
1310094606,0.066406,0.151611,1.035645
1310099606,0.065918,0.154053,1.040283
1310104606,0.067627,0.149414,1.041992
1310109606,0.06665,0.145508,1.037354
1310114606,0.071289,0.147461,1.032959
1310119606,0.07373,0.149658,1.038818
1310124606,0.074219,0.147217,1.039795
1310129606,0.074707,0.14624,1.03833
1310134606,0.072021,0.154053,1.036377
1310139606,0.072021,0.153809,1.040283
1310144606,0.069336,0.153564,1.037598
1310149606,0.074219,0.158203,1.038086
1310154606,0.064209,0.157227,1.03833
1310159606,0.068848,0.153076,1.042236
1310164606,0.064697,0.155762,1.043457
1310169606,0.065918,0.148193,1.04248
1310174606,0.068359,0.148437,1.044189
1310179606,0.067871,0.148437,1.038818
1310184606,0.064941,0.150146,1.042725
1310189606,0.06958,0.150635,1.037842
1310194606,0.071045,0.154297,1.030273
1310199606,0.077881,0.153809,1.038574
1310204606,0.076172,0.154297,1.039063
1310209606,0.071777,0.155518,1.038574
1310214606,0.066162,0.151367,1.041748
1310219606,0.065674,0.14502,1.035156
1310224606,0.063965,0.145508,1.041992
1310229606,0.068604,0.146973,1.045166
1310234606,0.070312,0.150146,1.050781
1310239606,0.065918,0.153564,1.040283
1310244606,0.063477,0.153076,1.033691
1310249606,0.068115,0.147461,1.039063
1310254606,0.066406,0.148437,1.038818
1310259606,0.072754,0.151855,1.045898
1310264606,0.075928,0.155762,1.04126
1310269606,0.075195,0.156738,1.034912
1310274606,0.075195,0.151123,1.031494
1310279606,0.07373,0.146484,1.035645
1310284606,0.07251,0.149658,1.046631
1310289606,0.07251,0.149902,1.047852
1310294606,0.066895,0.146484,1.041016
1310299606,0.064697,0.152344,1.037109
1310304606,0.064697,0.145264,1.029785
1310309606,0.063965,0.144043,1.038818
1310314606,0.06665,0.144775,1.050049
1310319606,0.06543,0.155762,1.041992
1310324606,0.068848,0.152588,1.042725
1310329606,0.071045,0.149414,1.032471
1310334606,0.069824,0.149902,1.035645
1310339606,0.077148,0.15332,1.04248
1310344606,0.07373,0.155029,1.047852
1310349606,0.076172,0.152832,1.041016
1310354606,0.073486,0.1521,1.037109
1310359606,0.074707,0.150146,1.030029
1310364606,0.07251,0.153809,1.02832
1310369606,0.062744,0.147705,1.047607
1310374606,0.064941,0.145996,1.038086
1310379606,0.061768,0.148682,1.047363
1310384606,0.063721,0.14917,1.032471
1310389606,0.062988,0.150146,1.029053
1310394606,0.072998,0.150879,1.044189
1310399606,0.069336,0.152344,1.04541
1310404606,0.069824,0.155762,1.035156
1310409606,0.075195,0.154053,1.041016
1310414606,0.074219,0.154785,1.033691
1310419606,0.073486,0.154541,1.030273
1310424606,0.07666,0.149902,1.041748
1310429606,0.074219,0.153076,1.040283
1310434606,0.069092,0.153809,1.037842
1310439606,0.06543,0.14502,1.03418
1310444606,0.065674,0.14624,1.038818
1310449606,0.065674,0.154053,1.0354
1310454606,0.065186,0.148437,1.037354
1310459606,0.064209,0.147705,1.041504
1310464606,0.064209,0.150635,1.039551
1310469606,0.070557,0.148437,1.040527
1310474606,0.066162,0.1521,1.031006
1310479606,0.074463,0.153564,1.035889
1310484606,0.080566,0.151367,1.041992
1310489606,0.074463,0.15625,1.036621
1310494606,0.072266,0.152344,1.038086
1310499606,0.068115,0.152832,1.033691
1310504606,0.069824,0.145752,1.040039
1310509606,0.067139,0.146973,1.033936
1310514606,0.066406,0.14502,1.034668
1310519606,0.068604,0.146729,1.042725
1310524606,0.063477,0.14624,1.04248
1310529606,0.063477,0.147949,1.042236
1310534606,0.06665,0.146973,1.037598
1310539606,0.062988,0.148193,1.039063
1310544606,0.067871,0.147461,1.041016
1310549606,0.072754,0.153564,1.036865
1310554606,0.066406,0.154053,1.037598
1310559606,0.073975,0.151367,1.039795
1310564606,0.069092,0.151123,1.030762
1310569606,0.067627,0.155029,1.037354
1310574606,0.075684,0.146973,1.04248
1310579606,0.074951,0.151123,1.036133
1310584606,0.070068,0.147949,1.038574
1310589606,0.072021,0.152832,1.040039
1310594606,0.064209,0.148682,1.025391
1310599606,0.068115,0.149658,1.036865
1310604606,0.066895,0.148682,1.041992
1310609606,0.065918,0.152344,1.034424
1310614606,0.070557,0.147949,1.032227
1310619606,0.069336,0.147705,1.040771
1310624606,0.072266,0.151611,1.038818
1310629606,0.072021,0.149414,1.03833
1310634606,0.067139,0.149902,1.03833
1310639606,0.066895,0.150635,1.0354
1310644606,0.075684,0.153564,1.044189
1310649606,0.067627,0.155029,1.040527
1310654606,-2.081055,3.999878,3.999878
1310659606,2.627197,2.284912,-4.0
1310664606,0.034424,0.645264,-4.0
1310669606,-0.925537,2.832764,-4.0
1310674606,-2.586182,1.04248,-4.0
1310679606,-2.195313,0.094727,-2.792725
1310684606,-1.766357,0.971191,-2.695801
1310689606,0.033691,0.544189,0.700928
1310694606,0.14209,0.131836,1.603027
1310699606,0.183105,0.101074,1.840332
1310704606,0.183105,0.091309,1.244873
1310709606,-0.046875,0.336914,0.625
1310714606,-0.031006,0.414307,0.649902
1310719606,-1.485107,1.303467,-4.0
1310724606,0.132812,1.07959,-0.08252
1310729606,0.032959,0.237549,1.050293
1310734606,0.021973,0.790039,1.206299
1310739606,0.148682,0.049561,0.928955
1310744606,0.022705,0.217529,1.244873
1310749606,0.116699,0.141846,1.029785
1310754606,0.043701,0.137451,1.080078
1310759606,0.05542,0.147705,1.003418
1310764606,0.047607,0.171631,1.044678
1310769606,0.059326,0.13623,0.988037
1310774606,0.075684,0.119385,1.029297
1310779606,0.088623,0.115479,1.047607
1310784606,0.064697,0.12915,1.053711
1310789606,0.056396,0.158203,1.030273
1310794606,0.067139,0.159912,1.039795
1310799606,0.065186,0.14502,1.050049
1310804606,0.069336,0.141846,1.037842
1310809606,-1.451904,1.600342,3.999878
1310814606,3.999878,1.800293,-0.807861
1310819606,-1.648438,1.733154,-0.801758
1310824606,-0.788818,1.527832,-3.059814
1310829606,-3.145264,1.890869,-4.0
1310834606,-1.935059,1.011719,-4.0
1310839606,0.318848,1.598389,-2.940918
1310844606,-1.193848,2.384033,2.394531
1310849606,-1.934326,2.991211,-1.863525
1310854606,-1.17749,1.206787,0.916504
1310859606,-0.109131,0.234619,1.204102
1310864606,0.099609,0.151367,0.994141
1310869606,0.023926,0.187988,1.051025
1310874606,0.094238,0.163574,1.102539
1310879606,0.114502,0.050537,1.026123
1310884606,0.026855,0.100342,1.048828
1310889606,0.087891,0.136719,1.064697
1310894606,0.029297,0.150879,0.966064
1310899606,0.11084,0.113281,1.019043
1310904606,-0.645752,1.097168,0.891602
1310909606,-0.125,0.185791,-0.121094
1310914606,-0.010986,0.109375,0.927979
1310919606,0.094482,0.124512,0.96875
1310924606,0.038818,0.125,1.055908
1310929606,0.059082,0.142578,1.013428
1310934606,0.072754,0.143311,1.100098
1310939606,0.058105,0.145752,1.006348
1310944606,0.067871,0.114502,1.064697
1310949606,0.093262,0.110107,1.145996
1310954606,0.125,0.239746,1.255859
1310959606,0.03125,2.022705,1.102051
1310964606,-0.984131,0.874756,-3.656738
1310969606,-0.616455,0.188232,-1.039551
1310974606,0.067139,0.071289,1.268311
1310979606,0.0354,0.171875,0.96582
1310984606,0.043945,0.128662,0.985107
1310989606,0.067383,0.167236,1.009277
1310994606,0.063721,0.145264,0.989746
1310999606,0.067139,0.0979,1.030029
1311004606,0.081055,0.116943,1.074219
1311009606,0.063477,0.152588,1.120361
1311014606,0.037354,0.171631,1.204346
1311019606,-0.340088,0.103516,-2.076904
1311024606,-0.535156,0.908447,1.389893
1311029606,-0.087891,1.084961,1.223389
1311034606,0.026611,0.168213,0.944824
1311039606,-0.008301,0.168701,0.983643
1311044606,0.09082,0.130859,1.090088
1311049606,0.047852,0.120117,0.996094
1311054606,0.039551,0.123047,0.927734
1311059606,0.145508,0.114746,1.103271
1311064606,0.118652,0.105713,-1.18457
1311069606,0.022217,0.13916,0.779541
1311074606,0.025879,0.24585,1.184082
1311079606,0.084229,0.231445,1.224609
1311084606,0.054443,0.169434,1.049805
1311089606,0.07666,0.115234,1.076416
1311094606,0.084229,0.124512,1.076416
1311099606,0.02124,0.137939,1.089355
1311104606,0.114014,0.151611,1.148438
1311109606,0.002686,0.151855,0.752441
1311114606,-0.121094,1.934814,0.69751
1311119606,-0.107666,0.202881,0.947266
1311124606,-0.008789,0.307861,1.033447
1311129606,0.113281,0.134033,1.103271
1311134606,0.03418,0.147217,1.054443
1311139606,0.070557,0.141113,1.146729
1311144606,0.041992,0.228516,0.99292
1311149606,-0.099121,0.973145,1.657471
1311154606,0.041016,0.401367,1.105225
1311159606,0.019043,0.126221,1.11792
1311164606,0.104736,0.162354,1.041016
1311169606,0.006836,0.109375,0.900635
1311174606,0.067627,0.153809,1.025635
1311179606,0.04541,0.092529,1.140137
1311184606,0.004883,0.161133,0.376709
1311189606,0.136963,0.178711,1.138428
1311194606,0.112793,0.170166,1.237549
1311199606,0.09375,0.13208,1.042725
1311204606,-0.186523,0.185791,-0.395752
1311209606,0.065674,0.277588,1.206543
1311214606,0.150391,0.133789,1.216064
1311219606,0.120605,0.200195,1.423096
1311224606,0.112549,0.159424,1.116211
1311229606,0.104736,0.167969,1.116455
1311234606,0.057861,0.118896,1.044434
1311239606,0.066406,0.13208,1.017578
1311244606,0.057129,0.13916,1.024414
1311249606,0.068115,0.140137,1.040771
1311254606,0.064941,0.146729,1.052246
1311259606,0.055664,0.138184,1.034912
1311264606,0.0625,0.140869,1.037598
1311269606,0.061768,0.132812,1.023682
1311274606,0.05835,0.137207,1.044922
1311279606,0.058105,0.154785,1.065674
1311284606,0.061768,0.144531,1.055176
1311289606,0.062012,0.13916,1.029541
1311294606,0.063232,0.13916,1.027344
1311299606,0.067139,0.136719,1.03125
1311304606,0.06543,0.137695,1.045166
1311309606,0.063965,0.137695,1.047119
1311314606,0.062988,0.133789,1.047119
1311319606,0.060059,0.136719,1.043457
1311324606,0.063232,0.131592,1.029053
1311329606,0.062012,0.130371,1.031006
1311334606,0.058594,0.139648,1.053467
1311339606,0.066406,0.142822,1.049316
1311344606,0.062744,0.137207,1.051025
1311349606,0.061523,0.139893,1.046631
1311354606,0.058105,0.140137,1.037109
1311359606,0.057861,0.146729,1.036133
1311364606,0.059814,0.145752,1.041748
1311369606,0.064697,0.141113,1.043457
1311374606,0.063721,0.143311,1.042725
1311379606,0.065186,0.133545,1.053955
1311384606,0.063477,0.135986,1.035645
1311389606,0.059326,0.139648,1.030029
1311394606,0.065674,0.138184,1.044189
1311399606,0.059814,0.138428,1.034424
1311404606,0.063232,0.139404,1.051758
1311409606,0.063965,0.135986,1.045898
1311414606,0.059814,0.134277,1.044434
1311419606,0.060303,0.14624,1.04834
1311424606,0.058838,0.142334,1.032227
1311429606,0.061035,0.137939,1.032227
1311434606,0.06665,0.137695,1.039063
1311439606,0.065186,0.130615,1.046631
1311444606,0.063965,0.13501,1.04126
1311449606,0.062012,0.141357,1.054688
1311454606,0.068115,0.143555,1.039795
1311459606,0.060059,0.138184,1.031738
1311464606,0.070312,0.132812,1.042969
1311469606,0.064697,0.130859,1.048096
1311474606,0.061768,0.135742,1.050781
1311479606,0.061523,0.139893,1.050293
1311484606,0.05127,0.138916,1.040283
1311489606,0.057373,0.140869,1.041748
1311494606,0.05957,0.144043,1.042725
1311499606,0.057617,0.131592,1.037354
1311504606,0.064697,0.135498,1.049316
1311509606,0.063477,0.133057,1.04834
1311514606,0.06543,0.134033,1.044922
1311519606,0.06665,0.137695,1.046143
1311524606,0.063965,0.149658,1.074463
1311529606,0.072021,0.147949,1.046631
1311534606,0.049561,0.125244,1.041748
1311539606,0.059326,0.165039,1.05542
1311544606,0.071289,0.135986,1.039795
1311549606,0.08374,0.10083,1.038574
1311554606,0.082031,0.151123,1.061279
1311559606,0.080811,0.151123,1.049561
1311564606,0.058105,0.161133,1.10376
1311569606,0.060303,-0.039063,1.048096
1311574606,0.069824,0.225586,1.057129
1311579606,0.056396,0.104248,0.954346
1311584606,0.053223,0.111084,0.963623
1311589606,0.048096,0.143799,0.964355
1311594606,-0.018311,0.183594,1.31543
1311599606,0.094482,0.069092,0.934814
1311604606,0.04541,0.172363,1.065186
1311609606,0.054687,0.153564,0.963379
1311614606,0.046631,0.137451,1.049805
1311619606,0.066895,0.157227,1.064209
1311624606,0.072998,0.12085,1.057373
1311629606,0.065918,0.120117,1.053955
1311634606,0.04834,0.14624,1.03833
1311639606,0.048096,0.128418,1.037842
1311644606,0.062012,0.129639,1.029541
1311649606,0.05957,0.141357,1.042725
1311654606,0.049805,0.13501,1.061279
1311659606,0.053223,0.139404,1.052002
1311664606,0.056152,0.13208,1.037598
1311669606,0.059326,0.142578,1.038818
1311674606,0.053467,0.135742,1.045898
1311679606,0.054932,0.143311,1.047363
1311684606,0.06543,0.140137,1.050781
1311689606,0.058105,0.121826,1.042236
1311694606,0.05957,0.134766,1.030518
1311699606,0.062012,0.142578,1.043213
1311704606,0.062988,0.143311,1.050781
1311709606,0.063232,0.145996,1.045166
1311714606,0.064697,0.144043,1.042725
1311719606,0.049072,0.136963,1.032715
1311724606,0.050537,0.136475,1.038086
1311729606,0.055908,0.132324,1.046387
1311734606,0.058838,0.131836,1.049316
1311739606,0.044189,0.136475,1.049072
1311744606,0.050293,0.136719,1.046875
1311749606,0.051514,0.130127,1.037598
1311754606,0.05249,0.138916,1.035889
1311759606,0.05249,0.144531,1.04834
1311764606,0.057861,0.141602,1.050293
1311769606,0.056152,0.145264,1.043213
1311774606,0.057373,0.137695,1.036133
1311779606,0.062744,0.138672,1.038086
1311784606,0.06665,0.137939,1.037842
1311789606,0.067139,0.145264,1.045898
1311794606,0.053711,0.135498,1.038818
1311799606,0.057617,0.14502,1.040283
1311804606,0.056396,0.133789,1.045898
1311809606,0.060303,0.134521,1.043457
1311814606,0.053955,0.137451,1.046631
1311819606,0.051025,0.129639,1.052246
1311824606,0.049561,0.130127,1.040527
1311829606,0.055176,0.138916,1.038818
1311834606,0.052979,0.143555,1.046875
1311839606,0.051025,0.139893,1.046387
1311844606,0.053467,0.138184,1.034912
1311849606,0.057617,0.134521,1.043457
1311854606,0.058594,0.142822,1.045898
1311859606,0.060303,0.138428,1.048828
1311864606,0.062988,0.138916,1.038086
1311869606,0.061279,0.138428,1.035889
1311874606,0.057129,0.136963,1.04248
1311879606,0.056152,0.135742,1.037842
1311884606,0.053223,0.14624,1.050293
1311889606,0.059326,0.131836,1.02832
1311894606,0.049072,0.138184,1.041016
1311899606,0.053711,0.134033,1.043701
1311904606,0.056641,0.13623,1.054199
1311909606,0.054199,0.129883,1.049316
1311914606,0.04126,0.149658,1.044434
1311919606,0.057617,0.150635,1.036865
1311924606,0.048096,0.145264,1.057617
1311929606,0.026855,0.244629,1.067627
1311934606,0.059814,0.113037,0.966309
1311939606,0.056641,0.13623,1.048584
1311944606,0.072021,0.130859,1.035156
1311949606,0.061768,0.132324,1.051758
1311954606,0.066895,0.131836,1.04541
1311959606,0.059326,0.129395,1.049072
1311964606,0.059082,0.130371,1.039551
1311969606,0.057861,0.140137,1.049072
1311974606,0.050781,0.14209,1.037842
1311979606,0.049805,0.140869,1.042725
1311984606,0.053711,0.138672,1.044678
1311989606,0.057861,0.131104,1.045654
1311994606,0.056641,0.130859,1.039795
1311999606,0.059326,0.134277,1.035645
1312004606,0.061768,0.134521,1.039795
1312009606,0.058594,0.137207,1.041992
1312014606,0.056396,0.142334,1.039551
1312019606,0.057617,0.132324,1.046387
1312024606,0.059326,0.136475,1.046387
1312029606,0.055176,0.137207,1.045898
1312034606,0.058594,0.135254,1.041992
1312039606,0.057373,0.136475,1.043457
1312044606,0.056641,0.132324,1.045166
1312049606,0.057129,0.134766,1.038574
1312054606,0.059814,0.136719,1.04541
1312059606,0.054443,0.131836,1.043457
1312064606,0.053467,0.136475,1.042236
1312069606,0.053955,0.134033,1.033691
1312074606,0.057129,0.139893,1.047852
1312079606,0.059326,0.139648,1.047852
1312084606,0.054932,0.134766,1.038818
1312089606,0.056396,0.135986,1.040527
1312094606,0.057373,0.139893,1.033203
1312099606,0.056396,0.134277,1.037109
1312104606,0.062256,0.135986,1.049561
1312109606,0.05835,0.136475,1.0354
1312114606,0.05835,0.13501,1.039307
1312119606,0.059082,0.133301,1.045898
1312124606,0.054932,0.13623,1.040283
1312129606,0.059814,0.136963,1.04541
1312134606,0.059082,0.143066,1.041992
1312139606,0.053223,0.139648,1.046631
1312144606,0.057861,0.137939,1.042236
1312149606,0.057373,0.13623,1.044434
1312154606,0.057861,0.13623,1.043945
1312159606,0.057129,0.136475,1.038818
1312164606,0.059814,0.132812,1.041992
1312169606,0.054199,0.135742,1.040527
1312174606,0.054687,0.135742,1.047607
1312179606,0.056396,0.136963,1.040039
1312184606,0.059082,0.135254,1.041748
1312189606,0.061279,0.13623,1.041016
1312194606,0.061523,0.136719,1.037354
1312199606,0.059082,0.138672,1.044678
1312204606,0.057373,0.136963,1.049316
1312209606,0.05835,0.13623,1.040527
1312214606,0.060059,0.135742,1.043457
1312219606,0.055176,0.133301,1.042969
1312224606,0.061035,0.137695,1.037354
1312229606,0.05835,0.129395,1.039795
1312234606,0.05835,0.138672,1.041016
1312239606,0.066162,0.133789,1.047607
1312244606,0.060547,0.135986,1.038818
1312249606,0.057373,0.13501,1.044189
1312254606,0.0625,0.136963,1.043701
1312259606,0.058838,0.139648,1.04834
1312264606,0.059814,0.13916,1.040283
1312269606,0.052734,0.140625,1.036865
1312274606,0.056152,0.138428,1.041504
1312279606,0.056885,0.132324,1.043213
1312284606,0.057373,0.143066,1.036621
1312289606,0.056885,0.138672,1.046387
1312294606,0.061768,0.140381,1.045898
1312299606,0.056396,0.135254,1.046387
1312304606,0.054687,0.134033,1.044189
1312309606,0.060303,0.13501,1.043213
1312314606,0.058594,0.138184,1.037109
1312319606,0.056396,0.136475,1.042725
1312324606,0.060547,0.132324,1.04834
1312329606,0.061523,0.134277,1.041748
1312334606,0.058838,0.137207,1.043457
1312339606,0.054932,0.136963,1.036621
1312344606,0.056885,0.139893,1.041748
1312349606,0.058594,0.139404,1.045166
1312354606,0.054932,0.137451,1.048828
1312359606,0.057617,0.142578,1.044189
1312364606,0.059326,0.13208,1.041504
1312369606,0.057617,0.135986,1.04126
1312374606,0.054443,0.13623,1.043457
1312379606,0.060303,0.13623,1.040283
1312384606,0.060059,0.13208,1.039551
1312389606,0.058838,0.133789,1.042725
1312394606,0.061523,0.134521,1.039307
1312399606,0.057373,0.138184,1.03833
1312404606,0.057861,0.136475,1.047363
1312409606,0.056641,0.139404,1.045166
1312414606,0.058105,0.141357,1.035889
1312419606,0.059082,0.132324,1.044434
1312424606,0.059326,0.131104,1.045898
1312429606,0.062744,0.139893,1.04126
1312434606,0.061768,0.13623,1.042236
1312439606,0.056885,0.136963,1.043945
1312444606,0.055908,0.137939,1.040039
1312449606,0.056152,0.136719,1.045654
1312454606,0.061768,0.136475,1.044189
1312459606,0.058105,0.13501,1.044189
1312464606,0.05542,0.133545,1.041992
1312469606,0.056152,0.138428,1.04126
1312474606,0.054687,0.135254,1.036621
1312479606,0.058594,0.143311,1.041748
1312484606,0.055908,0.134277,1.038574
1312489606,0.060547,0.132568,1.0354
1312494606,0.059326,0.134277,1.042236
1312499606,0.059814,0.137695,1.042969
1312504606,0.052979,0.132324,1.04126
1312509606,0.05957,0.137451,1.042236
1312514606,0.060547,0.137939,1.045166
1312519606,0.059326,0.133789,1.050293
1312524606,0.061523,0.137939,1.050781
1312529606,0.059082,0.137207,1.035889
1312534606,0.058594,0.134277,1.038818
1312539606,0.058838,0.133057,1.04248
1312544606,0.058594,0.135742,1.039063
1312549606,0.056152,0.138184,1.042969
1312554606,0.061035,0.13501,1.047119
1312559606,0.05957,0.137451,1.043213
1312564606,0.055664,0.142578,1.040283
1312569606,0.058838,0.136475,1.043945
1312574606,0.057129,0.135986,1.03418
1312579606,0.056152,0.140625,1.044434
1312584606,0.053467,0.135742,1.04834
1312589606,0.058105,0.135742,1.038818
1312594606,0.056641,0.133789,1.044434
1312599606,0.05957,0.135742,1.041992
1312604606,0.04541,0.136719,1.030762
1312609606,0.057129,0.137207,1.041504
1312614606,0.054443,0.134277,1.036621
1312619606,0.05957,0.132568,1.041504
1312624606,0.056396,0.136719,1.041992
1312629606,0.062744,0.135498,1.048584
1312634606,0.05957,0.136719,1.049805
1312639606,0.067383,0.137695,1.04541
1312644606,0.056885,0.138184,1.038574
1312649606,0.061768,0.137451,1.043945
1312654606,0.056152,0.135498,1.043701
1312659606,0.050537,0.133301,1.04834
1312664606,0.051758,0.131592,1.045166
1312669606,0.052002,0.134766,1.047363
1312674606,0.056641,0.134766,1.041748
1312679606,0.05542,0.138428,1.036621
1312684606,0.054443,0.137451,1.039551
1312689606,0.0625,0.135498,1.042725
1312694606,0.058838,0.13501,1.044922
1312699606,0.062744,0.137207,1.04541
1312704606,0.060547,0.130615,1.044434
1312709606,0.061035,0.130615,1.037354
1312714606,0.060791,0.13623,1.043701
1312719606,0.056152,0.134033,1.040771
1312724606,0.058838,0.135498,1.039795
1312729606,0.062256,0.138672,1.041504
1312734606,0.056152,0.139404,1.041992
1312739606,0.059082,0.141357,1.041992
1312744606,0.056885,0.142578,1.046387
1312749606,0.055908,0.133545,1.043701
1312754606,0.051514,0.132568,1.041748
1312759606,0.052979,0.132812,1.039795
1312764606,0.055176,0.13623,1.048828
1312769606,0.057129,0.135742,1.039795
1312774606,0.058594,0.138672,1.039063
1312779606,0.059814,0.135254,1.037354
1312784606,0.060059,0.13916,1.04541
1312789606,0.062256,0.138184,1.038574
1312794606,0.063232,0.136963,1.044189
1312799606,0.057129,0.136719,1.045654
1312804606,0.058594,0.140381,1.040527
1312809606,0.054932,0.137207,1.044189
1312814606,0.05542,0.139893,1.04248
1312819606,0.059326,0.140625,1.044189
1312824606,0.058838,0.140137,1.040283
1312829606,0.056396,0.137207,1.043945
1312834606,0.058105,0.133545,1.047852
1312839606,0.056641,0.134277,1.043701
1312844606,0.057373,0.134033,1.043701
1312849606,0.056885,0.138672,1.04541
1312854606,0.059814,0.131348,1.048096
1312859606,0.061035,0.135254,1.039307
1312864606,0.057861,0.137939,1.040527
1312869606,0.055664,0.136963,1.042969
1312874606,0.056396,0.135742,1.037598
1312879606,0.059814,0.137207,1.034912
1312884606,0.055908,0.136719,1.038086
1312889606,0.057373,0.134277,1.038818
1312894606,0.05542,0.133789,1.043457
1312899606,0.056396,0.132324,1.040771
1312904606,0.057617,0.132812,1.041504
1312909606,0.058105,0.136719,1.043945
1312914606,0.059326,0.134766,1.04248
1312919606,0.060303,0.135498,1.041748
1312924606,0.059082,0.134277,1.04248
1312929606,0.056152,0.132812,1.045166
1312934606,0.05957,0.136963,1.046387
1312939606,0.058594,0.133545,1.042236
1312944606,0.057861,0.136963,1.042236
1312949606,0.060547,0.135742,1.039551
1312954606,0.058838,0.137695,1.040527
1312959606,0.062256,0.136719,1.036621
1312964606,3.999878,1.431885,0.379639
1312969606,-0.998047,1.412842,-4.0
1312974606,-0.223389,1.584717,3.999878
1312979606,-2.280029,1.484619,-4.0
1312984606,-0.866455,2.547363,3.999878
1312989606,-0.349609,1.716553,3.925781
1312994606,-0.554932,2.558838,-3.522217
1312999606,0.290283,0.138916,-4.0
1313004606,-1.036377,1.519775,-0.527832
1313009606,-0.785156,0.037354,1.05957
1313014606,-0.460205,0.324463,0.182617
1313019606,-1.093262,0.268799,1.387207
1313024606,-0.763184,0.099609,0.901367
1313029606,-1.804199,0.054932,-3.779297
1313034606,-0.906982,1.622559,-4.0
1313039606,-1.390137,0.437988,0.739502
1313044606,-1.196777,0.711426,0.852051
1313049606,0.059082,0.111816,0.741455
1313054606,-0.045654,0.156982,1.082764
1313059606,-0.02124,0.048096,0.478027
1313064606,-1.338379,1.568115,-1.417969
1313069606,0.036133,0.037842,1.069824
1313074606,-0.024902,0.19043,0.95874
1313079606,-0.051514,0.230225,1.301514
1313084606,0.039551,0.215088,1.054443
1313089606,0.041748,0.137207,1.047852
1313094606,0.064697,0.131104,1.136475
1313099606,0.078369,0.121338,1.060547
1313104606,0.024658,0.12207,1.018066
1313109606,0.04248,0.172607,1.082764
1313114606,-0.234619,2.374756,-4.0
1313119606,-1.138916,1.938477,-4.0
1313124606,0.236084,2.135254,-2.755127
1313129606,1.872559,1.851807,3.999878
1313134606,1.705811,0.477295,0.969727
1313139606,-0.0896,1.617188,-2.945068
1313144606,-0.611816,1.78833,-4.0
1313149606,-2.238037,1.922607,-0.266357
1313154606,-0.618164,0.195557,-2.765869
1313159606,-0.838623,1.408936,2.08374
1313164606,-1.048096,1.091553,0.371826
1313169606,0.063721,0.346191,0.309082
1313174606,-1.010742,0.124756,1.140137
1313179606,0.062256,0.677734,0.816895
1313184606,-0.055176,1.492432,0.840576
1313189606,0.039795,0.253174,1.036133
1313194606,-0.05542,-0.324951,1.19165
1313199606,0.116943,0.474609,0.989746
1313204606,0.072266,0.543457,1.086914
1313209606,0.064697,0.050049,1.061279
1313214606,-0.084229,-0.037598,0.919434
1313219606,0.04248,0.705811,1.015869
1313224606,-0.018066,0.189941,1.164795
1313229606,0.103027,0.022949,0.981934
1313234606,-0.877441,0.839355,0.216553
1313239606,0.238281,0.1875,1.289063
1313244606,0.047119,-0.079346,1.061279
1313249606,-0.027588,0.277588,1.094727
1313254606,0.10376,0.085937,1.123291
1313259606,0.079834,0.122314,1.077637
1313264606,0.100586,0.162598,-0.153809
1313269606,-0.110107,1.53833,1.069824
1313274606,0.097412,1.373291,0.865967
1313279606,0.000977,0.349609,1.113281
1313284606,0.078613,0.241455,1.670654
1313289606,0.140869,0.594727,1.172363
1313294606,0.042725,1.563232,1.061523
1313299606,0.062012,0.247803,1.144775
1313304606,0.068115,0.121094,1.032715
1313309606,0.004395,0.151367,1.047119
1313314606,0.080566,0.123535,1.111572
1313319606,0.050293,0.110352,1.016846
1313324606,0.022949,0.100098,0.961182
1313329606,0.072021,0.108887,1.025635
1313334606,0.072754,0.139648,1.060791
1313339606,0.023682,0.138916,1.043213
1313344606,0.065918,0.130615,1.0979
1313349606,0.065674,0.135742,1.046631
1313354606,0.015137,0.12085,0.992676
1313359606,0.070557,0.116211,1.059326
1313364606,0.066406,0.125488,1.026855
1313369606,0.029541,0.11499,1.010986
1313374606,0.069824,0.124512,1.101807
1313379606,0.048096,0.140869,1.054932
1313384606,0.01709,0.123779,1.022461
1313389606,0.072021,0.120605,1.08252
1313394606,0.044189,0.12915,1.007324
1313399606,0.029541,0.121094,1.018799
1313404606,0.075928,0.122559,1.08667
1313409606,0.040283,0.130127,1.029785
1313414606,0.037354,0.121826,1.043701
1313419606,0.077881,0.124512,1.081299
1313424606,0.033936,0.128418,1.002686
1313429606,0.040283,0.119873,1.036865
1313434606,0.076416,0.125,1.069336
1313439606,0.032471,0.129883,1.008057
1313444606,0.04834,0.126221,1.056641
1313449606,0.064697,0.131836,1.076904
1313454606,0.028076,0.12207,1.01123
1313459606,0.04834,0.120117,1.051758
1313464606,0.062988,0.124512,1.052734
1313469606,0.028564,0.123291,1.007813
1313474606,0.055664,0.12207,1.063721
1313479606,0.05835,0.125977,1.066406
1313484606,0.031738,0.127197,1.026611
1313489606,0.055908,0.127686,1.067383
1313494606,0.055176,0.130859,1.036621
1313499606,0.028564,0.123047,1.008057
1313504606,0.057617,0.124756,1.057129
1313509606,0.050537,0.124756,1.048828
1313514606,0.034424,0.122314,1.037598
1313519606,0.061768,0.120117,1.076172
1313524606,0.048828,0.125488,1.024414
1313529606,0.032959,0.12085,1.018555
1313534606,0.062988,0.121826,1.058594
1313539606,0.046143,0.126953,1.032715
1313544606,0.044434,0.123291,1.047363
1313549606,0.066162,0.128662,1.077148
1313554606,0.037354,0.129639,1.023438
1313559606,0.038086,0.122314,1.033691
1313564606,0.05835,0.12793,1.054688
1313569606,0.037842,0.133057,1.023438
1313574606,0.048828,0.120605,1.046875
1313579606,0.058105,0.102539,0.953857
1313584606,0.020996,0.112061,1.016602
1313589606,0.048828,0.130371,1.084473
1313594606,0.012207,0.126953,1.018555
1313599606,0.061035,0.08667,1.03418
1313604606,0.065918,0.131836,1.080322
1313609606,0.062256,0.141357,1.063232
1313614606,0.006592,0.126709,1.030029
1313619606,0.067383,0.121094,1.053955
1313624606,0.057861,0.115234,1.034912
1313629606,0.035889,0.121094,1.02124
1313634606,0.057617,0.134033,1.072754
1313639606,0.061523,0.123047,1.040527
1313644606,0.031738,0.116943,1.008789
1313649606,0.062256,0.116211,1.078125
1313654606,0.045898,0.135986,1.049072
1313659606,0.033447,0.123047,1.024414
1313664606,0.061035,0.12207,1.069092
1313669606,0.046875,0.119385,1.013184
1313674606,0.032959,0.115479,1.0271
1313679606,0.068115,0.127197,1.072998
1313684606,0.032227,0.121338,1.031494
1313689606,0.050537,0.122314,1.061035
1313694606,0.060791,0.130859,1.052734
1313699606,0.034912,0.121338,1.030762
1313704606,0.054687,0.125488,1.057129
1313709606,0.046143,0.128174,1.049561
1313714606,0.044678,0.125244,1.040527
1313719606,0.051025,0.127441,1.047852
1313724606,0.044678,0.125977,1.038086
1313729606,0.046143,0.121094,1.045166
1313734606,0.047852,0.124023,1.047363
1313739606,0.045898,0.130615,1.040283
1313744606,0.045654,0.126953,1.051514
1313749606,0.053467,0.124023,1.047852
1313754606,0.044922,0.12915,1.038086
1313759606,0.047607,0.125244,1.045166
1313764606,0.046875,0.132324,1.051758
1313769606,0.043945,0.131104,1.046143
1313774606,0.049316,0.124268,1.044922
1313779606,0.045898,0.124268,1.046875
1313784606,0.048096,0.126465,1.044189
1313789606,0.047607,0.12915,1.054443
1313794606,0.049805,0.120361,1.045898
1313799606,0.045654,0.124268,1.044189
1313804606,0.046875,0.114258,1.039795
1313809606,0.051025,0.129639,1.045898
1313814606,0.050781,0.122559,1.050293
1313819606,0.034668,0.137451,1.046387
1313824606,0.057617,0.12915,1.042969
1313829606,0.041016,0.131348,1.052734
1313834606,0.052002,0.124512,1.052002
1313839606,0.04248,0.126709,1.047607
1313844606,0.052979,0.106689,1.034668
1313849606,0.05127,0.123535,1.051514
1313854606,0.050537,0.130615,1.046631
1313859606,0.038086,0.138916,1.041504
1313864606,0.040039,0.123291,1.036133
1313869606,0.062012,0.118164,1.060059
1313874606,0.048828,0.124268,1.03125
1313879606,0.050781,0.111328,1.058838
1313884606,0.047607,0.133301,1.053955
1313889606,0.051025,0.132568,1.033447
1313894606,0.049805,0.122559,1.045898
1313899606,0.053467,0.120605,1.02832
1313904606,0.047363,0.112305,1.043945
1313909606,0.056641,0.118652,1.038818
1313914606,0.048584,0.124512,1.042725
1313919606,0.049805,0.118652,1.039063
1313924606,0.049316,0.12793,1.042236
1313929606,0.050049,0.126709,1.034668
1313934606,0.050049,0.121826,1.042969
1313939606,0.045166,0.129639,1.048584
1313944606,0.044922,0.126465,1.042969
1313949606,0.052002,0.124512,1.048584
1313954606,0.055176,0.127197,1.046875
1313959606,0.048584,0.124512,1.043213
1313964606,0.052246,0.124756,1.046143
1313969606,0.050781,0.123779,1.045898
1313974606,0.047119,0.119873,1.042236
1313979606,0.051025,0.129639,1.048828
1313984606,0.04834,0.128174,1.04541
1313989606,0.043701,0.122803,1.044922
1313994606,0.047119,0.127197,1.046875
1313999606,0.048096,0.124023,1.047607
1314004606,0.041504,0.12085,1.046875
1314009606,0.055176,0.124023,1.046387
1314014606,0.048584,0.116699,1.045166
1314019606,0.048096,0.12085,1.045654
1314024606,0.051514,0.12207,1.047852
1314029606,0.050049,0.121582,1.035645
1314034606,0.049072,0.123779,1.043945
1314039606,0.050293,0.124512,1.046387
1314044606,0.049561,0.12085,1.035645
1314049606,0.048584,0.127197,1.042236
1314054606,0.048096,0.127686,1.048584
1314059606,0.043457,0.126953,1.044922
1314064606,0.045166,0.120117,1.04834
1314069606,0.050293,0.125244,1.042725
1314074606,0.047119,0.122314,1.039063
1314079606,0.04834,0.122314,1.052734
1314084606,0.051514,0.124756,1.049316
1314089606,0.045166,0.122803,1.043457
1314094606,0.046875,0.124268,1.051758
1314099606,0.05249,0.128662,1.044434
1314104606,0.04541,0.125977,1.043457
1314109606,0.053711,0.123779,1.050049
1314114606,0.055176,0.125977,1.040527
1314119606,0.045898,0.127197,1.046631
1314124606,0.053467,0.127686,1.052979
1314129606,0.048828,0.121094,1.048828
1314134606,0.04541,0.123779,1.042969
1314139606,0.054932,0.125977,1.044922
1314144606,0.05127,0.126465,1.045898
1314149606,0.052246,0.125977,1.04541
1314154606,0.048584,0.123291,1.049805
1314159606,0.049805,0.127686,1.043457
1314164606,0.045898,0.125977,1.052734
1314169606,0.050781,0.124268,1.046143
1314174606,0.047852,0.125732,1.038818
1314179606,0.049316,0.124023,1.044922
1314184606,0.053467,0.127686,1.043457
1314189606,0.046875,0.126221,1.051025
1314194606,0.053467,0.123779,1.043945
1314199606,0.048584,0.126465,1.041504
1314204606,0.04248,0.125488,1.034424
1314209606,0.048096,0.122314,1.038818
1314214606,0.053223,0.125732,1.046387
1314219606,0.044922,0.119141,1.042725
1314224606,0.050781,0.122803,1.047607
1314229606,0.051758,0.125244,1.043457
1314234606,0.050781,0.124512,1.037842
1314239606,0.052002,0.12207,1.047363
1314244606,0.051025,0.130859,1.048584
1314249606,0.050537,0.127441,1.043213
1314254606,0.050781,0.122559,1.043457
1314259606,0.049561,0.12793,1.043701
1314264606,0.048584,0.122559,1.04248
1314269606,0.049316,0.123291,1.045166
1314274606,0.050049,0.123047,1.052979
1314279606,0.053467,0.121826,1.041748
1314284606,0.047119,0.122314,1.044922
1314289606,0.051025,0.120605,1.041992
1314294606,0.051758,0.124756,1.039795
1314299606,0.05127,0.121826,1.046143
1314304606,0.049316,0.124512,1.044434
1314309606,0.047363,0.126465,1.040771
1314314606,0.050537,0.126221,1.046143
1314319606,0.046875,0.127197,1.047607
1314324606,0.04541,0.124512,1.04126
1314329606,0.049072,0.121826,1.039307
1314334606,0.050781,0.128418,1.045898
1314339606,0.048828,0.123779,1.04248
1314344606,0.050781,0.118408,1.046631
1314349606,0.047852,0.128662,1.045898
1314354606,0.047607,0.126465,1.04834
1314359606,0.05127,0.120117,1.052734
1314364606,0.054932,0.125244,1.045898
1314369606,0.046387,0.125977,1.047852
1314374606,0.05542,0.12793,1.042725
1314379606,0.046631,0.128418,1.041016
1314384606,0.047607,0.123535,1.044434
1314389606,0.050537,0.125977,1.042725
1314394606,0.048828,0.128174,1.040283
1314399606,0.047119,0.126465,1.048584
1314404606,0.04834,0.122803,1.044922
1314409606,0.05127,0.125732,1.036377
1314414606,0.051025,0.121338,1.051025
1314419606,0.050293,0.122559,1.044434
1314424606,0.052979,0.124756,1.04126
1314429606,0.053711,0.124268,1.043701
1314434606,0.049561,0.127197,1.03833
1314439606,0.049805,0.123047,1.038818
1314444606,0.048584,0.128418,1.041504
1314449606,0.050781,0.129639,1.043945
1314454606,0.04834,0.125244,1.047852
1314459606,0.045898,0.121338,1.041748
1314464606,0.053223,0.127686,1.045166
1314469606,0.046143,0.126953,1.046875
1314474606,0.050293,0.119873,1.042725
1314479606,0.048828,0.122803,1.03833
1314484606,0.047119,0.123047,1.047363
1314489606,0.047607,0.126953,1.047852
1314494606,0.050781,0.124023,1.045898
1314499606,0.047119,0.125977,1.041016
1314504606,0.047852,0.121826,1.055664
1314509606,0.049316,0.122803,1.044434
1314514606,0.046875,0.126709,1.041016
1314519606,0.05249,0.125488,1.046387
1314524606,0.050781,0.123291,1.047363
1314529606,0.051025,0.128662,1.047363
1314534606,0.049805,0.126465,1.040527
1314539606,0.053711,0.123535,1.044678
1314544606,0.045166,0.125977,1.045654
1314549606,0.047607,0.123535,1.044189
1314554606,0.050049,0.120361,1.039551
1314559606,0.05127,0.125732,1.038574
1314564606,0.050293,0.128174,1.044434
1314569606,0.048096,0.124756,1.042725
1314574606,0.052734,0.125,1.043213
1314579606,0.046631,0.123291,1.046875
1314584606,0.051514,0.122314,1.044434
1314589606,0.050293,0.123535,1.042969
1314594606,0.047852,0.127197,1.047607
1314599606,0.044678,0.123779,1.043457
1314604606,0.051025,0.121826,1.038086
1314609606,0.051758,0.121094,1.04248
1314614606,0.050049,0.126709,1.04248
1314619606,0.053223,0.123779,1.050293
1314624606,0.047607,0.126465,1.04248
1314629606,0.049805,0.123047,1.046387
1314634606,0.050049,0.121582,1.040039
1314639606,0.048096,0.124512,1.042969
1314644606,0.049561,0.123535,1.046631
1314649606,0.048584,0.123291,1.044678
1314654606,0.051514,0.124268,1.044678
1314659606,0.050049,0.125488,1.04541
1314664606,0.050537,0.124268,1.044434
1314669606,0.048584,0.124756,1.046143
1314674606,0.051514,0.128418,1.040283
1314679606,0.051758,0.124268,1.049561
1314684606,0.046631,0.123291,1.042969
1314689606,0.05249,0.123535,1.044922
1314694606,0.053223,0.123535,1.043213
1314699606,0.049316,0.122803,1.039307
1314704606,0.049561,0.125,1.046143
1314709606,0.049561,0.129639,1.043701
1314714606,0.048828,0.124023,1.046875
1314719606,0.045898,0.122559,1.046143
1314724606,0.047852,0.122314,1.044434
1314729606,0.05127,0.118652,1.039063
1314734606,0.050537,0.125244,1.047119
1314739606,0.04834,0.126221,1.047119
1314744606,0.051514,0.124512,1.041748
1314749606,0.051025,0.127441,1.043457
1314754606,0.049805,0.126221,1.043457
1314759606,0.052002,0.124756,1.044189
1314764606,0.05127,0.126953,1.043945
1314769606,0.050781,0.123291,1.045898
1314774606,0.046387,0.125977,1.041748
1314779606,0.050293,0.123291,1.045898
1314784606,0.049805,0.122559,1.042725
1314789606,0.048828,0.126221,1.047119
1314794606,0.045166,0.124512,1.042969
1314799606,0.05127,0.121338,1.048584
1314804606,0.04541,0.12207,1.039307
1314809606,0.049805,0.127686,1.041992
1314814606,0.051025,0.123535,1.04126
1314819606,0.05249,0.125,1.049072
1314824606,0.051025,0.126709,1.045898
1314829606,0.047363,0.125732,1.040283
1314834606,0.049072,0.127686,1.042725
1314839606,0.051758,0.126709,1.039063
1314844606,0.050537,0.125244,1.047119
1314849606,0.049561,0.124512,1.045654
1314854606,0.049561,0.125977,1.046143
1314859606,0.05127,0.125488,1.045898
1314864606,0.048584,0.125,1.045898
1314869606,0.049072,0.121582,1.044189
1314874606,0.04834,0.122314,1.047363
1314879606,0.051514,0.122803,1.043213
1314884606,0.049561,0.123535,1.042969
1314889606,0.053711,0.121094,1.050293
1314894606,0.053223,0.125488,1.046143
1314899606,0.052979,0.123779,1.041992
1314904606,0.048096,0.125977,1.044922
1314909606,0.050293,0.125244,1.04541
1314914606,0.050781,0.128906,1.043945
1314919606,0.049805,0.121826,1.04541
1314924606,0.046143,0.124023,1.046143
1314929606,0.05127,0.126465,1.047607
1314934606,0.047363,0.121338,1.042725
1314939606,0.050293,0.12207,1.040039
1314944606,0.042969,0.123047,1.042236
1314949606,0.047119,0.125488,1.042236
1314954606,0.044922,0.124756,1.044922
1314959606,0.049805,0.119385,1.04248
1314964606,0.052246,0.124756,1.043945
1314969606,0.048828,0.12793,1.045654
1314974606,0.048584,0.121582,1.044434
1314979606,0.049072,0.128174,1.044434
1314984606,0.050537,0.12915,1.046875
1314989606,0.048828,0.122314,1.040283
1314994606,0.051758,0.126953,1.04834
1314999606,0.04541,0.126709,1.04834
1315004606,0.051025,0.124512,1.043213
1315009606,0.049561,0.124023,1.038574
1315014606,0.050293,0.123047,1.047607
1315019606,0.047852,0.124023,1.040283
1315024606,0.046875,0.125488,1.044678
1315029606,0.045898,0.12085,1.044922
1315034606,0.048828,0.120605,1.04126
1315039606,0.046387,0.12085,1.039551
1315044606,0.052734,0.122314,1.041016
1315049606,0.050293,0.120361,1.041992
1315054606,0.04834,0.124756,1.044189
1315059606,0.052246,0.123047,1.048096
1315064606,0.053467,0.126953,1.044922
1315069606,0.04834,0.126221,1.044189
1315074606,0.047607,0.125732,1.039551
1315079606,0.047119,0.126221,1.041016
1315084606,0.050781,0.127197,1.046387
1315089606,0.049072,0.124023,1.046387
1315094606,0.050049,0.125244,1.044434
1315099606,0.051758,0.12207,1.047852
1315104606,0.045654,0.125244,1.042236
1315109606,0.054443,0.118164,1.043945
1315114606,0.047852,0.123291,1.042725
1315119606,0.046631,0.123535,1.043457
1315124606,0.050537,0.124023,1.043701
1315129606,0.053467,0.119873,1.040283
1315134606,0.047363,0.12207,1.046631
1315139606,0.050293,0.124756,1.047607
1315144606,0.05127,0.124512,1.044189
1315149606,0.04541,0.126709,1.035889
1315154606,0.048828,0.123291,1.050293
1315159606,0.052734,0.121338,1.047852
1315164606,0.049072,0.119873,1.052246
1315169606,0.049805,0.125244,1.037354
1315174606,0.047363,0.123047,1.041504
1315179606,0.046143,0.125977,1.051758
1315184606,0.050781,0.123535,1.048828
1315189606,0.052246,0.125488,1.049561
1315194606,0.04541,0.122559,1.043213
1315199606,0.05127,0.122314,1.053711
1315204606,0.048584,0.12793,1.038574
1315209606,0.050293,0.121582,1.037598
1315214606,0.046631,0.126465,1.044678
1315219606,0.054199,0.124023,1.044678
1315224606,0.053223,0.123047,1.044434
1315229606,0.04541,0.127441,1.044189
1315234606,0.055908,0.125,1.040771
1315239606,0.050781,0.115967,1.04541
1315244606,0.047607,0.12793,1.049805
1315249606,0.049316,0.12207,1.050781
1315254606,0.046875,0.122314,1.046875
1315259606,0.047607,0.125732,1.043213
1315264606,0.046631,0.123535,1.041504
1315269606,0.04834,0.118896,1.048828
1315274606,0.048828,0.124512,1.049316
1315279606,0.041748,0.126221,1.05127
1315284606,0.051758,0.118896,1.045654
1315289606,0.047363,0.12085,1.035889
1315294606,0.048096,0.124512,1.033447
1315299606,0.053711,0.116943,1.048096
1315304606,0.052246,0.12207,1.04248
1315309606,0.052246,0.130859,1.039795
1315314606,0.050781,0.12085,1.039307
1315319606,0.054443,0.124023,1.045654
1315324606,0.049316,0.133301,1.04126
1315329606,0.05127,0.129639,1.042969
1315334606,1.224609,3.999878,3.999878
1315339606,2.125244,1.364746,3.999878
1315344606,0.031006,-1.563721,-4.0
1315349606,0.881836,3.122559,-4.0
1315354606,0.532715,1.753418,-2.529785
1315359606,-1.705811,0.68042,-4.0
1315364606,-0.473633,1.27417,-1.639404
1315369606,-1.503662,1.700195,-2.940918
1315374606,-0.655518,2.019775,-0.904053
1315379606,-0.244385,1.552734,1.288818
1315384606,-0.192139,0.192139,0.984619
1315389606,0.104492,0.169922,1.110352
1315394606,0.158203,0.05957,1.321533
1315399606,0.049805,0.122803,0.969727
1315404606,0.052734,0.148193,1.03418
1315409606,0.060791,0.141357,1.05127
1315414606,0.07251,0.06543,1.016602
1315419606,0.050781,0.078857,0.971436
1315424606,0.08252,0.061035,1.129395
1315429606,0.001465,0.13501,1.092285
1315434606,0.062256,0.189697,1.120117
1315439606,0.031982,0.105957,0.983643
1315444606,0.017334,0.134766,1.0354
1315449606,0.050537,0.098877,1.04126
1315454606,0.071533,0.067383,1.10791
1315459606,0.043701,0.142334,1.094727
1315464606,0.05249,0.08374,1.048584
1315469606,0.05127,0.102295,0.985596
1315474606,-2.419678,-1.157959,3.079102
1315479606,-0.589844,1.933105,-1.922363
1315484606,-1.202148,1.987061,-4.0
1315489606,-1.943848,-0.035645,-4.0
1315494606,-2.030518,2.232666,0.202637
1315499606,-1.135254,2.097412,0.765137
1315504606,-1.405029,0.078857,1.634033
1315509606,-1.723877,0.375977,0.906006
1315514606,-0.262695,1.792725,1.052246
1315519606,-0.226807,1.842285,1.119873
1315524606,0.027832,1.20166,1.013184
1315529606,0.089844,0.189209,1.236084
1315534606,0.030518,0.677979,1.019287
1315539606,0.041504,0.129395,1.083252
1315544606,0.023193,0.542236,1.272705
1315549606,-0.084473,0.840576,-3.578613
1315554606,-0.262939,0.540527,0.913574
1315559606,0.011719,0.326904,1.086426
1315564606,0.124268,0.41333,1.122559
1315569606,-0.015381,0.109375,1.038818
1315574606,0.04541,0.104736,0.941162
1315579606,0.061768,0.069336,1.116455
1315584606,0.09082,0.130127,1.080322
1315589606,0.043457,0.019531,1.051025
1315594606,0.061035,0.13623,1.056396
1315599606,0.070312,0.066162,0.818359
1315604606,-0.047607,0.028809,0.904785
1315609606,-0.040283,0.575928,1.7229
1315614606,-0.486084,0.396484,0.986328
1315619606,-0.873291,0.415527,1.070557
1315624606,0.068604,0.299072,1.073975
1315629606,0.049805,0.003662,1.006592
1315634606,0.052002,0.038086,1.079346
1315639606,0.112793,0.260986,1.22876
1315644606,0.003662,0.17627,1.23877
1315649606,0.205078,-0.021729,0.831787
1315654606,0.117432,0.13208,1.057861
1315659606,0.236572,0.068604,1.179932
1315664606,0.064941,0.246094,1.080322
1315669606,-0.08667,1.11377,1.519287
1315674606,-0.003174,1.486084,1.022705
1315679606,-0.008057,0.91333,1.079834
1315684606,0.022461,0.083496,0.884766
1315689606,-0.052734,0.114258,1.016113
1315694606,-0.01123,0.140869,1.002686
1315699606,0.005859,0.151367,1.092285
1315704606,0.017334,0.10498,0.977295
1315709606,0.14502,0.091797,1.158447
1315714606,0.047607,0.063477,-1.657959
1315719606,-0.431152,0.138428,0.945557
1315724606,-0.20459,0.112305,0.957764
1315729606,0.036133,0.18457,1.030762
1315734606,0.072754,0.108643,1.095703
1315739606,0.044434,0.068115,1.034668
1315744606,0.025146,0.114014,1.018555
1315749606,0.05835,0.108643,1.141602
1315754606,-0.066162,-0.00293,0.824463
1315759606,-0.137939,1.765137,0.574219
1315764606,0.084717,0.44873,1.14209
1315769606,-0.000732,0.306641,1.065918
1315774606,0.09082,0.138428,1.033936
1315779606,0.0271,0.14502,1.015381
1315784606,0.098389,0.079346,0.650146
1315789606,-0.00293,0.040771,2.275146
1315794606,0.00293,0.20166,0.729004
1315799606,-0.191406,0.253662,0.651123
1315804606,0.210449,0.557861,0.947021
1315809606,-0.016846,0.159668,1.205811
1315814606,0.064697,0.170166,1.043213
1315819606,0.060547,0.035156,1.262695
1315824606,0.094727,0.624756,1.014893
1315829606,-0.285889,0.273438,1.293945
1315834606,0.020508,0.434082,0.73999
1315839606,-0.023193,0.040039,0.922363
1315844606,0.033936,0.075928,1.006836
1315849606,-0.083008,0.207031,0.92041
1315854606,0.014648,0.65625,1.112305
1315859606,-0.078857,1.276367,0.942627
1315864606,0.168457,0.204346,1.220947
1315869606,0.020996,0.2854,1.29248
1315874606,0.104004,0.078613,0.888672
1315879606,0.00415,0.025146,0.888184
1315884606,0.049072,0.111572,1.128906
1315889606,0.085449,0.177979,1.056641
1315894606,-0.020752,0.092773,0.914551
1315899606,0.081299,0.098145,1.000732
1315904606,0.001953,0.189453,1.052246
1315909606,0.061035,0.044922,1.014648
1315914606,0.037842,0.140381,1.13208
1315919606,0.050293,0.136963,1.056885
1315924606,-0.011719,0.121094,1.151123
1315929606,0.10083,0.05835,0.968994
1315934606,0.028076,0.101074,1.124268
1315939606,0.060791,0.136963,1.07373
1315944606,0.050781,0.049561,1.162842
1315949606,0.098877,0.160645,1.024902
1315954606,0.00708,0.105713,1.015625
1315959606,0.063232,0.079346,1.092773
1315964606,0.057617,0.181885,1.069824
1315969606,0.012451,0.099365,1.071777
1315974606,0.088135,0.133545,1.082275
1315979606,0.010498,0.116943,1.033691
1315984606,0.037109,0.081299,1.014893
1315989606,0.030762,0.065186,1.012695
1315994606,0.026611,0.104004,1.059814
1315999606,0.039795,0.10791,0.998047
1316004606,0.031006,0.098877,1.060547
1316009606,0.079102,0.103027,1.000244
1316014606,0.0354,0.116455,1.033936
1316019606,0.060791,0.119629,1.048828
1316024606,0.052979,0.112061,1.03833
1316029606,0.010498,0.154785,1.078369
1316034606,0.07251,0.122314,1.059082
1316039606,0.016602,0.132324,1.043701
1316044606,0.035889,0.131592,0.958252
1316049606,0.032959,0.082275,1.094971
1316054606,0.047119,0.131836,1.031982
1316059606,-0.001221,0.126709,1.078857
1316064606,0.046631,0.108398,1.0625
1316069606,0.031006,0.130371,1.000732
1316074606,0.020508,0.093506,1.032471
1316079606,0.06543,0.098633,1.0354
1316084606,0.022461,0.097656,1.050537
1316089606,0.044922,0.136719,1.074951
1316094606,0.052734,0.093506,1.05249
1316099606,0.033203,0.120361,1.025146
1316104606,0.039551,0.132568,1.033691
1316109606,0.05957,0.091553,1.022949
1316114606,0.022461,0.137695,1.066162
1316119606,0.055176,0.126221,1.031982
1316124606,0.029785,0.11377,1.070801
1316129606,0.045654,0.093018,0.993896
1316134606,0.016846,0.104736,1.05127
1316139606,0.047363,0.099121,1.045654
1316144606,0.032959,0.109375,1.043457
1316149606,0.030762,0.126953,1.044434
1316154606,0.061768,0.094971,1.07959
1316159606,0.034912,0.119629,1.023193
1316164606,0.041504,0.092529,1.031982
1316169606,0.060791,0.10376,1.066406
1316174606,0.031494,0.126465,1.052734
1316179606,0.048828,0.095947,1.066406
1316184606,0.036621,0.121826,1.035156
1316189606,0.042236,0.10376,1.019531
1316194606,0.052246,0.103516,1.05542
1316199606,0.036377,0.12793,1.038574
1316204606,0.034912,0.100586,1.061279
1316209606,0.043701,0.114014,1.048584
1316214606,0.022949,0.111084,1.033447
1316219606,0.049072,0.0896,1.032227
1316224606,0.033447,0.109131,1.042236
1316229606,0.037354,0.118164,1.052979
1316234606,0.052734,0.101074,1.057861
1316239606,0.037842,0.126465,1.04248
1316244606,0.043701,0.112305,1.040527
1316249606,0.049561,0.107666,1.035889
1316254606,0.039307,0.121094,1.041016
1316259606,0.045166,0.115723,1.057129
1316264606,0.041504,0.116455,1.050293
1316269606,0.041992,0.116455,1.045166
1316274606,0.041992,0.102295,1.038086
1316279606,0.043457,0.104004,1.043213
1316284606,0.040039,0.107666,1.053711
1316289606,0.040039,0.105225,1.048828
1316294606,0.038086,0.117676,1.052002
1316299606,0.040039,0.114014,1.042725
1316304606,0.041748,0.096436,1.036133
1316309606,0.042236,0.102783,1.039063
1316314606,0.045166,0.12207,1.055176
1316319606,0.043701,0.107178,1.054199
1316324606,0.042236,0.102051,1.058838
1316329606,0.04834,0.123291,1.044189
1316334606,0.046875,0.118896,1.040039
1316339606,0.049561,0.123535,1.061035
1316344606,0.05542,0.11792,1.050293
1316349606,0.049805,0.110596,1.039795
1316354606,0.035889,0.109863,1.05542
1316359606,0.028564,0.10083,1.044434
1316364606,0.027832,0.11499,1.048584
1316369606,0.025635,0.106445,1.02832
1316374606,0.02124,0.100098,1.057129
1316379606,0.030518,0.113525,1.060059
1316384606,0.036377,0.107666,1.036865
1316389606,0.037109,0.108398,1.048828
1316394606,0.034668,0.111572,1.049072
1316399606,0.032715,0.114502,1.050049
1316404606,0.039063,0.114746,1.046631
1316409606,0.0354,0.105713,1.054199
1316414606,0.041748,0.11499,1.043457
1316419606,0.038574,0.119629,1.043457
1316424606,0.039307,0.113037,1.044678
1316429606,0.04248,0.116455,1.048096
1316434606,0.038086,0.115967,1.042725
1316439606,0.03833,0.116455,1.050293
1316444606,0.03833,0.112061,1.042236
1316449606,0.028809,0.109131,1.047852
1316454606,0.042969,0.111328,1.048828
1316459606,0.033203,0.112793,1.046143
1316464606,0.034424,0.116699,1.052246
1316469606,0.033447,0.109131,1.045166
1316474606,0.0354,0.11084,1.035645
1316479606,0.043945,0.109863,1.046631
1316484606,0.037598,0.115234,1.051025
1316489606,0.036865,0.111816,1.046631
1316494606,0.039551,0.100342,1.039063
1316499606,0.042725,0.117432,1.050537
1316504606,0.043701,0.113037,1.045166
1316509606,0.040039,0.109619,1.044434
1316514606,0.036621,0.117188,1.048828
1316519606,0.040283,0.116211,1.049805
1316524606,0.036865,0.109863,1.048828
1316529606,0.034668,0.11377,1.044189
1316534606,0.034668,0.108643,1.041504
1316539606,0.033691,0.112793,1.049805
1316544606,0.033936,0.113525,1.047607
1316549606,0.036133,0.113037,1.053223
1316554606,0.039551,0.11377,1.041504
1316559606,0.03833,0.109375,1.045654
1316564606,0.041016,0.109619,1.044678
1316569606,0.036377,0.11499,1.04248
1316574606,0.040283,0.11499,1.050537
1316579606,0.043701,0.114502,1.042725
1316584606,0.041016,0.112793,1.047852
1316589606,0.040527,0.113281,1.041992
1316594606,0.046387,0.116455,1.044678
1316599606,0.042236,0.117432,1.049072
1316604606,0.03833,0.110596,1.051514
1316609606,0.038818,0.119629,1.046387
1316614606,0.033691,0.108643,1.044189
1316619606,0.036377,0.091309,1.038818
1316624606,0.0354,0.119873,1.052246
1316629606,0.037842,0.111816,1.047363
1316634606,0.036133,0.114258,1.047852
1316639606,0.038086,0.107666,1.043701
1316644606,0.033447,0.130371,1.042725
1316649606,0.043457,0.092041,1.035889
1316654606,0.033691,0.117188,1.048584
1316659606,0.050537,0.111084,1.047119
1316664606,0.040039,0.106689,1.084717
1316669606,0.036865,0.101074,1.040039
1316674606,0.037354,0.119873,1.045166
1316679606,0.034668,0.110107,1.029053
1316684606,0.029297,0.120361,1.052246
1316689606,0.037354,0.120117,1.060791
1316694606,0.027588,0.102783,1.038818
1316699606,0.03418,0.107666,1.048096
1316704606,0.037354,0.101807,1.044922
1316709606,0.043701,0.115479,1.050537
1316714606,0.040039,0.10083,1.054443
1316719606,0.030762,0.116455,1.057373
1316724606,0.058105,0.11084,1.084229
1316729606,0.037842,0.112549,1.036377
1316734606,0.042969,0.115234,1.034424
1316739606,0.037842,0.109131,1.053467
1316744606,0.042236,0.114014,1.037842
1316749606,0.043945,0.10376,1.046631
1316754606,0.04126,0.108154,1.043213
1316759606,0.04541,0.107178,1.031494
1316764606,0.037354,0.105713,1.050293
1316769606,0.036377,0.110596,1.030762
1316774606,0.01709,0.057861,1.065674
1316779606,-0.078125,0.135498,0.81543
1316784606,0.02124,0.078369,1.02832
1316789606,0.020508,0.137207,1.080811
1316794606,0.057617,0.114746,1.004639
1316799606,0.030273,0.097656,1.053955
1316804606,0.040771,0.110596,1.120361
1316809606,0.039307,0.12085,1.012939
1316814606,0.033691,0.095459,1.078125
1316819606,0.074463,0.12915,1.024902
1316824606,0.03833,0.116211,1.044678
1316829606,0.049072,0.112549,1.036133
1316834606,0.032227,0.091553,1.055176
1316839606,0.029297,0.093506,1.046387
1316844606,0.025635,0.103516,1.042725
1316849606,0.035645,0.091797,1.030273
1316854606,0.038574,0.115723,1.040283
1316859606,0.052979,0.129395,1.036865
1316864606,0.041504,0.119629,1.043457
1316869606,0.041992,0.112793,1.035156
1316874606,0.036133,0.099609,1.045166
1316879606,0.032471,0.085937,1.039307
1316884606,0.033936,0.109131,1.046631
1316889606,0.039795,0.111572,1.050537
1316894606,0.047363,0.117432,1.04126
1316899606,0.042725,0.131348,1.051514
1316904606,0.049072,0.124268,1.042725
1316909606,0.037109,0.112549,1.052002
1316914606,0.044922,0.109863,1.052734
1316919606,0.034424,0.102783,1.052246
1316924606,0.036621,0.103516,1.039551
1316929606,0.039795,0.101563,1.048584
1316934606,0.036133,0.106201,1.039551
1316939606,0.036621,0.105225,1.048828
1316944606,0.038818,0.108643,1.051758
1316949606,0.036377,0.116943,1.043213
1316954606,0.044678,0.113281,1.044189
1316959606,0.040039,0.121582,1.042725
1316964606,0.042236,0.114258,1.045166
1316969606,0.044922,0.108643,1.049316
1316974606,0.042969,0.110352,1.04541
1316979606,0.041992,0.114502,1.044189
1316984606,0.043213,0.105957,1.040771
1316989606,0.04248,0.101074,1.040283
1316994606,0.04248,0.103271,1.041016
1316999606,0.038818,0.10376,1.047607
1317004606,0.0354,0.104004,1.05249
1317009606,0.037354,0.111572,1.049561
1317014606,0.029785,0.114502,1.048828
1317019606,0.036621,0.11084,1.038818
1317024606,0.039795,0.11084,1.048828
1317029606,0.041016,0.117188,1.043945
1317034606,0.043457,0.117188,1.050293
1317039606,0.04248,0.112061,1.050049
1317044606,0.039551,0.111084,1.044434
1317049606,0.036621,0.11377,1.012207
1317054606,0.030029,0.101563,1.064941
1317059606,0.040283,0.134766,1.05957
1317064606,0.020264,0.148437,1.045166
1317069606,0.047607,0.079834,1.040039
1317074606,0.031006,0.116943,1.053467
1317079606,0.024902,0.114746,1.034912
1317084606,0.047119,0.082031,1.046143
1317089606,0.027588,0.114258,1.057373
1317094606,0.045898,0.117676,1.032471
1317099606,0.031982,0.091064,1.018799
1317104606,0.040527,0.118652,1.041748
1317109606,0.037842,0.119141,1.033447
1317114606,0.040039,0.105957,1.044434
1317119606,0.046143,0.126465,1.029297
1317124606,0.041504,0.106934,1.059082
1317129606,0.045166,0.109619,1.036621
1317134606,0.032471,0.119141,1.051758
1317139606,0.044434,0.111328,1.051514
1317144606,0.038818,0.10791,1.064209
1317149606,0.039795,0.113037,1.04834
1317154606,0.044434,0.085937,1.061279
1317159606,0.043945,0.098633,1.0354
1317164606,0.043457,0.100342,1.053467
1317169606,0.060059,0.091064,1.055176
1317174606,0.037842,0.114014,1.050537
1317179606,0.052734,0.109863,1.043701
1317184606,0.048828,0.119141,1.026367
1317189606,0.034668,0.130859,1.030029
1317194606,0.030273,0.125977,1.056885
1317199606,0.021484,0.122314,1.051758
1317204606,0.02124,0.109619,1.050781
1317209606,0.034912,0.10791,1.052002
1317214606,0.029297,0.112793,1.043945
1317219606,0.037354,0.108643,1.045654
1317224606,0.041016,0.107422,1.049805
1317229606,0.044434,0.0979,1.041748
1317234606,0.046387,0.092773,1.042969
1317239606,0.045898,0.094482,1.044189
1317244606,0.04541,0.106689,1.043701
1317249606,0.044922,0.111572,1.046631
1317254606,0.039063,0.115723,1.039795
1317259606,0.037109,0.117188,1.044922
1317264606,0.038818,0.121094,1.049561
1317269606,0.037598,0.134521,1.058105
1317274606,0.035645,0.128174,1.05249
1317279606,0.03833,0.116699,1.046875
1317284606,0.044434,0.109131,1.044434
1317289606,0.038086,0.104004,1.045166
1317294606,0.039307,0.104736,1.053711
1317299606,0.040527,0.103516,1.057617
1317304606,0.042236,0.099365,1.042236
1317309606,0.044678,0.094238,1.04248
1317314606,0.042969,0.104492,1.038818
1317319606,0.041992,0.112793,1.044678
1317324606,0.04248,0.124023,1.055908
1317329606,0.041992,0.122803,1.05127
1317334606,0.042236,0.115967,1.043457
1317339606,0.039063,0.12207,1.049316
1317344606,0.037842,0.121338,1.049072
1317349606,0.037354,0.115967,1.046143
1317354606,0.034424,0.114746,1.047852
1317359606,0.036865,0.108643,1.047119
1317364606,0.036377,0.108398,1.047607
1317369606,0.041016,0.102295,1.042969
1317374606,0.041016,0.100586,1.043457
1317379606,0.043213,0.104248,1.042969
1317384606,0.045654,0.102051,1.04834
1317389606,0.042725,0.106201,1.05127
1317394606,0.039307,0.111084,1.051025
1317399606,0.04126,0.112793,1.039551
1317404606,0.041016,0.11499,1.046387
1317409606,0.04248,0.119141,1.050049
1317414606,0.040283,0.120117,1.051514
1317419606,0.042236,0.116211,1.045654
1317424606,0.039795,0.115967,1.047363
1317429606,0.038574,0.112061,1.046631
1317434606,0.039063,0.110596,1.052246
1317439606,0.044678,0.107666,1.049805
1317444606,0.039063,0.107178,1.043701
1317449606,0.042236,0.107666,1.042969
1317454606,0.042236,0.102051,1.044189
1317459606,0.040527,0.102051,1.044922
1317464606,0.036133,0.106445,1.056152
1317469606,0.043457,0.109863,1.047852
1317474606,0.042236,0.114746,1.049072
1317479606,0.044189,0.116455,1.052002
1317484606,0.04248,0.120117,1.048096
1317489606,0.039795,0.120117,1.049316
1317494606,0.041748,0.121338,1.047607
1317499606,0.045898,0.118164,1.047119
1317504606,0.046631,0.112793,1.044922
1317509606,0.035889,0.104736,1.043213
1317514606,0.041992,0.109375,1.049316
1317519606,0.038574,0.105469,1.043701
1317524606,0.037842,0.106201,1.052002
1317529606,0.038086,0.100098,1.047363
1317534606,0.034424,0.105713,1.046143
1317539606,0.035889,0.109375,1.047607
1317544606,0.042969,0.11084,1.042236
1317549606,0.037109,0.109375,1.047119
1317554606,0.037354,0.117188,1.049072
1317559606,0.038818,0.116699,1.046143
1317564606,0.040771,0.116455,1.047119
1317569606,0.042725,0.119385,1.050537
1317574606,0.042725,0.114746,1.044922
1317579606,0.04541,0.112549,1.048584
1317584606,0.039307,0.11084,1.04834
1317589606,0.034668,0.109863,1.039063
1317594606,0.043457,0.108398,1.048828
1317599606,0.041504,0.106445,1.04248
1317604606,0.037354,0.104736,1.048584
1317609606,0.041016,0.106934,1.048584
1317614606,0.037109,0.109863,1.042236
1317619606,0.036377,0.108154,1.049316
1317624606,0.035889,0.114258,1.045654
1317629606,0.037842,0.118652,1.044434
1317634606,0.040527,0.114746,1.048584
1317639606,0.041016,0.117432,1.050049
1317644606,0.046387,0.115234,1.05127
1317649606,0.047119,0.115479,1.050781
1317654606,0.043213,0.113525,1.052002
1317659606,0.040527,0.111328,1.040771
1317664606,0.044678,0.108398,1.043701
1317669606,0.044434,0.106445,1.04834
1317674606,0.040527,0.105957,1.036865
1317679606,0.042969,0.107666,1.047852
1317684606,0.039063,0.108398,1.047607
1317689606,0.037354,0.113525,1.049316
1317694606,0.038818,0.112305,1.041748
1317699606,0.034912,0.11792,1.039307
1317704606,0.037598,0.115723,1.052246
1317709606,0.039063,0.116699,1.048584
1317714606,0.035889,0.110596,1.046143
1317719606,0.043945,0.11377,1.039795
1317724606,0.04126,0.111084,1.046143
1317729606,0.042969,0.110107,1.050049
1317734606,0.04248,0.112305,1.04541
1317739606,0.043457,0.108643,1.053955
1317744606,0.041992,0.108398,1.050049
1317749606,0.042236,0.110107,1.051514
1317754606,0.039063,0.109131,1.051514
1317759606,0.038086,0.107666,1.043213
1317764606,0.034424,0.108398,1.046631
1317769606,0.037109,0.117432,1.050537
1317774606,0.036865,0.115723,1.052246
1317779606,0.037109,0.113281,1.048096
1317784606,0.041504,0.11377,1.044189
1317789606,0.039307,0.111084,1.045898
1317794606,0.043213,0.116455,1.049072
1317799606,0.041992,0.112061,1.048828
1317804606,0.042969,0.106445,1.048828
1317809606,0.04541,0.112061,1.044922
1317814606,0.04126,0.107422,1.047363
1317819606,0.041992,0.107666,1.047119
1317824606,0.041504,0.108643,1.047363
1317829606,0.039063,0.114502,1.04541
1317834606,0.038086,0.114258,1.048828
1317839606,0.0354,0.11084,1.04541
1317844606,0.039063,0.111572,1.054688
1317849606,0.032227,0.11377,1.046631
1317854606,0.035156,0.112061,1.052002
1317859606,0.041504,0.107178,1.048096
1317864606,0.037354,0.102539,1.045898
1317869606,0.038818,0.106201,1.040283
1317874606,0.042969,0.10791,1.042969
1317879606,0.044189,0.113037,1.04834
1317884606,0.04541,0.106201,1.049805
1317889606,0.045654,0.113281,1.045898
1317894606,0.043457,0.113037,1.050781
1317899606,3.999878,0.221436,3.878906
1317904606,1.759521,1.282471,3.999878
1317909606,1.852539,2.078125,3.999878
1317914606,2.508301,0.539307,3.999878
1317919606,-1.815918,1.09668,-4.0
1317924606,-2.166016,1.663818,-4.0
1317929606,-1.2854,1.693359,0.559082
1317934606,-1.725098,2.384766,0.344971
1317939606,-1.771973,0.265869,0.288086
1317944606,-0.497559,0.127197,1.415527
1317949606,-0.167725,0.043945,-4.0
1317954606,-0.589844,0.25708,-2.888428
1317959606,-0.383301,0.426514,1.880371
1317964606,-0.015381,0.765137,0.961914
1317969606,0.050781,0.350342,1.081787
1317974606,0.01416,0.051758,1.143311
1317979606,0.062744,0.135742,1.183838
1317984606,0.471436,0.361084,2.91626
1317989606,1.864014,1.077148,1.659668
1317994606,-1.108643,1.111328,1.13623
1317999606,-1.42041,0.317871,0.739014
1318004606,-0.88623,-0.085449,1.754395
1318009606,-0.626465,0.275391,1.395996
1318014606,-0.233887,0.51709,0.86792
1318019606,-0.028564,0.107666,1.324951
1318024606,0.088867,0.378174,1.238525
1318029606,0.126221,0.028809,0.940918
1318034606,0.082764,0.090332,1.051758
1318039606,0.081299,0.045166,1.10376
1318044606,-1.538574,1.679199,1.698975
1318049606,-1.179932,1.731201,0.239258
1318054606,-0.851562,0.520508,1.6521
1318059606,-0.222656,0.012695,1.175049
1318064606,-0.092773,-0.00415,0.89502
1318069606,-0.073242,0.200439,1.786865
1318074606,-0.085449,0.0979,0.737549
1318079606,-0.198242,0.664307,0.76416
1318084606,0.014893,0.376221,1.109375
1318089606,0.036377,-0.01001,0.889404
1318094606,0.033936,0.053711,0.98584
1318099606,0.016113,0.19458,1.037598
1318104606,0.029297,0.069336,1.029541
1318109606,0.02832,0.102295,1.125
1318114606,0.057129,0.085937,0.977295
1318119606,-0.045654,0.146973,0.944824
1318124606,0.039795,0.114746,1.127441
1318129606,0.03418,0.088623,1.123779
1318134606,0.024414,0.113281,1.026367
1318139606,0.000244,0.133545,0.995117
1318144606,0.043457,0.100342,1.168701
1318149606,0.05127,0.108887,0.984131
1318154606,-0.001465,2.590332,0.973145
1318159606,0.048096,0.630127,1.130371
1318164606,0.013428,0.843262,1.263672
1318169606,0.010498,0.075684,1.019287
1318174606,0.16748,0.032227,1.583252
1318179606,-0.074707,1.669189,0.965576
1318184606,0.007813,0.332031,0.895264
1318189606,0.036621,0.100586,1.14209
1318194606,0.05249,0.117188,1.158691
1318199606,0.057129,0.083008,0.980469
1318204606,0.021973,0.130127,0.962891
1318209606,0.050781,0.084961,1.151123
1318214606,0.02124,0.111816,0.961182
1318219606,0.043213,0.091553,1.064697
1318224606,0.023682,0.105713,1.084717
1318229606,0.047607,0.083984,1.084229
1318234606,0.060059,0.114258,1.093018
1318239606,0.118408,0.1521,1.253906
1318244606,0.014404,0.212158,1.052734
1318249606,0.072754,0.094238,1.272461
1318254606,-0.020264,0.104004,1.032471
1318259606,0.042236,0.114502,1.056641
1318264606,0.20874,0.116211,1.475342
1318269606,0.062256,0.20459,1.06543
1318274606,-2.901855,1.239258,-2.600342
1318279606,-0.363281,0.944336,1.262207
1318284606,0.024658,0.161377,0.921143
1318289606,-0.027832,1.344238,0.837402
1318294606,0.013428,0.869873,0.950439
1318299606,0.012939,0.075928,1.0625
1318304606,0.02124,0.109619,1.133057
1318309606,0.0271,0.071045,1.110352
1318314606,0.017578,0.099854,1.081543
1318319606,0.056885,0.0896,1.077881
1318324606,-0.00415,0.106201,1.000732
1318329606,0.023193,0.127441,1.028809
1318334606,0.028809,0.105957,1.043213
1318339606,0.039063,0.080322,1.065674
1318344606,0.012207,0.611084,1.13208
1318349606,0.01709,0.185059,0.949951
1318354606,-0.165039,2.272461,0.942871
1318359606,0.095459,1.189697,1.031006
1318364606,0.050537,1.167236,-2.406006
1318369606,-0.218262,1.140137,0.796143
1318374606,0.14624,0.063721,1.248535
1318379606,0.07373,0.111328,1.221924
1318384606,0.01123,0.141602,1.036621
1318389606,0.022461,0.208008,1.10376
1318394606,0.023682,0.106934,1.005371
1318399606,0.03125,0.130615,1.012939
1318404606,0.041016,0.104248,1.046143
1318409606,0.047363,0.093994,1.115479
1318414606,0.00708,0.102539,0.979248
1318419606,0.075684,0.082031,1.201172
1318424606,0.050537,0.059814,1.222412
1318429606,0.047363,0.071045,1.152588
1318434606,0.069336,0.124512,1.191406
1318439606,0.057861,0.139893,1.037109
1318444606,0.059082,0.470703,1.383545
1318449606,0.063965,1.598877,1.039063
1318454606,0.049072,0.157959,1.199463
1318459606,-0.01123,0.189453,0.865723
1318464606,-0.030029,1.582764,0.862305
1318469606,0.058105,0.128906,1.234619
1318474606,0.066895,0.145996,1.148193
1318479606,0.062256,0.108154,1.17041
1318484606,0.025146,0.101318,1.014648
1318489606,0.056152,0.051025,0.988525
1318494606,0.017578,0.098633,0.922363
1318499606,0.026855,0.121094,1.162842
1318504606,0.053955,0.090332,1.11792
1318509606,0.013916,0.108887,1.048828
1318514606,-0.005615,0.118896,0.992676
1318519606,0.025391,0.185547,1.053467
1318524606,0.004883,0.28833,0.920654
1318529606,0.126709,0.13208,1.245361
1318534606,0.021729,0.665039,1.189209
1318539606,-0.080078,0.170898,1.02832
1318544606,-0.810791,2.47876,0.936279
1318549606,0.013184,1.688721,1.088135
1318554606,0.037354,0.160645,1.096436
1318559606,0.063721,0.122803,1.102783
1318564606,0.072021,0.078857,1.117676
1318569606,0.050781,0.114014,1.047852
1318574606,0.064209,0.078613,1.192871
1318579606,0.060547,0.080566,1.125244
1318584606,0.02417,0.114502,0.981201
1318589606,0.001221,0.078613,1.018799
1318594606,0.060547,0.095703,1.176514
1318599606,0.062988,0.764404,1.13208
1318604606,0.101318,0.878418,1.470215
1318609606,-0.736328,0.337158,0.763672
1318614606,-0.203369,0.477783,0.894531
1318619606,0.062988,0.234863,0.749268
1318624606,0.05127,0.143555,1.268066
1318629606,-0.189209,0.186768,1.831055
1318634606,-0.010254,0.135742,1.111328
1318639606,0.046387,0.178223,1.057861
1318644606,0.024902,0.067383,0.903809
1318649606,0.013428,0.097168,1.147705
1318654606,0.111084,0.351807,1.734619
1318659606,-0.469727,1.473389,0.585205
1318664606,0.078125,1.441162,1.226074
1318669606,0.051758,0.101318,1.147949
1318674606,0.060791,0.076904,1.184814
1318679606,0.02832,0.10791,1.043457
1318684606,0.000732,0.092041,1.013184
1318689606,0.029297,0.100586,1.008545
1318694606,0.027588,0.117188,1.04834
1318699606,0.077637,0.047852,1.159424
1318704606,-0.048096,0.547852,0.52832
1318709606,-0.98584,0.71582,0.988037
1318714606,0.039307,0.142822,1.037842
1318719606,0.092285,0.078613,1.302979
1318724606,0.043945,0.09375,1.193359
1318729606,0.000732,0.135742,0.993652
1318734606,0.039795,0.121094,1.116699
1318739606,0.074463,0.12915,1.044678
1318744606,0.06958,0.084961,1.0979
1318749606,0.057129,1.235352,1.083984
1318754606,0.048096,0.652344,1.206299
1318759606,-0.06958,0.188232,0.817627
1318764606,0.078125,0.239258,1.070068
1318769606,-0.037354,1.680664,0.736572
1318774606,0.059082,0.091309,1.058105
1318779606,0.048096,0.067383,1.188721
1318784606,0.066162,0.160156,1.11084
1318789606,0.078613,0.092285,1.129395
1318794606,0.000732,0.12915,0.883545
1318799606,0.054199,0.134033,1.051514
1318804606,-0.000977,0.17041,0.980957
1318809606,-0.01001,2.505371,0.916504
1318814606,0.068115,0.666016,0.951904
1318819606,0.04541,0.085449,1.123047
1318824606,0.029053,0.10791,1.018066
1318829606,-0.005615,0.12915,0.959961
1318834606,0.060547,0.08252,1.158936
1318839606,0.107422,0.154541,1.327393
1318844606,-0.07251,2.483643,0.933838
1318849606,0.045166,0.169922,1.100342
1318854606,0.030762,0.178223,1.031494
1318859606,0.0271,0.101074,1.025391
1318864606,0.020996,0.116455,1.074463
1318869606,0.007324,0.124023,0.891846
1318874606,-0.014648,2.227539,1.043457
1318879606,0.01709,0.088379,0.992187
1318884606,0.014893,0.121826,0.96582
1318889606,0.03418,0.11084,1.000977
1318894606,-0.002441,0.225098,0.900879
1318899606,0.022949,1.51123,1.097656
1318904606,-0.014404,0.186035,1.120117
1318909606,0.091064,0.114746,1.139404
1318914606,0.024658,0.736328,1.271973
1318919606,0.056641,1.765381,1.221924
1318924606,0.037598,0.552246,1.043701
1318929606,0.068848,0.077881,0.96875
1318934606,0.039551,2.781982,0.901855
1318939606,-0.020996,0.141846,1.062744
1318944606,0.031006,1.012207,1.196533
1318949606,0.063721,1.476074,0.90918
1318954606,0.020508,0.096191,1.068848
1318959606,0.053711,0.108643,1.069092
1318964606,0.03418,0.104248,1.064209
1318969606,0.034912,0.099365,1.050537
1318974606,0.024902,0.110107,1.045166
1318979606,0.021973,0.108398,1.036621
1318984606,0.029785,0.109131,1.049805
1318989606,0.038086,0.111328,1.05127
1318994606,0.029053,0.11084,1.045654
1318999606,0.036133,0.106445,1.048828
1319004606,0.031494,0.104004,1.047363
1319009606,0.034668,0.109863,1.047119
1319014606,0.036621,0.101318,1.042725
1319019606,0.031982,0.105713,1.051758
1319024606,0.033203,0.113037,1.055664
1319029606,0.031738,0.102783,1.05957
1319034606,0.030273,0.10498,1.047607
1319039606,0.014648,0.109619,1.054932
1319044606,0.039551,0.137939,1.049316
1319049606,0.018066,0.243652,0.997314
1319054606,0.029541,0.107666,1.074219
1319059606,0.011719,0.065186,1.01416
1319064606,0.042725,0.121094,1.048584
1319069606,0.037109,0.074219,1.053467
1319074606,0.042725,0.106445,1.060547
1319079606,0.037842,0.115723,1.062012
1319084606,0.037842,0.070801,1.034912
1319089606,0.034668,0.08667,1.017334
1319094606,0.042236,0.096924,1.00415
1319099606,0.026611,0.137451,1.058105
1319104606,0.037109,0.102051,1.070801
1319109606,0.008545,0.161377,1.037354
1319114606,0.044434,0.101563,1.038086
1319119606,0.028809,0.103271,1.081543
1319124606,0.035889,0.106934,1.045166
1319129606,0.023682,0.112549,1.03418
1319134606,0.035889,0.108154,1.053955
1319139606,0.035645,0.10376,1.063477
1319144606,0.037598,0.096924,1.036133
1319149606,0.037354,0.102783,1.05127
1319154606,0.027588,0.10083,1.046143
1319159606,0.033447,0.110107,1.05542
1319164606,0.036133,0.106689,1.04541
1319169606,0.029785,0.106934,1.046875
1319174606,0.030762,0.108643,1.043457
1319179606,0.033691,0.107666,1.05127
1319184606,0.036865,0.103516,1.046631
1319189606,0.033691,0.103516,1.047363
1319194606,0.033447,0.108643,1.048096
1319199606,0.027588,0.109375,1.046631
1319204606,0.035889,0.110352,1.046143
1319209606,0.034912,0.108154,1.053467
1319214606,0.032715,0.103516,1.046875
1319219606,0.031738,0.106689,1.051758
1319224606,0.034668,0.101563,1.052002
1319229606,0.03418,0.100342,1.050537
1319234606,0.037598,0.104492,1.047363
1319239606,0.030762,0.109375,1.050781
1319244606,0.03418,0.109375,1.05249
1319249606,0.031494,0.107178,1.049561
1319254606,0.033936,0.112793,1.053955
1319259606,0.032715,0.110596,1.051758
1319264606,0.033447,0.110596,1.050049
1319269606,0.032227,0.108154,1.046143
1319274606,0.033936,0.105957,1.04834
1319279606,0.033936,0.10791,1.043945
1319284606,0.034668,0.107666,1.046387
1319289606,0.029541,0.106445,1.04248
1319294606,0.031006,0.108154,1.050049
1319299606,0.041016,0.103271,1.044922
1319304606,0.04126,0.093994,1.062744
1319309606,0.046143,0.103027,0.991943
1319314606,0.027588,0.130615,1.058105
1319319606,0.025635,0.112061,1.046143
1319324606,0.037109,0.105713,1.051758
1319329606,0.033203,0.099121,1.0354
1319334606,0.024902,0.114502,1.055664
1319339606,0.035645,0.119385,1.046387
1319344606,0.040283,0.107178,1.060547
1319349606,0.037109,0.087891,1.035889
1319354606,0.038574,0.109863,1.050049
1319359606,0.040771,0.101807,1.043457
1319364606,0.031982,0.11792,1.04834
1319369606,0.042969,0.094727,1.05542
1319374606,0.034668,0.095703,1.048584
1319379606,0.034912,0.097168,1.046631
1319384606,0.032227,0.113525,1.051514
1319389606,0.053467,0.107666,1.049561
1319394606,0.023193,0.129883,1.0271
1319399606,0.026611,0.123047,1.04248
1319404606,0.023926,0.115967,1.023926
1319409606,0.026367,0.122803,1.085205
1319414606,0.053711,0.113281,1.08252
1319419606,0.047363,0.076904,1.044678
1319424606,0.027588,0.103027,1.048828
1319429606,0.042236,0.119385,1.067139
1319434606,0.034424,0.094727,1.067139
1319439606,0.037842,0.116943,1.043213
1319444606,0.0354,0.112305,1.036865
1319449606,0.022461,0.108154,1.067383
1319454606,0.030518,0.096436,1.041504
1319459606,0.046875,0.107178,1.041504
1319464606,0.01416,0.129883,1.053711
1319469606,0.025146,0.109375,1.058838
1319474606,0.035889,0.102295,1.045898
1319479606,0.047363,0.101074,1.033447
1319484606,0.030029,0.105713,1.052734
1319489606,0.024658,0.106445,1.057617
1319494606,0.037109,0.107666,1.048096
1319499606,0.039307,0.101807,1.046143
1319504606,0.02832,0.098877,1.054443
1319509606,0.029297,0.103027,1.026123
1319514606,0.031982,0.117188,1.051758
1319519606,0.036865,0.098633,1.040527
1319524606,0.026367,0.109863,1.062988
1319529606,0.03418,0.110352,1.043213
1319534606,0.033691,0.109619,1.047852
1319539606,0.036377,0.104004,1.041504
1319544606,0.031738,0.111084,1.058838
1319549606,0.033203,0.10376,1.042236
1319554606,0.033447,0.10498,1.04834
1319559606,0.028809,0.10498,1.052002
1319564606,0.035889,0.105713,1.04541
1319569606,0.03418,0.113037,1.042725
1319574606,0.033936,0.103027,1.055908
1319579606,0.036621,0.106689,1.060547
1319584606,0.031494,0.106934,1.047363
1319589606,0.035156,0.10376,1.043457
1319594606,0.047363,0.104736,1.040283
1319599606,0.037598,0.098877,1.044678
1319604606,0.024902,0.099854,1.041504
1319609606,0.037598,0.11377,1.044678
1319614606,0.035156,0.101563,1.105469
1319619606,-0.029053,0.080078,1.028076
1319624606,0.028564,0.111816,1.108887
1319629606,0.041016,0.109619,1.047119
1319634606,0.064941,0.135742,1.06665
1319639606,0.029785,0.064941,1.054688
1319644606,0.042969,0.226318,1.176025
1319649606,0.048828,0.186035,0.966064
1319654606,0.099609,0.177246,1.013916
1319659606,0.125977,0.05957,1.027588
1319664606,0.031494,0.141357,1.006592
1319669606,-0.01001,0.18042,1.073242
1319674606,-0.01709,0.154785,1.067383
1319679606,0.010742,0.143555,1.045898
1319684606,0.027588,0.068115,0.941895
1319689606,0.016113,0.19751,1.109131
1319694606,-0.049072,-0.014648,1.107666
1319699606,-0.004883,0.072266,1.04126
1319704606,0.081787,0.071533,1.018311
1319709606,0.064209,0.024902,1.012207
1319714606,0.05835,0.072754,1.030273
1319719606,0.075439,0.111572,1.062012
1319724606,0.060791,0.15625,1.055908
1319729606,0.044922,0.110596,1.05835
1319734606,0.051514,0.119873,1.052246
1319739606,0.056641,0.105957,1.052002
1319744606,0.051758,0.115723,1.023438
1319749606,0.050049,0.11084,1.067139
1319754606,0.055908,0.099365,1.032227
1319759606,0.051514,0.099365,1.028809
1319764606,0.044678,0.111572,1.05249
1319769606,0.04248,0.12085,1.056396
1319774606,0.064697,0.110596,1.088135
1319779606,0.055664,0.113037,1.056396
1319784606,0.046387,0.118652,1.042725
1319789606,0.060547,0.102539,1.05835
1319794606,0.057861,0.113037,1.040039
1319799606,0.054443,0.100586,1.025391
1319804606,0.051758,0.12085,1.041016
1319809606,0.048584,0.118408,1.050781
1319814606,0.044922,0.116943,1.044922
1319819606,0.046631,0.123779,1.038818
1319824606,0.050537,0.114014,1.05835
1319829606,0.052002,0.113037,1.04834
1319834606,0.078369,0.087891,1.003174
1319839606,0.001953,0.126465,1.069336
1319844606,0.086914,0.077881,1.034912
1319849606,0.041748,0.122314,1.058838
1319854606,0.06958,0.091064,1.046143
1319859606,0.031738,0.144531,1.085938
1319864606,0.04834,0.114502,1.047119
1319869606,0.05249,0.106445,1.039307
1319874606,0.060791,0.103027,1.029297
1319879606,0.052979,0.117432,1.053223
1319884606,0.046631,0.109131,1.043213
1319889606,0.054932,0.111084,1.04541
1319894606,0.050293,0.117188,1.050781
1319899606,0.053711,0.113037,1.047363
1319904606,0.047363,0.116943,1.046143
1319909606,0.057617,0.113281,1.046631
1319914606,0.051514,0.113037,1.047363
1319919606,0.055664,0.112549,1.047119
1319924606,0.055664,0.105713,1.041748
1319929606,0.044922,0.108154,1.041748
1319934606,0.054199,0.112061,1.046631
1319939606,0.054199,0.114746,1.044678
1319944606,0.045654,0.109863,1.053467
1319949606,0.038086,0.114746,1.050293
1319954606,0.053467,0.12207,1.050293
1319959606,0.049561,0.108887,1.042969
1319964606,0.05127,0.109375,1.046143
1319969606,0.049805,0.110596,1.043457
1319974606,0.051025,0.110352,1.044434
1319979606,0.054199,0.109619,1.043213
1319984606,0.051025,0.116455,1.055176
1319989606,0.050537,0.116699,1.050781
1319994606,0.048828,0.113037,1.047607
1319999606,0.053223,0.109619,1.052002
1320004606,0.053223,0.113037,1.040039
1320009606,0.051758,0.107178,1.049316
1320014606,0.05542,0.114014,1.051758
1320019606,0.049316,0.112549,1.044189
1320024606,0.051025,0.115967,1.042236
1320029606,0.050049,0.114258,1.039063
1320034606,0.056396,0.103027,1.032715
1320039606,0.046875,0.130615,1.063721
1320044606,0.048828,0.104736,1.049805
1320049606,0.056641,0.106934,1.045898
1320054606,0.048096,0.122314,1.04126
1320059606,0.052734,0.11377,1.05542
1320064606,0.05127,0.106934,1.045898
1320069606,0.052246,0.119141,1.038086
1320074606,0.051758,0.117432,1.050049
1320079606,0.054443,0.116455,1.043457
1320084606,0.046631,0.112549,1.04834
1320089606,0.048096,0.116943,1.045166
1320094606,0.046387,0.115234,1.043701
1320099606,0.047363,0.111328,1.044189
1320104606,0.054443,0.111572,1.053955
1320109606,0.056396,0.118652,1.043701
1320114606,0.040527,0.112305,1.031006
1320119606,0.060059,0.110352,1.049072
1320124606,0.046143,0.120605,1.086426
1320129606,0.050781,0.092529,1.030273
1320134606,0.047852,0.126465,1.052002
1320139606,0.022949,0.119385,1.024414
1320144606,0.069336,0.101807,1.036133
1320149606,0.045654,0.12085,1.060791
1320154606,0.049561,0.110107,1.033936
1320159606,0.05542,0.135498,1.056396
1320164606,0.054443,0.095947,1.048096
1320169606,0.052979,0.119141,1.044189
1320174606,0.046631,0.116699,1.0354
1320179606,0.05127,0.120605,1.049805
1320184606,0.05249,0.11792,1.045654
1320189606,0.05249,0.114258,1.051025
1320194606,0.050781,0.106689,1.045654
1320199606,0.048096,0.112793,1.039795
1320204606,0.052246,0.107666,1.039795
1320209606,0.049072,0.11377,1.050537
1320214606,0.051758,0.109375,1.049072
1320219606,0.053467,0.114746,1.056152
1320224606,0.046631,0.121338,1.044922
1320229606,0.047363,0.116699,1.041992
1320234606,0.049805,0.113037,1.043213
1320239606,0.056396,0.112793,1.043213
1320244606,0.051758,0.118896,1.048584
1320249606,0.052002,0.118652,1.051025
1320254606,0.053955,0.110596,1.037109
1320259606,0.057373,0.105225,1.040771
1320264606,0.052979,0.112549,1.046143
1320269606,0.05249,0.109619,1.035645
1320274606,0.050049,0.109131,1.051514
1320279606,0.054932,0.110352,1.050293
1320284606,0.047852,0.114258,1.052002
1320289606,0.050781,0.116699,1.053467
1320294606,0.039795,0.116455,1.034424
1320299606,0.053711,0.121338,1.049805
1320304606,0.048584,0.114502,1.051025
1320309606,0.047363,0.113525,1.049316
1320314606,0.048584,0.121338,1.041992
1320319606,0.054687,0.114014,1.044434
1320324606,0.054199,0.116943,1.053223
1320329606,0.054443,0.11377,1.045898
1320334606,0.05127,0.113281,1.046875
1320339606,0.045898,0.11377,1.046387
1320344606,0.050781,0.111816,1.044189
1320349606,0.051514,0.115723,1.041504
1320354606,0.045898,0.120361,1.050537
1320359606,0.043945,0.121094,1.054688
1320364606,0.044922,0.116455,1.04248
1320369606,0.041748,0.113525,1.047119
1320374606,0.050781,0.119873,1.036377
1320379606,0.049805,0.124023,1.061523
1320384606,0.056152,0.110596,1.04248
1320389606,0.046875,0.116211,1.046387
1320394606,0.05542,0.115723,1.048584
1320399606,0.05127,0.110107,1.042725
1320404606,0.053467,0.112061,1.043945
1320409606,0.053223,0.114502,1.040771
1320414606,0.051758,0.11377,1.045654
1320419606,0.049561,0.114258,1.050049
1320424606,0.053955,0.114502,1.043945
1320429606,0.051514,0.118408,1.043701
1320434606,0.054443,0.108887,1.039551
1320439606,0.045654,0.106689,1.047363
1320444606,0.05249,0.115723,1.046143
1320449606,0.047852,0.111572,1.044678
1320454606,0.050049,0.11377,1.049316
1320459606,0.053223,0.114014,1.047363
1320464606,0.053711,0.115234,1.051025
1320469606,0.053467,0.121094,1.044189
1320474606,0.062988,0.114746,1.051758
1320479606,0.050781,0.122559,1.055176
1320484606,0.049561,0.121094,1.039063
1320489606,0.053955,0.118408,1.052002
1320494606,0.049072,0.114502,1.047363
1320499606,0.053467,0.121094,1.047119
1320504606,0.050781,0.113037,1.046387
1320509606,0.049805,0.11377,1.051514
1320514606,0.052002,0.109863,1.051514
1320519606,0.046875,0.11499,1.040039
1320524606,0.05249,0.112549,1.047363
1320529606,0.049316,0.114014,1.056152
1320534606,0.051758,0.113525,1.042725
1320539606,0.050293,0.118408,1.04126
1320544606,0.053223,0.11084,1.04126
1320549606,0.05249,0.111328,1.044189
1320554606,0.050537,0.115967,1.046875
1320559606,0.050537,0.116211,1.048096
1320564606,0.046143,0.114502,1.045166
1320569606,0.053467,0.109131,1.040283
1320574606,0.052002,0.111328,1.052002
1320579606,0.046387,0.114502,1.040527
1320584606,0.049072,0.112793,1.067627
1320589606,0.048096,0.133301,1.032959
1320594606,0.055908,0.111572,1.060547
1320599606,0.043945,0.131836,1.067139
1320604606,0.05249,0.110107,1.041504
1320609606,0.037598,0.117676,1.039795
1320614606,0.043945,0.11084,1.046143
1320619606,0.05249,0.083008,1.017578
1320624606,0.06665,0.107422,1.035645
1320629606,0.051514,0.104736,1.0354
1320634606,0.04834,0.119385,1.05835
1320639606,0.056152,0.111328,1.03418
1320644606,0.059814,0.103027,1.034424
1320649606,0.052246,0.111816,1.050049
1320654606,0.051758,0.120117,1.049316
1320659606,0.04834,0.11792,1.058838
1320664606,0.050537,0.125,1.055664
1320669606,0.047363,0.125732,1.053955
1320674606,0.05127,0.11792,1.048096
1320679606,0.053223,0.110107,1.043457
1320684606,0.054932,0.105713,1.039307
1320689606,0.052979,0.108643,1.039795
1320694606,0.048584,0.11377,1.052002
1320699606,0.048584,0.111084,1.043457
1320704606,0.05542,0.11499,1.049072
1320709606,0.052002,0.112549,1.050293
1320714606,0.056396,0.112793,1.043457
1320719606,0.05542,0.11377,1.046875
1320724606,0.050293,0.116699,1.050537
1320729606,0.052979,0.118896,1.052002
1320734606,0.050781,0.11377,1.043945
1320739606,0.055664,0.108154,1.047852
1320744606,0.055664,0.110596,1.039063
1320749606,0.050781,0.108643,1.050049
1320754606,0.051758,0.10791,1.052002
1320759606,0.053955,0.115967,1.041748
1320764606,0.050781,0.114502,1.046387
1320769606,0.050781,0.115479,1.049561
1320774606,0.050293,0.112305,1.047852
1320779606,0.056152,0.109863,1.047852
1320784606,0.052002,0.111328,1.051758
1320789606,0.055908,0.114502,1.049561
1320794606,0.053467,0.11084,1.046875
1320799606,0.054199,0.110107,1.047607
1320804606,0.054443,0.111572,1.046875
1320809606,0.052734,0.116455,1.044434
1320814606,0.05249,0.114746,1.046387
1320819606,0.049805,0.116211,1.042969
1320824606,0.04834,0.118164,1.057617
1320829606,0.053223,0.114746,1.050049
1320834606,0.053223,0.11499,1.041016
1320839606,0.051025,0.11377,1.043701
1320844606,0.056152,0.114502,1.053955
1320849606,0.053711,0.108643,1.04541
1320854606,0.056641,0.11499,1.045654
1320859606,0.047852,0.111816,1.041748
1320864606,0.05249,0.11084,1.042236
1320869606,0.051025,0.112793,1.050537
1320874606,0.052979,0.11084,1.044434
1320879606,0.048096,0.118896,1.04541
1320884606,0.049316,0.115234,1.05249
1320889606,0.052246,0.115234,1.046143
1320894606,0.053711,0.115234,1.048828
1320899606,0.05542,0.109619,1.05127
1320904606,0.053711,0.111816,1.041016
1320909606,0.054199,0.110596,1.048584
1320914606,0.057129,0.109863,1.047852
1320919606,0.048584,0.113281,1.046875
1320924606,0.050537,0.109619,1.050781
1320929606,0.051514,0.110596,1.043457
1320934606,0.057373,0.11084,1.046143
1320939606,0.05249,0.115967,1.054932
1320944606,0.051758,0.114746,1.047852
1320949606,0.047607,0.11084,1.046143
1320954606,0.050781,0.111328,1.048828
1320959606,0.053955,0.115723,1.044678
1320964606,0.053955,0.114502,1.047119
1320969606,0.053711,0.109619,1.050293
1320974606,0.052734,0.114746,1.050537
1320979606,0.051758,0.114258,1.047363
1320984606,0.048584,0.111816,1.043457
1320989606,0.050781,0.114746,1.042725
1320994606,0.053711,0.115479,1.046875
1320999606,0.054687,0.114014,1.043457
1321004606,0.052246,0.108887,1.042236
1321009606,0.055664,0.110596,1.051758
1321014606,0.051514,0.111328,1.050537
1321019606,0.052246,0.114014,1.033936
1321024606,0.052734,0.110352,1.051025
1321029606,0.051025,0.112061,1.048584
1321034606,0.053467,0.112793,1.045654
1321039606,0.05249,0.115234,1.048828
1321044606,0.052002,0.115967,1.049805
1321049606,0.051025,0.113037,1.043945
1321054606,0.050293,0.114502,1.044678
1321059606,0.052979,0.111084,1.041504
1321064606,0.04834,0.110596,1.042725
1321069606,0.052734,0.113037,1.042725
1321074606,0.054443,0.109619,1.043213
1321079606,0.050537,0.114258,1.046387
1321084606,0.052734,0.114258,1.051758
1321089606,0.052002,0.11499,1.048096
1321094606,0.055664,0.11499,1.049561
1321099606,0.05127,0.114258,1.046875
1321104606,0.051025,0.113281,1.041504
1321109606,0.052002,0.113281,1.046143
1321114606,0.054443,0.112549,1.040039
1321119606,0.050781,0.113525,1.039551
1321124606,0.052246,0.112549,1.043945
1321129606,0.056152,0.113281,1.045898
1321134606,0.050293,0.11499,1.050537
1321139606,0.054687,0.109863,1.050049
1321144606,0.050781,0.114746,1.048096
1321149606,0.050537,0.116943,1.045898
1321154606,0.050537,0.113281,1.04834
1321159606,0.052002,0.108643,1.047119
1321164606,0.053955,0.10791,1.044189
1321169606,0.05542,0.109375,1.044189
1321174606,0.050781,0.107666,1.050537
1321179606,0.054199,0.112549,1.042969
1321184606,0.053955,0.10791,1.050293
1321189606,0.044189,0.115723,1.050293
1321194606,0.052246,0.115479,1.040283
1321199606,0.050781,0.115723,1.044922
1321204606,0.053711,0.112549,1.049316
1321209606,0.053955,0.112793,1.05249
1321214606,0.049072,0.111084,1.049316
1321219606,0.05127,0.112549,1.043213
1321224606,0.05249,0.11377,1.046875
1321229606,0.049561,0.110596,1.042969
1321234606,0.05249,0.110107,1.052246
1321239606,0.054932,0.11084,1.041504
1321244606,0.052734,0.111084,1.044922
1321249606,0.053467,0.11377,1.040283
1321254606,0.05127,0.114746,1.045166
1321259606,0.052734,0.118164,1.045166
1321264606,0.049561,0.112793,1.05127
1321269606,0.050781,0.110107,1.046875
1321274606,0.058838,0.114014,1.045654
1321279606,0.052734,0.113525,1.049561
1321284606,0.052979,0.112793,1.043457
1321289606,0.052979,0.111816,1.043701
1321294606,0.051514,0.109619,1.043213
1321299606,0.051025,0.11377,1.053467
1321304606,0.053467,0.111572,1.043457
1321309606,0.054443,0.112793,1.048584
1321314606,0.052979,0.114746,1.046387
1321319606,0.051758,0.112549,1.043945
1321324606,0.052002,0.114014,1.048828
1321329606,0.053467,0.115723,1.047607
1321334606,0.055908,0.116211,1.041748
1321339606,0.053955,0.114746,1.05127
1321344606,0.053955,0.112549,1.045898
1321349606,0.052002,0.11499,1.047852
1321354606,0.051758,0.114258,1.048096
1321359606,0.050781,0.112793,1.046875
1321364606,0.049805,0.11377,1.050293
1321369606,0.050293,0.11084,1.040283
1321374606,0.049805,0.111816,1.046631
1321379606,0.051514,0.114746,1.040283
1321384606,0.050049,0.11499,1.045166
1321389606,0.048584,0.110596,1.047363
1321394606,0.052246,0.110596,1.039063
1321399606,0.054932,0.109375,1.043945
1321404606,0.054443,0.110596,1.046875
1321409606,0.048828,0.111816,1.049072
1321414606,0.053711,0.114258,1.054199
1321419606,0.047363,0.111572,1.043213
1321424606,0.050537,0.118164,1.047607
1321429606,0.050781,0.116699,1.045898
1321434606,0.053955,0.111816,1.042725
1321439606,0.052246,0.112793,1.050049
1321444606,0.049072,0.111084,1.048828
1321449606,0.046631,0.112549,1.046387
1321454606,0.051514,0.11084,1.044434
1321459606,0.049805,0.112305,1.04541
1321464606,0.050049,0.110596,1.044189
1321469606,0.053467,0.113281,1.049316
1321474606,0.050781,0.115479,1.036621
1321479606,0.054443,0.114502,1.043701
1321484606,0.048828,0.107422,1.047119
1321489606,0.054443,0.115234,1.042236
1321494606,0.053955,0.114258,1.043213
1321499606,0.053223,0.112549,1.044922
1321504606,0.057373,0.111084,1.047852
1321509606,0.051758,0.116455,1.051758
1321514606,0.053711,0.11499,1.049316
1321519606,0.048828,0.111328,1.047607
1321524606,0.050049,0.114258,1.049316
1321529606,0.049561,0.112061,1.042969
1321534606,0.048828,0.111816,1.041504
1321539606,0.04834,0.110596,1.04248
1321544606,0.055908,0.115234,1.045166
1321549606,0.051758,0.111084,1.04834
1321554606,0.051025,0.114014,1.050293
1321559606,0.050781,0.117432,1.049072
1321564606,0.051514,0.11499,1.047363
1321569606,0.049072,0.114258,1.049072
1321574606,0.054199,0.115479,1.048828
1321579606,2.944824,0.98291,3.999878
1321584606,-1.774658,0.4375,-3.832764
1321589606,0.893311,-1.140625,-4.0
1321594606,-1.580078,0.876221,-4.0
1321599606,-0.159668,2.712158,-4.0
1321604606,-1.202881,2.147705,-4.0
1321609606,-4.0,1.414063,-4.0
1321614606,-3.286865,0.80835,-4.0
1321619606,-0.218994,2.449463,1.131592
1321624606,-1.958984,1.644043,-4.0
1321629606,-1.259033,0.433838,-4.0
1321634606,-0.841797,1.551025,-0.719482
1321639606,-0.106201,1.850098,0.542236
1321644606,-0.011963,0.736816,0.574463
1321649606,-0.736816,0.194824,1.013916
1321654606,-0.625244,0.287109,0.503662
1321659606,-0.045166,1.947998,1.111816
1321664606,-0.043701,0.502686,1.060547
1321669606,-0.842529,0.9104,0.981689
1321674606,0.054199,1.664307,0.965332
1321679606,0.00293,1.404297,1.13501
1321684606,0.009766,0.175049,1.046631
1321689606,0.06665,1.39502,0.884521
1321694606,-0.155518,2.369873,0.343018
1321699606,0.050537,0.2854,0.724121
1321704606,-0.097656,0.088623,1.266357
1321709606,0.095947,0.3396,1.098877
1321714606,0.063477,0.030518,0.93457
1321719606,0.021729,0.003662,1.052246
1321724606,0.075195,0.155518,1.071777
1321729606,0.036133,0.114502,1.059814
1321734606,0.026855,0.129395,1.07959
1321739606,0.092529,0.099854,1.003662
1321744606,0.047607,0.072266,1.009277
1321749606,0.058594,0.068848,1.029785
1321754606,0.053223,0.099854,1.104248
1321759606,0.029541,0.221436,1.150635
1321764606,0.030273,0.109619,1.033203
1321769606,0.031982,0.16626,1.081055
1321774606,0.001953,0.116943,0.892578
1321779606,0.084473,0.04834,1.149414
1321784606,-1.123535,2.408447,0.221436
1321789606,-0.568848,1.622314,1.174805
1321794606,0.010742,2.352051,1.000732
1321799606,0.020264,2.051514,1.069824
1321804606,0.064697,0.170654,0.974365
1321809606,0.061035,0.211914,1.005127
1321814606,0.079834,0.095459,1.092041
1321819606,0.055176,0.127686,1.097412
1321824606,0.055664,0.113525,1.041016
1321829606,0.045898,0.090088,1.062988
1321834606,0.06958,0.120361,1.010986
1321839606,0.061035,0.115967,1.080566
1321844606,0.125732,0.093018,1.197998
1321849606,-0.005859,0.108398,1.017822
1321854606,0.026123,0.141113,0.999756
1321859606,0.007568,0.101074,0.867187
1321864606,0.09668,0.320801,1.078857
1321869606,-0.701172,0.734619,1.216797
1321874606,-1.315674,1.062012,-0.106934
1321879606,-1.227295,2.047852,1.091309
1321884606,-0.035156,0.103027,1.317627
1321889606,0.053711,0.126221,1.072266
1321894606,0.073486,0.067627,1.078857
1321899606,0.066895,0.076904,1.069824
1321904606,0.065186,0.120361,1.087646
1321909606,0.049805,0.101563,1.07373
1321914606,0.026611,0.144775,0.983643
1321919606,0.047119,0.152344,0.911621
1321924606,0.069824,0.050293,1.047363
1321929606,0.075928,0.084717,1.099365
1321934606,0.040283,0.136963,1.009521
1321939606,-0.413574,2.086182,1.30249
1321944606,-0.918701,2.193115,0.314941
1321949606,-0.124023,0.67334,0.798584
1321954606,-0.067627,0.63623,1.247803
1321959606,0.029785,0.290771,1.112061
1321964606,0.067871,0.126953,0.937256
1321969606,0.0354,0.060547,1.033447
1321974606,0.096191,0.098145,1.024658
1321979606,0.023193,0.099121,1.080811
1321984606,0.042725,0.161621,1.064941
1321989606,0.062988,0.105957,1.031494
1321994606,0.0354,0.0625,0.999268
1321999606,0.081543,0.23291,1.073975
1322004606,-0.214355,2.364258,1.045166
1322009606,-0.422119,1.628662,1.19873
1322014606,-0.236572,2.125488,0.814941
1322019606,0.010742,0.084229,1.193115
1322024606,0.039795,0.222168,1.126465
1322029606,0.112549,0.045898,1.035645
1322034606,0.047119,0.092529,1.084961
1322039606,0.080811,0.120117,1.019287
1322044606,0.019531,0.106934,1.005371
1322049606,0.047852,0.144287,1.095947
1322054606,0.041504,0.164307,1.093994
1322059606,0.121094,1.063232,1.054932
1322064606,0.12207,0.120605,1.252441
1322069606,0.015625,1.48999,1.03125
1322074606,0.099609,1.581543,1.560303
1322079606,-0.149658,0.838135,1.163574
1322084606,0.029785,1.788086,1.049072
1322089606,0.034912,1.912598,1.085693
1322094606,0.054932,0.173584,1.052734
1322099606,0.034424,0.13916,0.925537
1322104606,0.0979,0.059326,1.111084
1322109606,0.05249,0.124512,1.097656
1322114606,0.055664,0.103271,1.100098
1322119606,0.099609,0.362793,1.052979
1322124606,0.141113,1.668457,1.235596
1322129606,0.035889,1.287109,1.14624
1322134606,-0.830811,0.690674,1.048584
1322139606,-0.79541,0.172852,1.218506
1322144606,0.058838,0.157227,0.968506
1322149606,-0.06543,0.210205,0.740967
1322154606,0.056152,1.147461,0.931396
1322159606,0.084229,0.115479,1.094727
1322164606,0.105469,0.094238,1.154297
1322169606,0.059326,0.112305,1.126953
1322174606,-0.231201,0.731934,1.055176
1322179606,-0.616943,1.981445,1.016357
1322184606,-0.110352,2.700928,1.114014
1322189606,0.056641,2.090088,1.074707
1322194606,0.084229,0.834961,1.148682
1322199606,0.021729,0.141846,0.965576
1322204606,0.072754,0.06665,0.968262
1322209606,0.063965,0.085205,1.088379
1322214606,0.085205,0.164307,1.093506
1322219606,-0.053955,2.49292,0.942627
1322224606,0.017334,2.205811,0.949463
1322229606,0.023926,0.811768,0.974854
1322234606,-0.014648,0.18335,1.01416
1322239606,0.069824,0.129395,1.153809
1322244606,0.046631,0.143066,1.106934
1322249606,0.029541,1.614746,1.054932
1322254606,0.086426,2.376221,1.146484
1322259606,0.067627,0.743652,0.989014
1322264606,-0.13623,0.141357,0.881592
1322269606,-0.10083,1.360107,1.146729
1322274606,0.061035,0.900146,1.075684
1322279606,-0.229736,2.119873,0.84375
1322284606,0.077881,0.985596,1.055176
1322289606,0.029541,1.864258,1.041504
1322294606,0.087158,0.214111,1.03125
1322299606,0.099854,2.171143,1.119385
1322304606,-0.096924,1.223145,1.147949
1322309606,0.031738,1.779785,1.165771
1322314606,0.040771,2.21167,0.972168
1322319606,0.099121,0.087891,1.162354
1322324606,0.118164,0.512207,1.069824
1322329606,0.033447,0.409912,1.046631
1322334606,0.015869,0.551025,0.942871
1322339606,0.037598,0.203613,1.048096
1322344606,0.09082,1.518555,1.079102
1322349606,0.140137,0.376709,1.34668
1322354606,0.115479,1.306885,1.143311
1322359606,-0.140625,1.268555,1.024414
1322364606,-0.00708,0.86792,1.019775
1322369606,0.060791,1.86084,1.023926
1322374606,0.036621,0.149902,1.140869
1322379606,0.079346,0.097656,1.118408
1322384606,0.032227,0.125,1.016602
1322389606,0.025146,0.126953,0.995117
1322394606,0.034668,0.109131,0.982178
1322399606,0.046631,0.098633,0.981689
1322404606,0.056396,0.119141,1.081787
1322409606,0.063232,0.123535,1.10498
1322414606,0.049316,0.113525,1.081299
1322419606,0.049072,0.121826,1.067383
1322424606,0.03833,0.124268,1.030273
1322429606,0.036621,0.119141,0.997803
1322434606,0.043701,0.119629,1.034668
1322439606,0.046143,0.121094,1.045166
1322444606,0.050537,0.110107,1.052734
1322449606,0.061768,0.109131,1.085938
1322454606,0.044678,0.118896,1.055176
1322459606,0.050537,0.113525,1.045898
1322464606,0.04834,0.116455,1.049316
1322469606,0.046143,0.120605,1.041016
1322474606,0.052246,0.154297,1.070068
1322479606,0.051025,0.119629,1.064697
1322484606,0.047119,0.116211,1.045166
1322489606,0.05835,0.102295,1.037109
1322494606,0.051025,0.110352,1.047852
1322499606,0.045166,0.116211,1.042969
1322504606,0.046875,0.117432,1.058105
1322509606,0.05249,0.111084,1.04834
1322514606,0.043701,0.109375,1.023438
1322519606,0.031494,0.12915,1.028564
1322524606,0.050537,0.114746,1.047363
1322529606,0.044189,0.118164,1.046387
1322534606,0.052246,0.106934,1.040527
1322539606,0.051758,0.109619,1.042236
1322544606,0.049561,0.11084,1.041992
1322549606,0.05127,0.112305,1.047363
1322554606,0.048828,0.114258,1.051514
1322559606,0.046387,0.119629,1.057373
1322564606,0.046387,0.121826,1.056396
1322569606,0.046631,0.119385,1.049561
1322574606,0.050293,0.118896,1.05542
1322579606,0.054687,0.111328,1.033203
1322584606,0.03418,0.125732,1.040283
1322589606,0.043701,0.10498,1.040527
1322594606,0.056396,0.096924,1.045654
1322599606,0.045654,0.11792,1.040039
1322604606,0.044434,0.12207,1.054932
1322609606,0.044678,0.122803,1.049316
1322614606,0.046875,0.111084,1.036377
1322619606,0.054687,0.111816,1.04834
1322624606,0.049072,0.113281,1.05249
1322629606,0.049072,0.115723,1.043457
1322634606,0.049561,0.112061,1.047852
1322639606,0.048096,0.115479,1.049561
1322644606,0.051514,0.112061,1.049561
1322649606,0.044678,0.115479,1.038818
1322654606,0.048828,0.119873,1.049072
1322659606,0.050049,0.118896,1.047607
1322664606,0.053955,0.111572,1.043945
1322669606,0.050293,0.10791,1.04834
1322674606,0.04834,0.110107,1.040527
1322679606,0.047363,0.118408,1.054688
1322684606,0.052734,0.112793,1.037354
1322689606,0.048828,0.116211,1.044922
1322694606,0.048096,0.113281,1.036865
1322699606,0.045654,0.11377,1.046875
1322704606,0.04541,0.116211,1.044922
1322709606,0.052002,0.111816,1.047363
1322714606,0.041992,0.114746,1.043457
1322719606,0.047607,0.11377,1.054688
1322724606,0.045654,0.115967,1.040771
1322729606,0.047119,0.123535,1.050049
1322734606,0.048828,0.116455,1.050049
1322739606,0.048584,0.115479,1.053955
1322744606,0.044189,0.120361,1.044434
1322749606,0.042969,0.112549,1.048828
1322754606,0.05127,0.112793,1.047852
1322759606,0.050537,0.108887,1.04248
1322764606,0.045898,0.11377,1.053955
1322769606,0.04248,0.111572,1.044189
1322774606,0.05249,0.111328,1.044678
1322779606,0.047852,0.107178,1.048096
1322784606,0.046143,0.110107,1.041748
1322789606,0.047363,0.11499,1.042969
1322794606,0.04541,0.108398,1.044922
1322799606,0.050049,0.116943,1.044922
1322804606,0.046387,0.112061,1.042969
1322809606,0.047363,0.11377,1.043945
1322814606,0.041992,0.110596,1.042969
1322819606,0.046143,0.116211,1.052979
1322824606,0.041748,0.115967,1.050049
1322829606,0.041504,0.116455,1.054443
1322834606,0.051514,0.120117,1.044189
1322839606,0.018799,0.155029,1.072754
1322844606,0.072266,0.099609,1.034668
1322849606,0.046387,0.106689,1.061523
1322854606,0.050293,0.127197,1.041016
1322859606,0.041016,0.109863,1.05542
1322864606,0.047852,0.113525,1.046387
1322869606,0.043457,0.117432,1.046143
1322874606,0.046143,0.11377,1.048096
1322879606,0.049805,0.107422,1.051514
1322884606,0.043945,0.113525,1.04541
1322889606,0.04126,0.110596,1.052002
1322894606,0.044434,0.112793,1.046631
1322899606,0.04248,0.113525,1.041992
1322904606,0.046387,0.120605,1.050049
1322909606,0.044434,0.114502,1.049316
1322914606,0.046631,0.116699,1.041504
1322919606,0.052979,0.120605,1.044434
1322924606,0.049561,0.112793,1.040527
1322929606,0.052002,0.115234,1.038086
1322934606,0.050537,0.115967,1.053467
1322939606,0.048096,0.114502,1.039795
1322944606,0.049072,0.109375,1.043457
1322949606,0.048828,0.114014,1.05249
1322954606,0.045166,0.111572,1.051758
1322959606,0.041992,0.113037,1.047852
1322964606,0.039551,0.114502,1.052246
1322969606,0.042725,0.118896,1.046631
1322974606,0.045166,0.125488,1.05542
1322979606,0.04834,0.114258,1.048828
1322984606,0.04248,0.114502,1.05127
1322989606,0.053711,0.115723,1.052246
1322994606,0.045166,0.115479,1.044922
1322999606,0.044434,0.11499,1.043945
1323004606,0.048096,0.106201,1.035889
1323009606,0.055176,0.116699,1.049561
1323014606,0.043945,0.09668,1.046143
1323019606,0.045898,0.126221,1.050537
1323024606,0.038086,0.127441,1.047852
1323029606,0.049561,0.11084,1.047119
1323034606,0.050781,0.111816,1.049805
1323039606,0.043213,0.114502,1.045654
1323044606,0.041992,0.122559,1.051758
1323049606,0.047852,0.112793,1.048584
1323054606,0.052002,0.108887,1.050293
1323059606,0.042969,0.131592,1.046631
1323064606,0.043457,0.120361,1.043701
1323069606,0.054443,0.108154,1.043701
1323074606,0.045898,0.114746,1.044189
1323079606,0.040527,0.115234,1.045166
1323084606,0.047607,0.11084,1.04834
1323089606,0.050293,0.109375,1.041016
1323094606,0.05249,0.117188,1.045166
1323099606,0.045166,0.112793,1.048828
1323104606,0.05127,0.119385,1.042969
1323109606,0.053467,0.120117,1.051758
1323114606,0.049072,0.114014,1.051514
1323119606,0.049561,0.119629,1.054688
1323124606,0.042725,0.114502,1.04541
1323129606,0.048584,0.116943,1.046143
1323134606,0.046143,0.113281,1.050049
1323139606,0.043701,0.11377,1.047852
1323144606,0.039307,0.120605,1.04541
1323149606,0.054932,0.119873,1.074951
1323154606,0.060547,0.114746,1.074707
1323159606,0.029785,0.111328,1.0354
1323164606,0.05542,0.104248,1.02417
1323169606,0.040771,0.11499,1.005127
1323174606,0.051758,0.11377,1.068848
1323179606,0.044922,0.117188,1.063965
1323184606,-0.143066,0.012207,-0.268066
1323189606,0.231201,1.880859,1.490967
1323194606,-0.349365,0.372803,0.617432
1323199606,0.001221,1.800537,0.963379
1323204606,-0.989746,-0.279297,1.061768
1323209606,-0.16333,2.384766,1.137451
1323214606,-0.755859,0.869629,1.021484
1323219606,0.024414,0.142334,1.262451
1323224606,0.114746,0.106689,1.032715
1323229606,-0.011719,0.158936,1.126221
1323234606,0.044678,0.103027,1.015137
1323239606,0.050781,0.137451,1.097656
1323244606,0.064941,0.094971,1.030762
1323249606,0.038574,0.114014,1.078125
1323254606,0.032715,0.118896,1.034912
1323259606,0.04834,0.120117,1.036377
1323264606,0.061523,0.118408,1.05249
1323269606,0.03418,0.119629,1.050537
1323274606,0.036133,0.120117,1.053955
1323279606,0.056396,0.112305,1.054199
1323284606,0.046143,0.118652,1.043945
1323289606,0.039551,0.115967,1.043457
1323294606,0.046631,0.114014,1.054199
1323299606,0.052979,0.111816,1.045898
1323304606,0.05835,0.10376,1.054688
1323309606,0.049561,0.122559,1.045898
1323314606,0.033203,0.123047,1.044189
1323319606,0.052002,0.11499,1.040283
1323324606,0.045654,0.119385,1.050049
1323329606,0.047607,0.126465,1.049072
1323334606,0.056641,0.135742,1.052734
1323339606,0.043457,0.10376,1.036133
1323344606,0.044922,0.097168,1.032715
1323349606,0.045898,0.105957,1.031006
1323354606,0.047363,0.111084,1.05249
1323359606,0.041504,0.126465,1.054932
1323364606,0.040283,0.127197,1.053955
1323369606,0.050537,0.108887,1.04248
1323374606,0.044678,0.12207,1.047363
1323379606,0.049316,0.10498,1.041504
1323384606,0.045898,0.116455,1.048828
1323389606,0.048096,0.117188,1.05127
1323394606,0.046143,0.121826,1.049561
1323399606,0.048096,0.119629,1.044678
1323404606,0.049316,0.112305,1.047363
1323409606,0.052002,0.114014,1.045166
1323414606,0.050293,0.123291,1.051758
1323419606,0.049072,0.118896,1.054443
1323424606,0.048828,0.117676,1.05249
1323429606,0.050293,0.112305,1.04248
1323434606,0.048096,0.115723,1.040771
1323439606,0.052002,0.109619,1.044189
1323444606,0.046143,0.110107,1.047363
1323449606,0.043457,0.119141,1.048828
1323454606,0.04541,0.114014,1.044922
1323459606,0.04834,0.116211,1.051514
1323464606,0.04541,0.112793,1.048828
1323469606,0.053467,0.115967,1.054932
1323474606,0.050537,0.117676,1.050049
1323479606,0.048584,0.113525,1.041016
1323484606,0.04834,0.116211,1.043701
1323489606,0.051025,0.113281,1.045166
1323494606,0.046631,0.11084,1.044922
1323499606,0.04834,0.118408,1.050293
1323504606,0.047607,0.115967,1.047363
1323509606,0.049805,0.112305,1.049805
1323514606,0.048096,0.11084,1.046875
1323519606,0.04834,0.114502,1.046631
1323524606,0.050537,0.109863,1.045654
1323529606,0.043945,0.116699,1.050049
1323534606,0.048828,0.115479,1.050293
1323539606,0.045898,0.114502,1.04541
1323544606,0.051514,0.11499,1.040527
1323549606,0.045654,0.116699,1.049805
1323554606,0.042969,0.145752,1.065918
1323559606,0.053467,0.105957,1.040771
1323564606,0.048584,0.121094,1.054443
1323569606,0.049561,0.10791,1.037842
1323574606,0.050049,0.117188,1.051514
1323579606,0.048096,0.11377,1.039551
1323584606,0.04834,0.118896,1.049561
1323589606,0.047852,0.112305,1.047607
1323594606,0.052246,0.102539,1.042725
1323599606,0.046875,0.106445,1.041992
1323604606,0.045166,0.111816,1.04834
1323609606,0.046875,0.112061,1.049561
1323614606,0.046387,0.118164,1.050537
1323619606,0.04834,0.116455,1.047363
1323624606,0.045898,0.118896,1.047119
1323629606,0.04541,0.117676,1.050049
1323634606,0.043457,0.116943,1.047363
1323639606,0.043945,0.117188,1.049316
1323644606,0.047852,0.112549,1.049072
1323649606,0.048828,0.114746,1.050049
1323654606,0.047852,0.112305,1.047119
1323659606,0.045898,0.114258,1.045166
1323664606,0.060791,0.100098,1.032959
1323669606,0.018555,0.160645,1.077881
1323674606,0.048584,0.099365,1.072998
1323679606,0.034424,0.154297,1.0625
1323684606,0.060303,0.089111,1.028809
1323689606,0.049072,0.117432,1.054688
1323694606,0.039307,0.107178,0.992676
1323699606,0.055176,0.135254,1.068115
1323704606,0.035156,0.133301,1.14502
1323709606,0.079834,0.107178,1.083496
1323714606,0.016113,0.125488,0.980713
1323719606,0.05835,0.063477,0.948975
1323724606,0.055664,0.073486,1.005127
1323729606,0.063477,0.084717,1.083984
1323734606,0.053223,0.128662,1.130859
1323739606,0.032959,0.13208,1.070801
1323744606,0.025879,0.137451,1.031006
1323749606,0.065186,0.101318,0.972412
1323754606,0.046143,0.107422,1.030273
1323759606,0.072998,0.109131,1.05835
1323764606,0.050293,0.141113,1.108643
1323769606,0.044434,0.160156,1.092285
1323774606,0.040771,0.133301,1.030273
1323779606,0.051514,0.096436,1.001709
1323784606,0.088623,0.043213,1.069824
1323789606,0.086182,0.05542,1.121094
1323794606,0.058105,0.059814,1.104004
1323799606,0.054443,0.082764,1.070557
1323804606,0.07373,0.074219,1.04541
1323809606,0.062256,0.060059,1.048584
1323814606,0.090088,0.09375,1.064453
1323819606,0.052002,0.13623,1.06958
1323824606,0.032227,0.184082,1.064941
1323829606,0.018066,0.191406,1.086426
1323834606,0.003906,0.119629,0.978271
1323839606,0.016846,0.140137,0.993652
1323844606,0.015381,0.130615,1.005859
1323849606,0.038086,0.154053,1.074707
1323854606,0.051758,0.125732,1.066162
1323859606,0.038818,0.104736,1.048584
1323864606,0.037598,0.106445,1.023193
1323869606,0.028564,0.109375,1.04248
1323874606,0.032715,0.115723,1.065918
1323879606,0.028564,0.114258,1.067383
1323884606,0.030273,0.115723,1.050537
1323889606,0.029541,0.115479,1.034424
1323894606,0.033691,0.113281,1.012451
1323899606,0.028809,0.119873,1.027832
1323904606,0.030762,0.104248,1.095947
1323909606,0.012939,0.145752,1.093506
1323914606,0.006592,0.132324,1.057373
1323919606,0.023193,0.112305,1.016846
1323924606,0.034424,0.111084,1.012207
1323929606,0.027832,0.112305,1.048096
1323934606,0.029297,0.119385,1.070313
1323939606,0.031982,0.116455,1.063232
1323944606,0.035156,0.109375,1.043213
1323949606,0.029785,0.103271,1.023438
1323954606,0.033203,0.114014,1.046143
1323959606,0.02002,0.118652,1.02832
1323964606,0.032715,0.116211,1.040771
1323969606,0.019043,0.126221,1.075684
1323974606,0.024414,0.124512,1.051514
1323979606,0.028809,0.110107,1.033203
1323984606,0.029053,0.116455,1.031006
1323989606,0.031006,0.121094,1.042725
1323994606,0.028564,0.127686,1.055176
1323999606,0.02832,0.117676,1.047119
1324004606,0.031738,0.117432,1.040039
1324009606,0.033203,0.113525,1.030518
1324014606,0.03418,0.108643,1.030762
1324019606,0.029785,0.117432,1.050293
1324024606,0.024902,0.120117,1.05542
1324029606,0.022705,0.131836,1.060547
1324034606,0.024414,0.121094,1.054199
1324039606,0.023926,0.117188,1.035156
1324044606,0.026611,0.109863,1.031006
1324049606,0.0271,0.105957,1.052002
1324054606,0.025635,0.114746,1.056396
1324059606,0.030518,0.113281,1.058105
1324064606,0.030273,0.105713,1.047607
1324069606,0.031006,0.107178,1.04126
1324074606,0.03125,0.112305,1.043457
1324079606,0.030518,0.11792,1.045654
1324084606,0.032227,0.116211,1.049561
1324089606,0.029541,0.114746,1.049561
1324094606,0.029785,0.115234,1.035645
1324099606,0.0271,0.116699,1.038086
1324104606,0.028564,0.121826,1.044189
1324109606,0.025635,0.117676,1.05127
1324114606,0.023193,0.120605,1.055664
1324119606,0.027832,0.115967,1.04541
1324124606,0.022705,0.113281,1.043213
1324129606,0.030518,0.11084,1.043457
1324134606,0.026367,0.111328,1.045654
1324139606,0.032227,0.11377,1.057373
1324144606,0.031006,0.114014,1.05249
1324149606,0.033691,0.114258,1.048096
1324154606,0.021484,0.123535,1.047852
1324159606,0.0354,0.124756,1.042236
1324164606,0.030029,0.106934,1.045166
1324169606,0.027588,0.129395,1.062744
1324174606,0.010254,0.124512,1.07959
1324179606,0.020996,0.124268,1.04126
1324184606,0.037842,0.108643,1.034668
1324189606,0.023193,0.119141,1.040039
1324194606,0.02417,0.115234,1.049316
1324199606,0.045654,0.107666,1.052734
1324204606,0.022949,0.125977,1.067871
1324209606,0.022461,0.118408,1.041504
1324214606,0.036621,0.106934,1.044678
1324219606,0.030518,0.109131,1.044189
1324224606,0.023437,0.12085,1.061035
1324229606,0.023193,0.12085,1.019531
1324234606,0.026367,0.115479,1.041016
1324239606,0.029541,0.119385,1.036621
1324244606,0.04126,0.114502,1.040283
1324249606,0.0271,0.130615,1.056152
1324254606,0.033447,0.095947,1.040527
1324259606,0.022949,0.128418,1.067383
1324264606,0.033447,0.115479,1.041016
1324269606,0.017578,0.122559,1.060547
1324274606,0.029541,0.115479,1.044434
1324279606,0.02417,0.105713,1.046875
1324284606,0.029053,0.112305,1.040527
1324289606,0.027832,0.114014,1.057617
1324294606,0.031738,0.114746,1.043945
1324299606,0.030762,0.114502,1.042236
1324304606,0.028809,0.113281,1.043701
1324309606,0.024414,0.118896,1.050781
1324314606,0.028076,0.12085,1.047607
1324319606,0.032959,0.115967,1.042969
1324324606,0.032227,0.123047,1.049561
1324329606,0.029785,0.119385,1.047119
1324334606,0.02832,0.120605,1.050781
1324339606,0.0271,0.116211,1.052002
1324344606,0.026855,0.112305,1.043945
1324349606,0.034668,0.112305,1.043945
1324354606,0.026855,0.112793,1.048096
1324359606,0.027344,0.11377,1.041992
1324364606,0.025879,0.116211,1.045166
1324369606,0.027832,0.113525,1.052979
1324374606,0.026611,0.117188,1.050781
1324379606,0.025146,0.11792,1.050049
1324384606,0.02417,0.116455,1.041504
1324389606,0.029297,0.12085,1.049805
1324394606,0.026855,0.115234,1.040039
1324399606,0.031006,0.116699,1.056152
1324404606,0.030029,0.118896,1.045898
1324409606,0.02832,0.114746,1.044434
1324414606,0.031006,0.112549,1.046875
1324419606,0.030029,0.11499,1.041748
1324424606,0.030273,0.116211,1.047119
1324429606,0.030518,0.113281,1.046143
1324434606,0.0271,0.112549,1.042969
1324439606,0.02417,0.113525,1.050781
1324444606,0.029785,0.114746,1.045166
1324449606,0.023193,0.119873,1.044922
1324454606,0.026123,0.120361,1.050781
1324459606,0.025146,0.119629,1.048828
1324464606,0.022217,0.11792,1.050049
1324469606,0.025635,0.118164,1.043945
1324474606,0.027344,0.114746,1.044678
1324479606,0.030518,0.116943,1.046875
1324484606,0.032227,0.115234,1.043945
1324489606,0.027344,0.114258,1.043945
1324494606,0.029297,0.114014,1.05127
1324499606,0.029297,0.118408,1.052002
1324504606,0.027832,0.110596,1.046875
1324509606,0.0271,0.111328,1.040039
1324514606,0.025146,0.119629,1.051514
1324519606,0.026855,0.116699,1.050049
1324524606,0.025146,0.116943,1.04541
1324529606,0.026367,0.118652,1.045166
1324534606,0.025879,0.116211,1.047363
1324539606,0.0271,0.11499,1.05127
1324544606,0.029053,0.11377,1.049072
1324549606,0.029053,0.112793,1.050537
1324554606,0.026611,0.111572,1.05127
1324559606,0.026611,0.117676,1.049072
1324564606,0.029785,0.11499,1.049316
1324569606,0.026367,0.118408,1.048096
1324574606,0.027588,0.119629,1.055664
1324579606,0.029785,0.115479,1.047852
1324584606,0.024414,0.12207,1.040039
1324589606,0.025146,0.116699,1.051758
1324594606,0.029297,0.117188,1.044189
1324599606,0.023926,0.116943,1.046143
1324604606,0.029297,0.11792,1.048828
1324609606,0.030273,0.115479,1.044922
1324614606,0.02417,0.120361,1.04248
1324619606,0.030273,0.115479,1.052734
1324624606,0.027588,0.114014,1.048584
1324629606,0.022461,0.115234,1.046631
1324634606,0.027832,0.115234,1.048828
1324639606,0.029785,0.116455,1.046631
1324644606,0.031982,0.118164,1.052734
1324649606,0.032227,0.120117,1.05249
1324654606,0.023437,0.116699,1.047363
1324659606,0.031738,0.117676,1.047852
1324664606,0.029053,0.115723,1.054199
1324669606,0.026123,0.119873,1.048828
1324674606,0.028564,0.120361,1.038818
1324679606,0.029297,0.115234,1.054199
1324684606,0.021973,0.124512,1.053711
1324689606,0.028076,0.115234,1.044922
1324694606,0.033691,0.106689,1.030762
1324699606,0.019775,0.116943,1.052734
1324704606,0.030029,0.11792,1.056152
1324709606,0.025146,0.115479,1.049561
1324714606,0.025391,0.116943,1.044434
1324719606,0.030029,0.114258,1.047607
1324724606,0.025635,0.114258,1.034668
1324729606,0.024414,0.119629,1.043701
1324734606,0.026855,0.114014,1.051758
1324739606,0.028564,0.118408,1.053467
1324744606,0.026855,0.123047,1.048828
1324749606,0.021973,0.111084,1.040283
1324754606,0.029541,0.114746,1.036133
1324759606,0.031494,0.120605,1.048828
1324764606,0.027344,0.114746,1.048584
1324769606,0.024414,0.11499,1.049072
1324774606,0.025391,0.117188,1.046143
1324779606,0.025635,0.113037,1.038574
