timestamp_us,x_g,y_g,z_g
1340114606,0.084717,0.109131,1.042725
1340119606,0.083984,0.110107,1.041992
1340124606,0.08374,0.110107,1.050293
1340129606,0.080811,0.11499,1.041992
1340134606,0.08374,0.110596,1.047119
1340139606,0.082764,0.105713,1.046387
1340144606,0.077393,0.105225,1.048828
1340149606,0.08252,0.109131,1.048096
1340154606,0.078857,0.105713,1.052002
1340159606,0.080078,0.11084,1.050781
1340164606,0.080566,0.106201,1.04248
1340169606,0.080811,0.110107,1.040771
1340174606,0.081055,0.109619,1.041016
1340179606,0.080078,0.110107,1.043701
1340184606,0.080811,0.111084,1.046387
1340189606,0.083496,0.10791,1.042969
1340194606,0.08374,0.108887,1.043457
1340199606,0.080078,0.109375,1.052979
1340204606,0.084961,0.112305,1.044434
1340209606,0.082031,0.107422,1.045898
1340214606,0.081055,0.108887,1.04834
1340219606,0.081055,0.110352,1.049072
1340224606,0.083008,0.110352,1.04248
1340229606,0.079102,0.112305,1.043457
1340234606,0.081055,0.110107,1.043701
1340239606,0.077637,0.109375,1.042969
1340244606,0.080078,0.112305,1.048584
1340249606,0.08252,0.114258,1.05249
1340254606,0.085205,0.107422,1.044922
1340259606,0.078857,0.110352,1.047363
1340264606,0.079102,0.10791,1.042969
1340269606,0.082764,0.108154,1.047363
1340274606,0.083496,0.106201,1.044678
1340279606,0.082764,0.112549,1.043213
1340284606,0.084961,0.111816,1.040771
1340289606,0.082764,0.108643,1.040039
1340294606,0.081543,0.113281,1.049561
1340299606,0.083984,0.111572,1.052979
1340304606,0.077148,0.105957,1.049316
1340309606,0.078613,0.103271,1.04834
1340314606,0.079346,0.10498,1.051514
1340319606,0.082764,0.104248,1.041016
1340324606,0.079102,0.108154,1.050537
1340329606,0.081299,0.107422,1.051025
1340334606,0.083984,0.110107,1.044922
1340339606,0.083984,0.105469,1.051025
1340344606,0.083984,0.111816,1.045898
1340349606,0.088623,0.107178,1.053955
1340354606,0.084229,0.112061,1.037109
1340359606,0.083008,0.107178,1.047363
1340364606,0.080811,0.108154,1.05127
1340369606,0.083984,0.106934,1.046143
1340374606,0.078125,0.110352,1.045898
1340379606,0.081543,0.10498,1.039551
1340384606,0.081299,0.107422,1.045898
1340389606,0.083252,0.10791,1.046875
1340394606,0.081787,0.108643,1.045166
1340399606,0.080078,0.108398,1.042969
1340404606,0.08374,0.109863,1.04834
1340409606,0.07959,0.106201,1.049072
1340414606,0.085937,0.105469,1.047119
1340419606,0.083008,0.106689,1.047607
1340424606,0.085205,0.105713,1.04834
1340429606,0.08252,0.106445,1.043945
1340434606,0.083496,0.111084,1.056152
1340439606,0.080322,0.111572,1.04834
1340444606,0.084229,0.108643,1.05127
1340449606,0.080322,0.110596,1.036377
1340454606,0.082031,0.109619,1.049805
1340459606,0.085205,0.10791,1.047852
1343144606,0.086426,0.107422,1.042725
1343149606,0.080566,0.111816,1.047119
1343154606,0.081543,0.109375,1.041748
1343159606,0.08667,0.107178,1.047852
1343164606,0.083984,0.111816,1.04248
1343169606,0.081055,0.110596,1.044189
1343174606,0.084961,0.108643,1.044678
1343179606,0.085693,0.108887,1.046875
1343184606,0.080322,0.106934,1.04248
1343189606,0.08374,0.108887,1.042725
1343194606,0.085693,0.107422,1.042969
1343199606,0.087646,0.110352,1.043945
1343204606,0.084229,0.105469,1.043213
1343209606,0.089355,0.106445,1.044189
1343214606,0.086914,0.105469,1.041504
1343219606,0.089844,0.106934,1.043457
1343224606,0.079834,0.110352,1.044678
1343229606,0.082275,0.11084,1.047852
1343234606,0.08374,0.111572,1.049072
1343239606,0.079346,0.108643,1.047119
1343244606,0.082031,0.115234,1.041016
1343249606,0.081787,0.107666,1.047852
1343254606,0.084717,0.106445,1.044434
1343259606,0.084961,0.104492,1.049316
1343264606,0.080322,0.110107,1.042969
1343269606,0.085205,0.109131,1.044922
1343274606,0.087646,0.106934,1.044189
1343279606,0.083496,0.106934,1.045898
1343284606,0.082764,0.110107,1.043945
1343289606,0.079834,0.108398,1.043945
1343294606,0.084717,0.107666,1.043945
1343299606,0.081543,0.108398,1.045166
1343304606,0.078857,0.109863,1.046143
1343309606,0.080322,0.112061,1.047363
1343314606,0.084473,0.109375,1.04248
1343319606,0.081055,0.108398,1.047363
1343324606,0.080566,0.108887,1.049316
1343329606,0.083984,0.108398,1.04248
1343334606,0.083252,0.109863,1.044189
1343339606,0.086914,0.111084,1.044678
1343344606,0.085937,0.110596,1.034668
1343349606,0.084961,0.109131,1.037842
1343354606,0.084229,0.111328,1.042725
1343359606,0.084473,0.113525,1.041748
1343364606,0.085205,0.10791,1.041504
1343369606,0.081543,0.111816,1.050293
1343374606,0.08252,0.108154,1.045654
1343379606,0.080811,0.107666,1.047119
1343384606,0.078369,0.109131,1.039795
1343389606,0.076904,0.104248,1.047852
1343394606,0.08374,0.108154,1.049072
1343399606,0.081787,0.106689,1.044434
1343404606,0.087891,0.10791,1.046631
1343409606,0.0896,0.114746,1.043701
1343414606,0.086182,0.110352,1.04541
1343419606,0.085937,0.113525,1.037354
1343424606,0.08252,0.110596,1.044678
1343429606,0.087891,0.110352,1.045898
1343434606,0.08374,0.112793,1.043457
1343439606,0.085449,0.109863,1.044189
1343444606,0.080811,0.108154,1.043213
1343449606,0.079346,0.111084,1.039063
1343454606,0.083984,0.110352,1.045166
1343459606,0.083252,0.112305,1.054932
1343464606,0.086426,0.110107,1.044678
1343469606,0.079102,0.106689,1.037598
1343474606,0.082031,0.110352,1.046875
1343479606,0.08374,0.108154,1.04248
1343484606,0.087646,0.111572,1.047119
1343489606,0.082275,0.110596,1.036133
1343494606,0.083008,0.10791,1.049805
1343499606,0.090576,0.108887,1.04834
1343504606,0.089111,0.109131,1.046387
1343509606,0.085205,0.110352,1.048096
1343514606,0.085205,0.10791,1.041016
1343519606,0.08252,0.110352,1.046143
1343524606,0.08667,0.111328,1.051514
1343529606,0.083496,0.109131,1.033691
1343534606,0.082764,0.106201,1.049072
1343539606,0.081055,0.109863,1.047119
1343544606,0.08374,0.110596,1.043945
1343549606,0.08374,0.108643,1.041992
1343554606,0.084229,0.107178,1.04248
1343559606,0.082031,0.109131,1.044434
1343564606,0.079834,0.112305,1.047607
1343569606,0.0896,0.110107,1.047363
1343574606,0.086426,0.11084,1.048584
1343579606,0.084229,0.111084,1.042969
1343584606,0.082764,0.109619,1.04248
1343589606,0.080811,0.112061,1.043457
1343594606,0.083496,0.112061,1.045898
1343599606,0.083984,0.108154,1.041748
1343604606,0.080811,0.111816,1.04126
1343609606,0.083496,0.109131,1.043213
1343614606,0.081299,0.109619,1.051025
1343619606,0.080566,0.11084,1.045898
1343624606,0.083496,0.110596,1.043945
1343629606,0.086914,0.109131,1.044922
1343634606,0.085205,0.112305,1.046387
1343639606,0.087891,0.111328,1.044922
1343644606,0.087158,0.108887,1.046875
1343649606,0.083496,0.112061,1.044189
1343654606,0.084473,0.106934,1.039063
1343659606,0.079102,0.108398,1.049072
1343664606,0.083496,0.10791,1.046631
1343669606,0.077637,0.111084,1.046875
1343674606,0.083252,0.109375,1.041504
1343679606,0.080322,0.113037,1.043213
1343684606,0.084229,0.11084,1.040771
1343689606,0.086182,0.109375,1.045166
1343694606,0.081055,0.11084,1.047363
1343699606,0.079346,0.11084,1.045166
1343704606,0.079834,0.107178,1.04834
1343709606,0.083008,0.11377,1.04834
1343714606,0.083008,0.109619,1.045166
1343719606,0.082275,0.107178,1.043213
1343724606,0.080322,0.110107,1.039307
1343729606,0.084229,0.111572,1.040039
1343734606,0.088379,0.109131,1.044678
1343739606,0.083008,0.109375,1.042236
1343744606,0.086182,0.105469,1.047119
1343749606,0.087891,0.106689,1.046143
1343754606,0.083008,0.11084,1.045898
1343759606,0.082031,0.113525,1.041992
1343764606,0.084473,0.109863,1.046143
1343769606,0.083008,0.113281,1.050781
1343774606,0.086182,0.108887,1.046631
1343779606,0.084229,0.112061,1.042236
1343784606,0.082764,0.106934,1.044678
1343789606,0.08252,0.111084,1.049805
1343794606,0.08667,0.112305,1.038086
1343799606,0.080078,0.106934,1.049072
1343804606,0.086914,0.105957,1.048584
1343809606,0.08252,0.106201,1.050293
1343814606,0.082764,0.107422,1.049316
1343819606,0.083008,0.11084,1.048096
1343824606,0.080811,0.111084,1.043701
1343829606,0.081055,0.108154,1.042725
1343834606,0.085693,0.111328,1.047607
1343839606,0.084473,0.11084,1.043945
1343844606,-2.109131,2.032471,3.999878
1343849606,0.897217,3.999878,-3.333984
1343854606,-4.0,3.999878,3.999878
1343859606,-0.389404,2.491211,-4.0
1343864606,0.025635,-0.823975,0.259766
1343869606,0.808838,2.442871,-0.92041
1343874606,1.152832,0.184814,-4.0
1343879606,-1.025879,0.53833,-4.0
1343884606,-1.241943,2.112305,0.942627
1343889606,-1.326416,-0.457275,0.194336
1343894606,-1.16748,-0.274414,1.022461
1343899606,-0.567871,-0.243408,1.115723
1343904606,-0.384033,0.333252,0.828613
1343909606,0.050537,0.13208,0.713867
1343914606,0.083984,0.088135,0.604736
1343919606,0.032227,0.181641,0.947998
1343924606,-1.2771,-1.385254,-0.023926
1343929606,0.05127,-0.403564,1.416016
1343934606,0.111328,0.247314,0.953857
1343939606,0.003418,0.149414,0.728516
1343944606,-0.021973,0.180176,0.610107
1343949606,0.412109,2.271973,3.011963
1343954606,0.405518,0.450928,-1.782227
1343959606,0.003418,1.62085,1.320068
1343964606,-0.03833,2.088379,-4.0
1343969606,-1.80249,1.35376,-2.282471
1343974606,0.263184,0.059814,1.563232
1343979606,0.414307,1.097168,0.73999
1343984606,-0.010498,0.23877,0.061523
1343989606,-0.091797,0.025146,0.755371
1343994606,0.116699,0.220703,1.631592
1343999606,0.212646,0.267822,1.314941
1344004606,-0.001953,0.22168,0.848389
1344009606,-1.141846,0.796143,3.999878
1344014606,0.421631,0.349609,-0.119629
1344019606,-0.598877,0.330078,1.314453
1344024606,-0.435791,1.323975,-2.834717
1344029606,0.18457,1.749512,-0.487793
1344034606,0.228516,0.545654,1.105957
1344039606,0.052002,1.177734,1.320068
1344044606,0.01416,0.242187,1.008057
1344049606,0.033447,0.178467,1.062012
1344054606,0.17041,0.147217,1.223145
1344059606,0.101563,0.063477,1.026611
1344064606,0.044922,0.11792,0.989502
1344069606,0.015381,0.165039,0.930664
1344074606,0.119385,0.160889,0.995117
1344079606,0.036865,0.157715,1.022705
1344084606,0.100342,0.173828,1.119629
1344089606,0.118896,0.158936,1.240967
1344094606,0.016846,0.146973,0.884277
1344099606,0.049072,0.144531,0.960693
1344104606,0.059326,0.115234,0.993896
1344109606,0.078857,0.152832,1.008545
1344114606,0.063965,0.153076,1.053467
1344119606,0.231689,0.180908,1.024902
1344124606,0.092529,0.137451,-0.473877
1344129606,0.218262,-0.045166,0.820068
1344134606,0.136475,0.109619,1.202637
1344139606,0.092285,0.049561,1.070068
1344144606,-0.03125,0.200439,1.22583
1344149606,0.213867,0.111328,1.029785
1344154606,0.048828,0.121094,1.155273
1344159606,0.124756,0.125732,1.013672
1344164606,0.009766,0.118408,0.989258
1344169606,0.050537,0.2146,0.999756
1344174606,0.115234,0.118408,1.030762
1344179606,0.118652,0.044434,1.102783
1344184606,0.118896,0.112793,1.054443
1344189606,0.056885,0.114502,1.032227
1344194606,0.037842,0.174805,0.936523
1344199606,0.050049,0.165039,1.021484
1344204606,0.105957,0.120117,1.075195
1344209606,0.240723,0.039551,0.185791
1344214606,-0.465332,0.14209,-0.70166
1344219606,0.056885,0.081299,0.680176
1344224606,0.005371,0.318115,1.487793
1344229606,0.103027,0.209717,0.966309
1344234606,0.169434,0.053711,0.979736
1344239606,0.106689,0.179199,1.121094
1344244606,0.108398,0.066162,1.166992
1344249606,0.049316,0.137451,1.031982
1344254606,0.033447,0.26123,0.991943
1344259606,0.095215,0.094727,0.989258
1344264606,0.08374,0.072266,1.014404
1344269606,0.077637,0.077881,0.932373
1344274606,0.129395,0.142334,1.198486
1344279606,0.109131,0.161133,1.15332
1344284606,0.055664,0.104492,2.246582
1344289606,0.126465,0.702881,-0.315674
1344294606,-0.052002,0.168457,0.922607
1344299606,0.095947,0.112305,1.246582
1344304606,0.039063,0.178467,1.117676
1344309606,0.125732,0.104492,1.107422
1344314606,0.086914,0.220947,1.09082
1344319606,0.062744,0.068848,1.005615
1344324606,0.085693,0.128662,1.092285
1344329606,0.056396,0.193115,1.042725
1344334606,0.129395,0.071289,0.991211
1344339606,0.068115,0.03833,0.95166
1344344606,0.143066,0.099854,1.045166
1344349606,0.264404,0.078613,1.308594
1344354606,0.060059,0.197998,1.487793
1344359606,0.038086,0.171387,1.040283
1344364606,0.144043,0.086182,1.000488
1344369606,0.031494,0.150391,1.126465
1344374606,0.110107,0.169434,1.087402
1344379606,0.051025,0.148193,1.075684
1344384606,0.078369,0.138916,1.02832
1344389606,0.130615,0.134766,1.094238
1344394606,0.111572,0.145996,1.099121
1344399606,0.080566,0.138428,0.998291
1344404606,0.134277,0.117188,1.180664
1344409606,0.080322,0.214111,1.115234
1344414606,0.138672,0.140381,1.099121
1344419606,0.082764,0.158691,1.121338
1344424606,0.107422,0.156982,1.292236
1344429606,0.141113,0.085205,1.030762
1344434606,0.097412,0.097412,1.122314
1344439606,0.043701,0.23291,1.131348
1344444606,0.095215,0.121094,0.946533
1344449606,0.068604,0.129639,1.005859
1344454606,0.115479,0.120361,1.019043
1344459606,0.098633,0.126465,1.166504
1344464606,0.07666,0.182373,1.05249
1344469606,0.091797,0.14917,1.01416
1344474606,-0.095215,-0.046631,0.862793
1344479606,0.193604,0.157227,1.317627
1344484606,0.11792,0.063965,0.976318
1344489606,0.088135,0.182373,1.020264
1344494606,0.078369,0.223877,1.077393
1344499606,0.073975,0.095947,1.056885
1344504606,0.098877,0.109619,1.0271
1344509606,0.071045,0.075684,0.990723
1344514606,0.055908,0.170898,0.934814
1344519606,0.235596,0.069336,0.910156
1344524606,0.174805,0.049805,1.266113
1344529606,0.143311,0.094727,1.15625
1344534606,0.102295,0.077637,0.875
1344539606,0.044434,0.187012,0.875488
1344544606,0.053223,0.174561,1.213379
1344549606,0.093262,0.145508,1.087402
1344554606,0.091064,0.159424,1.060059
1344559606,0.093506,0.157715,1.060547
1344564606,0.135498,0.147461,1.270508
1344569606,-0.108887,0.121094,0.419678
1344574606,0.126465,0.13623,1.001709
1344579606,0.111328,0.12085,1.150146
1344584606,0.083008,0.143799,1.031982
1344589606,0.053223,0.147949,0.98291
1344594606,0.094238,0.150391,1.051514
1344599606,0.094482,0.151855,1.054443
1344604606,0.012939,0.190186,0.95752
1344609606,0.070801,0.134277,1.022705
1344614606,0.003174,0.076904,0.778076
1344619606,0.081787,0.155273,0.708496
1344624606,0.046143,0.174805,1.043701
1344629606,0.116455,0.118164,0.907959
1344634606,0.054199,0.133057,1.02002
1344639606,0.171631,0.083008,1.206543
1344644606,0.103271,0.08667,1.020508
1344649606,0.185303,0.136719,1.042236
1344654606,-0.029541,0.109619,0.819824
1344659606,0.121826,0.153076,1.047852
1344664606,0.122803,0.110596,1.010498
1344669606,0.066162,0.078613,0.925049
1344674606,0.154785,0.093506,0.815186
1344679606,0.056152,0.226074,0.681641
1344684606,0.024658,0.222656,1.101074
1344689606,0.151367,0.130859,1.164063
1344694606,0.29541,0.069824,1.45459
1344699606,-0.024658,0.147705,0.938477
1344704606,0.077881,0.167969,1.229248
1344709606,0.014648,0.116699,1.008301
1344714606,0.11377,0.104736,0.974121
1344719606,0.067627,0.099365,1.003174
1344724606,0.096436,0.133301,1.014893
1344729606,0.089844,0.131104,0.999512
1344734606,0.067627,0.114014,1.049072
1344739606,0.094238,0.152832,1.036377
1344744606,0.07666,0.140137,1.044922
1344749606,0.086426,0.147705,1.049561
1344754606,0.087402,0.127686,1.049805
1344759606,0.086182,0.114258,1.032227
1344764606,0.080322,0.13623,1.038086
1344769606,0.077637,0.146729,1.03125
1344774606,0.082031,0.143799,1.045166
1344779606,0.090576,0.139648,1.043945
1344784606,0.091553,0.128906,1.046875
1344789606,0.087402,0.132568,1.045898
1344794606,0.084961,0.14209,1.044434
1344799606,0.077637,0.14209,1.024658
1344804606,0.077148,0.143311,1.037842
1344809606,0.088379,0.138672,1.042236
1344814606,0.088623,0.133545,1.041748
1344819606,0.092285,0.130859,1.038086
1344824606,0.084717,0.13623,1.049805
1344829606,0.077393,0.141113,1.02832
1344834606,0.078613,0.143555,1.03125
1344839606,0.088867,0.13916,1.037842
1344844606,0.086426,0.132568,1.043457
1344849606,0.085205,0.133789,1.044434
1344854606,0.090088,0.137939,1.046143
1344859606,0.078369,0.14209,1.038086
1344864606,0.075684,0.142578,1.040527
1344869606,0.082275,0.139893,1.040283
1344874606,0.088135,0.131836,1.034424
1344879606,0.08667,0.129395,1.046143
1344884606,0.087402,0.131836,1.047607
1344889606,0.087158,0.139893,1.044434
1344894606,0.081543,0.140869,1.041748
1344899606,0.080811,0.141113,1.04126
1344904606,0.086426,0.135254,1.049561
1344909606,0.084961,0.136475,1.040771
1344914606,0.075928,0.139648,1.035889
1344919606,0.085449,0.138428,1.034668
1344924606,0.087891,0.137939,1.0354
1344929606,0.092285,0.135498,1.046387
1344934606,0.087891,0.135254,1.05249
1344939606,0.084229,0.13501,1.053955
1344944606,0.07959,0.137451,1.033203
1344949606,0.084473,0.137695,1.03418
1344954606,0.084473,0.136719,1.029541
1344959606,0.085937,0.132568,1.039063
1344964606,0.090332,0.128174,1.046631
1344969606,0.084229,0.136719,1.047607
1344974606,0.084473,0.134277,1.044434
1344979606,0.081543,0.135986,1.038818
1344984606,0.082764,0.138672,1.034424
1344989606,0.082031,0.135498,1.032227
1344994606,0.084473,0.136963,1.045898
1344999606,0.087891,0.135498,1.044678
1345004606,0.081787,0.139893,1.045166
1345009606,0.080811,0.141602,1.04248
1345014606,0.085449,0.138916,1.032227
1345019606,0.081055,0.13623,1.030273
1345024606,0.085449,0.13623,1.042236
1345029606,0.08667,0.132568,1.043457
1345034606,0.088623,0.135986,1.048828
1345039606,0.085937,0.13916,1.048828
1345044606,0.082031,0.143066,1.045166
1345049606,0.079346,0.133789,1.037109
1345054606,0.083984,0.131836,1.037598
1345059606,0.086914,0.133789,1.038574
1345064606,0.082275,0.135742,1.050537
1345069606,0.083496,0.139404,1.041748
1345074606,0.083496,0.144531,1.043701
1345079606,0.072998,0.140625,1.035645
1345084606,0.085205,0.138428,1.037354
1345089606,0.087158,0.136719,1.03833
1345094606,0.090332,0.136475,1.04541
1345099606,0.093994,0.137207,1.049072
1345104606,0.082764,0.13501,1.04541
1345109606,0.07959,0.136963,1.048828
1345114606,0.086914,0.131104,1.027588
1345119606,0.078369,0.131104,1.027344
1345124606,0.092529,0.138428,1.048828
1345129606,0.086182,0.134033,1.04126
1345134606,0.081055,0.145508,1.052002
1345139606,0.08374,0.143066,1.043945
1345144606,0.074707,0.141602,1.036133
1345149606,0.079102,0.140625,1.030762
1345154606,0.085693,0.132812,1.044922
1345159606,0.086182,0.136963,1.04248
1345164606,0.092041,0.135498,1.046387
1345169606,0.08667,0.135498,1.045166
1345174606,0.082764,0.138672,1.038574
1345179606,0.084229,0.138184,1.033447
1345184606,0.082031,0.133057,1.036865
1345189606,0.082275,0.140137,1.039551
1345194606,0.083984,0.137695,1.04834
1345199606,0.082764,0.136719,1.040771
1345204606,0.083252,0.135254,1.03833
1345209606,0.084229,0.133789,1.041504
1345214606,0.083496,0.13916,1.036865
1345219606,0.084229,0.13501,1.0354
1345224606,0.083496,0.137451,1.038818
1345229606,0.084717,0.140625,1.043701
1345234606,0.084473,0.13916,1.047119
1345239606,0.081543,0.141602,1.039795
1345244606,0.080566,0.135254,1.041992
1345249606,0.083252,0.135742,1.038818
1345254606,0.084473,0.133789,1.038086
1345259606,0.089111,0.131104,1.043213
1345264606,0.086182,0.131836,1.043213
1345269606,0.087402,0.135254,1.044434
1345274606,0.08374,0.132812,1.034912
1345279606,0.081299,0.137207,1.036865
1345284606,0.086182,0.136475,1.033691
1345289606,0.087646,0.13623,1.043945
1345294606,0.086426,0.140625,1.049316
1345299606,0.082764,0.143555,1.047363
1345304606,0.080811,0.138672,1.040527
1345309606,0.084473,0.139893,1.037842
1345314606,0.083252,0.136475,1.037598
1345319606,0.084229,0.133545,1.037354
1345324606,0.086426,0.137939,1.047363
1345329606,0.085937,0.137207,1.048584
1345334606,0.084229,0.137939,1.04834
1345339606,0.083252,0.140381,1.044922
1345344606,0.082031,0.138672,1.032227
1345349606,0.079102,0.138428,1.033691
1345354606,0.085693,0.140625,1.040527
1345359606,0.08374,0.140381,1.041504
1345364606,0.08374,0.140625,1.041992
1345369606,0.085693,0.141602,1.037842
1345374606,0.08374,0.137939,1.040039
1345379606,0.081543,0.139893,1.031738
1345384606,0.087158,0.132324,1.047119
1345389606,0.085693,0.139648,1.03833
1345394606,0.08374,0.136719,1.048096
1345399606,0.08374,0.137451,1.044434
1345404606,0.080322,0.13623,1.033691
1345409606,0.079346,0.136719,1.035645
1345414606,0.085449,0.134521,1.0354
1345419606,0.086182,0.137939,1.044922
1345424606,0.086426,0.138428,1.04126
1345429606,0.081543,0.137695,1.037598
1345434606,0.083008,0.140381,1.038574
1345439606,0.082275,0.14209,1.034668
1345444606,0.084473,0.13623,1.037354
1345449606,0.088135,0.136963,1.040527
1345454606,0.090576,0.136719,1.040039
1345459606,0.084473,0.13208,1.048828
1345464606,0.088135,0.140625,1.046143
1345469606,0.081787,0.138916,1.037842
1345474606,0.084473,0.136475,1.044189
1345479606,0.083252,0.138428,1.034424
1345484606,0.084229,0.135986,1.0354
1345489606,0.08667,0.134277,1.035889
1345494606,0.086182,0.134766,1.038086
1345499606,0.081543,0.131104,1.033691
1345504606,0.089111,0.144287,1.041016
1345509606,0.090088,0.135254,1.036133
1345514606,0.088379,0.138428,1.037598
1345519606,0.083008,0.139893,1.039307
1345524606,0.082275,0.13623,1.040771
1345529606,0.083252,0.140381,1.041992
1345534606,0.083252,0.142822,1.040283
1345539606,0.08374,0.137695,1.035645
1345544606,0.085205,0.13501,1.034424
1345549606,0.088379,0.13208,1.04126
1345554606,0.088867,0.135498,1.044678
1345559606,0.08374,0.133789,1.038574
1345564606,0.087158,0.135498,1.047607
1345569606,0.084229,0.14209,1.03418
1345574606,0.086914,0.135254,1.03833
1345579606,0.081055,0.141846,1.037109
1345584606,0.085205,0.137451,1.032715
1345589606,0.085693,0.138916,1.040527
1345594606,0.081543,0.138428,1.036865
1345599606,0.08374,0.136475,1.035645
1345604606,0.08252,0.134766,1.033447
1345609606,0.083496,0.131836,1.038574
1345614606,0.090576,0.132568,1.043457
1345619606,0.084961,0.134033,1.039063
1345624606,0.086182,0.136719,1.033203
1345629606,0.08667,0.138672,1.033691
1345634606,0.082764,0.138184,1.039063
1345639606,0.081543,0.135986,1.032959
1345644606,0.080078,0.137695,1.030518
1345649606,0.087646,0.13501,1.037109
1345654606,0.08667,0.139893,1.043457
1345659606,0.08667,0.138672,1.046631
1345664606,0.088379,0.134766,1.040771
1345669606,0.087158,0.133301,1.038574
1345674606,0.087646,0.137939,1.040283
1345679606,0.084717,0.134521,1.037354
1345684606,0.087402,0.131592,1.0354
1345689606,0.0896,0.135742,1.042969
1345694606,0.087158,0.13623,1.04126
1345699606,0.087158,0.136475,1.037598
1345704606,0.085937,0.137207,1.036621
1345709606,0.07959,0.141357,1.0354
1345714606,0.081787,0.13623,1.043945
1345719606,0.086182,0.142822,1.041504
1345724606,0.085449,0.138428,1.040039
1345729606,0.083252,0.137451,1.038574
1345734606,0.08667,0.139648,1.044189
1345739606,0.084717,0.137207,1.038818
1345744606,0.083008,0.136475,1.045898
1345749606,0.087158,0.133789,1.044678
1345754606,0.088623,0.134277,1.044678
1345759606,0.088135,0.137939,1.042969
1345764606,0.089355,0.136719,1.037354
1345769606,0.08374,0.139404,1.040283
1345774606,0.084229,0.138428,1.040527
1345779606,0.085205,0.144043,1.04126
1345784606,0.088867,0.141357,1.047607
1345789606,0.089355,0.135498,1.042969
1345794606,0.088379,0.142578,1.03833
1345799606,0.073486,0.140381,1.035889
1345804606,0.081299,0.141602,1.041016
1345809606,0.082031,0.136963,1.039307
1345814606,0.083984,0.136475,1.042969
1345819606,0.08667,0.134277,1.046631
1345824606,0.083984,0.131592,1.0354
1345829606,0.081543,0.136719,1.035645
1345834606,0.083984,0.136719,1.038574
1345839606,0.088135,0.137695,1.040283
1345844606,0.089355,0.13501,1.037354
1345849606,0.087891,0.136475,1.041504
1345854606,0.081543,0.142822,1.039551
1345859606,0.079346,0.14209,1.042236
1345864606,0.090332,0.143799,1.036621
1345869606,0.083984,0.14209,1.03833
1345874606,0.090088,0.13623,1.038574
1345879606,0.084961,0.135742,1.050537
1345884606,0.083984,0.13501,1.037354
1345889606,0.087646,0.136963,1.041504
1345894606,0.085937,0.13916,1.046387
1345899606,0.087646,0.133545,1.039551
1345904606,0.085205,0.132324,1.029053
1345909606,0.083008,0.132812,1.042236
1345914606,0.082031,0.138184,1.037598
1345919606,0.080566,0.140137,1.04248
1345924606,0.087158,0.135986,1.042236
1345929606,0.083984,0.136475,1.033936
1345934606,0.082275,0.142578,1.036377
1345939606,0.080322,0.142334,1.038086
1345944606,0.088135,0.139893,1.036133
1345949606,0.08374,0.141846,1.047363
1345954606,0.087402,0.13623,1.042969
1345959606,0.08667,0.140137,1.039795
1345964606,0.08667,0.138428,1.035156
1345969606,0.086426,0.131104,1.04248
1345974606,0.084229,0.140381,1.037598
1345979606,0.084229,0.13916,1.044434
1345984606,0.090088,0.14209,1.041504
1345989606,0.08252,0.140625,1.035156
1345994606,0.08252,0.139893,1.035645
1345999606,0.080566,0.139404,1.038574
1346004606,0.082031,0.142334,1.036133
1346009606,0.085205,0.136719,1.041016
1346014606,0.084229,0.140137,1.04126
1346019606,0.08667,0.13916,1.042236
1346024606,0.08374,0.135498,1.033691
1346029606,0.084229,0.13623,1.03125
1346034606,0.087158,0.140869,1.038086
1346039606,0.088135,0.138184,1.038574
1346044606,0.081299,0.134277,1.041016
1346049606,0.083496,0.140869,1.043945
1346054606,0.083008,0.14209,1.044434
1346059606,0.084473,0.140137,1.040771
1346064606,0.087402,0.13916,1.037109
1346069606,0.082764,0.132568,1.039063
1346074606,0.082031,0.134277,1.044189
1346079606,0.090332,0.138672,1.036621
1346084606,0.083252,0.135986,1.043213
1346089606,0.088135,0.141846,1.038086
1346094606,3.507813,2.747803,3.999878
1346099606,2.789795,2.986816,-4.0
1346104606,-2.248779,-2.952637,-4.0
1346109606,-4.0,3.999878,-3.383057
1346114606,-1.047852,2.613037,-4.0
1346119606,1.480713,1.609131,-4.0
1346124606,1.917236,0.485596,-4.0
1346129606,-0.486328,0.64502,-3.543945
1346134606,-1.010254,0.50415,-1.548096
1346139606,-2.013428,1.420898,0.319336
1346144606,-1.395264,0.557373,1.327881
1346149606,-1.177002,0.243896,0.736084
1346154606,0.082764,0.186768,0.977051
1346159606,0.057373,0.136719,0.974365
1346164606,-1.233887,2.022461,0.656494
1346169606,-1.591064,0.187256,1.193848
1346174606,-1.052246,0.085937,0.440186
1346179606,-1.187012,-0.106934,-4.0
1346184606,-0.493652,0.225098,-1.657959
1346189606,0.190918,1.622559,0.636719
1346194606,-0.027832,0.220459,1.084961
1346199606,0.137695,0.210449,1.104004
1346204606,0.134033,0.16333,1.012207
1346209606,0.060791,0.17334,1.126709
1346214606,0.074707,0.093262,0.976562
1346219606,0.04248,0.141357,0.914551
1346224606,0.073486,0.169678,1.016113
1346229606,0.108398,0.10083,0.996338
1346234606,0.060303,0.154541,1.162598
1346239606,0.130859,0.075195,1.062988
1346244606,0.114258,0.111328,1.091553
1346249606,0.027832,0.107178,1.056641
1346254606,-0.206055,1.640137,-1.668213
1346259606,-1.760986,0.613281,0.856689
1346264606,-0.415771,0.248291,1.269043
1346269606,0.024902,0.219482,0.950684
1346274606,0.084229,0.127441,0.830811
1346279606,0.039551,0.104004,0.95166
1346284606,0.090332,0.139893,1.002197
1346289606,0.074219,0.166504,1.0979
1346294606,0.088379,0.1875,1.091797
1346299606,0.052979,0.094727,0.888916
1346304606,0.092285,0.093018,0.788574
1346309606,-0.370605,0.385986,-4.0
1346314606,0.16626,0.154297,1.215576
1346319606,0.006104,0.256348,1.173584
1346324606,0.128662,0.188477,0.986572
1346329606,0.049072,0.19165,1.086426
1346334606,0.09668,0.146973,1.04248
1346339606,0.074707,0.090332,1.036865
1346344606,-0.00293,0.148193,0.884033
1346349606,-0.061279,0.056396,-0.835205
1346354606,-0.587646,0.745361,-0.256348
1346359606,0.019287,0.115479,0.926758
1346364606,0.127441,0.156006,1.084473
1346369606,0.099365,0.093506,0.956543
1346374606,0.076416,0.122803,1.097412
1346379606,0.049072,0.187012,0.978271
1346384606,0.118652,0.643555,-0.379883
1346389606,-0.162598,0.104492,0.811768
1346394606,-0.024658,0.139893,0.865723
1346399606,0.144287,0.142578,1.060791
1346404606,0.046631,0.203613,1.155762
1346409606,0.134521,0.057861,0.983643
1346414606,0.077393,0.231934,0.983887
1346419606,-0.29541,0.231201,0.961914
1346424606,0.122559,0.460449,1.265381
1346429606,0.087402,0.233398,1.108398
1346434606,0.147217,0.082275,1.099854
1346439606,0.158936,0.087402,1.375
1346444606,0.131348,0.101807,1.270752
1346449606,0.102295,0.134277,1.216553
1346454606,0.084229,1.0354,1.100586
1346459606,0.072266,0.125244,1.077881
1346464606,-0.011719,0.05957,0.741943
1346469606,0.039307,0.162354,0.956543
1346474606,0.089111,0.089355,0.991943
1346479606,0.037354,0.231445,1.095703
1346484606,0.109863,0.124023,0.980957
1346489606,0.05835,0.168945,1.074463
1346494606,0.098633,0.143311,1.00415
1346499606,0.071289,0.124268,1.037842
1346504606,0.093506,0.14917,1.04126
1346509606,0.074219,0.1604,1.05835
1346514606,0.102295,0.124268,1.014893
1346519606,0.088623,0.116699,1.034668
1346524606,0.098877,0.130859,1.033936
1346529606,0.079346,0.127197,1.045898
1346534606,0.078857,0.162842,1.049805
1346539606,0.080811,0.159912,1.042969
1346544606,0.077881,0.151855,1.037354
1346549606,0.087158,0.156494,1.043213
1346554606,0.101807,0.126709,1.036621
1346559606,0.066406,0.141846,1.033691
1346564606,0.088379,0.131104,1.025635
1346569606,0.088379,0.143555,1.035889
1346574606,0.072266,0.151855,1.041504
1346579606,0.089111,0.158691,1.040527
1346584606,0.081299,0.140869,1.043457
1346589606,0.077393,0.140625,1.026367
1346594606,0.078613,0.146484,1.040771
1346599606,0.083252,0.154053,1.044922
1346604606,0.080322,0.162842,1.048096
1346609606,0.085693,0.138428,1.026367
1346614606,0.09082,0.134033,1.027832
1346619606,0.088379,0.140137,1.028564
1346624606,0.083984,0.122314,1.03125
1346629606,0.089355,0.1521,1.036621
1346634606,0.07666,0.145752,1.04541
1346639606,0.081787,0.144775,1.037109
1346644606,0.085205,0.147217,1.039795
1346649606,0.082275,0.143311,1.038574
1346654606,0.082031,0.14917,1.036865
1346659606,0.081543,0.146484,1.040283
1346664606,0.081055,0.143311,1.040039
1346669606,0.089844,0.143311,1.03833
1346674606,0.087402,0.137207,1.040039
1346679606,0.089355,0.144043,1.029053
1346684606,0.082031,0.13623,1.033936
1346689606,0.087158,0.141113,1.036377
1346694606,0.08374,0.148193,1.044922
1346699606,0.083984,0.153076,1.039795
1346704606,0.087402,0.148682,1.043701
1346709606,0.081299,0.148926,1.040527
1346714606,0.085449,0.147705,1.037354
1346719606,0.08374,0.136475,1.032959
1346724606,0.082031,0.140137,1.034424
1346729606,0.084961,0.143799,1.042969
1346734606,0.081787,0.135742,1.036865
1346739606,0.083008,0.146484,1.045898
1346744606,0.085449,0.13916,1.040771
1346749606,0.088623,0.140381,1.035889
1346754606,0.087158,0.146729,1.041748
1346759606,0.083008,0.150146,1.039307
1346764606,0.083984,0.158203,1.047852
1346769606,0.087402,0.149902,1.03833
1346774606,0.086182,0.143311,1.033936
1346779606,0.085205,0.143066,1.037842
1346784606,0.086182,0.139404,1.039795
1346789606,0.08252,0.14624,1.041992
1346794606,0.084961,0.147217,1.040039
1346799606,0.080811,0.144287,1.036377
1346804606,0.084717,0.140625,1.040527
1346809606,0.085205,0.138916,1.041992
1346814606,0.088623,0.138428,1.04126
1346819606,0.082031,0.138428,1.041016
1346824606,0.083252,0.139648,1.036133
1346829606,0.08667,0.14209,1.045654
1346834606,0.082764,0.138672,1.033447
1346839606,0.087646,0.151367,1.044922
1346844606,0.080566,0.146729,1.032959
1346849606,0.085205,0.145264,1.042969
1346854606,0.083496,0.149658,1.042969
1346859606,0.104492,0.087646,1.095947
1346864606,0.092041,0.16333,1.05835
1346869606,0.09082,0.148926,1.073242
1346874606,0.066406,0.171143,1.060059
1346879606,0.094482,0.148437,1.040527
1346884606,0.087646,0.135254,1.043945
1346889606,0.088623,0.139893,1.033447
1346894606,0.07666,0.155029,1.049072
1346899606,0.084717,0.151367,1.053223
1346904606,0.081543,0.15625,1.031738
1346909606,0.087646,0.14209,1.022217
1346914606,0.088135,0.13623,1.031982
1346919606,0.088135,0.157227,1.044189
1346924606,0.080078,0.150391,1.041504
1346929606,0.083252,0.149414,1.041504
1346934606,0.078857,0.151611,1.036621
1346939606,0.094971,0.141602,1.041992
1346944606,0.080322,0.141846,1.025391
1346949606,0.089111,0.134521,1.022949
1346954606,0.090576,0.125977,1.022705
1346959606,0.091797,0.14209,1.034912
1346964606,0.078857,0.135254,1.039307
1346969606,0.08374,0.154785,1.039063
1346974606,0.084717,0.142822,1.038818
1346979606,0.08252,0.142822,1.043457
1346984606,0.081055,0.153809,1.04834
1346989606,0.081543,0.147217,1.0354
1346994606,0.085693,0.148193,1.040039
1346999606,0.080811,0.155762,1.039551
1347004606,0.085937,0.13916,1.037354
1347009606,0.087158,0.140625,1.03418
1347014606,0.087158,0.138672,1.040283
1347019606,0.088867,0.127441,1.050537
1347024606,0.085693,0.136963,1.03833
1347029606,0.088379,0.142578,1.04248
1347034606,0.100098,0.071289,0.96167
1347039606,0.028076,0.220947,1.13916
1347044606,0.126709,0.085937,1.013184
1347049606,0.065674,0.173096,1.072754
1347054606,0.098633,0.132324,1.027344
1347059606,0.078125,0.164795,1.05249
1347064606,0.081055,0.147217,1.034424
1347069606,0.077148,0.157227,1.044434
1347074606,0.082275,0.153076,1.043701
1347079606,0.087158,0.135498,1.03125
1347084606,0.087158,0.136719,1.038818
1347089606,0.075195,0.143799,1.051025
1347094606,0.083984,0.147461,1.038574
1347099606,0.089355,0.143066,1.042969
1347104606,0.089355,0.138672,1.043457
1347109606,0.087891,0.140381,1.043457
1347114606,0.085693,0.143311,1.03833
1347119606,0.087402,0.137207,1.036621
1347124606,0.0896,0.140381,1.040283
1347129606,0.082031,0.147217,1.038818
1347134606,0.085937,0.142578,1.036865
1347139606,0.086426,0.151611,1.047119
1347144606,0.076416,0.15625,1.040771
1347149606,0.07959,0.147705,1.030762
1347154606,0.085693,0.152344,1.044678
1347159606,0.090088,0.140381,1.02832
1347164606,0.082764,0.147461,1.040771
1347169606,0.086182,0.13916,1.037598
1347174606,0.082031,0.133789,1.042725
1347179606,0.085205,0.138916,1.042725
1347184606,0.085693,0.142334,1.040527
1347189606,0.079102,0.140625,1.0354
1347194606,0.086182,0.146484,1.041748
1347199606,0.079102,0.144287,1.035156
1347204606,0.088623,0.150879,1.035156
1347209606,0.077637,0.147705,1.040527
1347214606,0.085449,0.147217,1.042236
1347219606,0.087891,0.153809,1.04126
1347224606,0.083496,0.145752,1.028809
1347229606,0.085693,0.1521,1.036377
1347234606,0.077881,0.145508,1.047119
1347239606,0.089355,0.144043,1.037842
1347244606,0.082275,0.143555,1.04126
1347249606,0.084961,0.143555,1.031738
1347254606,0.084473,0.143555,1.046387
1347259606,0.084473,0.143066,1.043945
1347264606,0.092773,0.140625,1.042725
1347269606,0.078857,0.151367,1.041992
1347274606,0.079102,0.151123,1.033691
1347279606,0.087646,0.145996,1.040771
1347284606,0.071289,0.151855,1.036377
1347289606,0.088623,0.145264,1.034668
1347294606,0.077393,0.15918,1.044189
1347299606,0.084961,0.145264,1.039063
1347304606,0.083008,0.151123,1.042969
1347309606,0.073975,0.146484,1.037598
1347314606,0.093262,0.143799,1.019043
1347319606,0.090576,0.139404,1.035156
1347324606,0.089111,0.137451,1.030273
1347329606,0.09082,0.141846,1.043945
1347334606,0.077393,0.154053,1.045898
1347339606,0.09082,0.133545,1.03833
1347344606,0.08667,0.143799,1.045898
1347349606,0.084229,0.138428,1.031738
1347354606,0.080811,0.147705,1.042236
1347359606,0.079834,0.143555,1.032959
1347364606,0.060791,0.162842,1.013184
1347369606,0.082764,0.155273,1.053223
1347374606,0.085937,0.159668,1.019043
1347379606,0.083496,0.133789,1.031738
1347384606,0.099854,0.14209,1.033447
1347389606,0.086914,0.130371,1.029297
1347394606,0.088135,0.139893,1.035156
1347399606,0.094727,0.13623,1.03125
1347404606,0.088379,0.13501,1.04248
1347409606,0.088867,0.147217,1.027832
1347414606,0.083008,0.141357,1.025146
1347419606,0.08252,0.154053,1.04541
1347424606,0.079346,0.161865,1.052246
1347429606,0.077393,0.153564,1.045898
1347434606,0.083496,0.150879,1.040039
1347439606,0.085693,0.142578,1.033936
1347444606,0.08374,0.143066,1.045654
1347449606,0.095703,0.137451,1.038818
1347454606,0.087158,0.143311,1.039551
1347459606,0.087891,0.145752,1.04248
1347464606,0.088135,0.151123,1.043457
1347469606,0.087646,0.141846,1.044678
1347474606,0.087891,0.142334,1.039795
1347479606,0.085205,0.150391,1.038574
1347484606,0.086182,0.143555,1.048096
1347489606,0.085205,0.147217,1.039307
1347494606,0.082031,0.14502,1.04248
1347499606,0.084229,0.143555,1.036865
1347504606,0.082764,0.14502,1.033691
1347509606,0.083984,0.146973,1.0354
1347514606,0.080566,0.14624,1.041748
1347519606,0.084229,0.145996,1.043945
1347524606,0.083496,0.145752,1.041016
1347529606,0.08252,0.147949,1.041992
1347534606,0.090088,0.144531,1.030762
1347539606,0.08667,0.142334,1.036621
1347544606,0.088379,0.141846,1.0354
1347549606,0.090088,0.140625,1.034668
1347554606,0.086182,0.144531,1.039795
1347559606,0.084473,0.142334,1.032471
1347564606,0.083496,0.147949,1.039307
1347569606,0.086914,0.144043,1.034912
1347574606,0.084717,0.145264,1.046143
1347579606,0.085205,0.14624,1.041016
1347584606,0.081055,0.151123,1.037598
1347589606,0.08374,0.145996,1.044678
1347594606,0.083984,0.144043,1.04126
1347599606,0.087891,0.142822,1.038818
1347604606,0.087891,0.14209,1.036133
1347609606,0.085937,0.14502,1.029541
1347614606,0.090088,0.14917,1.04248
1347619606,0.085937,0.145996,1.041504
1347624606,0.090088,0.145264,1.036621
1347629606,0.08667,0.145508,1.038818
1347634606,0.083496,0.145264,1.036377
1347639606,0.08252,0.142578,1.04248
1347644606,0.084473,0.145996,1.037598
1347649606,0.087646,0.145264,1.043457
1347654606,0.084717,0.145752,1.040527
1347659606,0.088379,0.139648,1.039551
1347664606,0.086426,0.143555,1.038818
1347669606,0.080322,0.14209,1.040283
1347674606,0.084961,0.143066,1.038574
1347679606,0.085693,0.142578,1.033936
1347684606,0.087891,0.142578,1.040039
1347689606,0.088135,0.140869,1.040771
1347694606,0.088379,0.144531,1.0354
1347699606,0.087891,0.146484,1.036865
1347704606,0.089111,0.145264,1.041016
1347709606,0.08374,0.147949,1.03833
1347714606,0.085449,0.147461,1.041504
1347719606,0.08374,0.146973,1.038574
1347724606,0.084961,0.145508,1.033203
1347729606,0.087891,0.146973,1.044678
1347734606,0.083252,0.143555,1.04248
1347739606,0.08252,0.14624,1.04248
1347744606,0.088379,0.138916,1.04248
1347749606,0.089355,0.142822,1.042236
1347754606,0.085693,0.139648,1.042969
1347759606,0.087402,0.14502,1.03833
1347764606,0.087158,0.147949,1.041748
1347769606,0.085937,0.147217,1.03418
1347774606,0.085693,0.145264,1.04248
1347779606,0.083252,0.148926,1.042725
1347784606,0.085937,0.148193,1.039551
1347789606,0.085205,0.14209,1.038086
1347794606,0.083496,0.142334,1.037354
1347799606,0.086182,0.142822,1.04541
1347804606,0.082275,0.141602,1.042969
1347809606,0.084961,0.142334,1.038574
1347814606,0.087646,0.145508,1.031738
1347819606,0.089844,0.141846,1.046143
1347824606,0.088379,0.140869,1.043213
1347829606,0.084473,0.141602,1.03833
1347834606,0.082275,0.145996,1.036377
1347839606,0.089111,0.143066,1.042725
1347844606,0.085937,0.145264,1.042236
1347849606,0.085937,0.146729,1.037598
1347854606,0.084717,0.147461,1.033691
1347859606,0.084717,0.148682,1.041016
1347864606,0.086182,0.14624,1.039551
1347869606,0.084717,0.14624,1.036621
1347874606,0.084717,0.14624,1.037109
1347879606,0.087646,0.143799,1.035645
1347884606,0.086426,0.144775,1.035645
1347889606,0.08667,0.144043,1.040527
1347894606,0.08667,0.143555,1.03833
1347899606,0.085693,0.145508,1.044189
1347904606,0.086182,0.144531,1.032959
1347909606,0.085937,0.140137,1.043945
1347914606,0.08667,0.147461,1.044189
1347919606,0.083252,0.145752,1.038818
1347924606,0.085693,0.144043,1.037109
1347929606,0.085937,0.145996,1.038086
1347934606,0.085693,0.145264,1.043945
1347939606,0.084229,0.144775,1.037598
1347944606,0.083252,0.145996,1.039551
1347949606,0.084473,0.143311,1.039063
1347954606,0.08667,0.141113,1.035889
1347959606,0.08374,0.142578,1.039063
1347964606,0.087891,0.141357,1.03418
1347969606,0.084717,0.147461,1.037842
1347974606,0.083984,0.14209,1.041992
1347979606,0.08374,0.143555,1.033203
1347984606,0.080566,0.151855,1.034912
1347989606,0.081299,0.147705,1.039551
1347994606,0.085693,0.147949,1.040283
1347999606,0.088379,0.147461,1.037598
1348004606,0.088379,0.147461,1.041016
1348009606,0.088379,0.148437,1.032227
1348014606,0.086426,0.148437,1.037354
1348019606,0.086182,0.147461,1.038574
1348024606,0.08667,0.145996,1.036865
1348029606,0.085205,0.144531,1.0354
1348034606,0.088379,0.147705,1.032471
1348039606,0.085693,0.142334,1.037354
1348044606,0.089355,0.143799,1.038574
1348049606,0.084473,0.145996,1.037842
1348054606,0.086914,0.143066,1.042725
1348059606,0.082764,0.148437,1.04248
1348064606,0.086182,0.145752,1.035645
1348069606,0.086914,0.143311,1.036865
1348074606,0.088379,0.14624,1.034668
1348079606,0.082031,0.147217,1.040039
1348084606,0.089355,0.143555,1.046631
1348089606,0.086914,0.146484,1.038574
1348094606,0.084229,0.14624,1.036621
1348099606,0.085205,0.143066,1.039795
1348104606,0.07959,0.141602,1.037354
1348109606,0.090088,0.14502,1.04126
1348114606,0.086426,0.144287,1.038086
1348119606,0.084473,0.14624,1.039795
1348124606,0.08252,0.143555,1.036133
1348129606,0.081299,0.140381,1.0354
1348134606,0.083008,0.146484,1.038818
1348139606,0.084473,0.151855,1.036865
1348144606,0.08252,0.144043,1.035156
1348149606,0.089355,0.146973,1.03833
1348154606,0.08667,0.14624,1.039063
1348159606,0.084717,0.149414,1.036621
1348164606,0.088379,0.148193,1.045166
1348169606,0.08667,0.141113,1.038574
1348174606,0.087646,0.149414,1.038086
1348179606,0.087402,0.145508,1.040039
1348184606,0.087891,0.142578,1.031982
1348189606,0.08667,0.14624,1.042236
1348194606,0.084961,0.138916,1.036377
1348199606,0.084229,0.14502,1.037109
1348204606,0.08252,0.143555,1.033447
1348209606,0.079834,0.144775,1.043213
1348214606,0.087891,0.147949,1.034912
1348219606,0.085937,0.147461,1.033691
1348224606,0.081787,0.144531,1.03833
1348229606,0.088379,0.145508,1.040527
1348234606,0.085693,0.148682,1.032715
1348239606,0.088379,0.14917,1.037842
1348244606,0.089355,0.144043,1.037354
1348249606,0.086182,0.141846,1.033203
1348254606,0.088623,0.14502,1.037109
1348259606,0.085693,0.144775,1.037842
1348264606,0.083984,0.144531,1.037354
1348269606,0.083252,0.144775,1.040283
1348274606,0.084473,0.141602,1.037842
1348279606,0.083496,0.141846,1.037354
1348284606,0.081543,0.145996,1.036621
1348289606,0.081787,0.144043,1.037598
1348294606,0.085937,0.143555,1.035645
1348299606,0.084473,0.142822,1.037598
1348304606,0.084717,0.147461,1.03833
1348309606,0.084229,0.144531,1.037109
1348314606,0.087158,0.140869,1.04126
1348319606,0.08667,0.143799,1.04248
1348324606,0.085205,0.144531,1.039795
1348329606,0.083008,0.143066,1.039063
1348334606,0.083984,0.147949,1.041504
1348339606,0.087158,0.14624,1.038818
1348344606,0.089355,0.146973,1.036621
1348349606,0.084717,0.145264,1.038574
1348354606,0.086182,0.149902,1.039551
1348359606,0.089111,0.143555,1.042969
1348364606,0.088135,0.146973,1.036133
1348369606,0.082031,0.147217,1.042725
1348374606,0.080078,0.146484,1.039795
1348379606,0.087646,0.143555,1.033203
1348384606,0.083252,0.148193,1.041748
1348389606,0.087891,0.143311,1.040283
1348394606,0.088135,0.143066,1.039795
1348399606,0.08667,0.142822,1.04248
1348404606,0.08252,0.145264,1.034424
1348409606,0.091064,0.141113,1.040771
1348414606,0.084229,0.14917,1.040527
1348419606,0.084473,0.147461,1.044922
1348424606,0.086426,0.149902,1.036621
1348429606,0.083496,0.14917,1.038818
1348434606,0.083008,0.144775,1.035156
1348439606,0.083496,0.147461,1.041016
1348444606,0.088135,0.143066,1.035889
1348449606,0.089111,0.143066,1.035889
1348454606,0.086426,0.146973,1.042725
1348459606,0.085937,0.150391,1.0354
1348464606,0.084473,0.145996,1.03833
1348469606,0.088867,0.149658,1.037354
1348474606,0.09082,0.148193,1.043457
1348479606,0.083984,0.145264,1.038818
1348484606,0.08667,0.149658,1.036865
1348489606,0.087402,0.147705,1.039795
1348494606,0.084473,0.147461,1.043457
1348499606,0.086426,0.14502,1.039551
1348504606,3.445801,1.198242,3.999878
1348509606,3.999878,2.472168,-4.0
1348514606,0.38501,2.741699,3.999878
1348519606,-1.431885,2.130127,3.999878
1348524606,3.999878,3.2771,-2.156006
1348529606,3.810059,1.055908,-3.646729
1348534606,1.128662,1.961182,3.999878
1348539606,-3.24707,1.876953,-4.0
1348544606,-0.726807,1.57373,-4.0
1348549606,-0.568848,0.572754,-1.598877
1348554606,-0.159912,1.015381,0.873535
1348559606,-1.220703,2.022217,-0.938477
1348564606,-0.343262,2.388184,-2.72583
1348569606,-2.455811,0.605469,0.08374
1348574606,-1.461182,0.304199,1.666992
1348579606,-0.951172,0.342285,1.232666
1348584606,0.005371,0.1604,1.162598
1348589606,-2.980225,2.353271,0.424316
1348594606,-0.618652,1.349121,1.912842
1348599606,2.909912,2.532959,1.761963
1348604606,-0.002686,1.092773,1.324707
1348609606,0.018799,0.411865,1.512451
1348614606,0.259277,-0.08252,0.869141
1348619606,0.076172,-0.014893,0.975586
1348624606,0.05957,0.346924,1.198242
1348629606,0.055908,0.228027,1.075928
1348634606,0.070312,0.247803,1.101074
1348639606,0.123779,0.094482,0.969727
1348644606,0.120605,0.045166,1.050781
1348649606,0.087646,0.304443,1.192871
1348654606,0.111084,0.19165,1.105469
1348659606,0.012695,0.247314,1.01123
1348664606,0.043701,0.173584,0.977539
1348669606,0.172119,-0.138672,0.027344
1348674606,-0.268066,0.990967,-4.0
1348679606,-0.107422,0.035156,0.841064
1348684606,0.107422,0.028076,0.875732
1348689606,0.149658,0.03833,0.865234
1348694606,0.059326,0.164795,1.121582
1348699606,0.049316,0.290039,1.121826
1348704606,0.093994,0.159912,1.010498
1348709606,0.073242,0.127441,0.972656
1348714606,0.107666,0.099854,1.027588
1348719606,0.083496,0.171875,1.015137
1348724606,0.046631,0.140625,1.039307
1348729606,-0.500488,0.728516,0.684814
1348734606,-0.049072,0.196777,1.334717
1348739606,0.110596,0.158936,1.020752
1348744606,0.108398,0.136719,0.987305
1348749606,0.080566,0.132324,1.032471
1348754606,0.093994,0.180664,1.060791
1348759606,0.094482,0.158691,1.08374
1348764606,0.106689,0.174805,1.079834
1348769606,0.143799,0.168701,1.31543
1348774606,-0.271484,1.34082,-0.990723
1348779606,0.218506,0.408691,1.113525
1348784606,0.091064,0.182617,1.120605
1348789606,0.124512,0.13208,1.003418
1348794606,0.038574,0.164551,1.016846
1348799606,0.091797,0.188477,1.017822
1348804606,0.116455,0.027588,0.61499
1348809606,0.05835,0.249268,1.286133
1348814606,0.179932,0.069824,1.0354
1348819606,0.096924,0.096191,1.092773
1348824606,0.11499,0.161865,1.002686
1348829606,-0.013184,0.170654,0.793701
1348834606,0.051025,0.110352,0.763672
1348839606,0.145996,0.324463,1.15332
1348844606,0.078369,0.04126,0.865234
1348849606,0.033691,0.125488,0.86499
1348854606,0.195068,0.093018,1.208252
1348859606,-0.000488,0.229004,1.150879
1348864606,0.049561,0.126465,1.103271
1348869606,0.121094,0.136963,1.059082
1348874606,0.078125,0.108398,1.010254
1348879606,0.089844,0.168457,1.056396
1348884606,0.087158,0.13208,1.022217
1348889606,0.078369,0.161865,1.030273
1348894606,0.086182,0.1521,1.036133
1348899606,0.080078,0.162109,1.051514
1348904606,0.093994,0.143066,1.040771
1348909606,0.099609,0.139404,1.038818
1348914606,0.085693,0.145264,1.026123
1348919606,0.078857,0.151367,1.041992
1348924606,0.091553,0.157959,1.04834
1348929606,0.082275,0.152588,1.036377
1348934606,0.079102,0.155029,1.050537
1348939606,0.094971,0.155518,1.044922
1348944606,0.077881,0.146729,1.02832
1348949606,0.086182,0.152588,1.035156
1348954606,0.0896,0.15332,1.045898
1348959606,0.080566,0.151123,1.034668
1348964606,0.086426,0.149902,1.037354
1348969606,0.091797,0.14917,1.040283
1348974606,0.080322,0.150391,1.032959
1348979606,0.08252,0.145996,1.041504
1348984606,0.087891,0.156982,1.037598
1348989606,0.080811,0.152588,1.041016
1348994606,0.09082,0.149658,1.044922
1348999606,0.090576,0.148926,1.037842
1349004606,0.078857,0.145752,1.031494
1349009606,0.086426,0.14917,1.045654
1349014606,0.081543,0.153564,1.037598
1349019606,0.078857,0.152344,1.033447
1349024606,0.092041,0.14917,1.046387
1349029606,0.090088,0.149902,1.03833
1349034606,0.082031,0.148926,1.03125
1349039606,0.091797,0.156006,1.043945
1349044606,0.090088,0.154053,1.04834
1349049606,0.088135,0.154541,1.037109
1349054606,0.080811,0.149414,1.033203
1349059606,0.092529,0.145508,1.041748
1349064606,0.085937,0.148437,1.036133
1349069606,0.08374,0.148682,1.035889
1349074606,0.10083,0.105469,1.035156
1349079606,0.052246,-0.058105,0.97168
1349084606,0.041992,0.262939,1.119629
1349089606,0.080322,0.195801,1.026123
1349094606,0.061768,0.186523,1.049805
1349099606,0.105225,0.160156,1.029541
1349104606,0.091797,0.138428,1.056641
1349109606,0.065674,0.165771,1.033203
1349114606,0.069336,0.181396,1.05835
1349119606,0.102051,0.157715,1.049805
1349124606,0.090576,0.125488,0.994141
1349129606,0.09375,0.12085,1.034668
1349134606,0.103271,0.120605,1.01709
1349139606,0.089355,0.12085,1.033447
1349144606,0.066162,0.2146,1.07251
1349149606,0.073486,0.16333,1.020264
1349154606,0.059326,0.169678,1.057373
1349159606,0.11377,0.149658,1.020752
1349164606,0.083496,0.133057,1.033203
1349169606,0.072754,0.147949,1.044922
1349174606,0.090088,0.166748,1.045898
1349179606,0.088867,0.151123,1.030273
1349184606,0.081787,0.151611,1.0354
1349189606,0.083252,0.161621,1.036377
1349194606,0.085205,0.169189,1.042969
1349199606,0.108154,0.12793,1.033203
1349204606,0.075439,0.166992,1.049805
1349209606,0.071289,0.109863,1.037109
1349214606,0.084229,0.182129,1.045166
1349219606,0.094238,0.160645,1.027588
1349224606,0.072754,0.137939,1.037354
1349229606,0.0896,0.146973,1.033691
1349234606,0.094971,0.141113,1.038086
1349239606,0.093262,0.159668,1.038086
1349244606,0.093994,0.160645,1.028809
1349249606,0.08667,0.145264,1.029053
1349254606,0.091309,0.158447,1.027832
1349259606,0.087158,0.145752,1.032471
1349264606,0.091553,0.146729,1.038818
1349269606,0.088867,0.153076,1.040283
1349274606,0.086426,0.163574,1.044922
1349279606,0.087402,0.147949,1.029053
1349284606,0.081055,0.150879,1.032959
1349289606,0.090332,0.156006,1.036133
1349294606,0.079834,0.151123,1.036621
1349299606,0.092285,0.140137,1.035645
1349304606,0.0896,0.151855,1.047119
1349309606,0.087158,0.153809,1.033936
1349314606,0.074707,0.158203,1.03418
1349319606,0.103027,0.144531,1.047852
1349324606,0.080078,0.164307,1.03418
1349329606,0.083496,0.153076,1.023193
1349334606,0.086914,0.153564,1.048096
1349339606,0.092285,0.153076,1.036133
1349344606,0.091553,0.151855,1.035889
1349349606,0.092285,0.156982,1.037109
1349354606,0.079834,0.149414,1.039551
1349359606,0.085693,0.148193,1.044434
1349364606,0.099121,0.149902,1.069336
1349369606,0.080322,0.14917,1.03418
1349374606,0.084473,0.155273,1.047363
1349379606,0.088867,0.157959,1.041504
1349384606,0.087158,0.145752,1.03125
1349389606,0.087402,0.148437,1.034912
1349394606,0.091309,0.158691,1.043213
1349399606,0.084961,0.1521,1.036621
1349404606,0.078857,0.157227,1.032715
1349409606,0.090088,0.152588,1.039063
1349414606,0.049072,0.156982,0.959473
1349419606,0.094238,0.13916,1.019775
1349424606,0.087402,0.162109,1.048828
1349429606,0.088623,0.144775,1.040039
1349434606,0.070801,0.15332,1.025635
1349439606,0.092773,0.154053,1.039551
1349444606,0.091553,0.138184,1.024658
1349449606,0.091064,0.139893,1.039551
1349454606,0.093994,0.142578,1.028076
1349459606,0.08374,0.150146,1.036865
1349464606,0.095215,0.135498,1.033691
1349469606,0.085449,0.154785,1.043945
1349474606,0.088623,0.153564,1.033936
1349479606,0.080322,0.155762,1.046875
1349484606,0.086426,0.158447,1.038086
1349489606,0.082031,0.149902,1.037109
1349494606,0.091309,0.157715,1.047607
1349499606,0.087646,0.156982,1.041992
1349504606,0.091797,0.141846,1.031494
1349509606,0.094727,0.13916,1.042969
1349514606,0.095703,0.144531,1.032959
1349519606,0.092529,0.143311,1.035645
1349524606,0.089844,0.154297,1.036133
1349529606,0.088867,0.156006,1.035156
1349534606,0.08374,0.158203,1.042969
1349539606,0.0896,0.155518,1.037109
1349544606,0.080811,0.14917,1.03418
1349549606,0.087891,0.147217,1.035889
1349554606,0.088623,0.149658,1.031738
1349559606,0.088623,0.146973,1.031006
1349564606,0.102051,0.111572,0.999512
1349569606,0.164307,0.057373,0.935303
1349574606,0.042725,0.244141,0.936035
1349579606,0.105713,0.157959,1.006836
1349584606,0.06543,0.166016,1.038574
1349589606,0.106934,0.129395,1.024414
1349594606,0.079834,0.138428,1.014648
1349599606,0.094482,0.119141,1.023926
1349604606,0.08252,0.177979,1.057617
1349609606,0.098877,0.157715,1.016357
1349614606,0.078369,0.144775,1.046143
1349619606,0.090332,0.141113,1.031738
1349624606,0.084229,0.14502,1.043701
1349629606,0.083984,0.150635,1.041992
1349634606,0.084473,0.160889,1.039795
1349639606,0.087158,0.161865,1.042969
1349644606,0.080322,0.156494,1.046143
1349649606,0.092529,0.148682,1.027344
1349654606,0.095459,0.13916,1.024902
1349659606,0.089355,0.140625,1.026367
1349664606,0.090332,0.154297,1.040039
1349669606,0.089111,0.155518,1.046631
1349674606,0.083008,0.163818,1.040527
1349679606,0.087891,0.157227,1.03418
1349684606,0.092041,0.158203,1.040771
1349689606,0.088623,0.152832,1.041504
1349694606,0.089111,0.152832,1.038818
1349699606,0.091797,0.146729,1.037842
1349704606,0.087158,0.143066,1.034424
1349709606,0.087402,0.149414,1.03418
1349714606,0.086182,0.155762,1.041016
1349719606,0.087891,0.145508,1.038574
1349724606,0.088135,0.162598,1.078369
1349729606,0.093018,0.14917,1.051514
1349734606,0.078857,0.143799,1.016357
1349739606,0.089355,0.15332,1.028076
1349744606,0.095703,0.148193,1.036133
1349749606,0.08252,0.152344,1.024902
1349754606,0.08667,0.151855,1.040039
1349759606,0.087646,0.168701,1.038574
1349764606,0.08374,0.153076,1.032715
1349769606,0.092529,0.156494,1.048828
1349774606,0.089355,0.147949,1.035889
1349779606,0.092041,0.147949,1.032959
1349784606,0.087646,0.152344,1.051514
1349789606,0.086914,0.151367,1.04248
1349794606,0.088623,0.151367,1.033936
1349799606,0.088135,0.148437,1.028809
1349804606,0.085449,0.153564,1.043457
1349809606,0.084229,0.154785,1.036865
1349814606,0.090088,0.15625,1.042236
1349819606,0.084229,0.157227,1.034912
1349824606,0.087158,0.158203,1.045654
1349829606,0.093506,0.160645,1.037354
1349834606,0.087646,0.151123,1.04248
1349839606,0.085693,0.153564,1.04541
1349844606,0.088135,0.150146,1.03833
1349849606,0.086182,0.155518,1.034424
1349854606,0.090332,0.151855,1.038574
1349859606,0.089355,0.147949,1.046143
1349864606,0.088623,0.147705,1.035156
1349869606,0.0896,0.1521,1.042725
1349874606,0.09082,0.154297,1.036621
1349879606,0.086426,0.152344,1.039307
1349884606,0.087158,0.154297,1.037109
1349889606,0.084473,0.157715,1.036133
1349894606,0.081787,0.150879,1.041992
1349899606,0.081055,0.194824,1.057861
1349904606,0.095947,0.162598,1.027588
1349909606,0.088867,0.147705,1.042236
1349914606,0.091309,0.158203,1.037598
1349919606,0.085449,0.152832,1.039307
1349924606,0.087402,0.148193,1.04126
1349929606,0.084717,0.161377,1.048096
1349934606,0.094238,0.1521,1.033203
1349939606,0.087158,0.153809,1.047119
1349944606,0.09082,0.1521,1.034912
1349949606,0.083252,0.146729,1.038818
1349954606,0.08667,0.149902,1.043701
1349959606,0.089111,0.149902,1.036133
1349964606,0.092529,0.16626,1.058105
1349969606,0.089111,0.153076,1.04248
1349974606,0.095459,0.168701,1.046875
1349979606,0.088867,0.153564,1.052002
1349984606,0.094482,0.137207,1.049805
1349989606,0.088135,0.144531,1.043701
1349994606,0.090088,0.174561,1.044434
1349999606,0.082275,0.156006,1.054932
1350004606,0.081787,0.156738,1.05127
1350009606,0.094727,0.14917,1.036377
1350014606,0.091064,0.148926,1.04541
1350019606,0.101074,0.131836,1.030762
1350024606,0.094238,0.133545,1.033203
1350029606,0.09668,0.145264,1.031982
1350034606,0.082764,0.151123,1.050781
1350039606,0.092773,0.144531,1.029053
1350044606,0.094727,0.137695,1.034912
1350049606,0.094238,0.143555,1.03418
1350054606,0.085937,0.163574,1.05249
1350059606,0.077637,0.172363,1.050049
1350064606,0.084961,0.174805,1.047363
1350069606,0.083984,0.153564,1.041016
1350074606,0.093262,0.158203,1.04541
1350079606,0.092773,0.13916,1.030762
1350084606,0.093506,0.138184,1.026611
1350089606,0.094971,0.134766,1.024658
1350094606,0.087402,0.149658,1.04126
1350099606,0.086914,0.153076,1.038086
1350104606,0.086914,0.150635,1.033447
1350109606,0.09082,0.146973,1.039063
1350114606,0.085449,0.153564,1.034912
1350119606,0.089355,0.15625,1.036621
1350124606,0.084473,0.157227,1.04248
1350129606,0.0896,0.155762,1.041748
1350134606,0.088379,0.148193,1.046143
1350139606,0.091064,0.14209,1.032471
1350144606,0.093506,0.140869,1.028076
1350149606,0.088867,0.147461,1.029541
1350154606,0.090332,0.151611,1.040283
1350159606,0.088623,0.15332,1.043213
1350164606,0.090576,0.147949,1.043701
1350169606,0.088623,0.150146,1.043457
1350174606,0.092529,0.150635,1.038574
1350179606,0.088867,0.151855,1.040527
1350184606,0.09375,0.154541,1.044434
1350189606,0.088867,0.150879,1.034424
1350194606,0.091064,0.147217,1.040283
1350199606,0.092773,0.14624,1.034424
1350204606,0.085693,0.146484,1.031982
1350209606,0.089111,0.15332,1.034424
1350214606,0.087402,0.157227,1.039795
1350219606,0.086914,0.15625,1.040039
1350224606,0.086182,0.152344,1.040283
1350229606,0.088135,0.151611,1.034668
1350234606,0.091797,0.146484,1.037598
1350239606,0.090088,0.148437,1.037842
1350244606,0.091064,0.147705,1.035889
1350249606,0.090088,0.151611,1.037842
1350254606,0.0896,0.150879,1.040039
1350259606,0.089355,0.155029,1.03418
1350264606,0.089111,0.147217,1.035645
1350269606,0.085449,0.150635,1.040527
1350274606,0.0896,0.155273,1.037842
1350279606,0.085937,0.150146,1.037109
1350284606,0.088867,0.153809,1.03833
1350289606,0.087158,0.149658,1.040771
1350294606,0.092285,0.146729,1.037354
1350299606,0.092529,0.150146,1.040283
1350304606,0.090576,0.146973,1.039307
1350309606,0.087402,0.151367,1.042236
1350314606,0.088135,0.154785,1.04126
1350319606,0.087402,0.151123,1.036865
1350324606,0.088623,0.149658,1.041504
1350329606,0.089111,0.148926,1.038086
1350334606,0.088623,0.1521,1.033203
1350339606,0.093994,0.15332,1.032715
1350344606,0.089355,0.145752,1.038574
1350349606,0.0896,0.14917,1.036621
1350354606,0.09082,0.151855,1.036865
1350359606,0.087891,0.152588,1.038086
1350364606,0.088623,0.152344,1.04126
1350369606,0.087158,0.148926,1.037354
1350374606,0.087158,0.151855,1.039063
1350379606,0.0896,0.151855,1.028564
1350384606,0.093506,0.150146,1.040771
1350389606,0.091064,0.146729,1.035889
1350394606,0.09082,0.148926,1.035645
1350399606,0.091797,0.144775,1.03833
1350404606,0.088867,0.152344,1.034424
1350409606,0.086426,0.150146,1.039795
1350414606,0.085693,0.148926,1.035156
1350419606,0.084717,0.147461,1.034424
1350424606,0.088623,0.148926,1.037109
1350429606,0.089111,0.150635,1.03125
1350434606,0.088867,0.151123,1.035645
1350439606,0.089355,0.149902,1.033691
1350444606,0.086914,0.151367,1.037598
1350449606,0.085205,0.151611,1.040527
1350454606,0.09082,0.152588,1.045654
1350459606,0.08667,0.152588,1.041016
1350464606,0.092773,0.151611,1.039307
1350469606,0.091309,0.150391,1.041016
1350474606,0.0896,0.1521,1.034668
1350479606,0.091553,0.151367,1.03418
1350484606,0.089111,0.152344,1.039795
1350489606,0.095215,0.148193,1.039795
1350494606,0.0896,0.151855,1.041016
1350499606,0.088623,0.149658,1.040283
1350504606,0.088623,0.1521,1.037109
1350509606,0.089111,0.15332,1.036377
1350514606,0.090332,0.150146,1.036865
1350519606,0.087891,0.150391,1.043213
1350524606,0.088379,0.151855,1.033447
1350529606,0.090332,0.151611,1.031982
1350534606,0.090332,0.151611,1.036377
1350539606,0.089355,0.151611,1.032959
1350544606,0.091553,0.145752,1.034912
1350549606,0.093262,0.143799,1.044678
1350554606,0.091797,0.150879,1.040283
1350559606,0.092285,0.154541,1.044434
1350564606,0.090332,0.153076,1.039063
1350569606,0.086914,0.150635,1.038574
1350574606,0.08667,0.152588,1.037842
1350579606,0.088867,0.150879,1.041748
1350584606,0.087158,0.151611,1.035156
1350589606,0.090332,0.149414,1.03833
1350594606,0.09082,0.155273,1.038574
1350599606,0.088135,0.151855,1.043701
1350604606,0.087158,0.150146,1.036865
1350609606,0.091797,0.151611,1.03833
1350614606,0.092773,0.148682,1.037842
1350619606,0.088379,0.147949,1.0354
1350624606,0.085449,0.150391,1.031738
1350629606,0.088135,0.152588,1.040771
1350634606,0.090576,0.147949,1.041016
1350639606,0.090576,0.152832,1.035889
1350644606,0.093262,0.153564,1.037598
1350649606,0.091064,0.148926,1.040771
1350654606,0.091064,0.149414,1.036865
1350659606,0.089111,0.151123,1.042725
1350664606,0.087646,0.150391,1.036377
1350669606,0.090088,0.155029,1.040039
1350674606,0.091309,0.152344,1.038574
1350679606,0.089111,0.153076,1.035156
1350684606,0.0896,0.152588,1.042969
1350689606,0.092773,0.151367,1.040771
1350694606,0.090332,0.151367,1.035156
1350699606,0.093506,0.151611,1.038086
1350704606,0.090576,0.147217,1.037598
1350709606,0.09375,0.14624,1.039063
1350714606,0.085937,0.145264,1.035645
1350719606,0.089111,0.146973,1.038818
1350724606,0.084473,0.15332,1.039551
1350729606,0.088379,0.150391,1.03833
1350734606,0.086426,0.151611,1.040039
1350739606,0.089111,0.1521,1.039795
1350744606,0.089111,0.155029,1.039307
1350749606,0.090332,0.153564,1.035889
1350754606,0.092773,0.155029,1.041748
1350759606,0.088867,0.150146,1.044189
1350764606,0.092041,0.147461,1.037842
1350769606,0.094238,0.150391,1.037598
1350774606,0.09082,0.147705,1.033691
1350779606,0.091309,0.14624,1.038086
1350784606,0.087646,0.147461,1.039307
1350789606,0.085693,0.14917,1.036133
1350794606,0.084961,0.148926,1.034668
1350799606,0.087891,0.149414,1.035645
1350804606,0.087891,0.150879,1.040283
1350809606,0.085205,0.152588,1.03833
1350814606,0.090332,0.150635,1.041504
1350819606,0.0896,0.1521,1.038086
1350824606,0.087158,0.151611,1.041016
1350829606,0.092285,0.154053,1.037842
1350834606,0.089111,0.153809,1.037109
1350839606,0.086182,0.150391,1.031738
1350844606,0.090332,0.150146,1.037354
1350849606,0.092773,0.151367,1.035889
1350854606,0.090332,0.151611,1.032227
1350859606,0.091064,0.150879,1.038818
1350864606,0.089844,0.1521,1.039795
1350869606,0.090332,0.149658,1.040283
1350874606,0.090332,0.150879,1.042725
1350879606,0.088135,0.152588,1.043945
1350884606,0.088623,0.153076,1.038818
1350889606,0.0896,0.150879,1.041992
1350894606,0.090332,0.151611,1.040283
1350899606,0.084229,0.152344,1.038818
1350904606,0.088623,0.151123,1.034424
1350909606,0.086914,0.149414,1.033936
1350914606,0.084717,0.148682,1.029785
1350919606,0.085205,0.145752,1.035645
1350924606,0.089111,0.144287,1.030273
1350929606,0.086426,0.146729,1.036133
1350934606,0.09082,0.151123,1.03418
1350939606,0.088135,0.151611,1.036377
1350944606,0.091309,0.152588,1.037354
1350949606,0.090576,0.153076,1.041016
1350954606,0.090088,0.150635,1.03833
1350959606,0.087158,0.153564,1.033447
1350964606,0.089844,0.150391,1.039795
1350969606,0.089844,0.147461,1.040039
1350974606,0.089111,0.149414,1.032959
1350979606,0.085205,0.14502,1.041992
1350984606,0.091309,0.152832,1.043457
1350989606,0.091064,0.146973,1.035889
1350994606,0.087646,0.147949,1.036865
1350999606,0.0896,0.146484,1.032471
1351004606,0.089111,0.145752,1.033203
1351009606,0.085937,0.150635,1.037598
1351014606,0.088867,0.149658,1.034912
1351019606,0.088135,0.152832,1.037598
1351024606,0.096191,0.15332,1.039795
1351029606,0.085937,0.155762,1.038818
1351034606,0.087646,0.154053,1.037598
1351039606,0.093018,0.150635,1.042969
1351044606,0.086914,0.153809,1.046143
1351049606,0.086426,0.149414,1.036621
1351054606,0.087646,0.147949,1.039063
1351059606,0.088623,0.146729,1.039307
1351064606,0.08667,0.14917,1.037109
1351069606,0.089111,0.145264,1.047119
1351074606,0.092285,0.148682,1.041992
1351079606,0.095459,0.151367,1.045898
1351084606,0.087646,0.151611,1.042725
1351089606,0.0896,0.152344,1.039551
1351094606,0.0896,0.157959,1.043701
1351099606,0.087891,0.156494,1.038574
1351104606,0.08667,0.155762,1.041504
1351109606,0.090088,0.154053,1.042236
1351114606,0.084717,0.155029,1.039063
1351119606,0.086914,0.150391,1.035156
1351124606,0.085937,0.148682,1.040039
1351129606,0.090332,0.152832,1.035645
1351134606,0.091064,0.14917,1.032471
1351139606,0.09082,0.143066,1.040039
1351144606,0.093018,0.148682,1.03418
1351149606,0.088623,0.149414,1.034912
1351154606,0.086914,0.1521,1.036621
1351159606,0.090088,0.154785,1.042969
1351164606,0.086914,0.155029,1.034912
1351169606,0.086914,0.152344,1.037354
1351174606,0.089355,0.152832,1.039551
1351179606,0.092041,0.154785,1.034424
1351184606,0.084717,0.151855,1.029785
1351189606,0.089844,0.152588,1.03833
1351194606,0.092529,0.147705,1.047119
1351199606,0.090332,0.154541,1.043701
1351204606,0.092773,0.151611,1.040527
1351209606,0.093018,0.152344,1.038086
1351214606,0.089844,0.150635,1.044922
1351219606,0.089844,0.153564,1.035645
1351224606,0.085693,0.155762,1.037842
1351229606,0.087402,0.154053,1.039551
1351234606,0.085693,0.151611,1.038086
1351239606,0.087891,0.155762,1.037109
1351244606,0.087646,0.150146,1.037354
1351249606,0.090576,0.145752,1.0354
1351254606,0.09082,0.152344,1.04126
1351259606,0.090332,0.148193,1.035889
1351264606,0.092529,0.146729,1.04248
1351269606,0.092041,0.151123,1.035889
1351274606,0.091064,0.153564,1.035889
1351279606,0.089355,0.151611,1.025635
1351284606,0.089111,0.150146,1.038818
1351289606,0.08667,0.151855,1.038574
1351294606,0.084961,0.152344,1.037109
1351299606,0.087158,0.149658,1.041748
1351304606,0.093994,0.155762,1.038086
1351309606,0.089111,0.150879,1.039307
1351314606,0.090576,0.154785,1.038086
1351319606,0.089844,0.153564,1.038086
1351324606,0.092041,0.150146,1.03833
1351329606,3.999878,0.79541,3.186279
1351334606,0.627441,0.763184,-0.721924
1351339606,-1.265869,0.851807,2.519287
1351344606,-2.155029,2.091309,3.455078
1351349606,-0.147949,-0.282715,-4.0
1351354606,-0.033691,1.093018,-3.194092
1351359606,-0.858887,2.829102,3.999878
1351364606,-0.270996,0.609131,-0.847412
1351369606,-0.092529,2.784912,3.967773
1351374606,-0.095459,0.970947,-0.244629
1351379606,-0.324951,1.16748,-0.260986
1351384606,1.719971,1.6604,3.999878
1351389606,1.250244,1.596436,-2.600342
1351394606,-1.784424,1.373779,-0.730469
1351399606,-1.164795,0.126953,0.904785
1351404606,-2.108887,0.365967,-2.613037
1351409606,-0.35498,-0.114746,1.164307
1351414606,-0.633057,0.115723,-0.656006
1351419606,-0.131592,0.289795,0.660889
1351424606,0.222412,0.327148,1.745117
1351429606,0.165283,0.307373,1.355225
1351434606,0.073486,0.255615,1.388672
1351439606,0.108154,0.328857,-3.102783
1351444606,0.478027,1.868652,-3.25293
1351449606,-1.681641,0.421631,-1.572266
1351454606,-2.417969,0.060303,-1.181396
1351459606,-1.313232,-0.125732,0.348633
1351464606,-0.345947,-0.050781,0.154785
1351469606,-0.665771,0.075684,1.158447
1351474606,-0.812988,0.400391,1.562012
1351479606,-0.328613,0.130859,1.492432
1351484606,-0.109619,0.447754,0.684814
1351489606,-0.625,0.125732,1.169678
1351494606,-1.055176,0.13916,1.336182
1351499606,-1.157715,0.175781,0.884521
1351504606,0.081787,0.174805,1.155029
1351509606,0.124512,0.226807,1.106934
1351514606,0.019775,0.178711,0.963379
1351519606,0.094971,0.172607,0.909912
1351524606,0.074219,0.158203,1.100586
1351529606,0.071533,0.092041,1.196289
1351534606,0.057861,0.1521,0.909668
1351539606,0.11377,0.157471,1.307129
1351544606,-0.023193,0.210693,0.957275
1351549606,0.070068,0.207764,0.983398
1351554606,0.07251,0.171387,1.013428
1351559606,0.133789,0.116455,1.163574
1351564606,0.103271,0.139893,1.213379
1351569606,0.057861,0.137939,1.097168
1351574606,0.054687,0.150879,1.018066
1351579606,0.050049,0.124268,1.098389
1351584606,0.084961,0.162598,0.941162
1351589606,-0.036865,0.12915,1.038574
1351594606,0.134521,0.07666,-0.045898
1351599606,0.168457,0.239014,1.395508
1351604606,-0.482666,0.197998,0.908203
1351609606,0.04126,0.192871,0.932129
1351614606,0.126953,0.154297,1.331787
1351619606,0.110596,0.177979,1.087646
1351624606,0.046875,0.127197,1.029785
1351629606,0.085937,0.154541,1.000244
1351634606,0.071777,0.133301,0.984131
1351639606,0.071045,0.13916,1.048584
1351644606,0.107178,0.135254,1.077393
1351649606,0.099609,0.12915,1.077637
1351654606,0.059814,0.121826,1.052979
1351659606,0.04248,0.123535,1.041992
1351664606,0.077393,0.136475,1.040527
1351669606,0.078857,0.107422,1.046387
1351674606,0.04248,0.149414,1.356689
1351679606,0.027344,0.097168,1.12085
1351684606,-0.362305,0.096924,-0.646484
1351689606,-0.169922,0.431885,-0.397217
1351694606,0.111572,0.161377,1.118164
1351699606,0.069336,0.151611,1.144531
1351704606,0.039795,0.231445,1.040039
1351709606,0.048828,0.084961,0.926758
1351714606,0.068848,0.128662,1.005615
1351719606,0.132324,0.133545,1.005859
1351724606,0.050537,0.156982,1.057373
1351729606,0.084961,0.124756,1.087646
1351734606,0.082275,0.070312,1.051758
1351739606,0.116211,0.099121,1.135498
1351744606,0.089844,0.113281,1.098389
1351749606,0.070312,0.160889,0.970947
1351754606,0.129395,0.183105,1.321777
1351759606,0.036133,0.231445,1.288818
1351764606,-0.909912,0.101318,0.478516
1351769606,-0.773193,0.204102,-3.170654
1351774606,-0.409424,0.156006,1.316406
1351779606,-0.274902,0.259277,1.325928
1351784606,0.11499,0.157227,0.888916
1351789606,0.132568,0.139404,1.121826
1351794606,0.119873,0.143311,1.150146
1351799606,0.078369,0.119385,0.995361
1351804606,0.140137,0.178711,1.236816
1351809606,0.114502,0.104248,1.121094
1351814606,0.083496,0.158203,0.955078
1351819606,0.050049,0.117188,0.920654
1351824606,0.191162,0.124023,1.330322
1351829606,0.114746,0.192383,1.036377
1351834606,0.180176,0.32251,-1.639648
1351839606,-0.344482,1.327148,0.665283
1351844606,0.044434,0.25415,1.229736
1351849606,0.038086,0.605713,1.253418
1351854606,0.033936,0.024902,1.056641
1351859606,0.066162,0.121582,1.007568
1351864606,0.067139,0.113281,0.947266
1351869606,0.064941,0.104492,1.140869
1351874606,0.054443,0.182861,1.057129
1351879606,0.05542,0.11792,0.980957
1351884606,0.054199,0.103516,1.036621
1351889606,0.092529,0.095703,0.999023
1351894606,0.067139,0.228271,0.960937
1351899606,-0.064209,0.189697,0.814209
1351904606,0.079346,0.128174,1.252441
1351909606,0.147949,0.084473,1.531738
1351914606,0.10498,0.188721,1.168945
1351919606,0.032959,0.170166,1.011475
1351924606,-0.014404,0.151123,0.942383
1351929606,0.061279,0.157715,1.072754
1351934606,0.120605,0.188721,1.147949
1351939606,0.030762,0.185547,1.08374
1351944606,0.030762,0.121826,1.003174
1351949606,0.130615,0.092529,1.05542
1351954606,-0.095947,0.183594,0.964111
1351959606,0.05542,0.216797,1.029541
1351964606,-0.020996,0.296387,-1.199951
1351969606,-0.110352,0.582764,0.932617
1351974606,0.11377,0.24292,1.046875
1351979606,-0.068359,0.268311,0.878662
1351984606,0.179199,0.229492,1.317139
1351989606,0.132568,0.192627,1.19043
1351994606,0.052979,0.171631,1.07959
1351999606,0.042725,0.109375,0.775146
1352004606,0.140869,0.040283,1.366943
1352009606,0.09082,0.101807,1.030029
1352014606,0.003418,0.226562,1.05127
1352019606,0.091309,0.153564,1.041992
1352024606,0.070801,0.145752,1.135254
1352029606,0.097656,0.131348,0.998047
1352034606,0.070557,0.134766,1.073486
1352039606,0.072754,0.15332,1.017822
1352044606,0.063721,0.154541,1.010742
1352049606,0.083984,0.13623,1.074951
1352054606,0.091797,0.125488,1.026855
1352059606,0.09082,0.133545,1.045898
1352064606,0.076904,0.155518,1.057373
1352069606,0.081055,0.153076,1.039063
1352074606,0.040283,0.149414,1.008789
1352079606,0.070312,0.155518,1.085938
1352084606,0.081787,0.131104,0.996094
1352089606,0.078369,0.159668,1.063477
1352094606,0.074707,0.15918,1.049561
1352099606,0.068359,0.156738,1.036133
1352104606,0.081543,0.118896,1.034424
1352109606,0.081055,0.126953,1.028564
1352114606,0.069336,0.148193,1.02002
1352119606,0.072754,0.145752,1.041504
1352124606,0.08667,0.149658,1.095947
1352129606,0.080322,0.13916,1.048096
1352134606,0.07666,0.141357,1.058594
1352139606,0.084961,0.152588,1.044189
1352144606,0.084229,0.145752,1.038086
1352149606,0.075439,0.148682,1.042236
1352154606,0.081543,0.14917,1.029785
1352159606,0.070801,0.149414,1.041992
1352164606,0.077637,0.144287,1.043213
1352169606,0.077637,0.143311,1.041992
1352174606,0.077148,0.137451,1.041016
1352179606,0.078369,0.132812,1.045166
1352184606,0.071777,0.140869,1.04248
1352189606,0.071533,0.141113,1.0354
1352194606,0.077393,0.138428,1.043457
1352199606,0.080566,0.139404,1.037109
1352204606,0.07666,0.142578,1.039551
1352209606,0.07959,0.146729,1.039551
1352214606,0.079102,0.143555,1.039795
1352219606,0.078125,0.147949,1.038574
1352224606,0.075928,0.148193,1.044189
1352229606,0.076904,0.148926,1.03833
1352234606,0.075684,0.143799,1.035156
1352239606,0.076172,0.147217,1.041992
1352244606,0.071289,0.145508,1.036133
1352249606,0.068848,0.141846,1.041992
1352254606,0.074219,0.138916,1.037354
1352259606,0.079102,0.142334,1.039795
1352264606,0.069824,0.139893,1.044189
1352269606,0.07251,0.143799,1.037598
1352274606,0.072021,0.145996,1.043213
1352279606,0.07666,0.137207,1.038574
1352284606,0.07666,0.14209,1.041504
1352289606,0.075439,0.147705,1.035889
1352294606,0.081543,0.156738,1.0354
1352299606,0.077393,0.154785,1.040771
1352304606,0.072754,0.146484,1.041504
1352309606,0.07959,0.146973,1.041992
1352314606,0.075684,0.149414,1.037598
1352319606,0.063965,0.162842,1.040039
1352324606,0.083496,0.143066,1.035156
1352329606,0.065918,0.146973,1.045898
1352334606,0.078613,0.14209,1.04126
1352339606,0.070068,0.14624,1.040771
1352344606,0.071777,0.14624,1.046387
1352349606,0.07251,0.141846,1.037354
1352354606,0.072998,0.141357,1.04248
1352359606,0.071289,0.151123,1.043457
1352364606,0.078125,0.148682,1.043701
1352369606,0.071777,0.150146,1.043945
1352374606,0.081543,0.135742,1.047607
1352379606,0.080078,0.140869,1.047363
1352384606,0.077148,0.128906,1.013184
1352389606,0.075684,0.171143,1.046631
1352394606,0.077393,0.123779,1.029053
1352399606,0.067383,0.148437,1.04834
1352404606,0.104248,0.128906,1.043457
1352409606,0.070312,0.142578,1.050049
1352414606,0.077148,0.144531,1.031494
1352419606,0.062012,0.161377,1.053467
1352424606,0.079834,0.148682,1.033203
1352429606,0.071045,0.147949,1.032471
1352434606,0.079102,0.144287,1.036377
1352439606,0.074463,0.14917,1.040527
1352444606,0.079346,0.147461,1.038574
1352449606,0.080078,0.137939,1.040283
1352454606,0.083496,0.148926,1.034668
1352459606,0.076904,0.144287,1.04541
1352464606,0.072998,0.144775,1.03418
1352469606,0.078857,0.156494,1.036377
1352474606,0.075195,0.127686,1.04541
1352479606,0.083496,0.140137,1.060303
1352484606,0.077148,0.144287,1.059082
1352489606,0.075439,0.133057,1.039551
1352494606,0.073975,0.145264,1.0354
1352499606,0.076172,0.134033,1.034912
1352504606,0.077637,0.143799,1.037354
1352509606,0.083496,0.144775,1.043457
1352514606,0.079102,0.132324,1.036133
1352519606,0.080078,0.14209,1.038574
1352524606,0.075195,0.14502,1.036377
1352529606,0.073975,0.149414,1.041748
1352534606,0.08252,0.151855,1.045654
1352539606,0.077393,0.143066,1.04834
1352544606,0.073486,0.143555,1.044434
1352549606,0.074463,0.147217,1.039795
1352554606,0.073486,0.141602,1.037842
1352559606,0.076904,0.138916,1.042969
1352564606,0.074219,0.140381,1.040771
1352569606,0.075928,0.137451,1.043457
1352574606,0.075195,0.141357,1.036377
1352579606,0.075195,0.143311,1.041016
1352584606,0.075684,0.14209,1.037842
1352589606,0.071533,0.148193,1.040771
1352594606,0.076416,0.14917,1.047852
1352599606,0.076904,0.148193,1.040283
1352604606,0.075928,0.145752,1.038574
1352609606,0.080566,0.142822,1.0354
1352614606,0.081055,0.144043,1.041016
1352619606,0.080078,0.141113,1.036621
1352624606,0.077393,0.141602,1.040527
1352629606,0.075928,0.143311,1.038818
1352634606,0.07666,0.147217,1.041016
1352639606,0.073242,0.144775,1.040527
1352644606,0.071533,0.148926,1.040283
1352649606,0.075928,0.145752,1.046875
1352654606,0.073975,0.143555,1.04126
1352659606,0.07666,0.142578,1.040039
1352664606,0.076172,0.14624,1.036865
1352669606,0.078125,0.143311,1.032471
1352674606,0.076904,0.14624,1.037842
1352679606,0.081299,0.145264,1.038818
1352684606,0.078613,0.143799,1.037598
1352689606,0.079102,0.143311,1.040283
1352694606,0.077637,0.145752,1.039063
1352699606,0.077393,0.144775,1.038818
1352704606,0.07959,0.144775,1.043213
1352709606,0.076904,0.139648,1.040527
1352714606,0.075195,0.142822,1.043457
1352719606,0.075439,0.147949,1.044922
1352724606,0.074219,0.144287,1.030762
1352729606,0.07251,0.147217,1.040527
1352734606,0.077881,0.140625,1.039063
1352739606,0.074463,0.14624,1.046143
1352744606,0.075928,0.147217,1.041748
1352749606,0.077637,0.147461,1.041748
1352754606,0.078369,0.141846,1.038574
1352759606,0.078857,0.142578,1.038574
1352764606,0.07666,0.141113,1.040283
1352769606,0.077393,0.141357,1.041016
1352774606,0.074707,0.139648,1.041016
1352779606,0.079346,0.140381,1.037354
1352784606,0.076904,0.145508,1.044922
1352789606,0.074707,0.144531,1.048096
1352794606,0.074951,0.147949,1.039063
1352799606,0.07666,0.149414,1.044189
1352804606,0.077881,0.14209,1.036865
1352809606,0.070557,0.14209,1.04126
1352814606,0.078857,0.145264,1.035156
1352819606,0.076904,0.143799,1.036865
1352824606,0.075928,0.145508,1.042236
1352829606,0.077393,0.143311,1.039795
1352834606,0.07666,0.141357,1.034912
1352839606,0.076416,0.140381,1.04248
1352844606,0.078857,0.142578,1.034424
1352849606,0.078369,0.144531,1.03125
1352854606,0.078613,0.143311,1.039551
1352859606,0.07666,0.147705,1.048828
1352864606,0.072998,0.146729,1.036621
1352869606,0.075684,0.145508,1.042969
1352874606,0.074707,0.146484,1.04126
1352879606,0.076416,0.14209,1.039551
1352884606,0.076416,0.145508,1.040771
1352889606,0.078613,0.144287,1.035645
1352894606,0.078369,0.143066,1.041016
1352899606,0.079346,0.142578,1.037598
1352904606,0.080078,0.14209,1.044189
1352909606,0.073975,0.142822,1.039795
1352914606,0.077393,0.145996,1.04248
1352919606,0.07373,0.143555,1.0354
1352924606,0.076904,0.141357,1.040771
1352929606,0.078125,0.144775,1.040771
1352934606,0.081055,0.146729,1.044678
1352939606,0.074707,0.144531,1.040527
1352944606,0.076904,0.141602,1.04126
1352949606,0.076172,0.145264,1.043213
1352954606,0.074951,0.145508,1.038086
1352959606,0.076172,0.144287,1.042969
1352964606,0.075439,0.143066,1.034424
1352969606,0.077881,0.143066,1.036377
1352974606,0.07959,0.143311,1.041992
1352979606,0.083008,0.138184,1.037354
1352984606,0.080811,0.141602,1.040039
1352989606,0.079102,0.145752,1.03833
1352994606,0.079102,0.147705,1.039063
1352999606,0.077393,0.144531,1.040039
1353004606,0.079102,0.145508,1.040283
1353009606,0.073975,0.144043,1.039795
1353014606,0.072266,0.142578,1.033447
1353019606,0.076416,0.145264,1.041504
1353024606,0.07666,0.140625,1.038818
1353029606,0.081299,0.145752,1.04248
1353034606,0.075439,0.145508,1.036377
1353039606,0.075684,0.143799,1.036621
1353044606,0.078125,0.141846,1.044678
1353049606,0.080078,0.140137,1.037109
1353054606,0.078125,0.14209,1.039551
1353059606,0.076416,0.142334,1.031982
1353064606,0.076172,0.142334,1.04248
1353069606,0.081787,0.14209,1.034668
1353074606,0.080078,0.142334,1.043213
1353079606,0.071289,0.147705,1.0354
1353084606,0.075684,0.14209,1.036377
1353089606,0.079346,0.143555,1.037109
1353094606,0.074951,0.145264,1.041504
1353099606,0.075928,0.144043,1.042236
1353104606,0.075684,0.147461,1.039063
1353109606,0.079346,0.144775,1.04126
1353114606,0.07666,0.141846,1.040527
1353119606,0.076416,0.145752,1.042236
1353124606,0.073242,0.141602,1.040527
1353129606,0.077881,0.141113,1.041992
1353134606,0.080811,0.140625,1.047363
1353139606,0.074951,0.140869,1.040527
1353144606,0.077881,0.14624,1.042725
1353149606,0.077393,0.140869,1.037598
1353154606,0.078369,0.141357,1.050293
1353159606,0.075195,0.141113,1.040771
1353164606,0.07251,0.141113,1.0354
1353169606,0.073975,0.148682,1.048584
1353174606,0.077637,0.144287,1.034424
1353179606,0.075684,0.143066,1.040527
1353184606,0.079346,0.147217,1.04126
1353189606,0.075439,0.145508,1.037842
1353194606,0.078125,0.144287,1.038574
1353199606,0.079102,0.142334,1.034668
1353204606,0.077637,0.141602,1.0354
1353209606,0.077881,0.140381,1.044189
1353214606,0.076416,0.137207,1.036865
1353219606,0.078613,0.141113,1.039307
1353224606,0.07666,0.141357,1.042236
1353229606,0.071289,0.148437,1.039551
1353234606,0.080078,0.143066,1.044922
1353239606,0.078369,0.143555,1.044189
1353244606,0.07373,0.146729,1.044189
1353249606,0.072266,0.144287,1.03833
1353254606,0.07666,0.141113,1.041748
1353259606,0.07666,0.145508,1.048096
1353264606,0.079102,0.140137,1.041992
1353269606,0.076172,0.147461,1.039307
1353274606,0.079346,0.141602,1.039307
1353279606,0.071533,0.14502,1.040771
1353284606,0.07666,0.144043,1.039063
1353289606,0.078369,0.143555,1.044434
1353294606,0.075195,0.146484,1.038818
1353299606,0.079346,0.141357,1.043213
1353304606,0.072266,0.145264,1.039063
1353309606,0.075684,0.143066,1.037354
1353314606,0.073975,0.145996,1.039795
1353319606,0.078369,0.145264,1.036377
1353324606,0.075684,0.142822,1.037354
1353329606,0.077393,0.141357,1.047119
1353334606,0.072021,0.144287,1.034424
1353339606,0.075195,0.141113,1.040039
1353344606,0.07959,0.140381,1.040771
1353349606,0.076904,0.140869,1.036377
1353354606,0.076904,0.144287,1.039551
1353359606,0.078857,0.145508,1.03418
1353364606,0.077881,0.145508,1.039551
1353369606,0.078125,0.140381,1.042969
1353374606,0.077148,0.141846,1.042969
1353379606,0.075684,0.146729,1.040527
1353384606,0.072266,0.143311,1.041992
1353389606,0.07251,0.146484,1.038818
1353394606,0.07373,0.14624,1.043213
1353399606,0.073486,0.142334,1.044678
1353404606,0.072266,0.141846,1.034668
1353409606,0.073242,0.146729,1.046875
1353414606,0.075928,0.146729,1.044678
1353419606,0.07373,0.144531,1.044189
1353424606,0.077881,0.142578,1.035156
1353429606,0.076416,0.142334,1.043457
1353434606,0.076416,0.146484,1.035156
1353439606,0.076904,0.143555,1.039307
1353444606,0.076904,0.146729,1.035889
1353449606,0.079834,0.142822,1.038086
1353454606,0.076172,0.144043,1.034912
1353459606,0.075928,0.146729,1.035645
1353464606,0.07373,0.142334,1.04248
1353469606,0.079834,0.143799,1.043945
1353474606,0.078613,0.143066,1.034912
1353479606,0.078369,0.13916,1.036621
1353484606,0.072021,0.145508,1.040283
1353489606,0.07666,0.147949,1.044678
1353494606,0.076416,0.145752,1.037354
1353499606,0.075195,0.145264,1.036133
1353504606,0.075684,0.145752,1.042969
1353509606,0.079834,0.14209,1.043945
1353514606,0.075684,0.14209,1.039795
1353519606,0.075439,0.144287,1.041016
1353524606,0.076416,0.146973,1.040039
1353529606,0.079102,0.142334,1.044189
1353534606,0.079346,0.141846,1.037598
1353539606,0.074219,0.145508,1.038818
1353544606,0.071289,0.142578,1.032471
1353549606,0.074707,0.140381,1.045898
1353554606,0.07666,0.140869,1.034912
1353559606,0.078613,0.144775,1.040283
1353564606,0.073975,0.144043,1.040039
1353569606,0.073975,0.145264,1.046143
1353574606,0.07666,0.147705,1.044922
1353579606,0.077637,0.14502,1.0354
1353584606,0.076172,0.144287,1.04541
1353589606,0.075928,0.146484,1.040527
1353594606,0.073242,0.145508,1.045166
1353599606,0.074463,0.148926,1.041504
1353604606,0.075439,0.149414,1.037598
1353609606,0.080322,0.141602,1.04126
1353614606,0.075928,0.139893,1.042725
1353619606,0.07959,0.14209,1.043457
1353624606,0.075439,0.142578,1.038574
1353629606,0.074219,0.144775,1.04541
1353634606,0.077637,0.147705,1.043701
1353639606,0.077637,0.145752,1.043945
1353644606,0.078369,0.143311,1.041016
1353649606,0.075439,0.145264,1.044678
1353654606,0.078613,0.145264,1.040283
1353659606,0.077881,0.146729,1.044434
1353664606,0.073975,0.146973,1.041016
1353669606,0.074707,0.14209,1.039551
1353674606,0.075439,0.138916,1.036133
1353679606,0.075195,0.147217,1.039795
1353684606,0.073486,0.141602,1.040771
1353689606,0.078369,0.142334,1.040527
1353694606,0.077148,0.140869,1.044434
1353699606,0.078857,0.14209,1.043945
1353704606,0.075439,0.139648,1.04834
1353709606,0.076904,0.138184,1.045898
1353714606,0.07251,0.140381,1.039551
1353719606,0.077148,0.142822,1.040771
1353724606,0.073242,0.145508,1.042969
1353729606,0.075684,0.145508,1.047852
1353734606,0.076904,0.148193,1.038086
1353739606,0.078613,0.145996,1.043701
1353744606,0.077637,0.146973,1.040527
1353749606,0.073975,0.143799,1.036377
1353754606,0.079102,0.143799,1.040039
1353759606,0.076172,0.144775,1.041504
1353764606,0.083496,0.142822,1.041748
1353769606,0.076172,0.144775,1.043213
1353774606,0.075928,0.138672,1.043213
1353779606,0.077393,0.140869,1.03418
1353784606,0.076416,0.142822,1.038086
1353789606,0.077393,0.143311,1.039063
1353794606,0.078125,0.143311,1.035889
1353799606,0.076172,0.13916,1.044434
1353804606,-2.71875,-1.408203,-4.0
1353809606,-1.879639,-1.438232,-3.340332
1353814606,-0.64624,2.756592,-4.0
1353819606,-2.981445,0.874512,3.999878
1353824606,-3.336182,0.958496,-1.674805
1353829606,-1.547607,0.041504,-1.144531
1353834606,-1.747559,1.099121,-1.928467
1353839606,-1.41748,2.686523,-2.876221
1353844606,-1.324951,0.835937,0.813965
1353849606,-1.172363,0.302002,-0.328857
1353854606,-0.809082,0.18042,1.547363
1353859606,-0.462646,1.218506,-4.0
1353864606,-2.744873,1.513184,0.636719
1353869606,-1.207031,0.20459,1.510986
1353874606,0.148926,0.165527,-0.008545
1353879606,0.161377,0.122559,0.855957
1353884606,-0.03125,0.188477,1.085449
1353889606,0.159912,0.063477,0.766602
1353894606,0.113281,0.047119,1.131592
1353899606,0.029297,0.173828,0.95874
1353904606,0.042236,0.163818,1.045654
1353909606,0.084717,0.205566,1.074463
1353914606,0.039795,0.10791,1.007324
1353919606,0.076904,0.093018,1.055908
1353924606,0.049805,0.107666,0.984863
1353929606,0.043701,0.173584,1.008057
1353934606,0.052979,0.137695,1.054443
1353939606,0.069336,0.163818,1.057617
1353944606,0.077148,0.116943,1.020996
1353949606,0.062744,0.100342,1.014404
1353954606,0.07666,0.11377,1.06665
1353959606,0.067383,0.148682,1.064941
1353964606,0.072266,0.10376,1.012451
1353969606,0.065674,0.140625,1.059082
1353974606,-1.263428,2.017822,3.999878
1353979606,-1.428223,1.509277,0.650879
1353984606,-0.531738,0.316162,3.999878
1353989606,-1.781006,-0.634521,0.167236
1353994606,-2.750244,0.285645,-4.0
1353999606,-0.61499,1.020996,-1.09375
1354004606,-1.691895,1.434082,-3.036377
1354009606,-1.528809,0.338379,-2.373535
1354014606,-0.460205,1.456055,-3.005859
1354019606,-0.056396,0.08667,0.189453
1354024606,0.189697,0.130371,-1.041016
1354029606,-1.157715,0.926025,1.83374
1354034606,-0.396484,0.722412,-1.663086
1354039606,-0.250244,0.098145,0.984131
1354044606,-0.006104,0.155029,0.900146
1354049606,-0.592285,1.552979,-2.316162
1354054606,-0.006348,1.043457,1.086182
1354059606,-0.607178,0.151611,1.070557
1354064606,0.043945,0.4375,0.947998
1354069606,0.129639,0.06958,1.106445
1354074606,0.076416,0.12793,1.030518
1354079606,0.063965,0.193604,0.991455
1354084606,0.103516,0.114502,1.122803
1354089606,0.052979,0.14624,1.073486
1354094606,0.052246,0.129639,1.016113
1354099606,0.079102,0.125488,1.037354
1354104606,0.052734,0.108154,1.000488
1354109606,0.054687,0.109131,1.062012
1354114606,0.080078,0.117676,1.049072
1354119606,0.071045,0.109863,1.078613
1354124606,0.070801,0.12085,1.114502
1354129606,0.057373,0.152832,1.030518
1354134606,0.048096,0.130371,1.013184
1354139606,0.050781,0.12793,1.010742
1354144606,0.071045,0.13916,0.996338
1354149606,0.050293,0.120117,1.035889
1354154606,0.073486,0.126953,1.100098
1354159606,0.067383,0.133057,1.068115
1354164606,0.061768,0.121826,1.069336
1354169606,0.068359,0.12915,1.050537
1354174606,0.053711,0.133545,1.001221
1354179606,0.054687,0.125488,1.025391
1354184606,0.067139,0.124512,1.034912
1354189606,0.061768,0.121338,1.021973
1354194606,0.068604,0.115234,1.052979
1354199606,0.074463,0.128174,1.060303
1354204606,0.060547,0.133301,1.05127
1354209606,0.068115,0.129883,1.0625
1354214606,0.061279,0.134033,1.025391
1354219606,0.055908,0.127441,1.018555
1354224606,0.061523,0.123291,1.0354
1354229606,0.059326,0.123535,1.030518
1354234606,0.064697,0.128662,1.051514
1354239606,0.068359,0.128418,1.07666
1354244606,0.060547,0.12793,1.045654
1354249606,0.063721,0.125244,1.048096
1354254606,0.06958,0.125488,1.038086
1354259606,0.057129,0.126709,1.015869
1354264606,0.0625,0.129639,1.044678
1354269606,0.067627,0.124512,1.039063
1354274606,0.065186,0.124268,1.041748
1354279606,0.068115,0.126709,1.054443
1354284606,0.067627,0.127686,1.04834
1354289606,0.062988,0.123291,1.044922
1354294606,0.06665,0.134277,1.048828
1354299606,0.063965,0.133545,1.033447
1354304606,0.0625,0.126465,1.030273
1354309606,0.067871,0.127441,1.050293
1354314606,0.065674,0.127197,1.033691
1354319606,0.064697,0.125732,1.050781
1354324606,0.06665,0.128906,1.04541
1354329606,0.061279,0.12915,1.044678
1354334606,0.067627,0.126465,1.039307
1354339606,0.062744,0.127686,1.034424
1354344606,0.057129,0.129395,1.032471
1354349606,0.06665,0.125732,1.041504
1354354606,0.060303,0.130615,1.037598
1354359606,0.05957,0.125488,1.044189
1354364606,0.067139,0.125,1.050049
1354369606,0.061279,0.130859,1.043457
1354374606,0.058594,0.124756,1.046143
1354379606,0.065918,0.128174,1.047607
1354384606,0.060547,0.125977,1.03833
1354389606,0.059326,0.129639,1.043457
1354394606,0.064697,0.131348,1.047363
1354399606,0.063477,0.126221,1.032959
1354404606,0.067627,0.122559,1.044434
1354409606,0.066162,0.12915,1.049805
1354414606,0.05957,0.128174,1.038086
1354419606,0.06543,0.126221,1.047363
1354424606,0.065674,0.123535,1.037354
1354429606,0.062744,0.127197,1.036377
1354434606,0.067627,0.127441,1.049072
1354439606,0.064697,0.132568,1.043213
1354444606,0.063232,0.128418,1.043945
1354449606,0.062988,0.129395,1.045654
1354454606,0.060791,0.12915,1.041992
1354459606,0.060547,0.129639,1.044678
1354464606,0.067383,0.126709,1.047607
1354469606,0.061523,0.127441,1.041992
1354474606,0.064697,0.128906,1.045898
1354479606,0.06665,0.12915,1.040283
1354484606,0.063721,0.123535,1.037598
1354489606,0.062012,0.125244,1.047119
1354494606,0.065674,0.125,1.040771
1354499606,0.061279,0.123535,1.043457
1354504606,0.067383,0.130371,1.046387
1354509606,0.063721,0.126953,1.044189
1354514606,0.065674,0.128174,1.039551
1354519606,0.06543,0.129883,1.046631
1354524606,0.061768,0.12793,1.034912
1354529606,0.064941,0.125732,1.044678
1354534606,0.061768,0.124268,1.040771
1354539606,0.062012,0.126465,1.043457
1354544606,0.065674,0.129883,1.041504
1354549606,0.064453,0.129639,1.043213
1354554606,0.063477,0.123291,1.039063
1354559606,0.060059,0.129883,1.047119
1354564606,0.067627,0.124756,1.04126
1354569606,0.064209,0.127441,1.037598
1354574606,0.068604,0.129639,1.044434
1354579606,0.068115,0.128418,1.046631
1354584606,0.064209,0.128418,1.042236
1354589606,0.064209,0.125,1.045166
1354594606,0.063721,0.124268,1.037842
1354599606,0.061035,0.125,1.037354
1354604606,0.064697,0.126953,1.047119
1354609606,0.063232,0.123291,1.040771
1354614606,0.065186,0.126465,1.047119
1354619606,0.06543,0.125244,1.038574
1354624606,0.063477,0.128418,1.044434
1354629606,0.062256,0.129639,1.041748
1354634606,0.06665,0.126953,1.042236
1354639606,0.062988,0.129883,1.041748
1354644606,0.066406,0.132324,1.047852
1354649606,0.062744,0.131104,1.039795
1354654606,0.062988,0.125488,1.04541
1354659606,0.061035,0.132568,1.041992
1354664606,0.06665,0.127197,1.044189
1354669606,0.064941,0.128174,1.045166
1354674606,0.063477,0.126221,1.047119
1354679606,0.068848,0.124512,1.037842
1354684606,0.080811,0.11499,1.041016
1354689606,0.115967,0.076172,1.14624
1354694606,0.154053,0.18042,1.139648
1354699606,0.093018,0.048096,0.928955
1354704606,0.057617,0.080078,1.039063
1354709606,0.085937,0.067139,0.978271
1354714606,0.070312,0.102783,1.021484
1354719606,0.052002,0.123779,1.004395
1354724606,0.035156,0.146484,1.022949
1354729606,0.022705,0.163818,1.052002
1354734606,0.02124,0.175293,1.015137
1354739606,0.010254,0.204102,1.088379
1354744606,0.01001,0.25708,1.124756
1354749606,0.052002,0.163818,1.06543
1354754606,0.047119,0.131348,0.996826
1354759606,0.054443,0.106201,1.025879
1354764606,0.05249,0.148926,1.080322
1354769606,0.067871,0.128174,1.049072
1354774606,0.06543,0.119385,1.04126
1354779606,0.06665,0.132812,1.046387
1354784606,0.049072,0.130859,1.053467
1354789606,0.055176,0.13208,1.037354
1354794606,0.064453,0.126709,1.0354
1354799606,0.057861,0.126709,1.04541
1354804606,0.056641,0.136719,1.047852
1354809606,0.056152,0.13208,1.042236
1354814606,0.056641,0.126221,1.039551
1354819606,0.059326,0.124512,1.033447
1354824606,0.056396,0.126221,1.04834
1354829606,0.05957,0.130127,1.047119
1354834606,0.058838,0.130615,1.041016
1354839606,0.062256,0.130127,1.04541
1354844606,0.067627,0.114746,1.043945
1354849606,0.054199,0.141846,1.054443
1354854606,0.043945,0.129395,1.023926
1354859606,0.056885,0.132568,1.044678
1354864606,0.070312,0.130859,1.046143
1354869606,0.076172,0.125244,1.041992
1354874606,0.060791,0.148926,1.057617
1354879606,0.061768,0.127197,1.03418
1354884606,0.059814,0.124512,1.028076
1354889606,0.058105,0.121094,1.039063
1354894606,0.048096,0.133545,1.049805
1354899606,0.04834,0.138916,1.057861
1354904606,0.074951,0.134033,1.079834
1354909606,0.066162,0.129395,1.05957
1354914606,0.056152,0.141357,1.0354
1354919606,0.047363,0.130371,1.020264
1354924606,0.058838,0.145264,1.063721
1354929606,0.075439,0.128174,1.042725
1354934606,0.061279,0.128174,1.028809
1354939606,0.056885,0.124756,1.033203
1354944606,0.065186,0.130371,1.054932
1354949606,0.0625,0.123535,1.04834
1354954606,0.055176,0.126221,1.043701
1354959606,0.060059,0.12793,1.040039
1354964606,0.056396,0.124268,1.045166
1354969606,0.062256,0.128662,1.05127
1354974606,0.057129,0.133789,1.044434
1354979606,0.060059,0.12085,1.041748
1354984606,0.053955,0.129639,1.050781
1354989606,0.053467,0.126465,1.047852
1354994606,0.062744,0.133057,1.05835
1354999606,0.062988,0.129639,1.055664
1355004606,0.053955,0.134033,1.04834
1355009606,0.051025,0.128662,1.054932
1355014606,0.067627,0.134521,1.051758
1355019606,0.064453,0.131592,1.054932
1355024606,0.063965,0.12793,1.041504
1355029606,0.062012,0.130615,1.067627
1355034606,0.064209,0.111572,1.061768
1355039606,0.060547,0.13208,1.047363
1355044606,0.065918,0.131592,1.060059
1355049606,0.056885,0.127197,1.049072
1355054606,0.057861,0.126221,1.043945
1355059606,0.047363,0.138184,1.036621
1355064606,0.04834,0.139404,1.044189
1355069606,0.050537,0.142578,1.051514
1355074606,0.045654,0.135742,1.060059
1355079606,0.05835,0.13623,1.048584
1355084606,0.056885,0.138428,1.025391
1355089606,0.051758,0.138184,1.050781
1355094606,0.062256,0.133301,1.042236
1355099606,0.055908,0.12793,1.03418
1355104606,0.045654,0.137939,1.052002
1355109606,0.062988,0.125244,1.040771
1355114606,0.061279,0.128418,1.038086
1355119606,0.06958,0.118652,1.039551
1355124606,0.061768,0.125,1.040283
1355129606,0.081055,0.11084,1.034668
1355134606,0.074951,0.129883,1.106689
1355139606,0.096191,0.108398,1.030762
1355144606,0.079834,0.110352,1.146484
1355149606,0.070068,0.128662,1.146484
1355154606,0.073486,0.124512,1.073975
1355159606,0.075439,0.114258,1.079102
1355164606,0.032959,0.120361,1.01123
1355169606,0.061279,0.133545,1.009033
1355174606,0.00293,0.137695,0.911621
1355179606,0.060059,0.122314,1.045898
1355184606,0.071777,0.130615,1.110107
1355189606,0.020264,0.136719,0.864258
1355194606,0.094971,0.139648,1.12207
1355199606,0.060059,0.127197,1.031494
1355204606,0.064209,0.129639,1.042725
1355209606,0.058594,0.122314,1.06543
1355214606,0.060791,0.120605,1.039795
1355219606,0.081055,0.133057,1.081787
1355224606,0.060059,0.111572,1.059326
1355229606,0.063232,0.126953,1.039795
1355234606,0.053467,0.119629,1.07959
1355239606,0.056641,0.134277,1.015381
1355244606,0.060547,0.138916,1.045898
1355249606,0.066406,0.115967,1.095215
1355254606,0.039307,0.123779,0.973877
1355259606,0.086426,0.134033,1.104004
1355264606,0.07251,0.125,1.104736
1355269606,0.057617,0.134033,1.039551
1355274606,0.070068,0.128906,1.07251
1355279606,0.060791,0.12085,1.032471
1355284606,0.061768,0.121582,1.041748
1355289606,0.046143,0.141846,1.032959
1355294606,0.071533,0.113525,1.042725
1355299606,0.052002,0.119629,1.044922
1355304606,0.070068,0.125977,1.054199
1355309606,0.057373,0.121094,1.046875
1355314606,0.068115,0.128662,1.0625
1355319606,0.06665,0.120605,1.044678
1355324606,0.065674,0.131348,1.063721
1355329606,0.055176,0.13501,1.033447
1355334606,0.067627,0.123047,1.03833
1355339606,0.070068,0.125977,1.066406
1355344606,0.060547,0.128662,1.043945
1355349606,0.056396,0.130371,1.054199
1355354606,0.057861,0.124023,1.047119
1355359606,0.061523,0.122803,1.047607
1355364606,0.059082,0.122559,1.032471
1355369606,0.060303,0.130859,1.051025
1355374606,0.057129,0.123779,1.042725
1355379606,0.05835,0.127686,1.04126
1355384606,0.058594,0.12915,1.036621
1355389606,0.063721,0.131104,1.05957
1355394606,0.061035,0.131592,1.045898
1355399606,0.057129,0.127441,1.042969
1355404606,0.057617,0.123047,1.036377
1355409606,0.062012,0.127197,1.040771
1355414606,0.0625,0.12085,1.035156
1355419606,0.055176,0.122559,1.026367
1355424606,0.059814,0.10791,1.04248
1355429606,0.061279,0.134277,1.01416
1355434606,0.05957,0.125488,1.058838
1355439606,0.053955,0.111816,1.033447
1355444606,0.068115,0.126953,1.044678
1355449606,0.057129,0.136475,1.018066
1355454606,0.057373,0.126465,1.030273
1355459606,0.062744,0.12793,1.040771
1355464606,0.055176,0.126465,1.041016
1355469606,0.050537,0.149902,1.021973
1355474606,0.059814,0.135742,1.046875
1355479606,0.060791,0.133301,1.047607
1355484606,0.057617,0.126709,1.032227
1355489606,0.064697,0.128662,1.054688
1355494606,0.067139,0.126465,1.050781
1355499606,0.060791,0.125,1.039063
1355504606,0.06543,0.132812,1.03833
1355509606,0.066406,0.12915,1.04248
1355514606,0.060791,0.127441,1.046387
1355519606,0.0625,0.12915,1.04126
1355524606,0.05957,0.130371,1.043701
1355529606,0.063232,0.125977,1.057373
1355534606,0.063232,0.133545,1.048096
1355539606,0.059082,0.12915,1.035889
1355544606,0.065186,0.12793,1.046875
1355549606,0.060547,0.126953,1.049316
1355554606,0.061279,0.126709,1.043701
1355559606,0.064697,0.131348,1.039795
1355564606,0.0625,0.136475,1.046631
1355569606,0.055664,0.125977,1.039551
1355574606,0.05835,0.121582,1.038818
1355579606,0.062744,0.130127,1.046631
1355584606,0.060791,0.11792,1.047607
1355589606,0.056152,0.13501,1.044678
1355594606,0.064941,0.125,1.037109
1355599606,0.072266,0.108887,1.072021
1355604606,0.070557,0.127686,1.06665
1355609606,0.058105,0.14917,1.025146
1355614606,0.047119,0.118652,1.037598
1355619606,0.059326,0.13623,1.015137
1355624606,0.055908,0.121582,1.014648
1355629606,0.081787,0.117188,1.072754
1355634606,0.059082,0.117188,1.026367
1355639606,0.071289,0.130615,1.061523
1355644606,0.059814,0.126953,1.041748
1355649606,0.046631,0.134766,1.032227
1355654606,0.060059,0.130127,1.057373
1355659606,0.053955,0.102783,1.035156
1355664606,0.074463,0.125244,1.050293
1355669606,0.06958,0.11792,1.065674
1355674606,0.060791,0.135498,1.050781
1355679606,0.042969,0.119141,1.019043
1355684606,0.059326,0.137695,1.020752
1355689606,0.052246,0.154297,1.017334
1355694606,0.064941,0.130615,1.074951
1355699606,0.053955,0.136963,1.029541
1355704606,0.070801,0.11792,1.088623
1355709606,0.087891,0.140869,1.178711
1355714606,0.072998,0.141357,1.072754
1355719606,0.063721,0.14209,1.070557
1355724606,0.068848,0.120117,1.025391
1355729606,0.06543,0.115479,1.045898
1355734606,0.075195,0.111816,1.043701
1355739606,0.064941,0.12207,1.063232
1355744606,0.078125,0.111816,1.04834
1355749606,0.088135,0.02417,0.568604
1355754606,-1.052246,0.803711,0.76123
1355759606,-1.857666,0.969238,1.547852
1355764606,0.150879,0.210937,1.506836
1355769606,0.033936,0.300537,0.910645
1355774606,0.070068,0.108643,0.982422
1355779606,0.057617,0.121582,1.113525
1355784606,0.047363,0.202393,1.10083
1355789606,0.057129,0.131836,1.037354
1355794606,0.073975,0.501709,1.033936
1355799606,0.075684,1.69751,0.982666
1355804606,0.052979,0.585449,1.062012
1355809606,0.076172,0.101807,1.006348
1355814606,0.047852,0.138672,1.048828
1355819606,0.075928,0.126465,1.028076
1355824606,0.066406,0.115967,1.092285
1355829606,0.037842,0.096191,0.950195
1355834606,-1.399414,1.004883,-2.618652
1355839606,0.397705,0.039307,1.053955
1355844606,-0.438721,0.166504,0.779541
1355849606,-0.324707,0.208496,1.038818
1355854606,0.055908,0.186523,1.052979
1355859606,0.049072,0.449219,1.175781
1355864606,0.098877,0.118652,1.049805
1355869606,0.058594,0.101074,1.032959
1355874606,0.088135,0.084473,1.034912
1355879606,0.052002,0.127441,1.044922
1355884606,0.066162,0.134033,1.052002
1355889606,0.060791,0.116943,1.02124
1355894606,0.033691,0.088379,0.917969
1355899606,-0.09668,0.145264,-0.720947
1355904606,-0.67749,0.352783,0.703613
1355909606,-0.803955,0.230225,1.079834
1355914606,0.052979,0.195557,1.039063
1355919606,0.052246,0.134277,1.105957
1355924606,0.080078,0.182129,1.155762
1355929606,0.077637,0.057129,0.977783
1355934606,0.058838,0.103027,1.042725
1355939606,0.09082,0.123047,1.040771
1355944606,0.057617,0.0896,1.04248
1355949606,0.074219,0.162109,1.005371
1355954606,-0.614014,0.230469,-4.0
1355959606,-1.964844,0.126953,0.856934
1355964606,-1.03418,0.236816,1.152588
1355969606,0.10498,0.168945,1.15625
1355974606,0.02417,0.128906,1.060791
1355979606,0.028564,0.188232,1.036377
1355984606,0.105957,0.074463,1.031982
1355989606,0.054443,0.123535,1.053955
1355994606,0.121094,0.041504,1.679932
1355999606,0.022705,0.312012,0.398193
1356004606,0.076904,0.071777,1.165283
1356009606,0.040039,0.115479,1.08374
1356014606,0.074951,0.118896,1.032959
1356019606,0.055664,0.0979,1.009521
1356024606,0.028564,0.167969,0.976562
1356029606,0.032471,0.437744,-1.389404
1356034606,-0.484619,0.213379,1.529297
1356039606,0.04834,0.112061,1.061035
1356044606,0.061279,0.280029,0.964844
1356049606,0.067871,0.06665,0.95752
1356054606,0.105469,1.455322,1.205322
1356059606,0.103271,1.365479,1.245117
1356064606,0.095703,0.411377,1.014648
1356069606,0.055908,0.272705,1.030762
1356074606,0.1521,0.102783,1.233887
1356079606,-0.109863,0.228271,0.890625
1356084606,0.01416,0.141602,0.913086
1356089606,0.111328,0.222656,1.123535
1356094606,0.067383,0.173584,1.038086
1356099606,0.076904,0.151367,1.111328
1356104606,0.048096,0.141113,1.050781
1356109606,0.067871,0.125732,1.061279
1356114606,0.066406,0.10791,1.032227
1356119606,0.070557,0.130615,1.037354
1356124606,0.067383,0.10376,1.0354
1356129606,0.062012,0.118164,1.050781
1356134606,0.064453,0.144043,1.056152
1356139606,0.05542,0.133057,1.045898
1356144606,0.061035,0.136719,1.051025
1356149606,0.068115,0.121826,1.037109
1356154606,0.05542,0.121338,1.038818
1356159606,0.064209,0.119873,1.04834
1356164606,0.061035,0.126709,1.04541
1356169606,0.063965,0.135498,1.046875
1356174606,0.06543,0.125488,1.047119
1356179606,0.064697,0.129883,1.046875
1356184606,0.065186,0.115479,1.041504
1356189606,0.060059,0.112793,1.038818
1356194606,0.06543,0.123779,1.052734
1356199606,0.05835,0.134277,1.045654
1356204606,0.056885,0.135498,1.05835
1356209606,0.059326,0.133789,1.052002
1356214606,0.063721,0.122559,1.046143
1356219606,0.061035,0.117676,1.038818
1356224606,0.065186,0.117432,1.038086
1356229606,0.0625,0.124756,1.047607
1356234606,0.05957,0.129883,1.044922
1356239606,0.064453,0.126465,1.050293
1356244606,0.064209,0.12207,1.041016
1356249606,0.065186,0.118408,1.037354
1356254606,0.065186,0.119629,1.041504
1356259606,0.062256,0.123047,1.043945
1356264606,0.058594,0.129883,1.049072
1356269606,0.060059,0.130127,1.050049
1356274606,0.062988,0.127686,1.044189
1356279606,0.062988,0.122803,1.040527
1356284606,0.063965,0.121338,1.044189
1356289606,0.063232,0.123291,1.043701
1356294606,0.058105,0.124512,1.044189
1356299606,0.05957,0.124023,1.044922
1356304606,0.05957,0.120605,1.044189
1356309606,0.062744,0.120605,1.047119
1356314606,0.058105,0.119141,1.042725
1356319606,0.059814,0.122803,1.043213
1356324606,0.059326,0.123047,1.041992
1356329606,0.062256,0.128418,1.051025
1356334606,0.062012,0.120117,1.048096
1356339606,0.062744,0.124268,1.048828
1356344606,0.067383,0.125732,1.035156
1356349606,0.065918,0.124512,1.040527
1356354606,0.062988,0.125,1.047363
1356359606,0.065674,0.126221,1.039795
1356364606,0.061279,0.129883,1.04834
1356369606,0.063232,0.127197,1.042236
1356374606,0.061768,0.128662,1.040527
1356379606,0.061768,0.123291,1.045898
1356384606,0.056152,0.123047,1.048584
1356389606,0.060303,0.128174,1.046631
1356394606,0.05835,0.123047,1.04126
1356399606,0.064453,0.118408,1.039063
1356404606,0.0625,0.117432,1.04126
1356409606,0.063721,0.11792,1.041504
1356414606,0.059326,0.124023,1.044678
1356419606,0.0625,0.126953,1.041504
1356424606,0.05835,0.126953,1.040039
1356429606,0.06543,0.125732,1.041504
1356434606,0.064697,0.128662,1.041016
1356439606,0.062988,0.137939,1.041504
1356444606,0.062256,0.126709,1.043701
1356449606,0.059326,0.128662,1.043213
1356454606,0.064209,0.124023,1.047119
1356459606,0.062012,0.120117,1.045654
1356464606,0.059082,0.12085,1.04541
1356469606,0.05957,0.119873,1.041992
1356474606,0.061768,0.12085,1.044434
1356479606,0.05835,0.122803,1.044678
1356484606,0.065674,0.121582,1.049072
1356489606,0.062988,0.120117,1.050781
1356494606,0.065674,0.121338,1.044434
1356499606,0.062012,0.130859,1.044189
1356504606,0.060303,0.127441,1.049561
1356509606,0.063721,0.128906,1.040283
1356514606,0.06665,0.126709,1.044434
1356519606,0.062256,0.124023,1.041504
1356524606,0.062744,0.124756,1.040771
1356529606,0.059814,0.121582,1.045898
1356534606,0.058105,0.123047,1.046143
1356539606,0.062012,0.119141,1.044434
1356544606,0.060303,0.121338,1.042236
1356549606,0.067383,0.11792,1.044678
1356554606,0.0625,0.123291,1.044434
1356559606,0.0625,0.11792,1.044434
1356564606,0.060547,0.125977,1.04248
1356569606,0.060791,0.122314,1.044678
1356574606,0.066406,0.124756,1.039063
1356579606,0.060791,0.125,1.043701
1356584606,0.063232,0.124023,1.043945
1356589606,0.061035,0.123779,1.04834
1356594606,0.068359,0.128662,1.043701
1356599606,0.064209,0.131836,1.044434
1356604606,0.062744,0.126709,1.04541
1356609606,0.0625,0.119141,1.041016
1356614606,0.063721,0.123291,1.04541
1356619606,0.062744,0.118652,1.044189
1356624606,0.057617,0.117432,1.041748
1356629606,0.057617,0.118164,1.043457
1356634606,0.061523,0.118652,1.039551
1356639606,0.059326,0.121826,1.039063
1356644606,0.062744,0.122803,1.041504
1356649606,0.060303,0.125,1.049316
1356654606,0.060791,0.125977,1.043213
1356659606,0.0625,0.131348,1.046387
1356664606,0.062744,0.128906,1.047119
1356669606,0.062988,0.128906,1.041504
1356674606,0.063477,0.129395,1.043701
1356679606,0.063232,0.12793,1.047607
1356684606,0.061035,0.130859,1.043457
1356689606,0.063965,0.126465,1.046875
1356694606,0.066162,0.122314,1.042969
1356699606,0.063477,0.125244,1.046631
1356704606,0.061523,0.121582,1.046143
1356709606,0.060303,0.117188,1.04541
1356714606,0.061768,0.115234,1.04834
1356719606,0.061768,0.114746,1.042236
1356724606,0.064941,0.111572,1.046143
1356729606,0.064697,0.117432,1.052002
1356734606,0.063477,0.120361,1.048584
1356739606,0.0625,0.125,1.043213
1356744606,0.063477,0.128662,1.047363
1356749606,0.056152,0.129395,1.045166
1356754606,0.062256,0.135986,1.039795
1356759606,0.059082,0.137939,1.043213
1356764606,0.060547,0.135986,1.043457
1356769606,0.059814,0.12915,1.042969
1356774606,0.060547,0.130859,1.041992
1356779606,0.061035,0.124756,1.043945
1356784606,0.059326,0.119873,1.041748
1356789606,0.061279,0.115967,1.048584
1356794606,0.061279,0.119629,1.049316
1356799606,0.062256,0.114258,1.047607
1356804606,0.062744,0.118896,1.04541
1356809606,0.062012,0.12085,1.046387
1356814606,0.064209,0.121582,1.04541
1356819606,0.062988,0.127197,1.039307
1356824606,0.05957,0.129639,1.04834
1356829606,0.059326,0.133301,1.040771
1356834606,0.061035,0.127441,1.046387
1356839606,0.061035,0.128906,1.046387
1356844606,0.064697,0.133545,1.047363
1356849606,0.064941,0.128662,1.053467
1356854606,0.067383,0.122314,1.048584
1356859606,0.062012,0.123535,1.049805
1356864606,0.062012,0.11792,1.046387
1356869606,0.062988,0.116211,1.043945
1356874606,0.063477,0.113281,1.037598
1356879606,0.06543,0.114746,1.047852
1356884606,0.0625,0.12085,1.042725
1356889606,0.059326,0.116211,1.045654
1356894606,0.063965,0.12793,1.04834
1356899606,0.061279,0.127197,1.041016
1356904606,0.063232,0.128906,1.043945
1356909606,0.059082,0.130127,1.047363
1356914606,0.058594,0.135742,1.047119
1356919606,0.063477,0.130859,1.041992
1356924606,0.066162,0.12915,1.046387
1356929606,0.064697,0.129395,1.050537
1356934606,0.069336,0.121582,1.042969
1356939606,0.063721,0.120361,1.044922
1356944606,0.063232,0.114014,1.042725
1356949606,0.065918,0.11377,1.046875
1356954606,0.063965,0.119873,1.048584
1356959606,0.064453,0.116211,1.050049
1356964606,0.060791,0.123291,1.047119
1356969606,0.05957,0.128906,1.038818
1356974606,0.057129,0.129883,1.042969
1356979606,0.056396,0.130859,1.041504
1356984606,0.056396,0.128418,1.039795
1356989606,0.059082,0.128906,1.036377
1356994606,0.062744,0.127441,1.043945
1356999606,0.061035,0.123535,1.051514
1357004606,0.064697,0.122314,1.049316
1357009606,0.063721,0.122314,1.043945
1357014606,0.065918,0.120605,1.048828
1357019606,0.064697,0.115234,1.044434
1357024606,0.05957,0.12085,1.044434
1357029606,0.059326,0.12085,1.04834
1357034606,0.059326,0.121338,1.045166
1357039606,0.060791,0.120605,1.044189
1357044606,0.060059,0.128906,1.045898
1357049606,0.060303,0.132568,1.042969
1357054606,0.057373,0.132324,1.046875
1357059606,0.060547,0.127441,1.041748
1357064606,0.057861,0.132324,1.03833
1357069606,0.061523,0.125,1.042236
1357074606,0.063232,0.124756,1.040771
1357079606,0.063477,0.122314,1.046143
1357084606,0.061035,0.121582,1.04126
1357089606,0.062988,0.119629,1.041504
1357094606,0.06543,0.116211,1.045166
1357099606,0.064941,0.120361,1.045166
1357104606,0.064941,0.12207,1.046387
1357109606,0.063965,0.121094,1.047607
1357114606,0.059814,0.123535,1.044434
1357119606,0.060791,0.130127,1.046875
1357124606,0.056885,0.125977,1.042236
1357129606,0.056152,0.126465,1.045166
1357134606,0.062988,0.127686,1.052002
1357139606,0.063477,0.125244,1.046631
1357144606,0.062012,0.12793,1.038818
1357149606,0.06543,0.125,1.045654
1357154606,0.063965,0.123291,1.043945
1357159606,0.063477,0.120117,1.043213
1357164606,0.067139,0.120361,1.043945
1357169606,0.066162,0.122314,1.040527
1357174606,0.062988,0.125488,1.046387
1357179606,0.064453,0.122803,1.049072
1357184606,0.058594,0.126953,1.046143
1357189606,0.066406,0.125244,1.045898
1357194606,0.057617,0.124512,1.053955
1357199606,0.059082,0.127441,1.042969
1357204606,0.058105,0.124268,1.047607
1357209606,0.058105,0.125488,1.050537
1357214606,0.058838,0.126709,1.04834
1357219606,0.063477,0.124023,1.038574
1357224606,0.064697,0.123779,1.044434
1357229606,0.065186,0.123291,1.05127
1357234606,0.065186,0.12085,1.049316
1357239606,0.063965,0.121826,1.040771
1357244606,0.06543,0.126953,1.040527
1357249606,0.06543,0.123047,1.043457
1357254606,0.058594,0.125244,1.039307
1357259606,0.061768,0.129639,1.044434
1357264606,0.05835,0.126465,1.047607
1357269606,0.056885,0.123779,1.048584
1357274606,0.05957,0.12085,1.047607
1357279606,0.055908,0.125488,1.045898
1357284606,0.058594,0.125732,1.049072
1357289606,0.0625,0.12207,1.038086
1357294606,0.061523,0.12085,1.039063
1357299606,0.063232,0.12085,1.03833
1357304606,0.063477,0.118896,1.044189
1357309606,0.063232,0.123535,1.04541
1357314606,0.063232,0.12085,1.043701
1357319606,0.061523,0.122803,1.042969
1357324606,0.064209,0.123779,1.050293
1357329606,0.06543,0.124268,1.044678
1357334606,0.061279,0.122314,1.042969
1357339606,0.063477,0.124023,1.045654
1357344606,0.059326,0.124023,1.037842
1357349606,0.059082,0.122559,1.039795
1357354606,0.058594,0.123291,1.043945
1357359606,0.058594,0.121338,1.04126
1357364606,0.061035,0.118896,1.038818
1357369606,0.061279,0.123047,1.041748
1357374606,0.0625,0.122314,1.044922
1357379606,0.066895,0.122803,1.047119
1357384606,0.063965,0.121582,1.038818
1357389606,0.062256,0.123047,1.044922
1357394606,0.067383,0.123779,1.046631
1357399606,0.064453,0.124756,1.045654
1357404606,0.064209,0.125977,1.040771
1357409606,0.062012,0.130127,1.043701
1357414606,1.166748,1.798584,3.999878
1357419606,-4.0,1.666992,-2.878662
1357424606,0.311768,2.543945,-0.029297
1357429606,2.751465,2.588623,-1.949219
1357434606,-1.454102,1.765137,3.330078
1357439606,-2.216064,1.905518,-4.0
1357444606,0.173828,1.168945,0.064209
1357449606,-0.227783,1.184814,-4.0
1357454606,-1.198975,1.65918,1.523682
1357459606,-0.959229,0.054199,0.564209
1357464606,-0.527344,0.267822,1.304443
1357469606,-0.849609,0.897461,-3.282715
1357474606,-1.544922,2.363037,-4.0
1357479606,-0.56543,0.734863,1.986816
1357484606,-0.054443,0.062012,1.067383
1357489606,-0.299561,0.816895,0.686768
1357494606,-0.109863,0.640869,0.735596
1357499606,-0.638428,0.097412,0.869141
1357504606,-0.678223,0.172607,0.440674
1357509606,-0.354736,0.047607,1.124756
1357514606,0.009277,-0.045166,1.340576
1357519606,0.098389,0.124268,1.17627
1357524606,-0.014893,0.222656,0.978027
1357529606,0.067627,0.141357,0.985596
1357534606,0.014404,0.156982,1.095459
1357539606,0.028564,0.067871,1.112305
1357544606,0.120361,0.049561,1.161621
1357549606,0.046875,0.100098,1.097412
1357554606,0.066895,0.145752,1.073242
1357559606,0.062744,0.091064,1.047607
1357564606,0.035156,0.075928,1.03833
1357569606,0.06665,0.092529,1.010498
1357574606,0.050781,0.122314,1.01123
1357579606,0.064209,0.070068,1.007324
1357584606,1.281006,1.55127,3.999878
1357589606,3.999878,3.999878,0.053223
1357594606,-0.468506,2.574951,-3.744629
1357599606,0.617187,0.770508,0.172852
1357604606,-0.873535,0.084717,-2.12207
1357609606,-0.942871,0.204346,0.65918
1357614606,-0.291504,0.217285,1.231445
1357619606,-0.952637,0.810791,1.712891
1357624606,-0.082031,-0.03418,1.061279
1357629606,0.077881,0.326904,1.058105
1357634606,0.063965,0.046143,0.907715
1357639606,0.002686,0.088867,1.066895
1357644606,0.071777,0.075195,1.036377
1357649606,0.050781,0.141113,1.110107
1357654606,0.061035,0.144043,1.056152
1357659606,0.049561,0.064697,1.04834
1357664606,0.046631,0.074463,1.021484
1357669606,-0.007813,0.049805,1.518555
1357674606,-0.560547,2.721436,-1.88623
1357679606,-0.568115,1.847168,3.999878
1357684606,0.897217,2.044189,-4.0
1357689606,0.255127,0.271973,-4.0
1357694606,-0.334473,0.313965,1.312012
1357699606,-0.001465,1.558105,1.004883
1357704606,0.012695,0.561523,1.036377
1357709606,0.075439,1.63623,1.020752
1357714606,0.015869,0.265869,1.093506
1357719606,0.084961,0.121338,1.045898
1357724606,0.041504,0.052246,1.044922
1357729606,0.057129,0.098145,1.008301
1357734606,0.070801,0.098145,1.054932
1357739606,0.035645,0.092285,1.04541
1357744606,0.043945,0.165527,1.061523
1357749606,0.042725,0.08667,1.044678
1357754606,0.039551,0.129395,1.024658
1357759606,0.039551,0.096191,1.047119
1357764606,0.047119,0.114258,1.046631
1357769606,0.065674,0.112305,1.052246
1357774606,0.058594,0.079346,1.0625
1357779606,0.060791,0.086426,1.028564
1357784606,0.033936,0.133545,1.045654
1357789606,0.044189,0.127686,1.034668
1357794606,0.040039,0.112305,1.064453
1357799606,0.060547,0.10791,1.061768
1357804606,0.053467,0.085937,1.059082
1357809606,0.043945,0.106934,1.044189
1357814606,0.050781,0.109619,1.05542
1357819606,0.044922,0.099121,1.003662
1357824606,0.046143,0.088379,1.039063
1357829606,0.036865,0.175293,1.070068
1357834606,0.029053,0.141846,1.018311
1357839606,0.054199,0.07666,1.023926
1357844606,0.061768,0.139404,1.082031
1357849606,0.048828,0.121582,1.041748
1357854606,0.101563,-0.130615,1.086426
1357859606,0.024902,0.373779,1.040771
1357864606,-0.046387,1.823242,0.889648
1357869606,0.035645,0.141846,1.056641
1357874606,0.065186,0.931885,1.069824
1357879606,0.02417,0.085693,1.104248
1357884606,0.046631,1.445313,1.049561
1357889606,0.080322,0.16626,1.066162
1357894606,0.049072,0.431396,1.113281
1357899606,0.054199,0.17041,0.967529
1357904606,0.061768,0.035889,1.05127
1357909606,0.08252,0.115723,1.172607
1357914606,0.055176,0.130859,1.050537
1357919606,0.057129,0.118896,1.057861
1357924606,0.071777,0.036621,1.052002
1357929606,0.046631,0.110352,1.038818
1357934606,0.049316,0.111816,1.065918
1357939606,0.059082,0.117188,1.055176
1357944606,0.037598,0.120605,1.052002
1357949606,0.061523,0.122559,1.031006
1357954606,0.044434,0.122314,1.051025
1357959606,0.037598,0.091553,1.032959
1357964606,0.051758,0.11377,1.053711
1357969606,0.047363,0.123291,1.044189
1357974606,0.052002,0.106201,1.050049
1357979606,0.05127,0.104004,1.048584
1357984606,0.051514,0.108887,1.050781
1357989606,0.051514,0.111084,1.051025
1357994606,0.052246,0.095703,1.040771
1357999606,0.049561,0.105469,1.04541
1358004606,0.046875,0.109863,1.049072
1358009606,0.046875,0.110352,1.045898
1358014606,0.046631,0.10498,1.050537
1358019606,0.053223,0.101807,1.047607
1358024606,0.054199,0.10376,1.047363
1358029606,0.051514,0.104492,1.038086
1358034606,0.046631,0.101563,1.049561
1358039606,0.052002,0.106201,1.045898
1358044606,0.044189,0.104248,1.046631
1358049606,0.049316,0.104492,1.047852
1358054606,0.050537,0.107422,1.049316
1358059606,0.046875,0.108398,1.046387
1358064606,0.048584,0.105469,1.047119
1358069606,0.047852,0.103516,1.047363
1358074606,0.047607,0.107422,1.052734
1358079606,0.052246,0.109131,1.049072
1358084606,0.050781,0.112549,1.048096
1358089606,0.047607,0.10498,1.052734
1358094606,0.054687,0.102295,1.042236
1358099606,0.052979,0.102295,1.051514
1358104606,0.052002,0.106201,1.052002
1358109606,0.050537,0.106689,1.05127
1358114606,0.051514,0.104004,1.047119
1358119606,0.053711,0.107666,1.046875
1358124606,0.047119,0.105713,1.047852
1358129606,0.047363,0.106689,1.047852
1358134606,0.046631,0.105713,1.050293
1358139606,0.049316,0.106445,1.049316
1358144606,0.049561,0.108887,1.053467
1358149606,0.05249,0.104004,1.049561
1358154606,0.04541,0.108154,1.044678
1358159606,0.050049,0.105957,1.042236
1358164606,0.05542,0.10376,1.055908
1358169606,0.049561,0.110352,1.053955
1358174606,0.051514,0.106445,1.045654
1358179606,0.050293,0.103271,1.05127
1358184606,0.050781,0.104736,1.04541
1358189606,0.052002,0.105469,1.054199
1358194606,0.051514,0.105957,1.048096
1358199606,0.052002,0.109375,1.047852
1358204606,0.047363,0.108643,1.041748
1358209606,0.04834,0.106445,1.047363
1358214606,0.048828,0.107666,1.050293
1358219606,0.053223,0.108643,1.051514
1358224606,0.049316,0.106689,1.057373
1358229606,0.05249,0.10498,1.054932
1358234606,0.049316,0.104004,1.049072
1358239606,0.054199,0.105469,1.046875
1358244606,0.05249,0.10791,1.051514
1358249606,0.054687,0.110352,1.049561
1358254606,0.045898,0.105469,1.054932
1358259606,0.051025,0.109375,1.046143
1358264606,0.053223,0.105469,1.052246
1358269606,0.04834,0.108887,1.04834
1358274606,0.044678,0.108154,1.047119
1358279606,0.051025,0.109863,1.049072
1358284606,0.046387,0.108643,1.05127
1358289606,0.044678,0.104248,1.049072
1358294606,0.047607,0.104248,1.043213
1358299606,0.046143,0.103271,1.05127
1358304606,0.051025,0.10791,1.049072
1358309606,0.051025,0.106445,1.052979
1358314606,0.047119,0.08667,1.033936
1358319606,0.053955,0.109375,1.043945
1358324606,0.052979,0.114746,1.087402
1358329606,0.053955,0.077881,1.01123
1358334606,0.080811,0.182129,1.055908
1358339606,0.03125,0.045654,1.08252
1358344606,0.098877,0.099121,1.060059
1358349606,0.038574,0.137207,1.131348
1358354606,0.059326,0.099854,1.061279
1358359606,0.07666,0.120117,1.060059
1358364606,0.044922,0.053955,1.055664
1358369606,0.06958,0.086914,0.971924
1358374606,0.050293,0.120605,1.065186
1358379606,0.048096,0.105225,0.990479
1358384606,0.038818,0.099609,0.989746
1358389606,0.016113,0.090088,1.004395
1358394606,0.020508,0.129639,0.987061
1358399606,0.030518,0.144775,0.991211
1358404606,0.028809,0.113281,1.004639
1358409606,0.047852,0.111572,0.990479
1358414606,0.052734,0.121338,1.008545
1358419606,0.030518,0.093262,1.016602
1358424606,0.036621,0.148437,1.329102
1358429606,0.065186,0.185791,0.995361
1358434606,0.075928,0.027344,1.123779
1358439606,0.039307,0.100342,0.981201
1358444606,0.022217,0.120361,1.056641
1358449606,0.057129,0.106445,1.067383
1358454606,0.048584,0.10083,1.032959
1358459606,0.042725,0.105469,1.044922
1358464606,0.042969,0.108398,1.050537
1358469606,0.055664,0.115479,1.058105
1358474606,0.041016,0.110596,1.041992
1358479606,0.044434,0.108643,1.044189
1358484606,0.040039,0.107178,1.050293
1358489606,0.047607,0.117676,1.047119
1358494606,0.048096,0.108887,1.061523
1358499606,0.040283,0.102051,1.064697
1358504606,0.048828,0.105957,1.068359
1358509606,0.05249,0.106934,1.061523
1358514606,0.051514,0.104492,1.085693
1358519606,0.063965,0.111572,1.078857
1358524606,0.059814,0.108154,1.063965
1358529606,0.045166,0.123291,1.09082
1358534606,0.054199,0.114746,1.061279
1358539606,0.041748,0.117676,1.071289
1358544606,0.055176,0.131104,1.038574
1358549606,0.05249,0.132324,1.026611
1358554606,0.053467,0.124023,1.04248
1358559606,0.044189,0.117188,1.030518
1358564606,0.070801,0.124023,1.018311
1358569606,0.043701,0.187744,1.079834
1358574606,0.071533,0.128174,1.070801
1358579606,0.077393,0.149902,1.062988
1358584606,0.082764,0.067383,1.04541
1358589606,0.090088,0.074219,1.058594
1358594606,0.072021,0.123779,1.084961
1358599606,0.081299,0.200928,1.062744
1358604606,0.070312,0.124512,1.036621
1358609606,0.072021,0.165527,1.057617
1358614606,0.08374,0.176514,1.029053
1358619606,0.068604,0.147217,1.009033
1358624606,0.083252,0.172607,1.007568
1358629606,0.089111,0.187256,0.985352
1358634606,0.082275,0.174805,0.987793
1358639606,0.07666,0.186279,0.979004
1358644606,0.084229,0.183105,0.968994
1358649606,0.082275,0.184814,0.969238
1358654606,0.088135,0.191895,0.968994
1358659606,0.087891,0.182373,0.964844
1358664606,0.085937,0.188477,0.955322
1358669606,0.082275,0.178955,0.957764
1358674606,0.074951,0.161377,0.946533
1358679606,0.078369,0.158447,0.945557
1358684606,0.076416,0.165527,0.936035
1358689606,0.06958,0.155029,0.949707
1358694606,0.081299,0.126709,0.901367
1358699606,0.054199,0.136475,0.961426
1358704606,0.075928,0.114746,0.954346
1358709606,0.060547,-0.010254,1.015137
1358714606,0.053955,0.000244,0.987061
1358719606,0.043457,0.134766,0.993896
1358724606,-0.04834,0.680908,3.060547
1358729606,0.257324,-0.430176,0.01001
1358734606,0.007324,0.296387,0.827148
1358739606,0.174316,0.170166,0.85376
1358744606,0.201416,0.064697,1.006104
1358749606,0.162354,-0.0896,1.138184
1358754606,0.122559,-0.065186,1.184082
1358759606,0.092529,0.110107,0.714355
1358764606,-0.009033,0.098389,1.154541
1358769606,-0.102539,0.339111,1.179443
1358774606,0.179932,0.068115,1.005127
1358779606,-0.00708,0.1875,1.134766
1358784606,0.090576,0.145508,1.077148
1358789606,0.032471,0.119385,1.094482
1358794606,0.023193,0.11499,1.023438
1358799606,0.032715,0.196777,1.101074
1358804606,0.06665,0.058594,1.02002
1358809606,0.085937,0.013672,0.966064
1358814606,0.087891,-0.008789,0.916504
1358819606,0.069092,0.078613,1.065674
1358824606,0.040771,0.107422,1.054443
1358829606,0.012695,0.315918,1.250977
1358834606,0.035645,0.020508,0.956299
1358839606,0.023926,0.142822,0.943604
1358844606,0.015625,0.055664,1.151367
1358849606,0.073242,0.148926,0.989746
1358854606,0.011475,0.150146,1.087158
1358859606,0.080811,0.130615,1.06543
1358864606,0.057861,0.08252,1.054688
1358869606,0.053955,0.060791,1.021484
1358874606,0.047607,0.093262,1.03125
1358879606,0.044922,0.110352,1.066162
1358884606,0.044922,0.140625,1.06665
1358889606,0.054932,0.102051,1.034912
1358894606,0.046143,0.082275,1.037842
1358899606,0.045654,0.124268,1.062744
1358904606,0.044434,0.129639,1.056641
1358909606,0.040527,0.115967,1.052246
1358914606,0.057129,0.12085,1.046387
1358919606,0.054687,0.087158,1.031982
1358924606,0.052246,0.092773,1.03125
1358929606,0.057617,0.107178,1.047607
1358934606,0.048096,0.111572,1.044678
1358939606,0.042725,0.11377,1.057373
1358944606,0.049316,0.128662,1.054932
1358949606,0.051025,0.112549,1.049316
1358954606,0.047119,0.110107,1.047607
1358959606,0.054199,0.112793,1.041748
1358964606,0.049072,0.102783,1.046631
1358969606,0.050049,0.110107,1.044678
1358974606,0.055908,0.110352,1.050293
1358979606,0.051025,0.106689,1.047852
1358984606,0.052002,0.105713,1.045166
1358989606,0.055664,0.110107,1.047607
1358994606,0.051758,0.106445,1.046143
1358999606,0.048584,0.115967,1.057617
1359004606,0.046875,0.120361,1.048828
1359009606,0.04834,0.111816,1.047852
1359014606,0.049561,0.114746,1.046387
1359019606,0.048828,0.105469,1.054199
1359024606,0.050781,0.103027,1.044189
1359029606,0.052002,0.104004,1.045654
1359034606,0.054687,0.102539,1.039307
1359039606,0.051025,0.106689,1.045166
1359044606,0.047852,0.109131,1.051758
1359049606,0.05127,0.106689,1.047852
1359054606,0.048096,0.108643,1.046387
1359059606,0.045898,0.112061,1.045166
1359064606,0.048828,0.113037,1.044434
1359069606,0.052246,0.112793,1.05249
1359074606,0.050049,0.109619,1.047852
1359079606,0.046631,0.112549,1.041504
1359084606,0.04834,0.11084,1.045898
1359089606,0.05127,0.105713,1.047363
1359094606,0.05127,0.110352,1.047852
1359099606,0.051758,0.111084,1.050537
1359104606,0.046631,0.110107,1.047119
1359109606,0.049316,0.110596,1.050293
1359114606,0.048828,0.109619,1.046631
1359119606,0.05127,0.106689,1.044434
1359124606,0.049561,0.104004,1.047607
1359129606,0.045898,0.110107,1.049072
1359134606,0.047363,0.111328,1.043701
1359139606,0.045654,0.114014,1.049316
1359144606,0.047119,0.112793,1.05249
1359149606,0.046387,0.111084,1.050293
1359154606,0.052246,0.115723,1.05542
1359159606,0.049316,0.111572,1.049072
1359164606,0.046875,0.107422,1.042969
1359169606,0.051758,0.112061,1.046143
1359174606,0.051758,0.110352,1.04834
1359179606,0.053467,0.105713,1.045898
1359184606,0.051514,0.111328,1.053955
1359189606,0.048096,0.108398,1.044678
1359194606,0.046387,0.112061,1.046631
1359199606,0.052002,0.109375,1.045166
1359204606,0.052002,0.111328,1.051758
1359209606,0.048584,0.11377,1.037354
1359214606,0.052002,0.114014,1.048584
1359219606,0.048584,0.115234,1.046387
1359224606,0.050293,0.109375,1.045654
1359229606,0.050537,0.111084,1.045898
1359234606,0.047119,0.11084,1.049072
1359239606,0.053711,0.107666,1.046143
1359244606,0.047607,0.109375,1.042969
1359249606,0.050537,0.10791,1.049561
1359254606,0.054932,0.102295,1.044922
1359259606,0.050537,0.107422,1.043213
1359264606,0.04834,0.110107,1.04248
1359269606,0.05127,0.106934,1.048096
1359274606,0.047852,0.108398,1.047363
1359279606,0.051514,0.110107,1.044189
1359284606,0.048584,0.113037,1.043945
1359289606,0.046875,0.112793,1.047607
1359294606,0.048828,0.111328,1.056396
1359299606,0.048828,0.114502,1.048828
1359304606,0.050049,0.111084,1.047607
1359309606,0.053223,0.107422,1.040283
1359314606,0.052246,0.107178,1.047119
1359319606,0.044922,0.111572,1.04126
1359324606,0.051025,0.107666,1.04248
1359329606,0.052734,0.108398,1.05127
1359334606,0.049805,0.107666,1.048584
1359339606,0.054932,0.113037,1.051514
1359344606,0.049316,0.109375,1.04248
1359349606,0.052002,0.108643,1.049316
1359354606,0.047607,0.111572,1.047119
1359359606,0.050049,0.115723,1.045166
1359364606,0.049072,0.108398,1.046875
1359369606,0.05127,0.111816,1.049316
1359374606,0.052979,0.109375,1.049805
1359379606,0.05249,0.111328,1.046143
1359384606,0.044189,0.11084,1.049561
1359389606,0.048584,0.110107,1.045898
1359394606,0.052734,0.110352,1.049561
1359399606,0.054687,0.112061,1.054199
1359404606,0.048096,0.108643,1.052734
1359409606,0.052734,0.109375,1.049316
1359414606,0.049805,0.112305,1.048584
1359419606,0.050049,0.107666,1.047607
1359424606,0.05249,0.113525,1.053223
1359429606,0.050537,0.110596,1.049561
1359434606,0.050293,0.111084,1.046143
1359439606,0.050537,0.115234,1.049805
1359444606,0.046631,0.111816,1.048828
1359449606,0.049805,0.111816,1.052734
1359454606,0.050537,0.108643,1.053223
1359459606,0.052246,0.110596,1.051025
1359464606,0.050537,0.106445,1.05127
1359469606,0.054199,0.104492,1.043945
1359474606,0.052979,0.106689,1.053467
1359479606,0.050781,0.110352,1.054199
1359484606,0.052246,0.113037,1.050537
1359489606,0.050781,0.105469,1.046875
1359494606,0.049316,0.11084,1.043457
1359499606,0.045654,0.109375,1.042969
1359504606,0.046387,0.111572,1.045654
1359509606,0.052979,0.110352,1.050781
1359514606,0.050781,0.108643,1.041504
1359519606,0.050781,0.108887,1.045898
1359524606,0.050781,0.110107,1.052002
1359529606,0.04834,0.109131,1.049072
1359534606,0.050781,0.109375,1.047119
1359539606,0.05249,0.10791,1.044678
1359544606,0.053711,0.106934,1.04248
1359549606,0.052734,0.107666,1.043213
1359554606,0.054687,0.107666,1.047119
1359559606,0.05127,0.111084,1.044678
1359564606,0.052734,0.109863,1.04541
1359569606,0.050537,0.109131,1.050049
1359574606,0.049072,0.109375,1.054199
1359579606,0.049072,0.114258,1.046875
1359584606,0.05249,0.106689,1.045166
1359589606,0.047363,0.109863,1.047607
1359594606,0.05127,0.105469,1.045166
1359599606,0.052002,0.112061,1.04248
1359604606,0.048096,0.114014,1.04541
1359609606,0.053467,0.106934,1.04834
1359614606,0.048828,0.10498,1.052979
1359619606,0.05127,0.111572,1.045166
1359624606,0.048096,0.108887,1.045654
1359629606,0.047363,0.107178,1.038086
1359634606,0.052979,0.110107,1.04541
1359639606,0.053223,0.112305,1.049561
1359644606,0.047363,0.111328,1.046631
1359649606,0.047119,0.111816,1.050781
1359654606,0.051758,0.110107,1.046631
1359659606,0.044189,0.112061,1.042969
1359664606,0.046631,0.108398,1.04248
1359669606,0.051514,0.106201,1.05127
1359674606,0.050049,0.111328,1.050049
1359679606,0.052734,0.11084,1.043945
1359684606,0.050781,0.108643,1.044922
1359689606,0.048584,0.108643,1.041016
1359694606,0.052002,0.108643,1.04126
1359699606,0.047119,0.111328,1.048096
1359704606,0.049316,0.109863,1.050293
1359709606,0.047852,0.109131,1.044922
1359714606,0.049805,0.112061,1.050781
1359719606,0.053467,0.108398,1.042236
1359724606,0.049316,0.10791,1.045898
1359729606,0.057373,0.109619,1.046631
1359734606,0.049805,0.108154,1.051025
1359739606,0.05127,0.112793,1.045898
1359744606,0.052002,0.106689,1.043701
1359749606,0.048584,0.105469,1.044678
1359754606,0.047363,0.111328,1.048096
1359759606,0.052979,0.105225,1.046143
1359764606,0.050781,0.109375,1.045166
1359769606,0.04834,0.110352,1.044678
1359774606,0.051758,0.111572,1.044922
1359779606,0.049561,0.106201,1.054688
1359784606,0.046875,0.11377,1.048828
1359789606,0.054443,0.113525,1.054688
1359794606,0.046387,0.115479,1.041016
1359799606,0.04834,0.112549,1.043945
1359804606,0.05249,0.111816,1.046875
1359809606,0.049072,0.112061,1.049072
1359814606,0.051514,0.109863,1.049316
1359819606,0.052246,0.109375,1.044922
1359824606,0.052979,0.109863,1.047363
1359829606,0.054687,0.109619,1.048584
1359834606,0.047852,0.113525,1.045166
1359839606,0.050293,0.111084,1.046387
1359844606,0.047119,0.107422,1.046143
1359849606,0.05127,0.112549,1.043213
1359854606,0.05249,0.108398,1.05249
1359859606,0.05249,0.109375,1.046631
1359864606,0.053711,0.107666,1.052002
1359869606,0.047119,0.111572,1.046875
1359874606,0.044678,0.111572,1.048096
1359879606,0.046631,0.107178,1.045654
1359884606,0.05127,0.113281,1.043213
1359889606,0.047607,0.108154,1.042725
1359894606,0.049316,0.109375,1.037842
1359899606,0.052002,0.109131,1.048828
1359904606,0.05127,0.102051,1.047363
1359909606,0.049805,0.105225,1.044678
1359914606,0.04834,0.10498,1.044434
1359919606,0.050781,0.110107,1.046875
1359924606,0.050537,0.108887,1.044678
1359929606,0.051025,0.114502,1.055664
1359934606,0.05127,0.109131,1.051758
1359939606,0.049805,0.108643,1.047119
1359944606,0.055664,0.111816,1.046875
1359949606,0.05249,0.111572,1.050781
1359954606,0.050049,0.112061,1.055664
1359959606,0.051025,0.108643,1.050049
1359964606,0.051514,0.108887,1.047119
1359969606,0.05249,0.112305,1.05127
1359974606,0.049805,0.109131,1.049072
1359979606,0.050781,0.108398,1.046875
1359984606,0.054443,0.107178,1.047607
1359989606,0.047852,0.109619,1.041504
1359994606,0.05127,0.109619,1.051514
1359999606,0.053955,0.112061,1.046875
1360004606,0.053223,0.111328,1.045166
1360009606,0.047607,0.11084,1.045654
1360014606,0.048096,0.111816,1.045654
1360019606,0.050049,0.11084,1.04834
1360024606,0.052246,0.107422,1.05127
1360029606,0.049805,0.109619,1.047363
1360034606,0.050293,0.11084,1.04834
1360039606,0.047363,0.10791,1.048584
1360044606,0.051025,0.111816,1.049072
1360049606,0.052734,0.108887,1.056885
1360054606,0.050293,0.112793,1.047852
1360059606,0.050049,0.106201,1.050537
1360064606,0.046875,0.11084,1.049805
1360069606,0.048828,0.110107,1.047852
1360074606,0.047852,0.112793,1.041748
1360079606,0.046875,0.109863,1.043213
1360084606,0.050537,0.110352,1.04541
1360089606,0.050049,0.11084,1.048096
1360094606,0.053223,0.115479,1.050293
1360099606,0.053955,0.105469,1.052246
1360104606,0.049316,0.108887,1.043945
1360109606,0.051514,0.109863,1.045654
1360114606,0.051514,0.111084,1.046631
1360119606,0.049805,0.109131,1.04834
1360124606,0.051025,0.110352,1.047119
1360129606,0.050293,0.110352,1.04834
1360134606,0.045898,0.109375,1.042725
1360139606,0.050781,0.108643,1.041992
1360144606,0.052246,0.110107,1.049561
1360149606,0.048828,0.110352,1.04248
1360154606,0.049072,0.106689,1.044922
1360159606,0.042969,0.115967,1.049316
1360164606,0.05127,0.110352,1.049316
1360169606,0.052002,0.112793,1.044434
1360174606,0.051514,0.110107,1.051514
1360179606,0.056152,0.109131,1.050781
1360184606,0.050781,0.11084,1.044434
1360189606,0.051514,0.107178,1.049561
1360194606,0.049316,0.107422,1.052246
1360199606,0.049316,0.110352,1.04126
1360204606,0.050537,0.110596,1.044922
1360209606,0.495361,-0.23877,0.759521
1360214606,-4.0,2.929932,3.999878
1360219606,-1.068604,0.081787,3.999878
1360224606,1.797607,3.999878,-4.0
1360229606,1.65332,-0.344971,-4.0
1360234606,2.22998,1.182129,-4.0
1360239606,-0.868164,1.217285,-2.415039
1360244606,-0.96167,0.539307,-4.0
1360249606,-0.987061,0.913574,-4.0
1360254606,-1.640869,2.094971,0.446777
1360259606,-0.986084,0.469727,0.239502
1360264606,-0.99585,1.032471,1.826172
1360269606,-1.060059,1.852295,-1.744629
1360274606,-0.817627,0.577881,1.487061
1360279606,-1.10791,1.827881,1.014648
1360284606,-1.161377,0.09375,1.477295
1360289606,-0.520508,0.13208,1.457764
1360294606,0.104736,0.050537,1.177734
1360299606,-0.006592,0.082275,1.104004
1360304606,0.071045,0.161377,1.147461
1360309606,0.037109,0.08667,1.130615
1360314606,-0.050537,1.556641,0.947266
1360319606,-0.21167,1.075439,-4.0
1360324606,-0.230713,0.473145,1.708252
1360329606,1.623047,0.923584,2.017334
1360334606,-0.641602,-0.256104,-4.0
1360339606,-1.86377,2.311279,-3.112061
1360344606,-2.929199,0.304443,-2.908936
1360349606,-0.783203,0.437744,1.397705
1360354606,-0.10498,0.135254,0.955078
1360359606,-0.147949,0.120605,1.051514
1360364606,0.060791,0.085937,1.045166
1360369606,0.053711,0.044678,1.026367
1360374606,0.05957,0.071777,1.045654
1360379606,0.041016,0.101807,1.02002
1360384606,0.04126,0.125977,1.055908
1360389606,-2.7146,1.53125,-3.164307
1360394606,-1.953369,0.136719,1.374512
1360399606,-0.629883,0.047119,0.97876
1360404606,-0.25708,0.470703,1.35083
1360409606,0.090088,0.115479,1.060059
1360414606,0.003418,0.195312,1.05127
1360419606,-0.700684,0.380127,0.677979
1360424606,0.035645,0.15625,1.072754
1360429606,0.063477,0.073975,1.032471
1360434606,0.049561,0.174561,1.083496
1360439606,0.011719,0.092285,1.118652
1360444606,0.070801,0.102539,1.066162
1360449606,0.052979,0.109863,1.064209
1360454606,0.041992,0.108398,1.028076
1360459606,0.009033,0.08252,1.216553
1360464606,0.059082,0.106445,0.99292
1360469606,0.048096,0.096191,1.069824
1360474606,0.084229,0.069092,1.096924
1360479606,0.067383,0.086426,1.086914
1360484606,0.053711,0.121338,1.073975
1360489606,0.034424,0.098877,0.98877
1360494606,0.040039,0.12915,1.019043
1360499606,0.03833,0.112305,1.067383
1360504606,0.015137,0.103271,1.054932
1360509606,0.061523,0.081543,1.024658
1360514606,0.047607,0.088867,1.064453
1360519606,0.030273,0.118896,1.001953
1360524606,0.046631,0.093994,1.04248
1360529606,0.051514,0.093262,1.129639
1360534606,0.064209,0.10083,1.060059
1360539606,0.057617,0.104004,1.045166
1360544606,0.048828,0.089355,1.04248
1360549606,0.038574,0.104248,1.047607
1360554606,0.032227,0.098145,1.049561
1360559606,0.063232,0.086182,1.067383
1360564606,0.04834,0.098877,1.058838
1360569606,0.03833,0.099854,1.051514
1360574606,0.029541,0.099121,1.049316
1360579606,0.037354,0.095459,1.065674
1360584606,0.04126,0.100098,1.051514
1360589606,0.050049,0.097656,1.074219
1360594606,0.037842,0.104736,1.048096
1360599606,0.042725,0.0896,1.042725
1360604606,0.048828,0.088867,1.047607
1360609606,0.042236,0.095703,1.050537
1360614606,0.039551,0.096924,1.047607
1360619606,0.041992,0.0979,1.061768
1360624606,0.042969,0.105713,1.050049
1360629606,0.039551,0.099121,1.04126
1360634606,0.041992,0.099121,1.050537
1360639606,0.044678,0.097412,1.039551
1360644606,0.043457,0.091309,1.053467
1360649606,0.047363,0.097412,1.058594
1360654606,0.041504,0.0979,1.052734
1360659606,0.041016,0.098145,1.048828
1360664606,0.04541,0.097656,1.042969
1360669606,0.042969,0.10083,1.046631
1360674606,0.040283,0.098877,1.047607
1360679606,0.043213,0.105469,1.053467
1360684606,0.044189,0.096924,1.046143
1360689606,0.040039,0.099121,1.044922
1360694606,0.04126,0.099854,1.044189
1360699606,0.041748,0.103027,1.050293
1360704606,0.041504,0.102539,1.051514
1360709606,0.043213,0.098145,1.052002
1360714606,0.042725,0.099854,1.05249
1360719606,0.046143,0.100098,1.045166
1360724606,0.047119,0.094482,1.050293
1360729606,0.044189,0.096191,1.052002
1360734606,0.044678,0.098877,1.048584
1360739606,0.044189,0.093994,1.047363
1360744606,0.037354,0.0979,1.046875
1360749606,0.043457,0.097168,1.04248
1360754606,0.043213,0.096924,1.046387
1360759606,0.039307,0.101563,1.050781
1360764606,0.04248,0.102783,1.048584
1360769606,0.047363,0.098145,1.045166
1360774606,0.043701,0.096191,1.044922
1360779606,0.04248,0.093506,1.050293
1360784606,0.046875,0.101807,1.051514
1360789606,0.044678,0.101563,1.059326
1360794606,0.042236,0.100586,1.054932
1360799606,0.041748,0.104248,1.041748
1360804606,0.046387,0.097656,1.044922
1360809606,0.044189,0.097168,1.054688
1360814606,0.040283,0.099854,1.055664
1360819606,0.047607,0.096924,1.053467
1360824606,0.046387,0.099609,1.049805
1360829606,0.039063,0.101563,1.048828
1360834606,0.040771,0.097656,1.05542
1360839606,0.041504,0.102539,1.041748
1360844606,0.042236,0.098633,1.046631
1360849606,0.046143,0.099854,1.038818
1360854606,0.047119,0.098389,1.046387
1360859606,0.048096,0.094238,1.040283
1360864606,0.045654,0.096191,1.047852
1360869606,0.044922,0.09375,1.052002
1360874606,0.046387,0.095703,1.046875
1360879606,0.045166,0.100342,1.044922
1360884606,0.044678,0.096924,1.05127
1360889606,0.044434,0.095703,1.044922
1360894606,0.041992,0.099365,1.044189
1360899606,0.047363,0.098633,1.046387
1360904606,0.044922,0.093506,1.048584
1360909606,0.044189,0.099609,1.048096
1360914606,0.043701,0.100586,1.047607
1360919606,0.097168,0.075439,1.085205
1360924606,0.056641,0.128418,1.037598
1360929606,0.026123,0.118408,1.034424
1360934606,0.035156,0.112061,1.055664
1360939606,0.050049,0.093506,1.046143
1360944606,0.04834,0.097168,1.052979
1360949606,0.0354,0.108887,1.04126
1360954606,0.043213,0.120605,1.050537
1360959606,0.037598,0.102051,1.055908
1360964606,0.02832,0.117676,1.025879
1360969606,0.034912,0.111084,1.052002
1360974606,0.036133,0.103027,1.040039
1360979606,0.03125,0.109375,1.052246
1360984606,0.03125,0.11084,1.047607
1360989606,0.032227,0.102783,1.039551
1360994606,0.047119,0.088379,1.046143
1360999606,0.048096,0.089355,1.05542
1361004606,0.06543,0.072998,1.037109
1361009606,0.075928,0.062988,1.049072
1361014606,0.040039,0.086426,1.046631
1361019606,0.029053,0.111572,1.05127
1361024606,0.056396,0.115723,1.041992
1361029606,0.041504,0.090332,1.061035
1361034606,0.041504,0.088135,1.046387
1361039606,0.045166,0.095459,1.049561
1361044606,0.04541,0.0979,1.044678
1361049606,0.039795,0.095459,1.050537
1361054606,0.047607,0.102051,1.053223
1361059606,0.048828,0.092529,1.05835
1361064606,0.043945,0.090088,1.04541
1361069606,0.040039,0.095703,1.049561
1361074606,0.035889,0.109619,1.057129
1361079606,0.031738,0.106689,1.019043
1361084606,0.029541,0.117676,1.073486
1361089606,0.034424,0.107666,1.047607
1361094606,0.027588,0.10376,1.041016
1361099606,0.032715,0.108398,1.056396
1361104606,0.039307,0.100586,1.053711
1361109606,0.048828,0.099609,1.043945
1361114606,0.056396,0.081543,1.050293
1361119606,0.068604,0.080811,1.04834
1361124606,0.068359,0.085449,1.041504
1361129606,0.048584,0.089355,1.050293
1361134606,0.042969,0.095947,1.045898
1361139606,0.044189,0.099854,1.05127
1361144606,0.039063,0.094482,1.044189
1361149606,0.04126,0.097412,1.05957
1361154606,0.046875,0.102295,1.044434
1361159606,0.041504,0.097656,1.048096
1361164606,0.039795,0.099609,1.041992
1361169606,0.04126,0.101807,1.044189
1361174606,0.042725,0.098389,1.050537
1361179606,0.045654,0.093262,1.051514
1361184606,0.043945,0.10083,1.050049
1361189606,0.042969,0.099609,1.05542
1361194606,0.04126,0.101318,1.046143
1361199606,0.044189,0.101563,1.044434
1361204606,0.046387,0.102539,1.050049
1361209606,0.043701,0.10083,1.048096
1361214606,0.044434,0.09668,1.043701
1361219606,0.052734,0.097168,1.065674
1361224606,0.039063,0.105469,1.047119
1361229606,0.040283,0.102539,1.049561
1361234606,0.04248,0.098145,1.053955
1361239606,0.044434,0.09668,1.050293
1361244606,0.048096,0.100586,1.058594
1361249606,0.046143,0.100098,1.050537
1361254606,0.043457,0.097412,1.051514
1361259606,0.046631,0.093994,1.047852
1361264606,0.044678,0.105225,1.049072
1361269606,0.04248,0.099121,1.049561
1361274606,0.042969,0.096191,1.043457
1361279606,0.041504,0.098877,1.050537
1361284606,0.043213,0.098877,1.054688
1361289606,0.046387,0.095703,1.046875
1361294606,0.044678,0.098145,1.049561
1361299606,0.042969,0.10083,1.046875
1361304606,0.040527,0.0979,1.046143
1361309606,0.041748,0.095459,1.053955
1361314606,0.044678,0.093994,1.049072
1361319606,0.041016,0.096436,1.045898
1361324606,0.04248,0.102539,1.039307
1361329606,0.038818,0.098389,1.048096
1361334606,0.041992,0.099365,1.046631
1361339606,0.042725,0.097412,1.043457
1361344606,0.041748,0.103027,1.050049
1361349606,0.044189,0.101074,1.053223
1361354606,0.046387,0.097412,1.041016
1361359606,0.040527,0.096191,1.043457
1361364606,0.040771,0.104004,1.047607
1361369606,0.045654,0.105713,1.054199
1361374606,0.042236,0.107178,1.056641
1361379606,0.041016,0.095459,1.050293
1361384606,0.041504,0.091309,1.048828
1361389606,0.036377,0.0979,1.052979
1361394606,0.045166,0.090088,1.044922
1361399606,0.043945,0.098145,1.052734
1361404606,0.050781,0.091309,1.045654
1361409606,0.036377,0.106689,1.048828
1361414606,0.045898,0.101318,1.049316
1361419606,0.046875,0.100098,1.049561
1361424606,0.048096,0.090332,1.056152
1361429606,0.044678,0.10376,1.059082
1361434606,0.043701,0.092773,1.041748
1361439606,0.03833,0.097168,1.045654
1361444606,0.043701,0.108398,1.05127
1361449606,0.04248,0.096191,1.047119
1361454606,0.040039,0.091797,1.033203
1361459606,0.041748,0.116211,1.055908
1361464606,0.044189,0.106445,1.049316
1361469606,0.041504,0.098145,1.049805
1361474606,0.037109,0.107422,1.00293
1361479606,0.038818,0.100586,1.06543
1361484606,0.04541,0.104004,1.052246
1361489606,0.048096,0.101074,1.053467
1361494606,0.04248,0.102539,1.038086
1361499606,0.04248,0.086426,1.040527
1361504606,0.044678,0.093506,1.046875
1361509606,0.048096,0.094727,1.045166
1361514606,0.044922,0.090332,1.049072
1361519606,0.043457,0.098877,1.043701
1361524606,0.047119,0.097656,1.044189
1361529606,0.044189,0.095215,1.045898
1361534606,0.039551,0.097656,1.046631
1361539606,0.044922,0.0979,1.05249
1361544606,0.044434,0.099121,1.047607
1361549606,0.047363,0.099854,1.05127
1361554606,0.044678,0.092285,1.050049
1361559606,0.047363,0.093994,1.049561
1361564606,0.047363,0.094971,1.04834
1361569606,0.046387,0.091553,1.055664
1361574606,0.04541,0.095947,1.051025
1361579606,0.04541,0.095947,1.044678
1361584606,0.043213,0.093994,1.049072
1361589606,0.044922,0.099121,1.061768
1361594606,0.04541,0.096924,1.054688
1361599606,0.043457,0.09668,1.051025
1361604606,0.045166,0.098389,1.044678
1361609606,0.045898,0.09668,1.04834
1361614606,0.047119,0.09668,1.051758
1361619606,0.045166,0.098633,1.047363
1361624606,0.046631,0.093018,1.048584
1361629606,0.041748,0.096924,1.043945
1361634606,0.041016,0.098877,1.046875
1361639606,0.043457,0.093994,1.044434
1361644606,0.043945,0.097656,1.045898
1361649606,0.04248,0.100586,1.052734
1361654606,0.041016,0.100098,1.048828
1361659606,0.047119,0.098389,1.043945
1361664606,0.04126,0.101074,1.05127
1361669606,0.043457,0.099365,1.049316
1361674606,0.048584,0.096924,1.05127
1361679606,0.044678,0.092773,1.049072
1361684606,0.043213,0.098877,1.046143
1361689606,0.046143,0.095703,1.048584
1361694606,0.045166,0.093994,1.051025
1361699606,0.03833,0.095703,1.050781
1361704606,0.04248,0.096436,1.046631
1361709606,0.041016,0.097168,1.051514
1361714606,0.045166,0.099854,1.04834
1361719606,0.044189,0.0979,1.047607
1361724606,0.042236,0.092285,1.05127
1361729606,0.043457,0.095703,1.045166
1361734606,0.044189,0.096191,1.048584
1361739606,0.043945,0.092773,1.053467
1361744606,0.041016,0.095215,1.049805
1361749606,0.046631,0.094727,1.043457
1361754606,0.046143,0.099854,1.04541
1361759606,0.047852,0.097168,1.051025
1361764606,0.044922,0.097412,1.050049
1361769606,0.043945,0.095215,1.058838
1361774606,0.047119,0.095947,1.044189
1361779606,0.043945,0.095459,1.052002
1361784606,0.042969,0.101563,1.046875
1361789606,0.04126,0.099365,1.046387
1361794606,0.04248,0.097168,1.049561
1361799606,0.047363,0.092773,1.049316
1361804606,0.044922,0.099854,1.053955
1361809606,0.04126,0.100586,1.057617
1361814606,0.042969,0.091309,1.057373
1361819606,0.04248,0.097412,1.047607
1361824606,0.040771,0.09668,1.049316
1361829606,0.049072,0.094971,1.05249
1361834606,0.046875,0.095215,1.046631
1361839606,0.043213,0.099609,1.039307
1361844606,0.045166,0.094727,1.049561
1361849606,0.043213,0.094727,1.047852
1361854606,0.043945,0.09668,1.049805
1361859606,0.043213,0.099121,1.049072
1361864606,0.04541,0.102051,1.045654
1361869606,0.049561,0.095703,1.048828
1361874606,0.044922,0.097412,1.042969
1361879606,0.042969,0.101074,1.048828
1361884606,0.044434,0.09375,1.044434
1361889606,0.046631,0.094482,1.045898
1361894606,0.043945,0.097168,1.05127
1361899606,0.044189,0.096191,1.043701
1361904606,0.043945,0.097168,1.045166
1361909606,0.046387,0.094482,1.04834
1361914606,0.040527,0.096436,1.04248
1361919606,0.04541,0.100098,1.046631
1361924606,0.041992,0.097412,1.050537
1361929606,0.040039,0.095703,1.046631
1361934606,0.043945,0.097168,1.052246
1361939606,0.047607,0.101563,1.050049
1361944606,0.041992,0.096924,1.053467
1361949606,0.044922,0.095215,1.046387
1361954606,0.044922,0.096191,1.047607
1361959606,0.043213,0.097412,1.05127
1361964606,0.043457,0.094727,1.053467
1361969606,0.044922,0.093018,1.046631
1361974606,0.041992,0.095947,1.048584
1361979606,0.04541,0.097168,1.051025
1361984606,0.04126,0.096191,1.042236
1361989606,0.042969,0.097656,1.043945
1361994606,0.047363,0.09668,1.043213
1361999606,0.040771,0.100098,1.045654
1362004606,0.049072,0.097168,1.043945
1362009606,0.043701,0.099365,1.049805
1362014606,0.042236,0.100098,1.049805
1362019606,0.045654,0.095947,1.043213
1362024606,0.043945,0.099121,1.046631
1362029606,0.042969,0.098389,1.047363
1362034606,0.044434,0.096924,1.049561
1362039606,0.04541,0.095459,1.045166
1362044606,0.041504,0.092529,1.046143
1362049606,0.043945,0.092773,1.051025
1362054606,0.045166,0.093262,1.049072
1362059606,0.043701,0.099609,1.046631
1362064606,0.044189,0.099121,1.046631
1362069606,0.040527,0.097412,1.044922
1362074606,0.043457,0.096191,1.043457
1362079606,0.046631,0.100342,1.044434
1362084606,0.041016,0.098145,1.043945
1362089606,0.04834,0.095703,1.049805
1362094606,0.046631,0.0979,1.052246
1362099606,0.041016,0.096436,1.041748
1362104606,0.041504,0.095215,1.048828
1362109606,0.045654,0.091553,1.046387
1362114606,0.044434,0.098877,1.05127
1362119606,0.046387,0.097168,1.047607
1362124606,0.04541,0.095703,1.051514
1362129606,0.046631,0.093506,1.048828
1362134606,0.045654,0.098877,1.048096
1362139606,0.045166,0.09375,1.053955
1362144606,0.043701,0.0979,1.05127
1362149606,0.041016,0.098389,1.048828
1362154606,0.041504,0.093994,1.047363
1362159606,0.043457,0.093262,1.047852
1362164606,0.048584,0.094238,1.054199
1362169606,0.043701,0.094238,1.044922
1362174606,0.045166,0.096436,1.044434
1362179606,0.040771,0.101318,1.049561
1362184606,0.044922,0.097168,1.048584
1362189606,0.040527,0.094238,1.050049
1362194606,0.04541,0.094971,1.048828
1362199606,0.04248,0.096924,1.056885
1362204606,0.049072,0.099365,1.047852
1362209606,0.046387,0.098633,1.050781
1362214606,0.042969,0.094727,1.046387
1362219606,0.040527,0.101807,1.052734
1362224606,0.042725,0.099609,1.050293
1362229606,0.04541,0.098877,1.047852
1362234606,0.039795,0.102783,1.046143
1362239606,0.045898,0.094238,1.042725
1362244606,0.044434,0.093994,1.05127
1362249606,0.050293,0.095703,1.045654
1362254606,0.044434,0.095947,1.048584
1362259606,0.045898,0.099121,1.048828
1362264606,0.042725,0.097656,1.049561
1362269606,0.047119,0.093262,1.047607
1362274606,0.042969,0.102051,1.049561
1362279606,0.043213,0.095215,1.050049
1362284606,0.041992,0.097412,1.047607
1362289606,0.043213,0.097412,1.048584
1362294606,0.041748,0.094971,1.046631
1362299606,0.046143,0.095947,1.045898
1362304606,0.043945,0.098633,1.049561
1362309606,0.047363,0.094727,1.049561
1362314606,0.045654,0.09668,1.05127
1362319606,0.042969,0.094482,1.047363
1362324606,0.047363,0.096924,1.046143
1362329606,0.044678,0.100342,1.049561
1362334606,0.041748,0.097412,1.046143
1362339606,0.045898,0.099609,1.044189
1362344606,0.042725,0.095703,1.048096
1362349606,0.044434,0.0979,1.043457
1362354606,0.044678,0.095215,1.052734
1362359606,0.047607,0.096924,1.052246
1362364606,0.042236,0.094971,1.05127
1362369606,0.043213,0.100586,1.050293
1362374606,0.048828,0.091797,1.044434
1362379606,0.045898,0.094482,1.047119
1362384606,0.042725,0.096191,1.057129
1362389606,0.044189,0.095459,1.047119
1362394606,0.046143,0.096924,1.046631
1362399606,0.044922,0.09375,1.047852
1362404606,0.044189,0.094482,1.046631
1362409606,0.046387,0.098633,1.049561
1362414606,0.044434,0.094971,1.047607
1362419606,0.050049,0.098145,1.044434
1362424606,0.042236,0.097412,1.049072
1362429606,0.04541,0.101074,1.049072
1362434606,0.042725,0.102783,1.050781
1362439606,0.040283,0.099121,1.046387
1362444606,0.04248,0.0979,1.051514
1362449606,0.04248,0.096924,1.044678
1362454606,0.04541,0.097168,1.045654
1362459606,0.044434,0.093262,1.044189
1362464606,0.045654,0.091309,1.047852
1362469606,0.044922,0.091553,1.052979
1362474606,0.045898,0.094971,1.05127
1362479606,0.043213,0.098389,1.057373
1362484606,0.041748,0.096191,1.049805
1362489606,0.044189,0.095459,1.049805
1362494606,0.044189,0.097168,1.048584
1362499606,0.04248,0.098389,1.049805
1362504606,0.046631,0.0979,1.051758
1362509606,0.043457,0.09668,1.048096
1362514606,0.047119,0.094971,1.049072
1362519606,0.037842,0.096924,1.047119
1362524606,0.04541,0.097412,1.049072
1362529606,0.042969,0.097656,1.044189
1362534606,0.045166,0.09668,1.045166
1362539606,0.044434,0.098389,1.046143
1362544606,0.042969,0.09668,1.043701
1362549606,0.044678,0.094971,1.049805
1362554606,0.046143,0.098145,1.052002
1362559606,0.041748,0.094971,1.052246
1362564606,0.042969,0.098389,1.043457
1362569606,0.043457,0.096191,1.048096
1362574606,0.038574,0.098389,1.046143
1362579606,0.045166,0.095215,1.048828
1362584606,0.044678,0.097412,1.050049
1362589606,0.043701,0.095215,1.049316
1362594606,0.045898,0.095215,1.055176
1362599606,0.042969,0.095215,1.052734
1362604606,0.044922,0.095703,1.051025
1362609606,0.045898,0.096436,1.053711
1362614606,0.045654,0.097412,1.04541
1362619606,0.047363,0.097412,1.049316
1362624606,0.041504,0.09668,1.048828
1362629606,0.042969,0.094482,1.047363
1362634606,0.042725,0.0979,1.053711
1362639606,0.041016,0.093506,1.051025
1362644606,0.04126,0.098877,1.041992
1362649606,0.043701,0.09668,1.050293
1362654606,0.040527,0.098389,1.044678
1362659606,0.044922,0.099121,1.048096
1362664606,0.041016,0.095703,1.046631
1362669606,0.046631,0.094238,1.044434
1362674606,0.048584,0.094238,1.046143
1362679606,0.046631,0.092529,1.049561
1362684606,0.044678,0.095703,1.047363
1362689606,0.048096,0.092041,1.048828
1362694606,0.044678,0.09668,1.049316
1362699606,0.043945,0.095215,1.049805
1362704606,0.044678,0.095459,1.049316
1362709606,0.040283,0.100098,1.04834
1362714606,0.04248,0.100586,1.046143
1362719606,0.045166,0.0979,1.041504
1362724606,0.043457,0.097168,1.047607
1362729606,0.046143,0.093994,1.046387
1362734606,0.041016,0.095703,1.048096
1362739606,0.045166,0.0979,1.042969
1362744606,0.045654,0.09375,1.050293
1362749606,0.04248,0.094482,1.040283
1362754606,0.043701,0.095459,1.048096
1362759606,0.041992,0.098145,1.050293
1362764606,0.044678,0.096924,1.047363
1362769606,0.046143,0.094971,1.04126
1362774606,0.042969,0.099365,1.047607
1362779606,0.045166,0.097656,1.052002
1362784606,0.04248,0.095215,1.04834
1362789606,0.041504,0.096436,1.053467
