timestamp_us,x_g,y_g,z_g
975489617,0.092529,0.119629,1.036377
975494617,0.0979,0.114014,1.043945
975499617,0.095947,0.112549,1.040039
975504617,0.092529,0.115479,1.039063
975509617,0.09082,0.116211,1.043945
975514617,0.093018,0.115723,1.038086
975519617,0.096191,0.116943,1.040283
975524617,0.099365,0.119141,1.041504
975529617,0.098633,0.113037,1.038574
975534617,0.100342,0.118652,1.038086
975539617,0.095459,0.116943,1.037354
975544617,0.096436,0.12207,1.037842
975549617,0.097412,0.114502,1.041504
975554617,0.102783,0.11377,1.037354
975559617,0.092529,0.119629,1.041748
975564617,0.090576,0.117188,1.037842
975569617,0.096924,0.114014,1.039795
975574617,0.098877,0.113037,1.041016
975579617,0.093018,0.11377,1.040527
975584617,0.091553,0.112305,1.041748
975589617,0.092529,0.112061,1.040771
975594617,0.092773,0.108887,1.042969
975599617,0.096924,0.118896,1.048584
975604617,0.095947,0.115967,1.04126
975609617,0.095459,0.11499,1.038818
975614617,0.099121,0.119873,1.046875
975619617,0.094482,0.119873,1.036377
975624617,0.099121,0.115234,1.035889
975629617,0.100586,0.118408,1.040527
975634617,0.092041,0.11792,1.042236
975639617,0.099365,0.115967,1.039307
975644617,0.09375,0.11792,1.04834
975649617,0.094482,0.114258,1.046143
975654617,0.095703,0.118408,1.040283
975659617,0.096191,0.114502,1.046143
975664617,0.092773,0.120117,1.035645
975669617,0.094238,0.114746,1.035156
975674617,0.099365,0.114014,1.041992
975679617,0.101563,0.114258,1.035156
975684617,0.098877,0.114502,1.044434
975689617,0.100098,0.118652,1.044189
975694617,0.094482,0.117188,1.048584
978514617,0.095947,0.114258,1.049805
978519617,0.09082,0.118652,1.043701
978524617,0.089844,0.114014,1.042725
978529617,0.0896,0.117676,1.04248
978534617,0.092773,0.114258,1.045898
978539617,0.094727,0.116943,1.04541
978544617,0.099121,0.117188,1.039795
978549617,0.096436,0.116943,1.040039
978554617,0.099854,0.115967,1.045166
978559617,0.097168,0.119141,1.040039
978564617,0.096191,0.120117,1.042725
978569617,0.099609,0.118652,1.027588
978574617,0.096436,0.117188,1.047119
978579617,0.093018,0.117676,1.039307
978584617,0.091797,0.112549,1.047607
978589617,0.097656,0.114258,1.04541
978594617,0.098877,0.111572,1.045898
978599617,0.097412,0.114746,1.044189
978604617,0.101074,0.116455,1.045166
978609617,0.099121,0.116211,1.041748
978614617,0.099121,0.118408,1.04834
978619617,0.092773,0.125,1.036865
978624617,0.093262,0.118652,1.047852
978629617,0.096191,0.115967,1.050537
978634617,0.094238,0.11499,1.046143
978639617,0.095215,0.114746,1.032959
978644617,0.094971,0.109375,1.046631
978649617,0.091553,0.114014,1.041504
978654617,0.091309,0.116699,1.036865
978659617,0.094238,0.114014,1.045166
978664617,0.097412,0.111328,1.045166
978669617,0.090088,0.12207,1.043213
978674617,0.087891,0.123535,1.056396
978679617,0.087646,0.114746,1.039063
978684617,0.100098,0.108643,1.04248
978689617,0.102539,0.11377,1.044189
978694617,0.098389,0.116699,1.031494
978699617,0.099609,0.129639,1.058105
978704617,0.087646,0.129639,1.044922
978709617,0.09082,0.121338,1.044189
978714617,0.092529,0.115967,1.039795
978719617,0.102539,0.107178,1.046143
978724617,0.10083,0.110596,1.04541
978729617,0.093994,0.117676,1.043213
978734617,0.093262,0.117676,1.046387
978739617,0.094482,0.116699,1.049072
978744617,0.099609,0.106934,1.040527
978749617,0.095215,0.113037,1.047119
978754617,0.091309,0.121094,1.03833
978759617,0.093994,0.118164,1.050293
978764617,0.092285,0.11792,1.046875
978769617,0.090088,0.119873,1.043213
978774617,0.099854,0.122314,1.041748
978779617,0.095703,0.117188,1.038086
978784617,0.104248,0.117432,1.044189
978789617,0.095215,0.120361,1.03418
978794617,0.093994,0.118164,1.037598
978799617,0.09375,0.116943,1.042236
978804617,0.093506,0.115723,1.036865
978809617,0.093506,0.11377,1.043701
978814617,0.09375,0.113037,1.037842
978819617,0.095947,0.112793,1.041504
978824617,0.090576,0.116699,1.040527
978829617,0.095215,0.114502,1.051514
978834617,0.095215,0.116699,1.039551
978839617,0.097412,0.119873,1.040527
978844617,0.09668,0.117188,1.039795
978849617,0.116455,0.104492,1.035889
978854617,0.100586,0.133057,1.061279
978859617,0.10498,0.118408,1.04834
978864617,0.101318,0.114502,1.036133
978869617,0.103516,0.130615,1.049072
978874617,0.093018,0.119629,1.048584
978879617,0.09375,0.116211,1.033203
978884617,0.098145,0.114014,1.043213
978889617,0.09668,0.111328,1.045166
978894617,0.093018,0.109863,1.038574
978899617,0.094238,0.115723,1.045654
978904617,0.093506,0.116455,1.039307
978909617,0.094482,0.118896,1.041748
978914617,0.094238,0.115723,1.039551
978919617,0.098145,0.121826,1.042725
978924617,0.091797,0.118164,1.038086
978929617,0.092285,0.115479,1.052246
978934617,0.090088,0.118896,1.053467
978939617,0.097168,0.107666,1.026367
978944617,0.09082,0.115479,1.041992
978949617,0.094238,0.120605,1.044678
978954617,0.090576,0.113525,1.032959
978959617,0.093262,0.110596,1.036133
978964617,0.092529,0.112305,1.039551
978969617,0.097412,0.11377,1.036865
978974617,0.095459,0.117188,1.036133
978979617,0.101074,0.110596,1.04541
978984617,0.094727,0.12207,1.050293
978989617,0.09375,0.116455,1.041504
978994617,0.097656,0.115479,1.042725
978999617,0.093262,0.125488,1.036865
979004617,0.093018,0.116455,1.041992
979009617,0.095703,0.117676,1.047363
979014617,0.094482,0.11499,1.035889
979019617,0.096436,0.114502,1.038818
979024617,0.10498,0.116211,1.040283
979029617,0.099609,0.114014,1.038086
979034617,0.099121,0.114746,1.034424
979039617,0.095215,0.121338,1.04541
979044617,0.091797,0.124756,1.042969
979049617,0.09375,0.117188,1.040283
979054617,0.094238,0.112305,1.048828
979059617,0.093994,0.115234,1.047607
979064617,0.092529,0.112549,1.038818
979069617,0.092285,0.111084,1.039551
979074617,0.096191,0.117188,1.039551
979079617,0.100586,0.119385,1.043457
979084617,0.101807,0.111816,1.040039
979089617,0.101318,0.118896,1.035156
979094617,0.096924,0.119385,1.031494
979099617,0.094482,0.116211,1.040283
979104617,0.099121,0.118896,1.040771
979109617,0.094482,0.11792,1.038574
979114617,0.097656,0.116699,1.037598
979119617,0.0896,0.121826,1.041504
979124617,0.094971,0.118164,1.04541
979129617,0.093262,0.112305,1.042969
979134617,0.0979,0.117676,1.041016
979139617,0.093262,0.115234,1.039551
979144617,0.096924,0.115479,1.043701
979149617,0.099121,0.116211,1.045898
979154617,0.096436,0.110352,1.037842
979159617,0.097656,0.115723,1.042725
979164617,0.096924,0.114014,1.03833
979169617,0.106201,0.11377,1.050537
979174617,0.100586,0.120117,1.033936
979179617,0.091797,0.118408,1.043945
979184617,0.092529,0.122314,1.04834
979189617,0.087646,0.117432,1.036133
979194617,0.092285,0.118652,1.041016
979199617,0.094482,0.11499,1.037598
979204617,0.095703,0.118896,1.036621
979209617,0.094482,0.11499,1.039795
979214617,0.094238,0.119629,1.03833
979219617,0.096436,0.116211,1.035889
979224617,0.103271,0.116211,1.043945
979229617,0.101318,0.111084,1.043701
979234617,0.098633,0.116455,1.040039
979239617,0.096191,0.11499,1.041992
979244617,0.095947,0.114746,1.041504
979249617,0.093994,0.121582,1.039551
979254617,0.093018,0.114014,1.044922
979259617,0.094971,0.116943,1.044189
979264617,0.091309,0.117432,1.042725
979269617,0.093018,0.11792,1.043213
979274617,0.091064,0.118652,1.04248
979279617,0.095947,0.11499,1.046875
979284617,0.096191,0.116211,1.036377
979289617,0.098389,0.117676,1.048584
979294617,0.095459,0.117188,1.04248
979299617,0.091064,0.112549,1.041748
979304617,0.096924,0.120361,1.039063
979309617,0.096436,0.117188,1.040039
979314617,0.093506,0.114258,1.040039
979319617,0.095459,0.114502,1.04248
979324617,0.098877,0.112793,1.036377
979329617,0.094727,0.114258,1.040527
979334617,0.090576,0.114014,1.040283
979339617,0.093018,0.118164,1.044434
979344617,0.09375,0.114014,1.046875
979349617,0.093994,0.116943,1.045898
979354617,0.094727,0.114746,1.040771
979359617,0.097412,0.11499,1.049805
979364617,0.095459,0.117676,1.039551
979369617,0.097656,0.118408,1.039795
979374617,0.094971,0.121582,1.042969
979379617,0.095459,0.116211,1.034668
979384617,0.094482,0.115479,1.039063
979389617,0.100586,0.115967,1.044922
979394617,0.094482,0.118652,1.041992
979399617,0.102295,0.114502,1.050049
979404617,0.094238,0.119385,1.044678
979409617,0.092773,0.115234,1.035156
979414617,0.093018,0.119873,1.03833
979419617,0.092041,0.112793,1.049805
979424617,0.077881,0.115967,1.017334
979429617,0.097656,0.114258,1.041748
979434617,0.09082,0.112061,1.036133
979439617,0.091064,0.118164,1.038086
979444617,0.096924,0.111816,1.044922
979449617,0.095703,0.112793,1.040283
979454617,0.096191,0.116211,1.034668
979459617,0.095703,0.114502,1.052002
979464617,0.088135,0.111328,1.037842
979469617,0.0896,0.112061,1.042969
979474617,0.090576,0.111816,1.045654
979479617,0.091553,0.11499,1.039795
979484617,0.0896,0.113037,1.041016
979489617,0.095459,0.110352,1.042236
979494617,0.098389,0.113037,1.039063
979499617,0.09375,0.118896,1.043945
979504617,0.099121,0.116211,1.046875
979509617,0.098145,0.11792,1.039307
979514617,0.100098,0.117432,1.04248
979519617,0.098389,0.118652,1.043701
979524617,0.093506,0.119629,1.037842
979529617,0.102539,0.114258,1.040527
979534617,0.100098,0.11792,1.03833
979539617,0.099854,0.118164,1.038574
979544617,0.09668,0.119629,1.042236
979549617,0.0979,0.116943,1.036865
979554617,0.095459,0.11499,1.039795
979559617,0.091553,0.116455,1.040771
979564617,0.093994,0.123779,1.034668
979569617,0.093506,0.116455,1.041992
979574617,0.097656,0.11792,1.044189
979579617,0.094482,0.118652,1.044678
979584617,0.097412,0.119141,1.042969
979589617,0.097656,0.11792,1.04541
979594617,0.09375,0.114746,1.033447
979599617,0.094727,0.116699,1.033203
979604617,0.095215,0.112549,1.039795
979609617,0.102295,0.118408,1.052734
979614617,0.096436,0.114746,1.033203
979619617,0.094238,0.107666,1.034424
979624617,0.096924,0.117676,1.053467
979629617,0.091064,0.11499,1.032715
979634617,0.088623,0.114502,1.04126
979639617,0.101318,0.115967,1.05542
979644617,0.090088,0.113281,1.040039
979649617,0.095215,0.12085,1.042725
979654617,0.094727,0.116455,1.04126
979659617,0.093018,0.120117,1.039795
979664617,0.096191,0.115723,1.04126
979669617,0.09375,0.113525,1.037109
979674617,0.098145,0.115479,1.034912
979679617,0.095703,0.120605,1.041992
979684617,0.094482,0.11792,1.038818
979689617,0.094727,0.111084,1.04126
979694617,0.096924,0.114746,1.052246
979699617,0.090088,0.112793,1.037109
979704617,0.087646,0.111816,1.0354
979709617,0.091064,0.113281,1.039551
979714617,0.091797,0.112793,1.0354
979719617,0.096436,0.119873,1.04541
979724617,0.094238,0.114258,1.037598
979729617,0.096436,0.119629,1.04248
979734617,0.099609,0.120361,1.035156
979739617,0.093018,0.118408,1.031006
979744617,0.097168,0.123047,1.050781
979749617,0.098877,0.116699,1.039307
979754617,0.091064,0.115723,1.034912
979759617,0.100342,0.120117,1.041504
979764617,0.101563,0.121338,1.044434
979769617,0.089111,0.113281,1.033936
979774617,0.090332,0.116211,1.039063
979779617,0.098633,0.117188,1.054443
979784617,0.102295,0.116699,1.050781
979789617,0.094971,0.114746,1.036133
979794617,0.091064,0.109863,1.034668
979799617,0.094727,0.117188,1.046631
979804617,0.095215,0.118408,1.049561
979809617,0.094482,0.112793,1.037598
979814617,0.101563,0.112061,1.035156
979819617,0.100342,0.117676,1.032715
979824617,0.095947,0.12085,1.046143
979829617,0.090088,0.12207,1.043213
979834617,0.091797,0.114502,1.048096
979839617,0.092773,0.124023,1.045654
979844617,0.093506,0.112793,1.036377
979849617,0.091553,0.11792,1.040039
979854617,0.102539,0.109131,1.029297
979859617,0.105713,0.11792,1.057617
979864617,0.092041,0.115967,1.041016
979869617,0.096191,0.115234,1.039551
979874617,0.092285,0.111084,1.03833
979879617,0.092773,0.118408,1.040771
979884617,0.09668,0.11792,1.035156
979889617,0.099609,0.118164,1.038818
979894617,0.096924,0.120605,1.043945
979899617,0.096191,0.117432,1.036133
979904617,0.094727,0.125488,1.044189
979909617,0.094238,0.120605,1.035889
979914617,0.097412,0.11792,1.0354
979919617,0.095947,0.115234,1.046875
979924617,0.092041,0.120605,1.045654
979929617,0.093018,0.11377,1.040527
979934617,0.096924,0.118408,1.041504
979939617,0.100342,0.114014,1.036865
979944617,0.098633,0.112305,1.041992
979949617,0.096436,0.113525,1.041992
979954617,0.096191,0.110596,1.037842
979959617,0.09375,0.115479,1.043457
979964617,0.095703,0.116455,1.037842
979969617,0.094727,0.117676,1.038818
979974617,0.09375,0.119385,1.04541
979979617,0.09668,0.120117,1.044189
979984617,0.096436,0.120361,1.042236
979989617,0.094727,0.123535,1.051025
979994617,0.093018,0.12207,1.046143
979999617,0.095215,0.119629,1.04248
980004617,0.094238,0.118164,1.040771
980009617,0.095703,0.11084,1.042725
980014617,0.087402,0.114258,1.033936
980019617,0.094238,0.111572,1.04248
980024617,0.096191,0.105713,1.034424
980029617,0.098877,0.111572,1.041016
980034617,0.093994,0.112305,1.046875
980039617,0.097412,0.116455,1.039795
980044617,0.092773,0.117188,1.052979
980049617,0.094727,0.116699,1.034912
980054617,0.10083,0.119141,1.04834
980059617,0.088135,0.12207,1.032227
980064617,0.100342,0.12085,1.034424
980069617,0.095459,0.12085,1.039795
980074617,0.089355,0.117676,1.036621
980079617,0.097168,0.115967,1.04834
980084617,0.096924,0.118164,1.040039
980089617,0.089844,0.116699,1.03833
980094617,0.100342,0.109619,1.046875
980099617,0.098145,0.112305,1.050537
980104617,0.091553,0.119873,1.04834
980109617,0.094727,0.120117,1.047607
980114617,0.092773,0.120361,1.047607
980119617,0.094971,0.116455,1.044678
980124617,0.093506,0.11377,1.044434
980129617,0.095459,0.121338,1.047852
980134617,0.094727,0.116943,1.038574
980139617,0.097168,0.118164,1.044922
980144617,0.098633,0.116943,1.041992
980149617,0.097412,0.116943,1.042969
980154617,0.093994,0.118408,1.038818
980159617,0.098389,0.112305,1.048828
980164617,0.09375,0.116699,1.041748
980169617,0.093506,0.11084,1.041504
980174617,0.095459,0.11084,1.038086
980179617,0.091309,0.108398,1.04126
980184617,0.099121,0.109619,1.039551
980189617,0.103271,0.110596,1.04541
980194617,0.099365,0.118652,1.036865
980199617,0.098389,0.120117,1.04248
980204617,0.095703,0.125488,1.040039
980209617,0.094482,0.116699,1.040283
980214617,0.094238,0.112305,1.04541
980219617,0.097412,0.118896,1.037842
980224617,0.100098,0.123291,1.050781
980229617,0.094238,0.121338,1.04126
980234617,0.099365,0.11792,1.045166
980239617,0.092773,0.118408,1.047607
980244617,0.097168,0.115723,1.042236
980249617,0.099365,0.113525,1.043945
980254617,0.088867,0.118408,1.035889
980259617,0.091064,0.109375,1.039307
980264617,0.100586,0.111084,1.041992
980269617,0.093262,0.114258,1.038574
980274617,0.093262,0.11377,1.041992
980279617,0.094238,0.114014,1.034912
980284617,0.096191,0.114014,1.038818
980289617,0.090576,0.116211,1.040039
980294617,0.092529,0.119873,1.037354
980299617,0.092773,0.11792,1.052002
980304617,0.094482,0.115234,1.042969
980309617,0.092773,0.118408,1.035889
980314617,0.096924,0.11377,1.036133
980319617,0.096191,0.120117,1.037354
980324617,0.092041,0.119385,1.031494
980329617,0.094727,0.117676,1.0354
980334617,0.101318,0.116699,1.042236
980339617,0.099365,0.117432,1.034912
980344617,0.101074,0.116699,1.046143
980349617,0.096191,0.119385,1.038086
980354617,0.098389,0.116699,1.046631
980359617,0.096436,0.122314,1.037842
980364617,0.094482,0.118164,1.046875
980369617,0.100342,0.118408,1.042969
980374617,0.097412,0.120361,1.043701
980379617,0.091797,0.118408,1.043701
980384617,0.0979,0.113525,1.028564
980389617,0.10083,0.116455,1.049561
980394617,0.096436,0.118408,1.050537
980399617,0.089844,0.116943,1.036865
980404617,0.097656,0.118896,1.043945
980409617,0.093262,0.116699,1.038086
980414617,0.096436,0.111084,1.040283
980419617,0.099609,0.118896,1.040771
980424617,0.099365,0.116211,1.04541
980429617,0.094727,0.121582,1.051025
980434617,0.083984,0.122803,1.033936
980439617,0.09375,0.106445,1.036621
980444617,0.105713,0.104492,1.049561
980449617,0.094482,0.112061,1.036865
980454617,0.101807,0.12085,1.048584
980459617,0.089844,0.125488,1.046875
980464617,0.088379,0.11792,1.035156
980469617,0.105957,0.102539,1.038574
980474617,0.095947,0.113281,1.034668
980479617,0.098877,0.112305,1.0354
980484617,0.10083,0.119629,1.050781
980489617,0.095947,0.117188,1.045654
980494617,0.091797,0.119629,1.039307
980499617,0.108643,0.112305,1.060303
980504617,0.092041,0.115723,1.028809
980509617,0.094971,0.115234,1.038574
980514617,0.098145,0.11499,1.040771
980519617,0.089111,0.11499,1.026611
980524617,0.09668,0.109619,1.038574
980529617,0.097168,0.116943,1.04126
980534617,0.0979,0.122314,1.03418
980539617,0.088623,0.122803,1.044922
980544617,0.099609,0.111572,1.0354
980549617,0.099854,0.119141,1.040527
980554617,0.093994,0.118652,1.043945
980559617,0.091797,0.115479,1.038574
980564617,0.095459,0.119141,1.044922
980569617,0.094482,0.119385,1.039795
980574617,0.095215,0.116211,1.037842
980579617,0.095215,0.115723,1.047607
980584617,0.098145,0.114258,1.037842
980589617,0.098389,0.11499,1.04126
980594617,0.092041,0.118408,1.035889
980599617,0.089844,0.116455,1.038818
980604617,0.097656,0.117676,1.043457
980609617,0.09375,0.11792,1.032959
980614617,0.100098,0.112061,1.034668
980619617,0.095703,0.114014,1.039795
980624617,0.094727,0.119629,1.043945
980629617,0.094727,0.12085,1.036865
980634617,0.094971,0.125244,1.046631
980639617,0.096191,0.115234,1.041748
980644617,0.095947,0.116943,1.039307
980649617,0.099365,0.114746,1.040283
980654617,0.090576,0.119873,1.04248
980659617,0.091309,0.117432,1.047363
980664617,0.095215,0.11792,1.041016
980669617,0.097412,0.113281,1.045898
980674617,0.099854,0.114746,1.044678
980679617,0.094482,0.119629,1.039307
980684617,0.093262,0.115723,1.03125
980689617,0.093994,0.112061,1.034668
980694617,0.099609,0.109863,1.041016
980699617,0.091064,0.117676,1.041992
980704617,0.097168,0.119629,1.049072
980709617,0.097168,0.112305,1.050293
980714617,0.100098,0.117676,1.049072
980719617,0.093018,0.12085,1.041992
980724617,0.086426,0.116455,1.030518
980729617,0.091064,0.115723,1.031006
980734617,0.099121,0.110596,1.033203
980739617,0.099609,0.114502,1.036865
980744617,0.090088,0.114258,1.040771
980749617,0.088135,0.11377,1.034424
980754617,0.094482,0.113281,1.031494
980759617,0.098877,0.109619,1.0354
980764617,0.0979,0.112793,1.037109
980769617,0.0979,0.115967,1.042236
980774617,0.087891,0.120117,1.044189
980779617,0.093018,0.118896,1.040283
980784617,0.091309,0.116699,1.04126
980789617,0.092773,0.118164,1.041992
980794617,0.093018,0.117676,1.035889
980799617,0.096924,0.114746,1.046143
980804617,0.096436,0.117676,1.038086
980809617,0.097656,0.112793,1.040283
980814617,0.105225,0.111572,1.044678
980819617,0.0979,0.115967,1.037842
980824617,0.101074,0.112793,1.042725
980829617,0.097656,0.11499,1.044678
980834617,0.098633,0.112305,1.036133
980839617,0.098145,0.108154,1.043457
980844617,0.092529,0.115234,1.049072
980849617,0.094482,0.113281,1.04248
980854617,0.096191,0.120117,1.044189
980859617,0.093262,0.123291,1.040283
980864617,0.093506,0.118652,1.04126
980869617,0.094971,0.117676,1.044922
980874617,0.094971,0.121094,1.037842
980879617,0.09668,0.11377,1.036865
980884617,0.096436,0.120361,1.045654
980889617,0.094727,0.117188,1.034668
980894617,0.098877,0.115234,1.040527
980899617,0.096436,0.114746,1.046143
980904617,0.092529,0.114502,1.039795
980909617,0.099121,0.109131,1.041992
980914617,0.092773,0.113281,1.047607
980919617,0.092041,0.120605,1.039307
980924617,0.097656,0.116699,1.04834
980929617,0.095215,0.115479,1.051758
980934617,0.088867,0.116211,1.04126
980939617,0.092041,0.12085,1.050537
980944617,0.101074,0.11499,1.045898
980949617,0.09082,0.117676,1.030762
980954617,0.095459,0.12085,1.030762
980959617,0.102295,0.118164,1.048584
980964617,0.090332,0.119385,1.032471
980969617,0.094482,0.120361,1.045898
980974617,0.075439,0.099854,0.992432
980979617,0.085205,0.120605,1.067139
980984617,0.109619,0.113525,1.05957
980989617,0.100586,0.100098,1.035889
980994617,0.093994,0.108887,1.028076
980999617,0.0979,0.119385,1.023682
981004617,0.090576,0.113281,1.033691
981009617,0.102295,0.117676,1.033691
981014617,0.086914,0.112305,1.058594
981019617,0.099121,0.116455,1.038574
981024617,0.085693,0.11084,1.047363
981029617,0.099121,0.118164,1.03418
981034617,0.098389,0.111816,1.036133
981039617,0.100342,0.120605,1.043945
981044617,0.099121,0.118896,1.037598
981049617,0.092285,0.119873,1.057129
981054617,0.093994,0.123047,1.048584
981059617,0.086426,0.115479,1.038818
981064617,0.103027,0.113525,1.030518
981069617,0.102295,0.115479,1.036133
981074617,0.104004,0.116699,1.046387
981079617,0.100342,0.12207,1.04834
981084617,0.086426,0.115723,1.038818
981089617,0.091064,0.120361,1.0354
981094617,0.092529,0.111084,1.035156
981099617,0.099365,0.11084,1.038574
981104617,0.102051,0.114258,1.050293
981109617,0.091553,0.11792,1.046143
981114617,0.085449,0.119385,1.045898
981119617,0.083984,0.11377,1.041016
981124617,0.09668,0.112549,1.042725
981129617,0.104736,0.110596,1.033936
981134617,0.106445,0.114502,1.039307
981139617,0.100342,0.117432,1.046143
981144617,0.090088,0.117432,1.042969
981149617,0.087646,0.118652,1.042969
981154617,0.096924,0.113037,1.032227
981159617,0.103271,0.112793,1.044678
981164617,0.104004,0.113281,1.034424
981169617,0.102295,0.115967,1.043945
981174617,0.086914,0.120605,1.052002
981179617,0.086182,0.117432,1.049805
981184617,0.089355,0.118896,1.045898
981189617,0.095703,0.109375,1.047363
981194617,0.0979,0.111084,1.032227
981199617,0.09668,0.110596,1.041504
981204617,0.092529,0.116699,1.043457
981209617,0.071045,0.124756,1.034424
981214617,0.095947,0.107178,1.032227
981219617,0.108887,0.106201,1.027832
981224617,0.103271,0.113525,1.046143
981229617,0.097168,0.116211,1.041992
981234617,0.098389,0.118164,1.040771
981239617,0.089844,0.116455,1.040771
981244617,0.084229,0.114746,1.032471
981249617,0.099365,0.11499,1.044434
981254617,0.097412,0.116211,1.035645
981259617,0.103271,0.113281,1.039307
981264617,0.097168,0.119873,1.046387
981269617,0.095947,0.118164,1.041748
981274617,0.094727,0.119385,1.043457
981279617,0.123291,0.102051,1.020264
981284617,0.100098,0.121094,1.045166
981289617,0.116211,0.142822,1.074707
981294617,0.071777,0.130127,1.051514
981299617,0.095703,0.122803,1.022461
981304617,0.080078,0.114502,1.048096
981309617,0.113037,0.113525,1.024658
981314617,0.098145,0.109375,1.03418
981319617,0.108643,0.118652,1.056396
981324617,0.095703,0.118652,1.044189
981329617,0.081787,0.120361,1.060547
981334617,0.091797,0.114746,1.022461
981339617,0.094971,0.11377,1.043945
981344617,0.105225,0.118896,1.02832
981349617,0.099121,0.117188,1.033203
981354617,0.0979,0.122314,1.049316
981359617,0.091309,0.124512,1.053711
981364617,0.087646,0.124268,1.047363
981369617,0.09375,0.118652,1.039551
981374617,0.103271,0.111572,1.032959
981379617,0.105713,0.116211,1.048828
981384617,0.097168,0.117188,1.044189
981389617,0.094238,0.118652,1.047607
981394617,0.093506,0.115723,1.04126
981399617,0.091553,0.111572,1.037109
981404617,0.104248,0.108643,1.039063
981409617,0.107666,0.109619,1.033203
981414617,0.095215,0.11084,1.039795
981419617,0.087646,0.11792,1.049072
981424617,0.082031,0.116455,1.039795
981429617,0.087402,0.110107,1.04541
981434617,0.094971,0.114746,1.041016
981439617,0.101074,0.111572,1.030762
981444617,0.098145,0.114746,1.045654
981449617,0.094727,0.118408,1.04541
981454617,0.085937,0.117188,1.051025
981459617,0.094971,0.117188,1.035889
981464617,0.100342,0.114502,1.032471
981469617,0.102051,0.115723,1.028076
981474617,0.100586,0.118408,1.043457
981479617,0.090332,0.117432,1.041992
981484617,0.091064,0.117432,1.042725
981489617,0.090332,0.117432,1.041504
981494617,0.094971,0.116455,1.037598
981499617,0.100098,0.112549,1.032227
981504617,0.101807,0.11792,1.043701
981509617,0.095215,0.111816,1.038574
981514617,0.088867,0.120605,1.04834
981519617,0.091309,0.121338,1.047119
981524617,0.095215,0.115479,1.035156
981529617,0.100586,0.118652,1.046387
981534617,0.100098,0.115479,1.031738
981539617,0.101807,0.111816,1.0354
981544617,0.097656,0.115967,1.042725
981549617,0.08667,0.122803,1.042725
981554617,0.066406,0.101563,0.983887
981559617,0.085205,0.120361,1.062988
981564617,0.112061,0.114014,1.06958
981569617,0.094971,0.0979,1.039795
981574617,0.098877,0.110596,1.027832
981579617,0.093262,0.119141,1.046143
981584617,0.083008,0.114746,1.027344
981589617,0.111328,0.111084,1.033936
981594617,0.095459,0.11499,1.05249
981599617,0.105469,0.117188,1.037842
981604617,0.090332,0.116455,1.051758
981609617,0.094727,0.120361,1.033203
981614617,0.0896,0.119385,1.036621
981619617,0.102295,0.117676,1.033203
981624617,0.098633,0.116211,1.039795
981629617,0.094727,0.116943,1.061279
981634617,0.090088,0.116699,1.049561
981639617,0.089355,0.11377,1.041992
981644617,0.100586,0.114258,1.030762
981649617,0.10791,0.11377,1.033203
981654617,0.109863,0.11792,1.049316
981659617,0.099609,0.121094,1.049072
981664617,0.09082,0.116211,1.03833
981669617,0.092285,0.115234,1.029541
981674617,0.096924,0.117188,1.037598
981679617,0.099365,0.113525,1.021973
981684617,0.104736,0.116943,1.044189
981689617,0.09375,0.123535,1.043701
981694617,0.085205,0.119873,1.044678
981699617,0.088867,0.117432,1.045654
981704617,0.097168,0.114014,1.040771
981709617,0.102051,0.112061,1.032959
981714617,0.104248,0.114502,1.041016
981719617,0.098145,0.116699,1.04834
981724617,0.094727,0.116455,1.050293
981729617,0.083008,0.120117,1.038818
981734617,0.095947,0.114014,1.040283
981739617,0.098389,0.114746,1.029053
981744617,0.104004,0.113525,1.029785
981749617,0.101807,0.117432,1.040283
981754617,0.09082,0.120117,1.047852
981759617,0.090088,0.119873,1.043457
981764617,0.08667,0.11792,1.040771
981769617,0.103027,0.114014,1.036865
981774617,0.106445,0.118164,1.05127
981779617,0.095703,0.115967,1.042236
981784617,0.095215,0.11377,1.043457
981789617,0.087402,0.115723,1.046143
981794617,0.090332,0.115723,1.039551
981799617,0.101318,0.112793,1.038574
981804617,0.106445,0.11792,1.034912
981809617,0.106689,0.112061,1.044189
981814617,0.100586,0.116455,1.039551
981819617,0.093018,0.121582,1.04126
981824617,0.091797,0.122314,1.033691
981829617,0.092773,0.119629,1.038818
981834617,0.100098,0.117432,1.045166
981839617,0.098633,0.114258,1.040283
981844617,0.097168,0.12085,1.051514
981849617,0.091797,0.115479,1.044922
981854617,0.090088,0.119629,1.046143
981859617,0.090576,0.11792,1.041748
981864617,0.095215,0.114502,1.033936
981869617,0.108887,0.108643,1.041992
981874617,0.104004,0.114746,1.039795
981879617,0.094971,0.117188,1.041992
981884617,0.089844,0.116211,1.04248
981889617,0.095459,0.114502,1.037598
981894617,0.094971,0.112061,1.032715
981899617,0.101074,0.118164,1.03833
981904617,0.092773,0.120361,1.041748
981909617,0.093262,0.115723,1.0354
981914617,0.093262,0.117188,1.048096
981919617,0.092285,0.119385,1.044189
981924617,0.097412,0.116455,1.041504
981929617,0.101318,0.11377,1.042969
981934617,0.093994,0.113037,1.036865
981939617,0.098145,0.114258,1.037109
981944617,0.095215,0.116699,1.043457
981949617,0.092773,0.114258,1.038574
981954617,0.099854,0.115234,1.036621
981959617,0.098145,0.116455,1.039551
981964617,0.097412,0.116699,1.038086
981969617,0.09082,0.117676,1.043945
981974617,0.087158,0.12085,1.044678
981979617,0.09082,0.119873,1.040771
981984617,0.095215,0.121582,1.045166
981989617,0.093018,0.116455,1.041992
981994617,0.102051,0.115967,1.037598
981999617,0.099121,0.118896,1.043701
982004617,0.100342,0.118408,1.046875
982009617,0.102295,0.114258,1.040527
982014617,0.095215,0.11499,1.039551
982019617,0.095703,0.109863,1.032471
982024617,0.104492,0.117432,1.037598
982029617,0.096191,0.112793,1.037354
982034617,0.097412,0.114746,1.042969
982039617,0.087646,0.112793,1.033447
982044617,0.096191,0.123291,1.047363
982049617,0.096191,0.116943,1.043213
982054617,0.095703,0.116211,1.035645
982059617,0.094482,0.11499,1.042969
982064617,0.096191,0.121582,1.046387
982069617,0.092285,0.119141,1.041992
982074617,0.093506,0.115234,1.037598
982079617,0.094727,0.122559,1.041992
982084617,0.099365,0.114014,1.043701
982089617,0.102051,0.108643,1.044922
982094617,0.087646,0.114014,1.03125
982099617,0.098877,0.118408,1.052246
982104617,0.092529,0.113037,1.045898
982109617,0.100342,0.114014,1.034912
982114617,0.091797,0.116211,1.034668
982119617,0.101563,0.111328,1.04248
982124617,0.097168,0.121094,1.044678
982129617,0.092529,0.122314,1.04541
982134617,0.0896,0.120361,1.038818
982139617,0.096191,0.115234,1.045654
982144617,0.10083,0.111328,1.03125
982149617,0.101318,0.116943,1.045898
982154617,0.098389,0.11377,1.0354
982159617,0.100586,0.113281,1.048828
982164617,0.095459,0.121094,1.050049
982169617,0.092041,0.115479,1.036865
982174617,0.095215,0.113037,1.04248
982179617,0.092529,0.113525,1.042236
982184617,0.094238,0.115967,1.043213
982189617,0.094971,0.115479,1.052246
982194617,0.091064,0.114746,1.045166
982199617,0.091553,0.115723,1.038818
982204617,0.088867,0.11792,1.04541
982209617,0.098389,0.114746,1.038574
982214617,0.097412,0.118896,1.035156
982219617,0.101318,0.118896,1.045898
982224617,0.091064,0.121094,1.045166
982229617,0.091064,0.116943,1.039795
982234617,0.094971,0.115479,1.0354
982239617,0.097168,0.110596,1.039551
982244617,0.097656,0.113281,1.039795
982249617,0.099609,0.109375,1.051514
982254617,0.087891,0.117676,1.036865
982259617,0.103516,0.109619,1.046387
982264617,0.092773,0.119873,1.051514
982269617,0.07959,0.12207,1.030518
982274617,0.093506,0.110352,1.049561
982279617,0.101074,0.107422,1.037354
982284617,0.101074,0.117676,1.05127
982289617,0.085449,0.121094,1.043457
982294617,0.0896,0.119629,1.041016
982299617,0.096436,0.114746,1.040771
982304617,0.096924,0.120605,1.041992
982309617,0.097412,0.119141,1.045654
982314617,0.096436,0.116455,1.039551
982319617,0.095947,0.112549,1.03833
982324617,0.101563,0.112305,1.046631
982329617,0.092529,0.116455,1.040039
982334617,0.098633,0.116455,1.038574
982339617,0.098389,0.112305,1.034668
982344617,0.100098,0.111816,1.040283
982349617,0.096924,0.115967,1.045898
982354617,0.091309,0.119873,1.044434
982359617,0.095947,0.120605,1.037598
982364617,0.098145,0.11377,1.038574
982369617,0.099365,0.115723,1.039551
982374617,0.094727,0.123291,1.045898
982379617,0.088623,0.123047,1.043945
982384617,0.092529,0.112305,1.045166
982389617,0.098633,0.109131,1.048096
982394617,0.096924,0.11792,1.038574
982399617,0.092285,0.116699,1.038574
982404617,0.102539,0.112793,1.037842
982409617,0.101318,0.112061,1.039063
982414617,0.093994,0.115967,1.045166
982419617,0.093994,0.115723,1.034424
982424617,0.102783,0.11377,1.04126
982429617,0.103516,0.118408,1.044678
982434617,0.093506,0.121094,1.031738
982439617,0.09082,0.122559,1.037598
982444617,0.093994,0.123779,1.04834
982449617,0.091797,0.121826,1.040771
982454617,0.091553,0.118408,1.042969
982459617,0.093018,0.115723,1.04248
982464617,0.097168,0.114746,1.041016
982469617,0.099854,0.116211,1.040771
982474617,0.091553,0.112061,1.033691
982479617,0.09082,0.118164,1.047852
982484617,0.087158,0.110596,1.031982
982489617,0.093506,0.106689,1.023682
982494617,0.09082,0.118652,1.0271
982499617,0.093994,0.127686,1.033936
982504617,0.082275,0.127686,1.033936
982509617,0.089111,0.122559,1.038086
982514617,0.089355,0.117676,1.038086
982519617,0.095947,0.124023,1.04541
982524617,0.091309,0.125732,1.039551
982529617,0.113037,0.108643,1.058105
982534617,0.069824,0.11084,1.022705
982539617,0.095703,0.118652,1.072754
982544617,0.083984,0.115479,1.050049
982549617,0.10498,0.120361,1.025635
982554617,0.103271,0.123047,1.046143
982559617,0.119873,0.115479,1.020508
982564617,0.106689,0.116943,1.034912
982569617,0.11377,0.122803,1.044678
982574617,0.104492,0.115723,1.05249
982579617,0.093506,0.111816,1.044678
982584617,0.091309,0.11377,1.026123
982589617,0.085937,0.109619,1.034424
982594617,0.0896,0.101318,1.031738
982599617,0.090332,0.108398,1.053223
982604617,0.087646,0.114258,1.063477
982609617,0.085693,0.114502,1.065674
982614617,0.086426,0.119385,1.063232
982619617,0.083984,0.118652,1.033936
982624617,0.10083,0.125244,1.042969
982629617,0.106934,0.120605,1.045166
982634617,0.107178,0.124023,1.051514
982639617,0.107666,0.125244,1.046875
982644617,0.095947,0.12085,1.032471
982649617,0.09668,0.115967,1.029297
982654617,0.111328,0.112793,1.0271
982659617,0.107666,0.107422,1.031738
982664617,0.097656,0.106201,1.035156
982669617,0.084229,0.108154,1.041748
982674617,0.087891,0.112549,1.055176
982679617,0.084717,0.108887,1.042725
982684617,0.092041,0.109863,1.044189
982689617,0.091797,0.11792,1.049072
982694617,0.092041,0.128662,1.053467
982699617,0.093994,0.130127,1.053711
982704617,0.092773,0.12915,1.046143
982709617,0.09082,0.133545,1.037842
982714617,0.098877,0.123535,1.041504
982719617,0.102539,0.12207,1.025635
982724617,0.106445,0.117432,1.031494
982729617,0.097656,0.115479,1.042969
982734617,0.090088,0.109863,1.03418
982739617,0.088135,0.101318,1.033936
982744617,0.09375,0.103027,1.049316
982749617,0.100098,0.104004,1.041992
982754617,0.094482,0.10791,1.04126
982759617,0.0896,0.114502,1.041748
982764617,0.087158,0.11499,1.049805
982769617,0.090088,0.121826,1.044434
982774617,0.090576,0.123779,1.039063
982779617,0.099854,0.127197,1.037842
982784617,0.101563,0.129639,1.036621
982789617,0.101318,0.122314,1.039063
982794617,0.099121,0.119629,1.034424
982799617,0.09668,0.120605,1.037354
982804617,0.094971,0.117676,1.028564
982809617,0.100586,0.112549,1.043457
982814617,0.097168,0.109131,1.035645
982819617,0.097412,0.106445,1.042725
982824617,0.090332,0.107422,1.044189
982829617,0.085937,0.111084,1.06543
982834617,0.068848,0.107666,1.029053
982839617,0.093018,0.110596,1.051025
982844617,0.096436,0.117432,1.039063
982849617,0.105713,0.105225,1.033936
982854617,0.10791,0.12085,1.062744
982859617,0.098633,0.12793,1.04126
982864617,0.095215,0.127441,1.045166
982869617,0.096436,0.128174,1.051758
982874617,0.098145,0.118408,1.03833
982879617,0.104492,0.113525,1.03418
982884617,0.107178,0.113281,1.052979
982889617,0.097656,0.115967,1.054443
982894617,0.088867,0.114014,1.048584
982899617,0.092041,0.113037,1.047363
982904617,0.095703,0.105957,1.049072
982909617,0.091064,0.104004,1.033936
982914617,0.097168,0.108887,1.042969
982919617,0.09375,0.114502,1.046143
982924617,0.091064,0.115234,1.047119
982929617,0.090332,0.119385,1.03833
982934617,0.094482,0.120117,1.032715
982939617,0.104004,0.123291,1.044922
982944617,0.099365,0.122803,1.044189
982949617,0.092529,0.12207,1.038818
982954617,0.092285,0.125488,1.044922
982959617,0.089355,0.116699,1.04541
982964617,0.093018,0.114014,1.038574
982969617,0.100098,0.112549,1.037842
982974617,0.101807,0.106445,1.038574
982979617,0.091797,0.111572,1.049072
982984617,0.090332,0.111816,1.042725
982989617,0.0896,0.110107,1.037354
982994617,0.101318,0.104492,1.043945
982999617,0.094971,0.111328,1.038086
983004617,0.094482,0.114502,1.036865
983009617,0.092773,0.112305,1.041016
983014617,0.094482,0.117188,1.042725
983019617,0.094482,0.120605,1.043213
983024617,0.09668,0.122314,1.042236
983029617,0.093018,0.124268,1.036377
983034617,0.103271,0.119385,1.036377
983039617,0.101807,0.11792,1.04126
983044617,0.093994,0.116455,1.044922
983049617,0.0979,0.123779,1.050049
983054617,0.091309,0.111328,1.036621
983059617,0.095947,0.108154,1.041504
983064617,0.101074,0.111084,1.050293
983069617,0.098633,0.114746,1.051514
983074617,0.089355,0.11499,1.044922
983079617,0.086914,0.112061,1.047119
983084617,0.09375,0.112305,1.040527
983089617,0.102295,0.110107,1.039063
983094617,0.094238,0.124756,1.035156
983099617,0.068848,0.065918,0.977295
983104617,0.084961,0.105469,1.066406
983109617,0.102051,0.122803,1.07373
983114617,0.0979,0.101318,1.040283
983119617,0.102295,0.141113,1.038818
983124617,0.105469,0.150879,1.021973
983129617,0.109131,0.130371,1.015381
983134617,0.117676,0.131348,1.034668
983139617,0.11377,0.128662,1.062988
983144617,0.098145,0.116455,1.036621
983149617,0.091553,0.10376,1.037842
983154617,0.090332,0.093262,1.04126
983159617,0.092041,0.090576,1.029541
983164617,0.086914,0.091064,1.025391
983169617,0.088379,0.095459,1.046631
983174617,0.083984,0.112549,1.05542
983179617,0.07959,0.119873,1.053955
983184617,0.084961,0.124512,1.047852
983189617,0.091309,0.133301,1.032959
983194617,0.104004,0.135254,1.040771
983199617,0.113281,0.133057,1.051758
983204617,0.11084,0.138672,1.058105
983209617,0.102783,0.132568,1.053223
983214617,0.097656,0.123291,1.030518
983219617,0.101563,0.11792,1.021973
983224617,0.111572,0.105469,1.028564
983229617,0.105957,0.098389,1.034424
983234617,0.089355,0.099365,1.040283
983239617,0.090332,0.098633,1.060303
983244617,0.083252,0.102783,1.048828
983249617,0.084717,0.099854,1.039307
983254617,0.098633,0.102783,1.052979
983259617,0.096191,0.114746,1.052979
983264617,0.094482,0.129883,1.054199
983269617,0.087891,0.135254,1.052979
983274617,0.089844,0.135498,1.038086
983279617,0.091797,0.135498,1.042236
983284617,0.103271,0.130615,1.025146
983289617,0.106934,0.129639,1.036377
983294617,0.104492,0.12085,1.032959
983299617,0.103516,0.112549,1.040771
983304617,0.097168,0.109131,1.04126
983309617,0.095215,0.099609,1.037354
983314617,0.096191,0.093994,1.036621
983319617,0.096191,0.093506,1.040771
983324617,0.099854,0.104492,1.05127
983329617,0.085693,0.116943,1.048828
983334617,0.081055,0.116699,1.038086
983339617,0.084717,0.123291,1.048584
983344617,0.092285,0.124512,1.047119
983349617,0.099854,0.130615,1.041748
983354617,0.09668,0.131836,1.035156
983359617,0.093018,0.13501,1.042725
983364617,0.092529,0.130371,1.049805
983369617,0.090332,0.123535,1.037842
983374617,0.096436,0.123047,1.033936
983379617,0.096436,0.111328,1.037842
983384617,0.101074,0.10376,1.038818
983389617,0.098389,0.103027,1.040039
983394617,0.094238,0.096924,1.042236
983399617,0.098145,0.104736,1.049805
983404617,0.085449,0.10498,1.047363
983409617,0.094482,0.100098,1.03833
983414617,0.100098,0.118408,1.040771
983419617,0.09375,0.129395,1.054199
983424617,0.09082,0.121582,1.027832
983429617,0.094238,0.125977,1.032471
983434617,0.096191,0.135986,1.045654
983439617,0.096436,0.126465,1.036133
983444617,0.101074,0.128418,1.029053
983449617,0.10791,0.122559,1.038574
983454617,0.098633,0.12207,1.041748
983459617,0.092773,0.11499,1.049316
983464617,0.090088,0.10791,1.03418
983469617,0.102295,0.099365,1.043701
983474617,0.101074,0.106201,1.051514
983479617,0.096191,0.102295,1.038086
983484617,0.098633,0.108643,1.04541
983489617,0.088135,0.111816,1.045654
983494617,0.088379,0.12085,1.037842
983499617,0.092041,0.121338,1.035889
983504617,0.099609,0.121826,1.040527
983509617,0.099854,0.120361,1.033691
983514617,0.094238,0.128418,1.047363
983519617,0.091797,0.134277,1.038818
983524617,0.083496,0.125,1.031738
983529617,0.088867,0.124023,1.042725
983534617,0.096436,0.111084,1.043213
983539617,0.09668,0.109375,1.035889
983544617,0.100342,0.105713,1.041992
983549617,0.101563,0.105713,1.040527
983554617,0.095947,0.106689,1.03833
983559617,0.095215,0.109863,1.036133
983564617,0.101807,0.113281,1.0354
983569617,0.100098,0.114502,1.040039
983574617,0.095215,0.120361,1.036133
983579617,0.092285,0.121338,1.035889
983584617,0.093994,0.123535,1.036133
983589617,0.092285,0.127686,1.043457
983594617,0.093994,0.124023,1.049072
983599617,0.093506,0.125488,1.039551
983604617,0.094727,0.124756,1.043701
983609617,0.096436,0.114014,1.044434
983614617,0.094482,0.113281,1.040283
983619617,0.096924,0.110596,1.030762
983624617,0.095947,0.109375,1.0354
983629617,0.094482,0.108398,1.041016
983634617,0.098633,0.109131,1.036621
983639617,0.098389,0.112549,1.046875
983644617,0.093994,0.108887,1.044434
983649617,0.092285,0.118164,1.030273
983654617,0.091553,0.119873,1.04126
983659617,0.09375,0.121826,1.043213
983664617,0.097656,0.125,1.033203
983669617,0.098145,0.130127,1.048828
983674617,0.092041,0.126221,1.046875
983679617,0.093994,0.120361,1.037109
983684617,0.101318,0.118164,1.046387
983689617,0.102783,0.113525,1.042236
983694617,0.095703,0.112549,1.036377
983699617,0.098877,0.112793,1.041992
983704617,0.099121,0.105225,1.040283
983709617,0.094238,0.104248,1.035645
983714617,0.095215,0.109375,1.042725
983719617,0.099365,0.111572,1.04834
983724617,0.095459,0.110107,1.02832
983729617,0.099609,0.119873,1.041016
983734617,0.095459,0.123291,1.057373
983739617,0.093262,0.120605,1.029785
983744617,0.095703,0.124756,1.042236
983749617,0.093262,0.131592,1.044189
983754617,0.097412,0.122559,1.044678
983759617,0.09668,0.118896,1.04126
983764617,0.095947,0.114746,1.033691
983769617,0.095947,0.115967,1.04126
983774617,0.098145,0.114014,1.046875
983779617,0.0979,0.110352,1.040527
983784617,0.102051,0.105957,1.047852
983789617,0.099121,0.106445,1.04248
983794617,0.092773,0.111572,1.047119
983799617,0.10083,0.112305,1.045166
983804617,0.099121,0.114746,1.047363
983809617,0.092285,0.117676,1.036621
983814617,0.094727,0.118896,1.052246
983819617,0.086426,0.12915,1.035889
983824617,0.095947,0.121582,1.041992
983829617,0.094482,0.120117,1.034912
983834617,0.097168,0.116455,1.039551
983839617,0.095215,0.116211,1.035889
983844617,0.098633,0.114502,1.033936
983849617,0.103271,0.113525,1.049561
983854617,0.099854,0.112061,1.04126
983859617,0.097412,0.109375,1.038818
983864617,0.101074,0.115479,1.046143
983869617,0.098145,0.116211,1.052002
983874617,0.094971,0.115967,1.043213
983879617,0.093262,0.110107,1.032227
983884617,0.095947,0.119873,1.037842
983889617,0.091064,0.12085,1.047119
983894617,0.094238,0.118896,1.038818
983899617,0.099854,0.121338,1.040771
983904617,0.098389,0.121826,1.039063
983909617,0.093994,0.122803,1.04126
983914617,0.09668,0.119385,1.047363
983919617,0.097412,0.116455,1.037598
983924617,0.098145,0.114746,1.041504
983929617,0.093994,0.114502,1.040527
983934617,0.097168,0.107178,1.039551
983939617,0.092773,0.105469,1.029541
983944617,0.095459,0.114014,1.040527
983949617,0.089111,0.114746,1.047119
983954617,0.0979,0.116211,1.046387
983959617,0.09375,0.113281,1.032227
983964617,0.093018,0.118896,1.038574
983969617,0.098389,0.12085,1.057129
983974617,0.095947,0.119873,1.037354
983979617,0.096436,0.120117,1.040771
983984617,0.096924,0.121826,1.040527
983989617,0.099854,0.122559,1.046143
983994617,0.093018,0.121338,1.045898
983999617,0.09375,0.113525,1.032471
984004617,0.095947,0.114258,1.034912
984009617,0.092529,0.112305,1.04126
984014617,0.098877,0.113525,1.047852
984019617,0.095703,0.108643,1.032715
984024617,0.091309,0.114746,1.041016
984029617,0.093262,0.120117,1.048096
984034617,0.096191,0.114258,1.050781
984039617,0.0979,0.115234,1.040771
984044617,0.096924,0.115234,1.043213
984049617,0.099854,0.120361,1.041992
984054617,0.091309,0.118164,1.037598
984059617,0.100586,0.115479,1.041992
984064617,0.099609,0.121826,1.044434
984069617,0.100098,0.120361,1.044434
984074617,0.101318,0.116211,1.035156
984079617,0.095215,0.111816,1.038574
984084617,0.099854,0.117432,1.046387
984089617,0.092773,0.112061,1.035889
984094617,0.097412,0.110107,1.039307
984099617,0.098145,0.109863,1.047852
984104617,0.097168,0.112793,1.038574
984109617,0.095459,0.113281,1.040039
984114617,0.09668,0.116943,1.044434
984119617,0.092041,0.116699,1.042725
984124617,0.09668,0.120117,1.033936
984129617,0.093506,0.119873,1.039063
984134617,0.096924,0.121094,1.037842
984139617,0.097412,0.118408,1.034424
984144617,0.094727,0.116699,1.037354
984149617,0.097168,0.119385,1.03833
984154617,0.097168,0.115234,1.039795
984159617,0.096924,0.112793,1.03833
984164617,0.093262,0.11792,1.049561
984169617,0.100342,0.120117,1.043945
984174617,0.093262,0.113525,1.048096
984179617,0.095703,0.119873,1.044189
984184617,0.090088,0.118652,1.040527
984189617,0.095215,0.112793,1.04248
984194617,0.097168,0.115967,1.044434
984199617,0.093018,0.112305,1.044434
984204617,0.095459,0.116943,1.042236
984209617,0.097656,0.119629,1.041016
984214617,0.095947,0.116211,1.042725
984219617,0.096436,0.120605,1.037109
984224617,0.097656,0.119141,1.03833
984229617,0.09668,0.11084,1.038086
984234617,0.100098,0.116699,1.037354
984239617,0.091797,0.115967,1.037354
984244617,0.094482,0.115967,1.039551
984249617,0.092773,0.115723,1.044189
984254617,0.097168,0.113281,1.041016
984259617,0.094971,0.117188,1.044189
984264617,0.092041,0.114746,1.045654
984269617,0.095947,0.117188,1.044922
984274617,0.095459,0.112793,1.043457
984279617,0.099854,0.119385,1.041016
984284617,0.093506,0.114502,1.040283
984289617,0.099609,0.114502,1.037842
984294617,0.100098,0.110352,1.035645
984299617,0.093018,0.113525,1.040039
984304617,0.094727,0.116699,1.050293
984309617,0.096924,0.119141,1.038086
984314617,0.092285,0.116211,1.045898
984319617,0.093506,0.114014,1.034912
984324617,0.094482,0.114502,1.031982
984329617,0.096191,0.115967,1.039063
984334617,0.097168,0.115479,1.035889
984339617,0.097656,0.11792,1.040771
984344617,0.093018,0.115723,1.045166
984349617,0.097656,0.115479,1.045654
984354617,0.10376,0.116699,1.037109
984359617,0.0979,0.111328,1.029297
984364617,0.098633,0.116943,1.034912
984369617,0.098389,0.121582,1.052734
984374617,0.09668,0.111816,1.040527
984379617,0.095459,0.114014,1.034668
984384617,0.093994,0.115723,1.045898
984389617,0.092529,0.117432,1.048584
984394617,0.0896,0.116943,1.04126
984399617,0.094238,0.114746,1.035156
984404617,0.095703,0.118164,1.043213
984409617,0.098389,0.123535,1.047852
984414617,0.095703,0.11499,1.043945
984419617,0.097168,0.118652,1.039307
984424617,0.100586,0.116455,1.042969
984429617,0.099854,0.113525,1.033936
984434617,0.098389,0.11499,1.042969
984439617,0.103271,0.11377,1.036865
984444617,0.0979,0.118164,1.039063
984449617,0.099365,0.114502,1.04126
984454617,0.092529,0.116943,1.033203
984459617,0.095703,0.116943,1.040527
984464617,0.094238,0.116943,1.040527
984469617,0.095459,0.122314,1.043213
984474617,0.092773,0.119385,1.040283
984479617,0.096924,0.115479,1.045654
984484617,0.094971,0.120117,1.050293
984489617,0.094238,0.118652,1.044922
984494617,0.094482,0.114746,1.040283
984499617,0.099121,0.116943,1.048828
984504617,0.094727,0.114014,1.038086
984509617,0.094482,0.121338,1.037354
984514617,0.091553,0.117432,1.040283
984519617,0.099854,0.109863,1.037354
984524617,0.104736,0.11792,1.044434
984529617,0.09082,0.120117,1.038086
984534617,0.091797,0.115967,1.039795
984539617,0.095459,0.114258,1.038086
984544617,0.094238,0.11084,1.040283
984549617,0.095459,0.116699,1.043945
984554617,0.096191,0.117432,1.039307
984559617,0.094971,0.119873,1.036377
984564617,0.088135,0.118896,1.040039
984569617,0.097168,0.114502,1.043457
984574617,0.097412,0.11499,1.046387
984579617,0.102295,0.119629,1.043213
984584617,0.094238,0.119629,1.036377
984589617,0.094971,0.114746,1.041504
984594617,0.094971,0.110596,1.035889
984599617,0.093994,0.112305,1.041504
984604617,0.096191,0.111084,1.042236
984609617,0.102295,0.116943,1.050537
984614617,0.10083,0.115723,1.05127
984619617,0.087891,0.118164,1.043457
984624617,0.093018,0.120361,1.04126
984629617,0.088867,0.118408,1.04248
984634617,0.093994,0.119141,1.043213
984639617,0.101563,0.111572,1.041504
984644617,0.10498,0.113525,1.035645
984649617,0.104492,0.115234,1.047607
984654617,0.097412,0.123291,1.047363
984659617,0.089355,0.126221,1.043701
984664617,0.094238,0.121094,1.03833
984669617,0.099121,0.109619,1.041016
984674617,0.099365,0.114014,1.042725
984679617,0.100586,0.117432,1.037109
984684617,0.094727,0.117188,1.043945
984689617,0.092041,0.117676,1.045166
984694617,0.091309,0.111572,1.040283
984699617,0.0979,0.111084,1.051758
984704617,0.096191,0.111572,1.044189
984709617,0.091797,0.117188,1.049072
984714617,0.097656,0.116943,1.039307
984719617,0.100586,0.108643,1.035156
984724617,0.093994,0.117188,1.043701
984729617,0.094238,0.120605,1.039307
984734617,0.095703,0.118164,1.034668
984739617,0.101074,0.11792,1.034424
984744617,0.0979,0.117188,1.046143
984749617,0.093262,0.116455,1.035645
984754617,0.099854,0.118408,1.044434
984759617,0.094971,0.11377,1.036621
984764617,0.100586,0.116455,1.043213
984769617,0.098877,0.11792,1.044678
984774617,0.097656,0.114502,1.036377
984779617,0.095703,0.115234,1.039551
984784617,0.092041,0.119385,1.05957
984789617,0.091553,0.116211,1.040527
984794617,0.098145,0.118164,1.041016
984799617,0.095947,0.115234,1.044922
984804617,0.09082,0.114014,1.007568
984809617,0.079834,0.095215,1.006592
984814617,0.116943,0.114746,1.062012
984819617,0.096924,0.128662,1.05957
984824617,0.104492,0.136719,1.02417
984829617,0.090332,0.143066,1.048828
984834617,0.103027,0.118408,1.012207
984839617,0.108643,0.120361,1.041016
984844617,0.105713,0.124023,1.037598
984849617,0.101074,0.116943,1.044434
984854617,0.092285,0.110596,1.052002
984859617,0.094238,0.106201,1.053467
984864617,0.095947,0.105713,1.061523
984869617,0.088623,0.095215,1.019043
984874617,0.086182,0.100342,1.039551
984879617,0.101807,0.119141,1.075195
984884617,0.087891,0.120605,1.049072
984889617,0.080322,0.120361,1.041748
984894617,0.090332,0.127441,1.035889
984899617,0.09375,0.124268,1.030518
984904617,0.102539,0.127441,1.036621
984909617,0.110352,0.129639,1.044922
984914617,0.10498,0.129395,1.038574
984919617,0.100098,0.126953,1.044922
984924617,0.0979,0.113037,1.029297
984929617,0.102051,0.110596,1.032715
984934617,0.103027,0.106689,1.033691
984939617,0.094727,0.098389,1.03125
984944617,0.089844,0.106445,1.04834
984949617,0.08252,0.109619,1.040527
984954617,0.085693,0.108398,1.046631
984959617,0.09375,0.109863,1.041504
984964617,0.102295,0.114502,1.052734
984969617,0.094971,0.125488,1.050781
984974617,0.092285,0.125244,1.05835
984979617,0.085693,0.132568,1.045166
984984617,0.082764,0.129639,1.045654
984989617,0.095215,0.124023,1.028809
984994617,0.105225,0.115723,1.033691
984999617,0.116455,0.111084,1.024902
985004617,0.109619,0.11084,1.027344
985009617,0.108154,0.11084,1.051758
985014617,0.097412,0.112305,1.041992
985019617,0.083984,0.108643,1.041016
985024617,0.092041,0.102783,1.036621
985029617,0.098877,0.108398,1.054199
985034617,0.099854,0.115479,1.043945
985039617,0.081543,0.117676,1.036865
985044617,0.079102,0.124756,1.046631
985049617,0.091064,0.131104,1.056641
985054617,0.092529,0.126221,1.044189
985059617,0.096924,0.11792,1.041016
985064617,0.110596,0.128174,1.048828
985069617,0.10498,0.123535,1.040527
985074617,0.098633,0.117188,1.032471
985079617,0.094727,0.119873,1.043945
985084617,0.097168,0.112793,1.027832
985089617,0.105713,0.103027,1.03125
985094617,0.103516,0.10376,1.035645
985099617,0.098877,0.107422,1.039307
985104617,0.090576,0.110596,1.039551
985109617,0.094971,0.106689,1.039307
985114617,0.094971,0.117432,1.056152
985119617,0.091797,0.125,1.048096
985124617,0.092773,0.123535,1.040527
985129617,0.101318,0.122803,1.047607
985134617,0.099854,0.127441,1.046875
985139617,0.093994,0.128662,1.041992
985144617,0.093506,0.126221,1.043701
985149617,0.096191,0.114502,1.038086
985154617,0.103027,0.112793,1.041504
985159617,0.109619,0.113525,1.050781
985164617,0.095703,0.112793,1.0354
985169617,0.09082,0.109863,1.041016
985174617,0.090576,0.113037,1.043213
985179617,0.093994,0.100342,1.031738
985184617,0.106689,0.106689,1.048828
985189617,0.097168,0.108398,1.039307
985194617,0.098389,0.11792,1.050293
985199617,0.092041,0.123535,1.046631
985204617,0.089111,0.126709,1.038818
985209617,0.095459,0.125244,1.046387
985214617,0.099121,0.118164,1.041016
985219617,0.105713,0.119385,1.041016
985224617,0.100586,0.117676,1.037598
985229617,0.099609,0.123291,1.047852
985234617,0.093506,0.123047,1.027588
985239617,0.094238,0.114014,1.04126
985244617,0.095215,0.107422,1.041748
985249617,0.09668,0.102783,1.038818
985254617,0.100342,0.104736,1.050293
985259617,0.093262,0.115723,1.041504
985264617,0.087646,0.117188,1.041992
985269617,0.094971,0.120117,1.046143
985274617,0.097412,0.118652,1.041016
985279617,0.10498,0.111572,1.036865
985284617,0.106689,0.119629,1.044189
985289617,0.101807,0.122314,1.047852
985294617,0.09375,0.126953,1.043945
985299617,0.088623,0.124512,1.035889
985304617,0.094482,0.112793,1.032227
985309617,0.101807,0.108643,1.036621
985314617,0.100586,0.113281,1.040283
985319617,0.092773,0.112305,1.043213
985324617,0.087646,0.119141,1.045166
985329617,0.09375,0.113525,1.04834
985334617,0.092041,0.116455,1.039795
985339617,0.092285,0.117188,1.04541
985344617,0.092773,0.115479,1.041504
985349617,0.096924,0.118164,1.047607
985354617,0.096436,0.120605,1.044922
985359617,0.095459,0.119873,1.034912
985364617,0.103027,0.118652,1.04248
985369617,0.101563,0.12207,1.04248
985374617,0.099854,0.116455,1.053955
985379617,0.10083,0.120605,1.047363
985384617,0.094971,0.114502,1.038574
985389617,0.093994,0.11377,1.036865
985394617,0.093018,0.109619,1.037109
985399617,0.096924,0.109131,1.049072
985404617,0.099609,0.110596,1.045898
985409617,0.092285,0.115723,1.038086
985414617,0.095947,0.114502,1.048828
985419617,0.095215,0.115723,1.047607
985424617,0.097412,0.117676,1.04126
985429617,0.097412,0.111572,1.039307
985434617,0.096436,0.116943,1.035156
985439617,0.102295,0.120605,1.043213
985444617,0.100098,0.117188,1.030273
985449617,0.098389,0.118408,1.035156
985454617,0.094482,0.119629,1.038574
985459617,0.099121,0.120605,1.046631
985464617,0.099609,0.113525,1.039063
985469617,0.09668,0.111572,1.037109
985474617,0.089111,0.117188,1.042725
985479617,0.0896,0.118408,1.041992
985484617,0.085937,0.114502,1.038574
985489617,0.097412,0.115723,1.04248
985494617,0.096436,0.113525,1.043701
985499617,0.096924,0.115967,1.045166
985504617,0.094971,0.119873,1.032227
985509617,0.094482,0.117676,1.035156
985514617,0.094971,0.12085,1.037598
985519617,0.098877,0.117188,1.042725
985524617,0.100586,0.119141,1.041748
985529617,0.099121,0.118896,1.043945
985534617,0.093262,0.114502,1.04126
985539617,0.094482,0.115723,1.039063
985544617,0.091797,0.117676,1.034912
985549617,0.094482,0.115967,1.043213
985554617,0.094971,0.114746,1.040771
985559617,0.095459,0.117676,1.040527
985564617,0.093994,0.113037,1.038574
985569617,0.09375,0.116211,1.038086
985574617,0.093018,0.115234,1.042236
985579617,0.093994,0.117188,1.04248
985584617,0.097412,0.115234,1.043213
985589617,0.095459,0.114014,1.039795
985594617,0.094238,0.11499,1.041016
985599617,0.096436,0.114258,1.044678
985604617,0.092773,0.112305,1.041992
985609617,0.092529,0.114746,1.044678
985614617,0.09668,0.112061,1.03833
985619617,0.092529,0.113281,1.044189
985624617,0.093994,0.114258,1.043457
985629617,0.0979,0.11792,1.04248
985634617,0.094727,0.116455,1.038818
985639617,0.093506,0.121582,1.040771
985644617,0.091309,0.11792,1.041016
985649617,0.093018,0.119629,1.040771
985654617,0.093018,0.117432,1.029053
985659617,0.089111,0.115723,0.996582
985664617,0.070312,0.091797,0.996338
985669617,0.106689,0.10791,1.055176
985674617,0.094482,0.12793,1.061279
985679617,0.105713,0.128906,1.04126
985684617,0.085937,0.128174,1.041504
985689617,0.102295,0.129883,1.029297
985694617,0.103271,0.121582,1.039795
985699617,0.113525,0.117676,1.035645
985704617,0.109131,0.116455,1.040771
985709617,0.098389,0.114502,1.048096
985714617,0.094482,0.108398,1.03833
985719617,0.091797,0.102295,1.049316
985724617,0.095215,0.099121,1.033936
985729617,0.093506,0.103027,1.039063
985734617,0.096436,0.107666,1.049805
985739617,0.093506,0.11084,1.052002
985744617,0.08374,0.116211,1.045166
985749617,0.083984,0.125977,1.041016
985754617,0.086426,0.118164,1.033203
985759617,0.098145,0.120361,1.039551
985764617,0.102295,0.12793,1.050293
985769617,0.098877,0.128662,1.04834
985774617,0.096924,0.128174,1.040771
985779617,0.093018,0.114746,1.040771
985784617,0.094727,0.113525,1.034424
985789617,0.106689,0.106445,1.032471
985794617,0.10376,0.104492,1.037354
985799617,0.098633,0.103027,1.039307
985804617,0.089111,0.10791,1.036377
985809617,0.086426,0.107666,1.042725
985814617,0.093018,0.111816,1.04126
985819617,0.098145,0.11377,1.049072
985824617,0.094971,0.12207,1.038818
985829617,0.096436,0.126465,1.043945
985834617,0.089844,0.127197,1.049805
985839617,0.082275,0.126709,1.040771
985844617,0.09375,0.125488,1.041016
985849617,0.100586,0.120361,1.035156
985854617,0.10498,0.115723,1.03418
985859617,0.10376,0.116455,1.032471
985864617,0.0979,0.113037,1.039307
985869617,0.093018,0.111328,1.04248
985874617,0.093506,0.111816,1.035889
985879617,0.096191,0.105469,1.035156
985884617,0.100098,0.11377,1.046387
985889617,0.097656,0.111328,1.039063
985894617,0.089844,0.115479,1.044922
985899617,0.084229,0.121094,1.039795
985904617,0.087158,0.119385,1.042969
985909617,0.092529,0.124756,1.042725
985914617,0.097168,0.124268,1.037354
985919617,0.098145,0.120117,1.040771
985924617,0.099121,0.119141,1.044189
985929617,0.096924,0.120117,1.043457
985934617,0.095947,0.11499,1.038574
985939617,0.100586,0.110352,1.045898
985944617,0.106445,0.113037,1.034912
985949617,0.103271,0.10791,1.034424
985954617,0.102539,0.113525,1.039795
985959617,0.092773,0.109863,1.040283
985964617,0.091797,0.115967,1.042725
985969617,0.089355,0.116699,1.037109
985974617,0.09375,0.11792,1.036865
985979617,0.091064,0.120117,1.036621
985984617,0.098145,0.117188,1.045898
985989617,0.097168,0.124512,1.054443
985994617,0.087646,0.121582,1.035645
985999617,0.092773,0.120605,1.052002
986004617,0.094971,0.123291,1.042236
986009617,0.103271,0.115234,1.041748
986014617,0.099121,0.114014,1.037598
986019617,0.099854,0.11084,1.04126
986024617,0.10083,0.111328,1.038086
986029617,0.09082,0.111816,1.039551
986034617,0.094971,0.111328,1.046875
986039617,0.094482,0.112793,1.039063
986044617,0.092285,0.114258,1.038574
986049617,0.093994,0.115479,1.046143
986054617,0.091309,0.120361,1.0354
986059617,0.093018,0.121094,1.04248
986064617,0.093506,0.122314,1.048584
986069617,0.092773,0.119385,1.039063
986074617,0.096436,0.117676,1.052002
986079617,0.097412,0.119141,1.043701
986084617,0.097656,0.115234,1.041504
986089617,0.095703,0.119629,1.038818
986094617,0.100098,0.114014,1.040039
986099617,0.097168,0.113037,1.039063
986104617,0.099121,0.112793,1.046387
986109617,0.096436,0.111084,1.039307
986114617,0.089355,0.113037,1.039551
986119617,0.096924,0.114014,1.036621
986124617,0.092529,0.115967,1.040771
986129617,0.097412,0.119385,1.04248
986134617,0.096191,0.11499,1.043457
986139617,0.094971,0.118652,1.042236
986144617,0.092285,0.118652,1.042969
986149617,0.096436,0.123535,1.035645
986154617,0.0979,0.118408,1.046631
986159617,0.099121,0.116455,1.04248
986164617,0.096924,0.115723,1.036133
986169617,0.09668,0.119873,1.043701
986174617,0.097656,0.109863,1.039307
986179617,0.095703,0.116943,1.038574
986184617,0.095703,0.11377,1.040039
986189617,0.093994,0.115234,1.039551
986194617,0.09668,0.114746,1.043701
986199617,0.10083,0.115234,1.040527
986204617,0.095703,0.115234,1.041748
986209617,0.092285,0.115479,1.042236
986214617,0.090332,0.115967,1.047607
986219617,0.097168,0.119873,1.040771
986224617,0.099365,0.116699,1.042725
986229617,0.09668,0.114746,1.046875
986234617,0.103027,0.112549,1.042725
986239617,0.098633,0.115967,1.043945
986244617,0.100098,0.119629,1.036621
986249617,0.093506,0.12085,1.036377
986254617,0.099609,0.119873,1.044189
986259617,0.093994,0.118408,1.046143
986264617,0.092529,0.115234,1.042236
986269617,0.089355,0.116211,1.039551
986274617,0.089844,0.115479,1.040771
986279617,0.094238,0.115234,1.046387
986284617,0.0896,0.116455,1.042969
986289617,0.095947,0.116943,1.042969
986294617,0.097168,0.112305,1.04541
986299617,0.09375,0.114746,1.043945
986304617,0.097168,0.116699,1.046143
986309617,0.095947,0.116699,1.04126
986314617,0.096436,0.118652,1.032227
986319617,0.103516,0.115234,1.039795
986324617,0.099121,0.112793,1.046143
986329617,0.097168,0.119141,1.041504
986334617,0.097168,0.114502,1.04248
986339617,0.099854,0.117432,1.037842
986344617,0.095215,0.118896,1.04126
986349617,0.095215,0.123291,1.044678
986354617,0.093506,0.118652,1.037109
986359617,0.092285,0.118652,1.040039
986364617,0.091309,0.115967,1.0354
986369617,0.094238,0.113525,1.030762
986374617,0.098145,0.11377,1.039795
986379617,0.093018,0.115967,1.037354
986384617,0.097412,0.111816,1.038574
986389617,0.101318,0.113037,1.052979
986394617,0.091797,0.115479,1.029785
986399617,0.106689,0.120117,1.049805
986404617,0.093994,0.113525,1.020752
986409617,0.102051,0.116455,1.033936
986414617,0.096436,0.118896,1.036621
986419617,0.094727,0.120117,1.042725
986424617,0.094482,0.122314,1.034424
986429617,0.084961,0.119141,1.030029
986434617,0.095459,0.122314,1.053223
986439617,0.098389,0.115723,1.048828
986444617,0.088135,0.115967,1.031494
986449617,0.0896,0.118896,1.044434
986454617,0.091309,0.120117,1.044434
986459617,0.09375,0.110596,1.043213
986464617,0.091064,0.111328,1.036377
986469617,0.094482,0.110352,1.044434
986474617,0.098145,0.12085,1.052002
986479617,0.096436,0.117432,1.043213
986484617,0.097412,0.118408,1.038818
986489617,0.099609,0.122803,1.04248
986494617,0.099365,0.118896,1.040039
986499617,0.097168,0.120117,1.043701
986504617,0.098877,0.115479,1.037842
986509617,0.096191,0.112549,1.039307
986514617,0.092285,0.113037,1.043457
986519617,0.089355,0.111328,1.03125
986524617,0.093506,0.110596,1.053955
986529617,0.09668,0.115967,1.047607
986534617,0.098145,0.112549,1.047119
986539617,0.095215,0.115723,1.045898
986544617,0.09375,0.115967,1.043213
986549617,0.093262,0.12207,1.039795
986554617,0.098145,0.120605,1.040771
986559617,0.101563,0.120605,1.032227
986564617,0.100586,0.120361,1.04834
986569617,0.094727,0.118408,1.040527
986574617,0.098877,0.118652,1.037354
986579617,0.098633,0.118896,1.037354
986584617,0.098633,0.11377,1.031982
986589617,0.10083,0.111084,1.046387
986594617,0.092285,0.113281,1.042236
986599617,0.092041,0.112793,1.042969
986604617,0.086914,0.116699,1.047852
986609617,0.09375,0.113525,1.044189
986614617,0.094238,0.111816,1.044678
986619617,0.101318,0.114502,1.049561
986624617,0.095947,0.113037,1.046875
986629617,0.101318,0.112305,1.046875
986634617,0.104736,0.113281,1.040527
986639617,0.10498,0.11499,1.031006
986644617,0.105469,0.119629,1.029297
986649617,0.106934,0.123047,1.036133
986654617,0.105957,0.126221,1.039063
986659617,0.104248,0.123779,1.038574
986664617,0.096191,0.124023,1.039551
986669617,0.092041,0.123291,1.037842
986674617,0.0896,0.119629,1.044678
986679617,0.088867,0.121582,1.047607
986684617,0.086426,0.116211,1.053467
986689617,0.083496,0.11499,1.053711
986694617,0.084717,0.112793,1.046143
986699617,0.083496,0.11499,1.047119
986704617,0.087891,0.114746,1.040283
986709617,0.091553,0.114258,1.040283
986714617,0.093262,0.116211,1.040039
986719617,0.094238,0.114746,1.032959
986724617,0.098145,0.112793,1.029297
986729617,0.104248,0.115234,1.034912
986734617,0.107178,0.117676,1.034668
986739617,0.099365,0.113525,1.036377
986744617,0.095947,0.114014,1.048828
986749617,0.096924,0.116211,1.043945
986754617,0.092041,0.116455,1.042725
986759617,0.093018,0.112549,1.053467
986764617,0.091553,0.108643,1.051758
986769617,0.095947,0.114502,1.049561
986774617,0.091553,0.114014,1.049316
986779617,0.099609,0.117188,1.041504
986784617,0.092285,0.117432,1.040771
986789617,0.094727,0.118896,1.036865
986794617,0.099121,0.118164,1.043457
986799617,0.097656,0.120361,1.041992
986804617,0.091553,0.121582,1.030518
986809617,0.096191,0.120361,1.037354
986814617,0.096436,0.121582,1.038818
986819617,0.093506,0.117188,1.04126
986824617,0.092773,0.113281,1.033691
986829617,0.09668,0.117432,1.042969
986834617,0.095703,0.115234,1.043701
986839617,0.098633,0.114014,1.040039
986844617,0.102051,0.112305,1.042725
986849617,0.099121,0.114258,1.03833
986854617,0.098633,0.121582,1.04541
986859617,0.094238,0.123291,1.051758
986864617,0.079834,0.125732,1.031982
986869617,0.095459,0.11377,1.036133
986874617,0.099121,0.114014,1.042969
986879617,0.104004,0.116455,1.030273
986884617,0.108398,0.116455,1.038818
986889617,0.099121,0.120605,1.033203
986894617,0.099609,0.12207,1.043701
986899617,0.097168,0.117676,1.056396
986904617,0.099609,0.113037,1.044678
986909617,0.095215,0.120605,1.041016
986914617,0.096191,0.114258,1.042725
986919617,0.096436,0.113525,1.036377
986924617,0.095215,0.111328,1.041504
986929617,0.097412,0.118164,1.047607
986934617,0.093506,0.118896,1.04248
986939617,0.094238,0.119873,1.04126
986944617,0.101074,0.117432,1.044678
986949617,0.093262,0.119873,1.040771
986954617,0.095459,0.119873,1.050781
986959617,0.093506,0.115479,1.041504
986964617,0.09082,0.120605,1.040527
986969617,0.09375,0.11499,1.041504
986974617,0.098389,0.115967,1.036865
986979617,0.097656,0.114746,1.044922
986984617,0.096436,0.118408,1.044922
986989617,0.091309,0.119141,1.044678
986994617,0.093262,0.115723,1.035156
986999617,0.095703,0.119385,1.044189
987004617,0.096924,0.118408,1.037598
987009617,0.094482,0.114258,1.035889
987014617,0.097412,0.11499,1.047363
987019617,0.101074,0.114014,1.038574
987024617,0.099365,0.114014,1.052246
987029617,0.10083,0.114746,1.040527
987034617,0.099609,0.11377,1.038086
987039617,0.09668,0.12085,1.047119
987044617,0.088623,0.114258,1.035645
987049617,0.099365,0.112793,1.052246
987054617,0.094727,0.11792,1.042725
987059617,0.086914,0.12085,1.038574
987064617,0.101318,0.114014,1.036133
987069617,0.108887,0.117676,1.05249
987074617,0.099365,0.125488,1.049316
987079617,0.098877,0.118164,1.044189
987084617,0.097656,0.112061,1.038086
987089617,0.099365,0.114746,1.041016
987094617,0.093018,0.119873,1.043213
987099617,0.097168,0.114014,1.03418
987104617,0.097168,0.111328,1.03833
987109617,0.105957,0.108398,1.041504
987114617,0.104492,0.111572,1.057861
987119617,0.095215,0.123047,1.042969
987124617,0.093262,0.114014,1.039063
987129617,0.093994,0.121338,1.056885
987134617,0.083984,0.115479,1.028809
987139617,0.093262,0.118652,1.05249
987144617,0.076904,0.125732,1.040527
987149617,0.088379,0.119141,1.042236
987154617,0.100586,0.112061,1.042236
987159617,0.102051,0.121094,1.041992
987164617,0.097168,0.124268,1.038574
987169617,0.095215,0.120605,1.036377
987174617,0.100586,0.114502,1.039063
987179617,0.104248,0.10791,1.043213
987184617,0.094482,0.114258,1.035889
987189617,0.099854,0.118896,1.032471
987194617,0.096924,0.11499,1.035645
987199617,0.097168,0.112549,1.044189
987204617,0.092773,0.114014,1.036377
987209617,0.091064,0.119385,1.046143
987214617,0.091064,0.120361,1.05249
987219617,0.086914,0.116699,1.047363
987224617,0.093262,0.114258,1.037109
987229617,0.101318,0.117432,1.045654
987234617,0.100098,0.116699,1.054443
987239617,0.095947,0.110596,1.036133
987244617,0.107666,0.118408,1.049805
987249617,0.099609,0.113281,1.030518
987254617,0.098633,0.117676,1.044434
987259617,0.099365,0.113525,1.034424
987264617,0.103516,0.112305,1.033203
987269617,0.100342,0.111572,1.048096
987274617,0.094971,0.116211,1.04248
987279617,0.091309,0.117676,1.043701
987284617,0.087891,0.115723,1.03833
987289617,0.092285,0.118164,1.049316
987294617,0.092773,0.122559,1.043457
987299617,0.09082,0.121094,1.041992
987304617,0.095947,0.119141,1.049072
987309617,0.095947,0.120361,1.048828
987314617,0.094238,0.113525,1.047607
987319617,0.097656,0.116699,1.043945
987324617,0.10083,0.115234,1.043457
987329617,0.100098,0.117676,1.037109
987334617,0.094971,0.114014,1.039795
987339617,0.096191,0.11499,1.041504
987344617,0.095947,0.112549,1.043457
987349617,0.095459,0.111084,1.037842
987354617,0.092529,0.112549,1.036865
987359617,0.093018,0.114014,1.052246
987364617,0.097168,0.119873,1.047119
987369617,0.088623,0.115967,1.034424
987374617,0.090088,0.111572,1.028564
987379617,0.097168,0.125244,1.051025
987384617,0.101318,0.123779,1.047607
987389617,0.095703,0.118408,1.031494
987394617,0.092041,0.119629,1.04248
987399617,0.094727,0.119141,1.047363
987404617,0.099365,0.113525,1.037598
987409617,0.099365,0.109375,1.034424
987414617,0.097412,0.109131,1.038086
987419617,0.098877,0.115967,1.047607
987424617,0.09668,0.114502,1.049316
987429617,0.092041,0.114014,1.037109
987434617,0.096924,0.114258,1.044434
987439617,0.096924,0.114502,1.036865
987444617,0.093018,0.11377,1.038818
987449617,0.094482,0.117676,1.045898
987454617,0.094971,0.119141,1.042236
987459617,0.096924,0.118164,1.039551
987464617,0.098877,0.119385,1.040039
987469617,0.097656,0.112793,1.043701
987474617,0.099854,0.115234,1.048828
987479617,0.097656,0.115723,1.045166
987484617,0.091309,0.118652,1.040283
987489617,0.10376,0.115723,1.041992
987494617,0.098633,0.111084,1.04834
987499617,0.091797,0.117432,1.036865
987504617,0.090332,0.116699,1.040283
987509617,0.092285,0.119873,1.040771
987514617,0.097168,0.114746,1.05542
987519617,0.093506,0.119385,1.044189
987524617,0.087402,0.122803,1.037598
987529617,0.093018,0.118164,1.0354
987534617,0.094971,0.115967,1.049805
987539617,0.096436,0.113525,1.03418
987544617,0.098389,0.114014,1.045898
987549617,0.093994,0.115234,1.044678
987554617,0.097412,0.11377,1.043213
987559617,0.103271,0.108643,1.040771
987564617,0.0979,0.114746,1.042969
987569617,0.099121,0.113525,1.033447
987574617,0.099854,0.116699,1.046631
987579617,0.097412,0.116943,1.048096
987584617,0.095703,0.11499,1.038818
987589617,0.098389,0.115234,1.034668
987594617,0.099609,0.113525,1.037842
987599617,0.095703,0.114258,1.039795
987604617,0.09375,0.11499,1.043213
987609617,0.087646,0.11499,1.04126
987614617,0.087891,0.119141,1.034912
987619617,0.092285,0.118652,1.039307
987624617,0.100098,0.112305,1.050293
987629617,0.102051,0.113525,1.050537
987634617,0.097656,0.118652,1.044922
987639617,0.09375,0.118408,1.040283
987644617,0.097412,0.115723,1.043457
987649617,0.0979,0.113281,1.032959
987654617,0.101807,0.112793,1.036865
987659617,0.100098,0.115234,1.035156
987664617,0.094727,0.11499,1.041992
987669617,0.097168,0.114258,1.040527
987674617,0.091553,0.116455,1.043701
987679617,0.093994,0.117676,1.03833
987684617,0.093994,0.113281,1.039551
987689617,0.094727,0.11377,1.04541
987694617,0.09375,0.116943,1.043213
987699617,0.095459,0.115967,1.048584
987704617,0.088623,0.117188,1.042969
987709617,0.096436,0.11377,1.049561
987714617,0.095947,0.111328,1.037842
987719617,0.101563,0.11499,1.044922
987724617,0.105469,0.119141,1.036133
987729617,0.095215,0.115479,1.040283
987734617,0.10083,0.116943,1.043701
987739617,0.099365,0.118896,1.043945
987744617,0.098145,0.117432,1.037598
987749617,0.098877,0.122314,1.041748
987754617,0.093262,0.117432,1.040283
987759617,0.09375,0.123047,1.038574
987764617,0.094238,0.115967,1.034424
987769617,0.090088,0.118164,1.046875
987774617,0.093994,0.11377,1.04126
987779617,0.099609,0.117432,1.044434
987784617,0.099365,0.116943,1.042725
987789617,0.098877,0.111084,1.043213
987794617,0.099854,0.116455,1.046387
987799617,0.099609,0.117432,1.036865
987804617,0.094971,0.115479,1.04126
987809617,0.096924,0.116211,1.033936
987814617,0.097412,0.119873,1.034912
987819617,0.09668,0.115723,1.042969
987824617,0.093994,0.114502,1.036865
987829617,0.095215,0.118652,1.047607
987834617,0.092041,0.114502,1.043945
987839617,0.093506,0.115234,1.04541
987844617,0.096924,0.118164,1.048584
987849617,0.09082,0.114502,1.037598
987854617,0.093506,0.12207,1.050781
987859617,0.09082,0.118164,1.044434
987864617,0.091553,0.114258,1.018799
987869617,0.098389,0.110107,1.041016
987874617,0.098877,0.119141,1.041992
987879617,0.103027,0.115234,1.045898
987884617,0.098145,0.109131,1.021973
987889617,0.095459,0.118164,1.044678
987894617,0.097656,0.121338,1.051758
987899617,0.089111,0.117676,1.038086
987904617,0.096191,0.114014,1.033936
987909617,0.093506,0.11499,1.038086
987914617,0.101807,0.122314,1.054688
987919617,0.096191,0.120605,1.048096
987924617,0.090088,0.118652,1.040283
987929617,0.090088,0.116943,1.038086
987934617,0.097412,0.114502,1.046875
987939617,0.100098,0.115723,1.040283
987944617,0.096436,0.109619,1.043945
987949617,0.094482,0.112793,1.041016
987954617,0.094727,0.114258,1.04541
987959617,0.10083,0.11084,1.035645
987964617,0.101074,0.113525,1.041748
987969617,0.102783,0.121338,1.04126
987974617,0.093994,0.115723,1.041748
987979617,0.096924,0.118896,1.046387
987984617,0.099609,0.115234,1.046875
987989617,0.102783,0.115234,1.037598
987994617,0.120117,0.10791,1.020508
987999617,0.149414,0.0979,1.003662
988004617,0.193115,0.098633,1.002686
988009617,0.266113,0.169922,0.980469
988014617,0.299805,0.204102,0.958496
988019617,0.317139,0.204834,1.024658
988024617,0.240723,0.07666,1.016846
988029617,0.230957,-0.013184,1.05249
988034617,0.203369,-0.064697,1.195313
988039617,0.062012,-0.003662,1.179443
988044617,-0.000244,0.082764,1.033203
988049617,-0.009766,0.131348,1.01416
988054617,-0.026367,0.175293,1.088623
988059617,-0.028809,0.168213,1.05835
988064617,-0.046143,0.158203,1.084473
988069617,-0.042236,0.162109,1.081299
988074617,-0.008301,0.173096,1.08374
988079617,0.012939,0.174561,1.09082
988084617,0.035645,0.148437,1.057373
988089617,0.002686,0.108643,1.038086
988094617,-0.020264,0.123779,1.029053
988099617,-0.030762,0.165771,1.05249
988104617,0.016602,0.188965,1.039551
988109617,0.056885,0.1521,1.034424
988114617,0.108887,0.108643,1.005371
988119617,0.106201,0.102051,1.043701
988124617,0.081299,0.124023,1.052246
988129617,0.102783,0.126953,1.047363
988134617,0.140381,0.107666,1.032715
988139617,0.148193,0.100586,1.00415
988144617,0.144043,0.097168,1.011963
988149617,0.137451,0.101074,1.020996
988154617,0.112061,0.116699,1.035889
988159617,0.101318,0.118408,1.047852
988164617,0.106934,0.115967,1.044678
988169617,0.107666,0.110596,1.033447
988174617,0.109619,0.11084,1.03833
988179617,0.103271,0.118896,1.035156
988184617,0.085937,0.121582,1.04834
988189617,0.06543,0.132324,1.052734
988194617,0.060791,0.128662,1.053955
988199617,0.073975,0.127686,1.052979
988204617,0.084473,0.124756,1.045166
988209617,0.087646,0.114258,1.040527
988214617,0.085693,0.123535,1.061035
988219617,0.065674,0.132812,1.054443
988224617,0.058594,0.136475,1.053467
988229617,0.067871,0.131836,1.053955
988234617,0.079834,0.124512,1.053467
988239617,0.096436,0.118652,1.039551
988244617,0.10083,0.113281,1.039551
988249617,0.096191,0.121582,1.051514
988254617,0.088379,0.117188,1.041992
988259617,0.089111,0.120605,1.043213
988264617,0.093994,0.116211,1.032959
988269617,0.114258,0.110352,1.032471
988274617,0.124268,0.108887,1.029053
988279617,0.122803,0.105957,1.025879
988284617,0.113037,0.11084,1.02832
988289617,0.106445,0.117676,1.033203
988294617,0.096436,0.115479,1.031006
988299617,0.113525,0.120117,1.04541
988304617,0.105225,0.116943,1.036133
988309617,0.103516,0.114502,1.036621
988314617,0.096191,0.120605,1.045898
988319617,0.081543,0.122314,1.042725
988324617,0.075195,0.126221,1.047363
988329617,0.081543,0.125244,1.041992
988334617,0.097168,0.120605,1.052246
988339617,0.091797,0.124512,1.04541
988344617,0.088623,0.120605,1.046143
988349617,0.079102,0.125488,1.042725
988354617,0.077393,0.128906,1.047607
988359617,0.075195,0.124756,1.047852
988364617,0.083984,0.124268,1.052734
988369617,0.091797,0.119141,1.045166
988374617,0.097656,0.122559,1.04541
988379617,0.094238,0.112549,1.032227
988384617,0.096436,0.118164,1.042969
988389617,0.085449,0.120605,1.035889
988394617,0.100586,0.119629,1.059326
988399617,0.098145,0.119141,1.032227
988404617,0.102295,0.116699,1.033447
988409617,0.109375,0.108154,1.032959
988414617,0.11499,0.115967,1.035889
988419617,0.105469,0.115723,1.030273
988424617,0.094727,0.123047,1.042969
988429617,0.097168,0.122314,1.053467
988434617,0.091309,0.118408,1.030762
988439617,0.099121,0.110352,1.022217
988444617,0.10791,0.113281,1.040771
988449617,0.104492,0.115967,1.053467
988454617,0.097412,0.124756,1.059326
988459617,0.080078,0.11792,1.041748
988464617,0.081787,0.126953,1.049561
988469617,0.091797,0.124756,1.04248
988474617,0.092041,0.116211,1.040039
988479617,0.089111,0.12085,1.039795
988484617,0.087646,0.122559,1.053711
988489617,0.082764,0.126953,1.050537
988494617,0.085937,0.112549,1.045166
988499617,0.09082,0.118408,1.046387
988504617,0.095459,0.125488,1.051025
988509617,0.099854,0.116455,1.029053
988514617,0.100098,0.117676,1.050293
988519617,0.092285,0.131836,1.043213
988524617,0.089355,0.126709,1.032715
988529617,0.094727,0.125244,1.0271
988534617,0.094238,0.12085,1.043945
988539617,0.097412,0.11792,1.030518
988544617,0.086914,0.113525,1.026611
988549617,0.0896,0.11499,1.041748
988554617,0.083984,0.111572,1.042969
988559617,0.093994,0.108643,1.040283
988564617,0.092529,0.109375,1.044678
988569617,0.105225,0.115234,1.043701
988574617,0.096436,0.118652,1.04834
988579617,0.099609,0.124756,1.036865
988584617,0.092773,0.126953,1.046387
988589617,0.091797,0.123047,1.045654
988594617,0.091797,0.123047,1.040039
988599617,0.096191,0.125488,1.041016
988604617,0.092773,0.126709,1.036621
988609617,0.09375,0.120117,1.04126
988614617,0.088379,0.119385,1.036865
988619617,0.084229,0.114502,1.044678
988624617,0.087646,0.114014,1.043701
988629617,0.090576,0.113525,1.036865
988634617,0.094482,0.108643,1.041748
988639617,0.098389,0.114014,1.044922
988644617,0.097168,0.111328,1.044189
988649617,0.096436,0.116455,1.039795
988654617,0.097412,0.123535,1.042236
988659617,0.096924,0.126709,1.045898
988664617,0.099121,0.121826,1.029053
988669617,0.096191,0.116943,1.03125
988674617,0.101074,0.124268,1.038818
988679617,0.088623,0.125244,1.035645
988684617,0.085937,0.119629,1.028809
988689617,0.091553,0.115967,1.040039
988694617,0.089844,0.118652,1.044678
988699617,0.088867,0.114746,1.038574
988704617,0.092041,0.111084,1.039063
988709617,0.096436,0.112061,1.042236
988714617,0.095947,0.118164,1.05249
988719617,0.092773,0.120361,1.054199
988724617,0.094482,0.121338,1.041748
988729617,0.091553,0.11792,1.037109
988734617,0.102295,0.121094,1.050049
988739617,0.093994,0.128174,1.04834
988744617,0.088867,0.124268,1.029785
988749617,0.09082,0.121582,1.038574
988754617,0.090088,0.122803,1.045654
988759617,0.087158,0.127441,1.029785
988764617,0.09375,0.119141,1.032227
988769617,0.095703,0.112549,1.044922
988774617,0.098145,0.117432,1.042725
988779617,0.098389,0.11792,1.032227
988784617,0.094482,0.115479,1.046875
988789617,0.094238,0.113525,1.049072
988794617,0.096436,0.116455,1.047852
988799617,0.096436,0.113037,1.037354
988804617,0.095703,0.117188,1.042725
988809617,0.093994,0.119141,1.036865
988814617,0.093262,0.123535,1.040039
988819617,0.090576,0.124268,1.04248
988824617,0.088867,0.124756,1.041016
988829617,0.089355,0.120117,1.040527
988834617,0.093018,0.116943,1.038574
988839617,0.092285,0.11499,1.045654
988844617,0.096436,0.112549,1.048096
988849617,0.093994,0.114014,1.041016
988854617,0.090332,0.112793,1.044434
988859617,0.090332,0.112549,1.042725
988864617,0.092773,0.118652,1.040527
988869617,0.092773,0.119141,1.041016
988874617,0.089844,0.11792,1.036133
988879617,0.090332,0.119385,1.036621
988884617,0.101807,0.126953,1.052734
988889617,0.085449,0.123047,1.031494
988894617,0.094727,0.120361,1.039551
988899617,0.094971,0.124268,1.037598
988904617,0.095215,0.120361,1.042236
988909617,0.094971,0.118896,1.038818
988914617,0.093506,0.118164,1.041748
988919617,0.09375,0.117188,1.044922
988924617,0.094482,0.116699,1.046143
988929617,0.091064,0.11792,1.041748
988934617,0.093262,0.115234,1.041748
988939617,0.098389,0.116699,1.042725
988944617,0.088867,0.117676,1.037109
988949617,0.088867,0.121338,1.040283
988954617,0.090088,0.120117,1.037109
988959617,0.09668,0.117676,1.038086
988964617,0.091309,0.120605,1.038574
988969617,0.093262,0.119629,1.038086
988974617,0.098877,0.121582,1.039795
988979617,0.093506,0.118652,1.041748
988984617,0.099609,0.119873,1.039795
988989617,0.094971,0.119873,1.037842
988994617,0.094971,0.121338,1.044922
988999617,0.091309,0.11792,1.037354
989004617,0.093994,0.117676,1.029053
989009617,0.094727,0.114014,1.039795
989014617,0.09668,0.112061,1.042969
989019617,0.093506,0.115723,1.04248
989024617,0.094727,0.120605,1.041504
989029617,0.091553,0.117188,1.038086
989034617,0.096191,0.119629,1.048828
989039617,0.096924,0.118896,1.043945
989044617,0.09668,0.120361,1.040039
989049617,0.093994,0.117188,1.034668
989054617,0.090088,0.123291,1.037109
989059617,0.095459,0.120117,1.040283
989064617,0.09375,0.118164,1.041748
989069617,0.09668,0.12207,1.037598
989074617,0.094238,0.119873,1.04541
989079617,0.091309,0.117188,1.03833
989084617,0.091553,0.119629,1.043701
989089617,0.09668,0.111572,1.04541
989094617,0.094482,0.121826,1.047119
989099617,0.094482,0.11377,1.035645
989104617,0.093262,0.116455,1.044922
989109617,0.087158,0.121582,1.033936
989114617,0.092773,0.12085,1.041504
989119617,0.090332,0.117676,1.03125
989124617,0.096436,0.118652,1.03833
989129617,0.100098,0.119629,1.044189
989134617,0.102783,0.121338,1.033447
989139617,0.097412,0.120361,1.040527
989144617,0.094238,0.127441,1.040527
989149617,0.091553,0.116943,1.039795
989154617,0.092773,0.119141,1.040039
989159617,0.090576,0.120605,1.043457
989164617,0.094971,0.118408,1.043701
989169617,0.090088,0.117188,1.037842
989174617,0.093018,0.120605,1.035645
989179617,0.093994,0.11792,1.045654
989184617,0.09375,0.119385,1.040039
989189617,0.093262,0.119385,1.04126
989194617,0.091797,0.120117,1.035889
989199617,0.092773,0.119141,1.045654
989204617,0.092529,0.119141,1.04541
989209617,0.097656,0.119141,1.039795
989214617,0.093506,0.119873,1.037354
989219617,0.089844,0.118408,1.021729
989224617,0.08667,0.122314,1.060059
989229617,0.093506,0.123535,1.034912
989234617,0.088867,0.107666,1.022461
989239617,0.088867,0.122314,1.053467
989244617,0.099609,0.124268,1.037109
989249617,0.091309,0.104736,1.035156
989254617,0.095459,0.115967,1.037354
989259617,0.09668,0.122803,1.056396
989264617,0.093262,0.109619,1.029785
989269617,0.095215,0.118408,1.042969
989274617,0.092041,0.126221,1.050293
989279617,0.097168,0.118164,1.032715
989284617,0.094482,0.117432,1.0354
989289617,0.097168,0.120605,1.036133
989294617,0.094727,0.120361,1.043945
989299617,0.0979,0.121094,1.037842
989304617,0.093994,0.120117,1.044922
989309617,0.093994,0.123291,1.044189
989314617,0.091553,0.118652,1.036621
989319617,0.092041,0.116943,1.039307
989324617,0.098389,0.121582,1.031006
989329617,0.097168,0.116943,1.046875
989334617,0.093262,0.123047,1.044189
989339617,0.091064,0.125244,1.039795
989344617,0.094971,0.117676,1.03125
989349617,0.0979,0.118896,1.031006
989354617,0.087891,0.121826,1.037354
989359617,0.095215,0.119629,1.038086
989364617,0.089844,0.122803,1.044434
989369617,0.092285,0.123535,1.043701
989374617,0.09082,0.118164,1.043701
989379617,0.091553,0.122559,1.044678
989384617,0.087402,0.117188,1.044678
989389617,0.097412,0.121094,1.040283
989394617,0.092529,0.120605,1.044678
989399617,0.087646,0.118164,1.034912
989404617,0.089111,0.117432,1.050293
989409617,0.089355,0.119141,1.040283
989414617,0.092529,0.117432,1.037354
989419617,0.093262,0.117432,1.042969
989424617,0.092041,0.122803,1.040771
989429617,0.089355,0.121826,1.036621
989434617,0.096436,0.117432,1.033447
989439617,0.094727,0.116943,1.039307
989444617,0.095459,0.11792,1.038574
989449617,0.099121,0.116699,1.044922
989454617,0.091797,0.115234,1.031982
989459617,0.101074,0.116943,1.043945
989464617,0.093506,0.116455,1.038818
989469617,0.091309,0.116943,1.039307
989474617,0.10083,0.11377,1.052246
989479617,0.090332,0.117676,1.039063
989484617,0.091553,0.116699,1.046631
989489617,0.090332,0.120117,1.055664
989494617,0.080566,0.120117,1.028564
989499617,0.085693,0.121582,1.047852
989504617,0.084961,0.118164,1.040039
989509617,0.090576,0.115967,1.032959
989514617,0.093994,0.118164,1.042725
989519617,0.102051,0.118652,1.040527
989524617,0.089844,0.117676,1.034912
989529617,0.096191,0.116699,1.044434
989534617,0.096436,0.118896,1.043701
989539617,0.09082,0.117676,1.041748
989544617,0.092529,0.119873,1.041504
989549617,0.093994,0.12085,1.043213
989554617,0.09082,0.117432,1.04126
989559617,0.097168,0.121826,1.037842
989564617,0.098145,0.120117,1.045654
989569617,0.094238,0.118164,1.040039
989574617,0.09082,0.119385,1.042969
989579617,0.095703,0.121094,1.041016
989584617,0.092285,0.123779,1.034912
989589617,0.090576,0.116211,1.044189
989594617,0.092529,0.125244,1.044189
989599617,0.092041,0.123779,1.044189
989604617,0.089355,0.121582,1.041504
989609617,0.087402,0.121826,1.044434
989614617,0.093018,0.118896,1.049561
989619617,0.091064,0.121826,1.04126
989624617,0.088135,0.116699,1.044434
989629617,0.094238,0.11499,1.047119
989634617,0.095947,0.11792,1.04541
989639617,0.092285,0.12085,1.042969
989644617,0.095947,0.119873,1.039307
989649617,0.09375,0.121582,1.049561
989654617,0.098145,0.120605,1.044922
989659617,0.091797,0.122559,1.033936
989664617,0.088867,0.115234,1.031738
989669617,0.099365,0.121094,1.043213
989674617,0.098389,0.120605,1.039795
989679617,0.092529,0.123291,1.038818
989684617,0.092529,0.12207,1.039795
989689617,0.091797,0.120117,1.037598
989694617,0.0896,0.116211,1.033447
989699617,0.097656,0.117676,1.053223
989704617,0.089355,0.119629,1.036621
989709617,0.094238,0.115967,1.048096
989714617,0.087891,0.117676,1.040527
989719617,0.089844,0.119141,1.050049
989724617,0.088867,0.122559,1.042725
989729617,0.0896,0.123535,1.035156
989734617,0.089844,0.117432,1.038574
989739617,0.098877,0.119385,1.040771
989744617,0.093506,0.118652,1.042236
989749617,0.093018,0.122803,1.036133
989754617,0.091309,0.123291,1.039307
989759617,0.100098,0.113525,1.037109
989764617,0.105957,0.120605,1.055176
989769617,0.085449,0.118408,1.034424
989774617,0.091553,0.119385,1.043457
989779617,0.09082,0.121826,1.049316
989784617,0.086426,0.12085,1.027588
989789617,0.0979,0.11084,1.040039
989794617,0.098877,0.11792,1.035889
989799617,0.091064,0.115967,1.038574
989804617,0.090332,0.121582,1.032715
989809617,0.087402,0.11499,1.040527
989814617,0.095947,0.119873,1.047119
989819617,0.090576,0.127197,1.057129
989824617,0.094482,0.123779,1.047852
989829617,0.093262,0.125977,1.038574
989834617,0.101563,0.125732,1.05127
989839617,0.0979,0.124268,1.042236
989844617,0.099365,0.118408,1.031982
989849617,0.105225,0.122803,1.043457
989854617,0.094971,0.12085,1.041992
989859617,0.095703,0.118652,1.043213
989864617,0.091309,0.112549,1.036621
989869617,0.093506,0.116455,1.035889
989874617,0.083008,0.116699,1.036377
989879617,0.086426,0.114014,1.047852
989884617,0.085449,0.114746,1.039307
989889617,0.092041,0.115723,1.037598
989894617,0.091064,0.120605,1.044922
989899617,0.091064,0.125977,1.046387
989904617,0.091064,0.123779,1.045654
989909617,0.095215,0.121826,1.040527
989914617,0.100098,0.117676,1.046631
989919617,0.096191,0.117432,1.046875
989924617,0.094727,0.118896,1.041992
989929617,0.091553,0.122559,1.040771
989934617,0.094482,0.12085,1.034668
989939617,0.095459,0.119385,1.041016
989944617,0.09375,0.121338,1.043701
989949617,0.088867,0.118408,1.032715
989954617,0.089355,0.119629,1.036133
989959617,0.09082,0.114502,1.033447
989964617,0.092529,0.115723,1.036865
989969617,0.102539,0.114746,1.037842
989974617,0.092529,0.124512,1.046875
989979617,0.096191,0.122314,1.042969
989984617,0.097412,0.121094,1.042969
989989617,0.097412,0.117188,1.039307
989994617,0.098633,0.123779,1.041504
989999617,0.091309,0.119629,1.035156
990004617,0.093018,0.116699,1.036377
990009617,0.091797,0.120361,1.040771
990014617,0.084229,0.117432,1.042236
990019617,0.088135,0.111816,1.040283
990024617,0.090576,0.119629,1.047119
990029617,0.088623,0.117432,1.044434
990034617,0.090332,0.115479,1.044434
990039617,0.094971,0.118164,1.041016
990044617,0.091064,0.119873,1.036621
990049617,0.093994,0.119629,1.042236
990054617,0.094482,0.11792,1.038574
990059617,0.099854,0.121826,1.037109
990064617,0.094238,0.119629,1.034424
990069617,0.093994,0.124023,1.038574
990074617,0.089844,0.121338,1.042236
990079617,0.088135,0.121826,1.043701
990084617,0.090576,0.116699,1.041748
990089617,0.092773,0.120361,1.042725
990094617,0.087891,0.112549,1.033447
990099617,0.093994,0.11499,1.041016
990104617,0.096191,0.11377,1.039063
990109617,0.090576,0.112549,1.042969
990114617,0.094971,0.114746,1.046875
990119617,0.095215,0.118164,1.045898
990124617,0.090576,0.115723,1.040039
990129617,0.09375,0.120117,1.041748
990134617,0.095947,0.115967,1.030762
990139617,0.092529,0.119629,1.041748
990144617,0.093994,0.123291,1.046631
990149617,0.087891,0.124512,1.042236
990154617,0.089355,0.125977,1.038818
990159617,0.095703,0.123535,1.043945
990164617,0.0896,0.11792,1.038574
990169617,0.093506,0.112793,1.041992
990174617,0.094727,0.117676,1.045654
990179617,0.095947,0.119141,1.042725
990184617,0.092041,0.115234,1.039307
990189617,0.0896,0.119629,1.046875
990194617,0.094727,0.119873,1.04541
990199617,0.091064,0.119873,1.034424
990204617,0.091797,0.118896,1.033203
990209617,0.092773,0.125732,1.05127
990214617,0.094238,0.119873,1.04541
990219617,0.096924,0.120361,1.041504
990224617,0.095215,0.125244,1.041016
990229617,0.092773,0.120361,1.045166
990234617,0.104004,0.112549,1.044922
990239617,0.098877,0.112793,1.042725
990244617,0.099121,0.112305,1.040283
990249617,0.099121,0.116211,1.033691
990254617,0.096924,0.11499,1.039551
990259617,0.094238,0.113281,1.033691
990264617,0.094971,0.123291,1.037354
990269617,0.088135,0.121094,1.035645
990274617,0.089111,0.122803,1.042969
990279617,0.088379,0.120117,1.039551
990284617,0.091797,0.125732,1.039063
990289617,0.091797,0.123779,1.047363
990294617,0.09375,0.121582,1.042236
990299617,0.094727,0.119629,1.049805
990304617,0.093506,0.121094,1.048096
990309617,0.093994,0.121582,1.048096
990314617,0.092529,0.119873,1.043213
990319617,0.094238,0.115723,1.044189
990324617,0.088379,0.122803,1.042236
990329617,0.090088,0.116699,1.043457
990334617,0.089111,0.119385,1.041504
990339617,0.087891,0.118408,1.037842
990344617,0.09082,0.123291,1.041748
990349617,0.091797,0.118164,1.042969
990354617,0.094971,0.125732,1.041016
990359617,0.094971,0.120361,1.05127
990364617,0.097656,0.116943,1.039551
990369617,0.09668,0.119629,1.041016
990374617,0.100586,0.114502,1.042725
990379617,0.094238,0.118896,1.04248
990384617,0.091797,0.121338,1.040527
990389617,0.091064,0.114746,1.037354
990394617,0.09375,0.116455,1.04126
990399617,0.088135,0.116943,1.037354
990404617,0.094482,0.116211,1.041016
990409617,0.092285,0.121582,1.035889
990414617,0.089111,0.119629,1.035889
990419617,0.088623,0.118896,1.044434
990424617,0.095459,0.122803,1.041016
990429617,0.098145,0.121094,1.043701
990434617,0.094727,0.118896,1.045166
990439617,0.094971,0.123291,1.041748
990444617,0.093994,0.120117,1.040771
990449617,0.092041,0.116455,1.042236
990454617,0.094727,0.116211,1.040283
990459617,0.09375,0.120117,1.046143
990464617,0.090576,0.121826,1.043457
990469617,0.090088,0.116943,1.039307
990474617,0.090576,0.122314,1.043701
990479617,0.092041,0.119873,1.037598
990484617,0.091553,0.114746,1.039551
990489617,0.091797,0.119629,1.037842
990494617,0.096436,0.117676,1.036865
990499617,0.098389,0.117432,1.043701
990504617,0.100586,0.117676,1.038818
990509617,0.092773,0.122803,1.037109
990514617,0.095215,0.123047,1.040039
990519617,0.093994,0.121338,1.038086
990524617,0.093506,0.120361,1.039307
990529617,0.085205,0.124023,1.041016
990534617,0.092285,0.121826,1.041016
990539617,0.090088,0.11377,1.037109
990544617,0.096924,0.11499,1.04126
990549617,0.094727,0.121826,1.045166
990554617,0.088623,0.119385,1.037354
990559617,0.092041,0.121826,1.031738
990564617,0.098633,0.116943,1.043457
990569617,0.09668,0.119629,1.046631
990574617,0.092041,0.117676,1.044678
990579617,0.093506,0.12085,1.043213
990584617,0.094727,0.118652,1.044434
990589617,0.095947,0.116699,1.036133
990594617,0.098389,0.114258,1.040527
990599617,0.094971,0.12085,1.045166
990604617,0.088135,0.12085,1.038086
990609617,0.088623,0.117188,1.037354
990614617,0.090576,0.118164,1.042725
990619617,0.095703,0.121338,1.041992
990624617,0.092285,0.11499,1.033936
990629617,0.097168,0.11792,1.038574
990634617,0.09082,0.12207,1.049072
990639617,0.091553,0.116455,1.043213
990644617,0.093262,0.119873,1.044434
990649617,0.093506,0.115967,1.044678
990654617,0.091064,0.118896,1.037598
990659617,0.092041,0.119873,1.043213
990664617,0.092773,0.118896,1.030762
990669617,0.090576,0.118652,1.052979
990674617,0.090088,0.125977,1.051025
990679617,0.091553,0.122559,1.036865
990684617,0.092285,0.12207,1.023926
990689617,0.09375,0.126465,1.039795
990694617,0.095459,0.124512,1.05542
990699617,0.089844,0.11377,1.031982
990704617,0.088867,0.116943,1.03418
990709617,0.096436,0.12207,1.05127
990714617,0.086182,0.116943,1.039307
990719617,0.094238,0.114502,1.035156
990724617,0.091309,0.115234,1.04126
990729617,0.095703,0.114746,1.045654
990734617,0.094482,0.117676,1.05249
990739617,0.087646,0.116943,1.034424
990744617,0.091309,0.117432,1.032471
990749617,0.095947,0.114746,1.036865
990754617,0.094482,0.121582,1.035156
990759617,0.092285,0.121094,1.039551
990764617,0.101563,0.114258,1.037109
990769617,0.099609,0.114746,1.041748
990774617,0.098145,0.124756,1.035889
990779617,0.093994,0.117188,1.043457
990784617,0.094482,0.119385,1.043701
990789617,0.094971,0.116699,1.03833
990794617,0.091309,0.116211,1.040283
990799617,0.091309,0.115723,1.041748
990804617,0.0896,0.119629,1.037842
990809617,0.094482,0.118164,1.036865
990814617,0.091553,0.123291,1.042725
990819617,0.09375,0.12085,1.037598
990824617,0.090088,0.122803,1.04541
990829617,0.093506,0.125977,1.039307
990834617,0.087646,0.120361,1.037109
990839617,0.093018,0.124756,1.043213
990844617,0.090332,0.123291,1.042969
990849617,0.094482,0.124756,1.039551
990854617,0.091553,0.120361,1.044434
990859617,0.096436,0.121582,1.042236
990864617,0.092529,0.11792,1.044189
990869617,0.086914,0.115723,1.034912
990874617,0.090088,0.121826,1.039551
990879617,0.085205,0.116211,1.040283
990884617,0.090332,0.110107,1.039795
990889617,0.091553,0.113525,1.035645
990894617,0.094727,0.114502,1.044434
990899617,0.096191,0.113037,1.033203
990904617,0.099609,0.12207,1.042969
990909617,0.099854,0.124023,1.043457
990914617,0.099121,0.119873,1.036865
990919617,0.10083,0.120361,1.045166
990924617,0.095947,0.124512,1.047363
990929617,0.091309,0.122559,1.040771
990934617,0.088135,0.123047,1.036133
990939617,0.086914,0.119629,1.036377
990944617,0.090576,0.121094,1.037598
990949617,0.089844,0.118164,1.047119
990954617,0.089355,0.116211,1.039795
990959617,0.08667,0.114502,1.050049
990964617,0.091553,0.112793,1.041016
990969617,0.090332,0.112061,1.040039
990974617,0.09668,0.111816,1.030518
990979617,0.092773,0.113525,1.041504
990984617,0.093018,0.114746,1.041748
990989617,0.094482,0.121338,1.040039
990994617,0.094727,0.122803,1.046387
990999617,0.097656,0.123047,1.038818
991004617,0.092285,0.123535,1.040283
991009617,0.100342,0.124023,1.033203
991014617,0.09668,0.123291,1.039795
991019617,0.094727,0.12207,1.037842
991024617,0.102783,0.120605,1.047607
991029617,0.096191,0.119385,1.036865
991034617,0.10083,0.115234,1.043945
991039617,0.095459,0.111572,1.046143
991044617,0.095215,0.112061,1.043457
991049617,0.101074,0.11377,1.039307
991054617,0.09082,0.11499,1.050537
991059617,0.088135,0.121094,1.036377
991064617,0.086426,0.124512,1.030518
991069617,0.090576,0.117676,1.042236
991074617,0.086182,0.122803,1.044922
991079617,0.094727,0.122803,1.049561
991084617,0.083496,0.12085,1.032959
991089617,0.091797,0.122803,1.04126
991094617,0.094238,0.121338,1.048096
991099617,0.093994,0.116699,1.041748
991104617,0.097412,0.116211,1.046875
991109617,0.089844,0.122803,1.048828
991114617,0.090332,0.119873,1.033447
991119617,0.089111,0.120361,1.033447
991124617,0.090576,0.125244,1.036377
991129617,0.085449,0.115479,1.03125
991134617,0.096924,0.118164,1.035889
991139617,0.0979,0.115967,1.050049
991144617,0.092041,0.123535,1.036621
991149617,0.095703,0.122803,1.03418
991154617,0.091064,0.119385,1.047119
991159617,0.092041,0.11499,1.036133
991164617,0.092529,0.116699,1.046875
991169617,0.090088,0.119141,1.03833
991174617,0.09668,0.117432,1.044434
991179617,0.091064,0.119141,1.038086
991184617,0.097412,0.12085,1.059082
991189617,0.08667,0.120605,1.036621
991194617,0.09668,0.114502,1.019775
991199617,0.09082,0.122803,1.04834
991204617,0.092529,0.124023,1.039795
991209617,0.089844,0.112793,1.027588
991214617,0.086426,0.116455,1.029053
991219617,0.088867,0.122314,1.050049
991224617,0.092041,0.119873,1.037354
991229617,0.091553,0.115723,1.036377
991234617,0.094971,0.117676,1.035889
991239617,0.102295,0.116455,1.04541
991244617,0.096191,0.115723,1.043701
991249617,0.097412,0.119141,1.041504
991254617,0.095947,0.117432,1.04541
991259617,0.10083,0.117676,1.037354
991264617,0.093994,0.114502,1.040039
991269617,0.088623,0.116455,1.038818
991274617,0.093506,0.124268,1.041504
991279617,0.090576,0.11792,1.042236
991284617,0.092773,0.123779,1.031738
991289617,0.100098,0.125977,1.042969
991294617,0.098389,0.116699,1.037354
991299617,0.097168,0.122559,1.043945
991304617,0.092041,0.121826,1.033203
991309617,0.086914,0.115723,1.046875
991314617,0.09375,0.119141,1.036621
991319617,0.095703,0.116455,1.048584
991324617,0.094971,0.12207,1.044922
991329617,0.092529,0.114502,1.043701
991334617,0.085205,0.117676,1.034424
991339617,0.093994,0.122314,1.049805
991344617,0.089355,0.116211,1.035156
991349617,0.089355,0.120117,1.0354
991354617,0.0979,0.119873,1.037109
991359617,0.098877,0.119629,1.044189
991364617,0.09668,0.118164,1.037598
991369617,0.087891,0.118164,1.031738
991374617,0.091309,0.118164,1.043945
991379617,0.089111,0.12085,1.037598
991384617,0.094482,0.123535,1.041992
991389617,0.092529,0.12085,1.04248
991394617,0.092529,0.124023,1.043213
991399617,0.0979,0.128418,1.048096
991404617,0.087402,0.120361,1.04126
991409617,0.092285,0.114014,1.037354
991414617,0.091553,0.108154,1.044434
991419617,0.091064,0.109863,1.041992
991424617,0.091797,0.107178,1.040039
991429617,0.091064,0.106445,1.043457
991434617,0.098145,0.111084,1.037109
991439617,0.096924,0.11499,1.040283
991444617,0.095215,0.123535,1.036133
991449617,0.093994,0.126221,1.046387
991454617,0.092529,0.128662,1.030762
991459617,0.097412,0.132812,1.043457
991464617,0.090088,0.134033,1.039795
991469617,0.094971,0.131348,1.032959
991474617,0.09668,0.12793,1.040771
991479617,0.0979,0.121338,1.040771
991484617,0.09375,0.114258,1.041992
991489617,0.093018,0.110107,1.048828
991494617,0.094727,0.10376,1.039307
991499617,0.086426,0.105957,1.042236
991504617,0.088379,0.109619,1.050781
991509617,0.085205,0.108154,1.037109
991514617,0.084961,0.113281,1.037354
991519617,0.083496,0.118896,1.041504
991524617,0.093994,0.124268,1.038086
991529617,0.093262,0.12915,1.03833
991534617,0.098633,0.129639,1.039307
991539617,0.096924,0.130127,1.03418
991544617,0.099121,0.12915,1.040527
991549617,0.100098,0.125488,1.036621
991554617,0.095703,0.122803,1.0354
991559617,0.095703,0.120117,1.040771
991564617,0.093994,0.117432,1.039795
991569617,0.090576,0.114502,1.037598
991574617,0.089111,0.111816,1.041992
991579617,0.090332,0.112305,1.044922
991584617,0.093506,0.110352,1.03833
991589617,0.089111,0.110596,1.044434
991594617,0.095459,0.118164,1.042969
991599617,0.091553,0.121582,1.044189
991604617,0.093262,0.123291,1.047607
991609617,0.097168,0.120361,1.037598
991614617,0.099121,0.122803,1.041748
991619617,0.099609,0.124756,1.04126
991624617,0.100098,0.120605,1.040039
991629617,0.096924,0.119873,1.035645
991634617,0.092773,0.121094,1.03833
991639617,0.0896,0.115967,1.030518
991644617,0.09375,0.117676,1.043457
991649617,0.093994,0.118164,1.040283
991654617,0.08667,0.120605,1.036133
991659617,0.089844,0.11792,1.040527
991664617,0.095459,0.114746,1.036865
991669617,0.093506,0.114014,1.035889
991674617,0.09375,0.11792,1.041748
991679617,0.092041,0.118896,1.037354
991684617,0.096436,0.121826,1.04126
991689617,0.098145,0.125,1.035889
991694617,0.095703,0.123779,1.042725
991699617,0.096436,0.126221,1.043213
991704617,0.092285,0.121338,1.033447
991709617,0.090088,0.114746,1.029541
991714617,0.09375,0.123291,1.050537
991719617,0.090332,0.124512,1.048584
991724617,0.091553,0.107178,1.029053
991729617,0.086426,0.109619,1.033447
991734617,0.095215,0.117188,1.042969
991739617,0.088379,0.114014,1.039063
991744617,0.094482,0.109863,1.031982
991749617,0.096924,0.116455,1.043701
991754617,0.101318,0.119141,1.04541
991759617,0.094238,0.119873,1.044678
991764617,0.098389,0.121338,1.039063
991769617,0.095947,0.123291,1.042969
991774617,0.095947,0.128174,1.044678
991779617,0.093018,0.120117,1.046143
991784617,0.087402,0.120605,1.043213
991789617,0.095703,0.121338,1.040527
991794617,0.096924,0.118652,1.043213
991799617,0.095947,0.118652,1.049561
991804617,0.096436,0.116211,1.050781
991809617,0.090576,0.11377,1.044922
991814617,0.093994,0.117432,1.04248
991819617,0.090332,0.114258,1.031738
991824617,0.095215,0.124756,1.041504
991829617,0.094482,0.114014,1.038818
991834617,0.097168,0.121582,1.040771
991839617,0.090332,0.126709,1.042725
991844617,0.09668,0.126221,1.0354
991849617,0.094238,0.119385,1.044434
991854617,0.095459,0.119141,1.043457
991859617,0.097412,0.116943,1.039795
991864617,0.097656,0.124023,1.043457
991869617,0.088379,0.117676,1.043945
991874617,0.091553,0.116455,1.033691
991879617,0.096924,0.114746,1.039551
991884617,0.093994,0.120605,1.047852
991889617,0.095703,0.117676,1.033203
991894617,0.095459,0.116211,1.034668
991899617,0.09375,0.125244,1.037598
991904617,0.091797,0.123291,1.043213
991909617,0.088867,0.123291,1.034668
991914617,0.091064,0.122559,1.033203
991919617,0.091064,0.123779,1.034424
991924617,0.09082,0.119385,1.043701
991929617,0.10083,0.117676,1.047852
991934617,0.091797,0.12207,1.044678
991939617,0.095947,0.121338,1.046875
991944617,0.088867,0.121094,1.045898
991949617,0.090088,0.113281,1.027832
991954617,0.094482,0.12085,1.039063
991959617,0.092285,0.120361,1.042236
991964617,0.096191,0.115234,1.035889
991969617,0.095947,0.115479,1.035645
991974617,0.094238,0.125977,1.044189
991979617,0.092285,0.118896,1.045654
991984617,0.097412,0.119385,1.045654
991989617,0.094971,0.119141,1.039307
991994617,0.092285,0.116455,1.0354
991999617,0.09375,0.119385,1.040039
992004617,0.090576,0.121338,1.047852
992009617,0.09375,0.117188,1.03418
992014617,0.092773,0.114258,1.045898
992019617,0.098877,0.121094,1.051758
992024617,0.088379,0.120605,1.037598
992029617,0.09082,0.120605,1.042725
992034617,0.087402,0.119141,1.04126
992039617,0.096191,0.116699,1.037598
992044617,0.093506,0.11792,1.040283
992049617,0.09082,0.11792,1.046387
992054617,0.094482,0.12207,1.040283
992059617,0.095703,0.119873,1.042725
992064617,0.093018,0.117432,1.040039
992069617,0.096924,0.118408,1.040283
992074617,0.096191,0.117432,1.037842
992079617,0.09668,0.11792,1.044922
992084617,0.091309,0.119385,1.038574
992089617,0.087158,0.114502,1.032959
992094617,0.092529,0.118652,1.040527
992099617,0.097168,0.117432,1.041504
992104617,0.089844,0.120361,1.043457
992109617,0.095703,0.119629,1.04126
992114617,0.092529,0.119141,1.049561
992119617,0.092041,0.120361,1.043701
992124617,0.091553,0.118164,1.04834
992129617,0.091309,0.118652,1.051758
992134617,0.094482,0.120361,1.047852
992139617,0.091553,0.119873,1.044678
992144617,0.091553,0.120361,1.037842
992149617,0.093994,0.120361,1.041016
992154617,0.09375,0.115234,1.038086
992159617,0.095459,0.115723,1.044922
992164617,0.0896,0.118896,1.036621
992169617,0.093994,0.119873,1.041748
992174617,0.094971,0.116943,1.039307
992179617,0.09668,0.116455,1.047852
992184617,0.091797,0.115967,1.040283
992189617,0.08252,0.11499,1.037842
992194617,0.093018,0.120605,1.041016
992199617,0.090088,0.119141,1.041748
992204617,0.092285,0.119141,1.032471
992209617,0.094482,0.124756,1.043213
992214617,0.09668,0.122314,1.048096
992219617,0.094727,0.117676,1.044189
992224617,0.095459,0.126953,1.039063
992229617,0.091064,0.123779,1.038818
992234617,0.094482,0.117676,1.031738
992239617,0.096436,0.11499,1.035889
992244617,0.088623,0.121582,1.037109
992249617,0.086914,0.126953,1.034668
992254617,0.090332,0.11792,1.040039
992259617,0.094238,0.119385,1.04541
992264617,0.092041,0.120605,1.043945
992269617,0.094971,0.119385,1.039551
992274617,0.097412,0.116211,1.045654
992279617,0.093018,0.122559,1.044189
992284617,0.089844,0.121338,1.043701
992289617,0.092529,0.123535,1.041504
992294617,0.096191,0.118164,1.041748
992299617,0.09082,0.12207,1.043213
992304617,0.096191,0.114258,1.040283
992309617,0.092041,0.120117,1.043213
992314617,0.093018,0.123047,1.044434
992319617,0.093506,0.116211,1.043457
992324617,0.092529,0.118652,1.035156
992329617,0.091064,0.12085,1.038086
992334617,0.089844,0.121338,1.035645
992339617,0.091797,0.117188,1.033936
992344617,0.095459,0.117188,1.041504
992349617,0.096436,0.116699,1.040283
992354617,0.095703,0.118408,1.042969
992359617,0.095215,0.124268,1.0354
992364617,0.095215,0.125,1.042725
992369617,0.090332,0.123291,1.041748
992374617,0.092773,0.117432,1.044678
992379617,0.085937,0.119385,1.037598
992384617,0.094238,0.116699,1.037842
992389617,0.097656,0.112793,1.046631
992394617,0.097412,0.115479,1.044434
992399617,0.09375,0.120361,1.043213
992404617,0.089844,0.120117,1.035156
992409617,0.089844,0.121338,1.041992
992414617,0.099365,0.11792,1.051758
992419617,0.092773,0.121826,1.043701
992424617,0.087158,0.126465,1.035645
992429617,0.091797,0.120117,1.040039
992434617,0.097656,0.122314,1.04248
992439617,0.093262,0.125977,1.044678
992444617,0.093994,0.120117,1.03833
992449617,0.092041,0.119385,1.036133
992454617,0.093994,0.113525,1.036133
992459617,0.102295,0.116943,1.044189
992464617,0.0896,0.120361,1.041504
992469617,0.091309,0.116943,1.041992
992474617,0.093506,0.112061,1.046143
992479617,0.097168,0.116943,1.047363
992484617,0.087646,0.118164,1.039307
992489617,0.087646,0.121826,1.037842
992494617,0.093262,0.117188,1.041992
992499617,0.097412,0.11377,1.040527
992504617,0.097412,0.123535,1.051025
992509617,0.088623,0.121338,1.043701
992514617,0.087891,0.12207,1.030273
992519617,0.098877,0.11377,1.039551
992524617,0.098633,0.117432,1.047363
992529617,0.094238,0.118652,1.044434
992534617,0.090088,0.120117,1.033936
992539617,0.092285,0.115723,1.041992
992544617,0.096436,0.114746,1.03833
992549617,0.098145,0.112549,1.033936
992554617,0.092285,0.119629,1.03833
992559617,0.091553,0.118896,1.035889
992564617,0.093262,0.117188,1.039307
992569617,0.095459,0.12085,1.033936
992574617,0.093506,0.119141,1.038818
992579617,0.101074,0.12207,1.042725
992584617,0.098145,0.122803,1.039307
992589617,0.092041,0.126221,1.039307
992594617,0.091064,0.12207,1.03125
992599617,0.091309,0.121582,1.043457
992604617,0.091309,0.117676,1.043701
992609617,0.093262,0.119873,1.047607
992614617,0.088379,0.117432,1.039307
992619617,0.093262,0.116943,1.043701
992624617,0.095703,0.113281,1.040039
992629617,0.092529,0.117676,1.044434
992634617,0.090576,0.120117,1.039307
992639617,0.093262,0.11499,1.039551
992644617,0.094971,0.114502,1.045654
992649617,0.09082,0.120605,1.042236
992654617,0.095215,0.120117,1.038818
992659617,0.096924,0.121338,1.038818
992664617,0.092773,0.12085,1.033203
992669617,0.097412,0.123047,1.03833
992674617,0.09668,0.124512,1.04126
992679617,0.092529,0.120117,1.028564
992684617,0.09082,0.118164,1.039063
992689617,0.098145,0.117432,1.051025
992694617,0.091309,0.113525,1.040039
992699617,0.09375,0.112549,1.025146
992704617,0.090332,0.123291,1.052246
992709617,0.090332,0.124023,1.055908
992714617,0.084473,0.119141,1.027588
992719617,0.084473,0.118896,1.033203
992724617,0.092773,0.126465,1.049561
992729617,0.086426,0.118408,1.048828
992734617,0.092285,0.121094,1.034668
992739617,0.09082,0.120605,1.037354
992744617,0.095947,0.121826,1.052002
992749617,0.094482,0.116455,1.045898
992754617,0.091553,0.112305,1.036133
992759617,0.099365,0.115479,1.031494
992764617,0.098389,0.115479,1.041992
992769617,0.09375,0.11792,1.039551
992774617,0.094971,0.119629,1.04248
992779617,0.093262,0.117432,1.032715
992784617,0.100342,0.118652,1.040771
992789617,0.092773,0.117188,1.043213
992794617,0.091309,0.118408,1.04248
992799617,0.090088,0.124023,1.037109
992804617,0.093262,0.118652,1.043701
992809617,0.091797,0.119873,1.041992
992814617,0.089844,0.119629,1.04248
992819617,0.091309,0.118652,1.041992
992824617,0.094238,0.119873,1.038818
992829617,0.095947,0.119873,1.046631
992834617,0.088623,0.124023,1.04248
992839617,0.089111,0.123291,1.03833
992844617,0.090576,0.119629,1.04248
992849617,0.092529,0.116455,1.045654
992854617,0.090088,0.121582,1.035645
992859617,0.093506,0.118896,1.039795
992864617,0.09082,0.117188,1.047119
992869617,0.091064,0.119873,1.039063
992874617,0.093506,0.116455,1.042236
992879617,0.094238,0.11792,1.042725
992884617,0.096436,0.119873,1.044678
992889617,0.092773,0.118652,1.037109
992894617,0.098145,0.120605,1.036133
992899617,0.093018,0.119141,1.039795
992904617,0.097168,0.113525,1.035645
992909617,0.095703,0.118896,1.039551
992914617,0.095215,0.118408,1.03833
992919617,0.093018,0.115723,1.040527
992924617,0.097412,0.125244,1.040771
992929617,0.091797,0.125244,1.039795
992934617,0.09668,0.125244,1.040527
992939617,0.094238,0.121826,1.044189
992944617,0.093506,0.116943,1.047607
992949617,0.092041,0.118408,1.036621
992954617,0.099854,0.116211,1.042725
992959617,0.094971,0.118164,1.040527
992964617,0.097412,0.119141,1.04126
992969617,0.093262,0.11792,1.039795
992974617,0.088379,0.120117,1.044434
992979617,0.088379,0.119385,1.037109
992984617,0.097168,0.119873,1.041992
992989617,0.094238,0.123535,1.036133
992994617,0.093018,0.120361,1.035889
992999617,0.090088,0.12085,1.044678
993004617,0.092041,0.12207,1.042725
993009617,0.094482,0.121582,1.042236
993014617,0.0979,0.118652,1.040527
993019617,0.087891,0.123779,1.039307
993024617,0.0896,0.102539,1.012451
993029617,0.09082,0.11377,1.092041
993034617,0.103271,0.119385,1.031738
993039617,0.091064,0.090332,1.026367
993044617,0.097168,0.119629,1.052246
993049617,0.094727,0.128174,1.034668
993054617,0.080811,0.107666,1.032715
993059617,0.093994,0.118408,1.032715
993064617,0.095215,0.125488,1.059326
993069617,0.092041,0.116699,1.023682
993074617,0.092773,0.118408,1.039551
993079617,0.09375,0.122314,1.045654
993084617,0.087402,0.123779,1.029785
993089617,0.094482,0.119629,1.042236
993094617,0.096924,0.127197,1.050537
993099617,0.091064,0.128418,1.050537
993104617,0.08374,0.128906,1.036133
993109617,0.093262,0.120605,1.031494
993114617,0.095703,0.116943,1.049072
993119617,0.099121,0.116699,1.045654
993124617,0.093994,0.114014,1.043213
993129617,0.09082,0.112549,1.037598
993134617,0.096924,0.108887,1.041992
993139617,0.098145,0.111328,1.039063
993144617,0.093994,0.117676,1.035645
993149617,0.100098,0.119629,1.03418
993154617,0.10083,0.119873,1.038818
993159617,0.098145,0.120117,1.042725
993164617,0.095459,0.126221,1.042725
993169617,0.093506,0.122314,1.043457
993174617,0.093994,0.122559,1.04248
993179617,0.091553,0.126953,1.036865
993184617,0.09082,0.125488,1.039795
993189617,0.088623,0.116699,1.045166
993194617,0.09082,0.124268,1.041748
993199617,0.090332,0.115967,1.040283
993204617,0.092529,0.116211,1.044434
993209617,0.09375,0.113525,1.041748
993214617,0.091553,0.114746,1.041748
993219617,0.0896,0.117676,1.039063
993224617,0.089111,0.12207,1.041504
993229617,0.08667,0.118164,1.037109
993234617,0.0896,0.123779,1.040283
993239617,0.086182,0.126465,1.046875
993244617,0.091064,0.122314,1.039551
993249617,0.088379,0.118896,1.039795
993254617,0.093018,0.12085,1.050537
993259617,0.090088,0.128906,1.046387
993264617,0.094482,0.114258,1.043457
993269617,0.099854,0.117432,1.052002
993274617,0.101074,0.117676,1.056641
993279617,0.088623,0.119629,1.029053
993284617,0.091797,0.117188,1.034668
993289617,0.092529,0.11499,1.027588
993294617,0.102783,0.115479,1.04248
993299617,0.094482,0.119385,1.042725
993304617,0.088379,0.121826,1.031006
993309617,0.0979,0.119629,1.050293
993314617,0.088623,0.120361,1.038574
993319617,0.088135,0.120605,1.022949
993324617,0.10376,0.117676,1.045166
993329617,0.083252,0.115479,1.022217
993334617,0.095947,0.126953,1.053711
993339617,0.084229,0.128174,1.043945
993344617,0.09375,0.119873,1.03125
993349617,0.10083,0.119385,1.048096
993354617,0.097656,0.119141,1.054199
993359617,0.091553,0.114014,1.041992
993364617,0.092041,0.124756,1.049561
993369617,0.083496,0.124268,1.043945
993374617,0.089355,0.116943,1.027832
993379617,0.094971,0.121826,1.038574
993384617,0.096191,0.114014,1.040771
993389617,0.090332,0.121826,1.04126
993394617,0.08667,0.120361,1.036377
993399617,0.089844,0.121582,1.030518
993404617,0.0979,0.118408,1.025391
993409617,0.104004,0.115234,1.041504
993414617,0.095215,0.118408,1.043457
993419617,0.102783,0.116455,1.046631
993424617,0.095703,0.120361,1.040527
993429617,0.0896,0.119141,1.037109
993434617,0.090088,0.122314,1.044434
993439617,0.094727,0.120117,1.041504
993444617,0.095459,0.120117,1.04541
993449617,0.09668,0.119629,1.047363
993454617,0.089844,0.127197,1.045166
993459617,0.093994,0.12207,1.045898
993464617,0.092041,0.12207,1.041504
993469617,0.093506,0.119629,1.044922
993474617,0.090576,0.121826,1.043945
993479617,0.093018,0.120605,1.048096
993484617,0.088135,0.121826,1.040771
993489617,0.088135,0.11792,1.039795
993494617,0.096191,0.11792,1.040283
993499617,0.098877,0.11792,1.045166
993504617,0.089844,0.120361,1.042725
993509617,0.094238,0.116211,1.04541
993514617,0.093262,0.122314,1.041748
993519617,0.08667,0.124756,1.038818
993524617,0.087158,0.122803,1.033691
993529617,0.094971,0.114746,1.040771
993534617,0.091064,0.119385,1.032471
993539617,0.09375,0.114746,1.041504
993544617,0.091553,0.113037,1.04248
993549617,0.095703,0.118164,1.042725
993554617,0.093262,0.115234,1.043945
993559617,0.099365,0.114258,1.044189
993564617,0.093018,0.119141,1.037109
993569617,0.090332,0.125,1.045898
993574617,0.090088,0.119629,1.036133
993579617,0.090332,0.120117,1.029297
993584617,0.094238,0.116211,1.044678
993589617,0.111816,0.111084,1.0354
993594617,0.095947,0.120361,1.020996
993599617,0.109375,0.132812,1.070313
993604617,0.094238,0.125,1.048828
993609617,0.093506,0.122803,0.987549
993614617,0.092529,0.125244,1.06543
993619617,0.093018,0.127197,1.036865
993624617,0.099365,0.112305,1.040283
993629617,0.091797,0.118896,1.033203
993634617,0.096191,0.131348,1.051758
993639617,0.084473,0.11499,1.031982
993644617,0.088135,0.106934,1.030762
993649617,0.096924,0.121338,1.047363
993654617,0.089844,0.112305,1.029541
993659617,0.092773,0.116211,1.049316
993664617,0.093994,0.124023,1.043213
993669617,0.089111,0.115723,1.050537
993674617,0.09668,0.126953,1.039307
993679617,0.09375,0.113037,1.025635
993684617,0.102295,0.121826,1.056396
993689617,0.09082,0.117676,1.034668
993694617,0.096191,0.120361,1.059082
993699617,0.085693,0.115479,1.028076
993704617,0.092285,0.119385,1.034912
993709617,0.095215,0.115234,1.046875
993714617,0.095947,0.114502,1.042236
993719617,0.09375,0.112793,1.032715
993724617,0.092529,0.118408,1.033691
993729617,0.093018,0.123291,1.049072
993734617,0.090332,0.119629,1.042969
993739617,0.089355,0.118408,1.032227
993744617,0.097168,0.12085,1.043457
993749617,0.098389,0.122803,1.04541
993754617,0.091553,0.119141,1.031494
993759617,0.09375,0.119629,1.045654
993764617,0.088867,0.121338,1.054199
993769617,0.089355,0.116699,1.029541
993774617,0.083008,0.116699,1.024902
993779617,0.093262,0.125244,1.04834
993784617,0.090332,0.116943,1.04541
993789617,0.092285,0.109863,1.037354
993794617,0.087158,0.114502,1.037598
993799617,0.094482,0.122803,1.045166
993804617,0.092773,0.116455,1.034912
993809617,0.101807,0.122314,1.054932
993814617,0.089111,0.117676,1.028076
993819617,0.09668,0.123291,1.049805
993824617,0.0896,0.119873,1.02417
993829617,0.100098,0.119873,1.042725
993834617,0.092041,0.118896,1.035645
993839617,0.092041,0.124268,1.046143
993844617,0.092285,0.121582,1.034912
993849617,0.093506,0.124023,1.042236
993854617,0.088867,0.115479,1.031982
993859617,0.093262,0.115723,1.038818
993864617,0.09375,0.114746,1.043457
993869617,0.087646,0.118164,1.041504
993874617,0.095947,0.117432,1.047607
993879617,0.093994,0.118408,1.04541
993884617,0.091309,0.119873,1.041748
993889617,0.095703,0.117676,1.036133
993894617,0.092529,0.124268,1.04834
993899617,0.090332,0.116943,1.037598
993904617,0.092041,0.124023,1.041504
993909617,0.089355,0.124023,1.042725
993914617,0.093262,0.12793,1.04126
993919617,0.087402,0.12207,1.034424
993924617,0.093262,0.119141,1.041992
993929617,0.096191,0.121094,1.034668
993934617,0.098877,0.122803,1.047607
993939617,0.09375,0.11377,1.040527
993944617,0.091064,0.116943,1.038818
993949617,0.100342,0.113525,1.033203
993954617,0.094238,0.117432,1.045654
993959617,0.094482,0.114258,1.03833
993964617,0.091797,0.120117,1.03833
993969617,0.088379,0.119141,1.036621
993974617,0.092529,0.122559,1.046631
993979617,0.091309,0.118896,1.039063
993984617,0.087891,0.124756,1.032227
993989617,0.091064,0.117432,1.04126
993994617,0.089111,0.118896,1.018066
993999617,0.104004,0.123779,1.050049
994004617,0.093994,0.119873,1.049316
994009617,0.09375,0.124268,1.039063
994014617,0.094238,0.122314,1.046875
994019617,0.090332,0.119629,1.04248
994024617,0.091553,0.116455,1.038574
994029617,0.092285,0.115967,1.032715
994034617,0.096191,0.115723,1.041992
994039617,0.092529,0.11499,1.03833
994044617,0.090576,0.114746,1.040527
994049617,0.094971,0.118164,1.043701
994054617,0.096191,0.123291,1.044189
994059617,0.094727,0.121338,1.047363
994064617,0.088135,0.124023,1.03833
994069617,0.094727,0.119873,1.030518
994074617,0.097168,0.119873,1.046143
994079617,0.093262,0.124268,1.040039
994084617,0.094971,0.118896,1.030762
994089617,0.089111,0.129883,1.030273
994094617,0.105713,0.12207,1.052734
994099617,0.108154,0.123535,1.046143
994104617,0.084717,0.118164,1.018311
994109617,0.103271,0.128174,1.060547
994114617,0.078857,0.11377,1.0354
994119617,0.082764,0.115967,1.0354
994124617,0.100098,0.118652,1.066162
994129617,0.089111,0.112549,1.047363
994134617,0.089355,0.116943,1.03418
994139617,0.093262,0.119141,1.052246
994144617,0.090332,0.123779,1.03418
994149617,0.090088,0.128174,1.034424
994154617,0.094971,0.132568,1.039063
994159617,0.088623,0.125244,1.031494
994164617,0.092041,0.128174,1.028809
994169617,0.087891,0.122559,1.025635
994174617,0.087402,0.118164,1.029541
994179617,0.087646,0.109863,1.028809
994184617,0.093994,0.114258,1.043701
994189617,0.090332,0.112793,1.04834
994194617,0.085449,0.109619,1.039307
994199617,0.090576,0.111328,1.047607
994204617,0.095947,0.105957,1.046875
994209617,0.089844,0.115723,1.030273
994214617,0.088623,0.118652,1.032959
994219617,0.09375,0.121826,1.047119
994224617,0.086914,0.122314,1.033691
994229617,0.08667,0.128662,1.033447
994234617,0.0896,0.129395,1.039063
994239617,0.093018,0.127686,1.041992
994244617,0.095215,0.124023,1.039551
994249617,0.095215,0.124512,1.045898
994254617,0.089111,0.124023,1.039551
994259617,0.086182,0.11792,1.042236
994264617,0.093262,0.117432,1.036621
994269617,0.095947,0.113525,1.05127
994274617,0.093994,0.115479,1.051025
994279617,0.091309,0.115723,1.042969
994284617,0.09375,0.114746,1.034668
994289617,0.089844,0.11377,1.037109
994294617,0.095947,0.119873,1.046631
994299617,0.093018,0.124268,1.036621
994304617,0.09375,0.12085,1.039063
994309617,0.09668,0.122314,1.040283
994314617,0.093994,0.123535,1.047852
994319617,0.095947,0.11792,1.032227
994324617,0.092529,0.118164,1.041748
994329617,0.093994,0.121582,1.056152
994334617,0.092529,0.125488,1.040039
994339617,0.089111,0.109375,1.024658
994344617,0.087891,0.114746,1.042969
994349617,0.092529,0.124268,1.067139
994354617,0.095947,0.11792,1.042725
994359617,0.088867,0.114746,1.031738
994364617,0.096191,0.126221,1.044434
994369617,0.09375,0.126221,1.046387
994374617,0.091553,0.125,1.032471
994379617,0.093262,0.119385,1.02832
994384617,0.094238,0.128662,1.046631
994389617,0.098389,0.128174,1.048584
994394617,0.093018,0.123779,1.042236
994399617,0.088379,0.115723,1.025635
994404617,0.09375,0.119141,1.039307
994409617,0.085693,0.112793,1.040283
994414617,0.090088,0.111328,1.048584
994419617,0.090332,0.118164,1.040527
994424617,0.087402,0.119385,1.039551
994429617,0.092285,0.121826,1.039307
994434617,0.096436,0.123291,1.05127
994439617,0.092041,0.122803,1.044189
994444617,0.094482,0.123779,1.054688
994449617,0.084717,0.127197,1.02832
994454617,0.088379,0.12207,1.033936
994459617,0.090088,0.121582,1.046631
994464617,0.093262,0.12207,1.036621
994469617,0.087891,0.11792,1.038818
994474617,0.100098,0.117432,1.039551
994479617,0.099854,0.114502,1.043213
994484617,0.092773,0.11377,1.037842
994489617,0.096191,0.116455,1.0354
994494617,0.095947,0.114258,1.043457
994499617,0.098145,0.116455,1.040283
994504617,0.089844,0.121094,1.043945
994509617,0.091064,0.119385,1.03833
994514617,0.09668,0.122559,1.034668
994519617,0.092041,0.121094,1.034912
994524617,0.095947,0.126221,1.043213
994529617,0.092773,0.125,1.046631
994534617,0.092041,0.119873,1.044922
994539617,0.09668,0.114258,1.040527
994544617,0.099121,0.114502,1.04541
994549617,0.093994,0.11792,1.054199
994554617,0.08667,0.118652,1.041504
994559617,0.084229,0.119385,1.037842
994564617,0.090088,0.119141,1.034668
994569617,0.089355,0.111572,1.031982
994574617,0.091309,0.114746,1.040039
994579617,0.086182,0.123291,1.049072
994584617,0.092041,0.12915,1.044922
994589617,0.091553,0.126465,1.043457
994594617,0.09082,0.124756,1.039307
994599617,0.092041,0.118408,1.039551
994604617,0.095459,0.119629,1.036865
994609617,0.101074,0.116455,1.041992
994614617,0.096191,0.117676,1.034668
994619617,0.099609,0.118408,1.044434
994624617,0.090088,0.121094,1.053711
994629617,0.08667,0.124268,1.033936
994634617,0.093262,0.117432,1.044434
994639617,0.094727,0.12085,1.042969
994644617,0.096191,0.123291,1.032227
994649617,0.0979,0.117676,1.049561
994654617,0.091064,0.11792,1.038086
994659617,0.08667,0.125,1.044678
994664617,0.092529,0.117432,1.043213
994669617,0.087402,0.12207,1.043213
994674617,0.088379,0.123291,1.04834
994679617,0.088867,0.116943,1.042236
994684617,0.088379,0.126221,1.045898
994689617,0.092529,0.118896,1.043457
994694617,0.091553,0.115723,1.044434
994699617,0.095459,0.120361,1.039063
994704617,0.092773,0.122803,1.04541
994709617,0.090088,0.123779,1.036377
994714617,0.099121,0.112549,1.051514
994719617,0.083496,0.132324,1.051758
994724617,0.072021,0.123779,1.032471
994729617,0.091064,0.118164,1.045166
994734617,0.079346,0.117188,1.025879
994739617,0.101074,0.112549,1.044189
994744617,0.10083,0.118652,1.046875
994749617,0.09375,0.120605,1.037598
994754617,0.098145,0.123047,1.038086
994759617,0.093262,0.120117,1.04834
994764617,0.090576,0.125,1.046387
994769617,0.097168,0.12085,1.047363
994774617,0.0979,0.118652,1.047852
994779617,0.092285,0.116211,1.041748
994784617,0.088867,0.116699,1.038086
994789617,0.088379,0.115723,1.026611
994794617,0.095459,0.123535,1.057129
994799617,0.094727,0.109619,1.04834
994804617,0.095215,0.117432,1.019775
994809617,0.109863,0.124023,1.076416
994814617,0.083008,0.111328,1.013672
994819617,0.098145,0.131836,1.063477
994824617,0.07959,0.115723,1.023438
994829617,0.096191,0.119385,1.038574
994834617,0.090332,0.116455,1.045898
994839617,0.093018,0.120605,1.047363
994844617,0.09082,0.117676,1.03418
994849617,0.095947,0.118652,1.03833
994854617,0.095703,0.116699,1.048096
994859617,0.091309,0.120605,1.04248
994864617,0.091309,0.118896,1.035645
994869617,0.092773,0.114746,1.039307
994874617,0.096191,0.116699,1.034424
994879617,0.092773,0.120117,1.039551
994884617,0.096191,0.115234,1.040771
994889617,0.100098,0.122314,1.033203
994894617,0.095215,0.11377,1.037598
994899617,0.105957,0.125244,1.050293
994904617,0.101318,0.125244,1.031982
994909617,0.094482,0.123779,1.033936
994914617,0.086182,0.127197,1.053223
994919617,0.093506,0.125488,1.04834
994924617,0.090576,0.114502,1.035889
994929617,0.090332,0.114746,1.037354
994934617,0.092041,0.11084,1.04248
994939617,0.093262,0.115723,1.04541
994944617,0.08667,0.115234,1.034912
994949617,0.088379,0.114258,1.036133
994954617,0.089111,0.114746,1.03418
994959617,0.097412,0.117188,1.038818
994964617,0.088867,0.118896,1.037598
994969617,0.090576,0.124268,1.036865
994974617,0.090088,0.119873,1.03833
994979617,0.097656,0.118164,1.048096
994984617,0.092041,0.122314,1.043945
994989617,0.092041,0.124756,1.045166
994994617,0.093506,0.120117,1.037598
994999617,0.091309,0.121582,1.040527
995004617,0.087891,0.120605,1.042969
995009617,0.090576,0.114502,1.044434
995014617,0.089844,0.115723,1.039795
995019617,0.09082,0.114258,1.042236
995024617,0.088867,0.116699,1.039795
995029617,0.092529,0.118164,1.039307
995034617,0.091797,0.119385,1.04126
995039617,0.092773,0.121582,1.036621
995044617,0.096191,0.120361,1.044678
995049617,0.096436,0.121582,1.047363
995054617,0.091309,0.122314,1.042725
995059617,0.096436,0.124512,1.045166
995064617,0.093262,0.123779,1.036865
995069617,0.096436,0.121826,1.038818
995074617,0.095703,0.120361,1.043457
995079617,0.09375,0.116943,1.047119
995084617,0.092773,0.122803,1.046875
995089617,0.09375,0.115967,1.04541
995094617,0.091309,0.116943,1.043213
995099617,0.091309,0.109131,1.043213
995104617,0.093018,0.119873,1.049561
995109617,0.09082,0.117188,1.037598
995114617,0.094971,0.114502,1.042236
995119617,0.091553,0.119873,1.043213
995124617,0.089844,0.124756,1.041016
995129617,0.092285,0.120361,1.032959
995134617,0.09375,0.123047,1.035156
995139617,0.092773,0.122314,1.03418
995144617,0.088135,0.119385,1.044922
995149617,0.092041,0.116211,1.037842
995154617,0.094238,0.122314,1.039307
995159617,0.098145,0.125488,1.037842
995164617,0.091064,0.119141,1.041992
995169617,0.0896,0.120605,1.044678
995174617,0.088135,0.115479,1.042969
995179617,0.0896,0.119385,1.037354
995184617,0.0896,0.118896,1.035156
995189617,0.090576,0.117432,1.046631
995194617,0.09375,0.118164,1.038086
995199617,0.093262,0.114258,1.042725
995204617,0.100098,0.12085,1.042969
995209617,0.099121,0.122559,1.042969
995214617,0.094482,0.117432,1.03418
995219617,0.096436,0.121094,1.044678
995224617,0.095703,0.135498,1.050537
995229617,0.094238,0.123535,1.046143
995234617,0.092041,0.12085,1.031982
995239617,0.092773,0.116943,1.0354
995244617,0.0896,0.11792,1.041016
995249617,0.089111,0.121338,1.039551
995254617,0.089844,0.116455,1.047852
995259617,0.092529,0.117676,1.040283
995264617,0.093994,0.116455,1.040771
995269617,0.091064,0.115234,1.044434
995274617,0.093506,0.115723,1.04541
995279617,0.091309,0.119385,1.04126
995284617,0.089844,0.117676,1.041016
995289617,0.097412,0.125,1.046631
995294617,0.093018,0.119873,1.038086
995299617,0.09668,0.126465,1.04126
995304617,0.095459,0.118652,1.035156
995309617,0.100098,0.119873,1.039551
995314617,0.093506,0.121582,1.044922
995319617,0.094971,0.118408,1.046387
995324617,0.094482,0.116455,1.039795
995329617,0.095947,0.119629,1.042236
995334617,0.091797,0.113281,1.040283
995339617,0.089844,0.114502,1.045898
995344617,0.090088,0.11792,1.037598
995349617,0.088379,0.119385,1.035889
995354617,0.094482,0.117676,1.046143
995359617,0.091553,0.122314,1.034668
995364617,0.090332,0.121582,1.037598
995369617,0.087158,0.127686,1.040039
995374617,0.087402,0.121582,1.04126
995379617,0.093506,0.122803,1.037842
995384617,0.093506,0.124268,1.043213
995389617,0.092041,0.121094,1.038818
995394617,0.095947,0.11792,1.038574
995399617,0.097412,0.121094,1.047119
995404617,0.093262,0.116943,1.045898
995409617,0.08667,0.119385,1.037109
995414617,0.093994,0.114258,1.035645
995419617,0.091309,0.11499,1.036865
995424617,0.094482,0.116455,1.046143
995429617,0.089111,0.117676,1.041992
995434617,0.087402,0.119385,1.038574
995439617,0.097168,0.11792,1.034668
995444617,0.095215,0.120361,1.035645
995449617,0.0979,0.125977,1.055908
995454617,0.08667,0.126221,1.029541
995459617,0.092529,0.118164,1.024414
995464617,0.098633,0.124756,1.057861
995469617,0.092773,0.122803,1.03833
995474617,0.089844,0.123779,1.033936
995479617,0.099365,0.118652,1.040771
995484617,0.088867,0.115967,1.033691
995489617,0.092529,0.11792,1.040283
995494617,0.092285,0.110596,1.042236
995499617,0.095947,0.112305,1.040283
995504617,0.092773,0.115967,1.047363
995509617,0.091064,0.117432,1.042725
995514617,0.088623,0.119629,1.044922
995519617,0.096191,0.117432,1.039307
995524617,0.088135,0.12207,1.034668
995529617,0.097412,0.121338,1.043945
995534617,0.096436,0.124268,1.047852
995539617,0.088623,0.124023,1.039063
995544617,0.091553,0.12085,1.041016
995549617,0.091797,0.115479,1.047852
995554617,0.096436,0.116455,1.038818
995559617,0.092773,0.117188,1.045654
995564617,0.092041,0.117676,1.040527
995569617,0.094727,0.120117,1.041504
995574617,0.0896,0.114014,1.037354
995579617,0.088379,0.118408,1.034912
995584617,0.093018,0.118408,1.047607
995589617,0.096191,0.119385,1.040283
995594617,0.092773,0.121338,1.05542
995599617,0.095215,0.120605,1.052002
995604617,0.098877,0.126709,1.049072
995609617,0.0979,0.123047,1.046875
995614617,0.095947,0.116943,1.031982
995619617,0.090576,0.119629,1.041504
995624617,0.091309,0.11499,1.033691
995629617,0.09668,0.116699,1.047852
995634617,0.099609,0.115967,1.047852
995639617,0.096436,0.115234,1.035156
995644617,0.0896,0.115967,1.038574
995649617,0.088379,0.11792,1.029541
995654617,0.091553,0.118896,1.038818
995659617,0.097168,0.123047,1.039551
995664617,0.093262,0.121582,1.040039
995669617,0.086914,0.125,1.037109
995674617,0.094971,0.123779,1.053711
995679617,0.093506,0.125488,1.042969
995684617,0.092529,0.123047,1.049561
995689617,0.094482,0.124268,1.034912
995694617,0.089355,0.119873,1.042969
995699617,0.086182,0.128418,1.042236
995704617,0.092285,0.121338,1.045166
995709617,0.089355,0.117188,1.040039
995714617,0.094238,0.117432,1.044434
995719617,0.090332,0.118652,1.038818
995724617,0.092529,0.115967,1.05249
995729617,0.089355,0.114258,1.044189
995734617,0.091797,0.116699,1.032959
995739617,0.09082,0.119385,1.036377
995744617,0.089111,0.121094,1.043457
995749617,0.087646,0.12207,1.035889
995754617,0.0896,0.119141,1.030029
995759617,0.099609,0.119385,1.0354
995764617,0.097656,0.11792,1.035889
995769617,0.103027,0.117432,1.051025
995774617,0.091553,0.118408,1.045654
995779617,0.089355,0.115723,1.040527
995784617,0.085937,0.115967,1.03833
995789617,0.084473,0.109863,1.038574
995794617,0.094238,0.108643,1.037109
995799617,0.095215,0.106934,1.040527
995804617,0.0979,0.111816,1.043457
995809617,0.093506,0.12085,1.035645
995814617,0.082275,0.125244,1.034668
995819617,0.084717,0.127686,1.023438
995824617,0.090332,0.127441,1.044189
995829617,0.099365,0.131592,1.049805
995834617,0.097656,0.12915,1.043701
995839617,0.101074,0.126709,1.04834
995844617,0.090088,0.125488,1.043213
995849617,0.091309,0.117676,1.034668
995854617,0.097656,0.113037,1.054688
995859617,0.095459,0.11377,1.049561
995864617,0.096924,0.115234,1.04126
995869617,0.093018,0.111084,1.035645
995874617,0.083008,0.117432,1.031982
995879617,0.092773,0.113037,1.040771
995884617,0.091064,0.11792,1.05249
995889617,0.087158,0.124268,1.040527
995894617,0.084961,0.126221,1.033447
995899617,0.097168,0.124023,1.044678
995904617,0.090332,0.12207,1.045898
995909617,0.096436,0.124023,1.038818
995914617,0.092285,0.127197,1.04541
995919617,0.094482,0.117432,1.043457
995924617,0.094727,0.120605,1.048096
995929617,0.091309,0.121094,1.035889
995934617,0.092285,0.11499,1.034668
995939617,0.093506,0.115479,1.040527
995944617,0.093262,0.112061,1.045654
995949617,0.092041,0.114258,1.044922
995954617,0.087891,0.124023,1.04126
995959617,0.095947,0.120605,1.041748
995964617,0.096924,0.118164,1.041504
995969617,0.093018,0.125244,1.03833
995974617,0.091064,0.119629,1.040771
995979617,0.09668,0.120605,1.045166
995984617,0.094482,0.121094,1.050049
995989617,0.09375,0.123047,1.041992
995994617,0.09375,0.12207,1.03833
995999617,0.089111,0.121338,1.041748
996004617,0.083984,0.119629,1.038086
996009617,0.088379,0.118652,1.040039
996014617,0.089844,0.11499,1.041748
996019617,0.093506,0.11499,1.032227
996024617,0.095947,0.117676,1.046143
996029617,0.093994,0.119141,1.04126
996034617,0.095947,0.117188,1.033447
996039617,0.09375,0.120117,1.046631
996044617,0.095703,0.118896,1.048584
996049617,0.090332,0.12085,1.029541
996054617,0.097168,0.124268,1.044678
996059617,0.093018,0.120361,1.041504
996064617,0.103516,0.118652,1.037598
996069617,0.100098,0.117432,1.043213
996074617,0.097412,0.123779,1.0625
996079617,0.090576,0.117432,1.04541
996084617,0.088379,0.11792,1.037598
996089617,0.08667,0.125,1.041748
996094617,0.085205,0.121582,1.037842
996099617,0.086182,0.115723,1.03418
996104617,0.091309,0.112305,1.046631
996109617,0.094482,0.11499,1.039795
996114617,0.095459,0.123535,1.043457
996119617,0.092529,0.123047,1.046387
996124617,0.096191,0.122314,1.038818
996129617,0.0979,0.129639,1.057861
996134617,0.089844,0.126953,1.041016
996139617,0.095459,0.117188,1.040283
996144617,0.094238,0.11377,1.039551
996149617,0.097168,0.109863,1.039551
996154617,0.100586,0.113525,1.047852
996159617,0.089111,0.112793,1.029785
996164617,0.091309,0.106689,1.034668
996169617,0.093018,0.117188,1.035889
996174617,0.089111,0.121338,1.036133
996179617,0.0896,0.118652,1.044434
996184617,0.09082,0.115234,1.038574
996189617,0.096924,0.119385,1.039795
996194617,0.092285,0.126953,1.039307
996199617,0.0979,0.118408,1.047607
996204617,0.092041,0.124512,1.037354
996209617,0.094971,0.12207,1.04126
996214617,0.094482,0.129639,1.051514
996219617,0.085693,0.126709,1.042236
996224617,0.094238,0.121094,1.043945
996229617,0.092773,0.119629,1.039063
996234617,0.093994,0.122314,1.037842
996239617,0.088867,0.118652,1.042969
996244617,0.09375,0.117432,1.039307
996249617,0.094238,0.113281,1.050293
996254617,0.089355,0.11792,1.044678
996259617,0.085937,0.117432,1.031738
996264617,0.092773,0.112549,1.038574
996269617,0.088623,0.11499,1.037598
996274617,0.090332,0.114014,1.039063
996279617,0.096436,0.123047,1.047852
996284617,0.091797,0.122314,1.04126
996289617,0.092773,0.124268,1.036865
996294617,0.09375,0.121338,1.036865
996299617,0.091309,0.127441,1.038574
996304617,0.094482,0.123535,1.03833
996309617,0.097412,0.12085,1.048828
996314617,0.092773,0.117432,1.045166
996319617,0.09668,0.115967,1.039551
996324617,0.090576,0.11499,1.040771
996329617,0.092285,0.11377,1.034668
996334617,0.095947,0.116211,1.0354
996339617,0.093262,0.116699,1.037354
996344617,0.096191,0.115967,1.035889
996349617,0.094238,0.119385,1.035889
996354617,0.095215,0.12085,1.044922
996359617,0.095703,0.123047,1.040527
996364617,0.091309,0.120117,1.040771
996369617,0.093018,0.124023,1.043457
996374617,0.09375,0.126221,1.041748
996379617,0.09082,0.123291,1.044434
996384617,0.091553,0.119385,1.039307
996389617,0.0896,0.123779,1.040527
996394617,0.095703,0.116455,1.047119
996399617,0.092041,0.119385,1.038818
996404617,0.091797,0.119141,1.044922
996409617,0.090332,0.117432,1.043945
996414617,0.089111,0.116455,1.04126
996419617,0.087646,0.118652,1.036865
996424617,0.090088,0.116943,1.033691
996429617,0.091553,0.119141,1.038086
996434617,0.093994,0.11792,1.036377
996439617,0.094727,0.116455,1.039551
996444617,0.098877,0.123047,1.050537
996449617,0.092285,0.118408,1.03833
996454617,0.10083,0.123047,1.044678
996459617,0.092773,0.119873,1.041748
996464617,0.091797,0.118408,1.040283
996469617,0.095459,0.11499,1.039307
996474617,0.092041,0.119629,1.035889
996479617,0.091309,0.120117,1.039795
996484617,0.091797,0.11499,1.037842
996489617,0.096436,0.120117,1.04126
996494617,0.090332,0.117432,1.041992
996499617,0.094727,0.12085,1.039307
996504617,0.092773,0.118896,1.041748
996509617,0.095947,0.122314,1.037598
996514617,0.091064,0.119141,1.038574
996519617,0.091553,0.116455,1.045166
996524617,0.094971,0.119873,1.042969
996529617,0.09375,0.120361,1.03833
996534617,0.093262,0.115723,1.04126
996539617,0.098145,0.116943,1.041748
996544617,0.094727,0.122803,1.043457
996549617,0.085693,0.116699,1.037598
996554617,0.092285,0.118896,1.042725
996559617,0.094727,0.12085,1.049316
996564617,0.090576,0.119141,1.04126
996569617,0.085937,0.117432,1.0354
996574617,0.094971,0.119141,1.042969
996579617,0.089844,0.120117,1.043457
996584617,0.095215,0.117676,1.045166
996589617,0.092773,0.117432,1.042236
996594617,0.091553,0.120605,1.038086
996599617,0.093506,0.121582,1.037109
996604617,0.094727,0.121094,1.039795
996609617,0.090088,0.117432,1.040527
996614617,0.094238,0.118896,1.044922
996619617,0.096924,0.117432,1.043213
996624617,0.091064,0.118164,1.045166
996629617,0.093506,0.122559,1.044434
996634617,0.090332,0.118408,1.036377
996639617,0.094482,0.119873,1.039795
996644617,0.092773,0.115234,1.044678
996649617,0.093994,0.120605,1.04541
996654617,0.086182,0.121826,1.041504
996659617,0.091064,0.118408,1.032715
996664617,0.096436,0.119873,1.043457
996669617,0.094971,0.117676,1.042969
996674617,0.092285,0.116699,1.035645
996679617,0.09375,0.118896,1.039551
996684617,0.091553,0.11792,1.040527
996689617,0.094238,0.116211,1.041504
996694617,0.088867,0.118408,1.035156
996699617,0.091309,0.11792,1.040527
996704617,0.095947,0.117188,1.041016
996709617,0.096191,0.11792,1.040771
996714617,0.093506,0.123779,1.046875
996719617,0.091309,0.123047,1.037598
996724617,0.087891,0.122803,1.04126
996729617,0.098633,0.12207,1.039551
996734617,0.092529,0.120361,1.039307
996739617,0.090332,0.119873,1.037354
996744617,0.094971,0.121582,1.05127
996749617,0.094727,0.121338,1.041504
996754617,0.092285,0.121826,1.034912
996759617,0.096924,0.121582,1.042969
996764617,0.096436,0.117188,1.044189
996769617,0.098633,0.115967,1.054199
996774617,0.095703,0.117188,1.044189
996779617,0.095947,0.114746,1.037109
996784617,0.093262,0.114746,1.043457
996789617,0.090332,0.12085,1.044678
996794617,0.096436,0.117676,1.047363
996799617,0.094238,0.120361,1.041992
996804617,0.088623,0.122559,1.043213
996809617,0.099121,0.124512,1.042725
996814617,0.089355,0.115723,1.036865
996819617,0.096436,0.119385,1.04834
996824617,0.090088,0.120117,1.032471
996829617,0.095459,0.116211,1.039307
996834617,0.094971,0.119141,1.046143
996839617,0.092041,0.115234,1.036377
996844617,0.096191,0.119141,1.045166
996849617,0.088379,0.115234,1.03418
996854617,0.025635,-0.040527,0.826904
996859617,0.081055,0.095459,0.905029
996864617,0.089111,0.141357,1.066895
996869617,0.119385,0.145508,1.085938
996874617,0.094727,0.112549,1.040771
996879617,0.106689,0.116455,1.053223
996884617,0.088379,0.116211,1.015137
996889617,0.101074,0.123047,1.060303
996894617,0.091064,0.117188,1.038086
996899617,0.08667,0.125977,1.045166
996904617,0.086426,0.125488,1.052734
996909617,0.071777,0.121826,1.04248
996914617,0.084717,0.123047,1.052979
996919617,0.084717,0.121094,1.043457
996924617,0.087891,0.124023,1.05127
996929617,0.083008,0.124023,1.043457
996934617,0.09082,0.121826,1.045166
996939617,0.089355,0.118652,1.03833
996944617,0.093506,0.121094,1.044189
996949617,0.099609,0.118896,1.050293
996954617,0.098877,0.116699,1.03833
996959617,0.106445,0.114014,1.05127
996964617,0.101563,0.118896,1.046143
996969617,0.093262,0.121582,1.034668
996974617,0.092285,0.125488,1.046387
996979617,0.091797,0.120361,1.055176
996984617,0.089111,0.119141,1.046631
996989617,0.094238,0.120117,1.040039
996994617,0.087402,0.118408,1.032959
996999617,0.089844,0.11792,1.028564
997004617,0.083496,0.116211,1.035645
997009617,0.089355,0.119629,1.044678
997014617,0.086182,0.121582,1.042969
997019617,0.095703,0.116455,1.046143
997024617,0.09375,0.119873,1.040283
997029617,0.093994,0.120361,1.040527
997034617,0.093262,0.123535,1.041992
997039617,0.093506,0.117188,1.040771
997044617,0.099365,0.115479,1.041748
997049617,0.098145,0.12085,1.04248
997054617,0.096924,0.12085,1.046631
997059617,0.09668,0.115723,1.036133
997064617,0.093506,0.120605,1.0354
997069617,0.098145,0.119141,1.039063
997074617,0.089355,0.118164,1.037109
997079617,0.094482,0.121582,1.047119
997084617,0.084961,0.119873,1.034912
997089617,0.094238,0.120117,1.049561
997094617,0.092529,0.113037,1.041504
997099617,0.091797,0.121094,1.041016
997104617,0.092529,0.124023,1.050049
997109617,0.092285,0.120361,1.029297
997114617,0.093018,0.119629,1.049072
997119617,0.089844,0.126709,1.046387
997124617,0.088379,0.119873,1.03125
997129617,0.096924,0.120117,1.047119
997134617,0.091064,0.126221,1.044434
997139617,0.093506,0.117432,1.040039
997144617,0.093506,0.119141,1.043945
997149617,0.095215,0.116455,1.037109
997154617,0.094971,0.111816,1.04541
997159617,0.098389,0.116455,1.037354
997164617,0.091553,0.119385,1.036377
997169617,0.100098,0.124756,1.040771
997174617,0.093262,0.122803,1.039551
997179617,0.095947,0.121582,1.047363
997184617,0.093994,0.116455,1.038574
997189617,0.09375,0.12085,1.04541
997194617,0.09375,0.119873,1.045166
997199617,0.09375,0.126465,1.037109
997204617,0.084473,0.120605,1.036865
997209617,0.092285,0.119873,1.042725
997214617,0.093994,0.121094,1.048828
997219617,0.090088,0.119141,1.045898
997224617,0.091797,0.118408,1.035889
997229617,0.092041,0.115234,1.043457
997234617,0.091553,0.116211,1.046631
997239617,0.090576,0.118652,1.040771
997244617,0.091797,0.116211,1.046875
997249617,0.091309,0.118408,1.039551
997254617,0.09668,0.120605,1.042236
997259617,0.090576,0.121826,1.044434
997264617,0.086426,0.118896,1.032715
997269617,0.092041,0.118164,1.039307
997274617,0.093994,0.118652,1.037354
997279617,0.095459,0.120361,1.051025
997284617,0.087891,0.114014,1.03418
997289617,0.092773,0.12085,1.044678
997294617,0.095215,0.121582,1.048584
997299617,0.091064,0.115479,1.028076
997304617,0.096191,0.125732,1.040771
997309617,0.095215,0.122559,1.053711
997314617,0.097412,0.118896,1.044189
997319617,0.095215,0.123047,1.038574
997324617,0.093262,0.119385,1.036621
997329617,0.091553,0.118408,1.035156
997334617,0.088623,0.121094,1.026367
997339617,0.0896,0.121582,1.036377
997344617,0.088623,0.116211,1.045654
997349617,0.0979,0.121582,1.044922
997354617,0.088867,0.119873,1.030762
997359617,0.094971,0.123291,1.039795
997364617,0.089355,0.122559,1.039551
997369617,0.092773,0.121338,1.044189
997374617,0.095215,0.120605,1.046631
997379617,0.097412,0.125244,1.040771
997384617,0.090332,0.121094,1.046387
997389617,0.094238,0.122314,1.047363
997394617,0.091797,0.117676,1.049072
997399617,0.095459,0.121582,1.044922
997404617,0.089844,0.112549,1.037354
997409617,0.094238,0.118652,1.042969
997414617,0.094971,0.116943,1.04541
997419617,0.095215,0.121094,1.037842
997424617,0.095215,0.119629,1.04541
997429617,0.092041,0.121338,1.044922
997434617,0.089355,0.117432,1.037842
997439617,0.091553,0.119873,1.039795
997444617,0.09082,0.123047,1.044678
997449617,0.094727,0.122803,1.03833
997454617,0.095703,0.120605,1.041016
997459617,0.090332,0.118408,1.039307
997464617,0.096924,0.125,1.043945
997469617,0.094238,0.12207,1.040527
997474617,0.09375,0.117432,1.035645
997479617,0.096924,0.118408,1.050293
997484617,0.092285,0.121338,1.04248
997489617,0.093994,0.115723,1.048584
997494617,0.092529,0.119141,1.046631
997499617,0.0896,0.119141,1.043457
997504617,0.09375,0.115479,1.039063
997509617,0.094238,0.11792,1.041992
997514617,0.092773,0.119385,1.043457
997519617,0.088135,0.125977,1.033936
997524617,0.092773,0.122803,1.039307
997529617,0.095215,0.119141,1.050781
997534617,0.092773,0.123535,1.048828
997539617,0.091064,0.125732,1.037354
997544617,0.094971,0.118896,1.042725
997549617,0.093994,0.116943,1.042969
997554617,0.090576,0.116211,1.040771
997559617,0.09375,0.12207,1.042725
997564617,0.093506,0.117676,1.050781
997569617,0.094971,0.117432,1.043701
997574617,0.094482,0.118652,1.043457
997579617,0.092285,0.118408,1.041992
997584617,0.095703,0.119141,1.034424
997589617,0.095947,0.121826,1.044189
997594617,0.091064,0.12085,1.034912
997599617,0.094971,0.119873,1.037354
997604617,0.093018,0.122803,1.043457
997609617,0.090332,0.118408,1.040283
997614617,0.093018,0.120361,1.036865
997619617,0.093994,0.119141,1.038086
997624617,0.094238,0.126709,1.043701
997629617,0.0896,0.119141,1.038574
997634617,0.093506,0.119873,1.04126
997639617,0.090576,0.118408,1.042236
997644617,0.088623,0.116943,1.042725
997649617,0.094482,0.11792,1.047119
997654617,0.089111,0.119629,1.039551
997659617,0.094971,0.11792,1.044189
997664617,0.09082,0.115234,1.041016
997669617,0.093018,0.116211,1.04126
997674617,0.092285,0.117432,1.044678
997679617,0.0896,0.119629,1.047607
997684617,0.09668,0.126221,1.052002
997689617,0.093994,0.118896,1.037354
997694617,0.093994,0.119141,1.028564
997699617,0.090332,0.124512,1.042725
997704617,0.099854,0.120605,1.037842
997709617,0.09082,0.118408,1.027588
997714617,0.098633,0.119873,1.044434
997719617,0.087402,0.118164,1.028076
997724617,0.087402,0.115479,1.038574
997729617,0.095215,0.118408,1.041016
997734617,0.091797,0.113037,1.0354
997739617,0.102295,0.121338,1.058838
997744617,0.090088,0.114746,1.035645
997749617,0.090576,0.121338,1.044678
997754617,0.085205,0.12085,1.032959
997759617,0.085693,0.121094,1.039063
997764617,0.094971,0.114258,1.047363
997769617,0.088867,0.114746,1.039307
997774617,0.095459,0.121826,1.043701
997779617,0.092041,0.113281,1.036621
997784617,0.095947,0.123291,1.045166
997789617,0.093262,0.118164,1.033936
997794617,0.091064,0.12085,1.021729
997799617,0.094482,0.123047,1.040283
997804617,0.09375,0.114746,1.046875
997809617,0.087646,0.119141,1.038086
997814617,0.092041,0.124023,1.038574
997819617,0.09375,0.119873,1.045166
997824617,0.099121,0.115479,1.047363
997829617,0.094971,0.121094,1.031982
997834617,0.099121,0.124756,1.046143
997839617,0.094238,0.121094,1.03833
997844617,0.093262,0.12207,1.04248
997849617,0.092529,0.119873,1.044678
997854617,0.093506,0.121582,1.045654
997859617,0.092285,0.122559,1.041504
997864617,0.090332,0.120361,1.036621
997869617,0.091309,0.118652,1.04126
997874617,0.092529,0.117432,1.033691
997879617,0.091553,0.118408,1.031982
997884617,0.09082,0.119629,1.043457
997889617,0.091064,0.117676,1.040039
997894617,0.094971,0.119141,1.046143
997899617,0.092285,0.119629,1.040527
997904617,0.091553,0.115967,1.042236
997909617,0.093994,0.12085,1.041992
997914617,0.095459,0.121338,1.036865
997919617,0.094971,0.117676,1.03833
997924617,0.100098,0.119873,1.05127
997929617,0.094727,0.12207,1.045654
997934617,0.093994,0.118408,1.03833
997939617,0.096191,0.114014,1.043457
997944617,0.095947,0.119385,1.04834
997949617,0.090332,0.122559,1.046143
997954617,0.092041,0.121094,1.041504
997959617,0.086914,0.120117,1.033936
997964617,0.095703,0.117188,1.0354
997969617,0.091553,0.119385,1.041016
997974617,0.095947,0.116699,1.037354
997979617,0.097656,0.117676,1.051025
997984617,0.096924,0.124023,1.047852
997989617,0.093018,0.118652,1.04126
997994617,0.089844,0.119141,1.039307
997999617,0.095459,0.118408,1.040039
998004617,0.089355,0.121826,1.0354
998009617,0.093994,0.116455,1.035645
998014617,0.095703,0.118408,1.04126
998019617,0.093018,0.123535,1.037109
998024617,0.088623,0.119141,1.035645
998029617,0.09375,0.119629,1.049805
998034617,0.094727,0.119873,1.040039
998039617,0.090088,0.121094,1.043457
998044617,0.092773,0.121582,1.049072
998049617,0.092529,0.121094,1.043457
998054617,0.093506,0.116943,1.038818
998059617,0.094727,0.119873,1.037598
998064617,0.093994,0.116211,1.040527
998069617,0.092773,0.11792,1.039551
998074617,0.091797,0.117432,1.042236
998079617,0.091553,0.125732,1.038574
998084617,0.09375,0.12085,1.045898
998089617,0.091553,0.121582,1.033691
998094617,0.095947,0.121338,1.038574
998099617,0.094727,0.11499,1.043701
998104617,0.0896,0.12207,1.034912
998109617,0.091553,0.117432,1.0271
998114617,0.096191,0.115967,1.040771
998119617,0.0979,0.119873,1.050293
998124617,0.093018,0.118896,1.038086
998129617,0.095703,0.120361,1.040771
998134617,0.095947,0.121094,1.040283
998139617,0.090332,0.118652,1.037598
998144617,0.087646,0.125,1.04248
998149617,0.087402,0.122803,1.032227
998154617,0.093262,0.119873,1.042725
998159617,0.097168,0.119141,1.041748
998164617,0.091309,0.12207,1.038086
998169617,0.089844,0.124023,1.050049
998174617,0.093506,0.116455,1.030029
998179617,0.092773,0.121094,1.047852
998184617,0.097168,0.117676,1.052734
998189617,0.102295,0.118652,1.048828
998194617,0.094727,0.12207,1.034668
998199617,0.09082,0.116455,1.035156
998204617,0.095215,0.121338,1.047363
998209617,0.098633,0.114746,1.047607
998214617,0.0896,0.115479,1.029785
998219617,0.095703,0.119873,1.042236
998224617,0.097412,0.123047,1.043701
998229617,0.096191,0.119141,1.044678
998234617,0.091797,0.119385,1.033691
998239617,0.092285,0.117432,1.0271
998244617,0.094482,0.118408,1.042236
998249617,0.092285,0.114502,1.042969
998254617,0.09082,0.118652,1.041016
998259617,0.093262,0.12207,1.04248
998264617,0.091797,0.11792,1.043945
998269617,0.093994,0.119873,1.044434
998274617,0.093506,0.116455,1.044434
998279617,0.091553,0.118896,1.042969
998284617,0.091797,0.118164,1.044922
998289617,0.089111,0.121094,1.045898
998294617,0.091553,0.12085,1.039307
998299617,0.094971,0.121826,1.034912
