timestamp_us,x_g,y_g,z_g
806694617,0.094727,0.113525,1.044678
806699617,0.095703,0.11499,1.042969
806704617,0.095459,0.118408,1.040527
806709617,0.09668,0.12085,1.04834
806714617,0.098145,0.114746,1.033691
806719617,0.099121,0.113281,1.029541
806724617,0.093262,0.116699,1.041992
806729617,0.095215,0.113037,1.045898
806734617,0.096191,0.111572,1.040771
806739617,0.095459,0.118652,1.045898
806744617,0.100586,0.11377,1.049072
806749617,0.096924,0.113525,1.038086
806754617,0.095703,0.116943,1.036865
806759617,0.0979,0.115479,1.039063
806764617,0.093994,0.112305,1.040527
806769617,0.100586,0.112793,1.029297
806774617,0.099854,0.118408,1.043701
806779617,0.10083,0.116943,1.041748
806784617,0.0979,0.118164,1.036621
806789617,0.099365,0.11377,1.045898
806794617,0.097412,0.114746,1.045654
806799617,0.093994,0.119141,1.052002
806804617,0.094238,0.112793,1.032959
806809617,0.096191,0.12085,1.04126
806814617,0.095215,0.115234,1.041748
806819617,0.09668,0.117676,1.036621
806824617,0.0979,0.117432,1.047363
806829617,0.097412,0.112793,1.040527
806834617,0.098877,0.114014,1.04126
806839617,0.095703,0.116211,1.044678
806844617,0.099121,0.114258,1.051025
806849617,0.096924,0.117432,1.041504
806854617,0.093262,0.117432,1.037354
806859617,0.099609,0.116699,1.047607
806864617,0.097412,0.115723,1.041016
806869617,0.095947,0.119873,1.040527
806874617,0.091309,0.120361,1.043701
806879617,0.099365,0.115479,1.0354
806884617,0.094482,0.113281,1.040527
806889617,0.098877,0.114746,1.041016
806894617,0.0979,0.116455,1.046387
806899617,0.096436,0.11377,1.042236
806904617,0.093994,0.114746,1.038818
806909617,0.095703,0.117676,1.044922
806914617,0.097412,0.118164,1.042969
806919617,0.092773,0.117676,1.039795
806924617,0.094238,0.115234,1.045166
809709617,0.0979,0.11499,1.051025
809719617,0.102539,0.117188,1.049561
809724617,0.094238,0.116211,1.034424
809729617,0.101807,0.118652,1.050049
809734617,0.096191,0.115479,1.037598
809739617,0.100098,0.113037,1.038574
809744617,0.102783,0.121094,1.047119
809749617,0.078125,0.120117,1.038086
809754617,0.101807,0.11377,1.046143
809759617,0.097412,0.099121,1.030029
809764617,0.114014,0.11377,1.050781
809769617,0.096191,0.123535,1.037109
809774617,0.088623,0.119629,1.046143
809779617,0.099609,0.114502,1.042969
809784617,0.108398,0.105225,1.057617
809789617,0.099121,0.122559,1.037354
809794617,0.088379,0.119385,1.034912
809799617,0.090088,0.118164,1.038574
809804617,0.097412,0.108154,1.046631
809809617,0.109375,0.105957,1.051025
809814617,0.093018,0.125488,1.033936
809819617,0.095215,0.12207,1.058594
809824617,0.098633,0.114258,1.036377
809829617,0.109863,0.114014,1.056641
809834617,0.109375,0.123291,1.063477
809839617,0.093994,0.121582,1.043213
809844617,0.093018,0.118408,1.044922
809849617,0.096436,0.118408,1.052979
809854617,0.097656,0.11084,1.044922
809859617,0.107666,0.109863,1.052734
809864617,0.093506,0.113037,1.036377
809869617,0.09082,0.117188,1.037354
809874617,0.083252,0.109619,1.02124
809879617,0.097412,0.105713,1.053223
809884617,0.100586,0.114502,1.039307
809889617,0.096191,0.114746,1.042725
809894617,0.095215,0.119629,1.030273
809899617,0.09375,0.114502,1.041748
809904617,0.094238,0.117188,1.048584
809909617,0.086182,0.119629,1.043457
809914617,0.154785,0.16748,1.092529
809919617,0.080322,0.13208,1.057373
809924617,0.085693,0.137207,1.09375
809929617,0.105957,0.101807,1.065918
809934617,0.095459,0.11792,1.057861
809939617,0.071533,0.116699,1.012939
809944617,0.095947,0.125,1.046143
809949617,0.094482,0.129395,1.045166
809954617,0.104736,0.101563,1.044922
809959617,0.097168,0.11499,1.032471
809964617,0.090332,0.11084,1.037842
809969617,0.104492,0.116455,1.052734
809974617,0.117676,0.122803,1.052979
809979617,0.085449,0.12207,1.026367
809984617,0.101563,0.112061,1.057861
809989617,0.10376,0.102051,1.04248
809994617,0.099854,0.12915,1.041748
809999617,0.086914,0.126221,1.037354
810004617,0.084961,0.121338,1.030273
810009617,0.099854,0.111572,1.055664
810014617,0.097412,0.109863,1.04126
810019617,0.097168,0.115967,1.043701
810024617,0.0979,0.12207,1.044678
810029617,0.098145,0.123047,1.043457
810034617,0.096191,0.111328,1.043945
810039617,0.098145,0.116455,1.042236
810044617,0.093506,0.119385,1.052979
810049617,0.103027,0.117188,1.047363
810054617,0.098877,0.117676,1.052979
810059617,0.091797,0.119385,1.042236
810064617,0.096191,0.121338,1.052002
810069617,0.09668,0.114502,1.046875
810074617,0.092041,0.119873,1.038574
810079617,0.10083,0.102051,1.036621
810084617,0.093262,0.110596,1.03125
810089617,0.093018,0.116455,1.021973
810094617,0.088867,0.107666,1.029297
810099617,0.099365,0.11499,1.038574
810104617,0.098145,0.121094,1.054688
810109617,0.0979,0.117432,1.045166
810114617,0.092041,0.136719,1.067139
810119617,0.106201,0.10083,1.047852
810124617,0.126465,0.120361,1.057617
810129617,0.06958,0.125488,1.006104
810134617,0.086182,0.110352,1.022461
810139617,0.104004,0.095947,1.013184
810144617,0.121826,0.123535,1.039307
810149617,0.074951,0.131104,0.991455
810154617,0.095459,0.131104,1.054932
810159617,0.084961,0.105957,1.037598
810164617,0.095703,0.113037,1.059814
810169617,0.03125,0.063965,0.935303
810174617,0.091309,0.097412,1.037842
810179617,0.119385,0.112549,1.02002
810184617,0.078613,0.136963,1.022949
810189617,0.075928,0.119629,1.001221
810194617,0.112549,0.125,1.068359
810199617,0.093994,0.100586,1.030029
810204617,0.109375,0.117676,1.044189
810209617,0.099609,0.114014,1.047119
810214617,0.104004,0.11377,1.043457
810219617,0.094971,0.117432,1.050537
810224617,0.098145,0.10791,1.047607
810229617,0.093506,0.109131,1.053711
810234617,0.091553,0.112549,1.041504
810239617,0.089355,0.114258,1.037354
810244617,0.097168,0.116211,1.044434
810249617,0.09375,0.114258,1.042725
810254617,0.092773,0.118896,1.042236
810259617,0.099609,0.116211,1.045654
810264617,0.103027,0.121094,1.041992
810269617,0.099854,0.120605,1.048584
810274617,0.093262,0.114014,1.039551
810279617,0.101074,0.112549,1.045166
810284617,0.093506,0.111816,1.039307
810289617,0.100098,0.110107,1.043213
810294617,0.098633,0.11377,1.026367
810299617,0.097412,0.11084,1.0354
810304617,0.091553,0.115967,1.036865
810309617,0.093262,0.113525,1.046387
810314617,0.091309,0.114746,1.048828
810319617,0.092529,0.115967,1.047363
810324617,0.087402,0.122803,1.036377
810329617,0.100342,0.115479,1.050049
810334617,0.095459,0.120361,1.043457
810339617,0.099365,0.119629,1.045898
810344617,0.098877,0.117676,1.039307
810349617,0.100342,0.11499,1.035645
810354617,0.103271,0.113525,1.039307
810359617,0.098633,0.115234,1.044189
810364617,0.097656,0.116943,1.040039
810369617,0.089355,0.117432,1.047607
810374617,0.095703,0.114014,1.043213
810379617,0.088623,0.117432,1.046631
810384617,0.092773,0.117432,1.045166
810389617,0.091064,0.114746,1.044434
810394617,0.090332,0.115967,1.036621
810399617,0.09668,0.113281,1.046143
810404617,0.100098,0.114258,1.037354
810409617,0.099609,0.116943,1.045166
810414617,0.098389,0.116943,1.041992
810419617,0.098633,0.119141,1.04541
810424617,0.096924,0.116943,1.039795
810429617,0.099854,0.115479,1.035889
810434617,0.098633,0.116455,1.04248
810439617,0.095947,0.11499,1.046387
810444617,0.095947,0.118164,1.035156
810449617,0.093262,0.11499,1.041748
810454617,0.094238,0.114746,1.044678
810459617,0.09375,0.115479,1.047119
810464617,0.094238,0.114014,1.036865
810469617,0.097656,0.115479,1.04126
810474617,0.096191,0.114258,1.045166
810479617,0.099609,0.115967,1.048828
810484617,0.098145,0.11499,1.041748
810489617,0.096436,0.116943,1.033691
810494617,0.101074,0.111084,1.041016
810499617,0.098877,0.11792,1.041748
810504617,0.091064,0.114502,1.045166
810509617,0.094482,0.115967,1.045898
810514617,0.096436,0.114258,1.040039
810519617,0.098633,0.117188,1.044678
810524617,0.094971,0.114258,1.041748
810529617,0.091553,0.116211,1.039063
810534617,0.091797,0.11792,1.043945
810539617,0.098145,0.119141,1.037354
810544617,0.094971,0.115479,1.043701
810549617,0.096191,0.114746,1.04541
810554617,0.099609,0.113037,1.039551
810559617,0.10083,0.112061,1.041016
810564617,0.099365,0.114746,1.040527
810569617,0.0979,0.115234,1.047852
810574617,0.095459,0.119629,1.040527
810579617,0.098389,0.121094,1.051514
810584617,0.094727,0.117432,1.041016
810589617,0.091553,0.117432,1.043945
810594617,0.093506,0.118896,1.035889
810599617,0.092529,0.116455,1.039063
810604617,0.094971,0.113037,1.034912
810609617,0.101807,0.119629,1.049072
810614617,0.092773,0.116943,1.037354
810619617,0.099121,0.115479,1.039795
810624617,0.095947,0.114502,1.037598
810629617,0.097168,0.117432,1.034424
810634617,0.103516,0.114502,1.043945
810639617,0.104004,0.117676,1.041504
810644617,0.101074,0.114502,1.042236
810649617,0.102051,0.119385,1.040039
810654617,0.087158,0.118164,1.049316
810659617,0.09082,0.116211,1.044922
810664617,0.090088,0.113281,1.043457
810669617,0.091553,0.110107,1.043457
810674617,0.095703,0.112305,1.03833
810679617,0.093262,0.114258,1.047119
810684617,0.10376,0.116943,1.048096
810689617,0.099121,0.118408,1.045898
810694617,0.095703,0.116943,1.031982
810699617,0.105713,0.119385,1.050049
810704617,0.098145,0.115234,1.044434
810709617,0.097656,0.123047,1.03833
810714617,0.098877,0.12085,1.051514
810719617,0.094238,0.11792,1.044434
810724617,0.09668,0.113037,1.042725
810729617,0.0979,0.11377,1.040527
810734617,0.096191,0.115234,1.046143
810739617,0.094238,0.111572,1.042969
810744617,0.096436,0.115234,1.04541
810749617,0.09375,0.118164,1.033203
810754617,0.099854,0.119629,1.04248
810759617,0.103027,0.118896,1.036621
810764617,0.09668,0.118652,1.041016
810769617,0.096924,0.115967,1.043457
810774617,0.100342,0.115234,1.04126
810779617,0.097168,0.114502,1.036621
810784617,0.100098,0.114746,1.044189
810789617,0.098633,0.113525,1.043945
810794617,0.09375,0.11499,1.03125
810799617,0.097412,0.116455,1.036621
810804617,0.101318,0.117432,1.03833
810809617,0.094971,0.117188,1.039795
810814617,0.092773,0.115967,1.030518
810819617,0.098389,0.117432,1.046387
810824617,0.091064,0.121094,1.034424
810829617,0.09082,0.117188,1.034424
810834617,0.098633,0.118408,1.040039
810839617,0.090332,0.117432,1.028076
810844617,0.102539,0.112061,1.030518
810849617,0.106934,0.119385,1.043457
810854617,0.100342,0.117432,1.030029
810859617,0.103516,0.119629,1.033936
810864617,0.097656,0.123047,1.044922
810869617,0.094727,0.11792,1.042969
810874617,0.089111,0.119141,1.037109
810879617,0.088135,0.118652,1.033203
810884617,0.093262,0.115967,1.040771
810889617,0.094238,0.114502,1.042725
810894617,0.094238,0.114502,1.03418
810899617,0.102051,0.116699,1.049072
810904617,0.094482,0.116455,1.03418
810909617,0.099365,0.120361,1.038086
810914617,0.100098,0.117188,1.040527
810919617,0.099121,0.113525,1.045166
810924617,0.09375,0.117188,1.047119
810929617,0.0979,0.118408,1.044922
810934617,0.099121,0.113037,1.043457
810939617,0.095703,0.112793,1.036377
810944617,0.093262,0.11377,1.045166
810949617,0.09082,0.115479,1.044922
810954617,0.091553,0.110107,1.036377
810959617,0.092041,0.114014,1.046143
810964617,0.098633,0.112793,1.043457
810969617,0.099854,0.113037,1.04126
810974617,0.094482,0.120605,1.042725
810979617,0.098877,0.121338,1.039307
810984617,0.095947,0.119385,1.037109
810989617,0.101318,0.115234,1.036865
810994617,0.098877,0.125732,1.043213
810999617,0.093262,0.118652,1.039795
811004617,0.09668,0.116455,1.047119
811009617,0.096191,0.114502,1.044678
811014617,0.097168,0.119629,1.040039
811019617,0.098877,0.115967,1.04248
811024617,0.100342,0.116455,1.054688
811029617,0.081543,0.124512,1.040283
811034617,0.083496,0.11377,1.033447
811039617,0.089355,0.114502,1.046387
811044617,0.087646,0.111816,1.027344
811049617,0.101563,0.111572,1.038818
811054617,0.099854,0.113281,1.037842
811059617,0.103027,0.113525,1.033447
811064617,0.10791,0.12085,1.047607
811069617,0.09668,0.125732,1.041992
811074617,0.091797,0.123535,1.038574
811079617,0.099854,0.118408,1.045654
811084617,0.098877,0.117188,1.046631
811089617,0.092773,0.121338,1.045898
811094617,0.090332,0.121826,1.048096
811099617,0.09375,0.114502,1.037842
811104617,0.099609,0.113281,1.040771
811109617,0.099609,0.110352,1.045654
811114617,0.103027,0.114014,1.04126
811119617,0.095459,0.114258,1.037109
811124617,0.096924,0.113037,1.035156
811129617,0.096191,0.110107,1.037598
811134617,0.098633,0.109375,1.038574
811139617,0.101074,0.11377,1.037842
811144617,0.099854,0.114502,1.041748
811149617,0.092529,0.118896,1.046387
811154617,0.092773,0.115723,1.044434
811159617,0.089844,0.11792,1.026123
811164617,0.096924,0.111328,1.026367
811169617,0.11377,0.115967,1.040039
811174617,0.10791,0.112061,1.022949
811179617,0.110596,0.118164,1.041016
811184617,0.0979,0.126709,1.054932
811189617,0.093994,0.114258,1.045898
811194617,0.093506,0.126709,1.051758
811199617,0.084473,0.116211,1.040527
811204617,0.093994,0.109619,1.042725
811209617,0.098633,0.11084,1.031738
811214617,0.100342,0.11084,1.023926
811219617,0.090088,0.125732,1.022705
811224617,0.113525,0.116943,1.035645
811229617,0.099121,0.122803,1.026855
811234617,0.107178,0.124756,1.032715
811239617,0.098633,0.130859,1.054688
811244617,0.082275,0.120361,1.034424
811249617,0.086914,0.130127,1.061768
811254617,0.07666,0.121582,1.039307
811259617,0.086182,0.110596,1.040283
811264617,0.101318,0.100586,1.03125
811269617,0.116455,0.102539,1.039551
811274617,0.112549,0.109619,1.023438
811279617,0.116211,0.114502,1.050049
811284617,0.09375,0.12207,1.029297
811289617,0.092529,0.112549,1.045654
811294617,0.086182,0.124756,1.04126
811299617,0.087891,0.105469,1.032227
811304617,0.098877,0.113281,1.051025
811309617,0.093018,0.109619,1.036133
811314617,0.104004,0.119385,1.05249
811319617,0.092285,0.113037,1.034424
811324617,0.103516,0.116699,1.056152
811329617,0.086182,0.120117,1.031494
811334617,0.109131,0.105713,1.04248
811339617,0.095947,0.119141,1.07373
811344617,0.072021,0.125977,1.029785
811349617,0.076416,0.115967,1.045166
811354617,0.086914,0.108154,1.042969
811359617,0.094482,0.104248,1.031006
811364617,0.088379,0.114258,1.028809
811369617,0.098633,0.106445,1.032959
811374617,0.094482,0.113037,1.04834
811379617,0.088867,0.120361,1.023926
811384617,0.102051,0.119873,1.049316
811389617,0.096924,0.119873,1.039063
811394617,0.097168,0.118408,1.039551
811399617,0.099365,0.11792,1.049072
811404617,0.098389,0.116943,1.047363
811409617,0.09375,0.117676,1.035889
811414617,0.10498,0.111816,1.051758
811419617,0.098145,0.114746,1.037109
811424617,0.097656,0.11499,1.040771
811429617,0.100586,0.119141,1.044189
811434617,0.094482,0.120117,1.041748
811439617,0.087402,0.115479,1.037842
811444617,0.090332,0.115723,1.043213
811449617,0.094727,0.116455,1.038818
811454617,0.093018,0.117676,1.038086
811459617,0.104492,0.112061,1.045166
811464617,0.097656,0.118164,1.036865
811469617,0.104248,0.11377,1.036133
811474617,0.111084,0.116699,1.040771
811479617,0.102051,0.118896,1.043945
811484617,0.095459,0.113037,1.025879
811489617,0.0979,0.117432,1.031006
811494617,0.092041,0.118408,1.049561
811499617,0.0896,0.109619,1.030518
811504617,0.084717,0.105957,1.048096
811509617,0.087158,0.110596,1.04541
811514617,0.088867,0.118652,1.047119
811519617,0.088867,0.115479,1.044189
811524617,0.094482,0.122314,1.054443
811529617,0.094482,0.124512,1.052246
811534617,0.097656,0.120117,1.038086
811539617,0.105713,0.120361,1.036377
811544617,0.114502,0.119629,1.035156
811549617,0.111084,0.116455,1.034424
811554617,0.104736,0.114746,1.023193
811559617,0.105713,0.107422,1.026855
811564617,0.096436,0.108887,1.031494
811569617,0.095459,0.112549,1.045166
811574617,0.085205,0.109863,1.044922
811579617,0.083496,0.113037,1.048828
811584617,0.075684,0.114014,1.039307
811589617,0.088867,0.117188,1.057129
811594617,0.090088,0.115234,1.052734
811599617,0.101318,0.126709,1.062256
811604617,0.094482,0.109131,1.04126
811609617,0.098633,0.116943,1.043945
811614617,0.110352,0.111572,1.040527
811619617,0.116943,0.105957,1.010498
811624617,0.115234,0.11792,1.031738
811629617,0.110596,0.111328,1.033203
811634617,0.097168,0.117432,1.029053
811639617,0.094971,0.120605,1.031738
811644617,0.087402,0.119629,1.040771
811649617,0.082764,0.11377,1.048828
811654617,0.082764,0.121094,1.05957
811659617,0.070068,0.115234,1.039063
811664617,0.07666,0.116455,1.057617
811669617,0.080566,0.118652,1.048584
811674617,0.092529,0.112549,1.04126
811679617,0.106445,0.115723,1.04541
811684617,0.101318,0.118408,1.033691
811689617,0.102539,0.124512,1.037354
811694617,0.102051,0.117676,1.031494
811699617,0.104248,0.115234,1.030518
811704617,0.10498,0.119385,1.03125
811709617,0.10376,0.116943,1.029785
811714617,0.106689,0.113281,1.038818
811719617,0.094727,0.112793,1.037842
811724617,0.0896,0.120361,1.044678
811729617,0.081299,0.12085,1.042236
811734617,0.085449,0.118896,1.054199
811739617,0.08667,0.115479,1.049561
811744617,0.090332,0.118896,1.048584
811749617,0.092041,0.114746,1.044922
811754617,0.102051,0.112061,1.048828
811759617,0.104248,0.112061,1.034668
811764617,0.112793,0.110107,1.035156
811769617,0.12207,0.11377,1.030518
811774617,0.113037,0.11499,1.029053
811779617,0.109375,0.115479,1.032959
811784617,0.101807,0.118408,1.030762
811789617,0.097168,0.119141,1.037598
811794617,0.086914,0.118164,1.040771
811799617,0.089355,0.123535,1.049561
811804617,0.079346,0.121582,1.037598
811809617,0.07959,0.123047,1.040527
811814617,0.081055,0.118164,1.050781
811819617,0.083984,0.118408,1.053711
811824617,0.082764,0.113037,1.04248
811829617,0.092285,0.109863,1.046387
811834617,0.10083,0.109619,1.03833
811839617,0.111572,0.112549,1.038086
811844617,0.10791,0.11084,1.033691
811849617,0.105713,0.115479,1.024658
811854617,0.10376,0.113281,1.031982
811859617,0.099609,0.115967,1.03125
811864617,0.09668,0.114014,1.032715
811869617,0.095703,0.119385,1.040283
811874617,0.095947,0.121338,1.050049
811879617,0.084961,0.120605,1.046631
811884617,0.083496,0.119141,1.051514
811889617,0.085449,0.120605,1.043213
811894617,0.0896,0.113525,1.04834
811899617,0.092773,0.114014,1.046631
811904617,0.098877,0.108643,1.046631
811909617,0.102051,0.111328,1.042725
811914617,0.103516,0.11499,1.035645
811919617,0.102539,0.114258,1.038574
811924617,0.106201,0.11084,1.029053
811929617,0.106689,0.111084,1.038086
811934617,0.098389,0.114014,1.034668
811939617,0.097168,0.118408,1.043701
811944617,0.092529,0.115723,1.040039
811949617,0.094971,0.116699,1.055908
811954617,0.085937,0.119385,1.044189
811959617,0.091309,0.119141,1.04541
811964617,0.089355,0.112549,1.041504
811969617,0.089355,0.116699,1.044678
811974617,0.093506,0.115967,1.04126
811979617,0.09375,0.112061,1.042725
811984617,0.097656,0.112061,1.039307
811989617,0.105713,0.108643,1.034668
811994617,0.101563,0.114502,1.049072
811999617,0.102051,0.115967,1.04126
812004617,0.102051,0.118652,1.037109
812009617,0.100098,0.117188,1.040283
812014617,0.098145,0.117676,1.050049
812019617,0.092285,0.119141,1.043213
812024617,0.088867,0.117676,1.038818
812029617,0.095703,0.121094,1.047607
812034617,0.090332,0.117188,1.04126
812039617,0.093506,0.115479,1.044678
812044617,0.098389,0.118164,1.04126
812049617,0.094971,0.115479,1.035645
812054617,0.103027,0.115479,1.038086
812059617,0.096436,0.118408,1.044189
812064617,0.097656,0.112061,1.044922
812069617,0.094238,0.114746,1.037354
812074617,0.098145,0.113281,1.039063
812079617,0.096924,0.112305,1.040283
812084617,0.096436,0.116943,1.043457
812089617,0.095703,0.121338,1.044678
812094617,0.091309,0.119385,1.040039
812099617,0.091309,0.121582,1.044434
812104617,0.093018,0.118652,1.04248
812109617,0.093262,0.115479,1.039795
812114617,0.100342,0.114502,1.041016
812119617,0.097656,0.115234,1.042236
812124617,0.094971,0.116211,1.036377
812129617,0.101074,0.114258,1.040771
812134617,0.099365,0.113281,1.041992
812139617,0.099121,0.116455,1.041016
812144617,0.095703,0.113281,1.04541
812149617,0.092529,0.114502,1.047363
812154617,0.084473,0.11377,1.041992
812159617,0.089355,0.114502,1.03833
812164617,0.094727,0.114014,1.043213
812169617,0.093506,0.112549,1.041748
812174617,0.097412,0.115234,1.047607
812179617,0.095459,0.118896,1.04248
812184617,0.097656,0.12085,1.043213
812189617,0.101807,0.116455,1.043213
812194617,0.100098,0.118652,1.035156
812199617,0.097168,0.116699,1.038086
812204617,0.10083,0.121094,1.040771
812209617,0.096436,0.113037,1.044189
812214617,0.097168,0.116211,1.038818
812219617,0.097412,0.114014,1.043457
812224617,0.094727,0.117432,1.045898
812229617,0.087158,0.116455,1.044678
812234617,0.092285,0.111816,1.049072
812239617,0.091064,0.113281,1.040283
812244617,0.09375,0.115234,1.046387
812249617,0.0979,0.113525,1.03833
812254617,0.094971,0.11499,1.041016
812259617,0.105225,0.114014,1.040771
812264617,0.100098,0.120605,1.03833
812269617,0.100342,0.117676,1.041016
812274617,0.101318,0.117432,1.040039
812279617,0.100342,0.115723,1.039307
812284617,0.101807,0.12085,1.044922
812289617,0.099609,0.118408,1.038574
812294617,0.089844,0.119873,1.045654
812299617,0.089844,0.115967,1.044434
812304617,0.082275,0.114258,1.044434
812309617,0.086426,0.106934,1.025391
812314617,0.098877,0.106689,1.04541
812319617,0.095947,0.112549,1.040283
812324617,0.100098,0.113281,1.043457
812329617,0.09668,0.113525,1.044678
812334617,0.103027,0.116699,1.042969
812339617,0.096924,0.112305,1.039063
812344617,0.10791,0.114746,1.042725
812349617,0.097656,0.117432,1.03418
812354617,0.096924,0.115967,1.039795
812359617,0.098145,0.120361,1.047852
812364617,0.095703,0.123291,1.045654
812369617,0.093994,0.116699,1.04126
812374617,0.096191,0.116211,1.043945
812379617,0.095947,0.112549,1.045166
812384617,0.093018,0.117432,1.042969
812389617,0.096436,0.115723,1.031982
812394617,0.095459,0.113037,1.042725
812399617,0.094971,0.112549,1.035889
812404617,0.096924,0.112793,1.04541
812409617,0.09668,0.114502,1.045166
812414617,0.093506,0.113281,1.044922
812419617,0.098145,0.112793,1.043701
812424617,0.097168,0.112793,1.033936
812429617,0.094727,0.115967,1.039063
812434617,0.093994,0.117188,1.045898
812439617,0.095703,0.121094,1.041992
812444617,0.094238,0.119385,1.044678
812449617,0.096924,0.117676,1.037354
812454617,0.101074,0.116455,1.036377
812459617,0.094971,0.114014,1.032471
812464617,0.093506,0.111084,1.040771
812469617,0.097656,0.11377,1.044678
812474617,0.097168,0.114746,1.043213
812479617,0.095215,0.114502,1.042969
812484617,0.095215,0.113037,1.042969
812489617,0.097412,0.115234,1.044678
812494617,0.095215,0.114746,1.037354
812499617,0.100586,0.115234,1.042969
812504617,0.093994,0.120117,1.039307
812509617,0.093262,0.115723,1.042725
812514617,0.096924,0.120605,1.042969
812519617,0.095459,0.116943,1.036621
812524617,0.092041,0.118164,1.032471
812529617,0.098145,0.116943,1.045654
812534617,0.096924,0.115479,1.039551
812539617,0.098877,0.11377,1.041016
812544617,0.099609,0.110352,1.041748
812549617,0.093262,0.11792,1.038574
812554617,0.09082,0.105469,1.034668
812559617,0.098389,0.123535,1.060059
812564617,0.099365,0.114746,1.032227
812569617,0.09668,0.113281,1.03125
812574617,0.103027,0.122559,1.051758
812579617,0.099121,0.114258,1.040039
812584617,0.091064,0.113037,1.038818
812589617,0.097412,0.121338,1.040039
812594617,0.092285,0.115967,1.045654
812599617,0.09668,0.118408,1.045898
812604617,0.092773,0.117432,1.041504
812609617,0.094971,0.115723,1.038574
812614617,0.098633,0.111328,1.034912
812619617,0.097656,0.109131,1.039551
812624617,0.093994,0.114502,1.031982
812629617,0.096924,0.110596,1.037598
812634617,0.097168,0.116211,1.043945
812639617,0.094727,0.112549,1.038574
812644617,0.096924,0.115479,1.044434
812649617,0.097412,0.111084,1.043945
812654617,0.094971,0.11377,1.04834
812659617,0.092529,0.114502,1.037109
812664617,0.094727,0.115967,1.042969
812669617,0.0979,0.111572,1.040527
812674617,0.104736,0.116943,1.052734
812679617,0.096924,0.116211,1.040039
812684617,0.094727,0.118896,1.046875
812689617,0.098633,0.118164,1.047119
812694617,0.093018,0.117432,1.045898
812699617,0.098877,0.117432,1.045166
812704617,0.094238,0.117188,1.049561
812709617,0.091064,0.114746,1.043945
812714617,0.095215,0.115479,1.051514
812719617,0.091309,0.113525,1.049072
812724617,0.09375,0.114258,1.039063
812729617,0.095215,0.109375,1.037109
812734617,0.098877,0.115234,1.038086
812739617,0.104736,0.111816,1.038818
812744617,0.100098,0.116211,1.04248
812749617,0.096191,0.121582,1.036621
812754617,0.091797,0.115967,1.034424
812759617,0.102539,0.118164,1.045166
812764617,0.100098,0.116943,1.04834
812769617,0.088623,0.116455,1.036377
812774617,0.091553,0.122314,1.046631
812779617,0.098633,0.119385,1.041992
812784617,0.094971,0.112793,1.043945
812789617,0.092773,0.116455,1.035889
812794617,0.092285,0.115234,1.026855
812799617,0.098145,0.111328,1.037354
812804617,0.094727,0.114502,1.029541
812809617,0.10376,0.113281,1.041992
812814617,0.101074,0.112549,1.04248
812819617,0.098145,0.119141,1.04126
812824617,0.0979,0.124268,1.048584
812829617,0.084961,0.120361,1.034912
812834617,0.090088,0.113525,1.041016
812839617,0.098389,0.109131,1.057373
812844617,0.08667,0.114502,1.035156
812849617,0.09375,0.113525,1.039795
812854617,0.095947,0.119873,1.041748
812859617,0.096924,0.114746,1.027588
812864617,0.108643,0.110596,1.042236
812869617,0.109619,0.11377,1.04126
812874617,0.102783,0.120605,1.043945
812879617,0.090088,0.119141,1.036865
812884617,0.092529,0.121094,1.042725
812889617,0.093262,0.118164,1.040283
812894617,0.099854,0.116943,1.037354
812899617,0.096924,0.115723,1.041748
812904617,0.093018,0.11377,1.037842
812909617,0.095947,0.118896,1.041992
812914617,0.094482,0.118164,1.039063
812919617,0.097412,0.113525,1.041748
812924617,0.097168,0.120361,1.041992
812929617,0.097168,0.116943,1.035645
812934617,0.091064,0.116699,1.038086
812939617,0.094971,0.116699,1.042725
812944617,0.095215,0.112549,1.042725
812949617,0.099365,0.113037,1.039063
812954617,0.097656,0.113525,1.042725
812959617,0.100098,0.111328,1.036865
812964617,0.098877,0.115967,1.04248
812969617,0.100098,0.115234,1.042236
812974617,0.097656,0.116211,1.036621
812979617,0.096436,0.115479,1.042236
812984617,0.091553,0.11792,1.046631
812989617,0.098145,0.116699,1.045898
812994617,0.0979,0.120117,1.046631
812999617,0.093994,0.119385,1.040771
813004617,0.0979,0.120117,1.048828
813009617,0.096924,0.11499,1.041504
813014617,0.096924,0.116943,1.046143
813019617,0.097168,0.114746,1.039307
813024617,0.095703,0.114502,1.040283
813029617,0.095459,0.115967,1.04126
813034617,0.095703,0.11499,1.038574
813039617,0.097168,0.114502,1.047363
813044617,0.095459,0.114014,1.038574
813049617,0.09375,0.115723,1.049316
813054617,0.094727,0.115967,1.043701
813059617,0.095215,0.115723,1.036377
813064617,0.097412,0.115723,1.041016
813069617,0.094238,0.11377,1.042969
813074617,0.097412,0.120605,1.033936
813079617,0.096924,0.116211,1.036865
813084617,0.093018,0.120605,1.04126
813089617,0.094727,0.116943,1.039795
813094617,0.093018,0.11792,1.040771
813099617,0.098389,0.111816,1.035889
813104617,0.099854,0.112305,1.041748
813109617,0.098633,0.112549,1.038818
813114617,0.096924,0.112061,1.037109
813119617,0.098389,0.116943,1.049805
813124617,0.091797,0.118896,1.034424
813129617,0.104248,0.11499,1.047363
813134617,0.096924,0.11499,1.052734
813139617,0.099121,0.115479,1.04541
813144617,0.093262,0.11084,1.032959
813149617,0.098877,0.138916,1.077637
813154617,0.094482,0.116455,1.057129
813159617,0.105713,0.111816,1.049316
813164617,0.105957,0.109619,1.042236
813169617,0.104248,0.119385,1.044434
813174617,0.085205,0.12207,1.038086
813179617,0.090088,0.108887,1.028809
813184617,0.097412,0.119385,1.049316
813189617,0.07959,0.124023,1.033203
813194617,0.096436,0.11084,1.03833
813199617,0.104492,0.115967,1.043457
813204617,0.081543,0.124756,1.035889
813209617,0.09082,0.113037,1.045166
813214617,0.096924,0.110107,1.041748
813219617,0.100342,0.10791,1.037354
813224617,0.096436,0.122314,1.036133
813229617,0.090332,0.113037,1.027344
813234617,0.100586,0.118896,1.04126
813239617,0.10083,0.115479,1.041504
813244617,0.100342,0.115234,1.045654
813249617,0.098877,0.115967,1.045654
813254617,0.096436,0.119385,1.047852
813259617,0.097412,0.119629,1.046143
813264617,0.096924,0.113281,1.041016
813269617,0.097412,0.116699,1.041504
813274617,0.098145,0.113525,1.042969
813279617,0.098633,0.117432,1.041016
813284617,0.094482,0.119629,1.041992
813289617,0.094482,0.113525,1.040527
813294617,0.098633,0.119141,1.037354
813299617,0.100586,0.123535,1.035645
813304617,0.094971,0.117432,1.045898
813309617,0.093262,0.118408,1.046143
813314617,0.096191,0.117432,1.04126
813319617,0.094971,0.110352,1.036377
813324617,0.09668,0.114502,1.041748
813329617,0.094482,0.112305,1.038818
813334617,0.092773,0.116943,1.034912
813339617,0.099854,0.117188,1.04541
813344617,0.100098,0.119141,1.040771
813349617,0.096191,0.115234,1.04248
813354617,0.100342,0.117188,1.04126
813359617,0.096924,0.116943,1.040039
813364617,0.096191,0.116699,1.034912
813369617,0.100098,0.118164,1.041748
813374617,0.099121,0.119873,1.040527
813379617,0.098389,0.115723,1.038086
813384617,0.097412,0.118652,1.033447
813389617,0.102539,0.115234,1.046387
813394617,0.098877,0.117188,1.041504
813399617,0.094971,0.117676,1.041016
813404617,0.094971,0.116455,1.037598
813409617,0.097412,0.11499,1.04126
813414617,0.09668,0.109619,1.046387
813419617,0.0979,0.119141,1.044189
813424617,0.099854,0.119141,1.040039
813429617,0.09668,0.114014,1.046143
813434617,0.093994,0.115723,1.040527
813439617,0.097412,0.11499,1.039551
813444617,0.096191,0.117188,1.036133
813449617,0.097656,0.116699,1.044678
813454617,0.093994,0.117432,1.038574
813459617,0.093506,0.117188,1.043945
813464617,0.096924,0.115479,1.040283
813469617,0.098633,0.116455,1.041016
813474617,0.099365,0.114014,1.044434
813479617,0.098877,0.116211,1.040039
813484617,0.099121,0.113281,1.04541
813489617,0.095215,0.114014,1.039063
813494617,0.097412,0.118408,1.045898
813499617,0.097656,0.116455,1.046875
813504617,0.096436,0.118896,1.045898
813509617,0.094971,0.115723,1.044678
813514617,0.093994,0.116455,1.044189
813519617,0.093018,0.115723,1.045654
813524617,0.094971,0.116455,1.044189
813529617,0.09668,0.11499,1.044922
813534617,0.092773,0.115479,1.042725
813539617,0.095947,0.118408,1.039063
813544617,0.102295,0.121094,1.046875
813549617,0.096191,0.117432,1.042725
813554617,0.097168,0.117432,1.050781
813559617,0.099609,0.114258,1.041016
813564617,0.099121,0.114502,1.039551
813569617,0.096924,0.117432,1.043457
813574617,0.096191,0.116943,1.047607
813579617,0.0979,0.115479,1.04126
813584617,0.09668,0.11377,1.042236
813589617,0.093506,0.116211,1.039551
813594617,0.096924,0.114746,1.03833
813599617,0.0979,0.118896,1.043213
813604617,0.098145,0.11792,1.04248
813609617,0.095459,0.115967,1.043701
813614617,0.090576,0.12085,1.049805
813619617,0.097412,0.116211,1.042236
813624617,0.095215,0.116943,1.036133
813629617,0.098389,0.118408,1.049316
813634617,0.099121,0.118164,1.045654
813639617,0.094238,0.117188,1.041748
813644617,0.096436,0.113525,1.038574
813649617,0.098389,0.109863,1.038574
813654617,0.104736,0.111816,1.049316
813659617,0.093506,0.118652,1.039307
813664617,0.089111,0.11377,1.036865
813669617,0.093018,0.115967,1.041992
813674617,0.093018,0.115967,1.03418
813679617,0.101807,0.116455,1.039795
813684617,0.094971,0.120117,1.038086
813689617,0.099609,0.124023,1.049561
813694617,0.088135,0.125488,1.037598
813699617,0.088867,0.117432,1.030273
813704617,0.102295,0.109131,1.045166
813709617,0.102295,0.112061,1.030518
813714617,0.10498,0.11792,1.034912
813719617,0.098145,0.116699,1.049072
813724617,0.095703,0.121338,1.040527
813729617,0.093506,0.117188,1.047852
813734617,0.098633,0.113525,1.039795
813739617,0.095703,0.113281,1.038574
813744617,0.099121,0.111328,1.041504
813749617,0.102783,0.109375,1.044678
813754617,0.095459,0.118652,1.043457
813759617,0.09375,0.119873,1.040039
813764617,0.094238,0.121094,1.026611
813769617,0.099609,0.11792,1.037842
813774617,0.097412,0.116455,1.044189
813779617,0.096924,0.118896,1.037354
813784617,0.099609,0.120117,1.038086
813789617,0.097656,0.115723,1.046387
813794617,0.096924,0.118652,1.036133
813799617,0.096436,0.115967,1.046387
813804617,0.092529,0.114258,1.043213
813809617,0.093994,0.114014,1.039795
813814617,0.098877,0.112305,1.049805
813819617,0.094482,0.113525,1.039551
813824617,0.102051,0.117188,1.042969
813829617,0.095703,0.115234,1.038818
813834617,0.093506,0.114014,1.03125
813839617,0.09668,0.119385,1.053223
813844617,0.093262,0.118164,1.032471
813849617,0.093994,0.112305,1.04541
813854617,0.091064,0.113525,1.037842
813859617,0.093994,0.121582,1.042969
813864617,0.101318,0.114746,1.037842
813869617,0.11377,0.116943,1.052246
813874617,0.107178,0.115234,1.029785
813879617,0.101074,0.116211,1.034912
813884617,0.108887,0.124268,1.067383
813889617,0.081787,0.126221,1.034424
813894617,0.087402,0.118896,1.041504
813899617,0.090576,0.115967,1.046875
813904617,0.090332,0.112793,1.022461
813909617,0.105225,0.113037,1.039795
813914617,0.100098,0.115234,1.033936
813919617,0.100342,0.116455,1.036133
813924617,0.095459,0.127197,1.040039
813929617,0.093994,0.132568,1.052246
813934617,0.099121,0.121826,1.045654
813939617,0.096924,0.118652,1.043213
813944617,0.099365,0.112061,1.0354
813949617,0.102295,0.11084,1.051758
813954617,0.100342,0.116943,1.038086
813959617,0.097412,0.11499,1.045166
813964617,0.098389,0.118164,1.036621
813969617,0.094971,0.117188,1.038574
813974617,0.092773,0.111816,1.040771
813979617,0.097168,0.115479,1.040527
813984617,0.092041,0.116211,1.044189
813989617,0.098145,0.115234,1.040771
813994617,0.093262,0.114258,1.042236
813999617,0.09668,0.117432,1.038818
814004617,0.097656,0.111328,1.040771
814009617,0.098877,0.115234,1.045166
814014617,0.094727,0.12207,1.033447
814019617,0.094971,0.117676,1.041504
814024617,0.094482,0.114502,1.043457
814029617,0.095459,0.11792,1.043457
814034617,0.096191,0.110596,1.044922
814039617,0.093262,0.114258,1.046143
814044617,0.095215,0.114746,1.041992
814049617,0.100586,0.117188,1.04834
814054617,0.09375,0.12085,1.041504
814059617,0.093506,0.119629,1.045898
814064617,0.092773,0.116211,1.045166
814069617,0.097412,0.115234,1.039063
814074617,0.096191,0.118896,1.040283
814079617,0.097656,0.111084,1.038818
814084617,0.097412,0.114258,1.041016
814089617,0.09375,0.119873,1.041992
814094617,0.096436,0.116943,1.036377
814099617,0.096191,0.114502,1.039307
814104617,0.09668,0.118652,1.04248
814109617,0.098145,0.114014,1.039063
814114617,0.09668,0.113037,1.038818
814119617,0.094482,0.11792,1.042969
814124617,0.094238,0.121582,1.043701
814129617,0.091553,0.113281,1.04126
814134617,0.095215,0.115234,1.043213
814139617,0.095459,0.111328,1.047119
814144617,0.098633,0.11377,1.042969
814149617,0.095703,0.115967,1.040039
814154617,0.099121,0.112793,1.039307
814159617,0.09668,0.115479,1.042969
814164617,0.096436,0.116943,1.043945
814169617,0.095703,0.111328,1.041992
814174617,0.100098,0.113525,1.038086
814179617,0.09668,0.112305,1.042969
814184617,0.092773,0.114258,1.049561
814189617,0.091553,0.117188,1.044922
814194617,0.098145,0.121094,1.040283
814199617,0.096191,0.115479,1.048096
814204617,0.096191,0.113281,1.040771
814209617,0.089844,0.117432,1.032715
814214617,0.090088,0.114502,1.035889
814219617,0.092529,0.117188,1.047363
814224617,0.100342,0.110107,1.037598
814229617,0.095459,0.111328,1.040283
814234617,0.100098,0.116211,1.040527
814239617,0.097168,0.11792,1.044922
814244617,0.098877,0.11084,1.034424
814249617,0.100342,0.12085,1.057617
814254617,0.092041,0.117188,1.047852
814259617,0.09082,0.115723,1.034668
814264617,0.096924,0.111816,1.048828
814269617,0.097656,0.115723,1.043945
814274617,0.0896,0.120117,1.046387
814279617,0.093506,0.119629,1.041748
814284617,0.093262,0.118164,1.042236
814289617,0.096436,0.11792,1.03833
814294617,0.095703,0.119873,1.043457
814299617,0.093506,0.121094,1.038818
814304617,0.097656,0.110107,1.039795
814309617,0.102539,0.112061,1.044922
814314617,0.100342,0.118896,1.044189
814319617,0.092529,0.121338,1.046143
814324617,0.0979,0.115234,1.037842
814329617,0.092285,0.116699,1.036621
814334617,0.100586,0.12085,1.041748
814339617,0.094727,0.118408,1.048828
814344617,0.09375,0.116699,1.043457
814349617,0.09082,0.116943,1.039063
814354617,0.094971,0.119385,1.041504
814359617,0.094971,0.116943,1.04248
814364617,0.094727,0.117188,1.042969
814369617,0.098389,0.108398,1.047363
814374617,0.099365,0.11084,1.041992
814379617,0.096924,0.118896,1.04248
814384617,0.099609,0.111816,1.045166
814389617,0.092773,0.11499,1.041748
814394617,0.099609,0.112305,1.038818
814399617,0.101074,0.117676,1.042969
814404617,0.098145,0.117676,1.047363
814409617,0.098145,0.122559,1.037842
814414617,0.0979,0.120605,1.044678
814419617,0.094238,0.119141,1.044189
814424617,0.095215,0.119629,1.050537
814429617,0.091064,0.114258,1.04834
814434617,0.094971,0.116455,1.044434
814439617,0.094238,0.111328,1.036621
814444617,0.0979,0.111572,1.041504
814449617,0.096924,0.115967,1.041992
814454617,0.101318,0.114258,1.040527
814459617,0.10083,0.116943,1.039063
814464617,0.097168,0.115967,1.043457
814469617,0.098633,0.120605,1.048828
814474617,0.099365,0.120605,1.039795
814479617,0.095215,0.120361,1.036621
814484617,0.094727,0.119629,1.050537
814489617,0.096191,0.113281,1.043701
814494617,0.094482,0.118652,1.040771
814499617,0.097656,0.118164,1.045166
814504617,0.094482,0.110596,1.040283
814509617,0.10083,0.116943,1.036133
814514617,0.095703,0.11377,1.037842
814519617,0.094238,0.115967,1.037354
814524617,0.097168,0.116943,1.040527
814529617,0.093994,0.116211,1.042725
814534617,0.099854,0.110596,1.040771
814539617,0.095459,0.113037,1.037109
814544617,0.102539,0.116943,1.041992
814549617,0.091797,0.11499,1.043457
814554617,0.0979,0.119385,1.040039
814559617,0.096191,0.119385,1.045166
814564617,0.098877,0.115479,1.035889
814569617,0.0979,0.116211,1.040039
814574617,0.096436,0.115723,1.045654
814579617,0.098877,0.116943,1.04541
814584617,0.094727,0.115479,1.048828
814589617,0.094238,0.112793,1.040283
814594617,0.097412,0.115723,1.037354
814599617,0.094971,0.113037,1.0354
814604617,0.09668,0.115723,1.041016
814609617,0.091064,0.11377,1.043457
814614617,0.093262,0.114502,1.040771
814619617,0.093506,0.117676,1.046143
814624617,0.096191,0.118164,1.042969
814629617,0.099365,0.11499,1.039063
814634617,0.096924,0.114014,1.037109
814639617,0.097412,0.115234,1.043213
814644617,0.094971,0.110596,1.039307
814649617,0.096191,0.113525,1.04248
814654617,0.097412,0.119873,1.040527
814659617,0.096924,0.115234,1.047119
814664617,0.095215,0.115234,1.038818
814669617,0.09668,0.111328,1.043945
814674617,0.093262,0.118164,1.047119
814679617,0.094482,0.116943,1.046631
814684617,0.093262,0.114258,1.043701
814689617,0.098389,0.117432,1.048096
814694617,0.097656,0.117188,1.041016
814699617,0.094482,0.115967,1.036133
814704617,0.096191,0.114014,1.043701
814709617,0.097412,0.117432,1.045654
814714617,0.0979,0.112061,1.044189
814719617,0.096924,0.114746,1.040527
814724617,0.099121,0.115234,1.035156
814729617,0.098633,0.114746,1.044922
814734617,0.095215,0.119141,1.042969
814739617,0.094238,0.113525,1.039063
814744617,0.095947,0.113525,1.041992
814749617,0.096436,0.114502,1.04834
814754617,0.093506,0.114258,1.037354
814759617,0.097656,0.11499,1.03833
814764617,0.095703,0.117188,1.042725
814769617,0.097412,0.115723,1.039063
814774617,0.096436,0.120605,1.047607
814779617,0.094238,0.116943,1.047363
814784617,0.102295,0.116943,1.042725
814789617,0.098389,0.112305,1.039063
814794617,0.098877,0.119141,1.032959
814799617,0.094727,0.117432,1.05127
814804617,0.092285,0.111084,1.035889
814809617,0.0979,0.109375,1.046875
814814617,0.094482,0.119629,1.038086
814819617,0.092773,0.118652,1.04248
814824617,0.093994,0.11499,1.04248
814829617,0.09375,0.118408,1.044434
814834617,0.094482,0.118408,1.052734
814839617,0.089844,0.11377,1.043701
814844617,0.098389,0.116943,1.054688
814849617,0.0979,0.115723,1.044189
814854617,0.097656,0.115234,1.045166
814859617,0.091553,0.108887,1.032715
814864617,0.10083,0.11084,1.035156
814869617,0.102539,0.108398,1.039795
814874617,0.102051,0.121094,1.039307
814879617,0.085937,0.118896,1.025635
814884617,0.101807,0.112305,1.026855
814889617,0.09375,0.12207,1.05249
814894617,0.095215,0.117432,1.035156
814899617,0.093506,0.122559,1.044678
814904617,0.094238,0.119141,1.051758
814909617,0.096436,0.128906,1.041016
814914617,0.089844,0.115479,1.050537
814919617,0.098633,0.119873,1.040527
814924617,0.093994,0.108154,1.054443
814929617,0.10498,0.112549,1.034668
814934617,0.109619,0.11084,1.038818
814939617,0.105469,0.109619,1.041504
814944617,0.100342,0.11377,1.037598
814949617,0.095947,0.114502,1.039795
814954617,0.096191,0.11499,1.036865
814959617,0.092529,0.114014,1.038818
814964617,0.093994,0.122803,1.044678
814969617,0.083008,0.115479,1.035889
814974617,0.094727,0.117188,1.043213
814979617,0.092285,0.120361,1.036621
814984617,0.096191,0.121094,1.047363
814989617,0.099365,0.125488,1.054443
814994617,0.097656,0.119141,1.048828
814999617,0.098389,0.121826,1.044922
815004617,0.100586,0.114502,1.043213
815009617,0.099121,0.112305,1.033447
815014617,0.101318,0.113525,1.043945
815019617,0.098633,0.111572,1.036377
815024617,0.096436,0.109375,1.031494
815029617,0.099365,0.112305,1.0354
815034617,0.099609,0.116943,1.040039
815039617,0.10083,0.11084,1.044434
815044617,0.091797,0.120117,1.040527
815049617,0.085449,0.121094,1.045654
815054617,0.083252,0.123047,1.046875
815059617,0.092285,0.120605,1.044922
815064617,0.096436,0.118652,1.048828
815069617,0.101807,0.11792,1.052979
815074617,0.105957,0.118652,1.044189
815079617,0.105225,0.117676,1.043945
815084617,0.105713,0.117676,1.041504
815089617,0.101807,0.11499,1.046875
815094617,0.100342,0.109619,1.031006
815099617,0.10498,0.109131,1.044922
815104617,0.091553,0.115967,1.045166
815109617,0.093018,0.119385,1.050049
815114617,0.08374,0.114258,1.041748
815119617,0.089355,0.11377,1.053223
815124617,0.088867,0.124268,1.047607
815129617,0.093994,0.113037,1.041992
815134617,0.09668,0.117432,1.050049
815139617,0.097168,0.112549,1.045166
815144617,0.096924,0.115967,1.05127
815149617,0.099365,0.116211,1.048584
815154617,0.104004,0.111816,1.043457
815159617,0.103516,0.113281,1.0354
815164617,0.100098,0.111328,1.036377
815169617,0.102539,0.11377,1.037354
815174617,0.101563,0.115723,1.038086
815179617,0.095947,0.121826,1.053467
815184617,0.087158,0.122314,1.043213
815189617,0.087402,0.119385,1.047119
815194617,0.089844,0.117432,1.052002
815199617,0.089111,0.118652,1.05249
815204617,0.089111,0.119141,1.04834
815209617,0.093506,0.116455,1.042725
815214617,0.100586,0.112793,1.042236
815219617,0.100098,0.116455,1.037842
815224617,0.099121,0.114014,1.042236
815229617,0.107178,0.113525,1.039551
815234617,0.101807,0.111328,1.037354
815239617,0.099609,0.11377,1.038818
815244617,0.098389,0.114746,1.046143
815249617,0.095215,0.114502,1.05127
815254617,0.092041,0.116699,1.037109
815259617,0.088867,0.118408,1.041504
815264617,0.091064,0.114746,1.047852
815269617,0.091309,0.118652,1.048828
815274617,0.091064,0.116455,1.040527
815279617,0.09375,0.112061,1.045654
815284617,0.100586,0.110352,1.043213
815289617,0.099854,0.11084,1.036133
815294617,0.098389,0.115479,1.035156
815299617,0.109375,0.11499,1.032227
815304617,0.106201,0.114014,1.043701
815309617,0.103271,0.117188,1.038574
815314617,0.100098,0.121094,1.043945
815319617,0.092285,0.123535,1.040771
815324617,0.093994,0.118408,1.041504
815329617,0.093262,0.118896,1.05249
815334617,0.087402,0.116943,1.04248
815339617,0.096436,0.117432,1.045898
815344617,0.094482,0.112793,1.044434
815349617,0.092773,0.116211,1.041992
815354617,0.098389,0.113525,1.041016
815359617,0.089355,0.117432,1.032959
815364617,0.098633,0.11499,1.042236
815369617,0.103027,0.116455,1.03418
815374617,0.101807,0.11499,1.03418
815379617,0.102051,0.112549,1.025391
815384617,0.112061,0.108887,1.029297
815389617,0.119629,0.124023,1.052246
815394617,0.0979,0.118652,1.041504
815399617,0.096924,0.122803,1.045898
815404617,0.081787,0.127686,1.051025
815409617,0.086426,0.122314,1.037354
815414617,0.095215,0.116455,1.048584
815419617,0.094482,0.112793,1.042236
815424617,0.101563,0.109863,1.036133
815429617,0.096924,0.119141,1.046631
815434617,0.09082,0.116455,1.032471
815439617,0.093506,0.116455,1.045166
815444617,0.093018,0.114502,1.036865
815449617,0.099854,0.109863,1.031982
815454617,0.100342,0.110352,1.045654
815459617,0.093994,0.112061,1.043213
815464617,0.095215,0.11499,1.042725
815469617,0.097168,0.114746,1.031982
815474617,0.097656,0.115479,1.038086
815479617,0.100586,0.117188,1.041748
815484617,0.10083,0.120361,1.050049
815489617,0.091309,0.116699,1.040771
815494617,0.099121,0.117676,1.039307
815499617,0.098877,0.116699,1.037354
815504617,0.103271,0.116211,1.044189
815509617,0.106934,0.11792,1.036377
815514617,0.09375,0.116211,1.033691
815519617,0.098145,0.119141,1.04248
815524617,0.095215,0.119873,1.041504
815529617,0.092529,0.112793,1.037354
815534617,0.096191,0.113281,1.040283
815539617,0.098633,0.115479,1.049316
815544617,0.089844,0.114746,1.040283
815549617,0.094238,0.11499,1.047119
815554617,0.089355,0.11377,1.048584
815559617,0.091553,0.114258,1.036621
815564617,0.100098,0.111328,1.042969
815569617,0.098389,0.116455,1.041992
815574617,0.096924,0.115723,1.039307
815579617,0.095947,0.115967,1.046875
815584617,0.095459,0.115967,1.041504
815589617,0.095215,0.118896,1.034668
815594617,0.096191,0.118408,1.04248
815599617,0.099365,0.117188,1.040283
815604617,0.098389,0.119873,1.043457
815609617,0.095215,0.119141,1.04126
815614617,0.089355,0.116699,1.046631
815619617,0.092041,0.113281,1.046387
815624617,0.094238,0.118408,1.04248
815629617,0.098145,0.114258,1.043701
815634617,0.096191,0.115234,1.047363
815639617,0.092285,0.115234,1.043701
815644617,0.0979,0.116211,1.043457
815649617,0.092285,0.116943,1.033936
815654617,0.093506,0.115967,1.036621
815659617,0.0979,0.115479,1.040527
815664617,0.094727,0.115479,1.038818
815669617,0.09668,0.122314,1.034668
815674617,0.09668,0.119385,1.041992
815679617,0.093262,0.11377,1.037598
815684617,0.096191,0.114014,1.03418
815689617,0.093018,0.117676,1.04541
815694617,0.093018,0.114746,1.039551
815699617,0.09082,0.116943,1.042725
815704617,0.09668,0.117676,1.04248
815709617,0.095703,0.11499,1.045166
815714617,0.099121,0.113525,1.041748
815719617,0.094971,0.112793,1.039307
815724617,0.096436,0.114258,1.041016
815729617,0.101563,0.115479,1.037354
815734617,0.098877,0.114746,1.039063
815739617,0.092773,0.116211,1.044434
815744617,0.096191,0.120117,1.039551
815749617,0.098633,0.114502,1.041016
815754617,0.098877,0.118164,1.039307
815759617,0.094482,0.119141,1.039795
815764617,0.092773,0.119141,1.036377
815769617,0.097168,0.11499,1.037842
815774617,0.095947,0.116699,1.033936
815779617,0.095215,0.115479,1.0354
815784617,0.095215,0.117432,1.04126
815789617,0.090576,0.116943,1.034424
815794617,0.093506,0.115723,1.045654
815799617,0.095215,0.114746,1.042969
815804617,0.097412,0.115234,1.04126
815809617,0.097656,0.112305,1.03418
815814617,0.098877,0.113525,1.043213
815819617,0.091797,0.112305,1.042236
815824617,0.09668,0.113281,1.039307
815829617,0.093994,0.120361,1.036621
815834617,0.097168,0.12085,1.043701
815839617,0.093994,0.115234,1.041992
815844617,0.093262,0.114258,1.041504
815849617,0.095215,0.117432,1.041992
815854617,0.092773,0.117432,1.037109
815859617,0.091797,0.119873,1.039307
815864617,0.101074,0.113281,1.040039
815869617,0.097412,0.110107,1.03833
815874617,0.101807,0.113525,1.04126
815879617,0.104492,0.11792,1.038574
815884617,0.098633,0.117432,1.034668
815889617,0.096191,0.117188,1.037598
815894617,0.093262,0.118896,1.042725
815899617,0.093994,0.115723,1.037842
815904617,0.097656,0.116455,1.040527
815909617,0.094482,0.116943,1.042725
815914617,0.093018,0.120605,1.05127
815919617,0.094971,0.119385,1.046143
815924617,0.096191,0.115234,1.038574
815929617,0.095459,0.118652,1.043945
815934617,0.100342,0.115234,1.038086
815939617,0.10083,0.11792,1.032227
815944617,0.096436,0.113037,1.033691
815949617,0.096191,0.117676,1.04248
815954617,0.101074,0.120605,1.054688
815959617,0.099365,0.114746,1.033691
815964617,0.091309,0.114502,1.039551
815969617,0.099609,0.114746,1.052979
815974617,0.092041,0.115479,1.043213
815979617,0.094482,0.118164,1.043945
815984617,0.088135,0.114502,1.043945
815989617,0.094482,0.12085,1.04834
815994617,0.096436,0.115723,1.039307
815999617,0.102295,0.116211,1.050049
816004617,0.099609,0.115234,1.041504
816009617,0.10083,0.121582,1.044189
816014617,0.096436,0.114502,1.038574
816019617,0.101074,0.115479,1.037598
816024617,0.095947,0.114258,1.035645
816029617,0.095947,0.110107,1.037109
816034617,0.097656,0.112793,1.037109
816039617,0.096436,0.113281,1.038818
816044617,0.092285,0.112549,1.038086
816049617,0.09668,0.116943,1.042725
816054617,0.093506,0.117676,1.041992
816059617,0.093018,0.115967,1.033447
816064617,0.099609,0.11499,1.040771
816069617,0.097168,0.115234,1.039795
816074617,0.095947,0.116211,1.038086
816079617,0.098389,0.116211,1.042725
816084617,0.096436,0.116211,1.043701
816089617,0.096924,0.11792,1.043457
816094617,0.099609,0.119141,1.037354
816099617,0.099365,0.113281,1.038818
816104617,0.091797,0.115967,1.035889
816109617,0.093994,0.113281,1.043701
816114617,0.094238,0.111816,1.046143
816119617,0.09375,0.115967,1.045898
816124617,0.092041,0.111572,1.038574
816129617,0.09375,0.11499,1.037598
816134617,0.094727,0.11792,1.044678
816139617,0.092529,0.11792,1.049072
816144617,0.095459,0.114746,1.04248
816149617,0.096436,0.119141,1.041504
816154617,0.094727,0.115234,1.030518
816159617,0.097412,0.117432,1.046631
816164617,0.094971,0.115967,1.039551
816169617,0.102051,0.117188,1.050781
816174617,0.091309,0.117432,1.038086
816179617,0.0979,0.117188,1.04248
816184617,0.096436,0.114502,1.047607
816189617,0.097412,0.118652,1.046631
816194617,0.092041,0.118652,1.042725
816199617,0.092041,0.122559,1.044922
816204617,0.094238,0.11792,1.04126
816209617,0.099121,0.117676,1.04541
816214617,0.0979,0.114502,1.047852
816219617,0.102051,0.118164,1.040039
816224617,0.091064,0.114014,1.035889
816229617,0.09668,0.114746,1.031982
816234617,0.094238,0.11377,1.04248
816239617,0.095459,0.115234,1.047363
816244617,0.086914,0.118164,1.039063
816249617,0.09375,0.118652,1.041504
816254617,0.087646,0.114746,1.037354
816259617,0.095459,0.116699,1.039795
816264617,0.092041,0.114746,1.036865
816269617,0.092285,0.11792,1.045654
816274617,0.093994,0.116699,1.041748
816279617,0.095703,0.119629,1.042969
816284617,0.099854,0.117432,1.03833
816289617,0.102539,0.116699,1.043457
816294617,0.100342,0.115234,1.043213
816299617,0.097656,0.120605,1.04126
816304617,0.097168,0.115479,1.041016
816309617,0.096436,0.115723,1.040527
816314617,0.098389,0.113037,1.044189
816319617,0.092773,0.119385,1.041992
816324617,0.091064,0.115479,1.043457
816329617,0.095703,0.119141,1.048584
816334617,0.100342,0.116455,1.044678
816339617,0.093262,0.118164,1.042969
816344617,0.098389,0.122314,1.044189
816349617,0.092285,0.120605,1.043701
816354617,0.098633,0.116699,1.039307
816359617,0.099365,0.115234,1.040039
816364617,0.095947,0.114258,1.047119
816369617,0.099121,0.113037,1.044922
816374617,0.101563,0.114014,1.039307
816379617,0.09375,0.115234,1.049316
816384617,0.0979,0.11792,1.047852
816389617,0.099121,0.118896,1.041992
816394617,0.094971,0.113525,1.040771
816399617,0.092041,0.118896,1.033691
816404617,0.0979,0.116211,1.046631
816409617,0.092041,0.114014,1.036133
816414617,0.100586,0.119141,1.03833
816419617,0.094971,0.117432,1.04126
816424617,0.096924,0.113525,1.040771
816429617,0.101563,0.113525,1.042725
816434617,0.09668,0.116211,1.045166
816439617,0.097412,0.116943,1.039551
816444617,0.096436,0.117432,1.037109
816449617,0.095703,0.115479,1.041504
816454617,0.095459,0.115234,1.04834
816459617,0.095947,0.118652,1.039307
816464617,0.095215,0.117676,1.036865
816469617,0.091309,0.11792,1.037842
816474617,0.098389,0.114258,1.032227
816479617,0.095947,0.119141,1.037842
816484617,0.096924,0.115479,1.032227
816489617,0.094727,0.118408,1.037598
816494617,0.095459,0.115967,1.032715
816499617,0.0979,0.118164,1.033691
816504617,0.093506,0.117676,1.037842
816509617,0.098389,0.114258,1.03418
816514617,0.095459,0.115723,1.040527
816519617,0.092773,0.114258,1.036377
816524617,0.089844,0.118896,1.035156
816529617,0.09668,0.112793,1.040039
816534617,0.094727,0.116699,1.032959
816539617,0.0979,0.114746,1.041504
816544617,0.0979,0.117676,1.046631
816549617,0.097656,0.116943,1.042969
816554617,0.096436,0.12085,1.033447
816559617,0.096436,0.11377,1.044434
816564617,0.098145,0.117432,1.040771
816569617,0.102539,0.116455,1.046631
816574617,0.095215,0.118408,1.049805
816579617,0.09668,0.12207,1.043213
816584617,0.089355,0.119141,1.033447
816589617,0.091309,0.116699,1.042236
816594617,0.093506,0.120361,1.03833
816599617,0.093994,0.117188,1.043945
816604617,0.097412,0.118652,1.04834
816609617,0.099854,0.117188,1.037354
816614617,0.092285,0.115234,1.045898
816619617,0.095703,0.116943,1.038818
816624617,0.095947,0.116455,1.047852
816629617,0.098145,0.116211,1.04126
816634617,0.095703,0.118164,1.040039
816639617,0.103516,0.119873,1.041504
816644617,0.09668,0.118408,1.043701
816649617,0.096191,0.115967,1.037354
816654617,0.093018,0.11792,1.034424
816659617,0.094727,0.12085,1.043701
816664617,0.094727,0.119629,1.048584
816669617,0.099121,0.113281,1.049805
816674617,0.093994,0.111084,1.045654
816679617,0.098145,0.114746,1.040039
816684617,0.091309,0.116455,1.039795
816689617,0.097656,0.11499,1.040527
816694617,0.095947,0.112549,1.039551
816699617,0.102295,0.115234,1.047363
816704617,0.098633,0.117676,1.041504
816709617,0.096191,0.122559,1.041504
816714617,0.09375,0.116211,1.034912
816719617,0.098389,0.113525,1.040039
816724617,0.099609,0.111816,1.041748
816729617,0.095459,0.11084,1.043213
816734617,0.095947,0.120605,1.045654
816739617,0.091553,0.119141,1.051514
816744617,0.095703,0.116211,1.045654
816749617,0.09375,0.115479,1.042236
816754617,0.098145,0.11499,1.038574
816759617,0.095215,0.116455,1.041504
816764617,0.0979,0.118896,1.044434
816769617,0.094482,0.118408,1.037354
816774617,0.094238,0.11499,1.036133
816779617,0.093994,0.114014,1.044678
816784617,0.0979,0.115723,1.052002
816789617,0.100342,0.118164,1.038818
816794617,0.094238,0.117432,1.043945
816799617,0.095703,0.118408,1.041748
816804617,0.095947,0.111084,1.045166
816809617,0.094971,0.114258,1.044189
816814617,0.097168,0.113281,1.049072
816819617,0.101807,0.116943,1.043457
816824617,0.098877,0.117432,1.040283
816829617,0.093506,0.114502,1.037109
816834617,0.09375,0.112793,1.041992
816839617,0.098877,0.11792,1.040283
816844617,0.093994,0.117188,1.040771
816849617,0.096924,0.112793,1.043213
816854617,0.098389,0.112061,1.044434
816859617,0.0979,0.112549,1.03833
816864617,0.091797,0.116943,1.043457
816869617,0.100586,0.113281,1.044434
816874617,0.095947,0.113037,1.038818
816879617,0.102539,0.11792,1.044678
816884617,0.096436,0.116455,1.043213
816889617,0.097656,0.11792,1.048828
816894617,0.096191,0.116455,1.043945
816899617,0.096924,0.113281,1.039307
816904617,0.096436,0.115723,1.041748
816909617,0.097168,0.111084,1.040771
816914617,0.094238,0.112305,1.038574
816919617,0.101318,0.11499,1.038574
816924617,0.098877,0.112793,1.039795
816929617,0.095703,0.115723,1.041992
816934617,0.101318,0.112793,1.039551
816939617,0.094727,0.115967,1.040283
816944617,0.095947,0.117676,1.038086
816949617,0.101807,0.116699,1.04126
816954617,0.098145,0.116211,1.046143
816959617,0.095947,0.117676,1.043457
816964617,0.099854,0.11792,1.041992
816969617,0.099854,0.120117,1.044922
816974617,0.099121,0.114746,1.047363
816979617,0.09668,0.11084,1.039551
816984617,0.096191,0.115479,1.046631
816989617,0.100586,0.117188,1.039063
816994617,0.09668,0.113037,1.049316
816999617,0.098389,0.116211,1.041992
817004617,0.093994,0.114746,1.043701
817009617,0.094482,0.120117,1.033691
817014617,0.098145,0.114014,1.037598
817019617,0.093018,0.114746,1.041748
817024617,0.092285,0.116943,1.040527
817029617,0.095215,0.111328,1.038574
817034617,0.095947,0.121338,1.035889
817039617,0.098633,0.116699,1.048828
817044617,0.095703,0.115479,1.037109
817049617,0.100098,0.115723,1.045166
817054617,0.094238,0.114258,1.038818
817059617,0.098633,0.117676,1.047363
817064617,0.094482,0.12085,1.042236
817069617,0.098877,0.11377,1.041992
817074617,0.098389,0.117188,1.044189
817079617,0.097412,0.115723,1.04248
817084617,0.0979,0.114014,1.042969
817089617,0.099121,0.114014,1.039307
817094617,0.094971,0.119873,1.04126
817099617,0.098877,0.118896,1.042725
817104617,0.092773,0.114502,1.038818
817109617,0.095459,0.111572,1.042236
817114617,0.095947,0.119141,1.039795
817119617,0.096191,0.109131,1.03125
817124617,0.104248,0.120117,1.053955
817129617,0.09668,0.120361,1.036133
817134617,0.096924,0.122559,1.047363
817139617,0.091309,0.120605,1.038086
817144617,0.094727,0.117676,1.038086
817149617,0.093018,0.118164,1.037109
817154617,0.098145,0.112061,1.041748
817159617,0.10083,0.113037,1.041016
817164617,0.097168,0.112549,1.044678
817169617,0.097412,0.118896,1.040771
817174617,0.09375,0.116211,1.038086
817179617,0.090332,0.115723,1.040039
817184617,0.092041,0.116211,1.039795
817189617,0.092773,0.113525,1.038818
817194617,0.094971,0.112305,1.037598
817199617,0.094727,0.114258,1.036621
817204617,0.097168,0.117432,1.042969
817209617,0.091797,0.111572,1.026123
817214617,0.097168,0.116699,1.047119
817219617,0.095459,0.115967,1.042969
817224617,0.095215,0.11377,1.037354
817229617,0.101563,0.111572,1.047119
817234617,0.094727,0.116211,1.040527
817239617,0.09375,0.116699,1.041016
817244617,0.094482,0.11792,1.042236
817249617,0.094971,0.112305,1.038818
817254617,0.094727,0.114258,1.044434
817259617,0.102783,0.112793,1.044678
817264617,0.103516,0.113525,1.053955
817269617,0.098389,0.119629,1.047363
817274617,0.088867,0.119873,1.040283
817279617,0.078857,0.126221,1.039307
817284617,0.088867,0.111572,1.024414
817289617,0.106934,0.104248,1.046387
817294617,0.105713,0.11377,1.018555
817299617,0.110107,0.112793,1.05249
817304617,0.097412,0.116699,1.034668
817309617,0.102295,0.123535,1.051514
817314617,0.100098,0.122314,1.044922
817319617,0.10083,0.120605,1.045898
817324617,0.094482,0.121338,1.044434
817329617,0.102295,0.108643,1.041016
817334617,0.099121,0.117432,1.05542
817339617,0.092041,0.122803,1.034912
817344617,0.091797,0.112305,1.041016
817349617,0.099365,0.114746,1.048828
817354617,0.089111,0.111816,1.041992
817359617,0.094971,0.116211,1.040039
817364617,0.085693,0.114746,1.024658
817369617,0.107666,0.10791,1.047363
817374617,0.098633,0.117432,1.032715
817379617,0.096191,0.115723,1.03833
817384617,0.102295,0.123291,1.051025
817389617,0.090576,0.118652,1.025146
817394617,0.109619,0.11499,1.053711
817399617,0.094238,0.121094,1.037354
817404617,0.094727,0.119385,1.041992
817409617,0.094971,0.117188,1.046387
817414617,0.096924,0.116943,1.036621
817419617,0.093506,0.11792,1.041992
817424617,0.092285,0.11084,1.037598
817429617,0.09668,0.110352,1.045166
817434617,0.095947,0.114746,1.035645
817439617,0.098145,0.115967,1.043457
817444617,0.099121,0.112061,1.034424
817449617,0.105957,0.112061,1.04541
817454617,0.103516,0.116699,1.049072
817459617,0.094727,0.114014,1.041992
817464617,0.097656,0.111328,1.070068
817469617,0.06543,0.135498,1.07373
817474617,0.048584,0.114746,1.021729
817479617,0.073242,0.105225,1.055908
817484617,0.07666,0.102539,1.029785
817489617,0.096436,0.094482,1.022461
817494617,0.097656,0.10376,1.018311
817499617,0.115967,0.103516,1.039795
817504617,0.114746,0.125,1.046387
817509617,0.094238,0.127441,1.02124
817514617,0.098145,0.140869,1.057373
817519617,0.08374,0.129639,1.040527
817524617,0.086182,0.124756,1.044434
817529617,0.098145,0.116455,1.043457
817534617,0.093994,0.115234,1.038818
817539617,0.10498,0.111328,1.032715
817544617,0.106201,0.116211,1.047363
817549617,0.101074,0.123535,1.037354
817554617,0.0979,0.119873,1.043213
817559617,0.095215,0.119873,1.049316
817564617,0.098389,0.115479,1.050293
817569617,0.095215,0.118164,1.04248
817574617,0.09375,0.11792,1.04126
817579617,0.099609,0.113525,1.044678
817584617,0.095459,0.107666,1.041016
817589617,0.093994,0.113525,1.042236
817594617,0.091553,0.112793,1.045166
817599617,0.090088,0.114014,1.039551
817604617,0.093506,0.114746,1.042236
817609617,0.098877,0.112305,1.033691
817614617,0.094482,0.113037,1.043701
817619617,0.097412,0.116943,1.040527
817624617,0.090332,0.115723,1.044434
817629617,0.09375,0.112549,1.040039
817634617,0.093506,0.115234,1.04541
817639617,0.100098,0.117676,1.040283
817644617,0.095215,0.116211,1.035889
817649617,0.095947,0.11792,1.040039
817654617,0.093506,0.122314,1.039063
817659617,0.096436,0.11377,1.041748
817664617,0.100342,0.113037,1.040527
817669617,0.097412,0.115479,1.037598
817674617,0.096924,0.116943,1.040283
817679617,0.098145,0.116699,1.039795
817684617,0.094971,0.118896,1.039307
817689617,0.105957,0.10791,1.055664
817694617,0.074707,0.131836,1.037109
817699617,0.077881,0.110352,1.032471
817704617,0.085449,0.114746,1.048584
817709617,0.086914,0.103027,1.023193
817714617,0.111572,0.108154,1.046875
817719617,0.102783,0.114014,1.029297
817724617,0.118652,0.112549,1.041748
817729617,0.10498,0.125488,1.038086
817734617,0.10791,0.124268,1.042725
817739617,0.095215,0.130859,1.044189
817744617,0.090332,0.120605,1.040527
817749617,0.095947,0.118652,1.058105
817754617,0.090332,0.117432,1.040283
817759617,0.091553,0.11499,1.041016
817764617,0.094971,0.111084,1.037354
817769617,0.100586,0.113037,1.041504
817774617,0.095215,0.114502,1.045654
817779617,0.098389,0.119385,1.042725
817784617,0.093506,0.116699,1.040039
817789617,0.095215,0.111328,1.042969
817794617,0.09668,0.117188,1.042725
817799617,0.096191,0.119873,1.041504
817804617,0.102783,0.11792,1.042725
817809617,0.09668,0.120117,1.046387
817814617,0.09375,0.117188,1.046143
817819617,0.095215,0.120605,1.039551
817824617,0.099609,0.117676,1.033936
817829617,0.097168,0.120605,1.034424
817834617,0.097656,0.114258,1.047119
817839617,0.101563,0.116455,1.04248
817844617,0.096436,0.114502,1.046875
817849617,0.095459,0.118652,1.040039
817854617,0.096191,0.117676,1.040527
817859617,0.100098,0.117432,1.039307
817864617,0.097412,0.116211,1.040527
817869617,0.095215,0.116455,1.046875
817874617,0.099121,0.113037,1.040039
817879617,0.096924,0.119141,1.042236
817884617,0.101318,0.115234,1.040039
817889617,0.098633,0.117676,1.041504
817894617,0.090332,0.115234,1.040527
817899617,0.091309,0.121338,1.04541
817904617,0.096436,0.115234,1.044189
817909617,0.097412,0.114014,1.041992
817914617,0.098389,0.112305,1.037598
817919617,0.097412,0.116699,1.041748
817924617,0.094727,0.118408,1.04126
817929617,0.096191,0.117676,1.041504
817934617,0.091797,0.121094,1.044189
817939617,0.093018,0.116211,1.045166
817944617,0.098877,0.117676,1.040771
817949617,0.093994,0.117188,1.041748
817954617,0.090088,0.118408,1.029297
817959617,0.11084,0.109131,1.03418
817964617,0.111816,0.114258,1.049805
817969617,0.10498,0.123779,1.02124
817974617,0.106689,0.119385,1.043945
817979617,0.107178,0.123535,1.045898
817984617,0.093994,0.123779,1.037598
817989617,0.101563,0.117432,1.047852
817994617,0.085937,0.119629,1.034912
817999617,0.088379,0.110107,1.042969
818004617,0.094482,0.116699,1.053711
818009617,0.088135,0.110596,1.041992
818014617,0.101807,0.114746,1.046387
818019617,0.0979,0.115234,1.04126
818024617,0.100098,0.117188,1.044922
818029617,0.096191,0.115967,1.036133
818034617,0.099609,0.11499,1.042236
818039617,0.098389,0.116943,1.041504
818044617,0.097412,0.115234,1.036377
818049617,0.102539,0.115723,1.038574
818054617,0.094482,0.11792,1.03833
818059617,0.089355,0.115723,1.036133
818064617,0.094238,0.116455,1.040039
818069617,0.096436,0.116943,1.039551
818074617,0.096191,0.116455,1.046875
818079617,0.103271,0.117676,1.045654
818084617,0.096191,0.117188,1.044434
818089617,0.097168,0.119385,1.043457
818094617,0.10083,0.115723,1.037598
818099617,0.102051,0.114746,1.039063
818104617,0.100586,0.115479,1.052734
818109617,0.097412,0.114746,1.041992
818114617,0.095215,0.116211,1.044678
818119617,0.093994,0.118164,1.052979
818124617,0.099854,0.113525,1.047119
818129617,0.099609,0.113037,1.045166
818134617,0.094482,0.114258,1.041748
818139617,0.095947,0.116943,1.044678
818144617,0.094238,0.116211,1.038086
818149617,0.096436,0.120361,1.041504
818154617,0.093506,0.12085,1.039551
818159617,0.104004,0.115234,1.048096
818164617,0.099609,0.115234,1.042236
818169617,0.103516,0.113281,1.039795
818174617,0.099609,0.116943,1.052246
818179617,0.090088,0.125244,1.043457
818184617,0.094238,0.106201,1.03125
818189617,0.104736,0.112305,1.046875
818194617,0.089355,0.125732,1.042236
818199617,0.095459,0.109131,1.04126
818204617,0.094482,0.125488,1.064697
818209617,0.07959,0.120361,1.039063
818214617,0.091309,0.110352,1.053955
818219617,0.089355,0.114502,1.041748
818224617,0.095459,0.109863,1.038818
818229617,0.101074,0.107422,1.03833
818234617,0.10083,0.116211,1.03418
818239617,0.101563,0.115234,1.041016
818244617,0.098389,0.11792,1.039551
818249617,0.094727,0.120361,1.036621
818254617,0.100342,0.112061,1.037842
818259617,0.091553,0.118896,1.041748
818264617,0.095703,0.118164,1.03418
818269617,0.096436,0.116699,1.056152
818274617,0.0979,0.115967,1.041504
818279617,0.089355,0.119385,1.037354
818284617,0.093262,0.115967,1.044922
818289617,0.095947,0.112305,1.038574
818294617,0.098389,0.113525,1.042969
818299617,0.097656,0.114502,1.043701
818304617,0.099854,0.117432,1.044434
818309617,0.099365,0.111328,1.040771
818314617,0.099121,0.11792,1.041504
818319617,0.0979,0.117432,1.035156
818324617,0.091064,0.116943,1.033203
818329617,0.098145,0.116699,1.044434
818334617,0.097412,0.119141,1.039795
818339617,0.089844,0.109375,1.032471
818344617,0.096191,0.115967,1.052979
818349617,0.08667,0.116211,1.032471
818354617,0.100098,0.12085,1.053711
818359617,0.093018,0.112549,1.029297
818364617,0.101807,0.115723,1.044678
818369617,0.102783,0.115723,1.060791
818374617,0.096191,0.117188,1.048584
818379617,0.097656,0.118652,1.033447
818384617,0.10376,0.114502,1.039307
818389617,0.102295,0.116943,1.041016
818394617,0.101807,0.121582,1.050781
818399617,0.09668,0.118896,1.043457
818404617,0.099609,0.114258,1.049805
818409617,0.093262,0.119141,1.047852
818414617,0.094482,0.118896,1.041992
818419617,0.091797,0.115967,1.031738
818424617,0.093506,0.116699,1.038574
818429617,0.093994,0.121094,1.047852
818434617,0.093018,0.118408,1.039063
818439617,0.094971,0.116211,1.046875
818444617,0.10083,0.115479,1.043457
818449617,0.098145,0.117188,1.039063
818454617,0.099854,0.11499,1.041016
818459617,0.09668,0.113037,1.040039
818464617,0.095215,0.118408,1.044678
818469617,0.097412,0.115967,1.041016
818474617,0.096436,0.111572,1.044678
818479617,0.094238,0.118652,1.040283
818484617,0.095215,0.11499,1.037598
818489617,0.09375,0.114746,1.035156
818494617,0.095947,0.11499,1.044678
818499617,0.098145,0.116943,1.043945
818504617,0.093262,0.114258,1.041016
818509617,0.099121,0.114746,1.043213
818514617,0.098389,0.112793,1.035645
818519617,0.093994,0.121094,1.044922
818524617,0.09668,0.112793,1.035645
818529617,0.09375,0.114258,1.036621
818534617,0.090576,0.114502,1.03833
818539617,0.100586,0.118164,1.051514
818544617,0.094727,0.112793,1.033447
818549617,0.108154,0.112793,1.039551
818554617,0.092529,0.117676,1.044189
818559617,0.097168,0.116211,1.0354
818564617,0.090332,0.120605,1.052246
818569617,0.089844,0.121582,1.03833
818574617,0.097168,0.114502,1.039795
818579617,0.095703,0.115234,1.039551
818584617,0.097168,0.117188,1.045166
818589617,0.091797,0.11377,1.040039
818594617,0.098877,0.117188,1.052979
818599617,0.096924,0.119385,1.043701
818604617,0.102051,0.115479,1.039795
818609617,0.101074,0.11499,1.041504
818614617,0.097656,0.118164,1.041016
818619617,0.094482,0.116211,1.044189
818624617,0.099609,0.119629,1.043701
818629617,0.094482,0.11792,1.026123
818634617,0.10083,0.119141,1.027588
818639617,0.111328,0.114746,1.040527
818644617,0.105957,0.115723,1.037842
818649617,0.101563,0.126465,1.043945
818654617,0.096191,0.122314,1.045654
818659617,0.091797,0.119629,1.041748
818664617,0.09082,0.117432,1.028076
818669617,0.092285,0.115234,1.032959
818674617,0.095947,0.115479,1.038818
818679617,0.096436,0.111816,1.05249
818684617,0.096436,0.117676,1.037598
818689617,0.093018,0.115479,1.033203
818694617,0.098877,0.116699,1.041016
818699617,0.095703,0.116699,1.039551
818704617,0.095947,0.118408,1.042236
818709617,0.094482,0.11792,1.040283
818714617,0.095215,0.116211,1.045654
818719617,0.091064,0.115723,1.032715
818724617,0.100586,0.113037,1.042725
818729617,0.098877,0.115479,1.043701
818734617,0.092041,0.118164,1.041016
818739617,0.094482,0.111816,1.035889
818744617,0.094238,0.11499,1.044922
818749617,0.099854,0.123047,1.037109
818754617,0.100586,0.113525,1.037354
818759617,0.103516,0.11499,1.037842
818764617,0.103027,0.113525,1.046387
818769617,0.09668,0.118408,1.045898
818774617,0.09668,0.122314,1.041504
818779617,0.093994,0.11792,1.044189
818784617,0.101074,0.110352,1.046631
818789617,0.100098,0.114258,1.037109
818794617,0.096191,0.119141,1.04248
818799617,0.094238,0.114014,1.040039
818804617,0.095947,0.112549,1.04834
818809617,0.0979,0.111816,1.04248
818814617,0.096191,0.119141,1.048096
818819617,0.091797,0.112549,1.030518
818824617,0.100098,0.120605,1.041748
818829617,0.104248,0.114746,1.04248
818834617,0.098145,0.114502,1.038574
818839617,0.093018,0.117676,1.038574
818844617,0.096436,0.115479,1.039795
818849617,0.0979,0.116943,1.040527
818854617,0.098633,0.113525,1.047119
818859617,0.095215,0.114258,1.045898
818864617,0.097168,0.116943,1.045166
818869617,0.09375,0.114502,1.043457
818874617,0.099609,0.114746,1.040283
818879617,0.093994,0.114746,1.042969
818884617,0.095215,0.116699,1.03833
818889617,0.093018,0.117188,1.043457
818894617,0.095703,0.115479,1.037354
818899617,0.099121,0.112549,1.049072
818904617,0.096436,0.115234,1.047363
818909617,0.100342,0.116211,1.04248
818914617,0.100342,0.11377,1.040039
818919617,0.095703,0.11499,1.036621
818924617,0.093994,0.115967,1.039795
818929617,0.093506,0.116455,1.036865
818934617,0.098633,0.11377,1.043213
818939617,0.092529,0.119873,1.045166
818944617,0.091064,0.119629,1.043457
818949617,0.098145,0.11499,1.044434
818954617,0.095215,0.115723,1.041992
818959617,0.094238,0.117188,1.045166
818964617,0.099854,0.119141,1.050049
818969617,0.088867,0.111572,1.041504
818974617,0.099365,0.112549,1.04541
818979617,0.101318,0.11377,1.046875
818984617,0.090088,0.11499,1.036621
818989617,0.103271,0.119629,1.039307
818994617,0.101074,0.114014,1.05249
818999617,0.094238,0.114258,1.034424
819004617,0.101563,0.116455,1.036865
819009617,0.097656,0.12085,1.048584
819014617,0.093506,0.115479,1.046631
819019617,0.09082,0.117432,1.033203
819024617,0.095215,0.115234,1.041992
819029617,0.099121,0.114746,1.053223
819034617,0.096436,0.11377,1.038574
819039617,0.10083,0.117188,1.033691
819044617,0.095703,0.118652,1.041992
819049617,0.09082,0.108887,1.042236
819054617,0.098145,0.116211,1.028076
819059617,0.098145,0.115967,1.035645
819064617,0.098877,0.114258,1.04248
819069617,0.100098,0.117188,1.041016
819074617,0.093506,0.116943,1.031982
819079617,0.095459,0.114502,1.046143
819084617,0.093994,0.116211,1.043213
819089617,0.092529,0.117432,1.036133
819094617,0.095703,0.116699,1.046875
819099617,0.094482,0.111328,1.045166
819104617,0.09668,0.114746,1.039307
819109617,0.097412,0.108887,1.036133
819114617,0.097168,0.111572,1.041748
819119617,0.095459,0.111084,1.047852
819124617,0.095703,0.114502,1.036865
819129617,0.0979,0.115479,1.044678
819134617,0.103027,0.119385,1.041992
819139617,0.104248,0.11499,1.044922
819144617,0.097656,0.119873,1.038086
819149617,0.099854,0.117188,1.040771
819154617,0.098145,0.121094,1.046875
819159617,0.096924,0.12085,1.043457
819164617,0.093506,0.11499,1.03833
819169617,0.095459,0.121094,1.047607
819174617,0.095703,0.109619,1.037598
819179617,0.096436,0.114746,1.040527
819184617,0.098389,0.11499,1.03833
819189617,0.094727,0.11792,1.036621
819194617,0.099365,0.114014,1.049805
819199617,0.092773,0.118164,1.043213
819204617,0.0896,0.113037,1.037354
819209617,0.099854,0.112549,1.049316
819214617,0.095703,0.115234,1.046631
819219617,0.089844,0.116943,1.036621
819224617,0.094238,0.117432,1.045166
819229617,0.092529,0.114502,1.037354
819234617,0.097412,0.113525,1.037842
819239617,0.098389,0.116699,1.041504
819244617,0.097656,0.120117,1.031982
819249617,0.096436,0.11499,1.041992
819254617,0.101074,0.114258,1.037354
819259617,0.103271,0.116699,1.038818
819264617,0.092041,0.12085,1.039551
819269617,0.094971,0.116455,1.044189
819274617,0.099365,0.117188,1.040771
819279617,0.099365,0.116455,1.034668
819284617,0.096924,0.114014,1.039307
819289617,0.098633,0.114502,1.039795
819294617,0.095703,0.115967,1.043457
819299617,0.101074,0.114502,1.041748
819304617,0.092529,0.11377,1.044189
819309617,0.0979,0.121338,1.041016
819314617,0.097168,0.114258,1.038818
819319617,0.10376,0.11377,1.04541
819324617,0.099365,0.116211,1.040527
819329617,0.097168,0.120117,1.039063
819334617,0.094971,0.116699,1.038086
819339617,0.098389,0.117188,1.044922
819344617,0.094482,0.111084,1.045654
819349617,0.099854,0.118164,1.041992
819354617,0.102783,0.116455,1.043701
819359617,0.099121,0.116455,1.042969
819364617,0.094482,0.120117,1.042725
819369617,0.096191,0.116455,1.041016
819374617,0.097412,0.114258,1.040283
819379617,0.093018,0.111572,1.042236
819384617,0.09375,0.116699,1.04834
819389617,0.092529,0.116211,1.034912
819394617,0.093994,0.113037,1.04834
819399617,0.094238,0.111328,1.039795
819404617,0.097168,0.110107,1.041748
819409617,0.097168,0.115479,1.050537
819414617,0.095703,0.115234,1.037109
819419617,0.093506,0.116699,1.033691
819424617,0.09668,0.112793,1.030273
819429617,0.099365,0.117676,1.045898
819434617,0.091797,0.113037,1.037354
819439617,0.099121,0.116699,1.043457
819444617,0.097168,0.115967,1.035156
819449617,0.09668,0.124023,1.041504
819454617,0.096191,0.119873,1.044678
819459617,0.093994,0.115234,1.051758
819464617,0.10083,0.112793,1.044678
819469617,0.0979,0.110352,1.043457
819474617,0.099609,0.116455,1.038086
819479617,0.099365,0.114014,1.045654
819484617,0.098389,0.112793,1.043945
819489617,0.100342,0.118896,1.040283
819494617,0.099365,0.111084,1.038574
819499617,0.098633,0.11377,1.038086
819504617,0.097168,0.114014,1.040039
819509617,0.09668,0.116455,1.038818
819514617,0.097656,0.119873,1.042969
819519617,0.092041,0.114502,1.04541
819524617,0.097656,0.11792,1.046875
819529617,0.088379,0.115723,1.037354
819534617,0.091064,0.116943,1.036133
819539617,0.096436,0.114258,1.044189
819544617,0.095703,0.114258,1.038818
819549617,0.094727,0.112305,1.044189
819554617,0.098877,0.11377,1.043945
819559617,0.097168,0.115479,1.043701
819564617,0.095459,0.113525,1.039551
819569617,0.095459,0.113525,1.045898
819574617,0.0979,0.111328,1.044678
819579617,0.097412,0.115479,1.046875
819584617,0.101318,0.117188,1.040283
819589617,0.097412,0.12207,1.040527
819594617,0.097656,0.118408,1.043457
819599617,0.095947,0.116699,1.037109
819604617,0.096924,0.115479,1.041992
819609617,0.099854,0.117676,1.049072
819614617,0.0979,0.117188,1.041992
819619617,0.0979,0.115479,1.038086
819624617,0.094238,0.11377,1.036133
819629617,0.095215,0.11377,1.039063
819634617,0.096436,0.114746,1.046143
819639617,0.100342,0.11499,1.053711
819644617,0.099365,0.117188,1.046631
819649617,0.088135,0.116943,1.026611
819654617,0.096191,0.118408,1.036865
819659617,0.100586,0.11377,1.040039
819664617,0.09375,0.119873,1.047852
819669617,0.090576,0.11792,1.049561
819674617,0.098877,0.114746,1.034668
819679617,0.096924,0.113525,1.03125
819684617,0.097168,0.117432,1.040527
819689617,0.094238,0.119873,1.040039
819694617,0.094727,0.117188,1.04248
819699617,0.10083,0.111816,1.048096
819704617,0.099365,0.112549,1.0354
819709617,0.103516,0.118896,1.039551
819714617,0.095215,0.117432,1.03833
819719617,0.096924,0.115234,1.042725
819724617,0.097168,0.120117,1.05249
819729617,0.092773,0.11499,1.039063
819734617,0.094971,0.109863,1.048584
819739617,0.097412,0.110352,1.037354
819744617,0.107178,0.118164,1.054443
819749617,0.087646,0.117676,1.035889
819754617,0.092773,0.115723,1.04541
819759617,0.100098,0.120605,1.060303
819764617,0.090088,0.115967,1.031494
819769617,0.098145,0.109619,1.047852
819774617,0.102295,0.115967,1.044678
819779617,0.094971,0.115967,1.041016
819784617,0.099121,0.120605,1.046143
819789617,0.0896,0.111816,1.039795
819794617,0.101074,0.112793,1.043945
819799617,0.094482,0.11792,1.038086
819804617,0.095947,0.121338,1.036621
819809617,0.095703,0.114502,1.048096
819814617,0.09668,0.119385,1.038574
819819617,0.095459,0.118408,1.043213
819824617,0.095703,0.120605,1.045898
819829617,0.097168,0.118408,1.036377
819834617,0.095459,0.119629,1.038818
819839617,0.094238,0.118896,1.037354
819844617,0.093994,0.115479,1.04126
819849617,0.095703,0.116211,1.042969
819854617,0.094238,0.111816,1.039795
819859617,0.096436,0.11377,1.042236
819864617,0.096436,0.116455,1.044434
819869617,0.095703,0.11499,1.046387
819874617,0.092773,0.113525,1.038086
819879617,0.094727,0.119385,1.04834
819884617,0.093994,0.117676,1.04248
819889617,0.100586,0.11499,1.042236
819894617,0.098145,0.112549,1.041016
819899617,0.098877,0.116699,1.044922
819904617,0.097656,0.116211,1.047119
819909617,0.087402,0.115723,1.034912
819914617,0.09375,0.113281,1.045166
819919617,0.095703,0.117432,1.041992
819924617,0.098633,0.118408,1.045898
819929617,0.093994,0.117432,1.037842
819934617,0.095947,0.11499,1.040527
819939617,0.095703,0.113037,1.038086
819944617,0.093262,0.111084,1.03418
819949617,0.095459,0.112793,1.036621
819954617,0.097412,0.11084,1.037109
819959617,0.095703,0.110352,1.03418
819964617,0.096191,0.116211,1.043945
819969617,0.090576,0.119385,1.04248
819974617,0.092773,0.113525,1.046631
819979617,0.094238,0.117676,1.04126
819984617,0.098389,0.114502,1.033936
819989617,0.095459,0.118408,1.041016
819994617,0.095947,0.119385,1.040771
819999617,0.09375,0.121094,1.04834
820004617,0.094971,0.121826,1.041992
820009617,0.095703,0.116943,1.041992
820014617,0.096436,0.11084,1.046631
820019617,0.099121,0.111816,1.047607
820024617,0.10083,0.116699,1.041504
820029617,0.095215,0.114014,1.037598
820034617,0.096436,0.114258,1.039307
820039617,0.092285,0.118408,1.040527
820044617,0.096924,0.112549,1.048096
820049617,0.092529,0.114014,1.042236
820054617,0.095703,0.115234,1.041016
820059617,0.098389,0.119141,1.056641
820064617,0.099365,0.119629,1.048828
820069617,0.103027,0.118408,1.038818
820074617,0.097656,0.120117,1.042725
820079617,0.098877,0.122559,1.044678
820084617,0.101074,0.11499,1.041992
820089617,0.102539,0.117676,1.03833
820094617,0.100586,0.116455,1.036133
820099617,0.103027,0.113525,1.032471
820104617,0.10083,0.115479,1.041748
820109617,0.098633,0.117188,1.043457
820114617,0.0979,0.109619,1.044434
820119617,0.098389,0.112793,1.047607
820124617,0.088135,0.115967,1.039551
820129617,0.091309,0.114258,1.046143
820134617,0.088135,0.112061,1.045898
820139617,0.089355,0.117188,1.042725
820144617,0.089844,0.112793,1.047119
820149617,0.0896,0.113525,1.049316
820154617,0.08667,0.120117,1.046143
820159617,0.092041,0.119873,1.043701
820164617,0.100098,0.110596,1.041992
820169617,0.106201,0.116455,1.040771
820174617,0.104492,0.112061,1.043945
820179617,0.103271,0.113281,1.036377
820184617,0.104248,0.118164,1.038818
820189617,0.101074,0.113281,1.032227
820194617,0.10498,0.115967,1.037842
820199617,0.097656,0.121338,1.038574
820204617,0.097168,0.12207,1.038818
820209617,0.091064,0.124023,1.044434
820214617,0.084473,0.120361,1.037109
820219617,0.090088,0.121582,1.037842
820224617,0.091309,0.121826,1.048828
820229617,0.092041,0.119629,1.040527
820234617,0.097168,0.117676,1.053467
820239617,0.099609,0.113525,1.042969
820244617,0.102539,0.11377,1.037598
820249617,0.099121,0.114502,1.041016
820254617,0.107178,0.112061,1.040771
820259617,0.103516,0.111816,1.029297
820264617,0.100342,0.112305,1.034424
820269617,0.101563,0.112061,1.039551
820274617,0.095703,0.121826,1.041992
820279617,0.090576,0.11792,1.041016
820284617,0.084229,0.115234,1.041016
820289617,0.084717,0.114746,1.043213
820294617,0.085693,0.112305,1.046631
820299617,0.0896,0.111816,1.048096
820304617,0.087891,0.115234,1.043213
820309617,0.092529,0.115967,1.046875
820314617,0.095459,0.117432,1.047607
820319617,0.100586,0.113281,1.043213
820324617,0.101807,0.114746,1.039551
820329617,0.101318,0.115479,1.036621
820334617,0.103027,0.112305,1.039307
820339617,0.105957,0.118408,1.042236
820344617,0.098389,0.116943,1.033936
820349617,0.088623,0.115723,1.03833
820354617,0.095459,0.115967,1.044922
820359617,0.095215,0.119629,1.048096
820364617,0.087646,0.124023,1.053711
820369617,0.090088,0.121338,1.050049
820374617,0.09082,0.115723,1.04541
820379617,0.093018,0.116455,1.040527
820384617,0.099121,0.116943,1.03833
820389617,0.104492,0.116943,1.04126
820394617,0.100098,0.116699,1.036865
820399617,0.097656,0.115723,1.040771
820404617,0.100586,0.113525,1.039307
820409617,0.099609,0.114502,1.027344
820414617,0.103516,0.114014,1.046631
820419617,0.100098,0.118896,1.040771
820424617,0.09375,0.117188,1.037598
820429617,0.094971,0.114502,1.046387
820434617,0.09375,0.117676,1.049805
820439617,0.090088,0.111816,1.042725
820444617,0.096191,0.115479,1.046631
820449617,0.088867,0.117676,1.041016
820454617,0.091064,0.116455,1.038818
820459617,0.095215,0.11499,1.044189
820464617,0.097656,0.111816,1.045898
820469617,0.104492,0.120361,1.043213
820474617,0.101074,0.115723,1.0354
820479617,0.102539,0.114014,1.040771
820484617,0.105713,0.119873,1.042725
820489617,0.093506,0.118408,1.037354
820494617,0.095947,0.123047,1.037354
820499617,0.089355,0.120361,1.04834
820504617,0.087646,0.118652,1.035889
820509617,0.090576,0.118652,1.044434
820514617,0.092285,0.113281,1.046875
820519617,0.095703,0.117188,1.042725
820524617,0.093262,0.117676,1.043945
820529617,0.101074,0.115723,1.040039
820534617,0.105225,0.113037,1.044922
820539617,0.102539,0.111572,1.037842
820544617,0.098877,0.115723,1.041016
820549617,0.106445,0.115234,1.036865
820554617,0.101807,0.113281,1.043457
820559617,0.100342,0.112061,1.03833
820564617,0.092529,0.116455,1.0354
820569617,0.088379,0.120361,1.043457
820574617,0.088623,0.117676,1.043945
820579617,0.087646,0.115479,1.041992
820584617,0.093262,0.119629,1.047607
820589617,0.09082,0.117676,1.040039
820594617,0.094238,0.11377,1.040771
820599617,0.09668,0.116211,1.044434
820604617,0.102295,0.116699,1.038818
820609617,0.102783,0.111816,1.037842
820614617,0.107178,0.11499,1.042725
820619617,0.102539,0.112549,1.027832
820624617,0.103271,0.115723,1.041504
820629617,0.095947,0.119629,1.035645
820634617,0.09668,0.11499,1.0354
820639617,0.093994,0.114746,1.04248
820644617,0.087158,0.117188,1.046143
820649617,0.081543,0.120361,1.046387
820654617,0.091309,0.119385,1.044434
820659617,0.09082,0.117188,1.041992
820664617,0.090576,0.116943,1.037354
820669617,0.096436,0.113525,1.04541
820674617,0.101318,0.115234,1.036621
820679617,0.103271,0.121826,1.039551
820684617,0.102051,0.119873,1.040527
820689617,0.101074,0.111084,1.039307
820694617,0.103516,0.111572,1.040771
820699617,0.102783,0.116455,1.042969
820704617,0.091064,0.116943,1.038574
820709617,0.095703,0.116455,1.03833
820714617,0.088135,0.112793,1.04834
820719617,0.091553,0.121582,1.041748
820724617,0.084229,0.122803,1.042969
820729617,0.085449,0.116699,1.04248
820734617,0.098877,0.118408,1.045654
820739617,0.098145,0.112549,1.043213
820744617,0.107666,0.11499,1.046143
820749617,0.10376,0.11377,1.042236
820754617,0.111328,0.11499,1.045166
820759617,0.098877,0.116943,1.027344
820764617,0.104004,0.114502,1.041748
820769617,0.094971,0.119141,1.037842
820774617,0.0896,0.112305,1.03418
820779617,0.099365,0.109863,1.037842
820784617,0.092041,0.114258,1.04126
820789617,0.090576,0.119629,1.037842
820794617,0.093994,0.118896,1.03833
820799617,0.092529,0.118164,1.044189
820804617,0.091064,0.117188,1.040039
820809617,0.090332,0.118408,1.045166
820814617,0.097412,0.11084,1.041504
820819617,0.102539,0.116211,1.039307
820824617,0.103027,0.11084,1.04541
820829617,0.106201,0.11499,1.038086
820834617,0.105469,0.116211,1.044678
820839617,0.101563,0.117188,1.036865
820844617,0.098145,0.116943,1.037109
820849617,0.098145,0.116699,1.033691
820854617,0.094238,0.114014,1.043945
820859617,0.092285,0.11377,1.03418
820864617,0.09082,0.116699,1.04126
820869617,0.092773,0.118896,1.042725
820874617,0.091064,0.114502,1.048828
820879617,0.098633,0.115479,1.043457
820884617,0.096191,0.114746,1.041748
820889617,0.094971,0.119873,1.038818
820894617,0.098389,0.118896,1.037354
820899617,0.101074,0.113525,1.036621
820904617,0.10498,0.112305,1.039795
820909617,0.098145,0.118408,1.038818
820914617,0.097168,0.117188,1.030273
820919617,0.0979,0.111816,1.040039
820924617,0.095703,0.115967,1.041016
820929617,0.090332,0.11792,1.042969
820934617,0.091309,0.115967,1.041504
820939617,0.092773,0.115967,1.044922
820944617,0.092041,0.118652,1.046387
820949617,0.094238,0.119629,1.04834
820954617,0.093262,0.118408,1.039063
820959617,0.095215,0.112549,1.037598
820964617,0.0979,0.109863,1.040771
820969617,0.102539,0.114258,1.041992
820974617,0.098633,0.114502,1.037109
820979617,0.095215,0.117188,1.039063
820984617,0.099365,0.113037,1.039551
820989617,0.095703,0.112793,1.048828
820994617,0.097412,0.115479,1.049561
820999617,0.093262,0.114502,1.04248
821004617,0.093506,0.11499,1.043945
821009617,0.090332,0.116943,1.04248
821014617,0.094971,0.116211,1.039551
821019617,0.093506,0.115234,1.041748
821024617,0.094971,0.112061,1.040283
821029617,0.102295,0.112549,1.04248
821034617,0.095459,0.117188,1.040039
821039617,0.095703,0.119873,1.044434
821044617,0.095215,0.118164,1.044189
821049617,0.104492,0.115234,1.037842
821054617,0.099365,0.115234,1.042236
821059617,0.101563,0.114746,1.039307
821064617,0.094727,0.118164,1.046631
821069617,0.093018,0.115479,1.047119
821074617,0.095459,0.118408,1.037109
821079617,0.09375,0.115723,1.040771
821084617,0.094727,0.118408,1.044434
821089617,0.099365,0.117432,1.048584
821094617,0.092773,0.116699,1.044922
821099617,0.097412,0.113037,1.041748
821104617,0.095703,0.117432,1.039551
821109617,0.094727,0.114258,1.040527
821114617,0.099121,0.116943,1.03418
821119617,0.099121,0.11499,1.045166
821124617,0.095459,0.11792,1.036377
821129617,0.099609,0.115967,1.045166
821134617,0.0979,0.11792,1.040283
821139617,0.096436,0.114502,1.039551
821144617,0.101318,0.116943,1.047852
821149617,0.099121,0.112549,1.042236
821154617,0.096436,0.114502,1.045898
821159617,0.097412,0.115723,1.044434
821164617,0.095703,0.115967,1.038818
821169617,0.098633,0.114502,1.037354
821174617,0.099121,0.116211,1.041748
821179617,0.096924,0.113525,1.038574
821184617,0.098145,0.119141,1.04248
821189617,0.0979,0.119873,1.046875
821194617,0.091553,0.116943,1.043213
821199617,0.094238,0.115723,1.039551
821204617,0.098877,0.118164,1.039307
821209617,0.095459,0.11792,1.045898
821214617,0.096191,0.116211,1.043213
821219617,0.096436,0.115967,1.040771
821224617,0.095947,0.111084,1.04126
821229617,0.097168,0.115723,1.03833
821234617,0.096436,0.117188,1.042969
821239617,0.097412,0.117188,1.040039
821244617,0.095947,0.114014,1.042725
821249617,0.093994,0.117432,1.044922
821254617,0.095703,0.111816,1.039307
821259617,0.092529,0.111816,1.041748
821264617,0.09082,0.114746,1.035645
821269617,0.096436,0.113281,1.037842
821274617,0.102295,0.116699,1.041504
821279617,0.098633,0.115723,1.031006
821284617,0.106689,0.114502,1.043213
821289617,0.101074,0.119873,1.051025
821294617,0.09375,0.118164,1.037598
821299617,0.099121,0.118896,1.046875
821304617,0.095947,0.114746,1.037109
821309617,0.097412,0.114746,1.036133
821314617,0.101074,0.113281,1.043213
821319617,0.097168,0.116943,1.035645
821324617,0.100586,0.117188,1.032959
821329617,0.094238,0.117432,1.041016
821334617,0.098633,0.118408,1.035645
821339617,0.095459,0.116943,1.043213
821344617,0.095703,0.114746,1.049072
821349617,0.093506,0.117432,1.040283
821354617,0.092773,0.112061,1.037598
821359617,0.0979,0.115723,1.044434
821364617,0.098877,0.116699,1.04126
821369617,0.095459,0.112305,1.038086
821374617,0.095459,0.116699,1.04248
821379617,0.098389,0.113525,1.038818
821384617,0.091553,0.11792,1.04248
821389617,0.092773,0.114014,1.041992
821394617,0.100098,0.115234,1.041992
821399617,0.094971,0.116943,1.043945
821404617,0.099854,0.117188,1.040283
821409617,0.095215,0.116455,1.040771
821414617,0.094971,0.118164,1.044922
821419617,0.09668,0.121582,1.040771
821424617,0.098633,0.118164,1.039307
821429617,0.099854,0.118408,1.043701
821434617,0.097168,0.117676,1.042236
821439617,0.094482,0.116211,1.041016
821444617,0.094238,0.11792,1.045654
821449617,0.095459,0.114014,1.043213
821454617,0.09375,0.116211,1.042725
821459617,0.098877,0.112549,1.04126
821464617,0.098633,0.11377,1.047607
821469617,0.092773,0.113525,1.044678
821474617,0.096436,0.117432,1.039551
821479617,0.093994,0.120117,1.046143
821484617,0.097168,0.115234,1.043457
821489617,0.0979,0.112549,1.043457
821494617,0.093994,0.114014,1.039551
821499617,0.097656,0.115723,1.041748
821504617,0.09375,0.118896,1.040283
821509617,0.095947,0.111816,1.039551
821514617,0.098633,0.118896,1.044922
821519617,0.09668,0.114746,1.033447
821524617,0.094482,0.114258,1.044434
821529617,0.0979,0.11377,1.045166
821534617,0.095215,0.111572,1.036133
821539617,0.09668,0.11792,1.044189
821544617,0.101318,0.117432,1.047852
821549617,0.102051,0.114746,1.040527
821554617,0.098389,0.113281,1.040771
821559617,0.095459,0.115723,1.040039
821564617,0.096191,0.117188,1.034912
821569617,0.092041,0.110107,1.039795
821574617,0.097168,0.114502,1.041992
821579617,0.101074,0.114502,1.036377
821584617,0.091553,0.12085,1.039551
821589617,0.087646,0.118652,1.037109
821594617,0.101074,0.112305,1.053467
821599617,0.092285,0.112549,1.044922
821604617,0.095947,0.115479,1.049072
821609617,0.094482,0.11377,1.044189
821614617,0.091797,0.113281,1.031494
821619617,0.10083,0.113281,1.033447
821624617,0.101074,0.112549,1.038818
821629617,0.094971,0.120361,1.043945
821634617,0.094238,0.115967,1.040283
821639617,0.099365,0.119141,1.050781
821644617,0.0896,0.118896,1.039063
821649617,0.099121,0.116455,1.051025
821654617,0.095459,0.118896,1.041748
821659617,0.095459,0.114502,1.040283
821664617,0.093018,0.116455,1.045654
821669617,0.100098,0.120361,1.040283
821674617,0.093994,0.114502,1.035645
821679617,0.095947,0.110352,1.041504
821684617,0.092529,0.112305,1.042969
821689617,0.094238,0.11084,1.041016
821694617,0.095215,0.119629,1.038818
821699617,0.098389,0.11792,1.040771
821704617,0.09668,0.119141,1.036621
821709617,0.094727,0.117188,1.040771
821714617,0.098145,0.115967,1.041992
821719617,0.094482,0.117188,1.044678
821724617,0.097168,0.116699,1.048584
821729617,0.096924,0.113037,1.035889
821734617,0.0979,0.116943,1.041504
821739617,0.093994,0.111328,1.047363
821744617,0.088135,0.117432,1.032959
821749617,0.097412,0.104736,1.032959
821754617,0.104248,0.111328,1.050781
821759617,0.085205,0.118164,1.031982
821764617,0.095703,0.114014,1.043701
821769617,0.099854,0.117676,1.04834
821774617,0.098877,0.117188,1.052002
821779617,0.096924,0.118652,1.04834
821784617,0.091797,0.121094,1.046875
821789617,0.095215,0.122803,1.044434
821794617,0.095947,0.124756,1.039063
821799617,0.09375,0.122803,1.052246
821804617,0.092529,0.114258,1.031006
821809617,0.10083,0.113037,1.045898
821814617,0.09375,0.113037,1.045166
821819617,0.101807,0.118164,1.042725
821824617,0.095459,0.104248,1.042969
821829617,0.096191,0.112305,1.041504
821834617,0.102539,0.111328,1.041992
821839617,0.102051,0.112061,1.037354
821844617,0.099365,0.114014,1.04248
821849617,0.095947,0.114502,1.043945
821854617,0.092041,0.118408,1.041504
821859617,0.09375,0.114258,1.045654
821864617,0.093994,0.118408,1.03833
821869617,0.096924,0.11377,1.037842
821874617,0.100342,0.117188,1.043701
821879617,0.096191,0.114746,1.04834
821884617,0.093018,0.116455,1.034668
821889617,0.099121,0.114502,1.042725
821894617,0.099121,0.113525,1.041748
821899617,0.098633,0.114746,1.037842
821904617,0.098877,0.117188,1.044189
821909617,0.095703,0.112305,1.040771
821914617,0.09668,0.117432,1.040771
821919617,0.098389,0.118408,1.037842
821924617,0.094971,0.120605,1.043457
821929617,0.092529,0.119141,1.04248
821934617,0.094482,0.11377,1.043457
821939617,0.094727,0.120117,1.03418
821944617,0.089355,0.114502,1.038086
821949617,0.097656,0.118896,1.045898
821954617,0.101074,0.116699,1.041748
821959617,0.0979,0.112793,1.044434
821964617,0.100342,0.11084,1.040527
821969617,0.099609,0.115723,1.036377
821974617,0.094971,0.114014,1.038818
821979617,0.10083,0.114014,1.038574
821984617,0.095215,0.114746,1.037598
821989617,0.098633,0.118164,1.042969
821994617,0.096436,0.118408,1.04126
821999617,0.094727,0.11377,1.040771
822004617,0.095703,0.119385,1.038574
822009617,0.093262,0.117188,1.052734
822014617,0.098877,0.112305,1.035156
822019617,0.097168,0.115723,1.045166
822024617,0.095947,0.114258,1.044678
822029617,0.098145,0.116699,1.033691
822034617,0.09668,0.116699,1.040527
822039617,0.101318,0.115479,1.042236
822044617,0.100098,0.117432,1.040527
822049617,0.095459,0.116943,1.044189
822054617,0.095703,0.114014,1.04126
822059617,0.093262,0.112549,1.050537
822064617,0.094971,0.112061,1.04541
822069617,0.095947,0.109863,1.044189
822074617,0.100586,0.114746,1.045654
822079617,0.093994,0.115479,1.041992
822084617,0.095215,0.117432,1.041504
822089617,0.099121,0.119385,1.044678
822094617,0.096436,0.11792,1.03833
822099617,0.099854,0.115479,1.038574
822104617,0.102539,0.117676,1.041016
822109617,0.098389,0.115234,1.033447
822114617,0.098145,0.118408,1.043213
822119617,0.092285,0.11792,1.044189
822124617,0.097656,0.113525,1.040527
822129617,0.094482,0.115479,1.04541
822134617,0.095459,0.11792,1.039063
822139617,0.094727,0.115234,1.039551
822144617,0.09082,0.114258,1.038574
822149617,0.097412,0.117432,1.041504
822154617,0.096924,0.117676,1.039795
822159617,0.096191,0.109375,1.038574
822164617,0.102051,0.117188,1.041016
822169617,0.095703,0.119629,1.038574
822174617,0.099365,0.116943,1.039551
822179617,0.095947,0.112793,1.038086
822184617,0.096436,0.117188,1.047363
822189617,0.093506,0.114502,1.042969
822194617,0.094238,0.115234,1.035645
822199617,0.100098,0.112305,1.043213
822204617,0.094971,0.12207,1.040283
822209617,0.096436,0.115723,1.042969
822214617,0.098877,0.116455,1.045898
822219617,0.094238,0.120117,1.04126
822224617,0.098145,0.118896,1.037842
822229617,0.098633,0.115967,1.040039
822234617,0.098389,0.122803,1.03833
822239617,0.097412,0.114014,1.039551
822244617,0.09668,0.11084,1.040039
822249617,0.095215,0.119629,1.039795
822254617,0.091797,0.115234,1.036865
822259617,0.102051,0.112549,1.044434
822264617,0.098633,0.119141,1.044678
822269617,0.090576,0.121094,1.04248
822274617,0.096191,0.112549,1.047852
822279617,0.097656,0.118408,1.043457
822284617,0.0979,0.118652,1.040039
822289617,0.099365,0.117188,1.034668
822294617,0.101807,0.116455,1.036133
822299617,0.095703,0.121582,1.043457
822304617,0.095459,0.118652,1.042236
822309617,0.099121,0.121826,1.038818
822314617,0.100342,0.115234,1.041748
822319617,0.099121,0.115967,1.048096
822324617,0.098877,0.112793,1.044678
822329617,0.097656,0.112061,1.047119
822334617,0.093506,0.112305,1.036621
822339617,0.097168,0.112793,1.039063
822344617,0.098389,0.112061,1.044189
822349617,0.098145,0.122559,1.040283
822354617,0.096191,0.114502,1.047363
822359617,0.098389,0.11499,1.044434
822364617,0.095215,0.118896,1.053223
822369617,0.097656,0.11792,1.035645
822374617,0.09668,0.115234,1.046387
822379617,0.100342,0.116943,1.039795
822384617,0.096436,0.117676,1.045166
822389617,0.095703,0.114746,1.043945
822394617,0.095947,0.115479,1.040527
822399617,0.098145,0.117188,1.040771
822404617,0.099365,0.115234,1.043213
822409617,0.101074,0.111084,1.044189
822414617,0.0979,0.116211,1.038574
822419617,0.097656,0.114258,1.041992
822424617,0.092773,0.116455,1.042236
822429617,0.09668,0.122559,1.040283
822434617,0.095703,0.117188,1.043457
822439617,0.101563,0.118164,1.03833
822444617,0.096436,0.118408,1.046875
822449617,0.099609,0.118652,1.040527
822454617,0.094971,0.121094,1.043701
822459617,0.090576,0.120605,1.043701
822464617,0.093506,0.114014,1.042725
822469617,0.095947,0.117432,1.043701
822474617,0.097168,0.108887,1.043457
822479617,0.095947,0.114502,1.0354
822484617,0.095947,0.116211,1.039551
822489617,0.098389,0.114258,1.045166
822494617,0.095703,0.11499,1.041504
822499617,0.099854,0.116455,1.047119
822504617,0.101074,0.115723,1.038574
822509617,0.094482,0.120361,1.04126
822514617,0.098145,0.116943,1.040039
822519617,0.097168,0.11377,1.038818
822524617,0.09375,0.115967,1.038818
822529617,0.09668,0.117432,1.039063
822534617,0.098389,0.113525,1.037109
822539617,0.100098,0.115967,1.038818
822544617,0.096191,0.121094,1.043213
822549617,0.102783,0.115967,1.034424
822554617,0.096191,0.117432,1.038818
822559617,0.094971,0.116943,1.042725
822564617,0.092285,0.112793,1.037842
822569617,0.09668,0.117432,1.044189
822574617,0.091309,0.112793,1.046631
822579617,0.096924,0.115234,1.04248
822584617,0.094482,0.113525,1.038086
822589617,0.095703,0.114502,1.038086
822594617,0.098389,0.115479,1.043457
822599617,0.096436,0.111572,1.038818
822604617,0.098145,0.108398,1.044189
822609617,0.094482,0.113281,1.037842
822614617,0.098145,0.117188,1.044189
822619617,0.098633,0.116455,1.044922
822624617,0.091797,0.119629,1.04126
822629617,0.0979,0.116699,1.040283
822634617,0.095459,0.114258,1.044434
822639617,0.09375,0.116455,1.039551
822644617,0.091553,0.119141,1.045654
822649617,0.095215,0.118652,1.043457
822654617,0.098633,0.11499,1.037842
822659617,0.100342,0.121582,1.037598
822664617,0.099365,0.117676,1.045654
822669617,0.093262,0.109375,1.028564
822674617,0.105225,0.117188,1.051514
822679617,0.095703,0.110352,1.023926
822684617,0.104248,0.117188,1.052979
822689617,0.090576,0.110596,1.028076
822694617,0.099121,0.119629,1.058594
822699617,0.087891,0.116699,1.0271
822704617,0.098389,0.12085,1.054443
822709617,0.091064,0.115723,1.032471
822714617,0.10083,0.118164,1.049316
822719617,0.088379,0.111816,1.041992
822724617,0.094971,0.119385,1.037598
822729617,0.100098,0.11499,1.051758
822734617,0.094971,0.114014,1.03833
822739617,0.100342,0.115723,1.03833
822744617,0.095703,0.116211,1.043457
822749617,0.101318,0.117432,1.041748
822754617,0.099121,0.113281,1.040771
822759617,0.0979,0.115479,1.047363
822764617,0.091064,0.117188,1.037842
822769617,0.093262,0.11792,1.043213
822774617,0.091309,0.120361,1.037598
822779617,0.094482,0.118652,1.047119
822784617,0.097168,0.115234,1.048096
822789617,0.094727,0.118652,1.047363
822794617,0.095215,0.118896,1.035889
822799617,0.098633,0.116455,1.042236
822804617,0.100586,0.11377,1.044189
822809617,0.095215,0.11792,1.043457
822814617,0.104736,0.113037,1.044678
822819617,0.096436,0.115234,1.04126
822824617,0.103516,0.116455,1.037354
822829617,0.0979,0.117676,1.046631
822834617,0.090332,0.113281,1.031738
822839617,0.101074,0.113525,1.041748
822844617,0.097168,0.116455,1.04126
822849617,0.095947,0.115479,1.042969
822854617,0.093262,0.118896,1.04834
822859617,0.090332,0.118408,1.041504
822864617,0.093262,0.118164,1.040039
822869617,0.096436,0.119873,1.040039
822874617,0.099365,0.114502,1.043457
822879617,0.097656,0.115967,1.032959
822884617,0.100586,0.11499,1.043213
822889617,0.100098,0.116943,1.040283
822894617,0.097656,0.111816,1.035889
822899617,0.092285,0.116211,1.039063
822904617,0.09375,0.116943,1.037109
822909617,0.095459,0.114746,1.041016
822914617,0.093262,0.122803,1.041748
822919617,0.09375,0.121094,1.047607
822924617,0.094238,0.113281,1.046875
822929617,0.101318,0.113037,1.042725
822934617,0.100342,0.120361,1.044922
822939617,0.094482,0.125977,1.044434
822944617,0.088623,0.12085,1.047119
822949617,0.093994,0.118164,1.04541
822954617,0.096924,0.111816,1.040527
822959617,0.098389,0.107178,1.037842
822964617,0.102539,0.112793,1.040039
822969617,0.096191,0.117432,1.039307
822974617,0.093018,0.116943,1.04541
822979617,0.095703,0.11377,1.050293
822984617,0.09082,0.11499,1.041748
822989617,0.093506,0.114746,1.041504
822994617,0.093262,0.113037,1.036377
822999617,0.093994,0.116211,1.041016
823004617,0.090576,0.117188,1.031982
823009617,0.098145,0.122314,1.054688
823014617,0.097656,0.116455,1.042969
823019617,0.098877,0.115723,1.040527
823024617,0.108643,0.120117,1.036621
823029617,0.107422,0.109863,1.035645
823034617,0.095947,0.118652,1.035156
823039617,0.089355,0.115967,1.029297
823044617,0.089355,0.112549,1.041992
823049617,0.093506,0.111572,1.047363
823054617,0.0979,0.11084,1.054443
823059617,0.092285,0.114014,1.041016
823064617,0.089355,0.110107,1.030273
823069617,0.091064,0.114502,1.043213
823074617,0.099365,0.115479,1.04541
823079617,0.097168,0.112061,1.059814
823084617,0.100098,0.107422,1.045166
823089617,0.094971,0.119629,1.052734
823094617,0.091064,0.114502,1.034912
823099617,0.099121,0.117676,1.047607
823104617,0.087891,0.116455,1.031494
823109617,0.106934,0.109619,1.037842
823114617,0.106201,0.113525,1.035156
823119617,0.100098,0.112061,1.023926
823124617,0.096436,0.119141,1.044434
823129617,0.091797,0.117676,1.052246
823134617,0.087891,0.11499,1.044434
823139617,0.08667,0.11499,1.036133
823144617,0.090332,0.110107,1.029541
823149617,0.096436,0.116699,1.053711
823154617,0.093506,0.120605,1.048096
823159617,0.095947,0.113281,1.036621
823164617,0.095703,0.119385,1.036865
823169617,0.094727,0.119873,1.031738
823174617,0.098389,0.115723,1.033691
823179617,0.100586,0.110596,1.040527
823184617,0.106445,0.117432,1.037354
823189617,0.101563,0.113525,1.035156
823194617,0.093506,0.123047,1.04834
823199617,0.092773,0.11499,1.039551
823204617,0.091797,0.117188,1.040527
823209617,0.094971,0.108887,1.038574
823214617,0.094727,0.114502,1.041748
823219617,0.092285,0.112793,1.047119
823224617,0.094971,0.114258,1.04834
823229617,0.097168,0.116211,1.047119
823234617,0.095703,0.115479,1.044434
823239617,0.092285,0.114746,1.040283
823244617,0.099121,0.115234,1.036621
823249617,0.099121,0.116211,1.030273
823254617,0.099854,0.117432,1.037354
823259617,0.101807,0.118164,1.041016
823264617,0.101807,0.11377,1.037109
823269617,0.098633,0.115234,1.042725
823274617,0.095215,0.116455,1.037842
823279617,0.089844,0.112793,1.032227
823284617,0.095703,0.114502,1.049805
823289617,0.09668,0.11084,1.041748
823294617,0.09668,0.113037,1.045898
823299617,0.089355,0.117676,1.046875
823304617,0.091064,0.114502,1.043213
823309617,0.09668,0.118408,1.046143
823314617,0.103027,0.116699,1.044678
823319617,0.102295,0.117676,1.032959
823324617,0.101074,0.12207,1.034424
823329617,0.104248,0.114502,1.038574
823334617,0.10498,0.113525,1.044922
823339617,0.103027,0.116699,1.033203
823344617,0.10376,0.11499,1.044922
823349617,0.095215,0.118408,1.037109
823354617,0.093018,0.11499,1.047119
823359617,0.091064,0.116699,1.039307
823364617,0.093506,0.11499,1.049072
823369617,0.089111,0.114014,1.039063
823374617,0.090332,0.112061,1.044678
823379617,0.093018,0.113037,1.04126
823384617,0.099365,0.112305,1.038818
823389617,0.102051,0.114746,1.039063
823394617,0.095703,0.116699,1.037842
823399617,0.098389,0.120361,1.038086
823404617,0.099121,0.113525,1.0354
823409617,0.105957,0.117188,1.037109
823414617,0.101807,0.11792,1.0354
823419617,0.100098,0.116455,1.03833
823424617,0.094482,0.118652,1.04834
823429617,0.095947,0.119873,1.05127
823434617,0.09082,0.118164,1.044434
823439617,0.086426,0.114746,1.047852
823444617,0.093506,0.112793,1.043945
823449617,0.095703,0.117676,1.044678
823454617,0.091309,0.116699,1.041992
823459617,0.099854,0.108398,1.036377
823464617,0.103271,0.110107,1.041992
823469617,0.102051,0.116943,1.036621
823474617,0.101807,0.119629,1.036377
823479617,0.099365,0.118896,1.036865
823484617,0.10376,0.119385,1.036377
823489617,0.097168,0.118164,1.037354
823494617,0.093262,0.120117,1.041748
823499617,0.093018,0.12085,1.040283
823504617,0.091064,0.116211,1.043213
823509617,0.093018,0.118896,1.046875
823514617,0.096924,0.115723,1.04248
823519617,0.09668,0.110107,1.04541
823524617,0.096436,0.115479,1.046143
823529617,0.095703,0.117676,1.043945
823534617,0.098633,0.116943,1.04126
823539617,0.098389,0.11499,1.036621
823544617,0.105225,0.116943,1.040283
823549617,0.100586,0.120361,1.043213
823554617,0.094482,0.11792,1.040771
823559617,0.097168,0.117676,1.04126
823564617,0.093506,0.116455,1.043213
823569617,0.09082,0.121582,1.04126
823574617,0.092285,0.117676,1.038818
823579617,0.091309,0.115479,1.040527
823584617,0.093994,0.112793,1.041992
823589617,0.098877,0.114746,1.039063
823594617,0.094727,0.115723,1.041992
823599617,0.094482,0.113281,1.040527
823604617,0.097656,0.115234,1.039307
823609617,0.10083,0.11792,1.039795
823614617,0.09668,0.108887,1.036377
823619617,0.099854,0.114502,1.035889
823624617,0.100586,0.113281,1.037109
823629617,0.094727,0.117676,1.043945
823634617,0.095215,0.122803,1.038574
823639617,0.092041,0.115723,1.039551
823644617,0.095215,0.111816,1.034668
823649617,0.096191,0.116699,1.04541
823654617,0.101318,0.118896,1.048828
823659617,0.097656,0.114746,1.045654
823664617,0.096436,0.120361,1.037842
823669617,0.096436,0.115723,1.044434
823674617,0.102051,0.119141,1.040527
823679617,0.100098,0.114014,1.039063
823684617,0.094238,0.11792,1.044678
823689617,0.096924,0.116455,1.043701
823694617,0.09668,0.116455,1.042969
823699617,0.0979,0.118896,1.047119
823704617,0.098389,0.118408,1.043945
823709617,0.094971,0.116455,1.035889
823714617,0.095947,0.111084,1.040771
823719617,0.09375,0.115723,1.042969
823724617,0.096924,0.11499,1.04248
823729617,0.097168,0.114258,1.041748
823734617,0.095459,0.114502,1.043701
823739617,0.100098,0.113037,1.044189
823744617,0.094482,0.11377,1.039551
823749617,0.097656,0.113525,1.035645
823754617,0.094971,0.112061,1.033691
823759617,0.097656,0.114014,1.038818
823764617,0.095947,0.11499,1.044922
823769617,0.098389,0.120605,1.04248
823774617,0.089844,0.120117,1.038086
823779617,0.093506,0.121094,1.041748
823784617,0.095947,0.116211,1.046387
823789617,0.092041,0.113525,1.036377
823794617,0.092529,0.114258,1.043945
823799617,0.095215,0.119141,1.039551
823804617,0.100098,0.115479,1.04248
823809617,0.099365,0.109375,1.044678
823814617,0.095459,0.114502,1.041016
823819617,0.098145,0.118652,1.040771
823824617,0.093506,0.117432,1.039307
823829617,0.095947,0.112549,1.040771
823834617,0.099121,0.114502,1.0354
823839617,0.09668,0.115967,1.041992
823844617,0.097168,0.118896,1.044434
823849617,0.093018,0.120605,1.039551
823854617,0.09375,0.12085,1.044434
823859617,0.098389,0.115234,1.038086
823864617,0.092773,0.115723,1.042236
823869617,0.098389,0.116455,1.038086
823874617,0.097656,0.112305,1.040771
823879617,0.096924,0.111572,1.037109
823884617,0.09668,0.117676,1.036133
823889617,0.096191,0.11499,1.037598
823894617,0.094238,0.116455,1.040771
823899617,0.094482,0.114014,1.04248
823904617,0.094727,0.116943,1.038574
823909617,0.093262,0.115967,1.04126
823914617,0.094971,0.12085,1.037109
823919617,0.097168,0.116455,1.040039
823924617,0.096191,0.113525,1.038574
823929617,0.096924,0.111816,1.041748
823934617,0.094971,0.116211,1.0354
823939617,0.098389,0.118164,1.046143
823944617,0.096924,0.114014,1.041504
823949617,0.099854,0.116943,1.041748
823954617,0.096436,0.112305,1.043457
823959617,0.095947,0.112305,1.04834
823964617,0.097168,0.11499,1.037354
823969617,0.096436,0.115723,1.035645
823974617,0.093506,0.117676,1.046143
823979617,0.103516,0.115479,1.035889
823984617,0.104736,0.112793,1.037109
823989617,0.097656,0.123535,1.042725
823994617,0.100098,0.116211,1.052002
823999617,0.097168,0.119873,1.046143
824004617,0.083252,0.120117,1.031738
824009617,0.093506,0.116211,1.039307
824014617,0.100586,0.116943,1.033203
824019617,0.10083,0.110107,1.036133
824024617,0.10376,0.116699,1.047119
824029617,0.098877,0.115234,1.046387
824034617,0.096191,0.118896,1.037842
824039617,0.101318,0.118164,1.043701
824044617,0.095215,0.11499,1.048584
824049617,0.095703,0.118164,1.042236
824054617,0.095947,0.116943,1.047607
824059617,0.093506,0.114502,1.038574
824064617,0.094482,0.115723,1.036377
824069617,0.100586,0.112549,1.038574
824074617,0.098389,0.115479,1.039063
824079617,0.09668,0.116699,1.039551
824084617,0.09668,0.112793,1.036133
824089617,0.098877,0.119629,1.045898
824094617,0.095703,0.114258,1.04126
824099617,0.098145,0.118896,1.042236
824104617,0.090088,0.115234,1.04248
824109617,0.094971,0.113037,1.038086
824114617,0.096191,0.112793,1.039551
824119617,0.098633,0.116211,1.044678
824124617,0.094727,0.11792,1.03833
824129617,0.094238,0.116943,1.046387
824134617,0.094482,0.114258,1.044434
824139617,0.098389,0.108154,1.038574
824144617,0.096924,0.11377,1.034668
824149617,0.096436,0.116211,1.044189
824154617,0.097412,0.112549,1.04248
824159617,0.095459,0.118408,1.046143
824164617,0.093994,0.121094,1.047852
824169617,0.094727,0.121338,1.041016
824174617,0.093994,0.115234,1.042969
824179617,0.095703,0.114502,1.04126
824184617,0.095947,0.111328,1.042969
824189617,0.093262,0.114258,1.043701
824194617,0.094971,0.119873,1.044189
824199617,0.097656,0.119141,1.046631
824204617,0.097412,0.114014,1.03833
824209617,0.096191,0.112793,1.038818
824214617,0.0979,0.117432,1.046387
824219617,0.097168,0.114746,1.04248
824224617,0.093506,0.110352,1.044434
824229617,0.095703,0.118652,1.045166
824234617,0.095459,0.118408,1.037842
824239617,0.094727,0.115967,1.035156
824244617,0.090576,0.114014,1.041992
824249617,0.095459,0.12085,1.040283
824254617,0.098389,0.115234,1.043701
824259617,0.094971,0.115479,1.038818
824264617,0.101074,0.117432,1.04248
824269617,0.092773,0.114746,1.039307
824274617,0.099609,0.113525,1.039795
824279617,0.09668,0.114014,1.042725
824284617,0.094238,0.115234,1.041016
824289617,0.101074,0.114502,1.039307
824294617,0.095215,0.114014,1.035889
824299617,0.099854,0.114258,1.043701
824304617,0.099121,0.117432,1.04834
824309617,0.093018,0.119629,1.050781
824314617,0.093506,0.115967,1.041748
824319617,0.099609,0.115234,1.037842
824324617,0.095215,0.116699,1.038818
824329617,0.097656,0.118652,1.03833
824334617,0.096191,0.108154,1.04248
824339617,0.095459,0.117188,1.037842
824344617,0.094238,0.118652,1.040039
824349617,0.096436,0.120361,1.044434
824354617,0.094482,0.116455,1.037842
824359617,0.095215,0.117188,1.040039
824364617,0.095703,0.114258,1.043701
824369617,0.09668,0.115967,1.044434
824374617,0.098389,0.114014,1.040771
824379617,0.092041,0.114502,1.045898
824384617,0.093262,0.116943,1.04541
824389617,0.097656,0.114258,1.044189
824394617,0.099609,0.11377,1.036377
824399617,0.09082,0.120117,1.047607
824404617,0.09668,0.11499,1.037842
824409617,0.095703,0.119873,1.043945
824414617,0.0979,0.114014,1.04248
824419617,0.099365,0.11377,1.043457
824424617,0.095215,0.113281,1.042236
824429617,0.09668,0.116699,1.031494
824434617,0.09375,0.115234,1.041504
824439617,0.09375,0.112793,1.037598
824444617,0.092041,0.119385,1.041992
824449617,0.088135,0.111816,1.03833
824454617,0.096436,0.114258,1.043945
824459617,0.097412,0.116455,1.043945
824464617,0.093506,0.117676,1.043945
824469617,0.097412,0.112305,1.042969
824474617,0.098389,0.116211,1.043945
824479617,0.096436,0.117432,1.042725
824484617,0.10083,0.115479,1.04541
824489617,0.098389,0.112793,1.039063
824494617,0.098389,0.114258,1.044922
824499617,0.096436,0.117188,1.048096
824504617,0.093018,0.118164,1.044678
824509617,0.096191,0.115479,1.041748
824514617,0.096191,0.116211,1.039795
824519617,0.098877,0.117188,1.044922
824524617,0.097168,0.118408,1.042236
824529617,0.09668,0.117188,1.039551
824534617,0.095703,0.114014,1.040283
824539617,0.095947,0.117188,1.043701
824544617,0.095947,0.11377,1.039551
824549617,0.101318,0.114746,1.041748
824554617,0.099365,0.115234,1.042969
824559617,0.093994,0.118164,1.03418
824564617,0.096436,0.118164,1.046387
824569617,0.095215,0.117188,1.042969
824574617,0.094238,0.115967,1.046631
824579617,0.094482,0.116943,1.034668
824584617,0.0979,0.113281,1.043213
824589617,0.100098,0.121094,1.042969
824594617,0.09668,0.11377,1.039551
824599617,0.098145,0.11792,1.043457
824604617,0.099365,0.119385,1.04248
824609617,0.09668,0.109131,1.0354
824614617,0.098633,0.113525,1.046143
824619617,0.09668,0.116455,1.040771
824624617,0.095703,0.116943,1.041504
824629617,0.096436,0.119141,1.042969
824634617,0.098389,0.120117,1.045898
824639617,0.092773,0.117676,1.039551
824644617,0.098877,0.116211,1.044434
824649617,0.098389,0.116943,1.03833
824654617,0.0979,0.119385,1.039307
824659617,0.091797,0.120361,1.040283
824664617,0.097412,0.117676,1.041992
824669617,0.094971,0.115723,1.042725
824674617,0.104248,0.115234,1.043945
824679617,0.093994,0.109863,1.034912
824684617,0.097412,0.11084,1.030273
824689617,0.095215,0.11084,1.039063
824694617,0.0979,0.116455,1.039551
824699617,0.095215,0.112793,1.048096
824704617,0.09082,0.119873,1.041016
824709617,0.091064,0.121094,1.041992
824714617,0.095459,0.115479,1.044189
824719617,0.098877,0.115234,1.039063
824724617,0.093262,0.115723,1.03833
824729617,0.098389,0.121338,1.04541
824734617,0.094482,0.119629,1.041016
824739617,0.096436,0.120117,1.034668
824744617,0.102051,0.115967,1.036133
824749617,0.105713,0.114746,1.041748
824754617,0.096436,0.115723,1.044922
824759617,0.095703,0.116211,1.041748
824764617,0.094482,0.114746,1.042725
824769617,0.095947,0.11084,1.043457
824774617,0.095947,0.114502,1.04248
824779617,0.097656,0.112061,1.043701
824784617,0.095459,0.118408,1.049316
824789617,0.092529,0.114502,1.049316
824794617,0.095459,0.118164,1.049316
824799617,0.0979,0.117188,1.040039
824804617,0.101074,0.11792,1.039063
824809617,0.098633,0.115479,1.036865
824814617,0.097168,0.115967,1.036621
824819617,0.098877,0.118408,1.043213
824824617,0.097656,0.116943,1.035156
824829617,0.098877,0.120361,1.043457
824834617,0.097656,0.113037,1.04541
824839617,0.098877,0.118896,1.035645
824844617,0.09375,0.11792,1.043213
824849617,0.09082,0.117188,1.047119
824854617,0.094971,0.115234,1.04834
824859617,0.095459,0.11499,1.040039
824864617,0.094727,0.117676,1.04541
824869617,0.099609,0.117676,1.045654
824874617,0.095459,0.116211,1.050781
824879617,0.101563,0.115479,1.04541
824884617,0.099609,0.115234,1.041748
824889617,0.095215,0.11792,1.04248
824894617,0.103027,0.113037,1.039795
824899617,0.097412,0.116455,1.037598
824904617,0.098877,0.114502,1.039063
824909617,0.0979,0.116699,1.037598
824914617,0.0979,0.11377,1.053467
824919617,0.092529,0.116455,1.048096
824924617,0.091797,0.118652,1.043701
824929617,0.096924,0.117188,1.033203
824934617,0.097168,0.112549,1.041748
824939617,0.098633,0.114258,1.042725
824944617,0.101807,0.117676,1.045166
824949617,0.097168,0.117676,1.041504
824954617,0.101318,0.117188,1.038574
824959617,0.100586,0.115234,1.035889
824964617,0.102783,0.116699,1.039551
824969617,0.101074,0.112549,1.037598
824974617,0.101074,0.114014,1.045654
824979617,0.093262,0.115723,1.037598
824984617,0.094482,0.117188,1.037109
824989617,0.095215,0.117432,1.043701
824994617,0.091553,0.115234,1.042725
824999617,0.09668,0.114014,1.045166
825004617,0.09668,0.116455,1.036377
825009617,0.09668,0.119141,1.040771
825014617,0.099365,0.11792,1.0354
825019617,0.098389,0.114014,1.043213
825024617,0.096924,0.116211,1.036133
825029617,0.10083,0.119141,1.039307
825034617,0.094971,0.11792,1.043701
825039617,0.094482,0.120117,1.045166
825044617,0.092041,0.115234,1.041016
825049617,0.094971,0.115234,1.041992
825054617,0.092529,0.110107,1.045654
825059617,0.094971,0.115479,1.035645
825064617,0.094238,0.114502,1.035645
825069617,0.097168,0.115967,1.044678
825074617,0.093262,0.115723,1.04126
825079617,0.094971,0.111816,1.04834
825084617,0.100098,0.118164,1.040527
825089617,0.096924,0.116211,1.038818
825094617,0.0979,0.116455,1.041992
825099617,0.094482,0.115479,1.046387
825104617,0.094727,0.114746,1.042725
825109617,0.098633,0.11377,1.044678
825114617,0.094482,0.116211,1.039551
825119617,0.094238,0.118408,1.047363
825124617,0.094482,0.114014,1.042725
825129617,0.092041,0.116455,1.037354
825134617,0.096191,0.117676,1.039795
825139617,0.09375,0.119385,1.051514
825144617,0.098389,0.114502,1.042236
825149617,0.097412,0.116211,1.03833
825154617,0.100098,0.117188,1.045166
825159617,0.098633,0.117676,1.034424
825164617,0.095703,0.115723,1.044189
825169617,0.093994,0.118164,1.041992
825174617,0.097412,0.115723,1.03833
825179617,0.093262,0.118896,1.039795
825184617,0.095947,0.112061,1.047852
825189617,0.097412,0.11499,1.03418
825194617,0.094482,0.111572,1.046875
825199617,0.094727,0.111816,1.039551
825204617,0.096436,0.114502,1.041992
825209617,0.098633,0.117188,1.040527
825214617,0.099854,0.115234,1.036377
825219617,0.098145,0.116943,1.047852
825224617,0.097656,0.112549,1.043945
825229617,0.0979,0.117188,1.038574
825234617,0.094727,0.118408,1.039307
825239617,0.098389,0.117432,1.037842
825244617,0.096436,0.12085,1.043701
825249617,0.096191,0.119873,1.045166
825254617,0.098145,0.123047,1.041504
825259617,0.094971,0.114746,1.038086
825264617,0.096924,0.118652,1.039551
825269617,0.100586,0.118164,1.043213
825274617,0.0979,0.117432,1.039551
825279617,0.100342,0.116455,1.039551
825284617,0.096436,0.114014,1.041504
825289617,0.099365,0.11084,1.042725
825294617,0.095947,0.111816,1.038086
825299617,0.094238,0.113525,1.044434
825304617,0.094482,0.110352,1.041504
825309617,0.093506,0.115723,1.043945
825314617,0.094238,0.115479,1.040527
825319617,0.091064,0.112549,1.044434
825324617,0.094971,0.118896,1.041504
825329617,0.094971,0.118408,1.042969
825334617,0.091797,0.118408,1.046631
825339617,0.098877,0.114746,1.034912
825344617,0.09668,0.119385,1.038818
825349617,0.10376,0.118652,1.04541
825354617,0.096436,0.118896,1.034668
825359617,0.098389,0.114502,1.04248
825364617,0.104492,0.128906,1.046387
825369617,0.09375,0.113525,1.030273
825374617,0.0979,0.11084,1.049316
825379617,0.094482,0.111572,1.029541
825384617,0.098877,0.109131,1.057129
825389617,0.096924,0.111328,1.03125
825394617,0.092041,0.117676,1.052002
825399617,0.092285,0.109619,1.030518
825404617,0.094482,0.118896,1.050049
825409617,0.094238,0.11499,1.040527
825414617,0.097656,0.112793,1.039551
825419617,0.100342,0.118652,1.035645
825424617,0.097412,0.121582,1.043945
825429617,0.098633,0.118164,1.043213
825434617,0.098389,0.118896,1.036865
825439617,0.100342,0.116211,1.043213
825444617,0.098145,0.116943,1.038818
825449617,0.099854,0.114746,1.048096
825454617,0.095215,0.115479,1.036621
825459617,0.094238,0.114502,1.04248
825464617,0.10083,0.113037,1.046143
825469617,0.086426,0.121094,1.037842
825474617,0.09668,0.116211,1.042969
825479617,0.090332,0.119873,1.040283
825484617,0.09668,0.113525,1.046631
825489617,0.098877,0.114258,1.039551
825494617,0.09375,0.114746,1.044434
825499617,0.101074,0.119141,1.049561
825504617,0.093994,0.114746,1.039551
825509617,0.101074,0.115234,1.047363
825514617,0.095215,0.116699,1.040039
825519617,0.099609,0.109375,1.032959
825524617,0.098145,0.115479,1.046387
825529617,0.095215,0.112305,1.04248
825534617,0.09668,0.118164,1.042725
825539617,0.095703,0.114258,1.043945
825544617,0.0979,0.114502,1.043701
825549617,0.094238,0.116211,1.041504
825554617,0.095459,0.116455,1.043213
825559617,0.095947,0.119141,1.043213
825564617,0.094727,0.116943,1.031494
825569617,0.099365,0.118896,1.035889
825574617,0.098633,0.119385,1.04126
825579617,0.096924,0.11792,1.041504
825584617,0.092529,0.115967,1.041748
825589617,0.093994,0.112305,1.039063
825594617,0.099609,0.118652,1.037109
825599617,0.100586,0.113281,1.04126
825604617,0.093018,0.117432,1.045166
825609617,0.093018,0.116943,1.045654
825614617,0.095703,0.112793,1.041992
825619617,0.091797,0.113525,1.044678
825624617,0.10376,0.112549,1.042725
825629617,0.092285,0.115234,1.047607
825634617,0.09375,0.121582,1.045166
825639617,0.094238,0.117676,1.038086
825644617,0.091064,0.119141,1.0354
825649617,0.095459,0.119629,1.041992
825654617,0.092041,0.116455,1.042969
825659617,0.099609,0.116455,1.035889
825664617,0.101318,0.115234,1.037598
825669617,0.09375,0.114746,1.037354
825674617,0.100098,0.113525,1.042236
825679617,0.093994,0.111572,1.044434
825684617,0.100098,0.11377,1.043945
825689617,0.095703,0.117432,1.040283
825694617,0.097168,0.115479,1.047363
825699617,0.093262,0.113525,1.042236
825704617,0.095703,0.115479,1.049561
825709617,0.092773,0.115967,1.045898
825714617,0.094238,0.112793,1.050781
825719617,0.096436,0.115479,1.040527
825724617,0.101074,0.113037,1.045898
825729617,0.097412,0.117188,1.044189
825734617,0.102051,0.118164,1.043457
825739617,0.0979,0.117432,1.033447
825744617,0.098877,0.117188,1.043457
825749617,0.099121,0.116211,1.043213
825754617,0.099121,0.116699,1.045654
825759617,0.095947,0.114746,1.045654
825764617,0.09375,0.114258,1.036377
825769617,0.093262,0.114014,1.040283
825774617,0.092773,0.112549,1.042969
825779617,0.095703,0.114014,1.034668
825784617,0.099854,0.112793,1.037354
825789617,0.094238,0.11792,1.037598
825794617,0.095947,0.118408,1.044922
825799617,0.095947,0.119629,1.046387
825804617,0.100098,0.115479,1.039795
825809617,0.095703,0.119629,1.034912
825814617,0.100098,0.119141,1.041992
825819617,0.094727,0.119629,1.039551
825824617,0.093506,0.115967,1.041504
825829617,0.094482,0.115234,1.042725
825834617,0.094482,0.116211,1.036133
825839617,0.093994,0.112549,1.040527
825844617,0.093506,0.115723,1.040771
825849617,0.094482,0.118408,1.044922
825854617,0.091797,0.11792,1.043457
825859617,0.093018,0.115723,1.04541
825864617,0.09668,0.116699,1.043213
825869617,0.094482,0.11792,1.040039
825874617,0.096924,0.116699,1.036133
825879617,0.099365,0.112305,1.043457
825884617,0.088867,0.120361,1.035156
825889617,0.089844,0.120361,1.048096
825894617,0.093506,0.112305,1.039063
825899617,0.097168,0.116699,1.039795
825904617,0.100098,0.109863,1.037598
825909617,0.098633,0.115967,1.038574
825914617,0.104248,0.113281,1.038086
825919617,0.098145,0.113525,1.041992
825924617,0.098633,0.114014,1.040039
825929617,0.100586,0.116455,1.040283
825934617,0.099609,0.116455,1.044678
825939617,0.097168,0.117188,1.042969
825944617,0.09668,0.116699,1.049805
825949617,0.09375,0.119141,1.046875
825954617,0.093018,0.116699,1.040771
825959617,0.090332,0.117432,1.041992
825964617,0.095947,0.119629,1.042969
825969617,0.097656,0.115234,1.036621
825974617,0.094482,0.118896,1.036621
825979617,0.0896,0.112793,1.03833
825984617,0.095947,0.11084,1.043213
825989617,0.098633,0.111816,1.041504
825994617,0.102783,0.113525,1.037354
825999617,0.097168,0.118164,1.04126
826004617,0.093262,0.120361,1.039551
826009617,0.096924,0.115479,1.037598
826014617,0.095703,0.115967,1.049316
826019617,0.089355,0.120605,1.035889
826024617,0.095947,0.118652,1.037354
826029617,0.096924,0.124268,1.044922
826034617,0.098633,0.119629,1.052979
826039617,0.097168,0.122314,1.040039
826044617,0.102051,0.114014,1.048584
826049617,0.098145,0.114502,1.032959
826054617,0.10376,0.113281,1.029541
826059617,0.09668,0.112793,1.043457
826064617,0.096436,0.110596,1.037109
826069617,0.093994,0.119629,1.050781
826074617,0.090088,0.115967,1.039307
826079617,0.102783,0.109619,1.047363
826084617,0.097168,0.118896,1.046143
826089617,0.089355,0.120361,1.045166
826094617,0.094482,0.119629,1.052002
826099617,0.090576,0.119385,1.042236
826104617,0.095215,0.115234,1.04248
826109617,0.099365,0.117676,1.045898
826114617,0.10498,0.114258,1.041992
826119617,0.100342,0.114746,1.041504
826124617,0.099121,0.11499,1.040283
826129617,0.094971,0.118896,1.041748
826134617,0.095459,0.11792,1.050049
826139617,0.096436,0.116211,1.045898
826144617,0.094971,0.116211,1.041992
826149617,0.096924,0.115723,1.04248
826154617,0.091797,0.11499,1.042236
826159617,0.093506,0.111572,1.04248
826164617,0.093262,0.114258,1.041504
826169617,0.09082,0.11499,1.041992
826174617,0.098389,0.11499,1.039063
826179617,0.092285,0.118164,1.039307
826184617,0.097656,0.115967,1.034912
826189617,0.096436,0.114258,1.037842
826194617,0.097656,0.118408,1.037842
826199617,0.093506,0.118652,1.038574
826204617,0.091797,0.11499,1.044922
826209617,0.096436,0.113037,1.044922
826214617,0.103516,0.111328,1.046631
826219617,0.092773,0.115967,1.04248
826224617,0.09375,0.114746,1.043945
826229617,0.09375,0.11792,1.040771
826234617,0.096924,0.115723,1.041504
826239617,0.101318,0.112549,1.037354
826244617,0.102051,0.117188,1.042236
826249617,0.096191,0.118164,1.041748
826254617,0.093994,0.120361,1.040771
826259617,0.091553,0.115234,1.044189
826264617,0.092041,0.118164,1.041504
826269617,0.100098,0.118896,1.045898
826274617,0.097168,0.121094,1.050293
826279617,0.096191,0.115723,1.038818
826284617,0.09668,0.115234,1.041504
826289617,0.096191,0.114502,1.04834
826294617,0.09668,0.109131,1.040771
826299617,0.098145,0.115967,1.043457
826304617,0.102539,0.110596,1.042969
826309617,0.099121,0.111816,1.046631
826314617,0.096191,0.115723,1.03833
826319617,0.096436,0.11499,1.038086
826324617,0.094971,0.118408,1.041016
826329617,0.095459,0.122803,1.044922
826334617,0.096436,0.12085,1.039063
826339617,0.091797,0.117188,1.040039
826344617,0.093018,0.114502,1.041016
826349617,0.092285,0.11792,1.033203
826354617,0.09668,0.114502,1.037842
826359617,0.105225,0.115234,1.051758
826364617,0.094971,0.112305,1.044189
826369617,0.099609,0.112061,1.033447
826374617,0.101074,0.113281,1.042725
826379617,0.096436,0.114258,1.041016
826384617,0.092285,0.116455,1.038086
826389617,0.086182,0.116699,1.044922
826394617,0.096436,0.117432,1.033203
826399617,0.097412,0.116211,1.040527
826404617,0.095459,0.116943,1.037109
826409617,0.093506,0.119629,1.039307
826414617,0.089844,0.118896,1.039063
826419617,0.097656,0.110352,1.044922
826424617,0.094971,0.114014,1.035889
826429617,0.100098,0.112061,1.040283
826434617,0.094238,0.113281,1.041016
826439617,0.0979,0.111816,1.040771
826444617,0.095459,0.11084,1.046387
826449617,0.098389,0.112061,1.041016
826454617,0.093506,0.116943,1.042969
826459617,0.095947,0.116943,1.045166
826464617,0.099854,0.117188,1.042725
826469617,0.093018,0.115723,1.046387
826474617,0.096924,0.119385,1.038818
826479617,0.093262,0.119141,1.043213
826484617,0.093018,0.118652,1.04126
826489617,0.099609,0.11792,1.047852
826494617,0.093018,0.114746,1.042725
826499617,0.097168,0.114746,1.048828
826504617,0.090332,0.118164,1.036377
826509617,0.093262,0.113525,1.044922
826514617,0.097412,0.115967,1.044189
826519617,0.099121,0.113281,1.041748
826524617,0.098633,0.115234,1.042236
826529617,0.094482,0.117188,1.039307
826534617,0.095703,0.114502,1.037842
826539617,0.096924,0.115479,1.036621
826544617,0.097656,0.116699,1.045898
826549617,0.095459,0.120361,1.046143
826554617,0.094727,0.119629,1.046387
826559617,0.093262,0.11792,1.036377
826564617,0.097412,0.118408,1.038818
826569617,0.0979,0.121582,1.047119
826574617,0.097656,0.119629,1.049805
826579617,0.099854,0.114502,1.04126
826584617,0.097656,0.113525,1.043945
826589617,0.090576,0.114502,1.038086
826594617,0.096191,0.116211,1.040527
826599617,0.093994,0.115723,1.041748
826604617,0.098633,0.114258,1.040039
826609617,0.093262,0.116211,1.04126
826614617,0.095215,0.112793,1.042236
826619617,0.098145,0.118652,1.046875
826624617,0.104248,0.110352,1.043213
826629617,0.096191,0.118408,1.046143
826634617,0.097412,0.120605,1.048828
826639617,0.098145,0.11792,1.038574
826644617,0.097168,0.117188,1.042725
826649617,0.101318,0.116943,1.045654
826654617,0.098145,0.110352,1.044189
826659617,0.094482,0.115479,1.04126
826664617,0.098877,0.11499,1.038574
826669617,0.090088,0.108643,1.039063
826674617,0.093018,0.116699,1.046631
826679617,0.091797,0.11499,1.039551
826684617,0.101318,0.114746,1.045166
826689617,0.094971,0.11792,1.042236
826694617,0.09375,0.11377,1.041016
826699617,0.099365,0.115723,1.045654
826704617,0.098389,0.117676,1.039551
826709617,0.0979,0.11084,1.044189
826714617,0.09668,0.112793,1.040771
826719617,0.095215,0.119141,1.042969
826724617,0.099365,0.115967,1.047852
826729617,0.092773,0.113525,1.042236
826734617,0.096436,0.122559,1.043457
826739617,0.09668,0.117188,1.042969
826744617,0.095703,0.116455,1.033447
826749617,0.098389,0.118896,1.049561
826754617,0.098145,0.112793,1.038086
826759617,0.093262,0.116943,1.037842
826764617,0.099121,0.118408,1.041992
826769617,0.10376,0.115234,1.046143
826774617,0.106445,0.114014,1.047119
826779617,0.101563,0.113525,1.037598
826784617,0.096436,0.115967,1.052002
826789617,0.091797,0.115479,1.040039
826794617,0.095459,0.112305,1.052979
826799617,0.094238,0.113037,1.041016
826804617,0.094971,0.111572,1.039307
826809617,0.091309,0.116211,1.040527
826814617,0.092529,0.112793,1.033691
826819617,0.098877,0.118652,1.040527
826824617,0.097656,0.119385,1.044922
826829617,0.099365,0.117188,1.041748
826834617,0.098145,0.115479,1.032471
826839617,0.101074,0.119385,1.039307
826844617,0.095215,0.119385,1.042725
826849617,0.095215,0.116699,1.046875
826854617,0.097412,0.118408,1.042969
826859617,0.094238,0.115234,1.039307
826864617,0.097412,0.114258,1.036377
826869617,0.099121,0.114258,1.040771
826874617,0.094971,0.114746,1.035889
826879617,0.092041,0.117432,1.047119
826884617,0.092285,0.114502,1.043457
826889617,0.098389,0.114746,1.046143
826894617,0.0979,0.112793,1.039063
826899617,0.096191,0.119141,1.040771
826904617,0.094727,0.112793,1.036133
826909617,0.09668,0.116211,1.039063
826914617,0.096436,0.116699,1.040283
826919617,0.100342,0.115723,1.039795
826924617,0.095703,0.116455,1.034668
826929617,0.098633,0.116943,1.03833
826934617,0.099121,0.115479,1.033936
826939617,0.095459,0.11792,1.043701
826944617,0.097656,0.115723,1.049072
826949617,0.096191,0.115967,1.052002
826954617,0.097412,0.117676,1.04834
826959617,0.094971,0.110596,1.04248
826964617,0.098877,0.113037,1.037842
826969617,0.093994,0.11084,1.041992
826974617,0.094971,0.113281,1.043945
826979617,0.091553,0.120605,1.041748
826984617,0.098145,0.11792,1.036621
826989617,0.100098,0.11792,1.047852
826994617,0.101074,0.116943,1.043457
826999617,0.0979,0.114258,1.043457
827004617,0.091797,0.116943,1.033447
827009617,0.09668,0.115479,1.036865
827014617,0.097412,0.121338,1.045654
827019617,0.097412,0.116699,1.04126
827024617,0.094971,0.118896,1.041504
827029617,0.09668,0.112793,1.042236
827034617,0.099854,0.113281,1.042236
827039617,0.10083,0.114258,1.045166
827044617,0.093262,0.114502,1.042236
827049617,0.095703,0.110596,1.038086
827054617,0.101318,0.118408,1.038818
827059617,0.097412,0.114502,1.046143
827064617,0.097656,0.115479,1.038818
827069617,0.093994,0.124512,1.04541
827074617,0.095215,0.123779,1.046387
827079617,0.091553,0.112793,1.041016
827084617,0.10376,0.111084,1.046875
827089617,0.097168,0.109863,1.040771
827094617,0.100098,0.116211,1.043945
827099617,0.098145,0.121826,1.047852
827104617,0.097656,0.116699,1.047852
827109617,0.096191,0.116699,1.046387
827114617,0.098877,0.114502,1.035156
827119617,0.101807,0.114746,1.041016
827124617,0.100586,0.113037,1.037598
827129617,0.09668,0.118164,1.040771
827134617,0.098633,0.118652,1.044678
827139617,0.096191,0.11792,1.047119
827144617,0.095703,0.11792,1.04126
827149617,0.095703,0.118896,1.035645
827154617,0.094482,0.119141,1.041992
827159617,0.089844,0.11499,1.03833
827164617,0.095947,0.115234,1.047852
827169617,0.09668,0.115234,1.049072
827174617,0.098633,0.116211,1.036377
827179617,0.094971,0.113281,1.043945
827184617,0.09668,0.113037,1.046143
827189617,0.095459,0.11499,1.038574
827194617,0.10083,0.114258,1.03833
827199617,0.094727,0.113525,1.038086
827204617,0.092285,0.115967,1.047852
827209617,0.093506,0.118408,1.043213
827214617,0.093506,0.11792,1.037598
827219617,0.093018,0.119141,1.041992
827224617,0.097412,0.120361,1.041016
827229617,0.092529,0.117432,1.041504
827234617,0.098633,0.11377,1.047363
827239617,0.097656,0.116455,1.039063
827244617,0.100342,0.119385,1.044678
827249617,0.095215,0.118652,1.031006
827254617,0.096924,0.115723,1.042969
827259617,0.099121,0.11377,1.041016
827264617,0.095947,0.115723,1.038818
827269617,0.094971,0.116943,1.043213
827274617,0.095459,0.114258,1.033936
827279617,0.094482,0.120605,1.040283
827284617,0.092529,0.111572,1.050537
827289617,0.097656,0.117188,1.040527
827294617,0.098145,0.11792,1.042725
827299617,0.093018,0.117188,1.04126
827304617,0.096436,0.116943,1.041504
827309617,0.097656,0.114746,1.043457
827314617,0.0979,0.116699,1.044922
827319617,0.098389,0.118896,1.037842
827324617,0.100586,0.111816,1.037598
827329617,0.094727,0.114502,1.043701
827334617,0.095215,0.117676,1.04126
827339617,0.094971,0.117676,1.038086
827344617,0.098633,0.114746,1.042969
827349617,0.094238,0.117676,1.040771
827354617,0.096436,0.118896,1.048828
827359617,0.096924,0.118164,1.049561
827364617,0.091064,0.115234,1.04541
827369617,0.097168,0.118408,1.04126
827374617,0.098145,0.117676,1.0354
827379617,0.100342,0.11084,1.041016
827384617,0.103271,0.11499,1.040039
827389617,0.095215,0.115967,1.038086
827394617,0.099854,0.123047,1.040039
827399617,0.094482,0.118408,1.04126
827404617,0.096436,0.115723,1.044922
827409617,0.094482,0.114014,1.036621
827414617,0.094727,0.118408,1.04126
827419617,0.095947,0.113281,1.047852
827424617,0.096924,0.116943,1.043701
827429617,0.094482,0.116699,1.040771
827434617,0.094727,0.115967,1.043457
827439617,0.097412,0.114014,1.042236
827444617,0.097168,0.11792,1.032959
827449617,0.098633,0.11792,1.038086
827454617,0.102295,0.111328,1.042725
827459617,0.100586,0.119629,1.041504
827464617,0.103516,0.117188,1.04541
827469617,0.096191,0.117432,1.044434
827474617,0.097168,0.114502,1.041504
827479617,0.094238,0.113281,1.041992
827484617,0.097412,0.118408,1.052979
827489617,0.094238,0.115234,1.036133
827494617,0.092041,0.11792,1.045166
827499617,0.092285,0.11792,1.044922
827504617,0.100586,0.118164,1.046143
827509617,0.095947,0.118896,1.035889
827514617,0.094238,0.11377,1.044922
827519617,0.096924,0.115479,1.042969
827524617,0.098145,0.117432,1.046143
827529617,0.098389,0.116943,1.037842
827534617,0.095947,0.116211,1.036865
827539617,0.096436,0.117432,1.038086
827544617,0.096191,0.116211,1.038818
827549617,0.096191,0.120117,1.043457
827554617,0.094238,0.119385,1.040039
827559617,0.093994,0.119385,1.045898
827564617,0.092773,0.118164,1.03833
827569617,0.099609,0.117432,1.036865
827574617,0.097168,0.112305,1.043945
827579617,0.095215,0.11377,1.04248
827584617,0.094727,0.114014,1.040771
827589617,0.100342,0.11499,1.036377
827594617,0.099854,0.11377,1.03833
827599617,0.101807,0.117188,1.042725
827604617,0.099609,0.115234,1.042969
827609617,0.095215,0.117676,1.040771
827614617,0.095947,0.119629,1.044434
827619617,0.093262,0.119629,1.041992
827624617,0.097656,0.117188,1.039307
827629617,0.096436,0.117676,1.043945
827634617,0.100586,0.114502,1.039307
827639617,0.096191,0.121582,1.043457
827644617,0.090332,0.111572,1.034424
827649617,0.091797,0.11499,1.040283
827654617,0.09668,0.116211,1.039551
827659617,0.098145,0.108887,1.035889
827664617,0.097168,0.11792,1.04248
827669617,0.089844,0.118164,1.040039
827674617,0.097168,0.118896,1.043701
827679617,0.095215,0.116943,1.042725
827684617,0.099609,0.116455,1.038818
827689617,0.102539,0.116699,1.047607
827694617,0.09668,0.112793,1.039307
827699617,0.092285,0.117676,1.056885
827704617,0.094238,0.121338,1.045898
827709617,0.094727,0.114502,1.044922
827714617,0.095703,0.111816,1.041992
827719617,0.098877,0.117432,1.0354
827724617,0.093262,0.118408,1.044189
827729617,0.093262,0.11792,1.036377
827734617,0.094238,0.117188,1.040527
827739617,0.093994,0.116699,1.039551
827744617,0.094482,0.116455,1.038086
827749617,0.095703,0.115234,1.034912
827754617,0.09375,0.116455,1.04541
827759617,0.092773,0.119385,1.036865
827764617,0.095215,0.11499,1.037842
827769617,0.098145,0.115967,1.038086
827774617,0.094971,0.117432,1.043457
827779617,0.100098,0.114014,1.048584
827784617,0.099854,0.116699,1.042725
827789617,0.091064,0.117432,1.04248
827794617,0.094482,0.113037,1.046631
827799617,0.096924,0.11377,1.043213
827804617,0.095459,0.112305,1.044434
827809617,0.092529,0.11792,1.043213
827814617,0.095947,0.114746,1.031006
827819617,0.094482,0.114258,1.044189
827824617,0.097412,0.120117,1.040527
827829617,0.095947,0.118164,1.03833
827834617,0.093506,0.11792,1.037354
827839617,0.099365,0.11792,1.044434
827844617,0.095459,0.118164,1.031738
827849617,0.094727,0.116455,1.049072
827854617,0.0979,0.119629,1.042969
827859617,0.0979,0.11499,1.036133
827864617,0.096191,0.11792,1.039307
827869617,0.095459,0.115479,1.036621
827874617,0.095215,0.112549,1.04248
827879617,0.094727,0.118652,1.04248
827884617,0.097656,0.111816,1.039795
827889617,0.096436,0.113281,1.043213
827894617,0.0979,0.118896,1.041748
827899617,0.095459,0.114014,1.045654
827904617,0.096436,0.116699,1.044922
827909617,0.093506,0.116699,1.038818
827914617,0.101318,0.113281,1.047852
827919617,0.094971,0.114258,1.04126
827924617,0.093018,0.113525,1.045654
827929617,0.09668,0.115479,1.039063
827934617,0.098633,0.114502,1.04126
827939617,0.101318,0.116211,1.039551
827944617,0.09375,0.118652,1.041016
827949617,0.09375,0.119873,1.045654
827954617,0.093994,0.11499,1.036377
827959617,0.095947,0.118652,1.043701
827964617,0.100098,0.114014,1.046143
827969617,0.095215,0.119873,1.042236
827974617,0.098145,0.114258,1.049072
827979617,0.102783,0.11377,1.040039
827984617,0.0979,0.118408,1.038574
827989617,0.098145,0.114746,1.042236
827994617,0.096191,0.116211,1.037354
827999617,0.096191,0.119873,1.054199
828004617,0.094238,0.120117,1.04248
828009617,0.095459,0.115967,1.04248
828014617,0.097412,0.118164,1.042236
828019617,0.092529,0.12085,1.040039
828024617,0.092773,0.11499,1.042236
828029617,0.097656,0.114502,1.036133
828034617,0.096191,0.117188,1.042725
828039617,0.105225,0.117188,1.04541
828044617,0.097656,0.115479,1.036621
828049617,0.098877,0.118164,1.047852
828054617,0.097168,0.113525,1.038574
828059617,0.096436,0.114258,1.052002
828064617,0.098389,0.112549,1.040771
828069617,0.095215,0.112549,1.039795
828074617,0.097412,0.116699,1.041748
828079617,0.096191,0.116455,1.041748
828084617,0.096191,0.116943,1.043213
828089617,0.098633,0.116455,1.046631
828094617,0.099609,0.111084,1.043945
828099617,0.095947,0.113525,1.045654
828104617,0.095703,0.116943,1.048828
828109617,0.098389,0.116943,1.044678
828114617,0.098877,0.114502,1.052979
828119617,0.097168,0.11377,1.037354
828124617,0.099609,0.109863,1.04541
828129617,0.091797,0.11377,1.040283
828134617,0.091309,0.117432,1.032471
828139617,0.096436,0.117432,1.040771
828144617,0.091553,0.11499,1.036621
828149617,0.096191,0.116211,1.043457
828154617,0.091064,0.118896,1.039063
828159617,0.093506,0.117676,1.046387
828164617,0.095459,0.11499,1.031738
828169617,0.095947,0.113281,1.034668
828174617,0.096191,0.11499,1.03833
828179617,0.098877,0.118652,1.041016
828184617,0.100098,0.115479,1.041504
828189617,0.097168,0.116699,1.038574
828194617,0.095215,0.115479,1.037842
828199617,0.095947,0.111328,1.037109
828204617,0.095947,0.116699,1.037842
828209617,0.097168,0.116699,1.041504
828214617,0.095215,0.114014,1.04126
828219617,0.091309,0.119141,1.04248
828224617,0.093262,0.117432,1.048828
828229617,0.093262,0.120605,1.046631
828234617,0.096191,0.120361,1.042725
828239617,0.096924,0.119141,1.040527
828244617,0.097168,0.117432,1.035645
828249617,0.095703,0.115479,1.038574
828254617,0.101074,0.114746,1.036377
828259617,0.102295,0.117432,1.04126
828264617,0.097168,0.116211,1.042969
828269617,0.093262,0.119141,1.039307
828274617,0.093018,0.115234,1.042236
828279617,0.098389,0.117188,1.043457
828284617,0.092773,0.113525,1.040527
828289617,0.097168,0.118164,1.04126
828294617,0.092285,0.114746,1.037598
828299617,0.097656,0.116943,1.046875
828304617,0.094727,0.114746,1.041016
828309617,0.0979,0.111816,1.038818
828314617,0.095215,0.116699,1.03833
828319617,0.10083,0.117676,1.03833
828324617,0.09668,0.116455,1.044678
828329617,0.092529,0.117188,1.042725
828334617,0.098389,0.114014,1.041504
828339617,0.096436,0.113525,1.046143
828344617,0.092041,0.120361,1.037842
828349617,0.091797,0.11792,1.044922
828354617,0.093994,0.11377,1.046387
828359617,0.091064,0.116699,1.044678
828364617,0.088867,0.115967,1.044434
828369617,0.098389,0.116455,1.043945
828374617,0.099365,0.118408,1.038574
828379617,0.100342,0.11499,1.044189
828384617,0.101563,0.118408,1.038818
828389617,0.099609,0.114258,1.040283
828394617,0.097656,0.117676,1.036621
828399617,0.094971,0.117676,1.037354
828404617,0.094971,0.115723,1.044189
828409617,0.094971,0.116211,1.042969
828414617,0.094727,0.118164,1.043213
828419617,0.092041,0.119385,1.036865
828424617,0.096436,0.114502,1.03833
828429617,0.094971,0.117188,1.04126
828434617,0.093262,0.119141,1.043457
828439617,0.093018,0.118408,1.041016
828444617,0.10083,0.11377,1.040283
828449617,0.104004,0.115967,1.04248
828454617,0.101074,0.115479,1.039063
828459617,0.099854,0.115967,1.044434
828464617,0.099121,0.117676,1.036865
828469617,0.096436,0.117432,1.044922
828474617,0.093018,0.121582,1.046631
828479617,0.09375,0.11499,1.03833
828484617,0.098145,0.118896,1.04248
828489617,0.093262,0.113525,1.038574
828494617,0.0979,0.111572,1.047119
828499617,0.09668,0.112305,1.048584
828504617,0.094727,0.117676,1.039551
828509617,0.092529,0.117188,1.043457
828514617,0.09082,0.122803,1.039551
828519617,0.096436,0.118164,1.034912
828524617,0.098145,0.117432,1.036133
828529617,0.103516,0.113281,1.035889
828534617,0.098633,0.117676,1.040527
828539617,0.097656,0.117676,1.043701
828544617,0.093506,0.120117,1.040283
828549617,0.093018,0.117432,1.041504
828554617,0.094727,0.116943,1.043701
828559617,0.091797,0.115723,1.045166
828564617,0.095459,0.114014,1.043457
828569617,0.093262,0.11499,1.04126
828574617,0.095947,0.119873,1.053955
828579617,0.089111,0.118408,1.041504
828584617,0.0979,0.113525,1.041016
828589617,0.100098,0.109863,1.040771
828594617,0.093018,0.116699,1.043213
828599617,0.09375,0.115234,1.044434
828604617,0.094971,0.116211,1.04248
828609617,0.099854,0.112549,1.040771
828614617,0.099121,0.112793,1.041016
828619617,0.096924,0.119629,1.040771
828624617,0.09375,0.117432,1.036133
828629617,0.095947,0.121338,1.037842
828634617,0.099854,0.117188,1.046631
828639617,0.095947,0.118408,1.038574
828644617,0.096436,0.116455,1.048828
828649617,0.091553,0.116943,1.038574
828654617,0.094482,0.116943,1.039063
828659617,0.097656,0.116455,1.040039
828664617,0.096191,0.115967,1.03833
828669617,0.094971,0.116699,1.040527
828674617,0.097412,0.118164,1.04541
828679617,0.092529,0.118896,1.038086
828684617,0.092773,0.115723,1.032227
828689617,0.093994,0.108887,1.042969
828694617,0.094482,0.116699,1.034424
828699617,0.095703,0.117676,1.044922
828704617,0.093506,0.112793,1.041992
828709617,0.089355,0.117676,1.040527
828714617,0.09668,0.11377,1.045166
828719617,0.093994,0.115479,1.041992
828724617,0.096924,0.114258,1.038086
828729617,0.098877,0.112305,1.049316
828734617,0.100342,0.115479,1.043701
828739617,0.095215,0.115479,1.041504
828744617,0.096924,0.116943,1.038574
828749617,0.0979,0.118896,1.045166
828754617,0.095459,0.118896,1.037598
828759617,0.097656,0.118652,1.03833
828764617,0.093262,0.113281,1.048584
828769617,0.099609,0.115967,1.047363
828774617,0.09375,0.117676,1.035889
828779617,0.097168,0.115723,1.034912
828784617,0.100342,0.115479,1.044434
828789617,0.098633,0.114258,1.042236
828794617,0.091797,0.118652,1.04541
828799617,0.097412,0.116943,1.039063
828804617,0.098145,0.116943,1.045166
828809617,0.094238,0.119873,1.045166
828814617,0.098145,0.116455,1.041992
828819617,0.095947,0.113525,1.038818
828824617,0.091553,0.118896,1.044189
828829617,0.094971,0.117188,1.040039
828834617,0.0979,0.11377,1.038086
828839617,0.100098,0.111816,1.049561
828844617,0.096436,0.113525,1.042236
828849617,0.09668,0.11499,1.042236
828854617,0.098389,0.11499,1.040527
828859617,0.091797,0.117188,1.041016
828864617,0.097168,0.117432,1.034668
828869617,0.094727,0.11377,1.041992
828874617,0.095703,0.114746,1.043701
828879617,0.095459,0.117676,1.048584
828884617,0.100098,0.118164,1.046387
828889617,0.092285,0.116699,1.030762
828894617,0.096924,0.114258,1.047852
828899617,0.101074,0.120361,1.045166
828904617,0.095459,0.115967,1.051758
828909617,0.097168,0.114014,1.032715
828914617,0.093262,0.116211,1.046631
828919617,0.095947,0.116943,1.046631
828924617,0.095459,0.111328,1.040039
828929617,0.089844,0.110107,1.030273
828934617,0.099609,0.116455,1.04126
828939617,0.097412,0.112793,1.045166
828944617,0.095459,0.118652,1.048096
828949617,0.099121,0.116455,1.041748
828954617,0.095459,0.115723,1.041748
828959617,0.094971,0.113281,1.037598
828964617,0.099854,0.11377,1.046143
828969617,0.103027,0.117188,1.041016
828974617,0.099854,0.117676,1.039551
828979617,0.093262,0.113525,1.035645
828984617,0.096924,0.115723,1.032959
828989617,0.094727,0.11499,1.039307
828994617,0.094971,0.115967,1.038574
828999617,0.095703,0.111572,1.043213
829004617,0.093018,0.120605,1.041748
829009617,0.090332,0.117676,1.038818
829014617,0.091553,0.116211,1.047852
829019617,0.095215,0.118164,1.044434
829024617,0.095703,0.114014,1.043945
829029617,0.095947,0.114258,1.040771
829034617,0.100098,0.108398,1.035156
829039617,0.094971,0.11377,1.041748
829044617,0.097656,0.113037,1.044678
829049617,0.101563,0.116699,1.036377
829054617,0.092773,0.116455,1.037354
829059617,0.093506,0.11792,1.041016
829064617,0.096924,0.114014,1.045898
829069617,0.093018,0.118896,1.046387
829074617,0.087402,0.118408,1.040039
829079617,0.094727,0.118408,1.042969
829084617,0.092041,0.116699,1.041992
829089617,0.097412,0.120117,1.045166
829094617,0.095947,0.112793,1.043945
829099617,0.095947,0.113281,1.04248
829104617,0.098877,0.115723,1.048828
829109617,0.101563,0.113525,1.041504
829114617,0.100098,0.111328,1.039063
829119617,0.101563,0.111572,1.039551
829124617,0.098389,0.11499,1.044922
829129617,0.095703,0.111328,1.046143
829134617,0.096191,0.116211,1.044922
829139617,0.089355,0.115967,1.040771
829144617,0.097412,0.117432,1.038818
829149617,0.094238,0.11792,1.043213
829154617,0.091309,0.117676,1.042969
829159617,0.09375,0.119873,1.043213
829164617,0.098633,0.119873,1.056152
829169617,0.097168,0.114746,1.042969
829174617,0.097168,0.117676,1.036621
829179617,0.097656,0.11377,1.048828
829184617,0.093506,0.108887,1.036621
829189617,0.0979,0.114746,1.037354
829194617,0.099609,0.120117,1.046387
829199617,0.103271,0.119629,1.04248
829204617,0.098389,0.119141,1.039551
829209617,0.091064,0.114014,1.032471
829214617,0.092041,0.116943,1.036377
829219617,0.0979,0.113281,1.050781
829224617,0.090576,0.117676,1.036621
829229617,0.098389,0.116455,1.05542
829234617,0.095215,0.119141,1.039551
829239617,0.093506,0.114014,1.034424
829244617,0.098633,0.11377,1.046143
829249617,0.094482,0.111328,1.025635
829254617,0.099609,0.110107,1.043945
829259617,0.097656,0.115723,1.043457
829264617,0.100098,0.121826,1.043945
829269617,0.096924,0.118164,1.050293
829274617,0.095459,0.117676,1.04126
829279617,0.092285,0.118164,1.044922
829284617,0.093262,0.113037,1.041016
829289617,0.09375,0.112793,1.050293
829294617,0.095459,0.117432,1.042725
829299617,0.095459,0.115967,1.040527
829304617,0.102539,0.114258,1.0354
829309617,0.094482,0.111084,1.037109
829314617,0.097168,0.114014,1.036621
829319617,0.094971,0.110107,1.038086
829324617,0.102295,0.111816,1.044434
829329617,0.095459,0.11084,1.041016
829334617,0.102295,0.11377,1.041992
829339617,0.095703,0.115967,1.040771
829344617,0.09082,0.118164,1.045166
829349617,0.091309,0.12207,1.042725
829354617,0.091309,0.116211,1.046875
829359617,0.098389,0.121094,1.043945
829364617,0.099365,0.116699,1.04834
829369617,0.0979,0.11499,1.041748
829374617,0.095947,0.117188,1.042236
829379617,0.097412,0.109619,1.040283
829384617,0.097168,0.113525,1.032959
829389617,0.098633,0.110596,1.041016
829394617,0.099854,0.118164,1.044678
829399617,0.097168,0.116211,1.039795
829404617,0.095459,0.11499,1.037109
829409617,0.097168,0.115234,1.042969
829414617,0.095215,0.122314,1.054199
829419617,0.09082,0.122803,1.047607
829424617,0.093506,0.119385,1.044678
829429617,0.093018,0.116455,1.044922
829434617,0.09375,0.117432,1.039795
829439617,0.098145,0.113037,1.032715
829444617,0.092773,0.11792,1.031006
829449617,0.098145,0.12085,1.035889
829454617,0.100342,0.115234,1.048584
829459617,0.099121,0.119629,1.037354
829464617,0.100342,0.111572,1.04541
829469617,0.096436,0.112305,1.042725
829474617,0.094238,0.116455,1.038086
