timestamp_us,x_g,y_g,z_g
1059859617,0.093262,0.119385,1.050537
1059864617,0.095947,0.116943,1.044678
1059869617,0.091553,0.116455,1.041016
1059874617,0.092773,0.116943,1.044189
1059879617,0.091064,0.119873,1.049316
1059884617,0.090332,0.122559,1.041748
1059889617,0.087402,0.123047,1.043701
1059894617,0.093506,0.121826,1.040283
1059899617,0.084961,0.120605,1.04126
1059904617,0.099365,0.125977,1.04541
1059909617,0.101563,0.124268,1.048584
1059914617,0.093506,0.125244,1.040771
1059919617,0.096436,0.125244,1.038818
1059924617,0.091064,0.115723,1.040527
1059929617,0.0896,0.121582,1.038574
1059934617,0.088379,0.114502,1.037354
1059939617,0.0896,0.113281,1.03418
1059944617,0.091553,0.113525,1.049805
1059949617,0.091064,0.114258,1.051514
1059954617,0.08667,0.117432,1.034424
1059959617,0.092773,0.11377,1.034668
1059964617,0.092041,0.118164,1.037109
1059969617,0.095215,0.120605,1.045166
1059974617,0.092773,0.122803,1.050537
1059979617,0.093506,0.125,1.042969
1059984617,0.093018,0.121826,1.039795
1059989617,0.092529,0.119873,1.044922
1059994617,0.09375,0.120361,1.037354
1059999617,0.093994,0.119385,1.035156
1060004617,0.096436,0.119629,1.037598
1060009617,0.092041,0.121094,1.043457
1060014617,0.0896,0.121826,1.047119
1060019617,0.091309,0.116943,1.044678
1060024617,0.091553,0.112793,1.034668
1060029617,0.091064,0.118164,1.027832
1060034617,0.096436,0.109375,1.05542
1060039617,0.098389,0.112305,1.036377
1060044617,0.09375,0.114746,1.03418
1060049617,0.095215,0.126953,1.043701
1060054617,0.088379,0.124756,1.033203
1060059617,0.090332,0.122314,1.033691
1060064617,0.09375,0.123779,1.044434
1060069617,0.09668,0.126953,1.040283
1060074617,0.091064,0.11792,1.036377
1060079617,0.094238,0.125,1.040771
1060084617,0.089111,0.125244,1.036377
1060089617,0.095703,0.118408,1.041016
1060094617,0.094482,0.125244,1.037109
1060099617,0.094727,0.118896,1.046143
1060104617,0.088623,0.11377,1.045166
1060109617,0.095459,0.12085,1.034912
1060114617,0.092041,0.116943,1.043945
1060119617,0.095215,0.116943,1.035645
1060124617,0.097412,0.114014,1.044678
1060129617,0.093506,0.121338,1.040283
1060134617,0.097412,0.123779,1.049561
1060139617,0.083984,0.120605,1.036377
1060144617,0.095215,0.118164,1.039063
1060149617,0.093994,0.113281,1.046143
1060154617,0.095459,0.112549,1.039551
1060159617,0.094238,0.115967,1.043457
1060164617,0.088867,0.11377,1.041992
1060169617,0.0896,0.120361,1.041992
1060174617,0.087646,0.121582,1.05127
1060179617,0.091553,0.120117,1.043213
1060184617,0.091064,0.121826,1.043213
1060189617,0.090576,0.121094,1.037598
1060194617,0.090088,0.119629,1.031494
1060199617,0.095947,0.120605,1.031494
1060204617,0.088623,0.120605,1.039307
1060209617,0.088867,0.120605,1.029053
1060214617,0.094727,0.116943,1.04126
1060219617,0.094971,0.119385,1.040527
1060224617,0.087891,0.118652,1.042969
1060229617,0.086914,0.118408,1.046387
1060234617,0.095947,0.109131,1.039795
1060239617,0.098877,0.112549,1.048828
1060244617,0.095947,0.121094,1.046875
1060249617,0.09375,0.127686,1.044678
1060254617,0.097168,0.125488,1.042969
1060259617,0.095215,0.123535,1.043945
1060264617,0.093018,0.122803,1.041504
1060269617,0.095703,0.125244,1.041748
1060274617,0.088135,0.123047,1.031982
1060279617,0.0896,0.127441,1.036133
1060284617,0.084473,0.125,1.038086
1060289617,0.09082,0.119629,1.032959
1060294617,0.081055,0.118408,1.039063
1060299617,0.086182,0.120361,1.038574
1060304617,0.083008,0.118408,1.041992
1060309617,0.087891,0.112061,1.042969
1060314617,0.092041,0.116455,1.040771
1060319617,0.094727,0.113037,1.045654
1060324617,0.093994,0.113525,1.037109
1060329617,0.098389,0.119141,1.044922
1060334617,0.098877,0.115479,1.044434
1060339617,0.098877,0.118652,1.040039
1060344617,0.102295,0.118164,1.031982
1060349617,0.102783,0.118896,1.041992
1062884617,0.097412,0.122314,1.038086
1062889617,0.094727,0.115479,1.04541
1062894617,0.093994,0.11499,1.041016
1062899617,0.08667,0.12085,1.042236
1062904617,0.089355,0.117432,1.043213
1062909617,0.093506,0.118408,1.04248
1062914617,0.092285,0.117432,1.045654
1062919617,0.090088,0.118652,1.044434
1062924617,0.091309,0.118408,1.04126
1062929617,0.090576,0.11792,1.046387
1062934617,0.092285,0.121826,1.045898
1062939617,0.098389,0.119385,1.036865
1062944617,0.098633,0.125977,1.043457
1062949617,0.097168,0.124268,1.036621
1062954617,0.095215,0.119385,1.039063
1062959617,0.091309,0.123779,1.042236
1062964617,0.092773,0.119141,1.036865
1062969617,0.090332,0.117188,1.039551
1062974617,0.09375,0.119873,1.039551
1062979617,0.089844,0.117676,1.039307
1062984617,0.095703,0.115723,1.042969
1062989617,0.091553,0.118164,1.047363
1062994617,0.095947,0.119873,1.046875
1062999617,0.088379,0.121826,1.046143
1063004617,0.094971,0.124023,1.043701
1063009617,0.093018,0.123779,1.052979
1063014617,0.090088,0.12085,1.037598
1063019617,0.093994,0.118652,1.044189
1063024617,0.092041,0.123291,1.037598
1063029617,0.091553,0.119873,1.038086
1063034617,0.091797,0.121094,1.031738
1063039617,0.087891,0.114502,1.040283
1063044617,0.088867,0.119141,1.040283
1063049617,0.089844,0.114746,1.042725
1063054617,0.086914,0.117432,1.042725
1063059617,0.085693,0.121338,1.038818
1063064617,0.089355,0.111328,1.027832
1063069617,0.090332,0.12207,1.048096
1063074617,0.092773,0.121826,1.061768
1063079617,0.095947,0.117676,1.040771
1063084617,0.093506,0.121338,1.034424
1063089617,0.090088,0.117676,1.033447
1063094617,0.097412,0.114258,1.037109
1063099617,0.0979,0.114258,1.036865
1063104617,0.094727,0.12207,1.042969
1063109617,0.090088,0.125244,1.045166
1063114617,0.09082,0.119629,1.033203
1063119617,0.088623,0.116211,1.03833
1063124617,0.093018,0.115723,1.032959
1063129617,0.086426,0.116211,1.037354
1063134617,0.093018,0.12207,1.05127
1063139617,0.087158,0.12085,1.047119
1063144617,0.093262,0.117432,1.048584
1063149617,0.096436,0.116211,1.044434
1063154617,0.090088,0.121338,1.03418
1063159617,0.090576,0.121338,1.044678
1063164617,0.095947,0.118896,1.041748
1063169617,0.096436,0.118408,1.042969
1063174617,0.094482,0.113281,1.041748
1063179617,0.092529,0.120117,1.039551
1063184617,0.092773,0.12793,1.040039
1063189617,0.093018,0.127197,1.040527
1063194617,0.094238,0.119141,1.034912
1063199617,0.103271,0.118652,1.03833
1063204617,0.09668,0.116211,1.045898
1063209617,0.090088,0.124512,1.045654
1063214617,0.089355,0.123535,1.040771
1063219617,0.093018,0.113525,1.038086
1063224617,0.099121,0.115479,1.04541
1063229617,0.094482,0.118896,1.049805
1063234617,0.088867,0.122314,1.041992
1063239617,0.088379,0.11377,1.038818
1063244617,0.093018,0.113525,1.041504
1063249617,0.093262,0.121582,1.044189
1063254617,0.090088,0.122803,1.036621
1063259617,0.094971,0.123535,1.0354
1063264617,0.097168,0.126465,1.043701
1063269617,0.092773,0.121338,1.041504
1063274617,0.10083,0.124023,1.04126
1063279617,0.097412,0.119385,1.046631
1063284617,0.094971,0.123291,1.034912
1063289617,0.098633,0.119141,1.04834
1063294617,0.097656,0.11377,1.032471
1063299617,0.093994,0.116699,1.046875
1063304617,0.094727,0.117676,1.040039
1063309617,0.088379,0.116943,1.041992
1063314617,0.091064,0.123047,1.036133
1063319617,0.089111,0.115967,1.038574
1063324617,0.098389,0.118896,1.043701
1063329617,0.09375,0.121094,1.04248
1063334617,0.092529,0.118164,1.038086
1063339617,0.088623,0.12793,1.037109
1063344617,0.0896,0.121338,1.042969
1063349617,0.092285,0.124268,1.057861
1063354617,0.095947,0.116699,1.026367
1063359617,0.09375,0.121338,1.035645
1063364617,0.091064,0.123291,1.044922
1063369617,0.090576,0.118652,1.039551
1063374617,0.09375,0.118408,1.03418
1063379617,0.091064,0.115967,1.04541
1063384617,0.093262,0.115234,1.036377
1063389617,0.092773,0.124268,1.037598
1063394617,0.093262,0.120361,1.046631
1063399617,0.092529,0.117188,1.034912
1063404617,0.096924,0.115479,1.035889
1063409617,0.0979,0.117188,1.049316
1063414617,0.091553,0.120117,1.03418
1063419617,0.089844,0.115234,1.041748
1063424617,0.094727,0.122559,1.037109
1063429617,0.093506,0.119141,1.031006
1063434617,0.088135,0.124023,1.047119
1063439617,0.096436,0.114502,1.042969
1063444617,0.087158,0.126709,1.032471
1063449617,0.097412,0.119629,1.026855
1063454617,0.101807,0.118408,1.036621
1063459617,0.096436,0.122803,1.038818
1063464617,0.08252,0.127197,1.032959
1063469617,0.106201,0.11377,1.042236
1063474617,0.100098,0.108643,1.041748
1063479617,0.101318,0.12085,1.047607
1063484617,0.092529,0.122314,1.034424
1063489617,0.094238,0.115234,1.032227
1063494617,0.096191,0.114746,1.038574
1063499617,0.09375,0.117676,1.045654
1063504617,0.091064,0.120605,1.040039
1063509617,0.093018,0.121582,1.040283
1063514617,0.090088,0.120117,1.032959
1063519617,0.088379,0.123291,1.037354
1063524617,0.097656,0.119873,1.047119
1063529617,0.091797,0.121826,1.036621
1063534617,0.090332,0.117676,1.036133
1063539617,0.095947,0.124023,1.047852
1063544617,0.091553,0.119629,1.038086
1063549617,0.096924,0.118408,1.041016
1063554617,0.094238,0.117188,1.031494
1063559617,0.099121,0.116699,1.040771
1063564617,0.094971,0.118652,1.040039
1063569617,0.094482,0.121826,1.053711
1063574617,0.086182,0.117188,1.032959
1063579617,0.088867,0.116455,1.036133
1063584617,0.093994,0.120117,1.051514
1063589617,0.091309,0.12207,1.040527
1063594617,0.091553,0.12085,1.040283
1063599617,0.089355,0.123047,1.04126
1063604617,0.091797,0.125488,1.037598
1063609617,0.099365,0.121582,1.037842
1063614617,0.10083,0.121094,1.043457
1063619617,0.099854,0.133789,1.028809
1063624617,0.093994,0.125488,1.050781
1063629617,0.0979,0.123047,1.037354
1063634617,0.093018,0.110596,1.045654
1063639617,0.101807,0.105713,1.044434
1063644617,0.093262,0.106201,1.036377
1063649617,0.0896,0.110107,1.044922
1063654617,0.092285,0.11377,1.049316
1063659617,0.080078,0.110352,1.039307
1063664617,0.085449,0.109375,1.049316
1063669617,0.085937,0.109863,1.038086
1063674617,0.086426,0.112549,1.050293
1063679617,0.083496,0.122803,1.046387
1063684617,0.091064,0.125,1.034424
1063689617,0.101563,0.124023,1.059082
1063694617,0.091553,0.136719,1.040039
1063699617,0.100098,0.131592,1.046875
1063704617,0.101807,0.131836,1.049561
1063709617,0.091064,0.128418,1.041748
1063714617,0.103027,0.124023,1.030518
1063719617,0.093506,0.118408,1.026123
1063724617,0.091064,0.113037,1.034668
1063729617,0.098389,0.108154,1.033447
1063734617,0.085449,0.115723,1.042725
1063739617,0.087158,0.10791,1.023193
1063744617,0.100098,0.103027,1.030273
1063749617,0.109863,0.10498,1.047363
1063754617,0.089355,0.131348,1.041992
1063759617,0.084717,0.114502,1.034668
1063764617,0.106445,0.119873,1.051758
1063769617,0.084229,0.141602,1.050049
1063774617,0.08252,0.134033,1.030273
1063779617,0.092285,0.122314,1.036621
1063784617,0.0896,0.126221,1.04126
1063789617,0.093262,0.122803,1.045654
1063794617,0.090088,0.120117,1.051514
1063799617,0.089844,0.114502,1.037598
1063804617,0.083252,0.121338,1.044189
1063809617,0.090088,0.116699,1.033447
1063814617,0.092285,0.115479,1.046387
1063819617,0.092041,0.117676,1.040527
1063824617,0.090088,0.113281,1.043701
1063829617,0.092773,0.11377,1.043701
1063834617,0.093994,0.114014,1.036377
1063839617,0.099854,0.121338,1.04126
1063844617,0.086426,0.119141,1.030029
1063849617,0.099365,0.124268,1.037842
1063854617,0.085937,0.133789,1.034424
1063859617,0.096191,0.131592,1.040771
1063864617,0.089111,0.127197,1.033447
1063869617,0.095703,0.117676,1.038818
1063874617,0.091797,0.116455,1.035156
1063879617,0.093018,0.118408,1.031982
1063884617,0.099609,0.114258,1.04126
1063889617,0.093262,0.112305,1.043701
1063894617,0.091064,0.109131,1.039795
1063899617,0.102295,0.112793,1.046143
1063904617,0.104004,0.111572,1.04248
1063909617,0.105225,0.116943,1.029785
1063914617,0.099854,0.123535,1.040771
1063919617,0.093506,0.135986,1.044922
1063924617,0.092773,0.136475,1.044189
1063929617,0.083252,0.12915,1.050049
1063934617,0.082275,0.138916,1.041748
1063939617,0.077148,0.130859,1.031006
1063944617,0.095459,0.112793,1.039795
1063949617,0.101563,0.107422,1.043213
1063954617,0.100098,0.112061,1.0271
1063959617,0.102539,0.118896,1.054199
1063964617,0.100342,0.12207,1.05542
1063969617,0.0896,0.119629,1.044922
1063974617,0.094238,0.117676,1.044922
1063979617,0.091309,0.118652,1.037109
1063984617,0.089355,0.118896,1.043457
1063989617,0.095947,0.110352,1.035156
1063994617,0.098633,0.111328,1.036377
1063999617,0.095459,0.119141,1.038818
1064004617,0.091064,0.125244,1.031006
1064009617,0.093262,0.127197,1.042969
1064014617,0.090332,0.127197,1.039063
1064019617,0.084473,0.121826,1.036865
1064024617,0.096924,0.117432,1.043945
1064029617,0.096191,0.119141,1.045166
1064034617,0.098877,0.114258,1.053223
1064039617,0.091064,0.118164,1.050049
1064044617,0.084473,0.12207,1.041504
1064049617,0.088379,0.125488,1.034912
1064054617,0.087158,0.117432,1.039063
1064059617,0.090576,0.115967,1.034668
1064064617,0.091064,0.118652,1.04126
1064069617,0.092285,0.117432,1.036865
1064074617,0.097168,0.119385,1.04248
1064079617,0.093506,0.119873,1.04248
1064084617,0.096191,0.122559,1.035889
1064089617,0.098633,0.121582,1.035156
1064094617,0.096924,0.12207,1.041504
1064099617,0.099609,0.120361,1.047852
1064104617,0.100586,0.120361,1.044189
1064109617,0.096436,0.118408,1.032959
1064114617,0.092529,0.117676,1.028076
1064119617,0.087646,0.11499,1.030273
1064124617,0.088867,0.117676,1.040039
1064129617,0.093262,0.121338,1.04248
1064134617,0.095703,0.121338,1.03833
1064139617,0.089844,0.115967,1.041016
1064144617,0.086914,0.121826,1.045898
1064149617,0.083984,0.123291,1.03418
1064154617,0.097168,0.123291,1.049072
1064159617,0.093262,0.117432,1.033447
1064164617,0.096436,0.115723,1.053711
1064169617,0.091797,0.123291,1.035889
1064174617,0.092285,0.126709,1.04541
1064179617,0.093506,0.119141,1.040283
1064184617,0.094971,0.120117,1.038574
1064189617,0.096924,0.122803,1.038574
1064194617,0.093018,0.123779,1.042969
1064199617,0.089111,0.122314,1.035645
1064204617,0.088867,0.116455,1.039307
1064209617,0.089844,0.115234,1.042236
1064214617,0.091309,0.113525,1.042969
1064219617,0.091553,0.116699,1.03833
1064224617,0.095215,0.117432,1.043213
1064229617,0.089111,0.116943,1.044678
1064234617,0.092285,0.118896,1.044678
1064239617,0.092773,0.120361,1.041504
1064244617,0.094482,0.121826,1.038818
1064249617,0.094238,0.117676,1.039307
1064254617,0.093506,0.122314,1.0354
1064259617,0.093262,0.120361,1.040771
1064264617,0.097412,0.121094,1.036865
1064269617,0.096191,0.121338,1.041016
1064274617,0.094971,0.120361,1.032715
1064279617,0.095215,0.126953,1.03418
1064284617,0.091309,0.11792,1.037842
1064289617,0.092773,0.118164,1.044189
1064294617,0.0979,0.118408,1.04126
1064299617,0.090576,0.117676,1.039551
1064304617,0.088867,0.116699,1.044434
1064309617,0.092529,0.116699,1.036377
1064314617,0.093994,0.121094,1.045166
1064319617,0.093994,0.121338,1.040283
1064324617,0.089844,0.124756,1.045166
1064329617,0.086426,0.122559,1.040771
1064334617,0.091553,0.121582,1.046631
1064339617,0.093262,0.123535,1.036377
1064344617,0.094971,0.121338,1.042969
1064349617,0.093506,0.12085,1.036133
1064354617,0.094971,0.120361,1.049316
1064359617,0.091797,0.122803,1.042969
1064364617,0.090332,0.122559,1.037598
1064369617,0.090332,0.120361,1.043701
1064374617,0.096924,0.119141,1.044434
1064379617,0.093018,0.116699,1.041504
1064384617,0.094971,0.114258,1.041748
1064389617,0.0896,0.12085,1.032959
1064394617,0.088623,0.123291,1.040771
1064399617,0.092285,0.121094,1.044678
1064404617,0.092041,0.120361,1.045898
1064409617,0.091309,0.120361,1.03125
1064414617,0.09668,0.122314,1.042725
1064419617,0.091797,0.121338,1.04541
1064424617,0.092529,0.123291,1.05249
1064429617,0.093262,0.123535,1.045654
1064434617,0.099121,0.121582,1.034912
1064439617,0.092529,0.124512,1.045898
1064444617,0.102051,0.11792,1.045654
1064449617,0.096436,0.11792,1.0354
1064454617,0.092285,0.118652,1.052246
1064459617,0.091064,0.120361,1.044189
1064464617,0.087891,0.122314,1.044434
1064469617,0.084961,0.120605,1.045654
1064474617,0.086426,0.119873,1.03418
1064479617,0.097412,0.113525,1.049316
1064484617,0.09082,0.116699,1.037109
1064489617,0.087891,0.117188,1.031494
1064494617,0.088135,0.121826,1.046631
1064499617,0.087158,0.12085,1.031982
1064504617,0.091064,0.122803,1.044434
1064509617,0.099609,0.121582,1.042969
1064514617,0.098633,0.123779,1.046631
1064519617,0.09082,0.122559,1.040039
1064524617,0.09375,0.125244,1.03833
1064529617,0.0896,0.12793,1.042725
1064534617,0.085937,0.125488,1.039551
1064539617,0.093262,0.116455,1.046387
1064544617,0.098389,0.117676,1.051025
1064549617,0.091553,0.116455,1.039307
1064554617,0.098145,0.120605,1.042969
1064559617,0.090576,0.116943,1.034424
1064564617,0.089844,0.119385,1.046387
1064569617,0.096924,0.119629,1.039795
1064574617,0.095703,0.116211,1.043457
1064579617,0.095947,0.120361,1.039063
1064584617,0.096436,0.121582,1.042236
1064589617,0.091797,0.122803,1.046143
1064594617,0.092041,0.122314,1.042725
1064599617,0.091309,0.123291,1.034424
1064604617,0.094971,0.122314,1.042236
1064609617,0.093018,0.12085,1.040283
1064614617,0.093994,0.114258,1.04541
1064619617,0.094727,0.116699,1.047852
1064624617,0.093506,0.114258,1.038086
1064629617,0.091553,0.120605,1.048828
1064634617,0.090088,0.118652,1.037354
1064639617,0.093506,0.119141,1.041748
1064644617,0.101074,0.120361,1.050293
1064649617,0.094238,0.117188,1.037842
1064654617,0.095459,0.120605,1.039307
1064659617,0.097656,0.119873,1.037598
1064664617,0.087891,0.12207,1.028076
1064669617,0.087646,0.119873,1.046631
1064674617,0.098633,0.106689,1.044434
1064679617,0.096191,0.124023,1.039307
1064684617,0.080566,0.114746,1.050049
1064689617,0.093994,0.119141,1.045654
1064694617,0.093018,0.113281,1.044189
1064699617,0.097656,0.118408,1.050537
1064704617,0.087646,0.114258,1.039551
1064709617,0.089111,0.116699,1.036133
1064714617,0.095703,0.117432,1.051025
1064719617,0.09668,0.122314,1.039795
1064724617,0.092529,0.121094,1.039063
1064729617,0.098633,0.123535,1.034424
1064734617,0.09375,0.124512,1.036621
1064739617,0.0896,0.126221,1.04248
1064744617,0.090576,0.118164,1.036865
1064749617,0.094482,0.118896,1.050293
1064754617,0.088867,0.120117,1.037109
1064759617,0.095459,0.121582,1.038574
1064764617,0.09082,0.117676,1.038086
1064769617,0.093018,0.117676,1.04248
1064774617,0.092285,0.11792,1.039551
1064779617,0.091797,0.122559,1.044189
1064784617,0.090576,0.119141,1.037354
1064789617,0.092773,0.116455,1.040771
1064794617,0.092041,0.122314,1.04248
1064799617,0.095703,0.120605,1.0354
1064804617,0.092529,0.123291,1.035645
1064809617,0.094238,0.124023,1.03833
1064814617,0.087158,0.124268,1.037354
1064819617,0.092773,0.122314,1.03418
1064824617,0.093262,0.122559,1.045166
1064829617,0.094971,0.123047,1.04126
1064834617,0.097656,0.119629,1.044189
1064839617,0.093262,0.121338,1.047852
1064844617,0.097168,0.115479,1.042236
1064849617,0.093262,0.116455,1.038086
1064854617,0.096924,0.116455,1.039307
1064859617,0.100342,0.120361,1.039063
1064864617,0.095947,0.117432,1.053223
1064869617,0.091797,0.121826,1.041992
1064874617,0.0896,0.116699,1.0354
1064879617,0.092773,0.116211,1.039795
1064884617,0.093262,0.121094,1.039063
1064889617,0.088867,0.116699,1.039307
1064894617,0.09082,0.119873,1.030273
1064899617,0.091309,0.120605,1.048584
1064904617,0.094971,0.119385,1.041504
1064909617,0.089844,0.119873,1.044678
1064914617,0.093994,0.12085,1.035645
1064919617,0.097168,0.121094,1.040039
1064924617,0.092773,0.118896,1.04248
1064929617,0.092041,0.123779,1.04248
1064934617,0.092529,0.12207,1.044678
1064939617,0.092529,0.123047,1.033691
1064944617,0.093994,0.118164,1.039795
1064949617,0.09375,0.122314,1.045166
1064954617,0.092285,0.114014,1.038086
1064959617,0.10083,0.115234,1.056396
1064964617,0.091064,0.121826,1.041016
1064969617,0.093506,0.113037,1.035156
1064974617,0.097412,0.118896,1.043213
1064979617,0.094971,0.120117,1.043945
1064984617,0.094238,0.123291,1.030762
1064989617,0.099121,0.118896,1.049561
1064994617,0.088135,0.122559,1.026367
1064999617,0.093994,0.122803,1.052246
1065004617,0.090576,0.115234,1.044922
1065009617,0.081543,0.126709,1.036377
1065014617,0.090332,0.118164,1.037842
1065019617,0.093994,0.115723,1.052734
1065024617,0.093018,0.114014,1.040039
1065029617,0.093262,0.116455,1.033691
1065034617,0.091064,0.116943,1.036377
1065039617,0.096924,0.119385,1.041992
1065044617,0.094727,0.119141,1.042725
1065049617,0.098633,0.123047,1.038086
1065054617,0.100098,0.119385,1.053711
1065059617,0.095703,0.115479,1.050781
1065064617,0.096924,0.118896,1.032959
1065069617,0.092773,0.122314,1.034424
1065074617,0.095215,0.116699,1.04541
1065079617,0.092773,0.124023,1.033691
1065084617,0.085693,0.125244,1.037842
1065089617,0.084229,0.124023,1.038086
1065094617,0.082031,0.131836,1.040771
1065099617,0.081055,0.125,1.043701
1065104617,0.090576,0.120361,1.052002
1065109617,0.090576,0.115723,1.050293
1065114617,0.091553,0.115723,1.055664
1065119617,0.091064,0.109131,1.038818
1065124617,0.099121,0.110596,1.048584
1065129617,0.091553,0.115723,1.043457
1065134617,0.094971,0.114258,1.037354
1065139617,0.095947,0.112793,1.039551
1065144617,0.09668,0.12085,1.039063
1065149617,0.094971,0.123779,1.040527
1065154617,0.083252,0.124756,1.038574
1065159617,0.087646,0.125977,1.026611
1065164617,0.099365,0.120117,1.034912
1065169617,0.094482,0.123047,1.041992
1065174617,0.091309,0.129395,1.049316
1065179617,0.090088,0.121826,1.037354
1065184617,0.088867,0.11499,1.043701
1065189617,0.09668,0.116211,1.041016
1065194617,0.096924,0.112549,1.041016
1065199617,0.09082,0.11499,1.041992
1065204617,0.092285,0.113037,1.043457
1065209617,0.091064,0.113525,1.039551
1065214617,0.088379,0.114746,1.04248
1065219617,0.09082,0.116211,1.033691
1065224617,0.090332,0.118652,1.041504
1065229617,0.090088,0.122314,1.040283
1065234617,0.092041,0.123779,1.031738
1065239617,0.09082,0.124268,1.034424
1065244617,0.095947,0.12085,1.044678
1065249617,0.090332,0.108887,1.043213
1065254617,0.099121,0.118164,1.039551
1065259617,0.099854,0.113525,1.056152
1065264617,0.095459,0.113281,1.036621
1065269617,0.105225,0.112305,1.040527
1065274617,0.102539,0.121338,1.043213
1065279617,0.099365,0.125977,1.028809
1065284617,0.091553,0.130127,1.036133
1065289617,0.093018,0.131104,1.036621
1065294617,0.08252,0.139893,1.047607
1065299617,0.079346,0.135254,1.039063
1065304617,0.081055,0.128662,1.039063
1065309617,0.084717,0.115967,1.040283
1065314617,0.089844,0.105713,1.047607
1065319617,0.092529,0.099854,1.046143
1065324617,0.102539,0.098145,1.061768
1065329617,0.096191,0.106934,1.064209
1065334617,0.097412,0.112793,1.044922
1065339617,0.101074,0.115723,1.043701
1065344617,0.10376,0.114502,1.035889
1065349617,0.105957,0.130859,1.029541
1065354617,0.106689,0.130615,1.026123
1065359617,0.108643,0.139404,1.042725
1065364617,0.089844,0.142334,1.031494
1065369617,0.091553,0.142578,1.028809
1065374617,0.091309,0.12793,1.032715
1065379617,0.081787,0.129395,1.032715
1065384617,0.091309,0.115723,1.036621
1065389617,0.09375,0.114502,1.045654
1065394617,0.087158,0.117432,1.046143
1065399617,0.081543,0.110596,1.046875
1065404617,0.092041,0.100586,1.044922
1065409617,0.089355,0.099609,1.040771
1065414617,0.09375,0.108643,1.041504
1065419617,0.091797,0.115234,1.036621
1065424617,0.088867,0.123047,1.036865
1065429617,0.090576,0.126709,1.035156
1065434617,0.092773,0.125,1.038086
1065439617,0.099121,0.127197,1.032227
1065444617,0.105469,0.130127,1.041504
1065449617,0.10376,0.127441,1.04126
1065454617,0.102783,0.126953,1.044922
1065459617,0.101318,0.124023,1.046631
1065464617,0.101074,0.11792,1.044189
1065469617,0.100342,0.115234,1.045166
1065474617,0.095215,0.111816,1.04248
1065479617,0.097656,0.112061,1.043213
1065484617,0.090332,0.111816,1.048828
1065489617,0.092041,0.113037,1.046143
1065494617,0.083984,0.112793,1.039063
1065499617,0.086914,0.111084,1.036133
1065504617,0.080566,0.117432,1.038574
1065509617,0.089844,0.119873,1.046631
1065514617,0.087646,0.127686,1.043213
1065519617,0.092041,0.127441,1.036865
1065524617,0.088379,0.123779,1.046143
1065529617,0.096436,0.125977,1.044189
1065534617,0.093018,0.121094,1.031982
1065539617,0.103027,0.124512,1.052246
1065544617,0.101318,0.119385,1.03833
1065549617,0.097168,0.111816,1.044189
1065554617,0.095703,0.117676,1.037842
1065559617,0.094482,0.111572,1.034912
1065564617,0.093262,0.114014,1.035889
1065569617,0.095459,0.115967,1.034668
1065574617,0.088623,0.114014,1.038574
1065579617,0.089355,0.121338,1.041748
1065584617,0.088379,0.124023,1.034912
1065589617,0.08667,0.121826,1.048096
1065594617,0.090332,0.124023,1.042236
1065599617,0.092041,0.124023,1.044189
1065604617,0.088623,0.122803,1.043213
1065609617,0.091797,0.124512,1.041992
1065614617,0.092285,0.118164,1.045166
1065619617,0.091309,0.123535,1.040283
1065624617,0.090332,0.122803,1.04248
1065629617,0.097412,0.117676,1.034912
1065634617,0.093262,0.118408,1.044434
1065639617,0.092529,0.116455,1.033447
1065644617,0.091553,0.116699,1.040039
1065649617,0.091309,0.114746,1.031982
1065654617,0.095459,0.115967,1.04834
1065659617,0.089355,0.118408,1.037598
1065664617,0.096191,0.124268,1.04126
1065669617,0.095215,0.117188,1.050293
1065674617,0.095703,0.121094,1.039063
1065679617,0.091309,0.123535,1.051758
1065684617,0.092041,0.120361,1.038818
1065689617,0.094727,0.122314,1.040527
1065694617,0.092773,0.123047,1.037842
1065699617,0.093506,0.125732,1.045898
1065704617,0.091064,0.12085,1.039063
1065709617,0.094482,0.123535,1.047607
1065714617,0.091797,0.117188,1.045166
1065719617,0.0896,0.120117,1.041748
1065724617,0.094238,0.122559,1.040771
1065729617,0.094727,0.120605,1.040283
1065734617,0.093018,0.116943,1.045654
1065739617,0.093018,0.115723,1.043457
1065744617,0.093994,0.114014,1.036865
1065749617,0.094238,0.117188,1.038818
1065754617,0.094727,0.116211,1.046387
1065759617,0.093262,0.118408,1.047363
1065764617,0.098389,0.116699,1.031494
1065769617,0.092529,0.119385,1.039551
1065774617,0.091797,0.12207,1.03833
1065779617,0.091797,0.124023,1.040771
1065784617,0.0896,0.118896,1.036865
1065789617,0.090576,0.121826,1.041748
1065794617,0.094482,0.124512,1.036377
1065799617,0.088623,0.118652,1.042969
1065804617,0.095215,0.120605,1.044189
1065809617,0.092041,0.121826,1.046143
1065814617,0.092529,0.119629,1.045654
1065819617,0.097412,0.116943,1.040527
1065824617,0.097168,0.116455,1.04541
1065829617,0.094482,0.12207,1.043945
1065834617,0.094482,0.121338,1.037598
1065839617,0.094238,0.123047,1.041748
1065844617,0.094727,0.121338,1.043701
1065849617,0.089111,0.120605,1.032959
1065854617,0.096436,0.122559,1.043945
1065859617,0.092773,0.118896,1.040039
1065864617,0.094727,0.125732,1.047852
1065869617,0.091064,0.121338,1.041016
1065874617,0.09375,0.118896,1.040527
1065879617,0.096924,0.119141,1.041748
1065884617,0.091797,0.120605,1.041992
1065889617,0.099609,0.120361,1.046631
1065894617,0.093018,0.121826,1.041992
1065899617,0.096924,0.118896,1.041748
1065904617,0.092285,0.120361,1.042725
1065909617,0.092041,0.116943,1.039795
1065914617,0.090576,0.118652,1.039307
1065919617,0.092773,0.117676,1.040039
1065924617,0.096191,0.119629,1.039551
1065929617,0.091553,0.120117,1.039307
1065934617,0.089111,0.118896,1.045654
1065939617,0.095703,0.120117,1.048096
1065944617,0.091553,0.121826,1.037598
1065949617,0.093506,0.118408,1.044189
1065954617,0.097412,0.120117,1.045166
1065959617,0.095459,0.11792,1.05249
1065964617,0.093262,0.118408,1.044434
1065969617,0.098145,0.116943,1.043213
1065974617,0.091797,0.121826,1.040771
1065979617,0.094727,0.116699,1.044434
1065984617,0.091064,0.119629,1.041992
1065989617,0.092529,0.120361,1.041748
1065994617,0.093994,0.119629,1.043945
1065999617,0.092773,0.119385,1.041504
1066004617,0.089355,0.12085,1.040039
1066009617,0.085693,0.123535,1.036865
1066014617,0.097412,0.120117,1.040771
1066019617,0.091553,0.120117,1.043945
1066024617,0.091553,0.122314,1.045898
1066029617,0.095703,0.123779,1.049561
1066034617,0.092041,0.120117,1.036621
1066039617,0.092773,0.120117,1.036377
1066044617,0.093262,0.121582,1.038818
1066049617,0.093506,0.121338,1.042725
1066054617,0.092773,0.118652,1.037109
1066059617,0.096436,0.114258,1.040039
1066064617,0.093262,0.126465,1.048828
1066069617,0.086182,0.114746,1.030762
1066074617,0.09668,0.11084,1.03418
1066079617,0.092773,0.122559,1.047119
1066084617,0.0896,0.124512,1.040771
1066089617,0.089111,0.124023,1.04834
1066094617,0.089111,0.11792,1.037598
1066099617,0.095215,0.115967,1.043457
1066104617,0.094727,0.11792,1.038818
1066109617,0.094971,0.119873,1.037842
1066114617,0.097412,0.124023,1.049561
1066119617,0.092773,0.126709,1.039551
1066124617,0.092773,0.123779,1.040771
1066129617,0.090576,0.123779,1.032227
1066134617,0.090088,0.117676,1.031006
1066139617,0.096924,0.115234,1.037598
1066144617,0.090332,0.118408,1.040771
1066149617,0.093018,0.12085,1.043945
1066154617,0.093262,0.119629,1.044678
1066159617,0.090576,0.124512,1.04248
1066164617,0.090332,0.122803,1.03833
1066169617,0.093262,0.118896,1.040771
1066174617,0.099121,0.121582,1.046631
1066179617,0.09375,0.125488,1.042725
1066184617,0.087158,0.122314,1.035156
1066189617,0.095947,0.116699,1.043213
1066194617,0.098633,0.122314,1.037109
1066199617,0.095703,0.124268,1.044922
1066204617,0.092529,0.12085,1.047363
1066209617,0.092773,0.119385,1.038818
1066214617,0.094971,0.116455,1.040527
1066219617,0.091309,0.120117,1.046631
1066224617,0.090332,0.11499,1.047363
1066229617,0.094727,0.120117,1.047607
1066234617,0.092285,0.118652,1.039063
1066239617,0.091064,0.117676,1.04541
1066244617,0.0979,0.111572,1.037109
1066249617,0.093262,0.121826,1.039795
1066254617,0.095947,0.122559,1.042236
1066259617,0.096924,0.122559,1.04834
1066264617,0.091797,0.126709,1.042725
1066269617,0.094971,0.120361,1.036377
1066274617,0.091309,0.123291,1.033203
1066279617,0.091797,0.119141,1.04126
1066284617,0.094482,0.116455,1.044922
1066289617,0.091797,0.115723,1.036377
1066294617,0.094971,0.115479,1.04248
1066299617,0.095215,0.113525,1.040283
1066304617,0.094238,0.117188,1.037109
1066309617,0.094971,0.118164,1.046631
1066314617,0.088867,0.124023,1.0354
1066319617,0.091309,0.115723,1.05127
1066324617,0.090332,0.126709,1.041748
1066329617,0.092041,0.117676,1.030762
1066334617,0.098877,0.116211,1.043945
1066339617,0.094727,0.119141,1.046631
1066344617,0.092285,0.125732,1.034912
1066349617,0.088135,0.121338,1.038818
1066354617,0.095215,0.114746,1.043457
1066359617,0.094971,0.121582,1.047607
1066364617,0.094482,0.115967,1.036133
1066369617,0.094727,0.117432,1.043701
1066374617,0.092041,0.114258,1.037598
1066379617,0.093018,0.116211,1.047607
1066384617,0.094727,0.117188,1.043213
1066389617,0.092285,0.117432,1.048828
1066394617,0.090576,0.121582,1.04248
1066399617,0.093018,0.119141,1.039551
1066404617,0.088379,0.122803,1.045166
1066409617,0.094971,0.118164,1.043945
1066414617,0.090576,0.123535,1.033936
1066419617,0.096436,0.121338,1.043945
1066424617,0.091553,0.125,1.037842
1066429617,0.094971,0.115479,1.037842
1066434617,0.099121,0.122803,1.040527
1066439617,0.097656,0.118896,1.044189
1066444617,0.09668,0.119629,1.046143
1066449617,0.088379,0.116699,1.039795
1066454617,0.097412,0.119141,1.046875
1066459617,0.091309,0.119873,1.039551
1066464617,0.100586,0.123047,1.044922
1066469617,0.090088,0.118164,1.031738
1066474617,0.098633,0.117432,1.04541
1066479617,0.095947,0.120117,1.046875
1066484617,0.097168,0.12915,1.05542
1066489617,0.090576,0.119385,1.034912
1066494617,0.104004,0.115723,1.039307
1066499617,0.104492,0.111816,1.064453
1066504617,0.08374,0.124512,1.045166
1066509617,0.085449,0.128906,1.048096
1066514617,0.085449,0.12085,1.032471
1066519617,0.09375,0.114502,1.041992
1066524617,0.087646,0.118164,1.036621
1066529617,0.090088,0.114014,1.039551
1066534617,0.091064,0.125,1.036377
1066539617,0.095459,0.120361,1.039063
1066544617,0.098633,0.117432,1.038086
1066549617,0.097656,0.113525,1.041992
1066554617,0.09668,0.118408,1.040527
1066559617,0.088623,0.120361,1.034424
1066564617,0.09082,0.124756,1.043213
1066569617,0.09082,0.123047,1.044922
1066574617,0.091553,0.115723,1.044189
1066579617,0.091309,0.120605,1.039795
1066584617,0.088623,0.121094,1.044434
1066589617,0.089844,0.123047,1.0354
1066594617,0.090088,0.123291,1.041748
1066599617,0.091309,0.121582,1.044189
1066604617,0.094482,0.123047,1.042969
1066609617,0.090576,0.125732,1.038574
1066614617,0.093994,0.120605,1.039795
1066619617,0.096924,0.12085,1.038574
1066624617,0.094238,0.116943,1.03833
1066629617,0.096924,0.117676,1.044678
1066634617,0.091797,0.12085,1.039063
1066639617,0.094727,0.115234,1.043701
1066644617,0.09082,0.11499,1.044922
1066649617,0.096436,0.11792,1.044434
1066654617,0.092773,0.118652,1.040039
1066659617,0.09082,0.118408,1.041748
1066664617,0.096436,0.116455,1.041748
1066669617,0.0896,0.122803,1.040039
1066674617,0.096191,0.119629,1.04248
1066679617,0.0979,0.116943,1.040039
1066684617,0.091064,0.121338,1.04541
1066689617,0.099365,0.12207,1.038818
1066694617,0.090088,0.119385,1.038574
1066699617,0.097412,0.118164,1.043701
1066704617,0.090332,0.122803,1.051025
1066709617,0.091553,0.121582,1.042725
1066714617,0.093994,0.115967,1.045898
1066719617,0.090576,0.116455,1.03833
1066724617,0.091553,0.119873,1.038574
1066729617,0.093018,0.118896,1.043213
1066734617,0.092285,0.118408,1.043945
1066739617,0.101807,0.119873,1.045654
1066744617,0.094238,0.123291,1.044922
1066749617,0.087891,0.126709,1.043457
1066754617,0.086426,0.123535,1.037598
1066759617,0.088623,0.118164,1.03833
1066764617,0.096436,0.117432,1.044189
1066769617,0.093262,0.117676,1.03833
1066774617,0.097168,0.116943,1.044678
1066779617,0.091553,0.120361,1.042725
1066784617,0.093018,0.119385,1.043213
1066789617,0.09082,0.119873,1.039795
1066794617,0.092041,0.121338,1.036377
1066799617,0.091797,0.120605,1.035889
1066804617,0.095215,0.12085,1.037598
1066809617,0.088623,0.116211,1.038086
1066814617,0.091553,0.119385,1.041016
1066819617,0.094727,0.119873,1.043701
1066824617,0.092041,0.122314,1.043701
1066829617,0.090576,0.12085,1.032959
1066834617,0.094971,0.123291,1.042969
1066839617,0.091064,0.124268,1.047119
1066844617,0.089355,0.123291,1.036865
1066849617,0.088867,0.119629,1.044678
1066854617,0.093262,0.117188,1.038818
1066859617,0.091797,0.120361,1.037109
1066864617,0.098389,0.112549,1.037109
1066869617,0.09668,0.116699,1.047607
1066874617,0.092041,0.119873,1.041992
1066879617,0.09375,0.12207,1.039795
1066884617,0.093994,0.11499,1.042236
1066889617,0.093262,0.115723,1.041748
1066894617,0.091553,0.118408,1.036133
1066899617,0.087646,0.120117,1.039063
1066904617,0.085693,0.116943,1.034912
1066909617,0.094482,0.121338,1.043701
1066914617,0.094727,0.120361,1.041992
1066919617,0.092285,0.124756,1.040527
1066924617,0.092773,0.117188,1.036377
1066929617,0.099121,0.116943,1.040039
1066934617,0.093994,0.121338,1.037842
1066939617,0.089844,0.122559,1.040771
1066944617,0.090088,0.114258,1.039063
1066949617,0.09375,0.116455,1.04126
1066954617,0.09375,0.118652,1.036865
1066959617,0.091797,0.118652,1.030518
1066964617,0.092773,0.11377,1.045654
1066969617,0.095459,0.11792,1.050049
1066974617,0.085449,0.125,1.037598
1066979617,0.084473,0.117188,1.036133
1066984617,0.096191,0.12085,1.045654
1066989617,0.094482,0.124512,1.051025
1066994617,0.088867,0.12207,1.041748
1066999617,0.088135,0.116211,1.031982
1067004617,0.097168,0.118896,1.047119
1067009617,0.091553,0.124512,1.039307
1067014617,0.090088,0.118652,1.025391
1067019617,0.093506,0.11499,1.039307
1067024617,0.101074,0.122559,1.052002
1067029617,0.091797,0.125244,1.036621
1067034617,0.0896,0.118896,1.03125
1067039617,0.091309,0.120117,1.04541
1067044617,0.092529,0.119629,1.04126
1067049617,0.091064,0.112061,1.033203
1067054617,0.09082,0.125244,1.049805
1067059617,0.093262,0.121582,1.042236
1067064617,0.084717,0.11084,1.03125
1067069617,0.091553,0.116455,1.049561
1067074617,0.097656,0.124512,1.048584
1067079617,0.088623,0.123047,1.034668
1067084617,0.093018,0.115723,1.041992
1067089617,0.091553,0.12085,1.029785
1067094617,0.085693,0.120117,1.032227
1067099617,0.096924,0.12085,1.050293
1067104617,0.097168,0.118896,1.041016
1067109617,0.093262,0.120605,1.041748
1067114617,0.096436,0.123291,1.043945
1067119617,0.095947,0.122559,1.0354
1067124617,0.091309,0.11499,1.046387
1067129617,0.096436,0.115234,1.046387
1067134617,0.093018,0.118896,1.048828
1067139617,0.085937,0.121582,1.031982
1067144617,0.092041,0.118652,1.039795
1067149617,0.09375,0.12085,1.044434
1067154617,0.093262,0.123535,1.038574
1067159617,0.093994,0.119385,1.041504
1067164617,0.094727,0.121094,1.041016
1067169617,0.093018,0.121094,1.034912
1067174617,0.091064,0.117188,1.044922
1067179617,0.091064,0.122803,1.049072
1067184617,0.094482,0.122803,1.037842
1067189617,0.088135,0.119873,1.043457
1067194617,0.093994,0.117432,1.037109
1067199617,0.087891,0.121826,1.039795
1067204617,0.095459,0.116699,1.044434
1067209617,0.098877,0.115479,1.040283
1067214617,0.094727,0.11377,1.036377
1067219617,0.093994,0.123047,1.046631
1067224617,0.088867,0.125732,1.03418
1067229617,0.087891,0.123047,1.034912
1067234617,0.097656,0.118408,1.043213
1067239617,0.091309,0.120605,1.039307
1067244617,0.091553,0.122314,1.042236
1067249617,0.088623,0.123779,1.047852
1067254617,0.099365,0.121338,1.041748
1067259617,0.099121,0.119385,1.040283
1067264617,0.098145,0.118408,1.04834
1067269617,0.094238,0.124756,1.046631
1067274617,0.093506,0.120605,1.036621
1067279617,0.090576,0.119873,1.035645
1067284617,0.090088,0.11377,1.032471
1067289617,0.095459,0.114014,1.031982
1067294617,0.089844,0.119141,1.042969
1067299617,0.088623,0.123535,1.041992
1067304617,0.093018,0.119385,1.038818
1067309617,0.092041,0.114014,1.04541
1067314617,0.094482,0.123535,1.043213
1067319617,0.08667,0.124023,1.029297
1067324617,0.095947,0.117432,1.036133
1067329617,0.096436,0.117188,1.041992
1067334617,0.089844,0.120117,1.044434
1067339617,0.091064,0.12207,1.033691
1067344617,0.095947,0.116699,1.032959
1067349617,0.09668,0.114014,1.03833
1067354617,0.09668,0.124268,1.050049
1067359617,0.091797,0.119629,1.043945
1067364617,0.093262,0.115967,1.040283
1067369617,0.096436,0.118164,1.030762
1067374617,0.090332,0.12207,1.040039
1067379617,0.092529,0.121826,1.041992
1067384617,0.094238,0.118896,1.052002
1067389617,0.095215,0.117188,1.044678
1067394617,0.090576,0.117432,1.042725
1067399617,0.090332,0.121582,1.041992
1067404617,0.092041,0.118652,1.04126
1067409617,0.086182,0.125244,1.037842
1067414617,0.088623,0.120605,1.036133
1067419617,0.092041,0.120361,1.039795
1067424617,0.098389,0.119141,1.044434
1067429617,0.095947,0.116455,1.04248
1067434617,0.095459,0.125,1.049316
1067439617,0.091553,0.126953,1.042236
1067444617,0.090088,0.12207,1.042725
1067449617,0.097412,0.11499,1.047852
1067454617,0.098389,0.113281,1.046143
1067459617,0.09668,0.116943,1.038574
1067464617,0.094238,0.120361,1.04126
1067469617,0.091309,0.124512,1.041992
1067474617,0.099365,0.116699,1.047607
1067479617,0.093262,0.112793,1.051025
1067484617,0.098877,0.119873,1.048828
1067489617,0.090576,0.12085,1.038574
1067494617,0.088867,0.119141,1.043213
1067499617,0.095947,0.120605,1.047852
1067504617,0.094238,0.112305,1.035645
1067509617,0.094238,0.113037,1.03418
1067514617,0.094971,0.117676,1.050781
1067519617,0.093262,0.118164,1.036865
1067524617,0.091553,0.116699,1.031006
1067529617,0.095947,0.122559,1.05542
1067534617,0.102539,0.125977,1.055664
1067539617,0.092529,0.118408,1.041992
1067544617,0.091064,0.120605,1.039795
1067549617,0.098389,0.123291,1.039307
1067554617,0.091064,0.122803,1.029297
1067559617,0.088867,0.125244,1.035156
1067564617,0.091553,0.121338,1.045654
1067569617,0.090332,0.120361,1.040527
1067574617,0.093018,0.115723,1.036865
1067579617,0.09375,0.116943,1.04126
1067584617,0.092529,0.112305,1.040771
1067589617,0.099365,0.118896,1.041748
1067594617,0.089844,0.116699,1.036621
1067599617,0.093262,0.118408,1.051514
1067604617,0.084717,0.121582,1.04126
1067609617,0.088379,0.119873,1.041992
1067614617,0.087891,0.124023,1.038574
1067619617,0.089355,0.118652,1.038086
1067624617,0.092041,0.114258,1.039307
1067629617,0.0896,0.119385,1.036133
1067634617,0.096924,0.121094,1.038818
1067639617,0.095215,0.121582,1.049072
1067644617,0.088135,0.115723,1.030029
1067649617,0.094482,0.119629,1.038818
1067654617,0.09668,0.120605,1.046875
1067659617,0.087402,0.122559,1.042969
1067664617,0.093018,0.120605,1.045166
1067669617,0.088379,0.115479,1.036621
1067674617,0.091064,0.116943,1.043213
1067679617,0.090088,0.114746,1.040527
1067684617,0.096436,0.11792,1.041504
1067689617,0.095947,0.119873,1.040283
1067694617,0.097412,0.122314,1.046631
1067699617,0.087891,0.127441,1.042236
1067704617,0.082764,0.122314,1.04126
1067709617,0.087158,0.123535,1.041748
1067714617,0.091309,0.113281,1.0354
1067719617,0.098389,0.111328,1.040527
1067724617,0.095703,0.115479,1.045654
1067729617,0.095947,0.119141,1.048828
1067734617,0.091797,0.123535,1.039307
1067739617,0.089844,0.125977,1.042725
1067744617,0.087646,0.126465,1.038574
1067749617,0.086914,0.122314,1.037842
1067754617,0.091309,0.113037,1.038818
1067759617,0.097412,0.11499,1.03833
1067764617,0.095215,0.11792,1.039307
1067769617,0.097168,0.11499,1.045654
1067774617,0.093262,0.124756,1.050049
1067779617,0.0979,0.123779,1.042969
1067784617,0.093262,0.126709,1.048828
1067789617,0.094238,0.118652,1.040771
1067794617,0.091553,0.123291,1.039795
1067799617,0.094238,0.121094,1.050049
1067804617,0.093262,0.119629,1.050537
1067809617,0.093018,0.12085,1.048096
1067814617,0.087402,0.118408,1.04248
1067819617,0.09375,0.12207,1.043457
1067824617,0.091553,0.115967,1.034424
1067829617,0.091064,0.118408,1.032227
1067834617,0.094971,0.119385,1.045654
1067839617,0.094971,0.120361,1.037109
1067844617,0.092529,0.121826,1.043701
1067849617,0.098877,0.121338,1.038574
1067854617,0.091309,0.118164,1.040039
1067859617,0.091064,0.115967,1.042969
1067864617,0.096924,0.116699,1.046387
1067869617,0.09375,0.116943,1.041992
1067874617,0.088135,0.118896,1.034912
1067879617,0.096436,0.12085,1.041748
1067884617,0.088867,0.119873,1.033447
1067889617,0.089355,0.120361,1.043213
1067894617,0.093994,0.116455,1.040283
1067899617,0.090088,0.118896,1.044434
1067904617,0.09082,0.117676,1.040527
1067909617,0.094727,0.11792,1.048584
1067914617,0.094727,0.120117,1.042725
1067919617,0.091553,0.118408,1.034668
1067924617,0.088379,0.120117,1.036133
1067929617,0.093994,0.117188,1.034424
1067934617,0.091797,0.119385,1.045654
1067939617,0.091553,0.119385,1.049561
1067944617,0.088867,0.119385,1.037354
1067949617,0.093506,0.119385,1.046143
1067954617,0.092041,0.119141,1.037598
1067959617,0.095215,0.116699,1.041504
1067964617,0.094238,0.118896,1.042725
1067969617,0.090576,0.118652,1.042725
1067974617,0.089355,0.122803,1.042725
1067979617,0.092529,0.120605,1.039063
1067984617,0.092041,0.119629,1.043701
1067989617,0.093262,0.120117,1.041016
1067994617,0.091064,0.120117,1.038818
1067999617,0.09375,0.119385,1.042725
1068004617,0.097168,0.121094,1.044434
1068009617,0.091553,0.116943,1.040039
1068014617,0.092041,0.117676,1.040039
1068019617,0.094727,0.118164,1.039795
1068024617,0.095459,0.119385,1.047363
1068029617,0.09375,0.119141,1.043457
1068034617,0.085449,0.12085,1.048828
1068039617,0.091064,0.120117,1.039063
1068044617,0.091064,0.116943,1.040771
1068049617,0.093262,0.116211,1.039551
1068054617,0.090576,0.122314,1.037354
1068059617,0.089844,0.12085,1.036377
1068064617,0.093018,0.123779,1.044922
1068069617,0.092041,0.118896,1.039307
1068074617,0.091553,0.115479,1.032227
1068079617,0.093018,0.121094,1.045898
1068084617,0.095215,0.121826,1.040039
1068089617,0.092529,0.118408,1.034912
1068094617,0.090576,0.120361,1.037354
1068099617,0.095459,0.12085,1.043213
1068104617,0.093994,0.119629,1.04541
1068109617,0.090088,0.117432,1.044678
1068114617,0.093262,0.119873,1.038086
1068119617,0.092529,0.118652,1.03833
1068124617,0.093018,0.121826,1.048584
1068129617,0.095215,0.121094,1.044922
1068134617,0.097412,0.120361,1.041748
1068139617,0.092773,0.119629,1.040283
1068144617,0.088623,0.126221,1.041504
1068149617,0.0896,0.121094,1.042725
1068154617,0.095703,0.118164,1.037598
1068159617,0.093994,0.113281,1.039307
1068164617,0.092529,0.116699,1.038818
1068169617,0.09668,0.123291,1.040283
1068174617,0.088623,0.116455,1.037109
1068179617,0.092041,0.117432,1.041992
1068184617,0.092773,0.115479,1.040771
1068189617,0.092285,0.118408,1.042969
1068194617,0.087891,0.124268,1.039063
1068199617,0.087158,0.123291,1.037598
1068204617,0.094482,0.11792,1.04126
1068209617,0.097656,0.116455,1.043213
1068214617,0.093018,0.120605,1.039795
1068219617,0.092285,0.121338,1.037598
1068224617,0.092285,0.117188,1.039307
1068229617,0.094727,0.117432,1.042969
1068234617,0.09082,0.123779,1.037598
1068239617,0.092529,0.12085,1.039551
1068244617,0.094727,0.119629,1.037842
1068249617,0.094482,0.117676,1.042236
1068254617,0.093994,0.119873,1.037109
1068259617,0.092529,0.117676,1.043457
1068264617,0.091797,0.115479,1.039795
1068269617,0.094727,0.118164,1.037842
1068274617,0.088623,0.118408,1.037598
1068279617,0.088623,0.120361,1.036865
1068284617,0.095215,0.118896,1.038818
1068289617,0.094482,0.121338,1.041504
1068294617,0.091309,0.121582,1.041016
1068299617,0.093994,0.122559,1.040527
1068304617,0.087646,0.12085,1.039551
1068309617,0.093506,0.121582,1.039307
1068314617,0.092285,0.113525,1.040283
1068319617,0.094482,0.11792,1.035156
1068324617,0.095459,0.120605,1.041016
1068329617,0.096436,0.120361,1.038818
1068334617,0.091797,0.12085,1.038574
1068339617,0.091797,0.115967,1.043945
1068344617,0.095947,0.123779,1.04126
1068349617,0.095459,0.116699,1.037354
1068354617,0.090576,0.11792,1.046631
1068359617,0.0896,0.112305,1.040039
1068364617,0.09082,0.12085,1.043945
1068369617,0.094238,0.116699,1.036133
1068374617,0.096191,0.119873,1.044434
1068379617,0.090576,0.118652,1.043945
1068384617,0.091064,0.120117,1.042725
1068389617,0.092041,0.118652,1.031982
1068394617,0.094971,0.119141,1.045654
1068399617,0.092773,0.121338,1.037842
1068404617,0.088623,0.12793,1.033936
1068409617,0.101563,0.115967,1.037842
1068414617,0.091797,0.116211,1.029541
1068419617,0.105469,0.114502,1.046875
1068424617,0.079102,0.133789,1.0354
1068429617,0.085205,0.125,1.029297
1068434617,0.094727,0.111328,1.04126
1068439617,0.091797,0.115234,1.042969
1068444617,0.09082,0.114502,1.03418
1068449617,0.094971,0.119629,1.053223
1068454617,0.085205,0.117676,1.036377
1068459617,0.097656,0.119873,1.038574
1068464617,0.093506,0.118896,1.049805
1068469617,0.094238,0.119873,1.039307
1068474617,0.087158,0.115723,1.025391
1068479617,0.109131,0.126221,1.082275
1068484617,0.068604,0.134033,1.021973
1068489617,0.096924,0.11499,1.041748
1068494617,0.098633,0.111816,1.050293
1068499617,0.096436,0.120361,1.048096
1068504617,0.092041,0.120361,1.046631
1068509617,0.093018,0.117432,1.045166
1068514617,0.09375,0.112549,1.035156
1068519617,0.095703,0.117432,1.041016
1068524617,0.099121,0.117676,1.04541
1068529617,0.093018,0.121094,1.039551
1068534617,0.093262,0.121094,1.04126
1068539617,0.093262,0.118896,1.040527
1068544617,0.092773,0.12207,1.041504
1068549617,0.093506,0.116455,1.044678
1068554617,0.091309,0.11792,1.033691
1068559617,0.092773,0.116455,1.036621
1068564617,0.091309,0.121338,1.040039
1068569617,0.09375,0.122559,1.033936
1068574617,0.094482,0.121338,1.036621
1068579617,0.093018,0.125488,1.044189
1068584617,0.090576,0.127441,1.041016
1068589617,0.091064,0.123291,1.045166
1068594617,0.094238,0.12085,1.038818
1068599617,0.089111,0.120361,1.041992
1068604617,0.093262,0.127686,1.043701
1068609617,0.093262,0.123779,1.040771
1068614617,0.093018,0.121582,1.040283
1068619617,0.084717,0.103516,0.979492
1068624617,0.113281,0.114258,1.031494
1068629617,0.082764,0.127686,1.044922
1068634617,0.082764,0.128906,1.039307
1068639617,0.090576,0.109375,1.046631
1068644617,0.097168,0.111084,1.052979
1068649617,0.089111,0.119141,1.045166
1068654617,0.087891,0.108887,1.037354
1068659617,0.088623,0.120361,1.039063
1068664617,0.096924,0.125977,1.051514
1068669617,0.084717,0.123047,1.0354
1068674617,0.098633,0.115723,1.036133
1068679617,0.103516,0.121582,1.05542
1068684617,0.090332,0.125488,1.040527
1068689617,0.096924,0.122314,1.035645
1068694617,0.091553,0.126221,1.043945
1068699617,0.091553,0.114746,1.040527
1068704617,0.092041,0.119141,1.044434
1068709617,0.095703,0.12207,1.037598
1068714617,0.095215,0.124268,1.045166
1068719617,0.095459,0.120361,1.036621
1068724617,0.100586,0.117676,1.050537
1068729617,0.091309,0.122314,1.044678
1068734617,0.087646,0.120117,1.031738
1068739617,0.089355,0.12085,1.048828
1068744617,0.088867,0.120361,1.041504
1068749617,0.092773,0.124756,1.041016
1068754617,0.094482,0.121582,1.041504
1068759617,0.090576,0.118408,1.036377
1068764617,0.093994,0.115967,1.038574
1068769617,0.100342,0.114502,1.037109
1068774617,0.095703,0.119141,1.036377
1068779617,0.093506,0.117432,1.036621
1068784617,0.097656,0.117432,1.044189
1068789617,0.09375,0.12085,1.039063
1068794617,0.098145,0.118408,1.039795
1068799617,0.095703,0.119873,1.041748
1068804617,0.093018,0.113525,1.040527
1068809617,0.094238,0.118164,1.037598
1068814617,0.09375,0.120605,1.040039
1068819617,0.093018,0.123047,1.043457
1068824617,0.094482,0.120361,1.043457
1068829617,0.093262,0.119385,1.040283
1068834617,0.088867,0.119629,1.039795
1068839617,0.092529,0.120117,1.038574
1068844617,0.092041,0.121338,1.040283
1068849617,0.092529,0.119629,1.043457
1068854617,0.091064,0.117188,1.038086
1068859617,0.088623,0.116455,1.036621
1068864617,0.093262,0.11792,1.035889
1068869617,0.092041,0.121826,1.042969
1068874617,0.093994,0.115723,1.040771
1068879617,0.093506,0.119873,1.04126
1068884617,0.090332,0.12207,1.039307
1068889617,0.088867,0.120117,1.039307
1068894617,0.092529,0.119141,1.039795
1068899617,0.096191,0.119385,1.04126
1068904617,0.096191,0.118408,1.040771
1068909617,0.094727,0.116943,1.039551
1068914617,0.088867,0.121338,1.03833
1068919617,0.091553,0.121582,1.043945
1068924617,0.0896,0.118652,1.04126
1068929617,0.093262,0.115479,1.039795
1068934617,0.092773,0.119141,1.038086
1068939617,0.091309,0.115967,1.04248
1068944617,0.091797,0.113037,1.039795
1068949617,0.096924,0.116943,1.039795
1068954617,0.095459,0.12085,1.036133
1068959617,0.095215,0.123291,1.044922
1068964617,0.093262,0.12085,1.038574
1068969617,0.094482,0.120361,1.044678
1068974617,0.092041,0.124512,1.04126
1068979617,0.09668,0.120361,1.044922
1068984617,0.092529,0.122803,1.041992
1068989617,0.091064,0.121094,1.040527
1068994617,0.094727,0.117432,1.039551
1068999617,0.091553,0.11499,1.041748
1069004617,0.090088,0.118408,1.046387
1069009617,0.091797,0.116455,1.039307
1069014617,0.085693,0.119141,1.037842
1069019617,0.094238,0.117676,1.04126
1069024617,0.093994,0.119873,1.042725
1069029617,0.09375,0.117432,1.041748
1069034617,0.091309,0.122559,1.044922
1069039617,0.095947,0.121338,1.038818
1069044617,0.092773,0.117676,1.040771
1069049617,0.088135,0.123047,1.043945
1069054617,0.089844,0.122559,1.044678
1069059617,0.092285,0.120361,1.034668
1069064617,0.093506,0.116455,1.04248
1069069617,0.093994,0.119385,1.044678
1069074617,0.092773,0.12085,1.035889
1069079617,0.093994,0.119629,1.042725
1069084617,0.092041,0.116455,1.045654
1069089617,0.091064,0.121338,1.043457
1069094617,0.092773,0.121826,1.043945
1069099617,0.092773,0.123291,1.046387
1069104617,0.09082,0.118896,1.038086
1069109617,0.092285,0.119629,1.044922
1069114617,0.092285,0.120361,1.037109
1069119617,0.092529,0.119141,1.042236
1069124617,0.093018,0.119873,1.042725
1069129617,0.088135,0.11792,1.03125
1069134617,0.100342,0.123535,1.037842
1069139617,0.097656,0.117432,1.040283
1069144617,0.110352,0.122314,1.058105
1069149617,0.099365,0.119141,1.028809
1069154617,0.099854,0.120605,1.040527
1069159617,0.088623,0.131592,1.054688
1069164617,0.086182,0.124023,1.042969
1069169617,0.08667,0.115234,1.04126
1069174617,0.091797,0.116699,1.041016
1069179617,0.092529,0.120361,1.043701
1069184617,0.093506,0.11377,1.039551
1069189617,0.091797,0.116211,1.039063
1069194617,0.087891,0.121338,1.037354
1069199617,0.087646,0.119141,1.042969
1069204617,0.091309,0.121094,1.040039
1069209617,0.097412,0.121826,1.043701
1069214617,0.094482,0.121826,1.043213
1069219617,0.09082,0.119629,1.04126
1069224617,0.092529,0.119141,1.038818
1069229617,0.096191,0.121582,1.046631
1069234617,0.095215,0.124023,1.047607
1069239617,0.092285,0.119385,1.046631
1069244617,0.092773,0.12207,1.035645
1069249617,0.090576,0.118164,1.041016
1069254617,0.094482,0.116699,1.046387
1069259617,0.093506,0.123291,1.049316
1069264617,0.087646,0.11499,1.03418
1069269617,0.09375,0.112549,1.046143
1069274617,0.094727,0.121094,1.04126
1069279617,0.088379,0.122559,1.043945
1069284617,0.088379,0.120117,1.037842
1069289617,0.093994,0.118408,1.047119
1069294617,0.091309,0.119629,1.038086
1069299617,0.09375,0.12207,1.049316
1069304617,0.088379,0.119141,1.046875
1069309617,0.0896,0.122314,1.036377
1069314617,0.093018,0.118164,1.044922
1069319617,0.095947,0.119629,1.036377
1069324617,0.094482,0.117188,1.039795
1069329617,0.0979,0.118408,1.050049
1069334617,0.091064,0.122803,1.036865
1069339617,0.091797,0.121338,1.042236
1069344617,0.088623,0.125732,1.051758
1069349617,0.086182,0.119385,1.039551
1069354617,0.090332,0.116455,1.040771
1069359617,0.095459,0.114746,1.043701
1069364617,0.093018,0.115967,1.036133
1069369617,0.095459,0.118408,1.049316
1069374617,0.095947,0.12207,1.040039
1069379617,0.094238,0.121338,1.042969
1069384617,0.095459,0.118652,1.051025
1069389617,0.095703,0.119629,1.04248
1069394617,0.094727,0.115479,1.035156
1069399617,0.095703,0.119385,1.042725
1069404617,0.091064,0.117676,1.046875
1069409617,0.087891,0.117188,1.039307
1069414617,0.090576,0.117676,1.043945
1069419617,0.085693,0.119141,1.035156
1069424617,0.097168,0.11084,1.037354
1069429617,0.093262,0.114746,1.03418
1069434617,0.094482,0.116455,1.042236
1069439617,0.101318,0.12085,1.052734
1069444617,0.083496,0.132324,1.047852
1069449617,0.088623,0.121826,1.033691
1069454617,0.095215,0.118164,1.041016
1069459617,0.098145,0.116943,1.045654
1069464617,0.088623,0.123047,1.04126
1069469617,0.08667,0.121582,1.033691
1069474617,0.09375,0.118652,1.043457
1069479617,0.092285,0.115967,1.037354
1069484617,0.092529,0.119873,1.036865
1069489617,0.092529,0.115967,1.043945
1069494617,0.091064,0.122559,1.042725
1069499617,0.092773,0.118164,1.040039
1069504617,0.096191,0.117188,1.047607
1069509617,0.094727,0.117432,1.041992
1069514617,0.097656,0.119629,1.042236
1069519617,0.094238,0.119629,1.040039
1069524617,0.097412,0.118896,1.036133
1069529617,0.093506,0.121094,1.044678
1069534617,0.094727,0.122559,1.039063
1069539617,0.092285,0.12207,1.043213
1069544617,0.087646,0.122559,1.041504
1069549617,0.090576,0.119629,1.038818
1069554617,0.100342,0.115234,1.039551
1069559617,0.094727,0.120361,1.046143
1069564617,0.088379,0.124756,1.041016
1069569617,0.094238,0.11792,1.046387
1069574617,0.086914,0.122803,1.048828
1069579617,0.092773,0.11792,1.041748
1069584617,0.088379,0.116455,1.038818
1069589617,0.102539,0.115967,1.054932
1069594617,0.096191,0.116943,1.033203
1069599617,0.102295,0.119629,1.034668
1069604617,0.095215,0.123047,1.036621
1069609617,0.09375,0.120361,1.043945
1069614617,0.096924,0.119385,1.028809
1069619617,0.09375,0.123535,1.050049
1069624617,0.087158,0.12085,1.032471
1069629617,0.090576,0.11792,1.045898
1069634617,0.096436,0.115967,1.05127
1069639617,0.09375,0.113525,1.046387
1069644617,0.087158,0.118164,1.043701
1069649617,0.092285,0.116699,1.035156
1069654617,0.09668,0.117676,1.043213
1069659617,0.096436,0.120117,1.041748
1069664617,0.091309,0.119385,1.04248
1069669617,0.088379,0.121826,1.046143
1069674617,0.093262,0.119629,1.039795
1069679617,0.091309,0.124512,1.042969
1069684617,0.089355,0.124512,1.044189
1069689617,0.088379,0.12207,1.037109
1069694617,0.093262,0.120117,1.046875
1069699617,0.089111,0.118896,1.040283
1069704617,0.095703,0.115234,1.040527
1069709617,0.093018,0.122803,1.04834
1069714617,0.087646,0.119873,1.034668
1069719617,0.09375,0.116699,1.039063
1069724617,0.095215,0.12207,1.047119
1069729617,0.088867,0.121826,1.032715
1069734617,0.093994,0.119629,1.033203
1069739617,0.09668,0.114258,1.040527
1069744617,0.093018,0.123291,1.041504
1069749617,0.091064,0.118896,1.038574
1069754617,0.089844,0.115723,1.034424
1069759617,0.095459,0.116455,1.034912
1069764617,0.092529,0.114502,1.04126
1069769617,0.094482,0.118652,1.037598
1069774617,0.092285,0.121338,1.038086
1069779617,0.093262,0.121338,1.038086
1069784617,0.093994,0.120117,1.041016
1069789617,0.089111,0.119385,1.044922
1069794617,0.096191,0.117676,1.038818
1069799617,0.089111,0.118164,1.035156
1069804617,0.099121,0.118408,1.040527
1069809617,0.091064,0.119873,1.037598
1069814617,0.0896,0.119873,1.04541
1069819617,0.096436,0.119385,1.03418
1069824617,0.094238,0.119385,1.034668
1069829617,0.098877,0.121338,1.040527
1069834617,0.091309,0.117676,1.043457
1069839617,0.097168,0.124268,1.039307
1069844617,0.089355,0.11792,1.034424
1069849617,0.092773,0.120117,1.042725
1069854617,0.097168,0.117432,1.04126
1069859617,0.098145,0.118164,1.046875
1069864617,0.089844,0.121338,1.040039
1069869617,0.092285,0.120117,1.031494
1069874617,0.098877,0.118652,1.043213
1069879617,0.094971,0.121338,1.056641
1069884617,0.090332,0.118408,1.041748
1069889617,0.083008,0.112305,1.026611
1069894617,0.09082,0.114014,1.047852
1069899617,0.082764,0.120605,1.044434
1069904617,0.079834,0.123779,1.030518
1069909617,0.095459,0.121094,1.040283
1069914617,0.097168,0.113037,1.025391
1069919617,0.105957,0.113525,1.050049
1069924617,0.096436,0.121826,1.036621
1069929617,0.091797,0.129639,1.038086
1069934617,0.091797,0.122559,1.042236
1069939617,0.093262,0.119141,1.049072
1069944617,0.094238,0.116455,1.043213
1069949617,0.09082,0.12085,1.041016
1069954617,0.092529,0.115967,1.044922
1069959617,0.094238,0.117676,1.039307
1069964617,0.095947,0.118652,1.045654
1069969617,0.0896,0.117432,1.041016
1069974617,0.091064,0.121094,1.041748
1069979617,0.092773,0.118652,1.041748
1069984617,0.088623,0.120605,1.04126
1069989617,0.091064,0.119141,1.034424
1069994617,0.090332,0.122559,1.036377
1069999617,0.095703,0.122559,1.041016
1070004617,0.091309,0.124268,1.038574
1070009617,0.08667,0.120605,1.035645
1070014617,0.092529,0.118896,1.032959
1070019617,0.093262,0.118164,1.040283
1070024617,0.100342,0.117676,1.041016
1070029617,0.101563,0.12085,1.055664
1070034617,0.101807,0.116943,1.05127
1070039617,0.095947,0.119385,1.045654
1070044617,0.094482,0.122559,1.038574
1070049617,0.093994,0.119141,1.046387
1070054617,0.093018,0.118408,1.044678
1070059617,0.094482,0.124268,1.044922
1070064617,0.091309,0.121582,1.036621
1070069617,0.094971,0.122559,1.046387
1070074617,0.097168,0.119385,1.040527
1070079617,0.091553,0.121338,1.048828
1070084617,0.0896,0.118896,1.049561
1070089617,0.092285,0.115723,1.036621
1070094617,0.09375,0.119385,1.043701
1070099617,0.092529,0.120117,1.039063
1070104617,0.085937,0.118896,1.038574
1070109617,0.095215,0.11792,1.03833
1070114617,0.09668,0.115479,1.037109
1070119617,0.090332,0.11499,1.036133
1070124617,0.088379,0.121094,1.041748
1070129617,0.088867,0.122803,1.036133
1070134617,0.093262,0.116943,1.042969
1070139617,0.09375,0.114746,1.039551
1070144617,0.09375,0.124512,1.04126
1070149617,0.088867,0.124023,1.034668
1070154617,0.09668,0.123535,1.04126
1070159617,0.093262,0.118896,1.039551
1070164617,0.130371,0.092529,1.051025
1070169617,0.085693,0.168457,1.090576
1070174617,0.044678,0.150391,1.020996
1070179617,0.088379,0.110596,1.041748
1070184617,0.103516,0.105957,1.054443
1070189617,0.088867,0.118652,1.046875
1070194617,0.091064,0.114746,1.045654
1070199617,0.096191,0.114258,1.040527
1070204617,0.094971,0.115234,1.049072
1070209617,0.090332,0.11499,1.036865
1070214617,0.089355,0.11377,1.039795
1070219617,0.091553,0.119385,1.043701
1070224617,0.094482,0.118408,1.036621
1070229617,0.093994,0.119873,1.039307
1070234617,0.094727,0.11792,1.040771
1070239617,0.092285,0.122314,1.048828
1070244617,0.0896,0.119629,1.044189
1070249617,0.091309,0.121094,1.03833
1070254617,0.092529,0.118896,1.035889
1070259617,0.095215,0.118164,1.037354
1070264617,0.094482,0.120117,1.047363
1070269617,0.092285,0.118408,1.04126
1070274617,0.09375,0.121826,1.051758
1070279617,0.091309,0.118896,1.039551
1070284617,0.0979,0.118408,1.037354
1070289617,0.096436,0.118896,1.039551
1070294617,0.089111,0.120117,1.032227
1070299617,0.086914,0.123779,1.054199
1070304617,0.087402,0.121094,1.041748
1070309617,0.095947,0.118652,1.035889
1070314617,0.091797,0.116699,1.029541
1070319617,0.095459,0.116455,1.033447
1070324617,0.0979,0.119385,1.044189
1070329617,0.090332,0.125732,1.049072
1070334617,0.091553,0.120605,1.04541
1070339617,0.092529,0.117188,1.03418
1070344617,0.094482,0.120361,1.035645
1070349617,0.09668,0.115723,1.037842
1070354617,0.093018,0.115723,1.039063
1070359617,0.093018,0.120117,1.03833
1070364617,0.087158,0.119873,1.034912
1070369617,0.08667,0.120361,1.039795
1070374617,0.08667,0.118652,1.031982
1070379617,0.091797,0.11499,1.043457
1070384617,0.093262,0.115723,1.040283
1070389617,0.095703,0.119385,1.037598
1070394617,0.093018,0.121582,1.045654
1070399617,0.091309,0.122559,1.041748
1070404617,0.093018,0.124512,1.036621
1070409617,0.089844,0.121582,1.034424
1070414617,0.095215,0.117188,1.036865
1070419617,0.093262,0.117676,1.04248
1070424617,0.094238,0.116455,1.041504
1070429617,0.09082,0.122803,1.042969
1070434617,0.090332,0.120605,1.052246
1070439617,0.09668,0.119141,1.049072
1070444617,0.097656,0.119385,1.052246
1070449617,0.093994,0.12085,1.041992
1070454617,0.091797,0.119629,1.043701
1070459617,0.097168,0.122314,1.052979
1070464617,0.097412,0.115234,1.039551
1070469617,0.09082,0.117188,1.044189
1070474617,0.088867,0.119141,1.04126
1070479617,0.090576,0.117676,1.037842
1070484617,0.094971,0.119385,1.04126
1070489617,0.090332,0.125,1.042725
1070494617,0.09375,0.118408,1.049316
1070499617,0.091553,0.121582,1.040527
1070504617,0.096191,0.117188,1.047607
1070509617,0.094238,0.121338,1.043945
1070514617,0.094482,0.122559,1.041748
1070519617,0.095947,0.118896,1.045166
1070524617,0.095215,0.11792,1.041992
1070529617,0.092529,0.121094,1.048584
1070534617,0.095459,0.119873,1.046143
1070539617,0.090576,0.123535,1.049805
1070544617,0.088867,0.118652,1.039063
1070549617,0.090576,0.120117,1.040527
1070554617,0.095459,0.121826,1.042236
1070559617,0.093018,0.119385,1.042725
1070564617,0.094238,0.118408,1.0354
1070569617,0.091309,0.118652,1.035645
1070574617,0.097656,0.118896,1.05249
1070579617,0.093994,0.121338,1.048096
1070584617,0.09375,0.121582,1.037109
1070589617,0.088623,0.112793,1.035889
1070594617,0.092041,0.119873,1.044922
1070599617,0.090332,0.119873,1.051514
1070604617,0.090332,0.122314,1.040527
1070609617,0.092529,0.118652,1.035156
1070614617,0.098389,0.128662,1.074951
1070619617,0.072266,0.132568,1.030273
1070624617,0.093018,0.112061,1.02832
1070629617,0.098145,0.107666,1.036133
1070634617,0.09082,0.120361,1.045166
1070639617,0.089355,0.128418,1.044922
1070644617,0.087158,0.123535,1.033691
1070649617,0.090576,0.124268,1.04248
1070654617,0.091064,0.120361,1.04126
1070659617,0.090332,0.114258,1.033691
1070664617,0.094482,0.117188,1.035645
1070669617,0.093994,0.119141,1.035645
1070674617,0.09082,0.121582,1.039795
1070679617,0.091553,0.118652,1.033691
1070684617,0.087646,0.120117,1.044189
1070689617,0.09082,0.118896,1.034424
1070694617,0.091064,0.116943,1.037354
1070699617,0.087891,0.115234,1.031738
1070704617,0.091309,0.11499,1.038574
1070709617,0.091553,0.116699,1.049561
1070714617,0.090576,0.118408,1.037598
1070719617,0.091064,0.119629,1.047363
1070724617,0.100098,0.121338,1.043945
1070729617,0.094238,0.11377,1.049561
1070734617,0.097412,0.11377,1.043457
1070739617,0.093994,0.116211,1.043213
1070744617,0.093262,0.116211,1.046631
1070749617,0.089111,0.117676,1.04248
1070754617,0.088867,0.117432,1.041504
1070759617,0.0896,0.12085,1.036865
1070764617,0.087402,0.125,1.047363
1070769617,0.091553,0.119385,1.038818
1070774617,0.086182,0.12085,1.032471
1070779617,0.095459,0.124023,1.040283
1070784617,0.095947,0.126953,1.046875
1070789617,0.091309,0.12085,1.03418
1070794617,0.09668,0.121582,1.052979
1070799617,0.097168,0.117188,1.029785
1070804617,0.096191,0.115479,1.033447
1070809617,0.100586,0.123291,1.047363
1070814617,0.088623,0.118164,1.029785
1070819617,0.094238,0.121582,1.045654
1070824617,0.093018,0.116699,1.030273
1070829617,0.09668,0.116211,1.046631
1070834617,0.091064,0.11499,1.027588
1070839617,0.094238,0.118652,1.047852
1070844617,0.089844,0.115967,1.033203
1070849617,0.089111,0.119141,1.043457
1070854617,0.086426,0.117676,1.03418
1070859617,0.096924,0.121094,1.052734
1070864617,0.09082,0.118652,1.033203
1070869617,0.096436,0.121338,1.050781
1070874617,0.095459,0.110596,1.030518
1070879617,0.101074,0.121582,1.053955
1070884617,0.091309,0.117676,1.037354
1070889617,0.095703,0.12085,1.042969
1070894617,0.096436,0.121338,1.040527
1070899617,0.094971,0.124268,1.040039
1070904617,0.090332,0.118408,1.037354
1070909617,0.09668,0.115234,1.033691
1070914617,0.091553,0.119873,1.044434
1070919617,0.0979,0.115967,1.04541
1070924617,0.094727,0.118164,1.054199
1070929617,0.088623,0.121094,1.045166
1070934617,0.088867,0.116699,1.04126
1070939617,0.097412,0.119629,1.041016
1070944617,0.094482,0.12207,1.041016
1070949617,0.091064,0.121338,1.035889
1070954617,0.092285,0.125732,1.051025
1070959617,0.092773,0.121094,1.039551
1070964617,0.089355,0.120117,1.044922
1070969617,0.093262,0.12207,1.048096
1070974617,0.09375,0.118896,1.038574
1070979617,0.095459,0.115967,1.039551
1070984617,0.091309,0.115723,1.035156
1070989617,0.089844,0.114502,1.041992
1070994617,0.09082,0.112793,1.042236
1070999617,0.095703,0.115234,1.042969
1071004617,0.096436,0.118896,1.039551
1071009617,0.095703,0.119629,1.036865
1071014617,0.093994,0.117676,1.040771
1071019617,0.092041,0.121094,1.039551
1071024617,0.094238,0.121582,1.046875
1071029617,0.095703,0.125,1.047607
1071034617,0.090088,0.122314,1.042236
1071039617,0.093262,0.122314,1.044678
1071044617,0.093018,0.118652,1.0354
1071049617,0.091309,0.124512,1.046387
1071054617,0.090576,0.121094,1.042725
1071059617,0.089355,0.11792,1.044922
1071064617,0.093262,0.118896,1.040283
1071069617,0.093506,0.119629,1.041748
1071074617,0.093262,0.117432,1.032471
1071079617,0.092041,0.116455,1.046143
1071084617,0.094971,0.116943,1.034912
1071089617,0.098877,0.121826,1.04126
1071094617,0.090332,0.122559,1.039795
1071099617,0.097412,0.120605,1.050537
1071104617,0.093262,0.118408,1.043945
1071109617,0.155029,0.10791,1.108643
1071114617,0.046143,0.172363,1.047119
1071119617,0.056396,0.147949,1.027344
1071124617,0.092773,0.08374,1.04541
1071129617,0.092285,0.106445,1.055664
1071134617,0.082275,0.114746,1.049805
1071139617,0.085937,0.114746,1.033447
1071144617,0.090088,0.110596,1.031982
1071149617,0.095947,0.114746,1.049805
1071154617,0.094727,0.115234,1.050293
1071159617,0.085205,0.118408,1.046387
1071164617,0.081299,0.116211,1.044434
1071169617,0.090332,0.116699,1.040283
1071174617,0.096924,0.111816,1.030273
1071179617,0.097168,0.12085,1.042236
1071184617,0.087891,0.122803,1.046875
1071189617,0.091309,0.120361,1.035645
1071194617,0.09082,0.115967,1.034668
1071199617,0.091309,0.116211,1.031494
1071204617,0.104492,0.113281,1.04541
1071209617,0.104004,0.114746,1.063965
1071214617,0.08667,0.123047,1.036621
1071219617,0.088867,0.122314,1.03833
1071224617,0.09082,0.123047,1.051514
1071229617,0.088867,0.12085,1.050781
1071234617,0.083984,0.125,1.047607
1071239617,0.092285,0.122559,1.042236
1071244617,0.092285,0.121338,1.035645
1071249617,0.087646,0.11499,1.040039
1071254617,0.087402,0.121094,1.03833
1071259617,0.091309,0.12085,1.03418
1071264617,0.095215,0.117432,1.042725
1071269617,0.095459,0.118652,1.033936
1071274617,0.102783,0.114258,1.046387
1071279617,0.100098,0.122803,1.037842
1071284617,0.092529,0.121582,1.036621
1071289617,0.098145,0.119385,1.051514
1071294617,0.088867,0.118408,1.041992
1071299617,0.091064,0.122803,1.036865
1071304617,0.097412,0.119629,1.053223
1071309617,0.088135,0.123535,1.042236
1071314617,0.096924,0.124268,1.05249
1071319617,0.088135,0.12207,1.046875
1071324617,0.090088,0.117676,1.043213
1071329617,0.088135,0.12085,1.050537
1071334617,0.08374,0.123535,1.046143
1071339617,0.100098,0.110596,1.055176
1071344617,0.094971,0.123291,1.04541
1071349617,0.105225,0.113525,1.045898
1071354617,0.094971,0.119629,1.042236
1071359617,0.081787,0.13501,1.037354
1071364617,0.106934,0.111572,1.034912
1071369617,0.099365,0.108398,1.018799
1071374617,0.110352,0.115234,1.050781
1071379617,0.090332,0.121826,1.034912
1071384617,0.090088,0.122314,1.035889
1071389617,0.089111,0.116211,1.040527
1071394617,0.095703,0.120605,1.03833
1071399617,0.091553,0.114014,1.023438
1071404617,0.095459,0.107666,1.013184
1071409617,0.107178,0.116699,1.046631
1071414617,0.077881,0.127197,1.027832
1071419617,0.083008,0.130127,1.028076
1071424617,0.0896,0.118896,1.041504
1071429617,0.09375,0.122803,1.053711
1071434617,0.096436,0.119385,1.034424
1071439617,0.095947,0.123291,1.045654
1071444617,0.090576,0.119141,1.037354
1071449617,0.097656,0.12085,1.049805
1071454617,0.097656,0.119141,1.046631
1071459617,0.097168,0.114502,1.041504
1071464617,0.095703,0.117432,1.045166
1071469617,0.095215,0.118408,1.03833
1071474617,0.091553,0.121582,1.042236
1071479617,0.088867,0.123047,1.038574
1071484617,0.098877,0.116943,1.039307
1071489617,0.102051,0.118408,1.050781
1071494617,0.094971,0.115967,1.048096
1071499617,0.09668,0.126709,1.047607
1071504617,0.075928,0.129639,1.030518
1071509617,0.09375,0.12085,1.046387
1071514617,0.093018,0.116699,1.043945
1071519617,0.092773,0.110107,1.044434
1071524617,0.093994,0.123779,1.040771
1071529617,0.090332,0.121094,1.038818
1071534617,0.088379,0.116211,1.034424
1071539617,0.09668,0.121338,1.045898
1071544617,0.096191,0.12207,1.042969
1071549617,0.090332,0.125,1.043213
1071554617,0.095459,0.115967,1.037109
1071559617,0.095947,0.121338,1.042725
1071564617,0.089111,0.11792,1.028809
1071569617,0.100342,0.12085,1.037842
1071574617,0.095459,0.119629,1.048096
1071579617,0.0896,0.12207,1.0354
1071584617,0.093994,0.120117,1.047852
1071589617,0.0896,0.121338,1.041748
1071594617,0.097168,0.120361,1.043457
1071599617,0.090332,0.115723,1.037598
1071604617,0.101563,0.114014,1.045654
1071609617,0.091553,0.122559,1.046387
1071614617,0.085693,0.11792,1.027588
1071619617,0.092773,0.121582,1.043213
1071624617,0.084717,0.112305,1.023682
1071629617,0.094727,0.119385,1.054199
1071634617,0.088135,0.115479,1.025146
1071639617,0.099365,0.115967,1.044434
1071644617,0.092041,0.112305,1.026367
1071649617,0.095459,0.119141,1.049316
1071654617,0.087158,0.120117,1.023682
1071659617,0.0979,0.124756,1.040039
1071664617,0.085693,0.120361,1.033936
1071669617,0.103271,0.125977,1.067139
1071674617,0.083984,0.11792,1.030029
1071679617,0.094238,0.124512,1.038818
1071684617,0.098145,0.118652,1.060059
1071689617,0.094482,0.119629,1.043945
1071694617,0.091797,0.11792,1.043701
1071699617,0.091553,0.114014,1.037109
1071704617,0.094971,0.117432,1.045166
1071709617,0.093506,0.119873,1.04541
1071714617,0.090088,0.118896,1.033447
1071719617,0.09082,0.118896,1.03418
1071724617,0.093262,0.119385,1.045898
1071729617,0.092773,0.121338,1.037109
1071734617,0.088867,0.119873,1.042725
1071739617,0.087891,0.12085,1.037598
1071744617,0.093262,0.120605,1.038818
1071749617,0.093506,0.126465,1.050781
1071754617,0.085205,0.121826,1.040527
1071759617,0.087646,0.11792,1.030029
1071764617,0.0896,0.121582,1.039063
1071769617,0.094727,0.11792,1.050781
1071774617,0.099854,0.11084,1.036133
1071779617,0.100342,0.11499,1.048096
1071784617,0.095947,0.117676,1.053955
1071789617,0.095459,0.121582,1.05127
1071794617,0.089355,0.119873,1.033691
1071799617,0.086426,0.119873,1.023682
1071804617,0.094971,0.118652,1.046143
1071809617,0.090332,0.120117,1.039307
1071814617,0.094727,0.12085,1.03418
1071819617,0.097168,0.118896,1.057129
1071824617,0.087402,0.118652,1.030029
1071829617,0.097656,0.126953,1.040771
1071834617,0.103271,0.121826,1.068604
1071839617,0.088623,0.117188,1.029297
1071844617,0.092773,0.118408,1.026611
1071849617,0.09668,0.123535,1.054688
1071854617,0.087646,0.118652,1.043701
1071859617,0.08374,0.113525,1.02832
1071864617,0.098633,0.114502,1.045166
1071869617,0.094482,0.116699,1.044678
1071874617,0.095703,0.118896,1.03125
1071879617,0.091309,0.111084,1.028809
1071884617,0.093018,0.114258,1.040527
1071889617,0.094727,0.118164,1.048584
1071894617,0.092529,0.120361,1.050781
1071899617,0.0979,0.123047,1.039551
1071904617,0.095215,0.123779,1.039063
1071909617,0.092529,0.120361,1.040771
1071914617,0.091309,0.119141,1.030029
1071919617,0.094727,0.123047,1.040771
1071924617,0.09375,0.119141,1.046631
1071929617,0.085205,0.127197,1.037842
1071934617,0.090332,0.115479,1.0271
1071939617,0.087646,0.113037,1.045654
1071944617,0.088135,0.115967,1.040771
1071949617,0.092529,0.117676,1.043213
1071954617,0.094482,0.118164,1.030762
1071959617,0.095947,0.119141,1.040527
1071964617,0.093994,0.117432,1.040039
1071969617,0.099121,0.126709,1.048828
1071974617,0.090332,0.119629,1.051025
1071979617,0.088623,0.126221,1.04126
1071984617,0.087891,0.121094,1.031006
1071989617,0.093018,0.117432,1.039307
1071994617,0.089111,0.119385,1.040527
1071999617,0.090088,0.122314,1.034668
1072004617,0.091553,0.117676,1.050049
1072009617,0.091553,0.120117,1.042236
1072014617,0.088135,0.119629,1.03833
1072019617,0.090576,0.119385,1.030518
1072024617,0.091309,0.112305,1.024902
1072029617,0.098145,0.118896,1.046875
1072034617,0.098389,0.119141,1.059082
1072039617,0.09375,0.118408,1.048584
1072044617,0.087402,0.119385,1.030273
1072049617,0.095703,0.118408,1.044189
1072054617,0.098145,0.12085,1.032471
1072059617,0.09668,0.123535,1.044922
1072064617,0.091064,0.119873,1.038574
1072069617,0.0896,0.123047,1.042725
1072074617,0.090576,0.119629,1.04834
1072079617,0.097412,0.115723,1.038086
1072084617,0.098145,0.111816,1.038086
1072089617,0.094727,0.115234,1.041748
1072094617,0.090332,0.121338,1.043945
1072099617,0.100098,0.118896,1.039063
1072104617,0.098633,0.124023,1.044678
1072109617,0.094482,0.122314,1.040039
1072114617,0.099121,0.123535,1.056641
1072119617,0.093262,0.119141,1.04541
1072124617,0.085693,0.12207,1.026367
1072129617,0.089355,0.117676,1.029053
1072134617,0.087891,0.122314,1.034668
1072139617,0.087158,0.112061,1.037109
1072144617,0.092773,0.118896,1.049072
1072149617,0.094238,0.117188,1.053711
1072154617,0.09668,0.117676,1.040527
1072159617,0.096436,0.115967,1.044434
1072164617,0.100098,0.121826,1.041504
1072169617,0.093018,0.124023,1.038818
1072174617,0.093018,0.120361,1.039551
1072179617,0.085205,0.119385,1.041016
1072184617,0.085693,0.121826,1.032959
1072189617,0.088135,0.124023,1.042725
1072194617,0.090576,0.119629,1.047119
1072199617,0.090332,0.114502,1.04248
1072204617,0.088867,0.119385,1.037354
1072209617,0.092773,0.121338,1.0354
1072214617,0.093994,0.122314,1.040771
1072219617,0.093018,0.119873,1.046875
1072224617,0.098633,0.120605,1.042725
1072229617,0.092773,0.120117,1.040039
1072234617,0.097656,0.125244,1.039307
1072239617,0.0896,0.123535,1.051025
1072244617,0.091309,0.117188,1.044922
1072249617,0.094971,0.118408,1.046875
1072254617,0.06958,0.125244,1.019775
1072259617,0.13916,0.081543,1.121094
1072264617,0.117188,0.120361,1.070557
1072269617,0.084961,0.125977,1.025879
1072274617,0.100098,0.125244,1.045654
1072279617,0.09082,0.126465,1.046143
1072284617,0.090088,0.124756,1.052246
1072289617,0.096924,0.126221,1.051514
1072294617,0.069824,0.138916,1.033203
1072299617,0.096191,0.11792,1.044678
1072304617,0.095703,0.108643,1.044434
1072309617,0.092773,0.116211,1.039795
1072314617,0.096191,0.122559,1.033691
1072319617,0.095459,0.121338,1.050293
1072324617,0.091553,0.117188,1.051025
1072329617,0.090088,0.12085,1.038574
1072334617,0.0896,0.118652,1.042236
1072339617,0.096191,0.118652,1.035889
1072344617,0.093506,0.117188,1.041748
1072349617,0.094482,0.117676,1.049072
1072354617,0.088135,0.116943,1.041992
1072359617,0.090088,0.117676,1.046875
1072364617,0.094482,0.115723,1.04834
1072369617,0.098389,0.116943,1.037842
1072374617,0.093018,0.11792,1.042969
1072379617,0.09668,0.11792,1.043457
1072384617,0.090576,0.119873,1.047607
1072389617,0.088135,0.125,1.041016
1072394617,0.091309,0.123779,1.039795
1072399617,0.086914,0.115479,1.0354
1072404617,0.089111,0.118408,1.034424
1072409617,0.092773,0.121338,1.037354
1072414617,0.09082,0.120605,1.037598
1072419617,0.093018,0.119385,1.044678
1072424617,0.092285,0.123535,1.038574
1072429617,0.088623,0.122559,1.041748
1072434617,0.087891,0.121582,1.038818
1072439617,0.089844,0.119141,1.041748
1072444617,0.09375,0.115234,1.042725
1072449617,0.096924,0.117188,1.044678
1072454617,0.084717,0.118896,1.037842
1072459617,0.093262,0.117188,1.037842
1072464617,0.09375,0.119873,1.047852
1072469617,0.099121,0.123047,1.041748
1072474617,0.099854,0.12207,1.040283
1072479617,0.093262,0.121338,1.040039
1072484617,0.095703,0.118652,1.044678
1072489617,0.092529,0.119385,1.042725
1072494617,0.093018,0.119629,1.040527
1072499617,0.089355,0.122314,1.03833
1072504617,0.106689,0.119141,1.045654
1072509617,0.095703,0.123047,1.039551
1072514617,0.093262,0.125977,1.04126
1072519617,0.094482,0.118896,1.046387
1072524617,0.093994,0.117676,1.037598
1072529617,0.092773,0.120605,1.042236
1072534617,0.093018,0.11792,1.048096
1072539617,0.096924,0.122803,1.044678
1072544617,0.089111,0.122314,1.030029
1072549617,0.091064,0.117432,1.0354
1072554617,0.090088,0.116455,1.03833
1072559617,0.092041,0.116699,1.047363
1072564617,0.096436,0.120117,1.044678
1072569617,0.093506,0.122559,1.03833
1072574617,0.092285,0.120361,1.0354
1072579617,0.088135,0.118896,1.037598
1072584617,0.084961,0.120361,1.037109
1072589617,0.089844,0.114746,1.04248
1072594617,0.093262,0.115234,1.044189
1072599617,0.088379,0.117188,1.036865
1072604617,0.0979,0.113037,1.045654
1072609617,0.086426,0.124023,1.038086
1072614617,0.090576,0.12207,1.039551
1072619617,0.094727,0.124023,1.046631
1072624617,0.099365,0.120117,1.062012
1072629617,0.086914,0.12085,1.044189
1072634617,0.09668,0.121582,1.040527
1072639617,0.090088,0.116699,1.043945
1072644617,0.096924,0.116211,1.044922
1072649617,0.094727,0.115234,1.034424
1072654617,0.093506,0.118652,1.044678
1072659617,0.095703,0.121826,1.044922
1072664617,0.092529,0.123047,1.047852
1072669617,0.091309,0.12085,1.04834
1072674617,0.09375,0.116943,1.042236
1072679617,0.091797,0.118408,1.044678
1072684617,0.093018,0.116699,1.047119
1072689617,0.090332,0.119385,1.044434
1072694617,0.09375,0.124023,1.049561
1072699617,0.089111,0.122559,1.040527
1072704617,0.095215,0.117432,1.044434
1072709617,0.095947,0.11792,1.051514
1072714617,0.09375,0.118896,1.042236
1072719617,0.092041,0.114502,1.044678
1072724617,0.097412,0.118164,1.041504
1072729617,0.095459,0.119873,1.039551
1072734617,0.094482,0.120361,1.044189
1072739617,0.094727,0.118896,1.037598
1072744617,0.088867,0.123779,1.041748
1072749617,0.091797,0.123047,1.034424
1072754617,0.089111,0.123047,1.036377
1072759617,0.089111,0.12085,1.036377
1072764617,0.099121,0.12207,1.043457
1072769617,0.090576,0.120361,1.037109
1072774617,0.092285,0.123291,1.040527
1072779617,0.081299,0.131104,1.039795
1072784617,0.092041,0.122314,1.052002
1072789617,0.090088,0.126709,1.036377
1072794617,0.091797,0.120117,1.047852
1072799617,0.088379,0.113281,1.033691
1072804617,0.108154,0.114014,1.052246
1072809617,0.094971,0.114746,1.039795
1072814617,0.098877,0.110107,1.041504
1072819617,0.099365,0.12207,1.048828
1072824617,0.085449,0.12207,1.039551
1072829617,0.093506,0.117676,1.043701
1072834617,0.093506,0.120117,1.046631
1072839617,0.089355,0.117432,1.043701
1072844617,0.091064,0.123291,1.029541
1072849617,0.0896,0.11792,1.033447
1072854617,0.095459,0.117432,1.037354
1072859617,0.096191,0.120117,1.038574
1072864617,0.091553,0.118896,1.042236
1072869617,0.088379,0.118896,1.033936
1072874617,0.097412,0.121582,1.040039
1072879617,0.096924,0.118408,1.040527
1072884617,0.09082,0.12207,1.047607
1072889617,0.0896,0.119385,1.043457
1072894617,0.087891,0.121582,1.037109
1072899617,0.092773,0.118652,1.04248
1072904617,0.091064,0.121338,1.03833
1072909617,0.095947,0.125732,1.037598
1072914617,0.093994,0.119629,1.041016
1072919617,0.095703,0.123535,1.041748
1072924617,0.095215,0.115723,1.035645
1072929617,0.094971,0.112061,1.040283
1072934617,0.091064,0.114502,1.036377
1072939617,0.097168,0.116699,1.040527
1072944617,0.093994,0.119629,1.046143
1072949617,0.093506,0.119141,1.041992
1072954617,0.094482,0.117432,1.03418
1072959617,0.09375,0.115479,1.034668
1072964617,0.093262,0.122559,1.037842
1072969617,0.090576,0.124756,1.045654
1072974617,0.088135,0.121094,1.0354
1072979617,0.09668,0.11792,1.042236
1072984617,0.08667,0.125244,1.038574
1072989617,0.086182,0.121094,1.037842
1072994617,0.091064,0.122803,1.040771
1072999617,0.094971,0.12207,1.038818
1073004617,0.094238,0.120605,1.038818
1073009617,0.093994,0.123535,1.043213
1073014617,0.090088,0.116943,1.044678
1073019617,0.088867,0.121094,1.036133
1073024617,0.09668,0.112061,1.041504
1073029617,0.091797,0.118164,1.040283
1073034617,0.093994,0.121094,1.047852
1073039617,0.0896,0.116943,1.030273
1073044617,0.098633,0.112061,1.042969
1073049617,0.099365,0.120605,1.060303
1073054617,0.097656,0.123779,1.053711
1073059617,0.091064,0.119629,1.019043
1073064617,0.082275,0.109375,1.018311
1073069617,0.086914,0.115479,1.033936
1073074617,0.094482,0.122559,1.060303
1073079617,0.097412,0.121582,1.05835
1073084617,0.099365,0.123779,1.046631
1073089617,0.089844,0.116943,1.039307
1073094617,0.085205,0.116455,1.042969
1073099617,0.090332,0.11377,1.05127
1073104617,0.093506,0.115967,1.043457
1073109617,0.101318,0.115967,1.055176
1073114617,0.085693,0.118164,1.039063
1073119617,0.09082,0.123779,1.048096
1073124617,0.092529,0.114746,1.037842
1073129617,0.099365,0.115479,1.041504
1073134617,0.094971,0.122314,1.04541
1073139617,0.091309,0.123535,1.040039
1073144617,0.095215,0.122314,1.043701
1073149617,0.094727,0.118896,1.030029
1073154617,0.089111,0.125244,1.041748
1073159617,0.087158,0.124268,1.034668
1073164617,0.0896,0.120117,1.039551
1073169617,0.095703,0.120361,1.044189
1073174617,0.096924,0.126465,1.037842
1073179617,0.091064,0.123535,1.042725
1073184617,0.09082,0.116943,1.042236
1073189617,0.099121,0.116699,1.037354
1073194617,0.098633,0.113037,1.040283
1073199617,0.096924,0.117188,1.040527
1073204617,0.094727,0.114258,1.041748
1073209617,0.092773,0.116699,1.038818
1073214617,0.093994,0.121094,1.054932
1073219617,0.083252,0.123291,1.035156
1073224617,0.085449,0.118164,1.034668
1073229617,0.087646,0.123291,1.034912
1073234617,0.092773,0.120605,1.044922
1073239617,0.091309,0.125977,1.036621
1073244617,0.089844,0.120605,1.042236
1073249617,0.094238,0.124023,1.044434
1073254617,0.0896,0.11499,1.046143
1073259617,0.088623,0.119141,1.049561
1073264617,0.094238,0.117432,1.042236
1073269617,0.093018,0.113525,1.041992
1073274617,0.093262,0.111816,1.043457
1073279617,0.093018,0.118408,1.041016
1073284617,0.088623,0.119873,1.036621
1073289617,0.088135,0.116699,1.029541
1073294617,0.0896,0.123047,1.033447
1073299617,0.092529,0.118652,1.03418
1073304617,0.094971,0.118408,1.034424
1073309617,0.088623,0.123047,1.042725
1073314617,0.092529,0.125244,1.043213
1073319617,0.098389,0.123535,1.038574
1073324617,0.095703,0.126709,1.040283
1073329617,0.092041,0.121826,1.021973
1073334617,0.089111,0.121826,1.03833
1073339617,0.091309,0.120117,1.042725
1073344617,0.091553,0.121826,1.039551
1073349617,0.088623,0.117188,1.042725
1073354617,0.088867,0.122559,1.040039
1073359617,0.09082,0.120361,1.041504
1073364617,0.089844,0.119873,1.041504
1073369617,0.091553,0.117188,1.052002
1073374617,0.091064,0.122559,1.050049
1073379617,0.091553,0.120117,1.045898
1073384617,0.095215,0.126709,1.041504
1073389617,0.093994,0.118652,1.03833
1073394617,0.099365,0.122314,1.041748
1073399617,0.096436,0.116211,1.039551
1073404617,0.10083,0.121582,1.055908
1073409617,0.086182,0.118408,1.039063
1073414617,0.091553,0.123047,1.044434
1073419617,0.086182,0.114014,1.025879
1073424617,0.091064,0.112549,1.04248
1073429617,0.085205,0.114746,1.032959
1073434617,0.094971,0.116455,1.039063
1073439617,0.08667,0.120605,1.049316
1073444617,0.085205,0.113525,1.029297
1073449617,0.099121,0.115723,1.034912
1073454617,0.097412,0.11792,1.046387
1073459617,0.094727,0.124756,1.046143
1073464617,0.080566,0.122803,1.035889
1073469617,0.088623,0.118896,1.037109
1073474617,0.097168,0.115723,1.042236
1073479617,0.091797,0.115723,1.039063
1073484617,0.091309,0.121826,1.037842
1073489617,0.091309,0.116455,1.0354
1073494617,0.093262,0.12085,1.041748
1073499617,0.092773,0.11792,1.046387
1073504617,0.091553,0.113037,1.033691
1073509617,0.098389,0.116455,1.046387
1073514617,0.086914,0.119141,1.035645
1073519617,0.099854,0.117676,1.044678
1073524617,0.095459,0.118896,1.040527
1073529617,0.094727,0.124268,1.03833
1073534617,0.092773,0.121826,1.046143
1073539617,0.094727,0.122314,1.048828
1073544617,0.094971,0.121094,1.04126
1073549617,0.095947,0.119873,1.035156
1073554617,0.096436,0.121826,1.036133
1073559617,0.09082,0.122559,1.038574
1073564617,0.091553,0.123535,1.039795
1073569617,0.093018,0.120117,1.051758
1073574617,0.093506,0.112793,1.044922
1073579617,0.094238,0.116211,1.045898
1073584617,0.099609,0.113525,1.053467
1073589617,0.087402,0.115723,1.038086
1073594617,0.092041,0.121826,1.037598
1073599617,0.099365,0.119629,1.050049
1073604617,0.094727,0.119873,1.043457
1073609617,0.093262,0.120361,1.043213
1073614617,0.092041,0.123291,1.047607
1073619617,0.096191,0.121094,1.035889
1073624617,0.092285,0.127441,1.04248
1073629617,0.092285,0.120361,1.051758
1073634617,0.092285,0.121582,1.039307
1073639617,0.083252,0.123535,1.032715
1073644617,0.090576,0.123291,1.036621
1073649617,0.087646,0.12085,1.036377
1073654617,0.083008,0.114258,1.032227
1073659617,0.097412,0.114258,1.04126
1073664617,0.088379,0.116699,1.040771
1073669617,0.096191,0.115479,1.047119
1073674617,0.093506,0.123535,1.046143
1073679617,0.093262,0.118164,1.032471
1073684617,0.095947,0.120361,1.041016
1073689617,0.09082,0.118896,1.041016
1073694617,0.094727,0.118896,1.044922
1073699617,0.092529,0.116943,1.042236
1073704617,0.091797,0.123047,1.037842
1073709617,0.095459,0.120605,1.037109
1073714617,0.095947,0.115967,1.040039
1073719617,0.089111,0.123047,1.045898
1073724617,0.09082,0.118164,1.044678
1073729617,0.089844,0.111572,1.040527
1073734617,0.094238,0.117188,1.039795
1073739617,0.095215,0.11792,1.037109
1073744617,0.084717,0.117188,1.036377
1073749617,0.093262,0.121826,1.042236
1073754617,0.095459,0.118896,1.040771
1073759617,0.093994,0.121582,1.051025
1073764617,0.096436,0.124023,1.052734
1073769617,0.092041,0.122559,1.033203
1073774617,0.093994,0.124512,1.033691
1073779617,0.087891,0.124268,1.035645
1073784617,0.095703,0.118896,1.045166
1073789617,0.09082,0.121582,1.044922
1073794617,0.087646,0.118896,1.038574
1073799617,0.0896,0.116699,1.037354
1073804617,0.093506,0.11499,1.041016
1073809617,0.089844,0.115479,1.043945
1073814617,0.094482,0.115967,1.044189
1073819617,0.094971,0.116211,1.046387
1073824617,0.092041,0.119873,1.042969
1073829617,0.088135,0.121826,1.04126
1073834617,0.091309,0.119629,1.040527
1073839617,0.09668,0.119141,1.040039
1073844617,0.093262,0.117676,1.036621
1073849617,0.10083,0.116455,1.039063
1073854617,0.095215,0.118652,1.03418
1073859617,0.095703,0.119141,1.043945
1073864617,0.092529,0.119873,1.042969
1073869617,0.095703,0.115723,1.043945
1073874617,0.092285,0.119873,1.043945
1073879617,0.087158,0.11377,1.039795
1073884617,0.094971,0.121582,1.045898
1073889617,0.090088,0.117676,1.037842
1073894617,0.093018,0.118164,1.044434
1073899617,0.091553,0.121338,1.035645
1073904617,0.090332,0.12207,1.040039
1073909617,0.090088,0.126953,1.039307
1073914617,0.093506,0.12207,1.040771
1073919617,0.092041,0.118652,1.044434
1073924617,0.09082,0.12207,1.0271
1073929617,0.085937,0.11084,1.049805
1073934617,0.103271,0.135742,1.068848
1073939617,0.091309,0.119141,1.026611
1073944617,0.092773,0.118164,1.039063
1073949617,0.097656,0.129395,1.061768
1073954617,0.096436,0.11377,1.041016
1073959617,0.093994,0.120361,1.035645
1073964617,0.090332,0.118408,1.043213
1073969617,0.089844,0.120117,1.030029
1073974617,0.094238,0.121582,1.037842
1073979617,0.095459,0.118896,1.045654
1073984617,0.088135,0.116455,1.039551
1073989617,0.094727,0.113037,1.035645
1073994617,0.094238,0.119141,1.040039
1073999617,0.090332,0.117676,1.054688
1074004617,0.093506,0.112061,1.055176
1074009617,0.083008,0.108887,1.031738
1074014617,0.084473,0.109619,1.037598
1074019617,0.088623,0.110596,1.042236
1074024617,0.088867,0.115234,1.045654
1074029617,0.092285,0.116211,1.046143
1074034617,0.094971,0.115967,1.045654
1074039617,0.091797,0.120605,1.04248
1074044617,0.095459,0.122314,1.047119
1074049617,0.099609,0.125244,1.045654
1074054617,0.104492,0.124268,1.043945
1074059617,0.090332,0.135986,1.035645
1074064617,0.087402,0.138184,1.040527
1074069617,0.090576,0.125977,1.026123
1074074617,0.098145,0.122314,1.044434
1074079617,0.095703,0.111572,1.028076
1074084617,0.0979,0.113525,1.047119
1074089617,0.093506,0.122803,1.049561
1074094617,0.086182,0.116455,1.04834
1074099617,0.079346,0.11792,1.036377
1074104617,0.08667,0.118408,1.036865
1074109617,0.08667,0.114746,1.035889
1074114617,0.091797,0.112793,1.027344
1074119617,0.097412,0.118408,1.048096
1074124617,0.097168,0.119873,1.043945
1074129617,0.094482,0.129883,1.0354
1074134617,0.087402,0.130615,1.044922
1074139617,0.084961,0.134521,1.037354
1074144617,0.083252,0.129883,1.031006
1074149617,0.092041,0.11499,1.039063
1074154617,0.095459,0.110352,1.044678
1074159617,0.094971,0.10791,1.044922
1074164617,0.091064,0.113525,1.05127
1074169617,0.085693,0.11084,1.041504
1074174617,0.086426,0.118408,1.040283
1074179617,0.082275,0.114746,1.041016
1074184617,0.088867,0.111816,1.030273
1074189617,0.093506,0.106201,1.041016
1074194617,0.100098,0.112793,1.040283
1074199617,0.105957,0.117676,1.038086
1074204617,0.104004,0.124756,1.044189
1074209617,0.106689,0.127197,1.034912
1074214617,0.103271,0.131104,1.036865
1074219617,0.097412,0.131592,1.036621
1074224617,0.095215,0.128906,1.036133
1074229617,0.094727,0.126709,1.031982
1074234617,0.092285,0.119385,1.035889
1074239617,0.094238,0.116943,1.040771
1074244617,0.089111,0.117432,1.040527
1074249617,0.0896,0.117432,1.04834
1074254617,0.08667,0.115479,1.047852
1074259617,0.0896,0.112549,1.047607
1074264617,0.09375,0.115234,1.062256
1074269617,0.084961,0.119873,1.03833
1074274617,0.089355,0.117432,1.053467
1074279617,0.08667,0.123047,1.05835
1074284617,0.081543,0.117432,1.018555
1074289617,0.091797,0.115234,1.052734
1074294617,0.088623,0.121094,1.036377
1074299617,0.102051,0.110596,1.040771
1074304617,0.088379,0.126953,1.03418
1074309617,0.084961,0.121094,1.034424
1074314617,0.082275,0.119873,1.050537
1074319617,0.089111,0.118408,1.036133
1074324617,0.08374,0.120361,1.038574
1074329617,0.094727,0.114746,1.040039
1074334617,0.094482,0.107666,1.034912
1074339617,0.098877,0.114746,1.046875
1074344617,0.093506,0.122803,1.027832
1074349617,0.091797,0.11792,1.038818
1074354617,0.096191,0.116455,1.031006
1074359617,0.089844,0.128174,1.056885
1074364617,0.084473,0.125732,1.04126
1074369617,0.088867,0.117432,1.043945
1074374617,0.097656,0.121826,1.046387
1074379617,0.087646,0.131104,1.052979
1074384617,0.083984,0.131592,1.025146
1074389617,0.095703,0.113281,1.032471
1074394617,0.094238,0.108887,1.040283
1074399617,0.087158,0.12207,1.043701
1074404617,0.091553,0.127441,1.052002
1074409617,0.096191,0.115723,1.039063
1074414617,0.092529,0.103271,1.030273
1074419617,0.099609,0.116699,1.061279
1074424617,0.096924,0.116943,1.039063
1074429617,0.095703,0.120117,1.039551
1074434617,0.090088,0.125732,1.036621
1074439617,0.088623,0.116943,1.034424
1074444617,0.091064,0.115234,1.033936
1074449617,0.10083,0.11377,1.043213
1074454617,0.101318,0.117676,1.037842
1074459617,0.094238,0.129883,1.04248
1074464617,0.083252,0.130127,1.039307
1074469617,0.086914,0.12085,1.041748
1074474617,0.098389,0.111084,1.039795
1074479617,0.097168,0.11084,1.053223
1074484617,0.086426,0.121826,1.036865
1074489617,0.09082,0.112305,1.039795
1074494617,0.097656,0.11499,1.052734
1074499617,0.089844,0.122559,1.048096
1074504617,0.088379,0.121338,1.038086
1074509617,0.0896,0.115723,1.04126
1074514617,0.095459,0.118896,1.050049
1074519617,0.084961,0.123291,1.036621
1074524617,0.092285,0.120361,1.039551
1074529617,0.090576,0.122314,1.048828
1074534617,0.09668,0.115967,1.040771
1074539617,0.0979,0.121582,1.045166
1074544617,0.092285,0.121094,1.043213
1074549617,0.091064,0.119873,1.04541
1074554617,0.097412,0.113525,1.039795
1074559617,0.094727,0.109375,1.035889
1074564617,0.090332,0.112793,1.031982
1074569617,0.093018,0.119385,1.033447
1074574617,0.09082,0.11377,1.056396
1074579617,0.09082,0.119873,1.040039
1074584617,0.094727,0.11792,1.034668
1074589617,0.093262,0.118164,1.028564
1074594617,0.100098,0.120361,1.050537
1074599617,0.089111,0.125,1.045654
1074604617,0.090088,0.126953,1.040771
1074609617,0.088623,0.125,1.035156
1074614617,0.09082,0.113525,1.04126
1074619617,0.091309,0.111572,1.036865
1074624617,0.099365,0.110352,1.037109
1074629617,0.094971,0.124512,1.042236
1074634617,0.091064,0.123291,1.05957
1074639617,0.086426,0.122314,1.033203
1074644617,0.094727,0.119873,1.040039
1074649617,0.084473,0.122803,1.035889
1074654617,0.094727,0.115967,1.045898
1074659617,0.094482,0.114746,1.041504
1074664617,0.103027,0.11499,1.041992
1074669617,0.098145,0.118408,1.038818
1074674617,0.088379,0.123291,1.039551
1074679617,0.087402,0.123535,1.037109
1074684617,0.088867,0.129639,1.045166
1074689617,0.088623,0.127441,1.043945
1074694617,0.089111,0.119385,1.041748
1074699617,0.091064,0.115723,1.040771
1074704617,0.087158,0.116455,1.040283
1074709617,0.08374,0.126709,1.04126
1074714617,0.083008,0.12207,1.036377
1074719617,0.095703,0.113037,1.041748
1074724617,0.092773,0.104248,1.038574
1074729617,0.095947,0.116211,1.032471
1074734617,0.098145,0.12085,1.038574
1074739617,0.089844,0.119385,1.036133
1074744617,0.098633,0.120117,1.037842
1074749617,0.097168,0.126221,1.03833
1074754617,0.099121,0.123535,1.04834
1074759617,0.097412,0.124023,1.038086
1074764617,0.09375,0.123535,1.039307
1074769617,0.097656,0.118164,1.043945
1074774617,0.092529,0.118408,1.040771
1074779617,0.090576,0.121094,1.031738
1074784617,0.091064,0.116699,1.037109
1074789617,0.089355,0.118408,1.044678
1074794617,0.086426,0.11377,1.039795
1074799617,0.085937,0.111572,1.040771
1074804617,0.095459,0.116943,1.046875
1074809617,0.094238,0.118408,1.044189
1074814617,0.088623,0.125,1.03833
1074819617,0.094971,0.109131,1.027588
1074824617,0.098877,0.119873,1.039307
1074829617,0.095215,0.12207,1.040527
1074834617,0.095947,0.128662,1.037842
1074839617,0.093506,0.126709,1.036865
1074844617,0.094971,0.125488,1.038086
1074849617,0.091797,0.125977,1.043213
1074854617,0.093018,0.117188,1.044922
1074859617,0.099121,0.11792,1.051758
1074864617,0.0896,0.117432,1.044678
1074869617,0.094238,0.121826,1.04126
1074874617,0.088867,0.115723,1.036865
1074879617,0.091797,0.119141,1.043945
1074884617,0.094971,0.116699,1.043213
1074889617,0.094482,0.108643,1.041504
1074894617,0.092773,0.117432,1.043701
1074899617,0.086914,0.120117,1.044189
1074904617,0.085937,0.124268,1.03833
1074909617,0.092773,0.125488,1.047119
1074914617,0.093506,0.123779,1.039795
1074919617,0.089355,0.127441,1.049561
1074924617,0.095215,0.123779,1.045166
1074929617,0.094727,0.121826,1.042969
1074934617,0.093262,0.122559,1.041748
1074939617,0.088867,0.12085,1.033936
1074944617,0.090576,0.123047,1.042725
1074949617,0.087158,0.115234,1.046875
1074954617,0.093018,0.111328,1.042969
1074959617,0.092529,0.114502,1.037354
1074964617,0.085449,0.114014,1.036865
1074969617,0.091064,0.118164,1.043945
1074974617,0.092773,0.119873,1.039063
1074979617,0.085937,0.124268,1.036621
1074984617,0.091797,0.125244,1.04834
1074989617,0.087646,0.123779,1.039551
1074994617,0.089844,0.122559,1.041016
1074999617,0.088867,0.123535,1.04248
1075004617,0.0896,0.119629,1.041016
1075009617,0.091064,0.116943,1.040527
1075014617,0.093506,0.120117,1.04126
1075019617,0.089111,0.113281,1.043701
1075024617,0.086426,0.113281,1.043213
1075029617,0.084473,0.11499,1.048828
1075034617,0.087402,0.11499,1.042969
1075039617,0.089355,0.11499,1.040283
1075044617,0.095703,0.11792,1.046631
1075049617,0.092529,0.115479,1.041504
1075054617,0.089355,0.119873,1.030762
1075059617,0.096436,0.123535,1.043701
1075064617,0.096436,0.119141,1.02832
1075069617,0.095215,0.129883,1.04248
1075074617,0.095215,0.125977,1.039551
1075079617,0.093262,0.120605,1.033691
1075084617,0.096436,0.119141,1.043213
1075089617,0.090088,0.115723,1.027588
1075094617,0.098145,0.116211,1.03833
1075099617,0.092041,0.117676,1.040771
1075104617,0.087402,0.115479,1.044434
1075109617,0.091064,0.11792,1.048096
1075114617,0.087158,0.116455,1.031006
1075119617,0.089844,0.114258,1.048828
1075124617,0.0896,0.120361,1.041504
1075129617,0.086914,0.126709,1.041016
1075134617,0.091553,0.114746,1.046143
1075139617,0.091553,0.122314,1.040771
1075144617,0.091797,0.121094,1.039551
1075149617,0.094727,0.124268,1.04541
1075154617,0.09375,0.125,1.038086
1075159617,0.092529,0.118652,1.038086
1075164617,0.095215,0.114014,1.040527
1075169617,0.098389,0.116455,1.043213
1075174617,0.092041,0.119385,1.038818
1075179617,0.098389,0.117432,1.043457
1075184617,0.094482,0.120117,1.043945
1075189617,0.074707,0.121338,1.034424
1075194617,0.08667,0.118896,1.039063
1075199617,0.100586,0.11499,1.060059
1075204617,0.078125,0.129395,1.039551
1075209617,0.081543,0.126221,1.043701
1075214617,0.090332,0.113525,1.038574
1075219617,0.089111,0.11499,1.044189
1075224617,0.096436,0.112549,1.050781
1075229617,0.098877,0.124756,1.0354
1075234617,0.087891,0.125244,1.045166
1075239617,0.090088,0.127441,1.045898
1075244617,0.088623,0.12793,1.041748
1075249617,0.093262,0.122314,1.041016
1075254617,0.090576,0.117676,1.039795
1075259617,0.096924,0.111572,1.045654
1075264617,0.097656,0.118652,1.050537
1075269617,0.091797,0.119141,1.036133
1075274617,0.085449,0.118164,1.03833
1075279617,0.092041,0.115967,1.043457
1075284617,0.083496,0.115479,1.01123
1075289617,0.105225,0.106201,1.049561
1075294617,0.087402,0.122803,1.032227
1075299617,0.093018,0.117432,1.03833
1075304617,0.087158,0.127197,1.043945
1075309617,0.084961,0.121582,1.037354
1075314617,0.087646,0.122314,1.039551
1075319617,0.087402,0.120361,1.04126
1075324617,0.088379,0.119141,1.039063
1075329617,0.093262,0.119385,1.045654
1075334617,0.087646,0.127686,1.036377
1075339617,0.087646,0.120361,1.040283
1075344617,0.099609,0.115479,1.037842
1075349617,0.095947,0.121338,1.053223
1075354617,0.087402,0.123779,1.036133
1075359617,0.088379,0.125977,1.041748
1075364617,0.090332,0.112793,1.038086
1075369617,0.095947,0.109375,1.046387
1075374617,0.093506,0.122803,1.050049
1075379617,0.086914,0.125,1.04541
1075384617,0.091553,0.124268,1.042969
1075389617,0.098389,0.118164,1.0354
1075394617,0.100586,0.116455,1.034912
1075399617,0.102539,0.121338,1.034912
1075404617,0.093994,0.124512,1.04248
1075409617,0.089355,0.125,1.038818
1075414617,0.088379,0.127686,1.044922
1075419617,0.086914,0.120117,1.040039
1075424617,0.094971,0.110596,1.035889
1075429617,0.100342,0.10791,1.039795
1075434617,0.105469,0.109619,1.041504
1075439617,0.10376,0.121338,1.054688
1075444617,0.100342,0.130371,1.046143
1075449617,0.09375,0.129395,1.049561
1075454617,0.090088,0.129639,1.042725
1075459617,0.088867,0.127441,1.038086
1075464617,0.090332,0.119385,1.034424
1075469617,0.089844,0.116699,1.038086
1075474617,0.093994,0.115234,1.038086
1075479617,0.09082,0.11377,1.037109
1075484617,0.088379,0.10791,1.019043
1075489617,0.091797,0.115479,1.049561
1075494617,0.097656,0.116211,1.042236
1075499617,0.09082,0.118408,1.04126
1075504617,0.100098,0.119629,1.047119
1075509617,0.093262,0.115479,1.047119
1075514617,0.092285,0.124023,1.041748
1075519617,0.088379,0.130127,1.051514
1075524617,0.087402,0.130371,1.036621
1075529617,0.083984,0.122803,1.031982
1075534617,0.086914,0.121338,1.026611
1075539617,0.092285,0.12085,1.039795
1075544617,0.09375,0.119141,1.043701
1075549617,0.10083,0.118164,1.04126
1075554617,0.097656,0.114502,1.043701
1075559617,0.099121,0.115967,1.04248
1075564617,0.094727,0.116455,1.03125
1075569617,0.096924,0.120117,1.038086
1075574617,0.0896,0.119141,1.039551
1075579617,0.086426,0.117188,1.04126
1075584617,0.089111,0.11499,1.044678
1075589617,0.091309,0.116211,1.040527
1075594617,0.089844,0.118408,1.034912
1075599617,0.084961,0.121826,1.039551
1075604617,0.08667,0.124023,1.04248
1075609617,0.09082,0.119629,1.037354
1075614617,0.083496,0.118164,1.0271
1075619617,0.086182,0.119385,1.037842
1075624617,0.089355,0.119385,1.04834
1075629617,0.096191,0.118408,1.048828
1075634617,0.102783,0.113281,1.044189
1075639617,0.096191,0.12085,1.043945
1075644617,0.087402,0.124756,1.045166
1075649617,0.087402,0.124268,1.037354
1075654617,0.083496,0.119385,1.041016
1075659617,0.087891,0.111328,1.041504
1075664617,0.09082,0.111816,1.04126
1075669617,0.0896,0.114746,1.037109
1075674617,0.102051,0.116943,1.045654
1075679617,0.097412,0.118164,1.040527
1075684617,0.0979,0.12085,1.037842
1075689617,0.094727,0.120605,1.038574
1075694617,0.094482,0.121338,1.044434
1075699617,0.091797,0.123779,1.042725
1075704617,0.090332,0.12207,1.041748
1075709617,0.095947,0.121826,1.041748
1075714617,0.092285,0.125244,1.043457
1075719617,0.093018,0.122803,1.042969
1075724617,0.092529,0.124512,1.0354
1075729617,0.099854,0.125,1.045166
1075734617,0.093506,0.122803,1.041504
1075739617,0.092041,0.114746,1.040771
1075744617,0.091797,0.119629,1.049316
1075749617,0.089111,0.117676,1.022949
1075754617,0.095215,0.121338,1.051514
1075759617,0.089111,0.119629,1.021729
1075764617,0.092041,0.117188,1.050293
1075769617,0.086182,0.117432,1.037598
1075774617,0.088379,0.128906,1.038818
1075779617,0.088135,0.119385,1.030273
1075784617,0.088379,0.12085,1.0271
1075789617,0.092529,0.125,1.047119
1075794617,0.088135,0.12207,1.034424
1075799617,0.09668,0.113525,1.033447
1075804617,0.100098,0.110107,1.043945
1075809617,0.100098,0.120361,1.04834
1075814617,0.097412,0.119873,1.04834
1075819617,0.081543,0.125244,1.032715
1075824617,0.086426,0.125488,1.052002
1075829617,0.083252,0.113037,1.040771
1075834617,0.0896,0.11792,1.037354
1075839617,0.093506,0.116211,1.054688
1075844617,0.080566,0.114746,1.019043
1075849617,0.087402,0.112793,1.041016
1075854617,0.088135,0.11499,1.034912
1075859617,0.089844,0.126709,1.042725
1075864617,0.085693,0.121582,1.023438
1075869617,0.094971,0.11377,1.039307
1075874617,0.102295,0.115234,1.034912
1075879617,0.098389,0.121582,1.038574
1075884617,0.096191,0.12793,1.047607
1075889617,0.095215,0.126465,1.046143
1075894617,0.092285,0.122314,1.042969
1075899617,0.091309,0.117188,1.044434
1075904617,0.088379,0.113037,1.041504
1075909617,0.095459,0.114258,1.036133
1075914617,0.101074,0.109863,1.037842
1075919617,0.103516,0.103516,1.045654
1075924617,0.091309,0.11792,1.036133
1075929617,0.089355,0.118164,1.049072
1075934617,0.090576,0.121582,1.044678
1075939617,0.084473,0.121826,1.037109
1075944617,0.087402,0.121582,1.04248
1075949617,0.087646,0.120117,1.029053
1075954617,0.090332,0.121826,1.040283
1075959617,0.09375,0.117188,1.04541
1075964617,0.094971,0.118896,1.037598
1075969617,0.092285,0.120361,1.036621
1075974617,0.086914,0.125,1.022461
1075979617,0.0896,0.120117,1.046387
1075984617,0.094727,0.123535,1.051025
1075989617,0.09082,0.12085,1.039551
1075994617,0.088867,0.118408,1.030762
1075999617,0.097412,0.118408,1.042236
1076004617,0.095215,0.122314,1.053223
1076009617,0.087158,0.121338,1.051025
1076014617,0.096191,0.120605,1.036865
1076019617,0.093018,0.118652,1.036621
1076024617,0.093262,0.118408,1.033203
1076029617,0.095703,0.124268,1.037109
1076034617,0.098145,0.122803,1.041504
1076039617,0.097656,0.12085,1.031738
1076044617,0.096436,0.117188,1.034912
1076049617,0.091309,0.118652,1.038574
1076054617,0.091309,0.118896,1.036377
1076059617,0.08667,0.121582,1.041992
1076064617,0.088623,0.117676,1.051514
1076069617,0.090576,0.11792,1.042236
1076074617,0.088623,0.11499,1.036377
1076079617,0.095215,0.11377,1.054688
1076084617,0.091064,0.119385,1.046631
1076089617,0.089111,0.122314,1.041748
1076094617,0.09082,0.121582,1.046875
1076099617,0.085449,0.120117,1.040039
1076104617,0.092041,0.121826,1.045898
1076109617,0.093018,0.118896,1.040039
1076114617,0.094971,0.119385,1.030762
1076119617,0.098633,0.117188,1.040527
1076124617,0.097656,0.112793,1.039551
1076129617,0.096924,0.118896,1.046387
1076134617,0.087891,0.123535,1.04541
1076139617,0.088379,0.125732,1.032715
1076144617,0.088623,0.118164,1.038086
1076149617,0.088379,0.117188,1.042969
1076154617,0.095459,0.115234,1.044189
1076159617,0.094482,0.121582,1.051514
1076164617,0.09375,0.118652,1.039551
1076169617,0.093506,0.116943,1.040527
1076174617,0.094238,0.114258,1.035889
1076179617,0.09375,0.116455,1.034424
1076184617,0.096436,0.119629,1.040527
1076189617,0.092285,0.123291,1.041992
1076194617,0.093994,0.123047,1.039795
1076199617,0.09082,0.123047,1.037598
1076204617,0.090088,0.121826,1.040771
1076209617,0.094238,0.124023,1.039307
1076214617,0.092773,0.119141,1.04126
1076219617,0.094727,0.124512,1.043701
1076224617,0.094238,0.126221,1.043457
1076229617,0.092285,0.124023,1.038574
1076234617,0.094482,0.121338,1.046631
1076239617,0.098145,0.125488,1.047852
1076244617,0.092285,0.118652,1.037598
1076249617,0.093506,0.114746,1.030762
1076254617,0.09375,0.12085,1.049072
1076259617,0.090576,0.119385,1.047607
1076264617,0.095703,0.120361,1.038818
1076269617,0.094482,0.112061,1.040283
1076274617,0.092041,0.11499,1.045166
1076279617,0.09082,0.114014,1.048096
1076284617,0.098389,0.112061,1.044922
1076289617,0.095947,0.115723,1.046387
1076294617,0.098877,0.116211,1.031494
1076299617,0.096924,0.118164,1.041504
1076304617,0.089844,0.120117,1.044189
1076309617,0.088867,0.121826,1.041992
1076314617,0.088867,0.119385,1.03833
1076319617,0.089355,0.118896,1.035156
1076324617,0.094727,0.120361,1.036377
1076329617,0.091309,0.119629,1.045898
1076334617,0.088867,0.127197,1.034668
1076339617,0.09375,0.133545,1.04834
1076344617,0.082764,0.116455,1.041016
1076349617,0.087158,0.12207,1.033936
1076354617,0.088867,0.117676,1.043457
1076359617,0.09375,0.118408,1.032959
1076364617,0.095947,0.120605,1.033691
1076369617,0.093262,0.119385,1.054932
1076374617,0.091309,0.12207,1.045166
1076379617,0.0896,0.121826,1.038574
1076384617,0.090332,0.117676,1.031738
1076389617,0.09082,0.121094,1.031006
1076394617,0.094727,0.121094,1.037109
1076399617,0.095703,0.122314,1.040283
1076404617,0.096924,0.122314,1.043213
1076409617,0.095703,0.120605,1.04541
1076414617,0.092773,0.121338,1.032471
1076419617,0.094482,0.114258,1.0354
1076424617,0.104004,0.114258,1.04834
1076429617,0.097168,0.117188,1.048828
1076434617,0.078369,0.125488,1.028564
1076439617,0.074707,0.122559,1.022705
1076444617,0.094727,0.117432,1.046387
1076449617,0.09375,0.12085,1.035645
1076454617,0.111328,0.116455,1.046875
1076459617,0.104736,0.120605,1.05127
1076464617,0.092529,0.122314,1.040527
1076469617,0.092041,0.128662,1.049072
1076474617,0.098389,0.132568,1.067383
1076479617,0.076416,0.128906,1.043945
1076484617,0.093262,0.118408,1.033936
1076489617,0.098877,0.107422,1.046875
1076494617,0.099365,0.115234,1.044189
1076499617,0.087402,0.125977,1.033447
1076504617,0.083496,0.124756,1.03125
1076509617,0.09082,0.124512,1.053223
1076514617,0.082764,0.114014,1.027344
1076519617,0.092285,0.100586,1.032715
1076524617,0.084229,0.112305,1.028564
1076529617,0.079102,0.115723,1.025879
1076534617,0.081299,0.114014,1.025635
1076539617,0.087402,0.116699,1.029541
1076544617,0.087158,0.118408,1.038574
1076549617,0.094482,0.118408,1.045898
1076554617,0.087891,0.126953,1.045898
1076559617,0.087646,0.12793,1.04834
1076564617,0.090576,0.122314,1.046387
1076569617,0.092041,0.116943,1.038818
1076574617,0.099365,0.117188,1.041992
1076579617,0.097412,0.121094,1.046143
1076584617,0.102295,0.123779,1.047119
1076589617,0.09668,0.119629,1.037598
1076594617,0.094238,0.121094,1.041992
1076599617,0.09668,0.118164,1.04248
1076604617,0.088135,0.121826,1.043457
1076609617,0.083496,0.11792,1.037598
1076614617,0.092041,0.115967,1.04834
1076619617,0.095703,0.111816,1.037109
1076624617,0.094727,0.112305,1.038818
1076629617,0.095215,0.12085,1.046875
1076634617,0.099365,0.128906,1.043945
1076639617,0.098389,0.123779,1.039795
1076644617,0.09082,0.111816,1.030762
1076649617,0.097168,0.116699,1.042969
1076654617,0.099609,0.123047,1.041504
1076659617,0.092529,0.119873,1.03418
1076664617,0.093262,0.128662,1.046387
1076669617,0.086182,0.125732,1.029053
1076674617,0.089111,0.123779,1.047119
1076679617,0.095947,0.115479,1.054199
1076684617,0.093262,0.117188,1.039795
1076689617,0.091553,0.120605,1.049072
1076694617,0.088379,0.118164,1.037109
1076699617,0.085205,0.119385,1.036865
1076704617,0.094482,0.117188,1.040283
1076709617,0.090576,0.116943,1.037598
1076714617,0.096191,0.118408,1.039551
1076719617,0.096191,0.116455,1.038574
1076724617,0.094727,0.119385,1.04248
1076729617,0.092285,0.118408,1.029053
1076734617,0.093018,0.125732,1.046143
1076739617,0.094238,0.122314,1.045166
1076744617,0.092773,0.123535,1.042236
1076749617,0.089355,0.115967,1.034424
1076754617,0.090576,0.117188,1.035156
1076759617,0.092041,0.11792,1.046143
1076764617,0.091064,0.125244,1.039551
1076769617,0.09082,0.124023,1.043213
1076774617,0.080566,0.119629,1.026367
1076779617,0.085693,0.118652,1.036133
1076784617,0.086914,0.114746,1.033936
1076789617,0.095459,0.118408,1.050293
1076794617,0.088379,0.120117,1.037354
1076799617,0.094971,0.125488,1.051514
1076804617,0.087158,0.123779,1.036865
1076809617,0.087402,0.118652,1.040283
1076814617,0.088623,0.117188,1.041748
1076819617,0.093018,0.117676,1.046143
1076824617,0.094727,0.117676,1.041748
1076829617,0.091309,0.119629,1.049561
1076834617,0.092041,0.119385,1.044434
1076839617,0.095703,0.122559,1.043945
1076844617,0.091797,0.120361,1.040771
1076849617,0.093018,0.117676,1.0354
1076854617,0.090332,0.119873,1.03418
1076859617,0.093506,0.121094,1.037354
1076864617,0.097168,0.116455,1.045898
1076869617,0.094482,0.119873,1.048096
1076874617,0.092773,0.126221,1.049805
1076879617,0.092041,0.124268,1.041748
1076884617,0.088135,0.119629,1.034668
1076889617,0.088867,0.122803,1.0354
1076894617,0.093018,0.115723,1.032959
1076899617,0.095215,0.11084,1.035889
1076904617,0.096924,0.121094,1.047607
1076909617,0.088135,0.125,1.038818
1076914617,0.090332,0.128174,1.047363
1076919617,0.092773,0.123535,1.038818
1076924617,0.093994,0.114746,1.043945
1076929617,0.09375,0.113037,1.035156
1076934617,0.087158,0.120605,1.036865
1076939617,0.090088,0.118652,1.040039
1076944617,0.091797,0.11792,1.037842
1076949617,0.09668,0.117676,1.037354
1076954617,0.0979,0.12085,1.043457
1076959617,0.093994,0.121338,1.055176
1076964617,0.084717,0.116943,1.039063
1076969617,0.091553,0.122559,1.046143
1076974617,0.091553,0.117188,1.038086
1076979617,0.09375,0.120605,1.040527
1076984617,0.093994,0.116455,1.032715
1076989617,0.095215,0.126953,1.044922
1076994617,0.085937,0.123047,1.047119
1076999617,0.099609,0.120361,1.028076
1077004617,0.095703,0.117432,1.049561
1077009617,0.091797,0.12085,1.048828
1077014617,0.09082,0.121338,1.032227
1077019617,0.095459,0.116943,1.042725
1077024617,0.098877,0.121582,1.044678
1077029617,0.090332,0.112549,1.031982
1077034617,0.095215,0.121582,1.032227
1077039617,0.091797,0.124268,1.052979
1077044617,0.090332,0.12085,1.042236
1077049617,0.087158,0.127441,1.046387
1077054617,0.086914,0.119385,1.04126
1077059617,0.093018,0.121826,1.036865
1077064617,0.092041,0.118164,1.043213
1077069617,0.088379,0.117432,1.034424
1077074617,0.089111,0.115723,1.03125
1077079617,0.093994,0.115967,1.042236
1077084617,0.096191,0.119629,1.04834
1077089617,0.09082,0.118652,1.043457
1077094617,0.094238,0.121826,1.039307
1077099617,0.092285,0.116943,1.043701
1077104617,0.091064,0.117188,1.0354
1077109617,0.09082,0.123535,1.043213
1077114617,0.092529,0.125244,1.043945
1077119617,0.093994,0.119629,1.032959
1077124617,0.096191,0.11499,1.031982
1077129617,0.095947,0.117188,1.035889
1077134617,0.092773,0.121582,1.039551
1077139617,0.091064,0.119385,1.043945
1077144617,0.094482,0.118164,1.041016
1077149617,0.096436,0.12207,1.049316
1077154617,0.091064,0.120361,1.045166
1077159617,0.084229,0.118896,1.03833
1077164617,0.091553,0.116211,1.041504
1077169617,0.088135,0.122314,1.045166
1077174617,0.092529,0.118164,1.041748
1077179617,0.09375,0.114746,1.037842
1077184617,0.091309,0.118896,1.046631
1077189617,0.09375,0.112793,1.041504
1077194617,0.091553,0.119141,1.045166
1077199617,0.094238,0.124023,1.043701
1077204617,0.099365,0.121094,1.047363
1077209617,0.093994,0.120361,1.043945
1077214617,0.093506,0.119629,1.046875
1077219617,0.092529,0.119629,1.037842
1077224617,0.09082,0.118652,1.04126
1077229617,0.091553,0.121094,1.03833
1077234617,0.093262,0.116699,1.043945
1077239617,0.092041,0.116455,1.045166
1077244617,0.087402,0.117432,1.035156
1077249617,0.093506,0.11499,1.049561
1077254617,0.091553,0.114746,1.032715
1077259617,0.089111,0.12085,1.044189
1077264617,0.091797,0.118408,1.04126
1077269617,0.087402,0.123291,1.039551
1077274617,0.093018,0.12207,1.045898
1077279617,0.091797,0.120117,1.039063
1077284617,0.091553,0.121094,1.037354
1077289617,0.091797,0.116699,1.042236
1077294617,0.094482,0.119385,1.039063
1077299617,0.093506,0.121338,1.038574
1077304617,0.092773,0.123291,1.035156
1077309617,0.090332,0.119385,1.035889
1077314617,0.089355,0.116943,1.037598
1077319617,0.091064,0.120361,1.039307
1077324617,0.093262,0.121094,1.035645
1077329617,0.090576,0.116943,1.041504
1077334617,0.093506,0.119385,1.036377
1077339617,0.082764,0.117188,1.037354
1077344617,0.091553,0.116699,1.037354
1077349617,0.092041,0.12085,1.040039
1077354617,0.096191,0.122559,1.03833
1077359617,0.094238,0.115967,1.039307
1077364617,0.09668,0.119873,1.036133
1077369617,0.091309,0.116699,1.0354
1077374617,0.100586,0.123291,1.051514
1077379617,0.087402,0.119385,1.038086
1077384617,0.095703,0.117188,1.039551
1077389617,0.093994,0.126221,1.047607
1077394617,0.092773,0.122314,1.036133
1077399617,0.09375,0.117676,1.03833
1077404617,0.094971,0.117432,1.041016
1077409617,0.091553,0.119385,1.039063
1077414617,0.088379,0.115234,1.041504
1077419617,0.092529,0.118408,1.043945
1077424617,0.086426,0.11792,1.035645
1077429617,0.095215,0.118652,1.037842
1077434617,0.090332,0.122559,1.033203
1077439617,0.09375,0.115479,1.043945
1077444617,0.089844,0.119873,1.043945
1077449617,0.091309,0.119629,1.035156
1077454617,0.09082,0.121338,1.033691
1077459617,0.092041,0.119141,1.035889
1077464617,0.094727,0.119629,1.036865
1077469617,0.093262,0.121582,1.041504
1077474617,0.094482,0.118896,1.042236
1077479617,0.087402,0.120117,1.045166
1077484617,0.094971,0.120117,1.046631
1077489617,0.092773,0.117188,1.038086
1077494617,0.094482,0.115234,1.041992
1077499617,0.088867,0.118652,1.027832
1077504617,0.092041,0.119629,1.040039
1077509617,0.092529,0.119629,1.04126
1077514617,0.089355,0.118652,1.036133
1077519617,0.090088,0.120117,1.040039
1077524617,0.097412,0.115479,1.047852
1077529617,0.092773,0.118652,1.049561
1077534617,0.089844,0.123779,1.040039
1077539617,0.091064,0.119873,1.038086
1077544617,0.095703,0.120361,1.036377
1077549617,0.092773,0.118896,1.040771
1077554617,0.093018,0.121094,1.047363
1077559617,0.093506,0.121582,1.044434
1077564617,0.093506,0.119385,1.036377
1077569617,0.090576,0.122803,1.037842
1077574617,0.089844,0.119385,1.036865
1077579617,0.091309,0.124756,1.036133
1077584617,0.070068,0.126953,0.97876
1077589617,0.142578,0.100098,1.091064
1077594617,0.093018,0.114014,1.019531
1077599617,0.111572,0.117432,1.032471
1077604617,0.091553,0.131836,1.082275
1077609617,0.080322,0.124268,1.018799
1077614617,0.089111,0.118164,1.053223
1077619617,0.097168,0.119629,1.05127
1077624617,0.095703,0.11792,1.050781
1077629617,0.091797,0.109863,1.044434
1077634617,0.108154,0.112549,1.05542
1077639617,0.089355,0.119873,1.042236
1077644617,0.094727,0.119873,1.036865
1077649617,0.091553,0.116455,1.039551
1077654617,0.093018,0.116455,1.042236
1077659617,0.091064,0.118408,1.035645
1077664617,0.088135,0.121826,1.036133
1077669617,0.091797,0.115234,1.029541
1077674617,0.109619,0.108398,1.053467
1077679617,0.109375,0.121582,1.061279
1077684617,0.095215,0.116211,1.035889
1077689617,0.104004,0.129639,1.070801
1077694617,0.076416,0.130615,1.043213
1077699617,0.085937,0.123047,1.036621
1077704617,0.085693,0.12207,1.045166
1077709617,0.080566,0.116699,1.03418
1077714617,0.088623,0.111572,1.032227
1077719617,0.094971,0.111572,1.038086
1077724617,0.095947,0.118652,1.032471
1077729617,0.085205,0.125244,1.0354
1077734617,0.090332,0.119873,1.033936
1077739617,0.096924,0.121094,1.045166
1077744617,0.093262,0.121826,1.040283
1077749617,0.091553,0.123047,1.043213
1077754617,0.089111,0.122314,1.042969
1077759617,0.096191,0.114746,1.047607
1077764617,0.095703,0.11792,1.04248
1077769617,0.092285,0.115723,1.04248
1077774617,0.092773,0.119629,1.03833
1077779617,0.094727,0.115234,1.042236
1077784617,0.097656,0.116211,1.039795
1077789617,0.096924,0.118896,1.042725
1077794617,0.091553,0.116455,1.046143
1077799617,0.088623,0.121094,1.041016
1077804617,0.095215,0.123047,1.04126
1077809617,0.090088,0.122559,1.042236
1077814617,0.097656,0.121094,1.049072
1077819617,0.09668,0.125,1.050537
1077824617,0.092773,0.11499,1.050781
1077829617,0.092773,0.122803,1.04126
1077834617,0.09082,0.119141,1.046143
1077839617,0.087646,0.122559,1.047852
1077844617,0.082764,0.122559,1.019775
1077849617,0.092773,0.119385,1.038086
1077854617,0.09375,0.110107,1.044189
1077859617,0.094971,0.122314,1.019775
1077864617,0.103027,0.122314,1.074219
1077869617,0.095459,0.114746,1.035645
1077874617,0.091309,0.12207,1.033936
1077879617,0.092529,0.126709,1.031006
1077884617,0.101074,0.125244,1.071777
1077889617,0.073242,0.129883,1.032715
1077894617,0.086426,0.117432,1.04248
1077899617,0.084229,0.123779,1.048584
1077904617,0.088135,0.115967,1.030762
1077909617,0.101318,0.113525,1.041992
1077914617,0.099854,0.116211,1.040527
1077919617,0.103271,0.116943,1.037354
1077924617,0.095215,0.118408,1.040283
1077929617,0.094482,0.124023,1.038086
1077934617,0.096191,0.116211,1.038086
1077939617,0.089355,0.123535,1.04541
1077944617,0.088867,0.129883,1.037598
1077949617,0.090576,0.119385,1.05127
1077954617,0.090332,0.11792,1.029297
1077959617,0.096924,0.104736,1.031738
1077964617,0.102539,0.117188,1.052734
1077969617,0.088379,0.120117,1.026611
1077974617,0.100098,0.126709,1.061035
1077979617,0.085449,0.118896,1.019043
1077984617,0.091064,0.112793,1.046387
1077989617,0.105225,0.120605,1.041748
1077994617,0.083252,0.115723,1.027588
1077999617,0.100342,0.135986,1.075195
1078004617,0.079102,0.119629,1.005371
1078009617,0.093506,0.119141,1.059326
1078014617,0.093994,0.112549,1.028076
1078019617,0.091797,0.102783,1.036621
1078024617,0.104736,0.134521,1.062256
1078029617,0.075684,0.127441,1.024414
1078034617,0.088867,0.127441,1.053955
1078039617,0.090088,0.112793,1.018555
1078044617,0.112793,0.116943,1.061279
1078049617,0.103027,0.117676,1.069092
1078054617,0.097168,0.127197,1.027832
1078059617,0.094971,0.123291,1.051025
1078064617,0.102295,0.120605,1.04541
1078069617,0.090332,0.117432,1.037354
1078074617,0.087158,0.116943,1.045166
1078079617,0.099121,0.125,1.048828
1078084617,0.068604,0.113281,1.021484
1078089617,0.102051,0.131592,1.075439
1078094617,0.072021,0.10376,1.006836
1078099617,0.106934,0.119629,1.079346
1078104617,0.073242,0.10083,0.993896
1078109617,0.105957,0.128906,1.05957
1078114617,0.09668,0.123535,1.06958
1078119617,0.081787,0.120117,1.019043
1078124617,0.0896,0.119873,1.027832
1078129617,0.087891,0.127441,1.035156
1078134617,0.090332,0.123779,1.036133
1078139617,0.092041,0.125244,1.026367
1078144617,0.0896,0.124268,1.028809
1078149617,0.082764,0.119873,1.010498
1078154617,0.085937,0.114014,1.012207
1078159617,0.092529,0.115234,1.026123
1078164617,0.08667,0.114258,1.02002
1078169617,0.083984,0.118408,1.030518
1078174617,0.091797,0.115723,1.040527
1078179617,0.090576,0.112793,1.03418
1078184617,0.094482,0.115723,1.047119
1078189617,0.091553,0.118652,1.044434
1078194617,0.093262,0.115479,1.036865
1078199617,0.092285,0.120361,1.052246
1078204617,0.094482,0.120117,1.035645
1078209617,0.096191,0.123535,1.050781
1078214617,0.092773,0.118896,1.041504
1078219617,0.091553,0.123779,1.036133
1078224617,0.093262,0.118652,1.045166
1078229617,0.09375,0.116699,1.045166
1078234617,0.093018,0.112549,1.040283
1078239617,0.094482,0.11792,1.033691
1078244617,0.0979,0.114258,1.043701
1078249617,0.0979,0.117432,1.040283
1078254617,0.093262,0.115723,1.042969
1078259617,0.090576,0.125488,1.048828
1078264617,0.087402,0.121582,1.037109
1078269617,0.089844,0.116943,1.033936
1078274617,0.092773,0.121826,1.051025
1078279617,0.087891,0.114746,1.025146
1078284617,0.081055,0.118164,1.011963
1078289617,0.082764,0.119385,1.029053
1078294617,0.087402,0.118164,1.039795
1078299617,0.085693,0.12793,1.05127
1078304617,0.091797,0.130127,1.05957
1078309617,0.099609,0.128662,1.079346
1078314617,0.095703,0.127686,1.050781
1078319617,0.095947,0.118164,1.055176
1078324617,0.099365,0.120361,1.060791
1078329617,0.09082,0.119629,1.038086
1078334617,0.098145,0.119385,1.052246
1078339617,0.091064,0.120361,1.046631
1078344617,0.093506,0.117188,1.037598
1078349617,0.097168,0.119629,1.041748
1078354617,0.096924,0.118896,1.036865
1078359617,0.091064,0.119385,1.037109
1078364617,0.104492,0.12085,1.03418
1078369617,0.097656,0.115723,1.046387
1078374617,0.0979,0.116699,1.049805
1078379617,0.092773,0.121094,1.041748
1078384617,0.095215,0.119385,1.045898
1078389617,0.088623,0.124023,1.047852
1078394617,0.093994,0.114258,1.045654
1078399617,0.091553,0.122803,1.039551
1078404617,0.086426,0.121826,1.040039
1078409617,0.083984,0.121094,1.039063
1078414617,0.091553,0.116455,1.042969
1078419617,0.089355,0.114258,1.036621
1078424617,0.094482,0.117676,1.047119
1078429617,0.087158,0.12207,1.033447
1078434617,0.096436,0.116699,1.038574
1078439617,0.097656,0.114502,1.047119
1078444617,0.091309,0.119385,1.040283
1078449617,0.093994,0.119873,1.040527
1078454617,0.095215,0.12085,1.036377
1078459617,0.094482,0.120361,1.037354
1078464617,0.093994,0.120361,1.033203
1078469617,0.093994,0.116943,1.044189
1078474617,0.083984,0.118164,1.023438
1078479617,0.096436,0.119385,1.036133
1078484617,0.091553,0.116943,1.036865
1078489617,0.096191,0.11499,1.036621
1078494617,0.093506,0.121338,1.036377
1078499617,0.078125,0.116943,1.003906
1078504617,0.086914,0.110596,1.050781
1078509617,0.095947,0.147461,1.121094
1078514617,0.08667,0.122559,1.060303
1078519617,0.081299,0.102783,0.979736
1078524617,0.093262,0.124756,1.02124
1078529617,0.112061,0.121094,1.048096
1078534617,0.110352,0.114746,1.044678
1078539617,0.102051,0.122314,1.052246
1078544617,0.089355,0.123779,1.044678
1078549617,0.084717,0.132324,1.0354
1078554617,0.092529,0.126221,1.024902
1078559617,0.106201,0.106445,1.030762
1078564617,0.108398,0.114014,1.028809
1078569617,0.097168,0.121582,1.057861
1078574617,0.086426,0.131836,1.086914
1078579617,0.07959,0.12207,1.070313
1078584617,0.077637,0.125488,1.032227
1078589617,0.07959,0.117676,1.019775
1078594617,0.089111,0.11377,1.043213
1078599617,0.102295,0.112305,1.041992
1078604617,0.099365,0.111816,1.055908
1078609617,0.087402,0.119385,1.03125
1078614617,0.078125,0.124023,1.013184
1078619617,0.094238,0.113037,1.014893
1078624617,0.099365,0.114746,1.026855
1078629617,0.102539,0.123535,1.039551
1078634617,0.099365,0.123535,1.057129
1078639617,0.078857,0.123535,1.034424
1078644617,0.080566,0.121582,1.041992
1078649617,0.093994,0.108154,1.04834
1078654617,0.094238,0.115479,1.03833
1078659617,0.099609,0.116211,1.041016
1078664617,0.103271,0.122803,1.077148
1078669617,0.086914,0.117676,1.03833
1078674617,0.087646,0.122314,1.038818
1078679617,0.091553,0.126221,1.043213
1078684617,0.095947,0.125977,1.04248
1078689617,0.104492,0.116211,1.036865
1078694617,0.101807,0.117188,1.034424
1078699617,0.090088,0.130615,1.040039
1078704617,0.082031,0.131592,1.04541
1078709617,0.08374,0.119629,1.024658
1078714617,0.092041,0.115967,1.034912
1078719617,0.102051,0.120117,1.051025
1078724617,0.104492,0.104004,1.032471
1078729617,0.105713,0.11792,1.051758
1078734617,0.088135,0.121826,1.042236
1078739617,0.083496,0.124512,1.046143
1078744617,0.091064,0.123047,1.036865
1078749617,0.095947,0.125488,1.042725
1078754617,0.10498,0.125,1.044189
1078759617,0.100098,0.115967,1.037109
1078764617,0.089355,0.123779,1.047607
1078769617,0.08374,0.122559,1.051514
1078774617,0.077881,0.129883,1.035889
1078779617,0.084229,0.117432,1.039307
1078784617,0.09082,0.111084,1.045898
1078789617,0.094238,0.106934,1.040283
1078794617,0.095703,0.107178,1.050537
1078799617,0.088623,0.11499,1.05127
1078804617,0.082031,0.11792,1.037354
1078809617,0.08374,0.119141,1.038574
1078814617,0.092041,0.115967,1.043701
1078819617,0.101318,0.112793,1.04541
1078824617,0.100098,0.123047,1.044922
1078829617,0.092041,0.132324,1.041016
1078834617,0.092285,0.130859,1.028076
1078839617,0.097412,0.126465,1.036377
1078844617,0.103516,0.122803,1.038818
1078849617,0.102783,0.125732,1.040527
1078854617,0.104736,0.117676,1.039063
1078859617,0.093994,0.118896,1.031738
1078864617,0.094238,0.114258,1.043701
1078869617,0.092773,0.112305,1.042969
1078874617,0.091797,0.114502,1.046143
1078879617,0.091309,0.112793,1.040527
1078884617,0.091553,0.112549,1.046875
1078889617,0.089355,0.113281,1.047607
1078894617,0.086426,0.11499,1.036133
1078899617,0.089355,0.123535,1.052002
1078904617,0.089355,0.124023,1.032471
1078909617,0.090576,0.12085,1.037842
1078914617,0.09375,0.131104,1.042969
1078919617,0.087891,0.130371,1.024414
1078924617,0.092041,0.126221,1.04126
1078929617,0.09668,0.134277,1.052246
1078934617,0.099365,0.123291,1.040283
1078939617,0.08667,0.119385,1.026611
1078944617,0.098145,0.117676,1.043457
1078949617,0.101318,0.115723,1.042725
1078954617,0.086914,0.102783,1.025879
1078959617,0.103516,0.112549,1.055176
1078964617,0.086182,0.118164,1.0354
1078969617,0.092529,0.114258,1.038086
1078974617,0.098633,0.115967,1.041016
1078979617,0.092041,0.122314,1.036133
1078984617,0.098389,0.116455,1.037354
1078989617,0.092773,0.122803,1.04126
1078994617,0.092041,0.130127,1.041748
1078999617,0.093506,0.120361,1.034424
1079004617,0.089111,0.122559,1.037354
1079009617,0.093994,0.131348,1.04126
1079014617,0.091064,0.121826,1.037598
1079019617,0.091064,0.116699,1.034668
1079024617,0.093994,0.122803,1.047363
1079029617,0.08374,0.123291,1.043701
1079034617,0.089355,0.115479,1.033691
1079039617,0.0979,0.106689,1.051514
1079044617,0.095703,0.120117,1.04834
1079049617,0.085205,0.12207,1.043701
1079054617,0.091797,0.113037,1.04248
1079059617,0.096924,0.109863,1.035645
1079064617,0.095215,0.121338,1.050537
1079069617,0.093018,0.126221,1.041504
1079074617,0.094971,0.131104,1.050293
1079079617,0.093018,0.12915,1.037842
1079084617,0.092529,0.12085,1.030029
1079089617,0.099121,0.118652,1.036865
1079094617,0.094238,0.11499,1.036133
1079099617,0.096191,0.119141,1.040771
1079104617,0.093506,0.119629,1.037109
1079109617,0.088867,0.11499,1.043457
1079114617,0.087158,0.114014,1.035156
1079119617,0.092041,0.113525,1.044189
1079124617,0.092285,0.116699,1.044678
1079129617,0.091309,0.118408,1.050781
1079134617,0.090332,0.11377,1.047363
1079139617,0.093506,0.124512,1.049072
1079144617,0.090576,0.124268,1.029053
1079149617,0.08667,0.127197,1.036865
1079154617,0.0896,0.122314,1.03418
1079159617,0.091553,0.125977,1.043945
1079164617,0.091797,0.120117,1.04126
1079169617,0.092773,0.11792,1.034912
1079174617,0.093994,0.113037,1.037598
1079179617,0.098877,0.117432,1.04541
1079184617,0.094482,0.120117,1.050049
1079189617,0.085693,0.123047,1.035156
1079194617,0.089111,0.117188,1.040771
1079199617,0.095215,0.112793,1.041992
1079204617,0.100342,0.112793,1.056396
1079209617,0.089355,0.114014,1.023438
1079214617,0.094971,0.118652,1.057861
1079219617,0.094238,0.125488,1.031494
1079224617,0.095947,0.124512,1.058594
1079229617,0.091797,0.133545,1.031982
1079234617,0.091553,0.119629,1.053711
1079239617,0.091553,0.119385,1.040527
1079244617,0.096436,0.131348,1.056152
1079249617,0.083984,0.123291,1.039795
1079254617,0.085693,0.119141,1.04541
1079259617,0.079834,0.120117,1.036133
1079264617,0.09082,0.110352,1.043945
1079269617,0.089844,0.111816,1.036621
1079274617,0.090332,0.111572,1.032715
1079279617,0.091309,0.117432,1.039307
1079284617,0.091064,0.11792,1.03833
1079289617,0.093262,0.116455,1.039307
1079294617,0.085205,0.122314,1.034424
1079299617,0.089355,0.130615,1.041748
1079304617,0.088623,0.125977,1.046143
1079309617,0.090332,0.125732,1.043213
1079314617,0.098389,0.124023,1.044922
1079319617,0.095459,0.116943,1.035156
1079324617,0.093506,0.11377,1.030029
1079329617,0.091309,0.124023,1.044678
1079334617,0.091797,0.123535,1.046143
1079339617,0.094482,0.107178,1.029297
1079344617,0.090576,0.116455,1.048584
1079349617,0.090576,0.122314,1.047119
1079354617,0.08252,0.119629,1.031494
1079359617,0.093262,0.117432,1.034912
1079364617,0.096191,0.119873,1.050781
1079369617,0.089844,0.120605,1.042725
1079374617,0.093262,0.123535,1.045654
1079379617,0.090332,0.119385,1.033691
1079384617,0.098633,0.112061,1.040527
1079389617,0.094971,0.113525,1.053223
1079394617,0.092041,0.123047,1.036133
1079399617,0.094482,0.119141,1.033936
1079404617,0.092041,0.121826,1.044434
1079409617,0.088379,0.120605,1.040771
1079414617,0.095459,0.114746,1.033691
1079419617,0.095947,0.114502,1.039551
1079424617,0.097168,0.117188,1.037109
1079429617,0.087891,0.129395,1.032959
1079434617,0.084229,0.127197,1.03125
1079439617,0.093994,0.118408,1.04541
1079444617,0.089355,0.119385,1.038818
1079449617,0.09082,0.116455,1.04248
1079454617,0.095947,0.11084,1.039551
1079459617,0.094238,0.115723,1.039063
1079464617,0.096924,0.121582,1.041016
1079469617,0.092773,0.120361,1.039795
1079474617,0.090332,0.120605,1.042725
1079479617,0.089844,0.11792,1.03418
1079484617,0.088135,0.119873,1.037842
1079489617,0.092529,0.125488,1.03833
1079494617,0.089844,0.117676,1.036865
1079499617,0.091797,0.119141,1.040527
1079504617,0.095947,0.122314,1.043213
1079509617,0.095459,0.119141,1.029541
1079514617,0.091553,0.122559,1.025635
1079519617,0.098389,0.120361,1.039307
1079524617,0.097656,0.115479,1.049805
1079529617,0.097656,0.115723,1.040283
1079534617,0.086914,0.115967,1.029053
1079539617,0.097412,0.120117,1.037354
1079544617,0.094482,0.125977,1.057617
1079549617,0.088623,0.122803,1.039063
1079554617,0.092041,0.110107,1.032471
1079559617,0.091064,0.120361,1.042725
1079564617,0.089355,0.124268,1.048584
1079569617,0.098389,0.114746,1.0354
1079574617,0.09375,0.119141,1.038574
1079579617,0.084961,0.122803,1.047607
1079584617,0.090332,0.118164,1.034912
1079589617,0.094971,0.117676,1.04126
1079594617,0.096924,0.125,1.046875
1079599617,0.090088,0.124512,1.033936
1079604617,0.0896,0.118164,1.041504
1079609617,0.092529,0.120361,1.040771
1079614617,0.094727,0.121582,1.039307
1079619617,0.094971,0.11792,1.036621
1079624617,0.094727,0.114746,1.040283
1079629617,0.092041,0.116211,1.031738
1079634617,0.100098,0.120117,1.038574
1079639617,0.093506,0.11792,1.05127
1079644617,0.090088,0.115967,1.035889
1079649617,0.087158,0.11792,1.034668
1079654617,0.092041,0.117188,1.05127
1079659617,0.093018,0.115967,1.041992
1079664617,0.09668,0.121582,1.0354
1079669617,0.094482,0.119873,1.044678
1079674617,0.09375,0.122314,1.044434
1079679617,0.087646,0.122559,1.044434
1079684617,0.088867,0.132324,1.048584
1079689617,0.091064,0.125977,1.048096
1079694617,0.094238,0.119385,1.0354
1079699617,0.094971,0.117188,1.031982
1079704617,0.097168,0.118896,1.056396
1079709617,0.086426,0.121826,1.029785
1079714617,0.094971,0.119141,1.043701
1079719617,0.082031,0.118896,1.03418
1079724617,0.092041,0.116699,1.040283
1079729617,0.092041,0.114746,1.042236
1079734617,0.089355,0.108154,1.037354
1079739617,0.093994,0.111816,1.039307
1079744617,0.096924,0.116455,1.044189
1079749617,0.093506,0.118896,1.039307
1079754617,0.095459,0.124268,1.035889
1079759617,0.093994,0.121826,1.043701
1079764617,0.089355,0.117188,1.040039
1079769617,0.095703,0.118164,1.037598
1079774617,0.086914,0.119141,1.025879
1079779617,0.094482,0.116211,1.038818
1079784617,0.101563,0.119141,1.033447
1079789617,0.097412,0.125488,1.041504
1079794617,0.103027,0.122803,1.042236
1079799617,0.091309,0.126953,1.041016
1079804617,0.0896,0.124023,1.039307
1079809617,0.09082,0.12085,1.05127
1079814617,0.095703,0.121826,1.047607
1079819617,0.091064,0.115234,1.038818
1079824617,0.092041,0.108643,1.039795
1079829617,0.091309,0.116699,1.033691
1079834617,0.091309,0.116455,1.037842
1079839617,0.093506,0.123779,1.041016
1079844617,0.087158,0.125977,1.036377
1079849617,0.084961,0.126465,1.030762
1079854617,0.095215,0.119385,1.032715
1079859617,0.093262,0.116699,1.036377
1079864617,0.092285,0.11792,1.040039
1079869617,0.089844,0.119141,1.036865
1079874617,0.091553,0.116943,1.035645
1079879617,0.093506,0.116699,1.037842
1079884617,0.093018,0.119873,1.040527
1079889617,0.092041,0.117432,1.041016
1079894617,0.094238,0.117432,1.035889
1079899617,0.091553,0.116699,1.036865
1079904617,0.095459,0.118652,1.040039
1079909617,0.094482,0.116943,1.030762
1079914617,0.09375,0.12207,1.045654
1079919617,0.091797,0.120361,1.039795
1079924617,0.087158,0.124512,1.033936
1079929617,0.091553,0.122803,1.040283
1079934617,0.089844,0.115723,1.042236
1079939617,0.093506,0.120117,1.036377
1079944617,0.09375,0.116211,1.038086
1079949617,0.094482,0.118408,1.036377
1079954617,0.098389,0.118408,1.042725
1079959617,0.091797,0.118164,1.040771
1079964617,0.09082,0.117188,1.040039
1079969617,0.092285,0.12207,1.040771
1079974617,0.090576,0.123047,1.043457
1079979617,0.09375,0.125977,1.047852
1079984617,0.099365,0.123291,1.046387
1079989617,0.093994,0.121094,1.040771
1079994617,0.091553,0.11792,1.043701
1079999617,0.093018,0.119629,1.040771
1080004617,0.096191,0.122314,1.044922
1080009617,0.096191,0.122803,1.049072
1080014617,0.095947,0.12085,1.044922
1080019617,0.098877,0.118408,1.044678
1080024617,0.094727,0.121582,1.045654
1080029617,0.092041,0.120605,1.046143
1080034617,0.090576,0.125732,1.041992
1080039617,0.092041,0.120361,1.038086
1080044617,0.096924,0.118652,1.036133
1080049617,0.10083,0.112793,1.041016
1080054617,0.102783,0.115234,1.041504
1080059617,0.094727,0.123779,1.050537
1080064617,0.084229,0.126221,1.041992
1080069617,0.080811,0.124268,1.04126
1080074617,0.085693,0.116211,1.044678
1080079617,0.09375,0.112305,1.027832
1080084617,0.104736,0.115723,1.049072
1080089617,0.091553,0.120605,1.037109
1080094617,0.090576,0.119629,1.035889
1080099617,0.087158,0.125,1.039307
1080104617,0.090088,0.118408,1.044678
1080109617,0.087891,0.116943,1.03125
1080114617,0.097412,0.120605,1.050537
1080119617,0.093262,0.120605,1.039551
1080124617,0.099365,0.120605,1.061768
1080129617,0.084961,0.115723,1.025391
1080134617,0.096436,0.118408,1.037109
1080139617,0.093506,0.114746,1.030029
1080144617,0.100586,0.114014,1.047607
1080149617,0.092285,0.121338,1.02124
1080154617,0.084229,0.115479,1.018066
1080159617,0.097168,0.112061,1.063477
1080164617,0.09668,0.120117,1.03833
1080169617,0.093262,0.120361,1.031982
1080174617,0.091309,0.124512,1.030762
1080179617,0.084717,0.125,1.040771
1080184617,0.084717,0.123535,1.034668
1080189617,0.094727,0.112549,1.040283
1080194617,0.093018,0.125488,1.040527
1080199617,0.08252,0.12085,1.037354
1080204617,0.093018,0.11377,1.043945
1080209617,0.094727,0.109619,1.046143
1080214617,0.08252,0.129395,1.034668
1080219617,0.086426,0.124512,1.039551
1080224617,0.08667,0.119385,1.022705
1080229617,0.098877,0.106934,1.032227
1080234617,0.099121,0.116455,1.031982
1080239617,0.103027,0.114502,1.045898
1080244617,0.088379,0.123047,1.038818
1080249617,0.092773,0.119873,1.032471
1080254617,0.103271,0.111084,1.040039
1080259617,0.0979,0.116455,1.038818
1080264617,0.084473,0.121826,1.040527
1080269617,0.083984,0.120117,1.037842
1080274617,0.089355,0.118652,1.040771
1080279617,0.088623,0.118652,1.039551
1080284617,0.093262,0.121582,1.043945
1080289617,0.091797,0.119629,1.03418
1080294617,0.094971,0.118896,1.049072
1080299617,0.093994,0.120605,1.055176
1080304617,0.08667,0.125244,1.043213
1080309617,0.089355,0.126221,1.039551
1080314617,0.100342,0.121582,1.040039
1080319617,0.095459,0.115967,1.039551
1080324617,0.090576,0.118164,1.023926
1080329617,0.084961,0.118652,1.030029
1080334617,0.099121,0.123047,1.051758
1080339617,0.098877,0.128662,1.043701
1080344617,0.093506,0.108643,1.019775
1080349617,0.086426,0.117676,1.035889
1080354617,0.100098,0.122803,1.047119
1080359617,0.098877,0.115234,1.036133
1080364617,0.091309,0.126953,1.054443
1080369617,0.094727,0.125244,1.038818
1080374617,0.098877,0.115234,1.036865
1080379617,0.095459,0.122559,1.049805
1080384617,0.088135,0.12793,1.049072
1080389617,0.093506,0.121338,1.03418
1080394617,0.091064,0.120605,1.042725
1080399617,0.08667,0.12085,1.050293
1080404617,0.085937,0.122803,1.033691
1080409617,0.090088,0.116943,1.030762
1080414617,0.091309,0.115234,1.03418
1080419617,0.093262,0.115723,1.044434
1080424617,0.098145,0.117676,1.049316
1080429617,0.10083,0.116699,1.041504
1080434617,0.094971,0.115967,1.031006
1080439617,0.0979,0.11792,1.033936
1080444617,0.093262,0.118896,1.048828
1080449617,0.092529,0.118164,1.043457
1080454617,0.094238,0.118164,1.039063
1080459617,0.084229,0.118652,1.031982
1080464617,0.0896,0.118164,1.029785
1080469617,0.094238,0.113281,1.036377
1080474617,0.098633,0.118164,1.04834
1080479617,0.093506,0.125,1.043701
1080484617,0.085937,0.131348,1.042236
1080489617,0.088379,0.117676,1.033691
1080494617,0.089844,0.125488,1.057129
1080499617,0.083252,0.123535,1.032471
1080504617,0.10083,0.11377,1.043945
1080509617,0.099854,0.111816,1.037109
1080514617,0.099854,0.116455,1.050293
1080519617,0.091797,0.123779,1.036865
1080524617,0.092041,0.119385,1.037354
1080529617,0.095459,0.117432,1.040039
1080534617,0.094727,0.115234,1.041504
1080539617,0.102295,0.116699,1.034912
1080544617,0.097412,0.119629,1.04541
1080549617,0.09375,0.120361,1.041504
1080554617,0.086914,0.120605,1.041992
1080559617,0.092041,0.114014,1.047852
1080564617,0.090576,0.114746,1.042725
1080569617,0.088623,0.115234,1.036621
1080574617,0.089111,0.115479,1.038086
1080579617,0.091797,0.116943,1.056641
1080584617,0.085937,0.124268,1.048096
1080589617,0.083008,0.127441,1.048828
1080594617,0.089355,0.123779,1.034668
1080599617,0.092285,0.117188,1.036865
1080604617,0.096436,0.120117,1.040283
1080609617,0.101563,0.118164,1.037354
1080614617,0.093018,0.123779,1.035645
1080619617,0.094971,0.127686,1.042236
1080624617,0.092285,0.127197,1.039307
1080629617,0.091309,0.125,1.046387
1080634617,0.090576,0.116699,1.03833
1080639617,0.095215,0.115234,1.040039
1080644617,0.093262,0.112549,1.038086
1080649617,0.093018,0.110352,1.034912
1080654617,0.092041,0.113525,1.025879
1080659617,0.085937,0.111572,1.032471
1080664617,0.088379,0.116211,1.034424
1080669617,0.095459,0.119873,1.038818
1080674617,0.094238,0.122803,1.038818
1080679617,0.079834,0.122559,1.029053
1080684617,0.086426,0.125977,1.033691
1080689617,0.090088,0.119385,1.027832
1080694617,0.094727,0.126953,1.045654
1080699617,0.090332,0.127197,1.044678
1080704617,0.085693,0.131348,1.037109
1080709617,0.088867,0.124512,1.037598
1080714617,0.091064,0.115967,1.047607
1080719617,0.093506,0.117676,1.044434
1080724617,0.093018,0.113525,1.040283
1080729617,0.100342,0.12207,1.046631
1080734617,0.094482,0.115234,1.05127
1080739617,0.097656,0.117188,1.052734
1080744617,0.092529,0.115723,1.046631
1080749617,0.097412,0.111328,1.028564
1080754617,0.098389,0.108154,1.03125
1080759617,0.10083,0.115723,1.03833
1080764617,0.093506,0.115723,1.040527
1080769617,0.09375,0.119873,1.038818
1080774617,0.087402,0.120117,1.039551
1080779617,0.086914,0.123535,1.039307
1080784617,0.100098,0.115479,1.051758
1080789617,0.105225,0.116943,1.049805
1080794617,0.099609,0.120361,1.058105
1080799617,0.093262,0.130615,1.054932
1080804617,0.081787,0.12207,1.043701
1080809617,0.086426,0.117432,1.044922
1080814617,0.09668,0.109375,1.044922
1080819617,0.099365,0.11377,1.053711
1080824617,0.090576,0.118164,1.038818
1080829617,0.088867,0.123047,1.031738
1080834617,0.083984,0.131836,1.039307
1080839617,0.086426,0.129883,1.043213
1080844617,0.089111,0.125,1.029541
1080849617,0.086914,0.115234,1.026367
1080854617,0.090576,0.108887,1.0271
1080859617,0.088867,0.110352,1.0271
1080864617,0.092041,0.11792,1.039795
1080869617,0.095947,0.122803,1.051025
1080874617,0.098877,0.124268,1.061768
1080879617,0.100342,0.12085,1.051758
1080884617,0.095459,0.108398,1.023926
1080889617,0.090088,0.106934,1.022949
1080894617,0.092041,0.114258,1.031738
1080899617,0.089844,0.128418,1.053711
1080904617,0.095703,0.131104,1.063965
1080909617,0.091309,0.122803,1.044678
1080914617,0.092285,0.110352,1.025635
1080919617,0.089844,0.112549,1.026367
1080924617,0.09375,0.122559,1.040527
1080929617,0.098389,0.125977,1.044678
1080934617,0.092041,0.131592,1.050781
1080939617,0.093506,0.128906,1.04126
1080944617,0.084229,0.123535,1.042725
1080949617,0.093018,0.120117,1.040039
1080954617,0.101074,0.110596,1.041748
1080959617,0.097656,0.114258,1.036621
1080964617,0.09668,0.114502,1.044678
1080969617,0.090332,0.117676,1.033203
1080974617,0.089844,0.114746,1.02832
1080979617,0.094971,0.111816,1.044189
1080984617,0.094971,0.11499,1.03833
1080989617,0.095215,0.116943,1.045898
1080994617,0.099121,0.120361,1.037598
1080999617,0.094482,0.123047,1.04126
1081004617,0.089844,0.118652,1.039551
1081009617,0.094971,0.124023,1.030762
1081014617,0.092529,0.118896,1.048584
1081019617,0.098145,0.11499,1.038818
1081024617,0.10083,0.116943,1.049805
1081029617,0.090576,0.119629,1.043945
1081034617,0.086426,0.119873,1.031738
1081039617,0.068359,0.12085,1.046387
1081044617,0.086914,0.116699,1.036865
1081049617,0.091797,0.102539,1.030029
1081054617,0.101807,0.116455,1.051025
1081059617,0.101074,0.115723,1.043701
1081064617,0.102295,0.114502,1.05249
1081069617,0.093506,0.127441,1.042725
1081074617,0.093994,0.121094,1.038574
1081079617,0.090576,0.125244,1.041016
1081084617,0.101318,0.12085,1.04126
1081089617,0.098633,0.122559,1.03418
1081094617,0.08374,0.114014,1.030273
1081099617,0.091064,0.118652,1.032715
1081104617,0.085693,0.118896,1.037842
1081109617,0.085205,0.125244,1.049561
1081114617,0.087646,0.117432,1.043213
1081119617,0.095459,0.117432,1.05542
1081124617,0.097656,0.118408,1.046631
1081129617,0.089111,0.120605,1.052246
1081134617,0.094727,0.122559,1.039063
1081139617,0.093994,0.120117,1.035645
1081144617,0.093262,0.125732,1.037842
1081149617,0.093994,0.126709,1.039551
1081154617,0.094238,0.121338,1.041992
1081159617,0.098389,0.118896,1.037598
1081164617,0.09668,0.114746,1.047119
1081169617,0.093018,0.11499,1.032959
1081174617,0.089355,0.120117,1.03418
1081179617,0.091309,0.11499,1.036377
1081184617,0.090088,0.119141,1.037109
1081189617,0.0896,0.113281,1.029053
1081194617,0.102295,0.110107,1.04248
1081199617,0.102051,0.119141,1.051758
1081204617,0.085937,0.121338,1.032715
1081209617,0.094482,0.124756,1.049561
1081214617,0.095215,0.124756,1.043945
1081219617,0.092529,0.125,1.040283
1081224617,0.093018,0.125977,1.049072
1081229617,0.09082,0.125488,1.043213
1081234617,0.091064,0.123291,1.03833
1081239617,0.092041,0.117432,1.037598
1081244617,0.090332,0.122559,1.035889
1081249617,0.089355,0.114258,1.043945
1081254617,0.091553,0.114746,1.034912
1081259617,0.096191,0.114258,1.040527
1081264617,0.091797,0.118164,1.035156
1081269617,0.090332,0.117432,1.041992
1081274617,0.088379,0.11792,1.040283
1081279617,0.097656,0.114502,1.052734
1081284617,0.094971,0.117676,1.037598
1081289617,0.098633,0.119385,1.041992
1081294617,0.088623,0.119141,1.040283
1081299617,0.091064,0.118164,1.043213
1081304617,0.092041,0.130371,1.043457
1081309617,0.087891,0.127686,1.033691
1081314617,0.092529,0.120117,1.033691
1081319617,0.093018,0.118896,1.043945
1081324617,0.101074,0.121094,1.054199
1081329617,0.089844,0.123291,1.04126
1081334617,0.08667,0.122314,1.031006
1081339617,0.100586,0.112305,1.043701
1081344617,0.092773,0.115967,1.041504
1081349617,0.090332,0.118652,1.032471
1081354617,0.094727,0.112793,1.043457
1081359617,0.099121,0.121826,1.047852
1081364617,0.090332,0.120117,1.025879
1081369617,0.097656,0.125732,1.043457
1081374617,0.089111,0.124512,1.037354
1081379617,0.095215,0.115234,1.032715
1081384617,0.100342,0.118652,1.054688
1081389617,0.097412,0.121582,1.040771
1081394617,0.0979,0.125732,1.054199
1081399617,0.084717,0.124512,1.044678
1081404617,0.087158,0.122803,1.034668
1081409617,0.093994,0.119873,1.05127
1081414617,0.095459,0.111084,1.039551
1081419617,0.093262,0.115723,1.044434
1081424617,0.093018,0.122314,1.04541
1081429617,0.088867,0.116699,1.039307
1081434617,0.092773,0.119629,1.036621
1081439617,0.088135,0.12085,1.030029
1081444617,0.091309,0.11792,1.02832
1081449617,0.096191,0.120605,1.041748
1081454617,0.097412,0.116211,1.037598
1081459617,0.092041,0.123779,1.0354
1081464617,0.094727,0.126709,1.044434
1081469617,0.084717,0.121094,1.042969
1081474617,0.095459,0.123047,1.045654
1081479617,0.099609,0.116455,1.046631
1081484617,0.0979,0.118164,1.049316
1081489617,0.097412,0.115234,1.047119
1081494617,0.094727,0.120361,1.046143
1081499617,0.096924,0.117188,1.040039
1081504617,0.090332,0.11499,1.035645
1081509617,0.093506,0.117676,1.047852
1081514617,0.092529,0.118164,1.039551
1081519617,0.094971,0.116211,1.045898
1081524617,0.094482,0.121826,1.042969
1081529617,0.095459,0.119385,1.050781
1081534617,0.095703,0.122803,1.036621
1081539617,0.095947,0.123535,1.041016
1081544617,0.092285,0.124268,1.041992
1081549617,0.094971,0.121826,1.040039
1081554617,0.101318,0.124023,1.046631
1081559617,0.088867,0.119629,1.044189
1081564617,0.092773,0.12085,1.041748
1081569617,0.088135,0.116211,1.032715
1081574617,0.093018,0.116455,1.034668
1081579617,0.088867,0.11792,1.041748
1081584617,0.092773,0.117188,1.045654
1081589617,0.087402,0.122559,1.03833
1081594617,0.088623,0.119873,1.039307
1081599617,0.088135,0.122803,1.041016
1081604617,0.094482,0.118652,1.043945
1081609617,0.092285,0.120605,1.050293
1081614617,0.101074,0.11792,1.040039
1081619617,0.09668,0.118164,1.044922
1081624617,0.093994,0.111816,1.043701
1081629617,0.096436,0.115967,1.049561
1081634617,0.093262,0.116699,1.036621
1081639617,0.086182,0.114746,1.035156
1081644617,0.093506,0.116943,1.043457
1081649617,0.092041,0.123047,1.039795
1081654617,0.087646,0.123047,1.038818
1081659617,0.087891,0.119873,1.036377
1081664617,0.089111,0.12207,1.042725
1081669617,0.088623,0.12085,1.044678
1081674617,0.096924,0.123535,1.043701
1081679617,0.094971,0.123535,1.038818
1081684617,0.096191,0.121094,1.038574
1081689617,0.093018,0.127197,1.038818
1081694617,0.09082,0.123047,1.044189
1081699617,0.088867,0.121582,1.040039
1081704617,0.087158,0.118652,1.036865
1081709617,0.088867,0.117676,1.033691
1081714617,0.09668,0.119873,1.043213
1081719617,0.092285,0.115234,1.041992
1081724617,0.096191,0.117188,1.041504
1081729617,0.095459,0.119629,1.045166
1081734617,0.095947,0.124756,1.04541
1081739617,0.093994,0.125244,1.032227
1081744617,0.094238,0.123047,1.045166
1081749617,0.0979,0.121338,1.050537
1081754617,0.094238,0.117432,1.047852
1081759617,0.092773,0.119385,1.03833
1081764617,0.09375,0.122559,1.04126
1081769617,0.091064,0.124512,1.04248
1081774617,0.090088,0.118164,1.042236
1081779617,0.0896,0.118652,1.037598
1081784617,0.091309,0.11499,1.0354
1081789617,0.095459,0.119141,1.036377
1081794617,0.095215,0.118408,1.050049
1081799617,0.088379,0.121094,1.035889
1081804617,0.092773,0.119385,1.049072
1081809617,0.094971,0.126465,1.041992
1081814617,0.094238,0.113525,1.031982
1081819617,0.098389,0.122314,1.050537
1081824617,0.098389,0.118896,1.045166
1081829617,0.090332,0.127686,1.046631
1081834617,0.085693,0.130371,1.036865
1081839617,0.089355,0.120117,1.041016
1081844617,0.091309,0.122803,1.053223
1081849617,0.085205,0.119629,1.041748
1081854617,0.091309,0.118896,1.034668
1081859617,0.10498,0.118652,1.049561
1081864617,0.095215,0.116943,1.045898
1081869617,0.094727,0.119873,1.042236
1081874617,0.09082,0.120605,1.039551
1081879617,0.092529,0.117676,1.041504
1081884617,0.097168,0.116943,1.044434
1081889617,0.099854,0.116699,1.040527
1081894617,0.09082,0.123779,1.049805
1081899617,0.089355,0.118896,1.041016
1081904617,0.086914,0.117432,1.041748
1081909617,0.094482,0.115967,1.03418
1081914617,0.091064,0.124756,1.045166
1081919617,0.087158,0.121338,1.033691
1081924617,0.094727,0.122803,1.04126
1081929617,0.089111,0.129883,1.035645
1081934617,0.085937,0.124756,1.038818
1081939617,0.098633,0.111328,1.043701
1081944617,0.098877,0.11084,1.040039
1081949617,0.093506,0.119873,1.041992
1081954617,0.087402,0.126221,1.038574
1081959617,0.087646,0.118164,1.035889
1081964617,0.098877,0.111572,1.041992
1081969617,0.102783,0.112793,1.04541
1081974617,0.095459,0.118896,1.033203
1081979617,0.094238,0.122803,1.04126
1081984617,0.093018,0.115967,1.033936
1081989617,0.091309,0.123779,1.040039
1081994617,0.097168,0.118164,1.039307
1081999617,0.092773,0.124512,1.044678
1082004617,0.088135,0.123779,1.043457
1082009617,0.091553,0.127686,1.037598
1082014617,0.091309,0.12207,1.040283
1082019617,0.091064,0.123291,1.039551
1082024617,0.094238,0.118164,1.045898
1082029617,0.088623,0.116455,1.041016
1082034617,0.095215,0.120117,1.040283
1082039617,0.091553,0.118408,1.037598
1082044617,0.087402,0.123047,1.038574
1082049617,0.096191,0.11792,1.042236
1082054617,0.095703,0.118164,1.040527
1082059617,0.095215,0.12207,1.039063
1082064617,0.093506,0.121582,1.0354
1082069617,0.09375,0.122559,1.04248
1082074617,0.092529,0.121826,1.041504
1082079617,0.092041,0.121582,1.045898
1082084617,0.089844,0.118896,1.04541
1082089617,0.092285,0.123047,1.044922
1082094617,0.087891,0.118896,1.040771
1082099617,0.091797,0.118408,1.044678
1082104617,0.092041,0.119385,1.043945
1082109617,0.092041,0.120117,1.037598
1082114617,0.095947,0.119873,1.043945
1082119617,0.093506,0.121582,1.029297
1082124617,0.099121,0.116455,1.041992
1082129617,0.10083,0.122559,1.042725
1082134617,0.093506,0.121826,1.031982
1082139617,0.091797,0.120605,1.048584
1082144617,0.095459,0.124512,1.036865
1082149617,0.094727,0.119629,1.041016
1082154617,0.090088,0.11792,1.043457
1082159617,0.087158,0.11377,1.043213
1082164617,0.088867,0.111816,1.044434
1082169617,0.092041,0.111084,1.041504
1082174617,0.089844,0.115479,1.042236
1082179617,0.085937,0.123779,1.048828
1082184617,0.091797,0.124756,1.043701
1082189617,0.094238,0.123291,1.03833
1082194617,0.093994,0.118896,1.041992
1082199617,0.094971,0.124756,1.042236
1082204617,0.094971,0.124756,1.044434
1082209617,0.090576,0.124756,1.047607
1082214617,0.093018,0.121826,1.046387
1082219617,0.093018,0.117676,1.036865
1082224617,0.094482,0.114746,1.038818
1082229617,0.094971,0.114502,1.039795
1082234617,0.09082,0.117432,1.042236
1082239617,0.092285,0.117188,1.038574
1082244617,0.095947,0.117432,1.040283
1082249617,0.098633,0.115479,1.041016
1082254617,0.093262,0.113525,1.037598
1082259617,0.097656,0.120117,1.042236
1082264617,0.099121,0.120605,1.038818
1082269617,0.094238,0.121338,1.035645
1082274617,0.092529,0.121094,1.042236
1082279617,0.094238,0.118408,1.042969
1082284617,0.094971,0.121826,1.04126
1082289617,0.089844,0.12085,1.043701
1082294617,0.093018,0.121094,1.039551
1082299617,0.087646,0.116211,1.039795
1082304617,0.093506,0.116699,1.043213
1082309617,0.094727,0.116943,1.048584
1082314617,0.09668,0.118896,1.044434
1082319617,0.094238,0.120361,1.047852
1082324617,0.094482,0.117188,1.043457
1082329617,0.098633,0.115479,1.051514
1082334617,0.093262,0.120117,1.048096
1082339617,0.088135,0.124268,1.048096
1082344617,0.087402,0.118652,1.042236
1082349617,0.087158,0.124023,1.038574
1082354617,0.091553,0.118652,1.040283
1082359617,0.097656,0.11792,1.041504
1082364617,0.096924,0.123291,1.039795
1082369617,0.088623,0.122803,1.037109
1082374617,0.092773,0.123779,1.048584
1082379617,0.091797,0.124268,1.034912
1082384617,0.092529,0.119629,1.040771
