timestamp_us,x_g,y_g,z_g
32369617,0.07959,0.119629,1.033203
52374617,0.094971,0.111084,1.039063
52379617,0.099365,0.114746,1.041992
52384617,0.097656,0.121826,1.053711
52389617,0.080811,0.118164,1.039307
52394617,0.087891,0.115723,1.037598
52399617,0.090088,0.11499,1.041016
52404617,0.093994,0.117188,1.037842
52409617,0.090332,0.111816,1.037109
52414617,0.08667,0.11499,1.041748
52419617,0.090576,0.116943,1.050049
52424617,0.086426,0.115479,1.041016
52429617,0.086182,0.121094,1.039795
52434617,0.078125,0.118408,1.037598
52439617,0.087646,0.118408,1.040039
52444617,0.087891,0.119629,1.043701
52449617,0.091309,0.115967,1.045166
52454617,0.088867,0.121338,1.043701
52459617,0.084473,0.119141,1.043945
52464617,0.083984,0.117432,1.044434
52469617,0.093018,0.116943,1.04248
52474617,0.093262,0.118652,1.040039
52479617,0.094482,0.117188,1.038086
52484617,0.089355,0.11377,1.035889
52489617,0.0896,0.115234,1.040527
52494617,0.088867,0.115234,1.042969
52499617,0.091553,0.115967,1.042236
52504617,0.093262,0.11499,1.044922
52509617,0.091309,0.117676,1.03833
52514617,0.0896,0.117432,1.046631
52519617,0.091309,0.123779,1.04248
52524617,0.083008,0.121094,1.036865
52529617,0.090088,0.120117,1.05127
52534617,0.085937,0.119385,1.039551
52539617,0.089844,0.111816,1.033936
52544617,0.089355,0.119629,1.048828
52549617,0.085449,0.113281,1.035156
52554617,0.075928,0.108887,1.017334
52559617,0.052002,0.121582,1.032471
52564617,0.077393,0.111328,1.029785
52569617,0.090088,0.096924,1.02124
52574617,0.098145,0.106201,1.0354
52579617,0.092529,0.125488,1.054688
52584617,0.085693,0.115723,1.032227
52589617,0.093506,0.117676,1.03833
52594617,0.087158,0.125977,1.062012
52599617,0.084717,0.124512,1.040771
52604617,0.088623,0.113281,1.031982
52609617,0.090088,0.121094,1.039551
52614617,0.084473,0.124756,1.043457
52619617,0.09082,0.111816,1.038574
52624617,0.092773,0.116211,1.041992
52629617,0.084961,0.119629,1.044922
52634617,0.088623,0.112549,1.033203
52639617,0.09082,0.111084,1.040039
52644617,0.0896,0.114502,1.041504
52649617,0.088867,0.115967,1.04834
52654617,0.091064,0.118652,1.042969
52659617,0.086914,0.119385,1.039551
52664617,0.083496,0.120117,1.039063
52669617,0.087402,0.118408,1.037842
52674617,0.090088,0.104248,1.037109
52679617,0.077393,0.122559,1.057617
52684617,0.082031,0.133545,1.048828
52689617,0.067383,0.105957,1.018799
52694617,0.083984,0.107422,1.016357
52699617,0.091064,0.118652,1.052734
52704617,0.093994,0.117188,1.04541
52709617,0.093506,0.111328,1.024414
52714617,0.084229,0.119873,1.048584
52719617,0.088867,0.123047,1.051025
52724617,0.074951,0.111084,1.030273
52729617,0.084717,0.110596,1.017578
52734617,0.096191,0.120361,1.049561
52739617,0.090088,0.116943,1.045654
52744617,0.086914,0.114502,1.037109
55389617,0.091553,0.116699,1.041992
55394617,0.091553,0.116455,1.051514
55399617,0.088867,0.116455,1.037842
55404617,0.089844,0.116699,1.040771
55409617,0.089355,0.119141,1.046143
55414617,0.097168,0.122559,1.043701
55419617,0.087646,0.114746,1.033203
55424617,0.08667,0.117188,1.040771
55429617,0.089111,0.118164,1.04248
55434617,0.086426,0.118164,1.047607
55439617,0.085937,0.119629,1.03418
55444617,0.087402,0.110107,1.036865
55449617,0.091309,0.11499,1.053955
55454617,0.092773,0.115234,1.042969
55459617,0.088135,0.121582,1.049072
55464617,0.081055,0.114014,1.031006
55469617,0.088867,0.113281,1.038574
55474617,0.092773,0.116943,1.052734
55479617,0.088867,0.115234,1.035645
55484617,0.087158,0.12085,1.044189
55489617,0.086426,0.120117,1.044922
55494617,0.087646,0.118896,1.032715
55499617,0.088867,0.114746,1.043457
55504617,0.092529,0.118408,1.042725
55509617,0.091309,0.118896,1.046387
55514617,0.08252,0.122314,1.041016
55519617,0.081787,0.116699,1.033447
55524617,0.091064,0.108643,1.037598
55529617,0.096436,0.115723,1.048828
55534617,0.091309,0.118408,1.043457
55539617,0.083984,0.116211,1.041504
55544617,0.086182,0.110596,1.040283
55549617,0.09375,0.110107,1.041748
55554617,0.093262,0.113281,1.04248
55559617,0.085937,0.117676,1.036133
55564617,0.085449,0.115479,1.041992
55569617,0.091309,0.11499,1.040527
55574617,0.0896,0.119141,1.035889
55579617,0.091064,0.119141,1.042969
55584617,0.087402,0.116455,1.039795
55589617,0.088379,0.119141,1.04541
55594617,0.083984,0.122803,1.045898
55599617,0.088867,0.116211,1.042725
55604617,0.088623,0.117188,1.040771
55609617,0.088135,0.116211,1.044678
55614617,0.0896,0.113281,1.045654
55619617,0.088135,0.114014,1.038818
55624617,0.081543,0.117676,1.03125
55629617,0.089355,0.110596,1.035889
55634617,0.089844,0.114014,1.035889
55639617,0.093994,0.116699,1.044922
55644617,0.0896,0.120605,1.043701
55649617,0.086182,0.123047,1.035645
55654617,0.084961,0.115967,1.037354
55659617,0.085449,0.116211,1.043945
55664617,0.087402,0.122314,1.037109
55669617,0.085449,0.120605,1.036865
55674617,0.086914,0.123047,1.039551
55679617,0.085205,0.114502,1.038818
55684617,0.087891,0.120117,1.034912
55689617,0.094971,0.117188,1.04248
55694617,0.093018,0.112305,1.036621
55699617,0.090332,0.115479,1.033447
55704617,0.090332,0.118408,1.035889
55709617,0.088135,0.11377,1.043213
55714617,0.093018,0.117188,1.047607
55719617,0.0896,0.117188,1.041992
55724617,0.089355,0.114502,1.043457
55729617,0.083984,0.116455,1.036865
55734617,0.088379,0.117188,1.039795
55739617,0.09082,0.119141,1.046631
55744617,0.086182,0.114014,1.039063
55749617,0.093506,0.120117,1.040527
55754617,0.085693,0.116943,1.046875
55759617,0.086914,0.117188,1.038086
55764617,0.088623,0.118652,1.042969
55769617,0.087402,0.113525,1.040771
55774617,0.088867,0.115967,1.047119
55779617,0.090088,0.117676,1.043945
55784617,0.089355,0.117188,1.034668
55789617,0.090576,0.117432,1.040039
55794617,0.088867,0.123291,1.041748
55799617,0.087402,0.115723,1.037109
55804617,0.089355,0.118164,1.043701
55809617,0.08374,0.119629,1.0354
55814617,0.088623,0.11499,1.045654
55819617,0.084961,0.117188,1.040771
55824617,0.085449,0.116943,1.040039
55829617,0.089111,0.117676,1.035156
55834617,0.089844,0.117676,1.044922
55839617,0.092285,0.118896,1.039063
55844617,0.090088,0.115234,1.035645
55849617,0.089355,0.118896,1.036133
55854617,0.089355,0.119141,1.034424
55859617,0.088867,0.116699,1.04541
55864617,0.089844,0.116699,1.046387
55869617,0.089355,0.115723,1.047607
55874617,0.088623,0.115234,1.037842
55879617,0.089111,0.114258,1.04126
55884617,0.090576,0.115234,1.042236
55889617,0.09082,0.115723,1.038086
55894617,0.089355,0.115479,1.041504
55899617,0.090088,0.117676,1.033691
55904617,0.088135,0.116211,1.041504
55909617,0.087891,0.118408,1.042236
55914617,0.085693,0.116211,1.038818
55919617,0.085205,0.119629,1.045654
55924617,0.087891,0.126709,1.050293
55929617,0.088623,0.121338,1.037842
55934617,0.088379,0.118408,1.041504
55939617,0.092041,0.118408,1.03833
55944617,0.087158,0.115723,1.037598
55949617,0.088623,0.115234,1.040283
55954617,0.090576,0.115479,1.041748
55959617,0.084961,0.114746,1.035156
55964617,0.087158,0.116211,1.034912
55969617,0.088623,0.114014,1.045166
55974617,0.093262,0.117676,1.04248
55979617,0.085693,0.120605,1.032959
55984617,0.093262,0.121582,1.034668
55989617,0.090332,0.118408,1.034424
55994617,0.086426,0.118896,1.036865
55999617,0.08667,0.119385,1.045654
56004617,0.092041,0.11499,1.04248
56009617,0.091553,0.117188,1.039795
56014617,0.088135,0.115723,1.033203
56019617,0.092773,0.115723,1.037598
56024617,0.090332,0.111816,1.041016
56029617,0.088867,0.112549,1.041504
56034617,0.093506,0.112305,1.038818
56039617,0.0896,0.11499,1.038086
56044617,0.086426,0.113525,1.035645
56049617,0.088623,0.118164,1.044678
56054617,0.0896,0.119629,1.047119
56059617,0.085693,0.121338,1.052734
56064617,0.087158,0.118652,1.046143
56069617,0.087891,0.119629,1.046143
56074617,0.089111,0.115479,1.04541
56079617,0.087402,0.12085,1.046143
56084617,0.087646,0.119385,1.046387
56089617,0.092773,0.117432,1.039551
56094617,0.087891,0.113037,1.042236
56099617,0.087402,0.117188,1.044434
56104617,0.088135,0.114746,1.033936
56109617,0.092041,0.111816,1.040039
56114617,0.091309,0.115723,1.037109
56119617,0.082764,0.119873,1.037842
56124617,0.082275,0.116699,1.037842
56129617,0.091309,0.119629,1.03418
56134617,0.084473,0.119385,1.041748
56139617,0.088379,0.118408,1.051758
56144617,0.085937,0.121094,1.042236
56149617,0.083496,0.124512,1.040527
56154617,0.08374,0.116455,1.041016
56159617,0.088135,0.12207,1.038086
56164617,0.084717,0.112549,1.03833
56169617,0.084961,0.117432,1.045654
56174617,0.085205,0.115967,1.037109
56179617,0.088623,0.113037,1.0354
56184617,0.095215,0.112793,1.042969
56189617,0.090576,0.117676,1.043945
56194617,0.087891,0.118652,1.046631
56199617,0.089111,0.117676,1.037109
56204617,0.093262,0.11792,1.040283
56209617,0.094238,0.116699,1.041504
56214617,0.08374,0.119629,1.043701
56219617,0.087402,0.115723,1.039307
56224617,0.088379,0.116211,1.035156
56229617,0.088135,0.119873,1.04248
56234617,0.088867,0.115234,1.035889
56239617,0.088623,0.115723,1.043945
56244617,0.086914,0.117188,1.044678
56249617,0.092773,0.114502,1.043213
56254617,0.090088,0.116943,1.039551
56259617,0.090576,0.117432,1.040039
56264617,0.085693,0.116455,1.043457
56269617,0.087646,0.113525,1.037842
56274617,0.090332,0.116455,1.041992
56279617,0.094482,0.116455,1.047607
56284617,0.083252,0.115723,1.036865
56289617,0.086182,0.11499,1.044678
56294617,0.088135,0.113037,1.042236
56299617,0.091797,0.118896,1.041016
56304617,0.090332,0.119141,1.04126
56309617,0.090332,0.116699,1.03833
56314617,0.091553,0.120361,1.041504
56319617,0.085449,0.116211,1.039795
56324617,0.088379,0.117432,1.048096
56329617,0.087158,0.115234,1.04126
56334617,0.085205,0.114746,1.041748
56339617,0.087646,0.116211,1.037842
56344617,0.088135,0.114746,1.040039
56349617,0.087891,0.114746,1.044678
56354617,0.088379,0.116699,1.036865
56359617,0.08374,0.113525,1.042725
56364617,0.091553,0.116211,1.047119
56369617,0.087158,0.115479,1.044189
56374617,0.086182,0.115234,1.039551
56379617,0.085205,0.115723,1.037842
56384617,0.086426,0.119385,1.040283
56389617,0.086426,0.115234,1.04126
56394617,0.089111,0.115723,1.0354
56399617,0.095215,0.117188,1.044922
56404617,0.089844,0.120361,1.039795
56409617,0.085205,0.118408,1.035645
56414617,0.090088,0.122559,1.04126
56419617,0.088623,0.117432,1.042236
56424617,0.088135,0.120117,1.044678
56429617,0.088135,0.11792,1.044434
56434617,0.087646,0.119385,1.042725
56439617,0.08374,0.11792,1.043457
56444617,0.09375,0.115479,1.046143
56449617,0.089844,0.116455,1.037354
56454617,0.089111,0.113037,1.043457
56459617,0.088379,0.120605,1.043213
56464617,0.092285,0.11377,1.041748
56469617,0.089111,0.115967,1.034912
56474617,0.088867,0.116211,1.043457
56479617,0.085449,0.118164,1.03418
56484617,0.089355,0.118408,1.043457
56489617,0.089111,0.116699,1.044189
56494617,0.090576,0.115234,1.039307
56499617,0.091309,0.11499,1.043213
56504617,0.091064,0.115479,1.038574
56509617,0.087158,0.115967,1.037354
56514617,0.090088,0.11792,1.039795
56519617,0.087891,0.114258,1.039063
56524617,0.091064,0.117188,1.042969
56529617,0.087158,0.113281,1.044922
56534617,0.089111,0.118652,1.036621
56539617,0.089844,0.114746,1.045898
56544617,0.084473,0.11377,1.043457
56549617,0.089355,0.118164,1.046631
56554617,0.085693,0.114502,1.041504
56559617,0.088379,0.11377,1.044434
56564617,0.085937,0.116943,1.039551
56569617,0.084961,0.114014,1.042236
56574617,0.09082,0.115234,1.043701
56579617,0.091309,0.115234,1.044678
56584617,0.087158,0.122314,1.046875
56589617,0.093506,0.118164,1.036133
56594617,0.094482,0.11084,1.035156
56599617,0.089355,0.114746,1.044922
56604617,0.091797,0.118164,1.037598
56609617,0.089844,0.117432,1.035889
56614617,0.09082,0.115967,1.040283
56619617,0.084717,0.117676,1.038086
56624617,0.0896,0.118652,1.043701
56629617,0.083252,0.111328,1.036377
56634617,0.087158,0.113037,1.041504
56639617,0.088135,0.114746,1.043701
56644617,0.089844,0.116455,1.043701
56649617,0.086426,0.118652,1.046143
56654617,0.087402,0.121338,1.041992
56659617,0.082764,0.12085,1.045166
56664617,0.084717,0.126953,1.036377
56669617,0.088623,0.12085,1.04541
56674617,0.082764,0.122314,1.040771
56679617,0.083252,0.12085,1.039307
56684617,0.082031,0.122559,1.043457
56689617,0.096191,0.11377,1.040771
56694617,0.094482,0.112793,1.048584
56699617,0.089111,0.11377,1.052979
56704617,0.091553,0.101074,1.036621
56709617,0.094482,0.105225,1.035889
56714617,0.095215,0.111572,1.040771
56719617,0.090332,0.112061,1.041992
56724617,0.0896,0.116211,1.0354
56729617,0.0896,0.122314,1.033447
56734617,0.085693,0.123291,1.039551
56739617,0.084473,0.127441,1.035645
56744617,0.080078,0.131104,1.039307
56749617,0.079102,0.122803,1.042725
56754617,0.085693,0.116699,1.047852
56759617,0.082031,0.122803,1.044189
56764617,0.083252,0.118408,1.043945
56769617,0.086914,0.112549,1.04834
56774617,0.089355,0.112793,1.04126
56779617,0.097656,0.109375,1.042236
56784617,0.093506,0.110352,1.042969
56789617,0.090576,0.11499,1.037842
56794617,0.094482,0.115479,1.04126
56799617,0.095215,0.115234,1.039063
56804617,0.086914,0.123779,1.038818
56809617,0.084961,0.123047,1.034668
56814617,0.091309,0.120117,1.043701
56819617,0.083984,0.121338,1.037109
56824617,0.085205,0.120605,1.052734
56829617,0.081299,0.121338,1.033447
56834617,0.090576,0.118164,1.046631
56839617,0.094238,0.113037,1.041016
56844617,0.095947,0.109619,1.044434
56849617,0.088867,0.114746,1.037354
56854617,0.090088,0.109375,1.037109
56859617,0.089355,0.114746,1.038818
56864617,0.088135,0.112549,1.044189
56869617,0.090332,0.114746,1.035156
56874617,0.085693,0.118652,1.039795
56879617,0.083984,0.12085,1.041992
56884617,0.086426,0.118896,1.042969
56889617,0.082275,0.121094,1.041016
56894617,0.082031,0.120361,1.037842
56899617,0.087646,0.116211,1.050293
56904617,0.084473,0.122314,1.049561
56909617,0.094238,0.114746,1.039551
56914617,0.091553,0.109863,1.040527
56919617,0.086914,0.119385,1.038818
56924617,0.094727,0.113525,1.041504
56929617,0.094482,0.118652,1.040527
56934617,0.088867,0.115723,1.040283
56939617,0.084717,0.112549,1.035156
56944617,0.08374,0.116455,1.03418
56949617,0.088623,0.118896,1.033203
56954617,0.091553,0.116943,1.043457
56959617,0.091064,0.119141,1.046143
56964617,0.088135,0.116455,1.045898
56969617,0.090576,0.118652,1.044922
56974617,0.090088,0.115234,1.036133
56979617,0.090576,0.118164,1.037354
56984617,0.090576,0.116699,1.032959
56989617,0.084473,0.11792,1.035156
56994617,0.090088,0.116943,1.03833
56999617,0.087646,0.11499,1.034668
57004617,0.091064,0.111572,1.043213
57009617,0.089844,0.114502,1.038818
57014617,0.084961,0.114502,1.040039
57019617,0.088379,0.115234,1.04541
57024617,0.085693,0.118652,1.044678
57029617,0.083984,0.116699,1.04248
57034617,0.08667,0.118652,1.039063
57039617,0.087158,0.120117,1.044434
57044617,0.087646,0.117432,1.039551
57049617,0.087646,0.116943,1.036133
57054617,0.087402,0.119385,1.044678
57059617,0.086426,0.119141,1.040771
57064617,0.086182,0.116211,1.03833
57069617,0.087158,0.116943,1.034424
57074617,0.09082,0.112793,1.04126
57079617,0.090088,0.11792,1.040527
57084617,0.084961,0.115234,1.042236
57089617,0.087402,0.116211,1.04126
57094617,0.088623,0.111572,1.037354
57099617,0.088867,0.115967,1.033447
57104617,0.092285,0.115723,1.042236
57109617,0.087402,0.11792,1.037598
57114617,0.0896,0.115967,1.039063
57119617,0.094727,0.11792,1.041016
57124617,0.089355,0.119141,1.044189
57129617,0.086426,0.12207,1.033447
57134617,0.095459,0.116943,1.042969
57139617,0.088623,0.11792,1.043457
57144617,0.089111,0.110107,1.036133
57149617,0.086914,0.118164,1.042725
57154617,0.091309,0.116211,1.039551
57159617,0.090332,0.121094,1.05249
57164617,0.08252,0.114014,1.039551
57169617,0.090088,0.118652,1.044678
57174617,0.090576,0.109131,1.040283
57179617,0.087891,0.120361,1.046387
57184617,0.084961,0.120361,1.030518
57189617,0.089844,0.109619,1.033936
57194617,0.091309,0.117188,1.050049
57199617,0.082764,0.118652,1.036865
57204617,0.089355,0.11499,1.030518
57209617,0.094971,0.115234,1.051025
57214617,0.090576,0.116455,1.036621
57219617,0.085937,0.111572,1.038818
57224617,0.0896,0.115723,1.039307
57229617,0.093262,0.113281,1.038086
57234617,0.086426,0.11499,1.043701
57239617,0.088135,0.119385,1.037842
57244617,0.087158,0.110596,1.037598
57249617,0.098633,0.111084,1.041992
57254617,0.095459,0.116699,1.040771
57259617,0.093506,0.113525,1.047852
57264617,0.088379,0.115967,1.033691
57269617,0.095703,0.115967,1.041016
57274617,0.094971,0.115479,1.044922
57279617,0.085693,0.11499,1.0354
57284617,0.088867,0.116699,1.030518
57289617,0.094971,0.112549,1.036621
57294617,0.091309,0.119873,1.043213
57299617,0.089844,0.116211,1.055664
57304617,0.083008,0.119385,1.032471
57309617,0.083008,0.115479,1.034668
57314617,0.093994,0.112305,1.047363
57319617,0.090088,0.115967,1.045166
57324617,0.081543,0.124756,1.047852
57329617,0.080078,0.114746,1.030518
57334617,0.093262,0.112793,1.037598
57339617,0.097168,0.115479,1.050049
57344617,0.092041,0.119141,1.048096
57349617,0.08374,0.120361,1.032227
57354617,0.090088,0.115723,1.039307
57359617,0.093262,0.111084,1.035889
57364617,0.095947,0.113037,1.051025
57369617,0.083496,0.116211,1.033936
57374617,0.093506,0.112793,1.037842
57379617,0.092041,0.11377,1.040283
57384617,0.096191,0.116943,1.048828
57389617,0.079834,0.119385,1.039551
57394617,0.082031,0.11499,1.045654
57399617,0.088867,0.114502,1.041504
57404617,0.092041,0.115479,1.049561
57409617,0.077637,0.117432,1.034668
57414617,0.083984,0.113037,1.041992
57419617,0.092041,0.118408,1.038086
57424617,0.09082,0.117676,1.048584
57429617,0.085693,0.119629,1.034424
57434617,0.095459,0.120117,1.04248
57439617,0.087158,0.121826,1.040527
57444617,0.085205,0.115967,1.024902
57449617,0.089844,0.109375,1.038818
57454617,0.08667,0.113525,1.044189
57459617,0.084717,0.112061,1.040527
57464617,0.092285,0.11792,1.045654
57469617,0.088379,0.117676,1.039063
57474617,0.090576,0.112061,1.040039
57479617,0.088135,0.118164,1.037109
57484617,0.08667,0.11792,1.036377
57489617,0.094238,0.114746,1.052734
57494617,0.086182,0.120117,1.048096
57499617,0.086914,0.123535,1.031494
57504617,0.086914,0.112549,1.047852
57509617,0.084229,0.119141,1.030273
57514617,0.091797,0.118896,1.041992
57519617,0.089111,0.115967,1.037109
57524617,0.086182,0.115479,1.039307
57529617,0.086914,0.114502,1.039063
57534617,0.092529,0.117432,1.052002
57539617,0.083984,0.11499,1.035156
57544617,0.088623,0.115967,1.042969
57549617,0.084229,0.115479,1.037842
57554617,0.082764,0.117676,1.040527
57559617,0.08374,0.116943,1.043213
57564617,0.093262,0.118164,1.039795
57569617,0.084229,0.114746,1.050781
57574617,0.088379,0.121582,1.042725
57579617,0.087646,0.122314,1.038818
57584617,0.089355,0.114502,1.035645
57589617,0.089844,0.116699,1.045654
57594617,0.0896,0.11792,1.046143
57599617,0.087402,0.116943,1.036377
57604617,0.090088,0.114746,1.044678
57609617,0.094482,0.108887,1.041504
57614617,0.091064,0.116211,1.041748
57619617,0.088379,0.113037,1.046143
57624617,0.082275,0.115479,1.034668
57629617,0.0896,0.116699,1.044189
57634617,0.092529,0.115967,1.047363
57639617,0.087158,0.120117,1.039307
57644617,0.086914,0.115479,1.035889
57649617,0.090332,0.116943,1.040283
57654617,0.092773,0.119629,1.054443
57659617,0.081055,0.121582,1.042969
57664617,0.084717,0.120117,1.039307
57669617,0.087158,0.115234,1.041748
57674617,0.094971,0.115234,1.041748
57679617,0.090576,0.116943,1.041504
57684617,0.086182,0.116699,1.040771
57689617,0.084717,0.113525,1.045654
57694617,0.081787,0.115723,1.041016
57699617,0.085449,0.115234,1.031982
57704617,0.09082,0.117676,1.037842
57709617,0.086426,0.11377,1.038818
57714617,0.087158,0.119385,1.037109
57719617,0.08667,0.11792,1.032715
57724617,0.089355,0.117432,1.037354
57729617,0.085205,0.115234,1.032959
57734617,0.091553,0.116943,1.044189
57739617,0.088135,0.118652,1.047607
57744617,0.088379,0.116699,1.040771
57749617,0.087891,0.115234,1.043701
57754617,0.08667,0.114502,1.037598
57759617,0.087646,0.111328,1.041504
57764617,0.090576,0.112549,1.038086
57769617,0.089355,0.113281,1.04126
57774617,0.092041,0.113037,1.043945
57779617,0.093018,0.114014,1.035889
57784617,0.087402,0.114258,1.039307
57789617,0.093994,0.118652,1.041504
57794617,0.088135,0.116455,1.041016
57799617,0.091553,0.119141,1.03833
57804617,0.089355,0.120605,1.038818
57809617,0.08667,0.114746,1.035645
57814617,0.084961,0.115479,1.041748
57819617,0.086914,0.116211,1.038086
57824617,0.089355,0.119141,1.046631
57829617,0.093994,0.115723,1.046387
57834617,0.088379,0.114258,1.034668
57839617,0.090088,0.112793,1.041992
57844617,0.093018,0.113525,1.043457
57849617,0.089111,0.115967,1.040039
57854617,0.087891,0.119141,1.04248
57859617,0.092041,0.115479,1.040039
57864617,0.088379,0.116943,1.033447
57869617,0.085205,0.117676,1.04126
57874617,0.084229,0.114746,1.042969
57879617,0.083496,0.114746,1.03833
57884617,0.085937,0.115967,1.035645
57889617,0.09082,0.119629,1.040771
57894617,0.087646,0.115723,1.047852
57899617,0.091553,0.11499,1.036133
57904617,0.092041,0.113281,1.041992
57909617,0.090088,0.11499,1.041992
57914617,0.090088,0.121094,1.039551
57919617,0.090088,0.117188,1.036865
57924617,0.094971,0.118408,1.040283
57929617,0.092285,0.11377,1.041748
57934617,0.08667,0.119141,1.038818
57939617,0.084717,0.115723,1.041016
57944617,0.088623,0.114014,1.042969
57949617,0.088379,0.118896,1.037842
57954617,0.087158,0.11377,1.040771
57959617,0.091797,0.118652,1.044922
57964617,0.089111,0.120361,1.044678
57969617,0.086426,0.12085,1.037842
57974617,0.088623,0.115479,1.043701
57979617,0.088379,0.115723,1.038086
57984617,0.092285,0.115479,1.041992
57989617,0.093262,0.119141,1.035156
57994617,0.093506,0.117188,1.037598
57999617,0.088135,0.11499,1.040771
58004617,0.086182,0.123535,1.030518
58009617,0.082031,0.118408,1.037842
58014617,0.091064,0.119873,1.036621
58019617,0.088135,0.115723,1.040771
58024617,0.087158,0.114502,1.043945
58029617,0.0896,0.118652,1.042725
58034617,0.084229,0.118164,1.046875
58039617,0.087646,0.116943,1.046143
58044617,0.088867,0.120605,1.041748
58049617,0.087402,0.11792,1.038574
58054617,0.092285,0.116699,1.044189
58059617,0.09082,0.116943,1.038818
58064617,0.091797,0.115479,1.043457
58069617,0.092041,0.116699,1.038818
58074617,0.088623,0.114014,1.04248
58079617,0.085205,0.116211,1.043945
58084617,0.085937,0.118408,1.040039
58089617,0.08374,0.11377,1.047852
58094617,0.087646,0.116455,1.044189
58099617,0.084229,0.119141,1.04541
58104617,0.085449,0.119873,1.043457
58109617,0.084229,0.114746,1.041748
58114617,0.09082,0.116699,1.040527
58119617,0.088379,0.115479,1.039063
58124617,0.095703,0.117188,1.041748
58129617,0.093262,0.115479,1.04126
58134617,0.09375,0.114014,1.041504
58139617,0.094727,0.113281,1.039307
58144617,0.097168,0.114258,1.042725
58149617,0.093994,0.112793,1.041748
58154617,0.095215,0.117432,1.041016
58159617,0.0896,0.115234,1.040039
58164617,0.091309,0.118896,1.040527
58169617,0.083496,0.119873,1.037598
58174617,0.082764,0.117432,1.037598
58179617,0.079346,0.117676,1.033447
58184617,0.087158,0.118652,1.033447
58189617,0.084961,0.120605,1.037842
58194617,0.081787,0.115967,1.041992
58199617,0.086914,0.112793,1.046143
58204617,0.084961,0.112549,1.040283
58209617,0.093018,0.117676,1.032715
58214617,0.094238,0.111816,1.040771
58219617,0.093994,0.11499,1.054199
58224617,0.101807,0.118164,1.051514
58229617,0.093018,0.108887,1.03418
58234617,0.081299,0.110596,1.03418
58239617,0.08252,0.114502,1.03418
58244617,0.088867,0.107666,1.030029
58249617,0.085937,0.109863,1.036377
58254617,0.085937,0.118896,1.055664
58259617,0.081787,0.114014,1.043945
58264617,0.081543,0.119141,1.039063
58269617,0.07959,0.121826,1.042236
58274617,0.084961,0.121826,1.049561
58279617,0.0896,0.12207,1.038818
58284617,0.085449,0.117676,1.039307
58289617,0.091553,0.119629,1.043213
58294617,0.095459,0.116943,1.041748
58299617,0.093018,0.116211,1.032227
58304617,0.093262,0.117432,1.032959
58309617,0.098633,0.114258,1.043213
58314617,0.088135,0.111084,1.04126
58319617,0.088135,0.11377,1.039795
58324617,0.087646,0.114746,1.045654
58329617,0.087402,0.113037,1.043457
58334617,0.087402,0.120117,1.041504
58339617,0.090088,0.119873,1.04248
58344617,0.087646,0.123779,1.048096
58349617,0.081543,0.121826,1.042725
58354617,0.088379,0.120605,1.034424
58359617,0.093018,0.117432,1.035889
58364617,0.095703,0.117188,1.040283
58369617,0.098389,0.118896,1.043457
58374617,0.097168,0.117432,1.047119
58379617,0.094971,0.110107,1.03418
58384617,0.099365,0.112793,1.043457
58389617,0.093994,0.111328,1.046875
58394617,0.093994,0.109863,1.041504
58399617,0.087158,0.113037,1.043457
58404617,0.084473,0.114502,1.04248
58409617,0.087402,0.119629,1.044189
58414617,0.088135,0.115234,1.046387
58419617,0.083984,0.119385,1.045654
58424617,0.084473,0.124512,1.044434
58429617,0.084717,0.121338,1.043457
58434617,0.088623,0.122314,1.044189
58439617,0.087891,0.115723,1.039795
58444617,0.086914,0.114746,1.041504
58449617,0.092041,0.119141,1.044434
58454617,0.088379,0.115723,1.034668
58459617,0.084961,0.114502,1.035889
58464617,0.090332,0.10791,1.026855
58469617,0.093994,0.111572,1.049561
58474617,0.089844,0.115967,1.039063
58479617,0.082275,0.119385,1.042725
58484617,0.081543,0.116211,1.039063
58489617,0.086914,0.118164,1.036865
58494617,0.093018,0.114014,1.041504
58499617,0.087891,0.117188,1.042725
58504617,0.086426,0.118652,1.046875
58509617,0.084717,0.126465,1.036133
58514617,0.087402,0.117188,1.033691
58519617,0.099854,0.117432,1.039063
58524617,0.095703,0.114258,1.048584
58529617,0.093994,0.117676,1.040283
58534617,0.087402,0.116699,1.035645
58539617,0.087646,0.115967,1.030762
58544617,0.093994,0.112061,1.044922
58549617,0.093262,0.115479,1.037842
58554617,0.09375,0.113037,1.047363
58559617,0.093262,0.111816,1.045166
58564617,0.085205,0.116455,1.046387
58569617,0.081055,0.119141,1.035645
58574617,0.086182,0.118652,1.033691
58579617,0.089844,0.11792,1.040527
58584617,0.086426,0.117188,1.039307
58589617,0.088867,0.116455,1.033691
58594617,0.091553,0.118408,1.033691
58599617,0.092285,0.117432,1.036133
58604617,0.09082,0.116455,1.04126
58609617,0.092285,0.118164,1.048584
58614617,0.089111,0.118652,1.043457
58619617,0.089111,0.114258,1.040527
58624617,0.088135,0.115723,1.037354
58629617,0.095215,0.109863,1.046387
58634617,0.089355,0.111328,1.039795
58639617,0.086426,0.119385,1.048828
58644617,0.083496,0.114258,1.040039
58649617,0.08252,0.118896,1.035156
58654617,0.08667,0.118896,1.040527
58659617,0.085449,0.120605,1.041992
58664617,0.090576,0.117188,1.038574
58669617,0.091797,0.118408,1.043213
58674617,0.092285,0.115723,1.046387
58679617,0.089844,0.119385,1.040039
58684617,0.09082,0.109619,1.037109
58689617,0.093018,0.114014,1.041748
58694617,0.09375,0.115967,1.038818
58699617,0.088379,0.117188,1.041016
58704617,0.088867,0.116943,1.036621
58709617,0.09082,0.115234,1.036865
58714617,0.087402,0.115234,1.03418
58719617,0.09082,0.116211,1.040527
58724617,0.090332,0.112793,1.042236
58729617,0.087891,0.118652,1.04126
58734617,0.086182,0.118652,1.038818
58739617,0.088379,0.112793,1.041504
58744617,0.091064,0.118164,1.05127
58749617,0.090088,0.117676,1.039307
58754617,0.087402,0.117676,1.03418
58759617,0.091797,0.115723,1.042236
58764617,0.086914,0.117188,1.039063
58769617,0.093506,0.115723,1.046631
58774617,0.089111,0.118408,1.034912
58779617,0.092041,0.117188,1.035889
58784617,0.091064,0.113037,1.040771
58789617,0.090576,0.115234,1.035645
58794617,0.084717,0.116699,1.037109
58799617,0.088867,0.115479,1.036377
58804617,0.088867,0.118408,1.04248
58809617,0.090088,0.123535,1.046143
58814617,0.08667,0.117188,1.036865
58819617,0.087646,0.11792,1.037109
58824617,0.092041,0.114746,1.039795
58829617,0.088867,0.116455,1.043457
58834617,0.087646,0.118164,1.036621
58839617,0.088867,0.114502,1.044189
58844617,0.095947,0.115967,1.038574
58849617,0.08667,0.116699,1.041016
58854617,0.087158,0.115723,1.036133
58859617,0.089111,0.114502,1.03833
58864617,0.090332,0.115723,1.041504
58869617,0.087402,0.115723,1.034912
58874617,0.090088,0.118408,1.043701
58879617,0.090332,0.117676,1.043701
58884617,0.088135,0.116943,1.045654
58889617,0.087891,0.116455,1.036133
58894617,0.088623,0.116211,1.03833
58899617,0.083984,0.116699,1.039795
58904617,0.086426,0.117188,1.04541
58909617,0.085205,0.116455,1.038818
58914617,0.094482,0.112549,1.043457
58919617,0.092773,0.116455,1.040527
58924617,0.090088,0.114258,1.043213
58929617,0.092285,0.113525,1.042969
58934617,0.089844,0.115234,1.041748
58939617,0.087158,0.114746,1.043701
58944617,0.088379,0.117188,1.044189
58949617,0.090576,0.118164,1.038818
58954617,0.091064,0.114014,1.042725
58959617,0.088135,0.119385,1.041504
58964617,0.087158,0.115234,1.0354
58969617,0.090576,0.115723,1.04126
58974617,0.088379,0.115479,1.046631
58979617,0.086182,0.114014,1.040771
58984617,0.088135,0.12085,1.040771
58989617,0.088623,0.117676,1.036865
58994617,0.089844,0.116211,1.036133
58999617,0.091309,0.115723,1.036133
59004617,0.086426,0.117432,1.041504
59009617,0.088379,0.115479,1.03833
59014617,0.091064,0.113037,1.041992
59019617,0.089355,0.116211,1.04126
59024617,0.091797,0.115479,1.037842
59029617,0.091309,0.118408,1.043457
59034617,0.088867,0.119141,1.044434
59039617,0.08374,0.116455,1.037598
59044617,0.086426,0.115479,1.041504
59049617,0.088135,0.118164,1.043701
59054617,0.087158,0.119141,1.04126
59059617,0.086182,0.114502,1.04248
59064617,0.089111,0.119385,1.043701
59069617,0.09082,0.119385,1.040039
59074617,0.087891,0.115723,1.037598
59079617,0.085449,0.11792,1.044922
59084617,0.088135,0.116455,1.045654
59089617,0.087402,0.118164,1.037109
59094617,0.087646,0.116943,1.039063
59099617,0.089111,0.11792,1.049316
59104617,0.090088,0.114746,1.046387
59109617,0.088135,0.115479,1.039551
59114617,0.0896,0.114746,1.044434
59119617,0.0896,0.115479,1.043213
59124617,0.092529,0.113037,1.039551
59129617,0.094727,0.115723,1.040771
59134617,0.091553,0.116211,1.036865
59139617,0.0896,0.116699,1.0354
59144617,0.087891,0.118408,1.038818
59149617,0.091797,0.120117,1.041992
59154617,0.086914,0.11377,1.037354
59159617,0.085205,0.119873,1.050537
59164617,0.092285,0.120605,1.041016
59169617,0.086182,0.117676,1.043213
59174617,0.085693,0.117188,1.03833
59179617,0.087646,0.118408,1.036865
59184617,0.085449,0.119873,1.040527
59189617,0.091309,0.119629,1.04248
59194617,0.092529,0.116455,1.039795
59199617,0.0896,0.116455,1.034424
59204617,0.095215,0.11499,1.031494
59209617,0.09375,0.115479,1.036865
59214617,0.092285,0.115967,1.041992
59219617,0.093018,0.111816,1.042969
59224617,0.085937,0.123779,1.012695
59229617,0.092041,0.112549,1.032959
59234617,0.108154,0.118896,1.055908
59239617,0.081543,0.124268,1.030273
59244617,0.088135,0.119873,1.035156
59249617,0.082275,0.121582,1.05127
59254617,0.087891,0.115479,1.036377
59259617,0.083496,0.118164,1.045166
59264617,0.083252,0.108643,1.032471
59269617,0.091797,0.111572,1.044434
59274617,0.085693,0.112305,1.043701
59279617,0.087402,0.114258,1.038574
59284617,0.089111,0.116455,1.047363
59289617,0.088379,0.121094,1.042236
59294617,0.086426,0.121338,1.032471
59299617,0.091309,0.116943,1.048828
59304617,0.091797,0.116455,1.040527
59309617,0.086914,0.122314,1.030273
59314617,0.091553,0.119141,1.029297
59319617,0.088867,0.12085,1.052246
59324617,0.087158,0.121094,1.043213
59329617,0.089844,0.115479,1.032715
59334617,0.089111,0.113281,1.044678
59339617,0.096924,0.114502,1.040527
59344617,0.091797,0.114746,1.04126
59349617,0.088623,0.111328,1.043457
59354617,0.088379,0.114502,1.048096
59359617,0.087891,0.122314,1.041016
59364617,0.087646,0.113037,1.03125
59369617,0.084717,0.120117,1.045166
59374617,0.0896,0.121826,1.042236
59379617,0.08374,0.118652,1.042969
59384617,0.082275,0.120605,1.045166
59389617,0.087158,0.119873,1.044678
59394617,0.08667,0.117432,1.037354
59399617,0.088135,0.121094,1.047607
59404617,0.086182,0.116455,1.036377
59409617,0.09375,0.112793,1.042236
59414617,0.099121,0.112061,1.03833
59419617,0.098389,0.114502,1.041016
59424617,0.093994,0.113525,1.047363
59429617,0.088623,0.115967,1.033936
59434617,0.091553,0.113281,1.020752
59439617,0.097412,0.112305,1.037354
59444617,0.099854,0.123291,1.047852
59449617,0.075195,0.122803,1.043213
59454617,0.080078,0.122803,1.044189
59459617,0.075195,0.124268,1.047119
59464617,0.085937,0.123535,1.042236
59469617,0.084229,0.11499,1.031006
59474617,0.089844,0.115234,1.043457
59479617,0.090088,0.115723,1.052002
59484617,0.088867,0.115234,1.041016
59489617,0.092041,0.11792,1.032959
59494617,0.094971,0.11499,1.041504
59499617,0.094482,0.114746,1.034668
59504617,0.095459,0.115723,1.036621
59509617,0.093994,0.115967,1.041016
59514617,0.092041,0.115967,1.038818
59519617,0.094238,0.117432,1.044922
59524617,0.090088,0.120117,1.038818
59529617,0.088135,0.119141,1.041016
59534617,0.091553,0.116211,1.037109
59539617,0.09082,0.114502,1.038818
59544617,0.087158,0.115234,1.047119
59549617,0.091309,0.112305,1.046143
59554617,0.093994,0.114258,1.038818
59559617,0.092773,0.114502,1.044922
59564617,0.094482,0.121826,1.037354
59569617,0.092041,0.112305,1.036621
59574617,0.093262,0.114258,1.044678
59579617,0.0896,0.112305,1.04126
59584617,0.090088,0.118896,1.039307
59589617,0.089355,0.11792,1.043701
59594617,0.085937,0.117188,1.042236
59599617,0.088135,0.121826,1.039063
59604617,0.088135,0.118164,1.040527
59609617,0.088867,0.115967,1.037354
59614617,0.093506,0.115723,1.03833
59619617,0.093262,0.122314,1.039551
59624617,0.08667,0.118164,1.020996
59629617,0.095215,0.106934,1.02832
59634617,0.104004,0.118652,1.045898
59639617,0.084717,0.120605,1.028809
59644617,0.090088,0.11377,1.036377
59649617,0.087158,0.120117,1.045654
59654617,0.090088,0.118164,1.043701
59659617,0.082275,0.117676,1.040283
59664617,0.083984,0.119385,1.038574
59669617,0.083008,0.118164,1.050293
59674617,0.088135,0.111816,1.043701
59679617,0.086426,0.116943,1.037598
59684617,0.086914,0.118408,1.040771
59689617,0.095215,0.117432,1.039551
59694617,0.086426,0.119385,1.040527
59699617,0.091797,0.115723,1.047607
59704617,0.087891,0.118164,1.041504
59709617,0.085205,0.117188,1.032471
59714617,0.09082,0.115479,1.038574
59719617,0.089844,0.116943,1.042236
59724617,0.089111,0.114746,1.046143
59729617,0.0896,0.119141,1.033203
59734617,0.088623,0.115723,1.032227
59739617,0.092285,0.120361,1.050049
59744617,0.083496,0.121094,1.052246
59749617,0.085937,0.11792,1.037109
59754617,0.088867,0.115234,1.037598
59759617,0.089111,0.115479,1.039063
59764617,0.094482,0.112793,1.036133
59769617,0.089355,0.11084,1.04126
59774617,0.093018,0.118896,1.041748
59779617,0.089355,0.116455,1.039307
59784617,0.090332,0.116699,1.039307
59789617,0.087891,0.123535,1.043945
59794617,0.085205,0.119141,1.030029
59799617,0.089355,0.116699,1.038574
59804617,0.100342,0.117432,1.04834
59809617,0.083008,0.120117,1.037598
59814617,0.083984,0.119141,1.040039
59819617,0.085449,0.123535,1.050537
59824617,0.089844,0.117676,1.040527
59829617,0.090088,0.116211,1.046875
59834617,0.089355,0.115723,1.038818
59839617,0.090576,0.115723,1.041504
59844617,0.081299,0.111572,1.037354
59849617,0.088379,0.115723,1.036621
59854617,0.090576,0.11792,1.047607
59859617,0.0896,0.111816,1.036865
59864617,0.087402,0.114746,1.042725
59869617,0.090332,0.117676,1.04248
59874617,0.086182,0.111328,1.046875
59879617,0.086914,0.115479,1.045898
59884617,0.086914,0.118652,1.039551
59889617,0.085937,0.117188,1.025635
59894617,0.08252,0.115967,1.047363
59899617,0.084473,0.126953,1.049072
59904617,0.08252,0.115723,1.044678
59909617,0.09082,0.107422,1.030273
59914617,0.092529,0.112549,1.039551
59919617,0.092773,0.109619,1.040527
59924617,0.091797,0.109619,1.037109
59929617,0.089111,0.115479,1.053223
59934617,0.090332,0.115479,1.048828
59939617,0.082275,0.116211,1.035645
59944617,0.088623,0.112793,1.033203
59949617,0.091553,0.116943,1.039063
59954617,0.094482,0.120605,1.041748
59959617,0.09082,0.118408,1.043945
59964617,0.085205,0.118896,1.045898
59969617,0.090088,0.12085,1.046875
59974617,0.083984,0.115967,1.034668
59979617,0.090576,0.115967,1.040039
59984617,0.091064,0.115723,1.04248
59989617,0.088867,0.119629,1.04541
59994617,0.090332,0.119873,1.045898
59999617,0.09082,0.117432,1.045166
60004617,0.080566,0.118408,1.015137
60009617,0.094971,0.107422,1.029541
60014617,0.107666,0.116943,1.055664
60019617,0.086426,0.123291,1.039795
60024617,0.084717,0.119385,1.02417
60029617,0.08374,0.120361,1.044678
60034617,0.090332,0.116211,1.039063
60039617,0.08667,0.11499,1.045654
60044617,0.086426,0.114502,1.034424
60049617,0.092529,0.12207,1.046875
60054617,0.093506,0.116943,1.039551
60059617,0.088379,0.119141,1.03833
60064617,0.084961,0.120117,1.040283
60069617,0.090576,0.115234,1.031494
60074617,0.091797,0.108154,1.049072
60079617,0.089844,0.117188,1.04248
60084617,0.089844,0.116699,1.04248
60089617,0.088135,0.114746,1.031006
60094617,0.089844,0.11499,1.04248
60099617,0.090332,0.116211,1.043213
60104617,0.094238,0.112793,1.04248
60109617,0.088379,0.116943,1.041992
60114617,0.092041,0.123047,1.060791
60119617,0.08252,0.122559,1.049561
60124617,0.087402,0.112305,1.025146
60129617,0.085937,0.119629,1.034668
60134617,0.091309,0.116943,1.041992
60139617,0.091797,0.117188,1.038818
60144617,0.093506,0.112305,1.042236
60149617,0.087646,0.117188,1.052979
60154617,0.085205,0.114502,1.034424
60159617,0.083984,0.110352,1.023926
60164617,0.092285,0.118164,1.044434
60169617,0.094727,0.117676,1.042236
60174617,0.09375,0.116943,1.044922
60179617,0.089111,0.118408,1.050293
60184617,0.089355,0.124512,1.040771
60189617,0.086426,0.115967,1.038818
60194617,0.0896,0.115479,1.03833
60199617,0.087158,0.11792,1.041016
60204617,0.090576,0.11377,1.047607
60209617,0.091064,0.115234,1.044434
60214617,0.085205,0.120361,1.037354
60219617,0.081055,0.112793,1.04126
60224617,0.091309,0.111328,1.037109
60229617,0.093262,0.11499,1.042236
60234617,0.084717,0.117676,1.042725
60239617,0.068359,0.121094,1.038574
60244617,0.082764,0.114258,1.034668
60249617,0.090088,0.109619,1.036377
60254617,0.090332,0.11499,1.028564
60259617,0.094238,0.12085,1.049072
60264617,0.089844,0.112305,1.041016
60269617,0.096191,0.119141,1.039795
60274617,0.084961,0.118408,1.046387
60279617,0.089355,0.119141,1.040527
60284617,0.086914,0.114746,1.033447
60289617,0.092041,0.115479,1.041992
60294617,0.092285,0.116211,1.043945
60299617,0.08667,0.116699,1.041748
60304617,0.085205,0.113281,1.046387
60309617,0.085693,0.117676,1.041016
60314617,0.089844,0.116699,1.039795
60319617,0.087402,0.115234,1.043945
60324617,0.090576,0.125488,1.059082
60329617,0.079102,0.122314,1.052246
60334617,0.086182,0.112793,1.02832
60339617,0.088867,0.113525,1.040771
60344617,0.088379,0.112061,1.039795
60349617,0.091309,0.109619,1.034668
60354617,0.094971,0.114746,1.039307
60359617,0.094238,0.117432,1.052246
60364617,0.082031,0.117188,1.040771
60369617,0.08374,0.115479,1.028076
60374617,0.088623,0.115234,1.038086
60379617,0.0896,0.113281,1.036865
60384617,0.090576,0.119873,1.040039
60389617,0.086182,0.116455,1.053223
60394617,0.088623,0.121826,1.046875
60399617,0.085205,0.114746,1.034668
60404617,0.092773,0.118652,1.033691
60409617,0.086182,0.119629,1.043457
60414617,0.09375,0.116943,1.040771
60419617,0.0896,0.116455,1.049561
60424617,0.086426,0.115479,1.040283
60429617,0.087646,0.111572,1.01709
60434617,0.091797,0.113281,1.026611
60439617,0.103516,0.118164,1.052734
60444617,0.082031,0.120605,1.036621
60449617,0.092041,0.115234,1.040771
60454617,0.081787,0.121582,1.044189
60459617,0.088135,0.119385,1.04126
60464617,0.088379,0.115723,1.038818
60469617,0.087402,0.113281,1.041748
60474617,0.09082,0.119385,1.051025
60479617,0.084961,0.116699,1.038086
60484617,0.07959,0.119629,1.011719
60489617,0.090576,0.107666,1.019043
60494617,0.103516,0.116455,1.053955
60499617,0.098877,0.124268,1.063965
60504617,0.093994,0.11499,1.020996
60509617,0.08374,0.116211,1.037354
60514617,0.092285,0.123291,1.044922
60519617,0.087646,0.114258,1.040771
60524617,0.08667,0.112061,1.030762
60529617,0.088379,0.123047,1.055664
60534617,0.085937,0.119141,1.047607
60539617,0.086914,0.115723,1.032715
60544617,0.081787,0.116699,1.043457
60549617,0.090332,0.117188,1.03833
60554617,0.091309,0.115479,1.034912
60559617,0.085937,0.118164,1.041748
60564617,0.09082,0.120117,1.052246
60569617,0.089111,0.119873,1.042969
60574617,0.090088,0.114746,1.033447
60579617,0.095703,0.11377,1.043457
60584617,0.092529,0.115234,1.039551
60589617,0.087158,0.114258,1.040283
60594617,0.08667,0.118652,1.037842
60599617,0.088867,0.117432,1.041016
60604617,0.083984,0.116211,1.03833
60609617,0.087402,0.116699,1.034912
60614617,0.080078,0.119385,1.040283
60619617,0.091064,0.114014,1.042969
60624617,0.094971,0.118408,1.048584
60629617,0.094238,0.119873,1.055908
60634617,0.080566,0.115479,1.026855
60639617,0.088135,0.119873,1.048584
60644617,0.088623,0.120605,1.038086
60649617,0.094971,0.122559,1.046387
60654617,0.092041,0.114746,1.038086
60659617,0.088867,0.120117,1.04834
60664617,0.087891,0.121582,1.046875
60669617,0.085937,0.114258,1.034668
60674617,0.088623,0.114502,1.039551
60679617,0.090576,0.117676,1.04248
60684617,0.087402,0.114746,1.038574
60689617,0.096191,0.113525,1.037109
60694617,0.090332,0.11499,1.041504
60699617,0.096191,0.126709,1.067871
60704617,0.0896,0.128418,1.052002
60709617,0.087402,0.121094,1.0271
60714617,0.081055,0.120117,1.034912
60719617,0.097168,0.118408,1.049316
60724617,0.092285,0.110107,1.037109
60729617,0.085449,0.109619,1.042725
60734617,0.090332,0.120361,1.050537
60739617,0.092041,0.112305,1.044434
60744617,0.093994,0.112061,1.030518
60749617,0.086182,0.118896,1.035889
60754617,0.088623,0.115723,1.041016
60759617,0.086914,0.11499,1.042969
60764617,0.086426,0.117432,1.042969
60769617,0.089844,0.115967,1.041748
60774617,0.09082,0.114746,1.03833
60779617,0.0896,0.116455,1.039795
60784617,0.093262,0.117188,1.038818
60789617,0.091797,0.12085,1.044434
60794617,0.086914,0.124023,1.048096
60799617,0.093994,0.114746,1.040771
60804617,0.090088,0.117188,1.037598
60809617,0.099854,0.111816,1.049805
60814617,0.092529,0.118652,1.050537
60819617,0.088867,0.116455,1.047119
60824617,0.084717,0.114014,1.041992
60829617,0.084229,0.111328,1.037842
60834617,0.08667,0.115723,1.042725
60839617,0.089111,0.118164,1.039795
60844617,0.094727,0.112549,1.041016
60849617,0.091309,0.121826,1.04126
60854617,0.095215,0.118896,1.042725
60859617,0.087158,0.114746,1.03833
60864617,0.08374,0.121094,1.041504
60869617,0.089355,0.116455,1.041016
60874617,0.093262,0.11499,1.037109
60879617,0.09375,0.116699,1.047119
60884617,0.088135,0.117432,1.045898
60889617,0.083984,0.118408,1.01001
60894617,0.089355,0.10791,1.013672
60899617,0.105469,0.119385,1.072754
60904617,0.097168,0.127197,1.065918
60909617,0.09375,0.111816,1.024902
60914617,0.07959,0.114014,1.03833
60919617,0.086914,0.120117,1.044434
60924617,0.085937,0.113525,1.038574
60929617,0.088379,0.108643,1.035645
60934617,0.091553,0.123779,1.060791
60939617,0.090576,0.118896,1.050781
60944617,0.087891,0.114502,1.033447
60949617,0.091309,0.115723,1.04126
60954617,0.093994,0.116211,1.039063
60959617,0.090332,0.110107,1.028809
60964617,0.094482,0.117432,1.043701
60969617,0.084473,0.124512,1.05957
60974617,0.086182,0.117676,1.038086
60979617,0.090088,0.110596,1.030029
60984617,0.093262,0.11792,1.041992
60989617,0.089844,0.112793,1.038574
60994617,0.0896,0.114258,1.039063
60999617,0.091797,0.12085,1.048096
61004617,0.083984,0.123535,1.050781
61009617,0.082764,0.120361,1.036133
61014617,0.103516,0.112793,1.044922
61019617,0.102295,0.116211,1.053711
61024617,0.100098,0.121826,1.056152
61029617,0.08252,0.124512,1.041504
61034617,0.083984,0.116699,1.033691
61039617,0.088379,0.113525,1.04126
61044617,0.095215,0.112549,1.036377
61049617,0.092529,0.11499,1.031738
61054617,0.088379,0.111816,1.040039
61059617,0.094238,0.112549,1.042969
61064617,0.087891,0.115723,1.044678
61069617,0.083984,0.116943,1.041504
61074617,0.084961,0.117188,1.040039
61079617,0.089355,0.108643,1.031982
61084617,0.078857,0.12085,1.010986
61089617,0.095459,0.10791,1.011475
61094617,0.099365,0.119141,1.071045
61099617,0.0979,0.125732,1.05957
61104617,0.0979,0.106445,1.016113
61109617,0.090088,0.115234,1.036621
61114617,0.095703,0.121582,1.041748
61119617,0.088135,0.116699,1.032959
61124617,0.090576,0.106689,1.036621
61129617,0.08374,0.123779,1.058594
61134617,0.081055,0.119873,1.055908
61139617,0.081299,0.109863,1.020264
61144617,0.091309,0.110596,1.033936
61149617,0.096436,0.118896,1.047852
61154617,0.091797,0.11499,1.042969
61159617,0.091064,0.114258,1.037354
61164617,0.07959,0.120117,1.052002
61169617,0.090332,0.124512,1.053955
61174617,0.087402,0.114746,1.027588
61179617,0.096191,0.118408,1.043457
61184617,0.098145,0.12207,1.043701
61189617,0.091064,0.115723,1.046387
61194617,0.08252,0.114258,1.039551
61199617,0.087402,0.118652,1.041504
61204617,0.085205,0.117676,1.041992
61209617,0.092773,0.111816,1.040283
61214617,0.093262,0.114014,1.04541
61219617,0.088867,0.116211,1.047852
61224617,0.086182,0.117676,1.040039
61229617,0.077393,0.125,1.047119
61234617,0.080566,0.119141,1.034668
61239617,0.092285,0.111572,1.032227
61244617,0.099121,0.109375,1.029053
61249617,0.097412,0.113281,1.04834
61254617,0.087158,0.116455,1.043945
61259617,0.087402,0.117432,1.037354
61264617,0.086426,0.118408,1.047607
61269617,0.091064,0.114746,1.041016
61274617,0.08667,0.111816,1.04126
61279617,0.093262,0.111816,1.040771
61284617,0.076416,0.125977,1.008301
61289617,0.08667,0.105957,1.018555
61294617,0.101074,0.12207,1.067383
61299617,0.09668,0.129883,1.069092
61304617,0.094238,0.109131,1.019043
61309617,0.086426,0.115967,1.041748
61314617,0.090332,0.125732,1.034912
61319617,0.089844,0.115479,1.034424
61324617,0.088623,0.107666,1.029297
61329617,0.088623,0.125,1.061523
61334617,0.081543,0.119873,1.048828
61339617,0.08667,0.115723,1.024902
61344617,0.084717,0.116943,1.037109
61349617,0.090332,0.115723,1.044678
61354617,0.088379,0.113037,1.050537
61359617,0.085449,0.121094,1.052246
61364617,0.082275,0.116699,1.04126
61369617,0.081543,0.112549,1.029297
61374617,0.092285,0.113037,1.030273
61379617,0.093262,0.116211,1.047852
61384617,0.090332,0.11792,1.047119
61389617,0.087158,0.124023,1.048096
61394617,0.083008,0.123779,1.045166
61399617,0.083252,0.120605,1.030273
61404617,0.090576,0.110596,1.025879
61409617,0.099854,0.112793,1.043213
61414617,0.097168,0.115234,1.051758
61419617,0.084473,0.116211,1.039551
61424617,0.077637,0.118164,1.038818
61429617,0.0896,0.114502,1.030029
61434617,0.083252,0.106201,1.02417
61439617,0.081299,0.111084,1.041504
61444617,0.094971,0.110596,1.03833
61449617,0.092529,0.109131,1.049316
61454617,0.089111,0.118408,1.038574
61459617,0.083984,0.123291,1.036377
61464617,0.086426,0.120117,1.025391
61469617,0.101563,0.116455,1.039795
61474617,0.092285,0.118896,1.056152
61479617,0.085205,0.12207,1.04248
61484617,0.082764,0.114746,1.040283
61489617,0.084717,0.115479,1.0354
61494617,0.088623,0.112793,1.037598
61499617,0.091309,0.11084,1.043457
61504617,0.090576,0.112549,1.048828
61509617,0.089355,0.116699,1.048096
61514617,0.081787,0.113281,1.026855
61519617,0.087891,0.117676,1.044434
61524617,0.11084,0.114014,1.049316
61529617,0.101074,0.12207,1.050781
61534617,0.101807,0.130127,1.081543
61539617,0.080811,0.130127,1.050781
61544617,0.089844,0.114014,1.023926
61549617,0.078125,0.12085,1.040283
61554617,0.088379,0.116943,1.050781
61559617,0.084717,0.107178,1.036377
61564617,0.087402,0.107666,1.046875
61569617,0.093262,0.117188,1.053955
61574617,0.088379,0.113037,1.053955
61579617,0.083984,0.111084,1.030518
61584617,0.085205,0.116211,1.040771
61589617,0.092285,0.114258,1.036133
61594617,0.0896,0.117432,1.037842
61599617,0.090576,0.117676,1.045654
61604617,0.087646,0.125977,1.044189
61609617,0.08252,0.116211,1.029541
61614617,0.089355,0.119141,1.033691
61619617,0.091064,0.117432,1.047607
61624617,0.090576,0.116699,1.046875
61629617,0.092773,0.117188,1.049316
61634617,0.087891,0.115479,1.044678
61639617,0.081299,0.114014,1.034668
61644617,0.085693,0.108398,1.037598
61649617,0.081787,0.12085,1.026855
61654617,0.095703,0.110107,1.050049
61659617,0.101318,0.115723,1.047852
61664617,0.092041,0.121826,1.04248
61669617,0.084961,0.123535,1.023926
61674617,0.083252,0.119873,1.049072
61679617,0.093262,0.120361,1.032227
61684617,0.094238,0.116455,1.043701
61689617,0.092285,0.114746,1.040771
61694617,0.0896,0.116699,1.052002
61699617,0.086914,0.115479,1.037598
61704617,0.089111,0.119873,1.042236
61709617,0.087158,0.118652,1.04834
61714617,0.094238,0.110596,1.043945
61719617,0.087891,0.11084,1.039307
61724617,0.088379,0.112305,1.038574
61729617,0.104736,0.11084,1.046875
61734617,0.093506,0.113525,1.048096
61739617,0.109131,0.129639,1.073486
61744617,0.08374,0.129883,1.061279
61749617,0.090576,0.116943,1.017822
61754617,0.076172,0.122314,1.044922
61759617,0.095703,0.123535,1.051514
61764617,0.087891,0.107422,1.022461
61769617,0.084961,0.115723,1.040771
61774617,0.090332,0.121826,1.053223
61779617,0.083252,0.114502,1.044189
61784617,0.088623,0.105957,1.026855
61789617,0.083984,0.11377,1.038086
61794617,0.089355,0.11377,1.045166
61799617,0.0896,0.109863,1.050781
61804617,0.085205,0.116455,1.048096
61809617,0.087158,0.113525,1.047607
61814617,0.087158,0.111084,1.03418
61819617,0.092041,0.114014,1.034912
61824617,0.095703,0.115723,1.043945
61829617,0.097412,0.119873,1.045654
61834617,0.08374,0.118164,1.040527
61839617,0.083496,0.121582,1.04248
61844617,0.083984,0.116943,1.035889
61849617,0.088135,0.114014,1.035889
61854617,0.091064,0.114746,1.041016
61859617,0.088867,0.116455,1.049805
61864617,0.085693,0.117188,1.044189
61869617,0.085937,0.115234,1.042236
61874617,0.087646,0.119141,1.043945
61879617,0.0896,0.112305,1.039063
61884617,0.088867,0.112793,1.036621
61889617,0.093018,0.115723,1.04834
61894617,0.089844,0.12085,1.043701
61899617,0.085693,0.116455,1.04248
61904617,0.084717,0.117188,1.034424
61909617,0.091064,0.117676,1.033203
61914617,0.09375,0.118408,1.032715
61919617,0.096191,0.121094,1.042236
61924617,0.091553,0.114014,1.046631
61929617,0.084717,0.118896,1.040527
61934617,0.08667,0.112793,1.03833
61939617,0.085693,0.112549,1.029297
61944617,0.091309,0.114502,1.046387
61949617,0.088623,0.115967,1.040771
61954617,0.090576,0.118408,1.037354
61959617,0.08667,0.117188,1.039307
61964617,0.085693,0.116699,1.044189
61969617,0.089111,0.116943,1.041504
61974617,0.090088,0.114746,1.047363
61979617,0.092285,0.121094,1.042236
61984617,0.088623,0.118164,1.03833
61989617,0.090088,0.118164,1.035156
61994617,0.095459,0.11499,1.045166
61999617,0.087646,0.119629,1.046143
62004617,0.087646,0.11499,1.033691
62009617,0.085693,0.114258,1.042236
62014617,0.0896,0.11377,1.036377
62019617,0.088135,0.11377,1.043457
62024617,0.085449,0.112549,1.044434
62029617,0.087891,0.116211,1.044434
62034617,0.085937,0.115723,1.042725
62039617,0.09668,0.113525,1.044189
62044617,0.092529,0.116699,1.042969
62049617,0.090576,0.116455,1.040771
62054617,0.087891,0.113525,1.036865
62059617,0.091064,0.115967,1.040771
62064617,0.088867,0.121826,1.036377
62069617,0.094238,0.11377,1.045898
62074617,0.091797,0.11792,1.041748
62079617,0.087646,0.118652,1.04126
62084617,0.080811,0.104492,1.031006
62089617,0.085205,0.11499,1.078613
62094617,0.085937,0.113281,1.041504
62099617,0.081299,0.094482,1.015625
62104617,0.100098,0.106934,1.044189
62109617,0.10083,0.115234,1.040527
62114617,0.088867,0.116455,1.058105
62119617,0.088135,0.114502,1.027588
62124617,0.079102,0.12085,1.051758
62129617,0.095459,0.117676,1.039795
62134617,0.085693,0.114502,1.040039
62139617,0.087158,0.115479,1.039795
62144617,0.090088,0.115967,1.044189
62149617,0.088379,0.117432,1.041992
62154617,0.087158,0.121826,1.036377
62159617,0.087402,0.118164,1.047852
62164617,0.089111,0.11499,1.037842
62169617,0.09082,0.115479,1.038818
62174617,0.108398,0.113525,1.040771
62179617,0.0979,0.116943,1.051514
62184617,0.105957,0.123535,1.071045
62189617,0.082764,0.122559,1.041016
62194617,0.092041,0.105469,1.000488
62199617,0.08374,0.116943,1.048096
62204617,0.098145,0.119629,1.058594
62209617,0.085693,0.108643,1.036377
62214617,0.088623,0.113037,1.035645
62219617,0.090088,0.122314,1.05249
62224617,0.084961,0.116943,1.040283
62229617,0.093994,0.108887,1.018799
62234617,0.090088,0.120361,1.04834
62239617,0.094482,0.122803,1.046875
62244617,0.084717,0.118896,1.036865
62249617,0.098145,0.125,1.06665
62254617,0.105469,0.115234,1.087158
62259617,0.096191,0.127441,1.072266
62264617,0.09668,0.109863,1.043945
62269617,0.108887,0.11377,1.041748
62274617,0.081299,0.118896,1.05542
62279617,0.093262,0.114258,1.060059
62284617,0.07959,0.114014,1.036133
62289617,0.083252,0.114014,1.02124
62294617,0.092529,0.116455,1.042236
62299617,0.09375,0.11499,1.04248
62304617,0.095703,0.120361,1.042969
62309617,0.085693,0.125244,1.053223
62314617,0.088379,0.119385,1.037598
62319617,0.090332,0.119629,1.044922
62324617,0.093018,0.119873,1.044922
62329617,0.088379,0.118896,1.038818
62334617,0.0896,0.114014,1.032959
62339617,0.088379,0.115234,1.038574
62344617,0.089844,0.117188,1.039551
62349617,0.085449,0.115967,1.041748
62354617,0.094238,0.112549,1.041748
62359617,0.09375,0.113281,1.047119
62364617,0.102539,0.104736,1.049072
62369617,0.087646,0.123047,1.054199
62374617,0.08667,0.133301,1.058838
62379617,0.072754,0.118408,1.026367
62384617,0.080811,0.109131,0.996826
62389617,0.093506,0.12207,1.058838
62394617,0.103027,0.12085,1.057373
62399617,0.085205,0.112305,1.023682
62404617,0.087158,0.121338,1.050293
62409617,0.091309,0.125488,1.055908
62414617,0.08374,0.114258,1.026123
62419617,0.091064,0.111328,1.029541
62424617,0.095703,0.119629,1.055908
62429617,0.09375,0.121338,1.054443
62434617,0.083984,0.111328,1.037598
62439617,0.084229,0.12085,1.051514
62444617,0.085449,0.118408,1.04126
62449617,0.088623,0.11377,1.026123
62454617,0.094727,0.114502,1.040039
62459617,0.091309,0.119629,1.054688
62464617,0.084961,0.119385,1.040771
62469617,0.088867,0.11499,1.02832
62474617,0.091553,0.113037,1.042725
62479617,0.09082,0.117432,1.038574
62484617,0.093018,0.113525,1.039795
62489617,0.095215,0.114746,1.045898
62494617,0.085937,0.119629,1.046387
62499617,0.082031,0.119873,1.035156
62504617,0.087158,0.115723,1.044922
62509617,0.089844,0.113525,1.046143
62514617,0.088623,0.115967,1.049072
62519617,0.105225,0.102051,1.050049
62524617,0.081055,0.126221,1.06543
62529617,0.080811,0.138916,1.061035
62534617,0.063965,0.117188,1.039795
62539617,0.079102,0.10498,0.998779
62544617,0.086182,0.109375,1.040283
62549617,0.095947,0.110596,1.049561
62554617,0.094238,0.112793,1.032959
62559617,0.09082,0.116943,1.048096
62564617,0.089844,0.126465,1.050293
62569617,0.081543,0.11792,1.032959
62574617,0.092041,0.113281,1.027588
62579617,0.095459,0.115723,1.044189
62584617,0.093994,0.119629,1.045166
62589617,0.092285,0.114258,1.043701
62594617,0.084961,0.121826,1.049316
62599617,0.088867,0.118652,1.042725
62604617,0.089355,0.111084,1.036133
62609617,0.091309,0.11084,1.022949
62614617,0.095215,0.11377,1.04248
62619617,0.093506,0.117188,1.047607
62624617,0.082764,0.116699,1.041992
62629617,0.082764,0.118164,1.045166
62634617,0.088135,0.117188,1.037109
62639617,0.090332,0.11499,1.035156
62644617,0.09082,0.113525,1.047119
62649617,0.092285,0.118896,1.042725
62654617,0.089111,0.12207,1.038574
62659617,0.086426,0.115479,1.043701
62664617,0.084961,0.115479,1.046387
62669617,0.084961,0.112793,1.031738
62674617,0.092041,0.109863,1.035889
62679617,0.092773,0.115479,1.044434
62684617,0.09082,0.112549,1.058594
62689617,0.084229,0.114502,1.037109
62694617,0.081543,0.125,1.035645
62699617,0.088623,0.119629,1.041748
62704617,0.095215,0.114014,1.038818
62709617,0.090576,0.114502,1.029541
62714617,0.090576,0.12207,1.048828
62719617,0.087402,0.115967,1.053711
62724617,0.083008,0.11377,1.029541
62729617,0.094238,0.11499,1.039795
62734617,0.093506,0.116943,1.045166
62739617,0.091553,0.114746,1.048828
62744617,0.088867,0.116943,1.047119
62749617,0.084717,0.115479,1.036133
62754617,0.085693,0.114746,1.038086
62759617,0.085693,0.118408,1.039795
62764617,0.087158,0.115234,1.03418
62769617,0.087891,0.120605,1.042725
62774617,0.091064,0.116943,1.040039
62779617,0.088379,0.118408,1.040527
62784617,0.089844,0.121582,1.034912
62789617,0.08667,0.115723,1.038574
62794617,0.094727,0.117432,1.040771
62799617,0.095947,0.118652,1.040771
62804617,0.09668,0.11792,1.043213
62809617,0.094482,0.113281,1.041992
62814617,0.088623,0.11499,1.041748
62819617,0.086182,0.112305,1.043213
62824617,0.086426,0.118896,1.041748
62829617,0.090576,0.116699,1.041016
62834617,0.089111,0.115723,1.040527
62839617,0.088623,0.117676,1.042236
62844617,0.088623,0.114258,1.044922
62849617,0.09082,0.117188,1.037354
62854617,0.087158,0.11499,1.04248
62859617,0.090576,0.117188,1.039307
62864617,0.092773,0.116943,1.038574
62869617,0.09082,0.118652,1.033203
62874617,0.094482,0.117432,1.03833
62879617,0.088379,0.11499,1.036865
62884617,0.087891,0.117676,1.040283
62889617,0.0896,0.116943,1.039795
62894617,0.079834,0.125244,1.033447
62899617,0.087891,0.109863,1.029785
62904617,0.098633,0.11499,1.05249
62909617,0.105957,0.115967,1.05542
62914617,0.092041,0.109375,1.019287
62919617,0.082031,0.125,1.056396
62924617,0.088867,0.124023,1.046631
62929617,0.084961,0.116699,1.039551
62934617,0.086426,0.112793,1.032471
62939617,0.08374,0.119141,1.048828
62944617,0.08667,0.11792,1.035889
62949617,0.086426,0.116455,1.032715
62954617,0.083496,0.119141,1.047363
62959617,0.096191,0.116211,1.046875
62964617,0.093262,0.116699,1.041504
62969617,0.094238,0.115234,1.041504
62974617,0.08667,0.121094,1.043945
62979617,0.091553,0.114258,1.041748
62984617,0.089111,0.115723,1.033691
62989617,0.089355,0.114502,1.043945
62994617,0.084961,0.116455,1.038574
62999617,0.0896,0.11792,1.043457
63004617,0.087402,0.116455,1.043945
63009617,0.088379,0.11792,1.042725
63014617,0.088135,0.118408,1.040771
63019617,0.091064,0.11084,1.041748
63024617,0.088623,0.118408,1.048828
63029617,0.083008,0.116699,1.040527
63034617,0.083984,0.116699,1.035889
63039617,0.088379,0.115723,1.041016
63044617,0.088379,0.120117,1.04126
63049617,0.089844,0.118164,1.043945
63054617,0.085205,0.117676,1.043945
63059617,0.091309,0.118164,1.03833
63064617,0.091797,0.121094,1.041016
63069617,0.089844,0.116699,1.037598
63074617,0.086426,0.119385,1.035156
63079617,0.089844,0.11084,1.041016
63084617,0.088379,0.116455,1.04126
63089617,0.088623,0.117432,1.043701
63094617,0.087646,0.114746,1.039551
63099617,0.086426,0.116211,1.039551
63104617,0.093506,0.113037,1.03833
63109617,0.093018,0.118896,1.040283
63114617,0.087646,0.121826,1.038818
63119617,0.093018,0.116455,1.037354
63124617,0.087402,0.115234,1.044922
63129617,0.091064,0.116943,1.042725
63134617,0.093262,0.117188,1.046387
63139617,0.088379,0.113281,1.030029
63144617,0.087646,0.116943,1.048096
63149617,0.090576,0.117188,1.042969
63154617,0.083008,0.11792,1.052979
63159617,0.084961,0.117432,1.04126
63164617,0.084229,0.116943,1.035889
63169617,0.088867,0.118652,1.044678
63174617,0.088867,0.116211,1.039795
63179617,0.090332,0.112061,1.039795
63184617,0.091309,0.116211,1.040771
63189617,0.090088,0.115234,1.047607
63194617,0.091064,0.118164,1.036865
63199617,0.0896,0.111816,1.046631
63204617,0.091064,0.118164,1.038818
63209617,0.093994,0.116211,1.038574
63214617,0.09082,0.114502,1.037842
63219617,0.085449,0.111572,1.038818
63224617,0.092529,0.116699,1.038574
63229617,0.088135,0.114746,1.030762
63234617,0.091553,0.118164,1.039551
63239617,0.086914,0.116455,1.043701
63244617,0.085693,0.114746,1.04541
63249617,0.087158,0.118652,1.043457
63254617,0.086426,0.115479,1.042969
63259617,0.090088,0.115723,1.036865
63264617,0.086182,0.115723,1.040527
63269617,0.09082,0.114746,1.038818
63274617,0.089111,0.118408,1.031738
63279617,0.091064,0.118652,1.039307
63284617,0.086914,0.116699,1.046143
63289617,0.085937,0.117432,1.035889
63294617,0.088623,0.115967,1.038086
63299617,0.091309,0.112549,1.043945
63304617,0.087158,0.116699,1.0354
63309617,0.087891,0.114014,1.04248
63314617,0.087646,0.115479,1.046631
63319617,0.090088,0.116943,1.044922
63324617,0.094482,0.117188,1.038086
63329617,0.087402,0.116699,1.036621
63334617,0.088379,0.116455,1.041016
63339617,0.085937,0.110107,1.039551
63344617,0.088135,0.117676,1.040771
63349617,0.087646,0.116455,1.043213
63354617,0.088623,0.114746,1.04248
63359617,0.087646,0.117676,1.044189
63364617,0.087402,0.116943,1.046631
63369617,0.091309,0.114502,1.039551
63374617,0.085937,0.116943,1.039063
63379617,0.089111,0.115723,1.044434
63384617,0.0896,0.114014,1.045166
63389617,0.090088,0.11792,1.040039
63394617,0.090576,0.117676,1.039307
63399617,0.088135,0.116699,1.033691
63404617,0.088135,0.118408,1.044189
63409617,0.084229,0.117188,1.037842
63414617,0.088135,0.114502,1.034912
63419617,0.088867,0.118408,1.039551
63424617,0.089355,0.116943,1.042236
63429617,0.089111,0.113525,1.041992
63434617,0.089844,0.115234,1.038574
63439617,0.088867,0.113037,1.043701
63444617,0.086914,0.115234,1.044434
63449617,0.091797,0.118652,1.044434
63454617,0.089111,0.11792,1.039551
63459617,0.088379,0.115967,1.041016
63464617,0.090088,0.119141,1.038818
63469617,0.090576,0.113281,1.039551
63474617,0.091309,0.115479,1.041016
63479617,0.090332,0.116943,1.039551
63484617,0.08667,0.119141,1.03833
63489617,0.092041,0.115234,1.035645
63494617,0.092773,0.116211,1.042725
63499617,0.093018,0.116943,1.043701
63504617,0.08667,0.117676,1.039551
63509617,0.085205,0.114746,1.038818
63514617,0.086914,0.11377,1.04126
63519617,0.088379,0.118164,1.040527
63524617,0.087646,0.116699,1.042725
63529617,0.089111,0.115723,1.042725
63534617,0.088623,0.113037,1.036133
63539617,0.088623,0.112793,1.040527
63544617,0.092285,0.117432,1.044189
63549617,0.086426,0.11792,1.035156
63554617,0.088623,0.11377,1.040039
63559617,0.089111,0.115967,1.041992
63564617,0.088867,0.115234,1.041748
63569617,0.085693,0.111816,1.038818
63574617,0.089355,0.116211,1.041016
63579617,0.087646,0.115479,1.046631
63584617,0.091553,0.116699,1.039063
63589617,0.092041,0.119629,1.046631
63594617,0.091309,0.116211,1.043701
63599617,0.084473,0.113281,1.039795
63604617,0.091553,0.120117,1.038086
63609617,0.087158,0.116699,1.03833
63614617,0.094727,0.116455,1.034912
63619617,0.088379,0.115967,1.034668
63624617,0.087646,0.119385,1.048828
63629617,0.08667,0.116699,1.042725
63634617,0.088623,0.116211,1.043945
63639617,0.088867,0.116211,1.043945
63644617,0.090576,0.117676,1.038086
63649617,0.088135,0.116699,1.042725
63654617,0.087158,0.115479,1.03418
63659617,0.088379,0.121338,1.039795
63664617,0.090332,0.114258,1.039795
63669617,0.093018,0.118896,1.040283
63674617,0.0896,0.118164,1.033936
63679617,0.088867,0.11499,1.038086
63684617,0.087158,0.119629,1.040039
63689617,0.09082,0.117432,1.039063
63694617,0.087402,0.117188,1.043213
63699617,0.088867,0.11499,1.046143
63704617,0.092773,0.118896,1.036865
63709617,0.085449,0.117676,1.04541
63714617,0.084961,0.113037,1.043945
63719617,0.089111,0.117188,1.040527
63724617,0.086914,0.11792,1.042236
63729617,0.087891,0.117676,1.041992
63734617,0.087891,0.118896,1.043457
63739617,0.090088,0.112061,1.038574
63744617,0.088135,0.116699,1.036865
63749617,0.088623,0.116943,1.044678
63754617,0.090576,0.117432,1.040771
63759617,0.085449,0.119873,1.037109
63764617,0.090332,0.118652,1.042969
63769617,0.091553,0.115967,1.038818
63774617,0.088867,0.116699,1.042725
63779617,0.086426,0.115234,1.043701
63784617,0.089111,0.118408,1.040039
63789617,0.091309,0.116699,1.045898
63794617,0.087646,0.11499,1.039551
63799617,0.086914,0.117676,1.042969
63804617,0.082031,0.116699,1.046143
63809617,0.088379,0.115967,1.041748
63814617,0.090576,0.11499,1.046387
63819617,0.090332,0.119873,1.046143
63824617,0.084961,0.114502,1.043945
63829617,0.089355,0.116943,1.042236
63834617,0.089844,0.116943,1.038574
63839617,0.091553,0.118896,1.040771
63844617,0.090576,0.11792,1.039307
63849617,0.089355,0.11499,1.037598
63854617,0.087891,0.111328,1.039551
63859617,0.091309,0.117188,1.041992
63864617,0.090088,0.116211,1.04126
63869617,0.0896,0.113281,1.03418
63874617,0.086182,0.115723,1.036377
63879617,0.089844,0.116455,1.042725
63884617,0.087646,0.116455,1.041748
63889617,0.087891,0.119385,1.039551
63894617,0.091309,0.119873,1.041504
63899617,0.087646,0.118408,1.037109
63904617,0.088867,0.119629,1.037842
63909617,0.089111,0.115967,1.036377
63914617,0.090576,0.120361,1.042236
63919617,0.08667,0.116699,1.044434
63924617,0.090332,0.121094,1.037109
63929617,0.087402,0.11499,1.036377
63934617,0.092529,0.114502,1.041504
63939617,0.085937,0.116699,1.034912
63944617,0.094482,0.111084,1.045166
63949617,0.087646,0.12085,1.034912
63954617,0.089355,0.113281,1.035889
63959617,0.088867,0.120361,1.047119
63964617,0.0896,0.120117,1.038574
63969617,0.091064,0.114746,1.040039
63974617,0.087158,0.11792,1.039307
63979617,0.090088,0.116699,1.031738
63984617,0.085449,0.115967,1.036133
63989617,0.08667,0.116943,1.040527
63994617,0.087158,0.117188,1.036621
63999617,0.092285,0.118652,1.035889
64004617,0.09082,0.113037,1.041504
64009617,0.089111,0.115479,1.038086
64014617,0.090576,0.11377,1.03833
64019617,0.088867,0.113281,1.038574
64024617,0.093018,0.113281,1.044434
64029617,0.089355,0.116455,1.038818
64034617,0.086182,0.116211,1.039063
64039617,0.086426,0.118896,1.041504
64044617,0.0896,0.120361,1.041992
64049617,0.091309,0.117188,1.038086
64054617,0.088379,0.117188,1.039551
64059617,0.091797,0.119141,1.039307
64064617,0.0896,0.118164,1.036865
64069617,0.090576,0.119873,1.042236
64074617,0.089355,0.112549,1.046143
64079617,0.086426,0.112793,1.044434
64084617,0.090332,0.116211,1.044189
64089617,0.089844,0.116211,1.039795
64094617,0.089844,0.11499,1.043213
64099617,0.088379,0.113281,1.041504
64104617,0.0896,0.11792,1.039063
64109617,0.088623,0.118164,1.035889
64114617,0.084961,0.122803,1.041016
64119617,0.09082,0.119629,1.043701
64124617,0.092773,0.120361,1.048828
64129617,0.086426,0.118896,1.039307
64134617,0.090332,0.115479,1.039551
64139617,0.088135,0.117432,1.042725
64144617,0.091553,0.114014,1.044434
64149617,0.092529,0.115234,1.03833
64154617,0.091064,0.117676,1.042969
64159617,0.0896,0.113525,1.040527
64164617,0.089355,0.116211,1.039551
64169617,0.086914,0.115967,1.042969
64174617,0.084717,0.117676,1.038086
64179617,0.085693,0.115234,1.03833
64184617,0.087646,0.116699,1.039551
64189617,0.087158,0.112549,1.04126
64194617,0.090088,0.115234,1.042236
64199617,0.085937,0.11377,1.039063
64204617,0.087402,0.11792,1.040771
64209617,0.091064,0.119873,1.049072
64214617,0.087646,0.117676,1.039063
64219617,0.09082,0.117432,1.039795
64224617,0.088867,0.110352,1.039551
64229617,0.078857,0.118896,1.044434
64234617,0.090576,0.126709,1.041504
64239617,0.084717,0.112305,1.044922
64244617,0.091064,0.115234,1.026123
64249617,0.0896,0.119385,1.047363
64254617,0.093506,0.113525,1.042969
64259617,0.093506,0.112305,1.033447
64264617,0.092041,0.115479,1.043945
64269617,0.096924,0.114258,1.054443
64274617,0.086426,0.119385,1.028809
64279617,0.087402,0.119141,1.038574
64284617,0.088379,0.119385,1.040039
64289617,0.087402,0.118164,1.030273
64294617,0.088135,0.117432,1.034424
64299617,0.084229,0.117188,1.045898
64304617,0.083984,0.116699,1.040283
64309617,0.081055,0.118164,1.040527
64314617,0.085449,0.119385,1.040771
64319617,0.086426,0.116943,1.047363
64324617,0.092285,0.118896,1.05127
64329617,0.091309,0.120605,1.040771
64334617,0.092041,0.115967,1.03418
64339617,0.089111,0.113525,1.039551
64344617,0.091553,0.110352,1.040771
64349617,0.093018,0.110352,1.039551
64354617,0.091309,0.114502,1.037598
64359617,0.094971,0.109131,1.043457
64364617,0.09082,0.118164,1.038086
64369617,0.082764,0.118652,1.045654
64374617,0.086914,0.11792,1.043701
64379617,0.084229,0.118652,1.039795
64384617,0.090088,0.114258,1.043701
64389617,0.090332,0.117188,1.045166
64394617,0.086182,0.118408,1.04541
64399617,0.081787,0.116455,1.030518
64404617,0.087158,0.119385,1.047363
64409617,0.088379,0.123291,1.040527
64414617,0.091797,0.113037,1.043945
64419617,0.093506,0.115479,1.043213
64424617,0.087646,0.115479,1.042969
64429617,0.0896,0.114258,1.032471
64434617,0.089355,0.115479,1.040771
64439617,0.090332,0.116699,1.04541
64444617,0.089844,0.118164,1.038086
64449617,0.088135,0.115723,1.035645
64454617,0.091553,0.120117,1.045898
64459617,0.091553,0.115234,1.040283
64464617,0.087891,0.118164,1.03833
64469617,0.08667,0.120361,1.046143
64474617,0.089355,0.114746,1.039795
64479617,0.0896,0.121582,1.041504
64484617,0.088135,0.120117,1.03833
64489617,0.085937,0.117188,1.041748
64494617,0.096191,0.119629,1.059082
64499617,0.081787,0.121094,1.042969
64504617,0.083008,0.116943,1.04834
64509617,0.090332,0.111084,1.044678
64514617,0.092529,0.102295,1.030273
64519617,0.093994,0.114014,1.051758
64524617,0.088379,0.116211,1.04126
64529617,0.088623,0.112305,1.036865
64534617,0.087402,0.116699,1.040039
64539617,0.083496,0.115723,1.036377
64544617,0.083008,0.116211,1.036621
64549617,0.09082,0.118896,1.039795
64554617,0.085937,0.115967,1.049316
64559617,0.087158,0.117188,1.038086
64564617,0.084961,0.118408,1.041016
64569617,0.090332,0.116699,1.045654
64574617,0.092041,0.120605,1.044922
64579617,0.090088,0.116699,1.039795
64584617,0.091064,0.11499,1.046875
64589617,0.090332,0.115967,1.046875
64594617,0.09375,0.118896,1.040039
64599617,0.090332,0.115723,1.043457
64604617,0.092529,0.114014,1.037354
64609617,0.086182,0.110352,1.041016
64614617,0.089355,0.109619,1.047852
64619617,0.082031,0.116455,1.041992
64624617,0.090088,0.112061,1.041748
64629617,0.080811,0.121094,1.040283
64634617,0.088867,0.116455,1.047607
64639617,0.089111,0.11792,1.040527
64644617,0.089355,0.119141,1.046631
64649617,0.090088,0.118652,1.038086
64654617,0.087158,0.116211,1.042236
64659617,0.087158,0.114502,1.04126
64664617,0.092529,0.116943,1.038086
64669617,0.095703,0.116455,1.039551
64674617,0.090332,0.114746,1.03833
64679617,0.084473,0.113037,1.044189
64684617,0.08667,0.115234,1.034912
64689617,0.087891,0.111816,1.041504
64694617,0.087158,0.112549,1.045898
64699617,0.092529,0.115723,1.044189
64704617,0.086182,0.116455,1.038574
64709617,0.084961,0.120117,1.041016
64714617,0.088135,0.118164,1.041016
64719617,0.091064,0.118652,1.0354
64724617,0.092041,0.12085,1.036621
64729617,0.0896,0.115479,1.039063
64734617,0.095215,0.115723,1.052734
64739617,0.090576,0.120117,1.035889
64744617,0.118164,0.119873,1.08374
64749617,0.085449,0.120117,1.074219
64754617,0.088379,0.130127,1.08252
64759617,0.071045,0.115234,1.041992
64764617,0.095215,0.099365,0.998535
64769617,0.094971,0.105469,1.048096
64774617,0.093018,0.110352,1.046143
64779617,0.087646,0.108643,1.030029
64784617,0.085937,0.118408,1.04834
64789617,0.085937,0.121582,1.046387
64794617,0.087646,0.119873,1.03833
64799617,0.097412,0.115479,1.027588
64804617,0.089355,0.121338,1.048584
64809617,0.091064,0.123535,1.048828
64814617,0.086182,0.118164,1.047363
64819617,0.091553,0.115479,1.046875
64824617,0.091309,0.11792,1.048096
64829617,0.085937,0.111572,1.024658
64834617,0.0896,0.103271,1.03125
64839617,0.089111,0.109619,1.039063
64844617,0.083008,0.121094,1.05249
64849617,0.090088,0.119629,1.045898
64854617,0.092773,0.12207,1.04541
64859617,0.0979,0.123779,1.051514
64864617,0.089111,0.115234,1.042236
64869617,0.089844,0.115967,1.033447
64874617,0.087158,0.126221,1.055664
64879617,0.089111,0.122314,1.042969
64884617,0.087158,0.121094,1.034912
64889617,0.083008,0.116943,1.034912
64894617,0.093018,0.116211,1.042969
64899617,0.090088,0.111328,1.042725
64904617,0.090332,0.113525,1.032715
64909617,0.086182,0.116943,1.046875
64914617,0.09375,0.112305,1.0354
64919617,0.088135,0.112549,1.042236
64924617,0.08667,0.114746,1.036621
64929617,0.091553,0.117188,1.039063
64934617,0.093994,0.117432,1.037598
64939617,0.084961,0.116455,1.040283
64944617,0.089844,0.12085,1.039551
64949617,0.088135,0.121338,1.038818
64954617,0.088379,0.117676,1.037598
64959617,0.089111,0.118408,1.043213
64964617,0.094727,0.11377,1.043213
64969617,0.088379,0.113525,1.035645
64974617,0.087646,0.119141,1.037842
64979617,0.093262,0.114746,1.050293
64984617,0.085449,0.110107,1.036133
64989617,0.090088,0.114014,1.03833
64994617,0.090332,0.111572,1.043457
64999617,0.091309,0.112549,1.042236
65004617,0.081787,0.118408,1.036865
65009617,0.089844,0.121094,1.041992
65014617,0.089111,0.121094,1.040039
65019617,0.09082,0.113281,1.039551
65024617,0.089844,0.119141,1.031982
65029617,0.094238,0.11792,1.050781
65034617,0.090576,0.119873,1.035156
65039617,0.091064,0.116943,1.045898
65044617,0.089111,0.116699,1.038086
65049617,0.088135,0.109863,1.043701
65054617,0.087891,0.117188,1.0354
65059617,0.09082,0.117188,1.040527
65064617,0.08667,0.112305,1.034912
65069617,0.087158,0.117676,1.046875
65074617,0.084717,0.115479,1.03833
65079617,0.090088,0.114746,1.036865
65084617,0.085449,0.118652,1.040283
65089617,0.092285,0.120605,1.044678
65094617,0.084717,0.115479,1.039307
65099617,0.082031,0.119141,1.020508
65104617,0.085205,0.115479,1.038574
65109617,0.091797,0.120605,1.036621
65114617,0.077881,0.119629,1.0354
65119617,0.087891,0.11792,1.042725
65124617,0.088867,0.115234,1.035889
65129617,0.089844,0.112549,1.03125
65134617,0.087158,0.112549,1.032471
65139617,0.093018,0.111328,1.044922
65144617,0.091309,0.121582,1.044434
65149617,0.088135,0.11377,1.040283
65154617,0.085693,0.118408,1.039795
65159617,0.084961,0.115723,1.041748
65164617,0.088623,0.12207,1.040771
65169617,0.0896,0.118896,1.044434
65174617,0.085693,0.124268,1.043457
65179617,0.085937,0.115479,1.035156
65184617,0.093994,0.113525,1.054443
65189617,0.08667,0.111816,1.02832
65194617,0.091553,0.110596,1.050049
65199617,0.08374,0.115479,1.028564
65204617,0.09668,0.112793,1.052979
65209617,0.092285,0.121826,1.044434
65214617,0.088135,0.113281,1.04248
65219617,0.087158,0.123047,1.043701
65224617,0.089844,0.111572,1.033447
65229617,0.092285,0.122803,1.054199
65234617,0.08252,0.11084,1.037109
65239617,0.088379,0.124512,1.059082
65244617,0.080322,0.116943,1.033203
65249617,0.098389,0.116211,1.055176
65254617,0.087891,0.114014,1.031982
65259617,0.098145,0.112061,1.04541
65264617,0.084961,0.119629,1.03125
65269617,0.089355,0.106689,1.044434
65274617,0.087891,0.119385,1.040771
65279617,0.090088,0.108154,1.040283
65284617,0.087158,0.121582,1.041992
65289617,0.087891,0.108887,1.035156
65294617,0.096924,0.120361,1.05249
65299617,0.084229,0.120361,1.028076
65304617,0.09375,0.116943,1.043701
65309617,0.088135,0.12207,1.037354
65314617,0.092285,0.119629,1.036621
65319617,0.09375,0.119629,1.045166
65324617,0.086914,0.118652,1.041992
65329617,0.09082,0.118652,1.045898
65334617,0.086914,0.11499,1.04126
65339617,0.090332,0.121826,1.043701
65344617,0.094482,0.115967,1.044189
65349617,0.088867,0.116455,1.043945
65354617,0.08667,0.116943,1.038574
65359617,0.090332,0.114258,1.031738
65364617,0.093506,0.112549,1.040527
65369617,0.089844,0.118652,1.04541
65374617,0.088623,0.115967,1.033203
65379617,0.090088,0.119629,1.046875
65384617,0.088867,0.122314,1.039063
65389617,0.091553,0.110596,1.039307
65394617,0.087158,0.126221,1.043457
65399617,0.081299,0.119629,1.030273
65404617,0.089111,0.116943,1.041992
65409617,0.090088,0.122559,1.043457
65414617,0.085693,0.119873,1.04248
65419617,0.087646,0.111084,1.040527
65424617,0.088379,0.119629,1.042969
65429617,0.088867,0.115967,1.043945
65434617,0.093018,0.114258,1.047363
65439617,0.091553,0.116211,1.040039
65444617,0.091797,0.115967,1.046387
65449617,0.088867,0.116699,1.032959
65454617,0.089355,0.118896,1.034912
65459617,0.087891,0.119141,1.0354
65464617,0.087158,0.116455,1.0354
65469617,0.093018,0.121338,1.046875
65474617,0.089355,0.117676,1.047119
65479617,0.086426,0.116699,1.042969
65484617,0.087402,0.119141,1.049072
65489617,0.089111,0.116943,1.040039
65494617,0.083252,0.120117,1.035156
65499617,0.087402,0.120361,1.039063
65504617,0.091064,0.116943,1.04248
65509617,0.090576,0.113281,1.044189
65514617,0.091064,0.114014,1.044678
65519617,0.08374,0.118408,1.039307
65524617,0.088867,0.113525,1.041992
65529617,0.084473,0.121582,1.040771
65534617,0.09082,0.118896,1.039795
65539617,0.091553,0.118408,1.037842
65544617,0.08667,0.120117,1.037109
65549617,0.088379,0.120361,1.034912
65554617,0.086914,0.119629,1.041992
65559617,0.091553,0.114502,1.037842
65564617,0.094238,0.113037,1.039551
65569617,0.087402,0.116943,1.041504
65574617,0.089844,0.11792,1.04541
65579617,0.08667,0.115723,1.042236
65584617,0.087402,0.114746,1.031982
65589617,0.090576,0.111572,1.035645
65594617,0.091064,0.115234,1.042969
65599617,0.095947,0.118896,1.037842
65604617,0.091064,0.119385,1.043701
65609617,0.090332,0.117432,1.040283
65614617,0.085937,0.111816,1.039063
65619617,0.086182,0.111084,1.04541
65624617,0.084961,0.111816,1.037109
65629617,0.088623,0.117432,1.048096
65634617,0.093018,0.114746,1.038086
65639617,0.089111,0.116211,1.040283
65644617,0.088379,0.115967,1.0354
65649617,0.087646,0.115723,1.036377
65654617,0.091064,0.115479,1.036377
65659617,0.089844,0.116455,1.044434
65664617,0.088135,0.11377,1.037354
65669617,0.0896,0.113037,1.044434
65674617,0.085693,0.117188,1.043945
65679617,0.085937,0.113525,1.0354
65684617,0.091064,0.115967,1.050293
65689617,0.089355,0.114014,1.039063
65694617,0.089355,0.120361,1.042725
65699617,0.088623,0.12085,1.042725
65704617,0.085937,0.115967,1.041504
65709617,0.091309,0.11499,1.04541
65714617,0.086182,0.118408,1.041504
65719617,0.093018,0.114502,1.038818
65724617,0.090332,0.115479,1.041016
65729617,0.088135,0.11792,1.042725
65734617,0.092529,0.116699,1.044434
65739617,0.092041,0.117188,1.044189
65744617,0.090332,0.116699,1.044678
65749617,0.091064,0.115723,1.043701
65754617,0.091797,0.116211,1.045654
65759617,0.0896,0.118896,1.039307
65764617,0.091309,0.116211,1.037842
65769617,0.091553,0.120117,1.043213
65774617,0.087402,0.115967,1.035156
65779617,0.091309,0.120117,1.04248
65784617,0.083008,0.118164,1.033203
65789617,0.087158,0.114258,1.045166
65794617,0.088623,0.116699,1.040039
65799617,0.087402,0.117432,1.053467
65804617,0.082275,0.114502,1.038818
65809617,0.084473,0.117188,1.045654
65814617,0.087158,0.118896,1.04248
65819617,0.08667,0.117676,1.042236
65824617,0.087646,0.118408,1.037109
65829617,0.092041,0.115479,1.034912
65834617,0.094482,0.118164,1.041504
65839617,0.094482,0.117188,1.049561
65844617,0.091553,0.116943,1.03418
65849617,0.08667,0.114502,1.041748
65854617,0.088379,0.118164,1.038574
65859617,0.087158,0.118652,1.039795
65864617,0.082275,0.117676,1.045166
65869617,0.084229,0.11792,1.04248
65874617,0.083984,0.116455,1.036865
65879617,0.094727,0.115967,1.041748
65884617,0.092041,0.114258,1.045654
65889617,0.088867,0.119873,1.040039
65894617,0.087402,0.114746,1.04126
65899617,0.085693,0.115723,1.04126
65904617,0.090332,0.112549,1.0354
65909617,0.09375,0.117676,1.046143
65914617,0.092041,0.117676,1.034668
65919617,0.0896,0.117676,1.038818
65924617,0.089111,0.117188,1.034668
65929617,0.08667,0.114014,1.044189
65934617,0.091553,0.116943,1.037354
65939617,0.0896,0.11377,1.036865
65944617,0.0896,0.113281,1.038086
65949617,0.086182,0.115479,1.037109
65954617,0.088867,0.115967,1.036377
65959617,0.090576,0.116943,1.033936
65964617,0.092529,0.112305,1.042969
65969617,0.093506,0.116943,1.03833
65974617,0.09082,0.117188,1.037354
65979617,0.085693,0.122314,1.040527
65984617,0.091064,0.118652,1.047852
65989617,0.083008,0.117188,1.04248
65994617,0.084717,0.118896,1.035645
65999617,0.087646,0.120605,1.039551
66004617,0.087402,0.113525,1.039307
66009617,0.087891,0.115479,1.04248
66014617,0.087646,0.114502,1.043457
66019617,0.094238,0.114502,1.038086
66024617,0.089844,0.119141,1.043701
66029617,0.084473,0.115723,1.034912
66034617,0.092773,0.118408,1.038086
66039617,0.090332,0.11377,1.035889
66044617,0.091309,0.117676,1.037842
66049617,0.088867,0.114502,1.038818
66054617,0.090088,0.116211,1.037109
66059617,0.085205,0.119873,1.039307
66064617,0.089355,0.114746,1.041992
66069617,0.090576,0.115967,1.033203
66074617,0.088867,0.115479,1.037842
66079617,0.088623,0.113525,1.040527
66084617,0.088135,0.116455,1.038818
66089617,0.091797,0.112061,1.035645
66094617,0.090332,0.116699,1.041504
66099617,0.089844,0.115723,1.039063
66104617,0.088867,0.112061,1.041016
66109617,0.085693,0.115234,1.040527
66114617,0.090332,0.11377,1.041992
66119617,0.083008,0.115479,1.038574
66124617,0.088867,0.11499,1.040527
66129617,0.087158,0.11377,1.042969
66134617,0.092285,0.114014,1.041992
66139617,0.088379,0.116455,1.038086
66144617,0.08252,0.115723,1.0354
66149617,0.08667,0.115967,1.043213
66154617,0.086182,0.112793,1.043701
66159617,0.088135,0.11499,1.039307
66164617,0.086426,0.120117,1.040283
66169617,0.086426,0.115479,1.037109
66174617,0.088135,0.115967,1.039307
66179617,0.091064,0.117432,1.04248
66184617,0.090088,0.11792,1.043701
66189617,0.091797,0.115234,1.044189
66194617,0.087891,0.115479,1.040039
66199617,0.095215,0.114258,1.04541
66204617,0.096924,0.113525,1.040771
66209617,0.091309,0.115967,1.046387
66214617,0.088867,0.118164,1.040527
66219617,0.087646,0.116211,1.042725
66224617,0.08667,0.116455,1.0354
66229617,0.092773,0.113525,1.04126
66234617,0.089355,0.115723,1.040771
66239617,0.08667,0.116699,1.040039
66244617,0.087158,0.114746,1.045166
66249617,0.086914,0.119385,1.038086
66254617,0.093262,0.114502,1.041504
66259617,0.090332,0.113525,1.042236
66264617,0.0896,0.114746,1.038818
66269617,0.088379,0.111328,1.041748
66274617,0.093262,0.115723,1.040039
66279617,0.086182,0.118652,1.032227
66284617,0.087158,0.118896,1.032715
66289617,0.09082,0.117432,1.03418
66294617,0.089111,0.115723,1.035645
66299617,0.091309,0.118164,1.042236
66304617,0.090332,0.11792,1.039551
66309617,0.095215,0.11377,1.03418
66314617,0.090576,0.115234,1.040527
66319617,0.092529,0.114014,1.038818
66324617,0.087646,0.118652,1.037598
66329617,0.09082,0.115234,1.04541
66334617,0.095215,0.120117,1.039551
66339617,0.090332,0.118408,1.047607
66344617,0.08252,0.116455,1.038574
66349617,0.091064,0.114502,1.042236
66354617,0.093506,0.114502,1.044678
66359617,0.089844,0.115967,1.035889
66364617,0.086914,0.119141,1.046387
66369617,0.08374,0.120605,1.042969
66374617,0.09082,0.11792,1.031982
66379617,0.088623,0.113525,1.042969
66384617,0.085205,0.113525,1.045654
66389617,0.092041,0.119629,1.038086
66394617,0.092285,0.119141,1.041992
66399617,0.090332,0.112305,1.044189
66404617,0.081787,0.116211,1.04248
66409617,0.09375,0.113525,1.039063
66414617,0.092041,0.118164,1.038086
66419617,0.086426,0.115723,1.030029
66424617,0.087891,0.116699,1.041992
66429617,0.089355,0.114502,1.04126
66434617,0.090332,0.115723,1.042236
66439617,0.090088,0.115479,1.036621
66444617,0.085205,0.118896,1.03418
66449617,0.087646,0.117432,1.036133
66454617,0.090576,0.116211,1.04541
66459617,0.087646,0.117432,1.041504
66464617,0.086914,0.117188,1.037354
66469617,0.093994,0.115967,1.044434
66474617,0.092529,0.116211,1.044434
66479617,0.089355,0.116943,1.040283
66484617,0.09082,0.115479,1.042969
66489617,0.087646,0.12085,1.033203
66494617,0.085693,0.116943,1.0354
66499617,0.091797,0.116455,1.047363
66504617,0.089355,0.11499,1.041992
66509617,0.087402,0.114502,1.035889
66514617,0.091797,0.113037,1.044189
66519617,0.089355,0.115479,1.041748
66524617,0.089844,0.11377,1.036133
66529617,0.092529,0.115967,1.044922
66534617,0.090576,0.113037,1.040771
66539617,0.091309,0.116943,1.036865
66544617,0.090576,0.117432,1.043701
66549617,0.088379,0.113281,1.045898
66554617,0.086426,0.117432,1.03125
66559617,0.09668,0.113281,1.051758
66564617,0.090576,0.115234,1.032227
66569617,0.089844,0.125732,1.048096
66574617,0.08667,0.112549,1.042725
66579617,0.08667,0.120361,1.046387
66584617,0.087646,0.112305,1.050049
66589617,0.081299,0.116943,1.036133
66594617,0.09082,0.113525,1.046875
66599617,0.088623,0.115234,1.03418
66604617,0.089355,0.116699,1.031982
66609617,0.097656,0.114502,1.047119
66614617,0.088379,0.114502,1.04248
66619617,0.08667,0.125977,1.037598
66624617,0.090576,0.115723,1.039795
66629617,0.086182,0.118408,1.035156
66634617,0.096191,0.115479,1.050537
66639617,0.089111,0.117676,1.031494
66644617,0.0896,0.123291,1.048584
66649617,0.09082,0.115967,1.040771
66654617,0.089111,0.11792,1.039795
66659617,0.088867,0.120361,1.05542
66664617,0.092285,0.114014,1.044189
66669617,0.087402,0.118652,1.037598
66674617,0.089111,0.114014,1.043945
66679617,0.085693,0.113525,1.027588
66684617,0.092773,0.118896,1.043945
66689617,0.086914,0.118408,1.041748
66694617,0.087891,0.114014,1.029053
66699617,0.087646,0.114258,1.041748
66704617,0.084473,0.118408,1.044922
66709617,0.088379,0.121826,1.036377
66714617,0.0896,0.117188,1.050049
66719617,0.089844,0.117432,1.037842
66724617,0.088867,0.119629,1.039795
66729617,0.091553,0.11792,1.039795
66734617,0.0896,0.115723,1.038818
66739617,0.091797,0.117432,1.038818
66744617,0.084717,0.118652,1.03833
66749617,0.091797,0.114746,1.037354
66754617,0.087891,0.113037,1.037842
66759617,0.087158,0.118896,1.041504
66764617,0.085205,0.11499,1.040039
66769617,0.084473,0.11792,1.039063
66774617,0.085449,0.116211,1.045898
66779617,0.083496,0.12085,1.032959
66784617,0.093018,0.118408,1.046387
66789617,0.088379,0.118408,1.044434
66794617,0.092041,0.121094,1.041748
66799617,0.090332,0.117432,1.040039
66804617,0.086182,0.115479,1.037354
66809617,0.091309,0.116455,1.054443
66814617,0.092773,0.123779,1.039063
66819617,0.095215,0.111572,1.0354
66824617,0.090088,0.115234,1.037109
66829617,0.09082,0.122314,1.052002
66834617,0.083008,0.116699,1.032715
66839617,0.090576,0.11377,1.041504
66844617,0.089355,0.116211,1.042236
66849617,0.087158,0.114014,1.045898
66854617,0.088867,0.120361,1.039551
66859617,0.092529,0.115723,1.049072
66864617,0.089111,0.121094,1.048828
66869617,0.088379,0.123291,1.040039
66874617,0.084717,0.120361,1.041748
66879617,0.088379,0.117432,1.040039
66884617,0.088623,0.118652,1.045654
66889617,0.092529,0.117188,1.041748
66894617,0.089355,0.116699,1.042236
66899617,0.091309,0.117676,1.039551
66904617,0.087158,0.113281,1.0354
66909617,0.088623,0.112793,1.040039
66914617,0.088867,0.116943,1.041992
66919617,0.088867,0.114502,1.03833
66924617,0.0896,0.116699,1.040039
66929617,0.088135,0.114258,1.04248
66934617,0.086182,0.119629,1.044434
66939617,0.082031,0.11499,1.0354
66944617,0.093994,0.119385,1.047363
66949617,0.090332,0.115967,1.041504
66954617,0.083008,0.119629,1.031494
66959617,0.094727,0.116699,1.054688
66964617,0.085693,0.111084,1.043701
66969617,0.086914,0.125977,1.024902
66974617,0.088867,0.11792,1.048096
66979617,0.092529,0.118896,1.040039
66984617,0.087158,0.111084,1.032471
66989617,0.090088,0.12207,1.046143
66994617,0.088867,0.122314,1.047119
66999617,0.087646,0.107666,1.031494
67004617,0.091553,0.114014,1.055664
67009617,0.086426,0.118408,1.032959
67014617,0.089111,0.118652,1.035156
67019617,0.085937,0.115479,1.042236
67024617,0.093994,0.119141,1.05542
67029617,0.089111,0.119629,1.032715
67034617,0.087402,0.113037,1.0271
67039617,0.088379,0.114258,1.053223
67044617,0.091553,0.119385,1.043945
67049617,0.088135,0.112305,1.037354
67054617,0.093994,0.119629,1.046143
67059617,0.0896,0.117432,1.041016
67064617,0.091553,0.116211,1.047607
67069617,0.095459,0.11792,1.035156
67074617,0.092773,0.117188,1.043213
67079617,0.087646,0.118408,1.042725
67084617,0.091797,0.116455,1.043457
67089617,0.089844,0.115234,1.043457
67094617,0.090332,0.119629,1.039795
67099617,0.087646,0.120605,1.038818
67104617,0.092773,0.115234,1.034668
67109617,0.092773,0.11377,1.043945
67114617,0.087158,0.120117,1.041016
67119617,0.089355,0.112305,1.042969
67124617,0.088623,0.116699,1.041992
67129617,0.091553,0.114746,1.044922
67134617,0.09082,0.115479,1.04248
67139617,0.090088,0.116211,1.039795
67144617,0.090332,0.120361,1.037109
67149617,0.092529,0.115234,1.044922
67154617,0.08667,0.119385,1.035889
67159617,0.091553,0.118652,1.045654
67164617,0.09082,0.116455,1.040771
67169617,0.089355,0.118164,1.040039
67174617,0.088379,0.115967,1.044434
67179617,0.087891,0.115234,1.036865
67184617,0.091309,0.115479,1.039307
67189617,0.0896,0.118164,1.043457
67194617,0.091797,0.114258,1.04541
67199617,0.088623,0.11499,1.039307
67204617,0.087402,0.115967,1.036621
67209617,0.087646,0.117188,1.040771
67214617,0.087158,0.120605,1.047363
67219617,0.091309,0.113525,1.044434
67224617,0.085693,0.11377,1.036133
67229617,0.092773,0.113037,1.038574
67234617,0.089111,0.116943,1.042969
67239617,0.089355,0.117676,1.032227
67244617,0.091797,0.116943,1.044678
67249617,0.090576,0.12085,1.043701
67254617,0.092285,0.11499,1.039307
67259617,0.088379,0.116699,1.042236
67264617,0.087402,0.114502,1.040527
67269617,0.087158,0.116699,1.037842
67274617,0.089111,0.116211,1.04126
67279617,0.086182,0.116211,1.037598
67284617,0.088135,0.118896,1.031006
67289617,0.087891,0.113281,1.04248
67294617,0.089111,0.120361,1.045898
67299617,0.084717,0.114746,1.034424
67304617,0.088623,0.114746,1.040039
67309617,0.084229,0.120605,1.036621
67314617,0.089844,0.117188,1.033691
67319617,0.093506,0.110596,1.040283
67324617,0.092773,0.116943,1.047607
67329617,0.091064,0.113281,1.032227
67334617,0.092285,0.116699,1.03125
67339617,0.094238,0.111816,1.052734
67344617,0.090088,0.119385,1.041016
67349617,0.087646,0.119385,1.030762
67354617,0.091064,0.117676,1.036133
67359617,0.089111,0.11792,1.043945
67364617,0.092773,0.112793,1.035156
67369617,0.088135,0.119141,1.042969
67374617,0.087158,0.118652,1.038086
67379617,0.08374,0.117676,1.039063
67384617,0.091797,0.116943,1.042969
67389617,0.0896,0.115479,1.040283
67394617,0.08667,0.122803,1.039307
67399617,0.090088,0.116699,1.040527
67404617,0.088867,0.11377,1.039063
67409617,0.091553,0.112549,1.047852
67414617,0.093262,0.115234,1.044922
67419617,0.088867,0.112793,1.038574
67424617,0.088379,0.116455,1.041992
67429617,0.089844,0.114502,1.043945
67434617,0.087891,0.118164,1.033936
67439617,0.087646,0.110352,1.037598
67444617,0.08667,0.116943,1.044678
67449617,0.086426,0.114258,1.039307
67454617,0.08667,0.113281,1.036865
67459617,0.0896,0.118164,1.04126
67464617,0.094971,0.117676,1.041016
67469617,0.091797,0.116211,1.046143
67474617,0.088135,0.116699,1.039063
67479617,0.091553,0.114746,1.041748
67484617,0.090576,0.113525,1.042236
67489617,0.087646,0.113281,1.043213
67494617,0.091797,0.117676,1.041992
67499617,0.087402,0.116211,1.04126
67504617,0.088623,0.116943,1.037354
67509617,0.092041,0.12085,1.038818
67514617,0.087646,0.112793,1.033936
67519617,0.092773,0.115967,1.041992
67524617,0.090576,0.118896,1.048828
67529617,0.08374,0.113525,1.032471
67534617,0.089355,0.114258,1.039307
67539617,0.087646,0.118408,1.037598
67544617,0.093018,0.116943,1.043701
67549617,0.0896,0.118408,1.036133
67554617,0.087402,0.114502,1.04248
67559617,0.086182,0.114258,1.035889
67564617,0.090088,0.116699,1.042236
67569617,0.091797,0.119141,1.042725
67574617,0.09082,0.11377,1.033936
67579617,0.0896,0.111572,1.041016
67584617,0.09082,0.117676,1.040527
67589617,0.090088,0.118408,1.037354
67594617,0.092041,0.118164,1.047852
67599617,0.087158,0.114746,1.036621
67604617,0.085937,0.117188,1.041748
67609617,0.079834,0.111572,1.041748
67614617,0.0896,0.119873,1.043213
67619617,0.089355,0.116211,1.045898
67624617,0.087402,0.12085,1.039551
67629617,0.091309,0.113037,1.041992
67634617,0.090088,0.116943,1.043945
67639617,0.089355,0.117188,1.039307
67644617,0.091797,0.113281,1.030273
67649617,0.089844,0.115234,1.043945
67654617,0.093994,0.114746,1.035645
67659617,0.090088,0.117432,1.034912
67664617,0.091553,0.112549,1.039063
67669617,0.094238,0.114258,1.042236
67674617,0.091797,0.120361,1.042725
67679617,0.084229,0.121826,1.040283
67684617,0.085205,0.116211,1.042725
67689617,0.091553,0.116455,1.043213
67694617,0.088379,0.118164,1.050537
67699617,0.083008,0.114502,1.034424
67704617,0.089844,0.113525,1.043457
67709617,0.089355,0.117188,1.042725
67714617,0.090088,0.112793,1.043945
67719617,0.089355,0.116699,1.04248
67724617,0.087891,0.115234,1.039063
67729617,0.094971,0.116455,1.039795
67734617,0.093506,0.115234,1.049805
67739617,0.092285,0.118896,1.037109
67744617,0.085937,0.117676,1.034668
67749617,0.087402,0.121094,1.040039
67754617,0.08667,0.11499,1.043945
67759617,0.08667,0.115234,1.045898
67764617,0.090088,0.118896,1.044189
67769617,0.088867,0.118652,1.039307
67774617,0.089111,0.114746,1.044189
67779617,0.089355,0.118408,1.037842
67784617,0.086914,0.115479,1.039795
67789617,0.086426,0.115234,1.038086
67794617,0.084717,0.116211,1.036133
67799617,0.092041,0.116455,1.039795
67804617,0.092773,0.116699,1.040283
67809617,0.090576,0.113525,1.043945
67814617,0.09082,0.117432,1.047119
67819617,0.083008,0.118164,1.041504
67824617,0.081543,0.119141,1.039795
67829617,0.087158,0.119873,1.035645
67834617,0.091309,0.111328,1.038574
67839617,0.092041,0.11792,1.046387
67844617,0.086914,0.121338,1.043457
67849617,0.087402,0.114746,1.039063
67854617,0.089844,0.112305,1.044678
67859617,0.093506,0.114258,1.047852
67864617,0.086914,0.117676,1.046143
67869617,0.084717,0.113281,1.038818
67874617,0.085693,0.114502,1.038574
67879617,0.093018,0.11377,1.043701
67884617,0.085693,0.112305,1.037109
67889617,0.091797,0.112305,1.038574
67894617,0.095703,0.113281,1.040527
67899617,0.088135,0.122559,1.04126
67904617,0.083984,0.122314,1.035889
67909617,0.092529,0.111084,1.037109
67914617,0.0896,0.112793,1.039551
67919617,0.092041,0.111572,1.040527
67924617,0.086914,0.110352,1.042236
67929617,0.081543,0.115723,1.044434
67934617,0.085449,0.116211,1.045898
67939617,0.088379,0.112793,1.039063
67944617,0.085693,0.11792,1.047852
67949617,0.085449,0.118164,1.0354
67954617,0.087891,0.118164,1.037598
67959617,0.088867,0.116699,1.041016
67964617,0.095947,0.114258,1.042725
67969617,0.092041,0.118652,1.039307
67974617,0.092529,0.115479,1.035645
67979617,0.093018,0.117188,1.036377
67984617,0.097168,0.116699,1.040283
67989617,0.089355,0.114258,1.032471
67994617,0.088135,0.116455,1.035156
67999617,0.087891,0.110352,1.041504
68004617,0.085693,0.112793,1.037109
68009617,0.08667,0.116699,1.043457
68014617,0.087646,0.117432,1.050537
68019617,0.08252,0.121338,1.040771
68024617,0.086182,0.116699,1.043945
68029617,0.087891,0.115967,1.048584
68034617,0.085205,0.120361,1.040283
68039617,0.089844,0.116455,1.037354
68044617,0.085693,0.113525,1.043213
68049617,0.092773,0.121826,1.04126
68054617,0.090088,0.117432,1.039063
68059617,0.089355,0.117188,1.041016
68064617,0.087402,0.113037,1.039063
68069617,0.095459,0.114502,1.041992
68074617,0.093506,0.11377,1.040527
68079617,0.087402,0.121338,1.033203
68084617,0.088623,0.11792,1.04834
68089617,0.091064,0.119629,1.04126
68094617,0.089844,0.116699,1.045898
68099617,0.090088,0.118652,1.047607
68104617,0.08667,0.117432,1.046143
68109617,0.088135,0.121582,1.045166
68114617,0.091064,0.11792,1.0354
68119617,0.089844,0.115967,1.043213
68124617,0.085693,0.115723,1.040039
68129617,0.091064,0.119141,1.038818
68134617,0.091553,0.115967,1.039063
68139617,0.091797,0.114014,1.039795
68144617,0.087891,0.114746,1.034424
68149617,0.08667,0.114746,1.032715
68154617,0.089355,0.114502,1.049316
68159617,0.084473,0.119629,1.038818
68164617,0.083496,0.113281,1.037842
68169617,0.085937,0.116943,1.044922
68174617,0.092285,0.117676,1.036133
68179617,0.090088,0.117676,1.032471
68184617,0.090088,0.112305,1.039063
68189617,0.088623,0.113281,1.043945
68194617,0.094727,0.116943,1.040771
68199617,0.090576,0.118896,1.032959
68204617,0.090088,0.111328,1.036865
68209617,0.094727,0.117188,1.053955
68214617,0.088135,0.11792,1.041504
68219617,0.089355,0.11377,1.043701
68224617,0.086182,0.11792,1.048096
68229617,0.085693,0.113525,1.037109
68234617,0.088623,0.119629,1.050537
68239617,0.087402,0.114746,1.035889
68244617,0.088135,0.116699,1.044678
68249617,0.088867,0.114746,1.04126
68254617,0.086182,0.119873,1.043457
68259617,0.091309,0.119873,1.040039
68264617,0.093262,0.115723,1.039795
68269617,0.090576,0.118896,1.037598
68274617,0.091064,0.11499,1.04541
68279617,0.089355,0.116699,1.034668
68284617,0.084717,0.117188,1.040771
68289617,0.085693,0.117188,1.037842
68294617,0.085449,0.115967,1.037842
68299617,0.087402,0.118652,1.042725
68304617,0.084961,0.11499,1.041748
68309617,0.087646,0.112549,1.039307
68314617,0.085449,0.115234,1.046387
68319617,0.089111,0.119873,1.03833
68324617,0.090088,0.119141,1.044189
68329617,0.095215,0.118408,1.041016
68334617,0.096924,0.11499,1.04126
68339617,0.093018,0.115723,1.035156
68344617,0.091064,0.11084,1.035156
68349617,0.092041,0.118408,1.039063
68354617,0.088135,0.116455,1.037842
68359617,0.094482,0.11792,1.044922
68364617,0.090088,0.11792,1.042969
68369617,0.089844,0.115723,1.04126
68374617,0.091309,0.113037,1.037598
68379617,0.088867,0.116699,1.044189
68384617,0.086914,0.113037,1.039063
68389617,0.083008,0.11499,1.039795
68394617,0.088135,0.116455,1.051025
68399617,0.088623,0.119141,1.044189
68404617,0.087891,0.115479,1.034912
68409617,0.091064,0.112061,1.032959
68414617,0.096436,0.120605,1.046875
68419617,0.087891,0.116699,1.030029
68424617,0.093018,0.114258,1.047119
68429617,0.086914,0.120605,1.036621
68434617,0.091064,0.11792,1.037598
68439617,0.084717,0.117432,1.037842
68444617,0.092773,0.112305,1.04126
68449617,0.093018,0.115723,1.043457
68454617,0.088135,0.116211,1.041748
68459617,0.0896,0.119873,1.044678
68464617,0.088135,0.118652,1.035645
68469617,0.085693,0.117676,1.040527
68474617,0.088623,0.115967,1.032227
68479617,0.092285,0.121582,1.054932
68484617,0.085693,0.116699,1.036133
68489617,0.09375,0.120117,1.047363
68494617,0.086914,0.119629,1.036621
68499617,0.0896,0.112061,1.041016
68504617,0.091064,0.118164,1.030029
68509617,0.091309,0.111328,1.04248
68514617,0.085449,0.119385,1.043457
68519617,0.088623,0.107666,1.03418
68524617,0.092041,0.121094,1.049805
68529617,0.089111,0.114258,1.03833
68534617,0.091797,0.121338,1.053223
68539617,0.090576,0.111816,1.038818
68544617,0.088623,0.115723,1.041016
68549617,0.088135,0.113525,1.035156
68554617,0.099121,0.118408,1.045898
68559617,0.088867,0.114502,1.04126
68564617,0.091064,0.118164,1.047852
68569617,0.09082,0.112793,1.039063
68574617,0.093994,0.118164,1.037109
68579617,0.09082,0.115967,1.037109
68584617,0.09375,0.117676,1.044922
68589617,0.08667,0.113037,1.037109
68594617,0.0896,0.119385,1.045166
68599617,0.081787,0.114746,1.040283
68604617,0.080811,0.104492,1.057861
68609617,0.074463,0.113525,1.030273
68614617,0.075195,0.119873,1.037109
68619617,0.079834,0.119873,1.042725
68624617,0.078857,0.124268,1.037109
68629617,0.083496,0.131104,1.045166
68634617,0.088135,0.125977,1.040283
68639617,0.096924,0.12207,1.048584
68644617,0.095215,0.118408,1.035889
68649617,0.102295,0.120605,1.046387
68654617,0.09375,0.110596,1.028564
68659617,0.095947,0.116455,1.042969
68664617,0.0896,0.111084,1.035156
68669617,0.095215,0.105957,1.042725
68674617,0.089111,0.102783,1.0354
68679617,0.085205,0.118652,1.03418
68684617,0.081787,0.116699,1.040283
68689617,0.085693,0.113281,1.044434
68694617,0.079102,0.118164,1.039795
68699617,0.078857,0.119629,1.044922
68704617,0.082031,0.121582,1.043457
68709617,0.084717,0.125244,1.04126
68714617,0.09082,0.130371,1.049316
68719617,0.088623,0.125,1.046387
68724617,0.086182,0.121338,1.043701
68729617,0.093018,0.118652,1.044189
68734617,0.091064,0.118652,1.039307
68739617,0.094727,0.112305,1.032959
68744617,0.094482,0.110107,1.036377
68749617,0.094238,0.111084,1.040039
68754617,0.09082,0.113525,1.041992
68759617,0.083252,0.110596,1.041992
68764617,0.084717,0.113037,1.042236
68769617,0.084229,0.117676,1.040039
68774617,0.08374,0.116211,1.040771
68779617,0.085205,0.118896,1.047852
68784617,0.081299,0.125488,1.040283
68789617,0.085693,0.126465,1.044922
68794617,0.088135,0.124268,1.045654
68799617,0.085693,0.125488,1.044434
68804617,0.090576,0.117432,1.03125
68809617,0.086914,0.115479,1.044189
68814617,0.088623,0.119385,1.042236
68819617,0.089111,0.115479,1.0354
68824617,0.092041,0.109863,1.037109
68829617,0.089111,0.108398,1.044678
68834617,0.087402,0.11377,1.042236
68839617,0.087158,0.117676,1.043457
68844617,0.088379,0.114502,1.042236
68849617,0.08667,0.118896,1.040527
68854617,0.085693,0.12085,1.04541
68859617,0.085693,0.121338,1.033936
68864617,0.08667,0.121094,1.038818
68869617,0.084229,0.123779,1.041504
68874617,0.093994,0.11792,1.044189
68879617,0.0896,0.114502,1.04126
68884617,0.097656,0.117188,1.043213
68889617,0.090332,0.114746,1.044434
68894617,0.086914,0.11792,1.042236
68899617,0.09082,0.112061,1.035889
68904617,0.092529,0.107422,1.037598
68909617,0.09375,0.112305,1.040527
68914617,0.085937,0.114746,1.04126
68919617,0.090576,0.114014,1.037598
68924617,0.09375,0.115234,1.048096
68929617,0.088379,0.114258,1.034912
68934617,0.087646,0.121826,1.05249
68939617,0.08667,0.123291,1.045166
68944617,0.082031,0.120361,1.035156
68949617,0.082764,0.115723,1.042969
68954617,0.089844,0.115234,1.042725
68959617,0.088135,0.117432,1.046143
68964617,0.095703,0.114502,1.047852
68969617,0.0896,0.113525,1.042725
68974617,0.087402,0.114746,1.037109
68979617,0.087646,0.113525,1.042725
68984617,0.088623,0.111816,1.036133
68989617,0.086914,0.112793,1.033936
68994617,0.091553,0.111572,1.033447
68999617,0.091553,0.116211,1.037354
69004617,0.08374,0.113037,1.042725
69009617,0.08667,0.118896,1.044434
69014617,0.085205,0.122314,1.038086
69019617,0.083008,0.123779,1.042236
69024617,0.085693,0.123779,1.04126
69029617,0.087158,0.121582,1.044189
69034617,0.082764,0.116455,1.038086
69039617,0.087891,0.117432,1.045654
69044617,0.086426,0.118896,1.040283
69049617,0.090576,0.115723,1.037598
69054617,0.088867,0.113281,1.036377
69059617,0.088867,0.117432,1.039307
69064617,0.087158,0.113037,1.046875
69069617,0.089355,0.118164,1.041992
69074617,0.089355,0.11377,1.044922
69079617,0.089111,0.108398,1.036621
69084617,0.088623,0.118652,1.039795
69089617,0.094971,0.11792,1.032959
69094617,0.092041,0.119873,1.039063
69099617,0.0896,0.116211,1.038086
69104617,0.090088,0.119141,1.037842
69109617,0.090332,0.118896,1.041504
69114617,0.089844,0.119385,1.039307
69119617,0.088867,0.117188,1.039551
69124617,0.087158,0.118896,1.039551
69129617,0.083008,0.112549,1.042236
69134617,0.084473,0.115967,1.039551
69139617,0.086914,0.117676,1.044434
69144617,0.087646,0.117432,1.044678
69149617,0.088867,0.114258,1.038086
69154617,0.088135,0.118408,1.044189
69159617,0.0896,0.112549,1.039551
69164617,0.092529,0.112793,1.03833
69169617,0.089844,0.119873,1.038574
69174617,0.091797,0.116699,1.037354
69179617,0.092529,0.11499,1.044678
69184617,0.091064,0.118896,1.041992
69189617,0.091553,0.120605,1.042236
69194617,0.092529,0.11377,1.040771
69199617,0.092041,0.113281,1.039307
69204617,0.088623,0.116699,1.037109
69209617,0.088379,0.118896,1.042236
69214617,0.085937,0.115723,1.041504
69219617,0.084229,0.114014,1.036133
69224617,0.086914,0.111328,1.043213
69229617,0.089355,0.117432,1.039795
69234617,0.085937,0.116455,1.041748
69239617,0.089355,0.117676,1.044922
69244617,0.0896,0.115723,1.049561
69249617,0.090088,0.11377,1.037109
69254617,0.096436,0.119873,1.040039
69259617,0.088867,0.117432,1.040527
69264617,0.085937,0.121094,1.039063
69269617,0.089355,0.117188,1.044678
69274617,0.088135,0.114014,1.04126
69279617,0.090088,0.124512,1.041504
69284617,0.090088,0.115723,1.035889
69289617,0.086182,0.110107,1.038818
69294617,0.087646,0.118896,1.04248
69299617,0.088379,0.116455,1.030518
69304617,0.089111,0.115967,1.046631
69309617,0.087646,0.119385,1.039063
69314617,0.091797,0.11499,1.046631
69319617,0.091553,0.11792,1.041992
69324617,0.090332,0.117432,1.036621
69329617,0.090088,0.11499,1.04834
69334617,0.083008,0.120361,1.040283
69339617,0.088867,0.119873,1.042969
69344617,0.087891,0.115967,1.040771
69349617,0.086182,0.116699,1.038574
69354617,0.084473,0.118164,1.047607
69359617,0.086182,0.12085,1.037842
69364617,0.09082,0.117432,1.048096
69369617,0.087402,0.111816,1.042236
69374617,0.088867,0.11792,1.040527
69379617,0.088623,0.119141,1.038818
69384617,0.087158,0.116943,1.044922
69389617,0.093018,0.11377,1.040039
69394617,0.093262,0.114746,1.042969
69399617,0.089844,0.115967,1.041504
69404617,0.094971,0.119873,1.043457
69409617,0.089355,0.116211,1.034424
69414617,0.093262,0.119141,1.03833
69419617,0.088135,0.116455,1.04248
69424617,0.085937,0.117188,1.044189
69429617,0.088623,0.115234,1.04248
69434617,0.0896,0.112549,1.040283
69439617,0.08667,0.116211,1.04126
69444617,0.087402,0.115479,1.038086
69449617,0.088135,0.116699,1.041504
69454617,0.085205,0.12085,1.043701
69459617,0.088379,0.115723,1.031738
69464617,0.091797,0.114746,1.045166
69469617,0.087891,0.118164,1.035645
69474617,0.089111,0.116211,1.039307
69479617,0.092773,0.115967,1.032471
69484617,0.094482,0.117188,1.039795
69489617,0.092285,0.118652,1.041748
69494617,0.084473,0.115967,1.043457
69499617,0.084961,0.115479,1.038818
69504617,0.087891,0.115479,1.039551
69509617,0.088135,0.120361,1.04126
69514617,0.088623,0.118896,1.042969
69519617,0.085937,0.114258,1.042236
69524617,0.091797,0.117676,1.041504
69529617,0.088135,0.116943,1.045654
69534617,0.088623,0.113037,1.043945
69539617,0.091553,0.117676,1.036377
69544617,0.090576,0.116455,1.04126
69549617,0.08667,0.112061,1.041016
69554617,0.090332,0.117432,1.039551
69559617,0.088135,0.118164,1.044189
69564617,0.087646,0.118164,1.044434
69569617,0.088623,0.119385,1.036133
69574617,0.083984,0.118164,1.037598
69579617,0.09082,0.115967,1.041748
69584617,0.090576,0.119385,1.04248
69589617,0.088867,0.119873,1.037598
69594617,0.086426,0.114014,1.036621
69599617,0.087402,0.11792,1.039551
69604617,0.09375,0.113525,1.041504
69609617,0.088867,0.116211,1.04126
69614617,0.090088,0.114502,1.041748
69619617,0.0896,0.115723,1.045898
69624617,0.089844,0.11377,1.033447
69629617,0.09082,0.117676,1.03833
69634617,0.090332,0.11792,1.044434
69639617,0.085449,0.116943,1.040527
69644617,0.083984,0.116943,1.039063
69649617,0.087891,0.114502,1.041992
69654617,0.08667,0.116943,1.042236
69659617,0.089111,0.118164,1.04248
69664617,0.091553,0.115234,1.048828
69669617,0.088867,0.118896,1.036377
69674617,0.084717,0.115234,1.040039
69679617,0.087891,0.115723,1.042725
69684617,0.092285,0.116455,1.045654
69689617,0.092285,0.118896,1.045166
69694617,0.086182,0.113037,1.040771
69699617,0.08667,0.116211,1.041748
69704617,0.090332,0.118408,1.042969
69709617,0.094482,0.123535,1.041016
69714617,0.093018,0.118408,1.03418
69719617,0.088135,0.118408,1.046143
69724617,0.090332,0.118896,1.030029
69729617,0.087646,0.117188,1.04126
69734617,0.090576,0.114014,1.039063
69739617,0.090576,0.118408,1.04541
69744617,0.086426,0.121826,1.033936
69749617,0.084229,0.113281,1.040283
69754617,0.086914,0.116943,1.03833
69759617,0.083252,0.114014,1.039551
69764617,0.087646,0.118164,1.039307
69769617,0.086914,0.113525,1.043701
69774617,0.087646,0.115967,1.03833
69779617,0.0896,0.116455,1.044189
69784617,0.091797,0.116699,1.039063
69789617,0.087891,0.116699,1.043945
69794617,0.09082,0.116455,1.039063
69799617,0.093506,0.113037,1.039795
69804617,0.095703,0.118652,1.0354
69809617,0.094971,0.11377,1.04126
69814617,0.091064,0.113037,1.034424
69819617,0.088623,0.115723,1.04248
69824617,0.091553,0.113281,1.042236
69829617,0.085205,0.117188,1.042236
69834617,0.088623,0.116699,1.036377
69839617,0.083008,0.116699,1.032959
69844617,0.087646,0.116699,1.044678
69849617,0.083496,0.119141,1.044189
69854617,0.082764,0.11499,1.034912
69859617,0.085693,0.121338,1.047363
69864617,0.085937,0.121582,1.042969
69869617,0.085449,0.11792,1.043945
69874617,0.089844,0.12085,1.050537
69879617,0.089844,0.117188,1.035645
69884617,0.093262,0.115479,1.046875
69889617,0.088379,0.12085,1.032471
69894617,0.092529,0.113037,1.034912
69899617,0.089355,0.117676,1.04248
69904617,0.089355,0.109131,1.03833
69909617,0.085937,0.115723,1.051025
69914617,0.091797,0.114746,1.036377
69919617,0.088379,0.114502,1.049561
69924617,0.089111,0.11499,1.039551
69929617,0.086914,0.114258,1.03833
69934617,0.087646,0.116211,1.038086
69939617,0.090088,0.117188,1.042969
69944617,0.087646,0.116943,1.033203
69949617,0.092773,0.120361,1.040527
69954617,0.094482,0.115723,1.046875
69959617,0.096191,0.117432,1.041992
69964617,0.09375,0.117676,1.043701
69969617,0.092529,0.115967,1.044434
69974617,0.090088,0.11084,1.030518
69979617,0.088867,0.114746,1.040039
69984617,0.087646,0.112549,1.042969
69989617,0.09082,0.111328,1.039795
69994617,0.085205,0.116699,1.034668
69999617,0.085449,0.116455,1.04126
70004617,0.088379,0.118408,1.041748
70009617,0.086182,0.119873,1.044434
70014617,0.084229,0.119385,1.036377
70019617,0.091309,0.12207,1.041016
70024617,0.091064,0.117188,1.045898
70029617,0.086426,0.11792,1.028076
70034617,0.093994,0.120605,1.041992
70039617,0.090332,0.116699,1.040771
70044617,0.093506,0.113281,1.041504
70049617,0.089844,0.120605,1.035645
70054617,0.090576,0.117432,1.041992
70059617,0.092773,0.118896,1.044922
70064617,0.090332,0.116211,1.040039
70069617,0.089111,0.116699,1.041504
70074617,0.085693,0.115234,1.044189
70079617,0.083252,0.114746,1.040039
70084617,0.089355,0.114502,1.044434
70089617,0.083008,0.115234,1.036865
70094617,0.085205,0.119629,1.05127
70099617,0.083252,0.117676,1.042725
70104617,0.081787,0.116211,1.04541
70109617,0.086914,0.115723,1.035645
70114617,0.08667,0.115967,1.045166
70119617,0.091309,0.121094,1.044678
70124617,0.092285,0.114258,1.046631
70129617,0.091797,0.113525,1.044189
70134617,0.0896,0.120361,1.036621
70139617,0.093262,0.113525,1.03833
70144617,0.089844,0.11377,1.034912
70149617,0.091309,0.116699,1.046875
70154617,0.0896,0.115967,1.032227
70159617,0.087646,0.118408,1.038086
70164617,0.087158,0.116699,1.038086
70169617,0.086914,0.119629,1.04541
70174617,0.093262,0.120605,1.04248
70179617,0.083496,0.120605,1.040283
70184617,0.086426,0.115967,1.038818
70189617,0.089844,0.114746,1.041748
70194617,0.084473,0.117676,1.037109
70199617,0.090576,0.116699,1.0354
70204617,0.09082,0.117188,1.042725
70209617,0.095215,0.114746,1.043213
70214617,0.09082,0.115967,1.047852
70219617,0.091553,0.117188,1.036621
70224617,0.09082,0.116211,1.043701
70229617,0.088867,0.116455,1.040527
70234617,0.090332,0.117432,1.037598
70239617,0.089111,0.116699,1.038818
70244617,0.09082,0.116211,1.036621
70249617,0.090576,0.112793,1.037842
70254617,0.087158,0.114014,1.041748
70259617,0.08667,0.116211,1.040527
70264617,0.087646,0.118408,1.039551
70269617,0.088623,0.116211,1.039307
70274617,0.087402,0.117188,1.041748
70279617,0.093506,0.118652,1.043701
70284617,0.089111,0.116211,1.031982
70289617,0.092529,0.115234,1.047119
70294617,0.089355,0.11792,1.031738
70299617,0.093506,0.119141,1.039063
70304617,0.084717,0.112793,1.037109
70309617,0.089355,0.11377,1.04541
70314617,0.09082,0.114502,1.039795
70319617,0.087402,0.121094,1.039795
70324617,0.090088,0.112061,1.04541
70329617,0.087891,0.114502,1.043945
70334617,0.087158,0.115234,1.039307
70339617,0.088623,0.115723,1.044678
70344617,0.087891,0.116455,1.041016
70349617,0.089355,0.118408,1.05127
70354617,0.085937,0.116699,1.0354
70359617,0.0896,0.118896,1.040771
70364617,0.091553,0.114258,1.043213
70369617,0.089355,0.116455,1.044922
70374617,0.088867,0.12085,1.039307
70379617,0.088135,0.120605,1.041016
70384617,0.088379,0.119873,1.044678
70389617,0.091064,0.116699,1.04541
70394617,0.088135,0.119629,1.043213
70399617,0.085693,0.117432,1.042725
70404617,0.084961,0.120117,1.041748
70409617,0.085449,0.117432,1.045654
70414617,0.08252,0.122803,1.045166
70419617,0.083984,0.116699,1.04834
70424617,0.090088,0.12085,1.038818
70429617,0.086426,0.11499,1.039063
70434617,0.092773,0.115723,1.045898
70439617,0.095703,0.119629,1.039795
70444617,0.093994,0.111572,1.047607
70449617,0.0979,0.115479,1.038086
70454617,0.096924,0.116211,1.036621
70459617,0.099365,0.11084,1.037354
70464617,0.095215,0.11377,1.029785
70469617,0.094238,0.113525,1.039795
70474617,0.092285,0.11792,1.036865
70479617,0.087158,0.124023,1.043945
70484617,0.081543,0.118408,1.037354
70489617,0.079834,0.116455,1.037109
70494617,0.091309,0.114258,1.045654
70499617,0.088379,0.119141,1.046631
70504617,0.07666,0.122314,1.050049
70509617,0.08252,0.118896,1.037109
70514617,0.088623,0.116699,1.046387
70519617,0.091309,0.119141,1.043701
70524617,0.0896,0.114746,1.048584
70529617,0.092041,0.119385,1.042969
70534617,0.092529,0.115234,1.044678
70539617,0.088379,0.112793,1.033691
70544617,0.096191,0.114258,1.04541
70549617,0.099365,0.113281,1.04541
70554617,0.094727,0.113037,1.043213
70559617,0.086914,0.115234,1.038086
70564617,0.090576,0.115723,1.034424
70569617,0.088135,0.116455,1.039795
70574617,0.087891,0.113525,1.041992
70579617,0.088135,0.121338,1.048096
70584617,0.081543,0.120361,1.040039
70589617,0.081543,0.118652,1.03418
70594617,0.084473,0.115967,1.031738
70599617,0.087158,0.117188,1.048096
70604617,0.092285,0.121582,1.03833
70609617,0.084229,0.118408,1.039063
70614617,0.085693,0.116943,1.031738
70619617,0.088623,0.111816,1.04126
70624617,0.091797,0.114502,1.036865
70629617,0.094971,0.115479,1.049561
70634617,0.088867,0.113525,1.037842
70639617,0.08667,0.118408,1.040527
70644617,0.093262,0.114746,1.041992
70649617,0.090332,0.116699,1.043213
70654617,0.087646,0.114014,1.041016
70659617,0.09082,0.116943,1.040039
70664617,0.089844,0.115234,1.044189
70669617,0.087646,0.116211,1.040283
70674617,0.084229,0.115234,1.035156
70679617,0.092041,0.116455,1.043213
70684617,0.089844,0.12207,1.038086
70689617,0.085693,0.113037,1.037842
70694617,0.087158,0.11499,1.037842
70699617,0.087646,0.114014,1.032227
70704617,0.091553,0.115479,1.034668
70709617,0.093506,0.119385,1.050293
70714617,0.08667,0.113281,1.038818
70719617,0.089355,0.115967,1.038086
70724617,0.092773,0.120361,1.040527
70729617,0.090332,0.113525,1.041504
70734617,0.088379,0.115479,1.043701
70739617,0.08667,0.118652,1.040039
70744617,0.087891,0.11792,1.045654
70749617,0.091553,0.114258,1.045166
70754617,0.089111,0.11499,1.041016
70759617,0.092529,0.11377,1.0354
70764617,0.088867,0.115967,1.038086
70769617,0.091797,0.116943,1.042725
70774617,0.086426,0.111084,1.033691
70779617,0.0896,0.111816,1.040039
70784617,0.087646,0.116455,1.033447
70789617,0.09082,0.117188,1.0354
70794617,0.090332,0.11792,1.042236
70799617,0.0896,0.11792,1.036377
70804617,0.090332,0.11377,1.03833
70809617,0.087891,0.116943,1.042725
70814617,0.086914,0.119385,1.041992
70819617,0.093018,0.117188,1.037109
70824617,0.085205,0.115967,1.039307
70829617,0.086914,0.11499,1.035645
70834617,0.0896,0.119141,1.042969
70839617,0.087646,0.11499,1.037842
70844617,0.088867,0.11499,1.04126
70849617,0.090576,0.115723,1.044189
70854617,0.090088,0.116211,1.041504
70859617,0.089844,0.119141,1.041992
70864617,0.085205,0.118408,1.047607
70869617,0.085449,0.116455,1.039551
70874617,0.093506,0.119873,1.037842
70879617,0.090088,0.118164,1.041016
70884617,0.091553,0.122314,1.038574
70889617,0.088135,0.11499,1.030029
70894617,0.085693,0.118164,1.040283
70899617,0.091797,0.115234,1.043945
70904617,0.088867,0.116943,1.033936
70909617,0.088867,0.116699,1.039795
70914617,0.089355,0.112061,1.040771
70919617,0.092285,0.112061,1.044678
70924617,0.088135,0.116455,1.046143
70929617,0.088135,0.119629,1.037842
70934617,0.084473,0.114502,1.039551
70939617,0.088379,0.114502,1.041992
70944617,0.083496,0.116943,1.029541
70949617,0.087646,0.119141,1.044922
70954617,0.087891,0.120605,1.032959
70959617,0.091553,0.115723,1.043213
70964617,0.091553,0.11792,1.034912
70969617,0.090576,0.120361,1.039063
70974617,0.096924,0.115479,1.039307
70979617,0.091797,0.114014,1.039551
70984617,0.09082,0.111328,1.038086
70989617,0.093506,0.113281,1.040039
70994617,0.088379,0.112549,1.037598
70999617,0.093018,0.113281,1.044189
71004617,0.088623,0.111816,1.045166
71009617,0.087891,0.114746,1.046143
71014617,0.087646,0.115967,1.04126
71019617,0.087891,0.115479,1.042969
71024617,0.088623,0.118652,1.041016
71029617,0.086914,0.118896,1.039307
71034617,0.083252,0.118164,1.041748
71039617,0.091553,0.118896,1.036865
71044617,0.089355,0.117432,1.041016
71049617,0.087402,0.112793,1.032471
71054617,0.091064,0.11792,1.042725
71059617,0.093262,0.113281,1.036865
71064617,0.088135,0.114502,1.046875
71069617,0.089111,0.114502,1.036377
71074617,0.084961,0.117432,1.033691
71079617,0.086914,0.117676,1.043945
71084617,0.095215,0.115723,1.050537
71089617,0.091797,0.11377,1.042725
71094617,0.08667,0.119141,1.04541
71099617,0.083008,0.119385,1.040771
71104617,0.089844,0.11499,1.039551
71109617,0.0896,0.118652,1.041748
71114617,0.091553,0.121094,1.041016
71119617,0.08667,0.119385,1.03833
71124617,0.088867,0.114502,1.04248
71129617,0.093262,0.112793,1.03833
71134617,0.094482,0.111328,1.041016
71139617,0.083984,0.117676,1.03418
71144617,0.085937,0.116943,1.0354
71149617,0.090088,0.113037,1.042236
71154617,0.093994,0.112793,1.043457
71159617,0.08667,0.114014,1.045654
71164617,0.088867,0.116943,1.034912
71169617,0.084961,0.114258,1.038818
71174617,0.090576,0.115479,1.040527
71179617,0.094238,0.122559,1.039551
71184617,0.092285,0.119385,1.044678
71189617,0.086914,0.121826,1.042969
71194617,0.086914,0.115723,1.043701
71199617,0.091064,0.11792,1.043945
71204617,0.086182,0.117188,1.044434
71209617,0.090088,0.115479,1.03833
71214617,0.085205,0.11377,1.040039
71219617,0.090332,0.112793,1.037109
71224617,0.091553,0.113281,1.04126
71229617,0.089355,0.115967,1.039551
71234617,0.091309,0.112549,1.034668
71239617,0.091797,0.118896,1.047119
71244617,0.086426,0.117188,1.038818
71249617,0.091064,0.117188,1.036377
71254617,0.089111,0.112793,1.047852
71259617,0.092285,0.123779,1.041016
71264617,0.086182,0.117432,1.037598
71269617,0.084961,0.108887,1.029541
71274617,0.090088,0.115234,1.037842
71279617,0.088623,0.114014,1.037354
71284617,0.092773,0.118896,1.044678
71289617,0.088867,0.121338,1.040283
71294617,0.083984,0.110107,1.039063
71299617,0.087891,0.11499,1.039551
71304617,0.087158,0.11499,1.038574
71309617,0.087646,0.121094,1.042725
71314617,0.095947,0.114014,1.037354
71319617,0.083008,0.116455,1.039063
71324617,0.088379,0.116943,1.041016
71329617,0.087158,0.115723,1.03833
71334617,0.089355,0.118408,1.038086
71339617,0.085449,0.112793,1.041504
71344617,0.089111,0.118408,1.040039
71349617,0.089355,0.120361,1.040283
71354617,0.08667,0.117432,1.047852
71359617,0.089111,0.115234,1.04541
71364617,0.084961,0.119629,1.032715
71369617,0.088623,0.11499,1.043701
71374617,0.088135,0.114502,1.041992
71379617,0.088867,0.115967,1.044434
71384617,0.085449,0.116455,1.035889
71389617,0.089844,0.115723,1.039307
71394617,0.090332,0.117432,1.041748
71399617,0.088867,0.120605,1.037354
71404617,0.089355,0.121826,1.037109
71409617,0.089844,0.116455,1.045898
71414617,0.0896,0.119873,1.040283
71419617,0.088623,0.119385,1.04248
71424617,0.09082,0.120361,1.04541
71429617,0.085693,0.115967,1.040283
71434617,0.088135,0.115967,1.041016
71439617,0.089355,0.114014,1.035156
71444617,0.088867,0.117432,1.040771
71449617,0.090088,0.115234,1.042236
71454617,0.093018,0.118164,1.030518
71459617,0.094238,0.117432,1.040771
71464617,0.091797,0.114746,1.044189
71469617,0.092041,0.113281,1.044922
71474617,0.089111,0.120117,1.041016
71479617,0.087891,0.11792,1.04248
71484617,0.085937,0.119873,1.033936
71489617,0.085693,0.119873,1.040527
71494617,0.088623,0.115479,1.040771
71499617,0.089844,0.11377,1.046631
71504617,0.087402,0.11792,1.036865
71509617,0.088867,0.11377,1.041992
71514617,0.093018,0.115723,1.046143
71519617,0.087158,0.114014,1.036133
71524617,0.08667,0.115723,1.041992
71529617,0.088379,0.119629,1.047119
71534617,0.093262,0.117188,1.039551
71539617,0.091064,0.120117,1.037598
71544617,0.089844,0.115479,1.040771
71549617,0.091553,0.117432,1.047119
71554617,0.091064,0.116943,1.035889
71559617,0.09082,0.112305,1.039795
71564617,0.087891,0.116699,1.041016
71569617,0.085937,0.118408,1.042725
71574617,0.088623,0.116211,1.046387
71579617,0.086182,0.116455,1.038574
71584617,0.084229,0.117676,1.045654
71589617,0.086182,0.11499,1.039551
71594617,0.087158,0.118164,1.044678
71599617,0.090088,0.114502,1.044189
71604617,0.083984,0.117432,1.039795
71609617,0.0896,0.118164,1.039307
71614617,0.093262,0.118896,1.040283
71619617,0.091309,0.115967,1.04248
71624617,0.092285,0.118652,1.042969
71629617,0.093018,0.117432,1.038574
71634617,0.092041,0.121094,1.039063
71639617,0.092041,0.117188,1.037109
71644617,0.095215,0.115479,1.045898
71649617,0.091309,0.118652,1.034912
71654617,0.092041,0.115479,1.045898
71659617,0.085937,0.118896,1.039307
71664617,0.089111,0.118896,1.047852
71669617,0.083008,0.11792,1.036621
71674617,0.085693,0.117432,1.043213
71679617,0.085693,0.115479,1.037354
71684617,0.091309,0.115967,1.043213
71689617,0.086426,0.117188,1.044189
71694617,0.089111,0.115479,1.044189
71699617,0.084717,0.118164,1.0354
71704617,0.086914,0.117432,1.043701
71709617,0.09082,0.115967,1.040283
71714617,0.090332,0.118652,1.046387
71719617,0.090576,0.114746,1.042236
71724617,0.0896,0.113525,1.032227
71729617,0.091797,0.115967,1.042725
71734617,0.09082,0.116455,1.038818
71739617,0.093262,0.113281,1.039307
71744617,0.090332,0.114746,1.043945
71749617,0.091309,0.11377,1.046631
71754617,0.083496,0.115479,1.036621
71759617,0.089355,0.115967,1.040039
71764617,0.088623,0.119141,1.040771
71769617,0.088867,0.117188,1.042969
71774617,0.0896,0.114746,1.035889
71779617,0.086426,0.11792,1.045654
71784617,0.092773,0.116699,1.041016
71789617,0.091064,0.116943,1.045654
71794617,0.092041,0.11792,1.043945
71799617,0.090576,0.117432,1.044922
71804617,0.086426,0.114014,1.046143
71809617,0.092529,0.115479,1.039795
71814617,0.093506,0.116943,1.044434
71819617,0.088623,0.115967,1.03833
71824617,0.089355,0.115234,1.039795
71829617,0.089355,0.115234,1.046387
71834617,0.090332,0.115234,1.042236
71839617,0.08374,0.119385,1.043457
71844617,0.086914,0.116211,1.041504
71849617,0.091064,0.113525,1.039551
71854617,0.08667,0.120117,1.043945
71859617,0.089111,0.118408,1.043701
71864617,0.08667,0.116943,1.049316
71869617,0.092285,0.115479,1.043701
71874617,0.091064,0.116699,1.040527
71879617,0.090088,0.113281,1.033447
71884617,0.0896,0.11792,1.040527
71889617,0.092041,0.116943,1.040527
71894617,0.090576,0.119629,1.042236
71899617,0.091553,0.116699,1.037354
71904617,0.091553,0.116943,1.041504
71909617,0.090088,0.115723,1.04541
71914617,0.087891,0.114014,1.032715
71919617,0.09082,0.113037,1.035645
71924617,0.091309,0.112793,1.048828
71929617,0.087402,0.121338,1.040771
71934617,0.088623,0.115967,1.037109
71939617,0.092285,0.120605,1.042725
71944617,0.088135,0.12085,1.040771
71949617,0.091553,0.119629,1.036621
71954617,0.087402,0.119385,1.034424
71959617,0.089844,0.119141,1.043213
71964617,0.092529,0.118164,1.047363
71969617,0.086914,0.113037,1.040527
71974617,0.088867,0.112305,1.038086
71979617,0.091553,0.11377,1.039795
71984617,0.09082,0.114014,1.046875
71989617,0.091064,0.116455,1.040527
71994617,0.089111,0.112549,1.039551
71999617,0.094482,0.11377,1.043701
72004617,0.094482,0.120361,1.041748
72009617,0.088867,0.118652,1.041504
72014617,0.095459,0.117676,1.042236
72019617,0.090088,0.11792,1.043701
72024617,0.085449,0.119385,1.038086
72029617,0.08667,0.118896,1.038086
72034617,0.088867,0.119141,1.039063
72039617,0.09082,0.119141,1.046631
72044617,0.086426,0.117432,1.040039
72049617,0.088135,0.116455,1.035156
72054617,0.093506,0.114746,1.036865
72059617,0.092041,0.114502,1.036377
72064617,0.089844,0.116455,1.041504
72069617,0.089111,0.112061,1.043701
72074617,0.088867,0.116211,1.036133
72079617,0.091064,0.115479,1.043701
72084617,0.088867,0.115479,1.039795
72089617,0.089355,0.118652,1.046875
72094617,0.085205,0.117676,1.038818
72099617,0.083984,0.118652,1.038086
72104617,0.087158,0.11792,1.042969
72109617,0.090088,0.116699,1.039795
72114617,0.081787,0.116943,1.045654
72119617,0.091553,0.113037,1.040039
72124617,0.09082,0.113281,1.042969
72129617,0.09375,0.11377,1.039551
72134617,0.08667,0.113037,1.037598
72139617,0.089111,0.113037,1.037598
72144617,0.091064,0.112793,1.04248
72149617,0.093506,0.111084,1.038574
72154617,0.092285,0.113037,1.040527
72159617,0.086182,0.119629,1.038574
72164617,0.091797,0.118164,1.041504
72169617,0.0896,0.117676,1.039795
72174617,0.085449,0.119873,1.041748
72179617,0.090576,0.119385,1.037842
72184617,0.089111,0.120605,1.041992
72189617,0.086182,0.119629,1.041748
72194617,0.085205,0.115967,1.042725
72199617,0.0896,0.117676,1.044678
72204617,0.092041,0.115723,1.038818
72209617,0.09082,0.118896,1.039307
72214617,0.089111,0.116699,1.040771
72219617,0.090576,0.112549,1.032959
72224617,0.088623,0.111816,1.040039
72229617,0.092285,0.112061,1.041992
72234617,0.090088,0.11792,1.042725
72239617,0.091553,0.117188,1.033936
72244617,0.085937,0.118408,1.036621
72249617,0.088623,0.118896,1.037598
72254617,0.087891,0.118896,1.044189
72259617,0.08667,0.122803,1.035156
72264617,0.089844,0.119629,1.040527
72269617,0.085937,0.118408,1.041748
72274617,0.08667,0.117676,1.0354
72279617,0.088135,0.118408,1.040527
72284617,0.093262,0.114258,1.043945
72289617,0.089111,0.118408,1.043213
72294617,0.090332,0.115234,1.047363
72299617,0.088379,0.116211,1.046631
72304617,0.093994,0.111084,1.037598
72309617,0.08667,0.116211,1.039063
72314617,0.089844,0.113525,1.03833
72319617,0.0896,0.117676,1.03833
72324617,0.089355,0.117676,1.037842
72329617,0.088135,0.119385,1.037842
72334617,0.089844,0.11792,1.046631
72339617,0.092773,0.115234,1.04248
72344617,0.090088,0.118652,1.045166
72349617,0.086182,0.119385,1.039307
72354617,0.085449,0.116211,1.04126
72359617,0.090576,0.117432,1.037598
72364617,0.086914,0.116211,1.037842
72369617,0.084717,0.116699,1.035645
72374617,0.085937,0.117676,1.037842
72379617,0.092285,0.113525,1.040283
72384617,0.088867,0.115723,1.039307
72389617,0.090088,0.116943,1.043457
72394617,0.088379,0.117188,1.045898
72399617,0.090576,0.123535,1.046143
72404617,0.088135,0.117432,1.042236
72409617,0.092529,0.115479,1.039063
72414617,0.082275,0.119629,1.041504
72419617,0.089111,0.117432,1.041016
72424617,0.094238,0.116943,1.044434
72429617,0.085449,0.117432,1.041016
72434617,0.0896,0.114014,1.037354
72439617,0.0896,0.114258,1.0354
72444617,0.089355,0.116455,1.044434
72449617,0.088867,0.114746,1.039063
72454617,0.094482,0.114014,1.048584
72459617,0.086426,0.116943,1.036133
72464617,0.089355,0.115234,1.044678
72469617,0.090088,0.118408,1.031982
72474617,0.091309,0.112305,1.04248
72479617,0.087158,0.116211,1.037109
72484617,0.085693,0.115967,1.037842
72489617,0.091797,0.11792,1.046387
72494617,0.089844,0.11792,1.045654
72499617,0.08667,0.115234,1.04248
72504617,0.088867,0.116455,1.040771
72509617,0.087402,0.116943,1.036865
72514617,0.0896,0.113525,1.047119
72519617,0.087646,0.121338,1.038574
72524617,0.087158,0.119141,1.040771
72529617,0.089844,0.117188,1.038086
72534617,0.089844,0.114502,1.041992
72539617,0.088379,0.11792,1.047119
72544617,0.086426,0.118652,1.043457
72549617,0.087158,0.116699,1.040039
72554617,0.087402,0.116943,1.045898
72559617,0.090332,0.117676,1.039307
72564617,0.088135,0.116943,1.040039
72569617,0.086914,0.118896,1.04541
72574617,0.089111,0.120117,1.043457
72579617,0.085205,0.12207,1.037354
72584617,0.084473,0.112793,1.036133
72589617,0.090332,0.117188,1.039795
72594617,0.091064,0.118164,1.039063
72599617,0.08667,0.110352,1.038818
72604617,0.089844,0.116211,1.05127
72609617,0.08667,0.116455,1.035889
72614617,0.090332,0.11084,1.047363
72619617,0.090332,0.119141,1.038818
72624617,0.090576,0.116943,1.03418
72629617,0.094482,0.116699,1.043213
72634617,0.08667,0.115967,1.033447
72639617,0.089844,0.112549,1.033691
72644617,0.091797,0.118896,1.038086
72649617,0.085937,0.116211,1.032715
72654617,0.089355,0.117432,1.041748
72659617,0.090576,0.116455,1.04248
72664617,0.083496,0.114746,1.037354
72669617,0.085205,0.121094,1.049561
72674617,0.084229,0.117432,1.033447
72679617,0.083984,0.113525,1.036865
72684617,0.088867,0.117432,1.03833
72689617,0.082275,0.114502,1.03125
72694617,0.089844,0.118408,1.045166
72699617,0.088379,0.115479,1.040771
72704617,0.087891,0.11792,1.045898
72709617,0.089844,0.118652,1.044922
72714617,0.087402,0.114502,1.036377
72719617,0.091064,0.115479,1.045166
72724617,0.090332,0.117188,1.030273
72729617,0.094727,0.119873,1.046875
72734617,0.086182,0.11792,1.039307
72739617,0.089355,0.116699,1.045166
72744617,0.092041,0.114014,1.035645
72749617,0.090088,0.116943,1.038818
72754617,0.088867,0.116943,1.044678
72759617,0.086426,0.120117,1.0354
72764617,0.085205,0.118652,1.04126
72769617,0.088623,0.118408,1.041016
72774617,0.084473,0.117188,1.032715
72779617,0.0896,0.117432,1.030518
72784617,0.090088,0.119629,1.047363
72789617,0.086182,0.115967,1.044434
72794617,0.087891,0.116699,1.048828
72799617,0.085205,0.121582,1.040283
72804617,0.084961,0.117188,1.03125
72809617,0.085693,0.121338,1.039063
72814617,0.090576,0.115967,1.040771
72819617,0.089844,0.11377,1.036865
72824617,0.087891,0.12085,1.03833
72829617,0.094971,0.116211,1.035645
72834617,0.095947,0.115967,1.037598
72839617,0.095215,0.112793,1.042725
72844617,0.09082,0.110352,1.044189
72849617,0.090088,0.116699,1.045654
72854617,0.085449,0.12207,1.045898
72859617,0.088379,0.117676,1.037598
72864617,0.092285,0.112305,1.033447
72869617,0.092773,0.117188,1.036865
72874617,0.089355,0.119629,1.039307
72879617,0.088623,0.121582,1.037842
72884617,0.091064,0.118896,1.039551
72889617,0.08667,0.118896,1.033447
72894617,0.092285,0.116943,1.038574
72899617,0.093506,0.110352,1.043457
72904617,0.091553,0.11499,1.04126
72909617,0.092773,0.11499,1.039063
72914617,0.084717,0.116943,1.049561
72919617,0.087158,0.114746,1.038818
72924617,0.09082,0.114014,1.044189
72929617,0.090088,0.116211,1.038818
72934617,0.092529,0.112793,1.038574
72939617,0.085205,0.120361,1.035645
72944617,0.084717,0.114014,1.036133
72949617,0.089355,0.11792,1.045166
72954617,0.089844,0.122314,1.039795
72959617,0.086914,0.118164,1.045166
72964617,0.080566,0.111328,1.030762
72969617,0.091553,0.113037,1.04541
72974617,0.088623,0.118164,1.042969
72979617,0.088623,0.118896,1.037354
72984617,0.085937,0.114502,1.045166
72989617,0.084473,0.110596,1.033203
72994617,0.092773,0.11499,1.031982
72999617,0.088867,0.119141,1.044434
73004617,0.089111,0.120605,1.038818
73009617,0.091553,0.116455,1.042725
73014617,0.087158,0.116943,1.027832
73019617,0.086914,0.118896,1.036377
73024617,0.087891,0.11792,1.032227
73029617,0.092285,0.114746,1.042969
73034617,0.089111,0.119873,1.035156
73039617,0.091064,0.119629,1.041504
73044617,0.086914,0.115967,1.04126
73049617,0.0896,0.122314,1.040527
73054617,0.090576,0.116943,1.041992
73059617,0.089111,0.118896,1.037598
73064617,0.082275,0.120361,1.04541
73069617,0.09082,0.116699,1.039795
73074617,0.086426,0.117188,1.041748
73079617,0.087891,0.111572,1.042236
73084617,0.086914,0.116211,1.044678
73089617,0.085205,0.118164,1.044434
73094617,0.084473,0.117188,1.040527
73099617,0.084961,0.116455,1.044678
73104617,0.091309,0.117188,1.046387
73109617,0.088867,0.112793,1.041504
73114617,0.092285,0.119385,1.040039
73119617,0.085449,0.118408,1.032715
73124617,0.088135,0.117188,1.040039
73129617,0.090576,0.120361,1.041748
73134617,0.089844,0.111572,1.044434
73139617,0.088623,0.117432,1.037109
73144617,0.088623,0.118164,1.038574
73149617,0.093018,0.113037,1.039307
73154617,0.087646,0.11377,1.040283
73159617,0.089355,0.114258,1.040771
73164617,0.085449,0.117188,1.040283
73169617,0.083496,0.117676,1.041748
73174617,0.083252,0.116455,1.043457
73179617,0.084961,0.119629,1.036133
73184617,0.092041,0.115967,1.039795
73189617,0.094727,0.116943,1.044678
73194617,0.087646,0.119873,1.039551
73199617,0.088867,0.113525,1.040771
73204617,0.090088,0.114502,1.041504
73209617,0.085693,0.118896,1.036377
73214617,0.088135,0.119873,1.03833
73219617,0.085205,0.116699,1.037598
73224617,0.087891,0.115723,1.042236
73229617,0.085693,0.11377,1.040283
73234617,0.088623,0.115967,1.03833
73239617,0.087402,0.116943,1.039551
73244617,0.086182,0.113037,1.043213
73249617,0.087891,0.114258,1.045166
73254617,0.08667,0.111816,1.045166
73259617,0.08667,0.113525,1.042236
73264617,0.086426,0.114502,1.041748
73269617,0.09082,0.11792,1.039551
73274617,0.088623,0.116455,1.044434
73279617,0.087402,0.116211,1.040527
73284617,0.089844,0.114258,1.041992
73289617,0.094727,0.116455,1.040039
73294617,0.088135,0.118164,1.048096
73299617,0.085449,0.116211,1.045654
73304617,0.087158,0.113525,1.034912
73309617,0.0896,0.114502,1.043701
73314617,0.091309,0.114502,1.039795
73319617,0.087646,0.119141,1.050293
73324617,0.087402,0.116943,1.041748
73329617,0.092041,0.117432,1.047119
73334617,0.088867,0.11792,1.033691
73339617,0.092773,0.116699,1.043213
73344617,0.09082,0.118164,1.037354
73349617,0.090088,0.113037,1.035645
73354617,0.088623,0.120117,1.032227
73359617,0.094238,0.114746,1.035645
73364617,0.091553,0.117188,1.046631
73369617,0.088623,0.115479,1.038574
73374617,0.094238,0.121094,1.040283
73379617,0.088623,0.120117,1.0354
73384617,0.086426,0.118896,1.039551
73389617,0.086426,0.117676,1.035645
73394617,0.09082,0.116455,1.04541
73399617,0.091797,0.114746,1.045654
73404617,0.092285,0.115723,1.040527
73409617,0.084717,0.116699,1.040039
73414617,0.088379,0.115479,1.037842
73419617,0.0896,0.119141,1.041016
73424617,0.092041,0.11377,1.037842
73429617,0.088135,0.117676,1.043945
73434617,0.090088,0.118164,1.046875
73439617,0.089844,0.115723,1.03418
73444617,0.090332,0.116943,1.037598
73449617,0.088379,0.116455,1.039551
73454617,0.092773,0.11792,1.04126
73459617,0.097412,0.121338,1.030518
73464617,0.090088,0.119873,1.043457
73469617,0.088867,0.119385,1.042236
73474617,0.086914,0.112305,1.037842
73479617,0.084717,0.116455,1.040039
73484617,0.083008,0.122314,1.039063
73489617,0.087646,0.114746,1.041016
73494617,0.091064,0.113037,1.041504
73499617,0.092285,0.117188,1.042236
73504617,0.092773,0.118408,1.046387
73509617,0.085937,0.117676,1.042236
73514617,0.088623,0.115479,1.039063
73519617,0.093018,0.117188,1.042236
73524617,0.093506,0.113281,1.037354
73529617,0.099609,0.120361,1.049316
73534617,0.091309,0.110596,1.036377
73539617,0.08667,0.11499,1.0354
73544617,0.082764,0.11499,1.033691
73549617,0.085449,0.106689,1.03833
73554617,0.085937,0.114014,1.034668
73559617,0.084961,0.116211,1.043213
73564617,0.083496,0.105225,1.034668
73569617,0.086182,0.102051,1.045166
73574617,0.091553,0.121094,1.047852
73579617,0.0896,0.12085,1.05249
73584617,0.078613,0.125,1.034668
73589617,0.086182,0.130615,1.022217
73594617,0.081543,0.12085,1.044922
73599617,0.088867,0.126221,1.040039
73604617,0.090088,0.125244,1.046387
73609617,0.089111,0.127686,1.049561
73614617,0.092285,0.116455,1.041016
73619617,0.088867,0.115234,1.036377
73624617,0.094238,0.11792,1.040771
73629617,0.092285,0.120361,1.044678
73634617,0.094971,0.116211,1.037354
73639617,0.089844,0.111084,1.044922
73644617,0.088867,0.11084,1.041016
73649617,0.085205,0.111816,1.041016
73654617,0.0896,0.108643,1.033691
73659617,0.091797,0.10791,1.04248
73664617,0.091553,0.114014,1.035889
73669617,0.086426,0.116455,1.042236
73674617,0.086182,0.119629,1.04541
73679617,0.084473,0.122559,1.035889
73684617,0.086914,0.120361,1.039063
73689617,0.09375,0.116699,1.039307
73694617,0.089844,0.119629,1.043213
73699617,0.090332,0.115967,1.04834
73704617,0.0896,0.116211,1.041504
73709617,0.087891,0.117432,1.041748
73714617,0.08374,0.115967,1.041504
73719617,0.088867,0.121826,1.036621
73724617,0.097412,0.109619,1.039795
73729617,0.094727,0.110107,1.043457
73734617,0.096191,0.114258,1.047119
73739617,0.088379,0.120361,1.045654
73744617,0.087402,0.120605,1.030273
73749617,0.087891,0.115479,1.039063
73754617,0.097168,0.119629,1.037354
73759617,0.091553,0.119385,1.047363
73764617,0.085693,0.124756,1.033936
73769617,0.083008,0.118896,1.038818
73774617,0.085205,0.119385,1.033936
73779617,0.086914,0.114258,1.042969
73784617,0.088379,0.112549,1.037109
73789617,0.090332,0.112305,1.050049
73794617,0.09375,0.109619,1.041748
73799617,0.096436,0.114014,1.035645
73804617,0.090576,0.11792,1.046875
73809617,0.092773,0.12085,1.037109
73814617,0.096924,0.121338,1.035156
73819617,0.099609,0.119873,1.035645
73824617,0.09668,0.123535,1.037842
73829617,0.095703,0.125732,1.035156
73834617,0.087646,0.120605,1.036865
73839617,0.083496,0.116211,1.033691
73844617,0.08252,0.114746,1.046875
73849617,0.080322,0.11377,1.050537
73854617,0.081543,0.108154,1.049072
73859617,0.08374,0.105957,1.054199
73864617,0.085205,0.108154,1.046631
73869617,0.084473,0.109863,1.047607
73874617,0.081543,0.116211,1.046143
73879617,0.085449,0.114746,1.043945
73884617,0.095215,0.116943,1.04834
73889617,0.094238,0.115967,1.036377
73894617,0.097168,0.118408,1.033203
73899617,0.090088,0.114258,1.034668
73904617,0.093018,0.115479,1.045898
73909617,0.092773,0.121582,1.039795
73914617,0.085937,0.110352,1.036865
73919617,0.084961,0.115967,1.035889
73924617,0.080322,0.112549,1.030518
73929617,0.080322,0.119141,1.042236
73934617,0.082031,0.116699,1.040771
73939617,0.081787,0.118164,1.046875
73944617,0.084229,0.11792,1.043945
73949617,0.087646,0.11792,1.050781
73954617,0.090088,0.12207,1.039307
73959617,0.094238,0.122314,1.034424
73964617,0.093994,0.119873,1.040527
73969617,0.095703,0.115234,1.036621
73974617,0.095947,0.119141,1.039795
73979617,0.093994,0.114014,1.038086
73984617,0.097656,0.114014,1.04248
73989617,0.091309,0.113281,1.040527
73994617,0.092773,0.114014,1.04248
73999617,0.086426,0.110352,1.046387
74004617,0.091309,0.114746,1.040039
74009617,0.087646,0.115967,1.038574
74014617,0.081055,0.110352,1.038086
74019617,0.08252,0.11499,1.044189
74024617,0.081787,0.118408,1.043945
74029617,0.081299,0.120117,1.039063
74034617,0.086426,0.123047,1.040039
74039617,0.08667,0.12207,1.041992
74044617,0.083008,0.118408,1.040527
74049617,0.091553,0.120605,1.042725
74054617,0.089844,0.118896,1.037354
74059617,0.088867,0.114502,1.043213
74064617,0.093994,0.114502,1.038574
74069617,0.091797,0.11499,1.045654
74074617,0.088623,0.110596,1.039063
74079617,0.09375,0.113281,1.037598
74084617,0.091797,0.11377,1.044434
74089617,0.094971,0.11377,1.036133
74094617,0.086182,0.116211,1.038574
74099617,0.085937,0.121338,1.042236
74104617,0.09082,0.117188,1.04541
74109617,0.087891,0.116211,1.042969
74114617,0.089844,0.124023,1.050537
74119617,0.085693,0.124268,1.042236
74124617,0.089355,0.121582,1.041748
74129617,0.091309,0.121094,1.042236
74134617,0.091309,0.110596,1.022461
74139617,0.078369,0.108643,1.054932
74144617,0.099121,0.123535,1.033691
74149617,0.0896,0.113525,1.068604
74154617,0.089111,0.105957,1.041016
74159617,0.095703,0.115234,1.01709
74164617,0.089844,0.108887,1.041016
74169617,0.092773,0.114502,1.043457
74174617,0.087402,0.118652,1.044434
74179617,0.081543,0.120117,1.046387
74184617,0.090332,0.125,1.051758
74189617,0.087402,0.119141,1.041504
74194617,0.084961,0.117188,1.02417
74199617,0.094482,0.116699,1.039795
74204617,0.090576,0.121582,1.059082
74209617,0.087402,0.122314,1.050049
74214617,0.081299,0.11499,1.047119
74219617,0.089111,0.116699,1.041504
74224617,0.0896,0.108643,1.038086
74229617,0.092773,0.111572,1.034424
74234617,0.092285,0.120605,1.049316
74239617,0.085937,0.115234,1.033936
74244617,0.087402,0.117188,1.037354
74249617,0.085205,0.127686,1.064697
74254617,0.085205,0.12085,1.031006
74259617,0.083496,0.100098,0.996094
74264617,0.099609,0.12915,0.998291
74269617,0.099121,0.133057,1.1521
74274617,0.08252,0.130127,1.058594
74279617,0.085449,0.108398,0.981689
74284617,0.079834,0.10791,1.003174
74289617,0.0979,0.12207,1.03833
74294617,0.102783,0.118164,1.049805
74299617,0.09082,0.118408,1.063477
74304617,0.076416,0.127686,1.066162
74309617,0.070068,0.119141,1.033691
74314617,0.078857,0.108398,0.999512
74319617,0.084717,0.109131,1.015625
74324617,0.109619,0.109375,1.051758
74329617,0.099609,0.131836,1.111816
74334617,0.08252,0.132324,1.059326
74339617,0.070801,0.103271,0.981689
74344617,0.085449,0.106934,1.004395
74349617,0.099854,0.132568,1.090332
74354617,0.10791,0.128662,1.085938
74359617,0.093506,0.095947,1.010498
74364617,0.081299,0.111572,1.017822
74369617,0.081055,0.122559,1.030029
74374617,0.087891,0.106445,1.024658
74379617,0.097168,0.115967,1.053223
74384617,0.097168,0.124023,1.089111
74389617,0.089355,0.126709,1.03125
74394617,0.081543,0.103027,1.009521
74399617,0.083496,0.124512,1.034912
74404617,0.08667,0.128662,1.064453
74409617,0.085205,0.110107,1.039063
74414617,0.095215,0.113525,1.039795
74419617,0.088867,0.120605,1.045166
74424617,0.090332,0.111084,1.0354
74429617,0.089355,0.107178,1.031494
74434617,0.093994,0.118164,1.053955
74439617,0.091064,0.120361,1.052979
74444617,0.091309,0.109375,1.034668
74449617,0.089844,0.114746,1.023682
74454617,0.097412,0.116699,1.016113
74459617,0.089355,0.115479,1.04834
74464617,0.087402,0.124023,1.072754
74469617,0.083496,0.122803,1.045166
74474617,0.083496,0.111816,1.014893
74479617,0.088135,0.111328,1.030029
74484617,0.095947,0.125244,1.053711
74489617,0.086182,0.119385,1.04541
74494617,0.085693,0.114746,1.042236
74499617,0.084473,0.123535,1.05249
74504617,0.075684,0.111572,1.019287
74509617,0.090332,0.104004,1.025635
74514617,0.098145,0.119385,1.053223
74519617,0.099121,0.118896,1.064209
74524617,0.094238,0.108154,1.023926
74529617,0.091309,0.113281,1.027832
74534617,0.088379,0.112061,1.038574
74539617,0.096436,0.117188,1.062012
74544617,0.096436,0.12085,1.072266
74549617,0.09668,0.126953,1.047363
74554617,0.082275,0.116455,1.011963
74559617,0.085449,0.11084,1.013672
74564617,0.087891,0.114746,1.043457
74569617,0.09082,0.124512,1.065918
74574617,0.083496,0.119873,1.062988
74579617,0.081787,0.114746,1.038818
74584617,0.083496,0.111816,1.008545
74589617,0.088867,0.10498,1.031006
74594617,0.095703,0.124023,1.061279
74599617,0.100098,0.11499,1.052734
74604617,0.092529,0.11792,1.056152
74609617,0.081543,0.115234,1.015381
74614617,0.087891,0.113281,1.034668
74619617,0.091553,0.116211,1.033936
74624617,0.090576,0.117676,1.027832
74629617,0.090332,0.112061,1.072266
74634617,0.084717,0.128906,1.049072
74639617,0.08667,0.114258,1.016357
74644617,0.082275,0.113525,1.028076
74649617,0.093018,0.119873,1.055664
74654617,0.095703,0.115479,1.054688
74659617,0.090088,0.106201,1.03418
74664617,0.088379,0.113525,1.046143
74669617,0.08252,0.116699,1.036133
74674617,0.085205,0.113281,1.035889
74679617,0.085205,0.112061,1.03125
74684617,0.091309,0.117188,1.053467
74689617,0.092285,0.120605,1.046387
74694617,0.091309,0.111816,1.032959
74699617,0.088379,0.117188,1.03418
74704617,0.088867,0.127441,1.044922
74709617,0.089111,0.120117,1.042236
74714617,0.094238,0.116943,1.042236
74719617,0.090332,0.119141,1.03833
74724617,0.086914,0.112061,1.0354
74729617,0.088867,0.113525,1.033691
74734617,0.09082,0.115479,1.046631
74739617,0.0896,0.118408,1.055908
74744617,0.089111,0.111816,1.044434
74749617,0.086426,0.121826,1.034912
74754617,0.088867,0.11499,1.034668
74759617,0.087402,0.116211,1.029541
74764617,0.091064,0.11792,1.040527
74769617,0.085205,0.109863,1.020508
74774617,0.086914,0.101318,1.070068
74779617,0.095459,0.133301,1.043213
74784617,0.086914,0.113037,1.038818
74789617,0.086426,0.10791,1.031738
74794617,0.094238,0.124268,1.033936
74799617,0.083496,0.109619,1.035889
74804617,0.096436,0.112549,1.04541
74809617,0.093506,0.124756,1.056885
74814617,0.074707,0.121826,1.046631
74819617,0.080078,0.119629,1.021973
74824617,0.084717,0.11792,1.031006
74829617,0.0896,0.114502,1.037109
74834617,0.091553,0.116699,1.038574
74839617,0.091553,0.118652,1.04248
74844617,0.085937,0.11792,1.046631
74849617,0.090088,0.115967,1.046143
74854617,0.095215,0.114746,1.042725
74859617,0.094238,0.114502,1.046875
74864617,0.089111,0.112305,1.038086
74869617,0.089355,0.113037,1.047363
74874617,0.089844,0.118408,1.05127
74879617,0.085937,0.11377,1.044189
74884617,0.088379,0.120117,1.032471
74889617,0.088135,0.116943,1.034424
74894617,0.087891,0.114502,1.038818
74899617,0.09375,0.116699,1.037109
74904617,0.090088,0.12207,1.044434
74909617,0.0896,0.118164,1.037842
74914617,0.090576,0.119873,1.040283
74919617,0.072021,0.104248,1.003174
74924617,0.098633,0.118652,1.049072
74929617,0.123291,0.146973,1.067871
74934617,0.08374,0.105225,1.064453
74939617,0.094238,0.109619,1.025146
74944617,0.091309,0.116455,1.004639
74949617,0.087646,0.097656,1.046875
74954617,0.101318,0.117676,1.039551
74959617,0.088135,0.113037,1.050781
74964617,0.078613,0.121582,1.042969
74969617,0.079346,0.121826,1.049805
74974617,0.081543,0.112305,1.022461
74979617,0.090332,0.117432,1.034912
74984617,0.093994,0.121826,1.055664
74989617,0.095703,0.122314,1.048828
74994617,0.074463,0.116943,1.023682
74999617,0.077148,0.128174,1.01709
75004617,0.079346,0.130859,1.020752
