timestamp_us,x_g,y_g,z_g
870244617,0.092285,0.118652,1.046143
870249617,0.086914,0.116455,1.036621
870254617,0.089844,0.118164,1.045654
870259617,0.086914,0.115234,1.036377
870264617,0.092041,0.119873,1.053467
870269617,0.089844,0.117188,1.039063
870274617,0.094727,0.115967,1.044678
870279617,0.097168,0.11792,1.044189
870284617,0.094482,0.113281,1.039063
870289617,0.095947,0.110352,1.033447
870294617,0.101074,0.114502,1.025879
870299617,0.098389,0.111816,1.042725
870304617,0.102783,0.116211,1.051025
870309617,0.091309,0.112061,1.03418
870314617,0.087402,0.115234,1.038086
870319617,0.096191,0.11792,1.052002
870324617,0.084229,0.115234,1.020264
870329617,0.091553,0.118408,1.052246
870334617,0.094971,0.117432,1.04248
870339617,0.086914,0.114502,1.034912
870344617,0.094971,0.124268,1.050537
870349617,0.086426,0.114258,1.029785
870354617,0.094482,0.109619,1.048584
870359617,0.092041,0.118164,1.039063
870364617,0.093018,0.115479,1.044434
870369617,0.08252,0.117432,1.041016
870374617,0.089355,0.114502,1.024658
870379617,0.101563,0.111816,1.039307
870384617,0.094727,0.115234,1.030518
870389617,0.101563,0.118652,1.045654
870394617,0.101074,0.113281,1.03833
870399617,0.107178,0.109619,1.036133
870404617,0.106689,0.11792,1.05542
870409617,0.093262,0.123779,1.029297
870414617,0.105713,0.11499,1.046387
870419617,0.099609,0.117188,1.043457
870424617,0.096924,0.121094,1.03248
873259617,0.096436,0.113037,1.038818
873264617,0.097168,0.114502,1.039063
873269617,0.096924,0.11377,1.038818
873274617,0.09668,0.116211,1.044189
873279617,0.101807,0.117188,1.046875
873284617,0.093262,0.119629,1.036621
873289617,0.090332,0.121826,1.03833
873294617,0.091309,0.11792,1.04126
873299617,0.099365,0.120361,1.047363
873304617,0.093262,0.115723,1.040039
873309617,0.097412,0.112061,1.046875
873314617,0.093262,0.116699,1.043457
873319617,0.090088,0.113525,1.034912
873324617,0.093994,0.11084,1.039795
873329617,0.094482,0.107422,1.040527
873334617,0.097656,0.114502,1.044922
873339617,0.094971,0.115967,1.047363
873344617,0.096191,0.119141,1.040527
873349617,0.090332,0.116699,1.037598
873354617,0.091797,0.114258,1.032471
873359617,0.097656,0.114502,1.039307
873364617,0.095459,0.116943,1.045654
873369617,0.095215,0.120605,1.046387
873374617,0.095215,0.11792,1.044189
873379617,0.098389,0.118896,1.041016
873384617,0.090576,0.118652,1.043945
873389617,0.094971,0.11377,1.041748
873394617,0.096436,0.117676,1.037598
873399617,0.095947,0.114502,1.048096
873404617,0.096191,0.116455,1.040039
873409617,0.092529,0.11792,1.04248
873414617,0.09668,0.115234,1.043945
873419617,0.094482,0.114014,1.041504
873424617,0.098145,0.115234,1.037598
873429617,0.103271,0.112793,1.036865
873434617,0.097168,0.116211,1.046387
873439617,0.092041,0.118896,1.04541
873444617,0.095215,0.115723,1.036377
873449617,0.09375,0.119873,1.037842
873454617,0.093262,0.116455,1.038086
873459617,0.093018,0.11792,1.039551
873464617,0.091064,0.114746,1.048096
873469617,0.091309,0.113037,1.037598
873474617,0.087646,0.113281,1.032959
873479617,0.092773,0.111572,1.043213
873484617,0.09375,0.116211,1.036377
873489617,0.093506,0.116699,1.048096
873494617,0.098389,0.116943,1.036621
873499617,0.099121,0.117188,1.034668
873504617,0.102051,0.117676,1.033936
873509617,0.103516,0.119873,1.037598
873514617,0.104248,0.119629,1.033691
873519617,0.10498,0.117188,1.036621
873524617,0.102051,0.120605,1.041748
873529617,0.097412,0.117676,1.040527
873534617,0.093018,0.115234,1.036865
873539617,0.090576,0.115234,1.039063
873544617,0.093262,0.114014,1.040527
873549617,0.091309,0.112305,1.041016
873554617,0.091064,0.110596,1.037842
873559617,0.094238,0.114258,1.044678
873564617,0.091553,0.112305,1.053467
873569617,0.0896,0.11377,1.041748
873574617,0.094971,0.114746,1.033691
873579617,0.097168,0.117188,1.044189
873584617,0.097412,0.116211,1.047607
873589617,0.095215,0.12085,1.035889
873594617,0.104492,0.118164,1.046875
873599617,0.096924,0.128174,1.045898
873604617,0.098633,0.119873,1.035156
873609617,0.107178,0.115234,1.044189
873614617,0.095947,0.109863,1.031494
873619617,0.096436,0.112061,1.016602
873624617,0.083252,0.123779,1.030029
873629617,0.075684,0.114746,1.036621
873634617,0.094482,0.107666,1.045654
873639617,0.099609,0.105469,1.061279
873644617,0.104004,0.104248,1.054443
873649617,0.093994,0.108887,1.053467
873654617,0.090576,0.114502,1.042969
873659617,0.093994,0.118164,1.062744
873664617,0.085449,0.114746,1.03418
873669617,0.098633,0.113281,1.03418
873674617,0.095947,0.115479,1.043457
873679617,0.090332,0.125,1.037109
873684617,0.088135,0.12793,1.03833
873689617,0.089111,0.120605,1.038574
873694617,0.093018,0.117676,1.043457
873699617,0.099609,0.118896,1.047363
873704617,0.103516,0.114502,1.041504
873709617,0.096191,0.111084,1.036621
873714617,0.102539,0.114502,1.045166
873719617,0.0979,0.116211,1.047363
873724617,0.096924,0.112549,1.040283
873729617,0.095459,0.108887,1.040527
873734617,0.097168,0.11377,1.033936
873739617,0.094238,0.112793,1.039795
873744617,0.092285,0.120361,1.041016
873749617,0.085937,0.124268,1.03833
873754617,0.089844,0.122314,1.038818
873759617,0.088135,0.120605,1.041748
873764617,0.0979,0.119629,1.04126
873769617,0.097412,0.12207,1.048096
873774617,0.095459,0.114746,1.048828
873779617,0.094727,0.118408,1.04126
873784617,0.095459,0.111816,1.040771
873789617,0.09668,0.113525,1.047119
873794617,0.09668,0.114746,1.040039
873799617,0.096924,0.109375,1.039307
873804617,0.0979,0.107666,1.043701
873809617,0.095215,0.112305,1.039551
873814617,0.093262,0.115967,1.036133
873819617,0.095703,0.113525,1.040039
873824617,0.095215,0.11499,1.033691
873829617,0.098389,0.119629,1.036133
873834617,0.095947,0.124023,1.045166
873839617,0.094238,0.122803,1.047852
873844617,0.095703,0.125488,1.040771
873849617,0.093506,0.125244,1.042236
873854617,0.099854,0.122559,1.04126
873859617,0.102295,0.114746,1.041992
873864617,0.104004,0.117432,1.039551
873869617,0.104492,0.109375,1.045654
873874617,0.106689,0.105225,1.047607
873879617,0.102783,0.099121,1.041992
873884617,0.102783,0.103271,1.033936
873889617,0.099854,0.108887,1.03125
873894617,0.099609,0.10791,1.038818
873899617,0.093018,0.112061,1.039307
873904617,0.091309,0.119141,1.046143
873909617,0.088867,0.12793,1.043213
873914617,0.077148,0.128174,1.042236
873919617,0.079834,0.132568,1.050049
873924617,0.078125,0.137695,1.051514
873929617,0.077881,0.136963,1.048828
873934617,0.078369,0.130859,1.047363
873939617,0.084961,0.126953,1.049805
873944617,0.092529,0.11792,1.047607
873949617,0.094971,0.115723,1.046387
873954617,0.102783,0.111328,1.034912
873959617,0.108154,0.106445,1.046143
873964617,0.110352,0.090576,1.039063
873969617,0.11499,0.104004,1.031982
873974617,0.115967,0.093994,1.020996
873979617,0.113037,0.095459,1.028076
873984617,0.103516,0.107666,1.037354
873989617,0.09082,0.110352,1.033203
873994617,0.092773,0.117676,1.032959
873999617,0.093018,0.125244,1.031738
874004617,0.090332,0.127686,1.03418
874009617,0.087402,0.137207,1.042236
874014617,0.08374,0.139404,1.056641
874019617,0.085449,0.143311,1.05835
874024617,0.09375,0.138672,1.062012
874029617,0.097656,0.128418,1.053955
874034617,0.095215,0.120117,1.049561
874039617,0.085693,0.107422,1.045166
874044617,0.083496,0.094727,1.038086
874049617,0.080811,0.091064,1.039551
874054617,0.087402,0.081055,1.035156
874059617,0.094727,0.083252,1.037109
874064617,0.096436,0.093506,1.028809
874069617,0.092773,0.108154,1.036377
874074617,0.101318,0.116211,1.044922
874079617,0.102539,0.128906,1.037598
874084617,0.109375,0.138184,1.043945
874089617,0.114014,0.145508,1.034424
874094617,0.112549,0.144775,1.045166
874099617,0.111816,0.145264,1.046143
874104617,0.103271,0.134033,1.034668
874109617,0.09668,0.12793,1.040527
874114617,0.090332,0.114258,1.04248
874119617,0.090332,0.105957,1.039551
874124617,0.085693,0.094727,1.038086
874129617,0.084717,0.09082,1.036377
874134617,0.081787,0.095459,1.047119
874139617,0.079102,0.092773,1.042969
874144617,0.082764,0.102295,1.049805
874149617,0.091797,0.111572,1.055908
874154617,0.090088,0.124023,1.048096
874159617,0.092529,0.12793,1.049316
874164617,0.096436,0.137451,1.044189
874169617,0.098633,0.139404,1.045898
874174617,0.106201,0.135254,1.049316
874179617,0.107178,0.130859,1.040771
874184617,0.108154,0.124268,1.040039
874189617,0.104492,0.114502,1.041016
874194617,0.100098,0.106445,1.031738
874199617,0.097656,0.097656,1.030273
874204617,0.093994,0.096436,1.035156
874209617,0.089844,0.09375,1.04248
874214617,0.088135,0.100342,1.043213
874219617,0.092285,0.099854,1.045166
874224617,0.092041,0.107666,1.043945
874229617,0.091064,0.115234,1.044189
874234617,0.089355,0.123291,1.053223
874239617,0.0896,0.133789,1.046875
874244617,0.094482,0.135986,1.048584
874249617,0.097412,0.136475,1.041748
874254617,0.097412,0.131836,1.039551
874259617,0.095947,0.127686,1.036621
874264617,0.094971,0.121094,1.040527
874269617,0.090576,0.116455,1.039307
874274617,0.092285,0.108154,1.034668
874279617,0.10083,0.106445,1.045654
874284617,0.097656,0.100342,1.040527
874289617,0.093262,0.097656,1.032227
874294617,0.095947,0.110596,1.039551
874299617,0.097656,0.107666,1.049805
874304617,0.098145,0.11377,1.048828
874309617,0.098145,0.119629,1.04126
874314617,0.094482,0.126221,1.041748
874319617,0.096436,0.128418,1.040771
874324617,0.095459,0.124512,1.039307
874329617,0.091309,0.134277,1.039307
874334617,0.09082,0.121582,1.040039
874339617,0.096191,0.121338,1.039795
874344617,0.092773,0.118652,1.038818
874349617,0.091553,0.11084,1.038086
874354617,0.091064,0.106445,1.038818
874359617,0.094971,0.108398,1.043701
874364617,0.090332,0.104248,1.042236
874369617,0.093018,0.108643,1.045898
874374617,0.095703,0.108398,1.043213
874379617,0.099854,0.11084,1.042236
874384617,0.094971,0.114746,1.035645
874389617,0.094482,0.121338,1.044678
874394617,0.092773,0.123779,1.04248
874399617,0.095459,0.119629,1.039307
874404617,0.095703,0.123047,1.037109
874409617,0.095703,0.122314,1.038086
874414617,0.09668,0.119385,1.035889
874419617,0.093018,0.116211,1.032715
874424617,0.096191,0.113281,1.03833
874429617,0.096436,0.109863,1.044189
874434617,0.091797,0.110596,1.04248
874439617,0.090576,0.108643,1.046387
874444617,0.093018,0.10791,1.044434
874449617,0.100098,0.107178,1.04248
874454617,0.099121,0.111816,1.039795
874459617,0.09668,0.11377,1.051758
874464617,0.0979,0.116455,1.038574
874469617,0.098145,0.121094,1.038086
874474617,0.094727,0.121338,1.041992
874479617,0.099121,0.121582,1.039551
874484617,0.096924,0.117188,1.040771
874489617,0.09668,0.119873,1.041016
874494617,0.101074,0.114746,1.038574
874499617,0.095703,0.112793,1.04126
874504617,0.095215,0.117188,1.034668
874509617,0.093506,0.116211,1.037842
874514617,0.091309,0.114258,1.042969
874519617,0.091553,0.110352,1.035645
874524617,0.092529,0.109131,1.047852
874529617,0.088379,0.114258,1.04834
874534617,0.091309,0.118896,1.046143
874539617,0.097412,0.112793,1.032959
874544617,0.095215,0.116699,1.039307
874549617,0.098145,0.120605,1.037842
874554617,0.099365,0.118408,1.03418
874559617,0.09082,0.125244,1.043457
874564617,0.094971,0.116455,1.023438
874569617,0.103516,0.110352,1.047852
874574617,0.095947,0.115479,1.036377
874579617,0.092529,0.119629,1.035156
874584617,0.085693,0.115234,1.03833
874589617,0.098389,0.109863,1.054443
874594617,0.089844,0.10791,1.042236
874599617,0.092773,0.109619,1.046875
874604617,0.086182,0.118164,1.043701
874609617,0.09082,0.115234,1.038086
874614617,0.092285,0.122314,1.04248
874619617,0.098389,0.113037,1.034424
874624617,0.097412,0.112549,1.042969
874629617,0.102783,0.116943,1.049072
874634617,0.094482,0.123291,1.039795
874639617,0.096436,0.116211,1.033447
874644617,0.099609,0.115479,1.047363
874649617,0.096436,0.111816,1.040771
874654617,0.095459,0.114258,1.045898
874659617,0.085205,0.119629,1.048584
874664617,0.089844,0.115967,1.036621
874669617,0.103271,0.106201,1.035889
874674617,0.102539,0.105469,1.041992
874679617,0.099854,0.112305,1.04248
874684617,0.093018,0.124023,1.048584
874689617,0.082275,0.12207,1.048096
874694617,0.091797,0.117432,1.036621
874699617,0.100342,0.11792,1.041992
874704617,0.101563,0.11499,1.041016
874709617,0.093262,0.124023,1.047119
874714617,0.091553,0.119141,1.043213
874719617,0.09082,0.113037,1.039063
874724617,0.0979,0.109619,1.040771
874729617,0.097412,0.112061,1.041504
874734617,0.094482,0.117676,1.035889
874739617,0.092773,0.114014,1.045654
874744617,0.097168,0.112305,1.037842
874749617,0.10083,0.112549,1.047119
874754617,0.090332,0.117188,1.039551
874759617,0.098145,0.115723,1.045898
874764617,0.097656,0.117188,1.042969
874769617,0.098633,0.114746,1.036377
874774617,0.09668,0.120605,1.040527
874779617,0.088135,0.119141,1.034668
874784617,0.096924,0.119385,1.043701
874789617,0.094727,0.123047,1.040771
874794617,0.094238,0.121338,1.042725
874799617,0.097168,0.113281,1.037598
874804617,0.097168,0.115479,1.040039
874809617,0.09082,0.114014,1.043945
874814617,0.095947,0.118408,1.047363
874819617,0.094482,0.112305,1.04834
874824617,0.100342,0.11084,1.043945
874829617,0.098145,0.110596,1.043945
874834617,0.094238,0.114258,1.03418
874839617,0.099365,0.114746,1.042969
874844617,0.091797,0.118408,1.037842
874849617,0.099609,0.114258,1.039063
874854617,0.099365,0.111328,1.040771
874859617,0.094971,0.119141,1.03833
874864617,0.097656,0.117188,1.0354
874869617,0.099121,0.116699,1.044434
874874617,0.096924,0.116211,1.038818
874879617,0.092285,0.120361,1.045654
874884617,0.091553,0.111572,1.044189
874889617,0.098145,0.113525,1.038086
874894617,0.0979,0.111328,1.040039
874899617,0.092041,0.116699,1.037842
874904617,0.093262,0.115967,1.04126
874909617,0.092041,0.118896,1.038574
874914617,0.10083,0.120117,1.049805
874919617,0.098145,0.115479,1.043701
874924617,0.098145,0.117432,1.035889
874929617,0.0896,0.11792,1.03125
874934617,0.096191,0.117432,1.036377
874939617,0.094727,0.122559,1.05249
874944617,0.094727,0.11792,1.050293
874949617,0.088867,0.114014,1.031006
874954617,0.095947,0.116943,1.04248
874959617,0.095703,0.117188,1.044678
874964617,0.094971,0.11792,1.050049
874969617,0.094238,0.112549,1.033447
874974617,0.098633,0.114258,1.048828
874979617,0.10083,0.117676,1.046875
874984617,0.089844,0.11499,1.032715
874989617,0.098145,0.114502,1.053955
874994617,0.097168,0.116943,1.038574
874999617,0.091553,0.122314,1.045166
875004617,0.091553,0.12085,1.047607
875009617,0.090332,0.117432,1.038086
875014617,0.099854,0.111084,1.041016
875019617,0.098145,0.120117,1.0354
875024617,0.092285,0.114502,1.036621
875029617,0.095215,0.113281,1.047119
875034617,0.096191,0.117432,1.04541
875039617,0.089355,0.118164,1.035889
875044617,0.091309,0.113281,1.044189
875049617,0.091797,0.11499,1.044189
875054617,0.092529,0.116699,1.035156
875059617,0.093262,0.112061,1.039307
875064617,0.093994,0.117676,1.041504
875069617,0.094238,0.112061,1.044678
875074617,0.099365,0.117432,1.042725
875079617,0.091553,0.12085,1.04541
875084617,0.094971,0.119141,1.038574
875089617,0.095215,0.119629,1.044678
875094617,0.094971,0.116699,1.040771
875099617,0.095215,0.114746,1.03833
875104617,0.09668,0.11792,1.038086
875109617,0.092529,0.116455,1.046631
875114617,0.094971,0.117188,1.040771
875119617,0.093994,0.111816,1.041992
875124617,0.092773,0.113281,1.038086
875129617,0.097412,0.112305,1.037842
875134617,0.092041,0.113525,1.049561
875139617,0.093018,0.115234,1.047119
875144617,0.093018,0.117676,1.033447
875149617,0.093018,0.12085,1.045654
875154617,0.094238,0.121338,1.044189
875159617,0.097656,0.118652,1.046143
875164617,0.092529,0.120605,1.039063
875169617,0.092529,0.113281,1.042725
875174617,0.099121,0.113525,1.044678
875179617,0.091309,0.116211,1.03833
875184617,0.097656,0.117676,1.04248
875189617,0.094482,0.113037,1.043457
875194617,0.096191,0.112549,1.040283
875199617,0.101318,0.115234,1.041748
875204617,0.094727,0.118408,1.046875
875209617,0.094727,0.111328,1.044922
875214617,0.093262,0.113281,1.047119
875219617,0.094971,0.11377,1.035156
875224617,0.098877,0.113281,1.048584
875229617,0.088135,0.11499,1.038086
875234617,0.091309,0.118408,1.044678
875239617,0.092773,0.117676,1.040771
875244617,0.10376,0.116211,1.040283
875249617,0.0979,0.120605,1.041992
875254617,0.09375,0.121338,1.046631
875259617,0.095947,0.120361,1.04126
875264617,0.095459,0.114502,1.041992
875269617,0.095459,0.118652,1.042725
875274617,0.092285,0.111328,1.04248
875279617,0.094238,0.109863,1.041992
875284617,0.101563,0.11377,1.042969
875289617,0.094238,0.112549,1.042236
875294617,0.093506,0.110107,1.040771
875299617,0.094238,0.116455,1.04248
875304617,0.092041,0.119141,1.04126
875309617,0.093018,0.11499,1.043945
875314617,0.09668,0.118652,1.044189
875319617,0.092041,0.123291,1.045166
875324617,0.094238,0.117188,1.040771
875329617,0.094482,0.114502,1.036621
875334617,0.100586,0.114502,1.039795
875339617,0.09668,0.121582,1.042236
875344617,0.0896,0.119385,1.040527
875349617,0.093262,0.111084,1.037842
875354617,0.102783,0.113281,1.040771
875359617,0.095703,0.115723,1.038818
875364617,0.09082,0.115967,1.032959
875369617,0.099365,0.116211,1.035645
875374617,0.101563,0.111328,1.042236
875379617,0.09668,0.118164,1.047119
875384617,0.090332,0.117432,1.047363
875389617,0.091064,0.114258,1.03125
875394617,0.093018,0.112549,1.039063
875399617,0.091553,0.11499,1.043701
875404617,0.091553,0.121582,1.048584
875409617,0.091797,0.120117,1.04248
875414617,0.097168,0.114258,1.041992
875419617,0.099121,0.113037,1.050781
875424617,0.095215,0.119141,1.047852
875429617,0.092285,0.11499,1.043457
875434617,0.091553,0.115723,1.034668
875439617,0.102783,0.110107,1.045654
875444617,0.093994,0.114502,1.043701
875449617,0.091797,0.116455,1.038574
875454617,0.095459,0.113037,1.041504
875459617,0.098877,0.113281,1.04834
875464617,0.094482,0.110352,1.039307
875469617,0.091797,0.121582,1.034912
875474617,0.097168,0.11499,1.043213
875479617,0.100342,0.113281,1.041748
875484617,0.098633,0.115967,1.039063
875489617,0.09375,0.114746,1.04834
875494617,0.093506,0.118652,1.037354
875499617,0.098389,0.11792,1.043701
875504617,0.097412,0.117432,1.037842
875509617,0.101563,0.114502,1.036133
875514617,0.092773,0.117432,1.042236
875519617,0.090576,0.111328,1.035645
875524617,0.093262,0.114258,1.038818
875529617,0.096924,0.115234,1.036377
875534617,0.094238,0.112793,1.046387
875539617,0.093262,0.115967,1.046631
875544617,0.09082,0.115234,1.034424
875549617,0.093018,0.116699,1.040039
875554617,0.09668,0.114258,1.043701
875559617,0.099609,0.120361,1.04126
875564617,0.095947,0.12085,1.049072
875569617,0.089355,0.116211,1.036865
875574617,0.092773,0.114258,1.036133
875579617,0.096191,0.112793,1.037354
875584617,0.099365,0.115234,1.039551
875589617,0.10083,0.118408,1.043945
875594617,0.098633,0.116455,1.04126
875599617,0.094727,0.111572,1.046875
875604617,0.100098,0.11499,1.041504
875609617,0.099365,0.113525,1.037598
875614617,0.09082,0.116211,1.03833
875619617,0.096436,0.12085,1.034424
875624617,0.092529,0.116699,1.037842
875629617,0.095703,0.122314,1.040771
875634617,0.092529,0.121094,1.036377
875639617,0.097412,0.114502,1.041992
875644617,0.095703,0.115479,1.045166
875649617,0.092285,0.113525,1.039307
875654617,0.095459,0.114258,1.04248
875659617,0.0896,0.110107,1.037109
875664617,0.095459,0.115234,1.037842
875669617,0.095947,0.111328,1.040283
875674617,0.09668,0.121582,1.036865
875679617,0.09668,0.116943,1.040283
875684617,0.098877,0.11377,1.040039
875689617,0.095215,0.116455,1.035889
875694617,0.094971,0.118408,1.042969
875699617,0.094971,0.117188,1.045898
875704617,0.098877,0.112793,1.047363
875709617,0.089111,0.124268,1.039063
875714617,0.084473,0.106689,1.01416
875719617,0.114014,0.104492,1.038818
875724617,0.094971,0.12085,1.041016
875729617,0.092529,0.125488,1.039063
875734617,0.093506,0.119385,1.033936
875739617,0.095703,0.112305,1.038086
875744617,0.101318,0.118896,1.035889
875749617,0.092773,0.118652,1.041016
875754617,0.093994,0.115723,1.04126
875759617,0.094727,0.116943,1.050049
875764617,0.09668,0.117188,1.04126
875769617,0.098389,0.11792,1.039063
875774617,0.094238,0.11499,1.037354
875779617,0.096191,0.113525,1.037598
875784617,0.093994,0.121094,1.046875
875789617,0.087891,0.118408,1.041016
875794617,0.087891,0.116699,1.0354
875799617,0.09375,0.118164,1.050781
875804617,0.093994,0.112793,1.041992
875809617,0.093994,0.118164,1.039551
875814617,0.097168,0.114258,1.043213
875819617,0.097412,0.112793,1.047119
875824617,0.097168,0.115723,1.04541
875829617,0.095459,0.116699,1.039795
875834617,0.09082,0.113525,1.043457
875839617,0.094727,0.115479,1.041016
875844617,0.092773,0.11499,1.040771
875849617,0.099121,0.116943,1.049805
875854617,0.099121,0.11377,1.036621
875859617,0.090088,0.119141,1.033203
875864617,0.098633,0.112061,1.043213
875869617,0.094971,0.118896,1.04126
875874617,0.093506,0.123047,1.055176
875879617,0.092041,0.118164,1.049072
875884617,0.095459,0.112305,1.045166
875889617,0.090576,0.115723,1.033691
875894617,0.099365,0.111816,1.033203
875899617,0.098389,0.112305,1.049805
875904617,0.094482,0.115234,1.040771
875909617,0.096924,0.117432,1.053467
875914617,0.097168,0.115234,1.038818
875919617,0.097168,0.124023,1.045166
875924617,0.098389,0.116211,1.042969
875929617,0.093018,0.115723,1.032227
875934617,0.095215,0.118164,1.032471
875939617,0.09375,0.116211,1.041504
875944617,0.095947,0.118896,1.045166
875949617,0.0979,0.116943,1.055908
875954617,0.100342,0.11499,1.049316
875959617,0.098145,0.117676,1.049561
875964617,0.087891,0.112793,1.011963
875969617,0.104004,0.109131,1.044678
875974617,0.0979,0.115967,1.049072
875979617,0.094238,0.11377,1.032959
875984617,0.096436,0.115967,1.05249
875989617,0.087402,0.118164,1.037354
875994617,0.095459,0.113037,1.040039
875999617,0.095459,0.117188,1.03833
876004617,0.094727,0.120361,1.039307
876009617,0.096924,0.115967,1.036133
876014617,0.095947,0.119141,1.045898
876019617,0.093018,0.119141,1.04126
876024617,0.093262,0.11499,1.041504
876029617,0.093506,0.119385,1.046387
876034617,0.093262,0.114258,1.038574
876039617,0.098145,0.113037,1.043701
876044617,0.095215,0.114258,1.035645
876049617,0.095459,0.114746,1.039795
876054617,0.095703,0.120361,1.04126
876059617,0.093506,0.115967,1.03833
876064617,0.095215,0.115967,1.037598
876069617,0.095215,0.118652,1.039795
876074617,0.095215,0.12207,1.040039
876079617,0.094971,0.115234,1.03833
876084617,0.093994,0.117188,1.038574
876089617,0.093262,0.11499,1.039795
876094617,0.094727,0.116211,1.040283
876099617,0.098145,0.114258,1.043457
876104617,0.096436,0.113281,1.040283
876109617,0.095703,0.111816,1.041992
876114617,0.096924,0.111084,1.042969
876119617,0.093262,0.112305,1.037354
876124617,0.095703,0.112793,1.04541
876129617,0.095947,0.115479,1.032227
876134617,0.097656,0.112793,1.044189
876139617,0.091553,0.118896,1.049805
876144617,0.093506,0.121582,1.038574
876149617,0.095459,0.118408,1.045166
876154617,0.092773,0.119385,1.043457
876159617,0.092529,0.120605,1.043701
876164617,0.094971,0.118896,1.038574
876169617,0.094971,0.117676,1.037109
876174617,0.093506,0.111572,1.034424
876179617,0.094727,0.109863,1.046875
876184617,0.093262,0.108643,1.035156
876189617,0.097656,0.117432,1.048828
876194617,0.098633,0.111084,1.044434
876199617,0.099854,0.113525,1.041016
876204617,0.094727,0.115723,1.046875
876209617,0.092285,0.115723,1.04126
876214617,0.095703,0.118652,1.054199
876219617,0.094482,0.117432,1.044678
876224617,0.092529,0.122314,1.036377
876229617,0.098877,0.115234,1.046875
876234617,0.095947,0.117188,1.044678
876239617,0.092529,0.116455,1.036865
876244617,0.092041,0.114014,1.041504
876249617,0.094971,0.114014,1.044678
876254617,0.092529,0.113037,1.039551
876259617,0.095215,0.110596,1.038818
876264617,0.097656,0.113037,1.038818
876269617,0.098145,0.109375,1.046143
876274617,0.101074,0.113525,1.046143
876279617,0.095703,0.117432,1.043213
876284617,0.094971,0.116211,1.039795
876289617,0.095215,0.121094,1.04248
876294617,0.095703,0.119629,1.04126
876299617,0.093994,0.119629,1.037598
876304617,0.091553,0.118896,1.041504
876309617,0.092285,0.11792,1.043701
876314617,0.093994,0.119385,1.040283
876319617,0.095459,0.114258,1.048096
876324617,0.094971,0.115967,1.040771
876329617,0.094238,0.117188,1.045654
876334617,0.095947,0.116699,1.040283
876339617,0.093994,0.113281,1.037598
876344617,0.094238,0.114258,1.041992
876349617,0.095459,0.112549,1.035645
876354617,0.096191,0.115723,1.045166
876359617,0.095459,0.11499,1.043213
876364617,0.093506,0.115967,1.044678
876369617,0.091797,0.114258,1.04541
876374617,0.095703,0.117676,1.045166
876379617,0.095947,0.114014,1.041504
876384617,0.094971,0.116699,1.040039
876389617,0.094971,0.11499,1.034424
876394617,0.101318,0.113037,1.047363
876399617,0.095947,0.114502,1.043701
876404617,0.098633,0.114258,1.041992
876409617,0.099609,0.113037,1.038818
876414617,0.099121,0.112305,1.037598
876419617,0.096436,0.116943,1.04126
876424617,0.096924,0.116211,1.043945
876429617,0.094238,0.119873,1.042236
876434617,0.092529,0.115967,1.043945
876439617,0.096191,0.115967,1.041504
876444617,0.096924,0.114014,1.043457
876449617,0.095947,0.118164,1.033936
876454617,0.098145,0.118164,1.044189
876459617,0.098145,0.116211,1.039795
876464617,0.095703,0.11792,1.046875
876469617,0.086914,0.118896,1.038818
876474617,0.098877,0.111572,1.046875
876479617,0.101563,0.114014,1.039307
876484617,0.097656,0.115479,1.036377
876489617,0.098389,0.115723,1.049072
876494617,0.097168,0.116211,1.046631
876499617,0.098145,0.117676,1.040283
876504617,0.094727,0.119385,1.038574
876509617,0.094238,0.117188,1.036377
876514617,0.095947,0.121826,1.047607
876519617,0.095215,0.121826,1.048584
876524617,0.089355,0.120361,1.04248
876529617,0.094482,0.115234,1.038574
876534617,0.088135,0.119141,1.043457
876539617,0.093262,0.115479,1.040771
876544617,0.102539,0.114258,1.040039
876549617,0.09375,0.118652,1.036377
876554617,0.096924,0.116455,1.039063
876559617,0.085205,0.114502,1.041504
876564617,0.095703,0.115723,1.046875
876569617,0.099854,0.115479,1.038574
876574617,0.097656,0.116211,1.041992
876579617,0.097168,0.116699,1.041504
876584617,0.095459,0.116943,1.045898
876589617,0.09082,0.11792,1.043213
876594617,0.093506,0.112305,1.032715
876599617,0.094971,0.116699,1.043701
876604617,0.0979,0.115234,1.040771
876609617,0.0979,0.11499,1.05127
876614617,0.091309,0.121582,1.041016
876619617,0.093018,0.114502,1.034912
876624617,0.097168,0.113525,1.035889
876629617,0.099121,0.118652,1.048096
876634617,0.095703,0.121094,1.051514
876639617,0.095459,0.118164,1.037598
876644617,0.081787,0.119385,1.021484
876649617,0.092285,0.112793,1.031006
876654617,0.0979,0.119141,1.050537
876659617,0.097656,0.117432,1.032715
876664617,0.103271,0.116455,1.046387
876669617,0.097656,0.119385,1.044678
876674617,0.092285,0.109863,1.031982
876679617,0.091064,0.111816,1.046387
876684617,0.098389,0.111328,1.049561
876689617,0.095459,0.114746,1.040039
876694617,0.0979,0.112305,1.037109
876699617,0.094727,0.121826,1.043701
876704617,0.089844,0.114502,1.038086
876709617,0.088623,0.121338,1.039307
876714617,0.095459,0.114502,1.036133
876719617,0.098633,0.113281,1.039551
876724617,0.095459,0.115723,1.044922
876729617,0.092041,0.119141,1.047363
876734617,0.091064,0.115967,1.041504
876739617,0.089844,0.112061,1.025879
876744617,0.0979,0.114502,1.038574
876749617,0.094482,0.112793,1.052002
876754617,0.094971,0.110596,1.049805
876759617,0.101318,0.105469,1.052002
876764617,0.091797,0.122314,1.031494
876769617,0.089111,0.120117,1.0354
876774617,0.102783,0.110107,1.037109
876779617,0.102051,0.109863,1.041504
876784617,0.099365,0.118652,1.044678
876789617,0.088867,0.125977,1.045654
876794617,0.09375,0.115967,1.033203
876799617,0.080078,0.11499,1.013428
876804617,0.097656,0.114258,1.040283
876809617,0.089355,0.117432,1.0354
876814617,0.090332,0.120605,1.043701
876819617,0.097168,0.111084,1.048096
876824617,0.095215,0.11084,1.041748
876829617,0.085937,0.11792,1.026367
876834617,0.087158,0.122559,1.0354
876839617,0.097412,0.118896,1.041748
876844617,0.099609,0.109863,1.034424
876849617,0.10376,0.111084,1.038086
876854617,0.095947,0.12085,1.040527
876859617,0.086914,0.118652,1.036621
876864617,0.089111,0.117432,1.036865
876869617,0.106445,0.117432,1.051025
876874617,0.104492,0.112061,1.040771
876879617,0.096924,0.111816,1.037354
876884617,0.094482,0.116211,1.051025
876889617,0.093262,0.116943,1.045654
876894617,0.091309,0.117188,1.037354
876899617,0.096924,0.116699,1.036133
876904617,0.104736,0.105713,1.038574
876909617,0.101807,0.112061,1.049805
876914617,0.093994,0.125244,1.052979
876919617,0.08667,0.115967,1.036377
876924617,0.094971,0.111572,1.032227
876929617,0.104736,0.117188,1.044434
876934617,0.093018,0.117432,1.044434
876939617,0.092041,0.115967,1.038086
876944617,0.095703,0.120605,1.055176
876949617,0.088379,0.119141,1.037598
876954617,0.099854,0.11499,1.039307
876959617,0.103516,0.112549,1.044189
876964617,0.103271,0.117188,1.039307
876969617,0.097412,0.120605,1.048096
876974617,0.091064,0.119141,1.044434
876979617,0.092529,0.114258,1.04541
876984617,0.099609,0.114014,1.046387
876989617,0.098389,0.113525,1.040039
876994617,0.099365,0.112305,1.036621
876999617,0.096924,0.112549,1.04248
877004617,0.093018,0.116943,1.065674
877009617,0.087646,0.121826,1.056641
877014617,0.085449,0.111572,1.028809
877019617,0.089355,0.117188,1.036865
877024617,0.109375,0.103027,1.03833
877029617,0.103271,0.120117,1.04126
877034617,0.094238,0.121582,1.042969
877039617,0.087402,0.123535,1.036865
877044617,0.091309,0.117432,1.040039
877049617,0.101318,0.106934,1.044922
877054617,0.101563,0.113525,1.045898
877059617,0.093262,0.119629,1.037109
877064617,0.089111,0.115234,1.046387
877069617,0.092285,0.111572,1.04834
877074617,0.098877,0.11377,1.041992
877079617,0.093262,0.119629,1.043457
877084617,0.092285,0.119385,1.035156
877089617,0.094482,0.116211,1.040039
877094617,0.095703,0.118164,1.051025
877099617,0.090576,0.118896,1.036621
877104617,0.093018,0.116943,1.044678
877109617,0.097656,0.117432,1.039063
877114617,0.0979,0.117432,1.040771
877119617,0.100342,0.115723,1.040283
877124617,0.093506,0.119141,1.038574
877129617,0.096436,0.110352,1.040527
877134617,0.094482,0.118408,1.049316
877139617,0.092773,0.119385,1.03833
877144617,0.092285,0.114502,1.037598
877149617,0.100586,0.114014,1.038574
877154617,0.10083,0.113281,1.037842
877159617,0.096436,0.11377,1.046143
877164617,0.093262,0.118652,1.037598
877169617,0.097168,0.118164,1.046631
877174617,0.093018,0.119141,1.039795
877179617,0.097412,0.11499,1.047363
877184617,0.093262,0.114746,1.036133
877189617,0.091797,0.118652,1.04126
877194617,0.091064,0.114014,1.038574
877199617,0.09668,0.113281,1.040039
877204617,0.100586,0.115479,1.044189
877209617,0.098145,0.115234,1.041992
877214617,0.095215,0.114746,1.038818
877219617,0.093262,0.115723,1.047119
877224617,0.096191,0.116699,1.043945
877229617,0.095703,0.115967,1.045898
877234617,0.095703,0.112793,1.041748
877239617,0.097412,0.115723,1.044189
877244617,0.097412,0.110352,1.04126
877249617,0.096191,0.112549,1.038818
877254617,0.092773,0.115967,1.041504
877259617,0.096436,0.119141,1.042236
877264617,0.09375,0.118164,1.039795
877269617,0.090332,0.115234,1.042236
877274617,0.094238,0.114746,1.03833
877279617,0.093994,0.115479,1.044189
877284617,0.095947,0.118408,1.046387
877289617,0.096436,0.117676,1.043213
877294617,0.096191,0.11377,1.042236
877299617,0.094971,0.114014,1.036865
877304617,0.097168,0.114746,1.04541
877309617,0.093018,0.112549,1.043213
877314617,0.097412,0.112793,1.034424
877319617,0.092285,0.112793,1.039307
877324617,0.099854,0.115234,1.044434
877329617,0.095703,0.113037,1.037109
877334617,0.098389,0.11499,1.048828
877339617,0.098633,0.116943,1.042725
877344617,0.096436,0.119629,1.043945
877349617,0.09375,0.116699,1.043945
877354617,0.089355,0.112061,1.040039
877359617,0.094971,0.118652,1.040283
877364617,0.092041,0.117432,1.048096
877369617,0.090088,0.115234,1.042236
877374617,0.09375,0.11499,1.041504
877379617,0.092285,0.112793,1.042236
877384617,0.095947,0.113281,1.046875
877389617,0.094238,0.114502,1.040771
877394617,0.096436,0.116455,1.045654
877399617,0.097412,0.117432,1.044189
877404617,0.091553,0.117432,1.035889
877409617,0.095215,0.120605,1.043457
877414617,0.096191,0.115723,1.040527
877419617,0.091797,0.119141,1.038574
877424617,0.094971,0.117188,1.042725
877429617,0.092041,0.115723,1.040771
877434617,0.093018,0.113525,1.039307
877439617,0.096436,0.115723,1.040527
877444617,0.095947,0.115234,1.043945
877449617,0.091797,0.115234,1.044678
877454617,0.09668,0.114502,1.043701
877459617,0.095215,0.115234,1.051514
877464617,0.095459,0.112793,1.04248
877469617,0.09668,0.116943,1.040039
877474617,0.093018,0.113525,1.040283
877479617,0.096436,0.120605,1.041504
877484617,0.093018,0.113281,1.038574
877489617,0.097168,0.116943,1.040039
877494617,0.0979,0.114258,1.040527
877499617,0.097168,0.117432,1.043213
877504617,0.096924,0.118164,1.043457
877509617,0.09375,0.116211,1.040039
877514617,0.098389,0.116699,1.04126
877519617,0.097168,0.116943,1.043945
877524617,0.09668,0.115234,1.036377
877529617,0.098877,0.11792,1.049316
877534617,0.095703,0.115723,1.046387
877539617,0.09668,0.116455,1.041504
877544617,0.098389,0.11792,1.037842
877549617,0.096924,0.119873,1.041504
877554617,0.09082,0.118408,1.037598
877559617,0.093994,0.115967,1.04248
877564617,0.096191,0.118164,1.039063
877569617,0.092773,0.116943,1.037598
877574617,0.095947,0.117432,1.040527
877579617,0.093262,0.117188,1.0354
877584617,0.097412,0.113037,1.043457
877589617,0.095947,0.118896,1.032471
877594617,0.091553,0.11499,1.044678
877599617,0.093018,0.114502,1.046875
877604617,0.097412,0.120605,1.035645
877609617,0.092773,0.114502,1.04248
877614617,0.09668,0.11792,1.050537
877619617,0.095947,0.115479,1.040527
877624617,0.097412,0.118408,1.034668
877629617,0.097168,0.118164,1.037842
877634617,0.092041,0.12085,1.044922
877639617,0.093506,0.115723,1.03833
877644617,0.097656,0.117676,1.044189
877649617,0.095703,0.120117,1.041992
877654617,0.09375,0.113037,1.047852
877659617,0.096436,0.112793,1.040283
877664617,0.096924,0.117432,1.043701
877669617,0.096191,0.117188,1.050049
877674617,0.098633,0.119141,1.04126
877679617,0.092285,0.112793,1.037354
877684617,0.101074,0.116455,1.040039
877689617,0.099854,0.11792,1.036377
877694617,0.096191,0.119385,1.043701
877699617,0.093262,0.116943,1.04126
877704617,0.093506,0.114746,1.039063
877709617,0.096436,0.11377,1.044434
877714617,0.094238,0.117676,1.041748
877719617,0.092773,0.116211,1.047852
877724617,0.090332,0.115479,1.039795
877729617,0.091309,0.113525,1.041504
877734617,0.096924,0.112549,1.041016
877739617,0.096191,0.115234,1.044189
877744617,0.094482,0.11377,1.046875
877749617,0.094482,0.117676,1.04126
877754617,0.098633,0.115479,1.04126
877759617,0.097168,0.11377,1.035645
877764617,0.093506,0.117676,1.044189
877769617,0.093994,0.117432,1.040039
877774617,0.094482,0.11499,1.047852
877779617,0.097168,0.114502,1.041748
877784617,0.094482,0.119141,1.043457
877789617,0.091309,0.120361,1.045898
877794617,0.090332,0.116211,1.044922
877799617,0.095215,0.117188,1.038818
877804617,0.094238,0.114258,1.046631
877809617,0.099854,0.110352,1.040771
877814617,0.093506,0.117676,1.036377
877819617,0.093506,0.117432,1.036133
877824617,0.09375,0.121338,1.047852
877829617,0.095215,0.116455,1.042725
877834617,0.094971,0.117188,1.042969
877839617,0.094971,0.117676,1.042969
877844617,0.094238,0.115723,1.037598
877849617,0.0979,0.114014,1.039307
877854617,0.097168,0.114502,1.04541
877859617,0.095947,0.117188,1.043213
877864617,0.094482,0.116455,1.046875
877869617,0.096924,0.122803,1.047607
877874617,0.099365,0.118652,1.033203
877879617,0.101563,0.112549,1.040283
877884617,0.095703,0.118652,1.041016
877889617,0.098877,0.117432,1.038818
877894617,0.094482,0.116699,1.033691
877899617,0.096191,0.115723,1.040771
877904617,0.095947,0.114014,1.043945
877909617,0.091553,0.117676,1.04248
877914617,0.092773,0.118164,1.043945
877919617,0.091797,0.116211,1.047119
877924617,0.092773,0.115234,1.049072
877929617,0.094727,0.115234,1.042236
877934617,0.096191,0.118652,1.043213
877939617,0.095947,0.12085,1.038086
877944617,0.096191,0.116943,1.033203
877949617,0.094238,0.116943,1.041992
877954617,0.092773,0.118652,1.040283
877959617,0.092041,0.118408,1.040283
877964617,0.09375,0.11792,1.039551
877969617,0.093262,0.11377,1.032715
877974617,0.097656,0.111816,1.041016
877979617,0.101318,0.117188,1.044922
877984617,0.095215,0.110107,1.047607
877989617,0.097168,0.111572,1.044678
877994617,0.098633,0.120117,1.040527
877999617,0.096924,0.119141,1.043457
878004617,0.093506,0.116943,1.043457
878009617,0.0979,0.114746,1.041504
878014617,0.095947,0.117188,1.043457
878019617,0.098145,0.118408,1.044189
878024617,0.097412,0.116943,1.043213
878029617,0.097412,0.115967,1.041748
878034617,0.094971,0.118652,1.033936
878039617,0.092285,0.11499,1.04126
878044617,0.094482,0.117432,1.038086
878049617,0.094238,0.11377,1.04248
878054617,0.092285,0.112793,1.045654
878059617,0.093994,0.114746,1.039551
878064617,0.095703,0.113037,1.043945
878069617,0.094238,0.118652,1.04248
878074617,0.095703,0.117188,1.041992
878079617,0.099609,0.120361,1.037354
878084617,0.100586,0.114746,1.049805
878089617,0.098145,0.120361,1.050537
878094617,0.093506,0.123535,1.040283
878099617,0.091553,0.11499,1.040771
878104617,0.099121,0.111084,1.039551
878109617,0.100586,0.108887,1.041016
878114617,0.098389,0.114258,1.041748
878119617,0.094238,0.120117,1.04834
878124617,0.089355,0.118652,1.049316
878129617,0.088867,0.12085,1.045654
878134617,0.091064,0.116699,1.040527
878139617,0.095703,0.112549,1.044678
878144617,0.09668,0.106689,1.043213
878149617,0.096191,0.111816,1.042725
878154617,0.094971,0.118408,1.037354
878159617,0.088623,0.119141,1.039795
878164617,0.093994,0.119141,1.038086
878169617,0.09082,0.125,1.037109
878174617,0.098145,0.117432,1.041748
878179617,0.097656,0.120605,1.046875
878184617,0.096436,0.118896,1.045166
878189617,0.093262,0.117188,1.042969
878194617,0.094482,0.110596,1.038574
878199617,0.095947,0.11084,1.042725
878204617,0.099365,0.110596,1.039063
878209617,0.098145,0.112305,1.044189
878214617,0.092041,0.112793,1.044434
878219617,0.097656,0.117676,1.04834
878224617,0.087891,0.121338,1.040771
878229617,0.091309,0.12085,1.043945
878234617,0.0979,0.118652,1.040283
878239617,0.094971,0.117432,1.045166
878244617,0.100342,0.121582,1.037842
878249617,0.095947,0.120117,1.043945
878254617,0.09668,0.120361,1.041504
878259617,0.100098,0.114746,1.040283
878264617,0.0979,0.117432,1.046143
878269617,0.096191,0.112549,1.041992
878274617,0.088379,0.114258,1.040283
878279617,0.090332,0.115967,1.044678
878284617,0.092773,0.11499,1.040039
878289617,0.095215,0.11084,1.04834
878294617,0.092041,0.116455,1.041992
878299617,0.092041,0.116455,1.04248
878304617,0.096436,0.119629,1.04248
878309617,0.092529,0.122314,1.044434
878314617,0.095215,0.121582,1.037842
878319617,0.098877,0.121826,1.030518
878324617,0.094238,0.119629,1.037354
878329617,0.096191,0.117432,1.043457
878334617,0.09668,0.120117,1.041016
878339617,0.095703,0.118896,1.047852
878344617,0.094727,0.112549,1.037598
878349617,0.094482,0.111572,1.047607
878354617,0.103271,0.107666,1.042725
878359617,0.097412,0.111816,1.046875
878364617,0.09375,0.116699,1.045654
878369617,0.091553,0.117676,1.041016
878374617,0.091064,0.114014,1.042969
878379617,0.09668,0.118652,1.039063
878384617,0.096191,0.115723,1.033691
878389617,0.096191,0.123047,1.047607
878394617,0.093018,0.126953,1.040283
878399617,0.093506,0.121338,1.043701
878404617,0.093506,0.116455,1.038574
878409617,0.099365,0.113281,1.046631
878414617,0.094482,0.11792,1.053955
878419617,0.092041,0.113525,1.038574
878424617,0.093994,0.109619,1.041504
878429617,0.09375,0.107178,1.044189
878434617,0.094482,0.114014,1.036133
878439617,0.095703,0.109863,1.035156
878444617,0.09668,0.112793,1.043457
878449617,0.094238,0.116455,1.043213
878454617,0.091797,0.11792,1.032959
878459617,0.093018,0.119629,1.048584
878464617,0.096436,0.114746,1.041016
878469617,0.098389,0.121826,1.043457
878474617,0.087402,0.129883,1.036133
878479617,0.090576,0.118896,1.038818
878484617,0.095703,0.116455,1.054688
878489617,0.097168,0.115234,1.048096
878494617,0.095703,0.112061,1.039551
878499617,0.089355,0.112793,1.041748
878504617,0.092529,0.112793,1.04248
878509617,0.09668,0.108887,1.048828
878514617,0.090576,0.114014,1.028564
878519617,0.10376,0.112305,1.048584
878524617,0.104736,0.116211,1.053955
878529617,0.10083,0.12085,1.046143
878534617,0.085449,0.121826,1.036133
878539617,0.091309,0.125,1.047363
878544617,0.092041,0.116943,1.040283
878549617,0.098145,0.112305,1.041016
878554617,0.0979,0.114014,1.045654
878559617,0.0979,0.11499,1.03833
878564617,0.094238,0.118896,1.036621
878569617,0.094238,0.115967,1.044434
878574617,0.09375,0.115234,1.034424
878579617,0.094238,0.111816,1.04248
878584617,0.092529,0.113525,1.042236
878589617,0.097412,0.114014,1.042725
878594617,0.098633,0.116455,1.041504
878599617,0.092529,0.118408,1.036133
878604617,0.093506,0.118652,1.031494
878609617,0.092773,0.115723,1.040039
878614617,0.094482,0.118652,1.037598
878619617,0.094482,0.119385,1.041016
878624617,0.09375,0.115234,1.041504
878629617,0.093506,0.112305,1.035156
878634617,0.092529,0.118164,1.046143
878639617,0.098389,0.120117,1.041504
878644617,0.097412,0.115967,1.041016
878649617,0.096436,0.110352,1.042236
878654617,0.099609,0.112549,1.041748
878659617,0.098877,0.113525,1.037354
878664617,0.091064,0.120605,1.035645
878669617,0.095459,0.114502,1.0354
878674617,0.098145,0.114746,1.044434
878679617,0.096924,0.120361,1.038086
878684617,0.09668,0.119385,1.047363
878689617,0.093506,0.115479,1.041504
878694617,0.095215,0.115479,1.040771
878699617,0.097412,0.115967,1.043213
878704617,0.09668,0.116699,1.044189
878709617,0.091553,0.118652,1.044189
878714617,0.095215,0.113525,1.04248
878719617,0.095459,0.116455,1.040039
878724617,0.094727,0.11377,1.042236
878729617,0.094727,0.112793,1.046143
878734617,0.099365,0.112793,1.047119
878739617,0.096191,0.116211,1.041504
878744617,0.096924,0.11377,1.035645
878749617,0.099854,0.116455,1.044922
878754617,0.091797,0.115234,1.03833
878759617,0.096191,0.116699,1.043457
878764617,0.086914,0.120605,1.040527
878769617,0.095947,0.117676,1.044189
878774617,0.092285,0.119385,1.036377
878779617,0.092529,0.117676,1.046387
878784617,0.095215,0.115479,1.037109
878789617,0.094971,0.119141,1.044678
878794617,0.094727,0.115967,1.041748
878799617,0.101807,0.121338,1.046875
878804617,0.09375,0.11792,1.039795
878809617,0.093018,0.112549,1.04126
878814617,0.098389,0.114502,1.040527
878819617,0.097412,0.116455,1.040771
878824617,0.093018,0.11377,1.037598
878829617,0.095459,0.116211,1.039551
878834617,0.094238,0.115967,1.040527
878839617,0.095459,0.117676,1.042969
878844617,0.097656,0.118652,1.047852
878849617,0.098145,0.114746,1.044434
878854617,0.094482,0.116699,1.040527
878859617,0.09668,0.116699,1.044434
878864617,0.098633,0.116699,1.037354
878869617,0.093262,0.116455,1.037842
878874617,0.09668,0.116455,1.045654
878879617,0.094727,0.117676,1.046143
878884617,0.095215,0.114502,1.041992
878889617,0.094971,0.116455,1.040039
878894617,0.091797,0.114502,1.040527
878899617,0.091309,0.114502,1.042969
878904617,0.089355,0.117188,1.040283
878909617,0.093506,0.115723,1.038574
878914617,0.095947,0.116699,1.04541
878919617,0.093018,0.114502,1.048584
878924617,0.09668,0.12207,1.041748
878929617,0.093994,0.118896,1.041748
878934617,0.095459,0.121338,1.04834
878939617,0.0979,0.116943,1.040283
878944617,0.098389,0.114258,1.040527
878949617,0.0979,0.122314,1.047607
878954617,0.100342,0.116699,1.039307
878959617,0.09668,0.114258,1.04126
878964617,0.09375,0.114258,1.040527
878969617,0.092529,0.113281,1.040527
878974617,0.092773,0.117432,1.039307
878979617,0.097412,0.113037,1.049561
878984617,0.099365,0.117432,1.052979
878989617,0.089355,0.118896,1.049316
878994617,0.092773,0.118164,1.032959
878999617,0.095703,0.108887,1.0354
879004617,0.096924,0.114014,1.04248
879009617,0.095703,0.121094,1.04541
879014617,0.0979,0.115967,1.039307
879019617,0.100342,0.112061,1.03833
879024617,0.098877,0.112305,1.03833
879029617,0.092773,0.114502,1.047363
879034617,0.091309,0.116699,1.038086
879039617,0.094971,0.116455,1.035645
879044617,0.093262,0.112793,1.04248
879049617,0.096436,0.111572,1.037354
879054617,0.093506,0.115967,1.045898
879059617,0.095703,0.117676,1.047363
879064617,0.093994,0.111816,1.04248
879069617,0.096924,0.121826,1.044189
879074617,0.092041,0.119385,1.045166
879079617,0.093994,0.115234,1.037598
879084617,0.096436,0.117432,1.037842
879089617,0.094727,0.111328,1.040527
879094617,0.101563,0.117188,1.037354
879099617,0.096924,0.115479,1.047363
879104617,0.097168,0.122803,1.046143
879109617,0.096191,0.117432,1.048828
879114617,0.09668,0.114258,1.040771
879119617,0.094971,0.116211,1.036865
879124617,0.094727,0.114014,1.041992
879129617,0.09082,0.118408,1.046387
879134617,0.097656,0.11377,1.046631
879139617,0.089355,0.115234,1.037598
879144617,0.098877,0.112061,1.049072
879149617,0.101563,0.111084,1.045898
879154617,0.097656,0.111816,1.036377
879159617,0.096924,0.117188,1.04541
879164617,0.098633,0.124023,1.040527
879169617,0.093506,0.115967,1.033691
879174617,0.093262,0.109131,1.038818
879179617,0.104492,0.125244,1.054199
879184617,0.093506,0.11499,1.040771
879189617,0.091309,0.115234,1.03833
879194617,0.0979,0.124756,1.046387
879199617,0.092773,0.114502,1.040283
879204617,0.095215,0.116699,1.043701
879209617,0.093994,0.119629,1.041016
879214617,0.088623,0.114502,1.040283
879219617,0.091797,0.11377,1.044922
879224617,0.096436,0.113525,1.04541
879229617,0.100342,0.115967,1.039551
879234617,0.091064,0.114014,1.041504
879239617,0.093262,0.116211,1.035645
879244617,0.095459,0.114258,1.04541
879249617,0.096436,0.118652,1.041748
879254617,0.100586,0.115723,1.038086
879259617,0.10083,0.115479,1.036621
879264617,0.097168,0.116455,1.042236
879269617,0.096191,0.116943,1.046387
879274617,0.093262,0.121094,1.047852
879279617,0.095947,0.119385,1.04541
879284617,0.090332,0.116455,1.04248
879289617,0.093994,0.114502,1.043213
879294617,0.092773,0.115967,1.040283
879299617,0.094971,0.113525,1.045166
879304617,0.095459,0.111572,1.040039
879309617,0.09668,0.112793,1.041748
879314617,0.095947,0.11377,1.039551
879319617,0.092773,0.115723,1.038574
879324617,0.096924,0.114746,1.048096
879329617,0.094971,0.118652,1.038574
879334617,0.092285,0.12085,1.041748
879339617,0.091797,0.120117,1.044189
879344617,0.093994,0.120361,1.040527
879349617,0.091064,0.115723,1.041016
879354617,0.098389,0.115234,1.039307
879359617,0.091797,0.115234,1.039795
879364617,0.096924,0.113281,1.038574
879369617,0.097168,0.115234,1.041016
879374617,0.099609,0.111084,1.040283
879379617,0.094238,0.121826,1.039795
879384617,0.0896,0.12085,1.041016
879389617,0.092529,0.11377,1.041016
879394617,0.09668,0.117676,1.042725
879399617,0.091309,0.116211,1.040527
879404617,0.087402,0.116455,1.038574
879409617,0.092285,0.117432,1.042725
879414617,0.092529,0.113281,1.042236
879419617,0.094238,0.113037,1.042969
879424617,0.096191,0.118896,1.037354
879429617,0.099609,0.116455,1.049316
879434617,0.095215,0.115234,1.044434
879439617,0.095215,0.113525,1.033936
879444617,0.094971,0.118408,1.041016
879449617,0.096191,0.117432,1.044189
879454617,0.090088,0.117676,1.04248
879459617,0.09082,0.11792,1.039551
879464617,0.094238,0.112305,1.041504
879469617,0.092773,0.118408,1.046387
879474617,0.093262,0.116943,1.044678
879479617,0.093018,0.114014,1.042725
879484617,0.094238,0.107666,1.038574
879489617,0.092285,0.110107,1.041992
879494617,0.091064,0.112061,1.039551
879499617,0.092041,0.113281,1.04248
879504617,0.092285,0.11377,1.043213
879509617,0.090576,0.116211,1.035889
879514617,0.100586,0.118164,1.041992
879519617,0.091553,0.119141,1.039307
879524617,0.09668,0.116699,1.040283
879529617,0.097412,0.120361,1.045166
879534617,0.095459,0.120361,1.045166
879539617,0.097168,0.113525,1.040039
879544617,0.098633,0.11499,1.039307
879549617,0.095947,0.120361,1.041016
879554617,0.095459,0.114014,1.048096
879559617,0.094482,0.11792,1.039551
879564617,0.099365,0.119873,1.043945
879569617,0.096191,0.115234,1.041992
879574617,0.096924,0.114014,1.03418
879579617,0.09668,0.115967,1.041748
879584617,0.090576,0.116211,1.036377
879589617,0.09375,0.113525,1.044189
879594617,0.094482,0.116943,1.037109
879599617,0.094971,0.115479,1.04834
879604617,0.093994,0.11499,1.043457
879609617,0.09375,0.118164,1.03833
879614617,0.089844,0.114502,1.039795
879619617,0.0896,0.113525,1.036621
879624617,0.096924,0.115479,1.050781
879629617,0.095703,0.114502,1.040527
879634617,0.099854,0.113037,1.045898
879639617,0.098145,0.117676,1.037842
879644617,0.096191,0.115234,1.041992
879649617,0.099854,0.119385,1.042969
879654617,0.094727,0.113037,1.037598
879659617,0.097168,0.115479,1.043701
879664617,0.09668,0.117188,1.041016
879669617,0.087646,0.117188,1.039551
879674617,0.092285,0.112061,1.040039
879679617,0.095459,0.115723,1.041016
879684617,0.093994,0.118164,1.035156
879689617,0.093018,0.116943,1.050537
879694617,0.08667,0.115723,1.041016
879699617,0.091797,0.118408,1.043945
879704617,0.091064,0.120117,1.045166
879709617,0.092529,0.117676,1.044922
879714617,0.101074,0.118652,1.04541
879719617,0.091309,0.115234,1.033203
879724617,0.100586,0.11377,1.04248
879729617,0.102539,0.11377,1.042725
879734617,0.097656,0.11499,1.036377
879739617,0.094727,0.112305,1.040283
879744617,0.099854,0.113281,1.0354
879749617,0.093994,0.111084,1.039551
879754617,0.097656,0.118652,1.046387
879759617,0.096436,0.118164,1.038818
879764617,0.093262,0.12085,1.041016
879769617,0.093994,0.121338,1.04126
879774617,0.093994,0.123291,1.043945
879779617,0.091553,0.114746,1.044922
879784617,0.096436,0.118164,1.029297
879789617,0.09668,0.116699,1.033203
879794617,0.094727,0.115967,1.044922
879799617,0.091797,0.115967,1.041016
879804617,0.096436,0.113525,1.050049
879809617,0.098389,0.111572,1.046143
879814617,0.098877,0.114746,1.037842
879819617,0.096436,0.114502,1.037598
879824617,0.094238,0.11792,1.041016
879829617,0.093994,0.114014,1.04126
879834617,0.092285,0.114502,1.040527
879839617,0.095947,0.116211,1.04126
879844617,0.093506,0.116943,1.03833
879849617,0.097656,0.115723,1.043457
879854617,0.095703,0.114014,1.037109
879859617,0.091064,0.115967,1.044678
879864617,0.095703,0.113037,1.043945
879869617,0.094727,0.115723,1.036377
879874617,0.096191,0.115234,1.045166
879879617,0.094727,0.115234,1.044434
879884617,0.098633,0.112549,1.041016
879889617,0.094727,0.116699,1.03833
879894617,0.093262,0.116699,1.044922
879899617,0.090088,0.116455,1.039063
879904617,0.093994,0.116943,1.03418
879909617,0.094971,0.118408,1.036133
879914617,0.097168,0.120117,1.044922
879919617,0.092041,0.117188,1.039307
879924617,0.092773,0.114502,1.040771
879929617,0.095703,0.11499,1.036377
879934617,0.094238,0.115234,1.038574
879939617,0.097168,0.115479,1.041504
879944617,0.095703,0.11792,1.037842
879949617,0.097168,0.114014,1.042236
879954617,0.098877,0.112793,1.045166
879959617,0.09668,0.115479,1.04126
879964617,0.092773,0.115723,1.035889
879969617,0.095703,0.113037,1.037109
879974617,0.098633,0.119141,1.035645
879979617,0.097168,0.117432,1.041016
879984617,0.096924,0.12085,1.037354
879989617,0.098389,0.120605,1.036621
879994617,0.099121,0.119629,1.042236
879999617,0.099854,0.115234,1.04541
880004617,0.097168,0.115723,1.041016
880009617,0.092773,0.116211,1.041504
880014617,0.094238,0.116943,1.035889
880019617,0.095215,0.115234,1.043457
880024617,0.092529,0.114014,1.040283
880029617,0.096191,0.114746,1.040771
880034617,0.098389,0.116211,1.034668
880039617,0.088135,0.116699,1.042725
880044617,0.09375,0.116455,1.039551
880049617,0.091797,0.115967,1.046143
880054617,0.093262,0.115723,1.048584
880059617,0.094971,0.11499,1.042236
880064617,0.092041,0.115723,1.03833
880069617,0.094727,0.118408,1.045654
880074617,0.0979,0.114502,1.041504
880079617,0.097656,0.116699,1.041992
880084617,0.096924,0.119141,1.041016
880089617,0.09375,0.116699,1.037842
880094617,0.097412,0.118164,1.040771
880099617,0.091797,0.116943,1.041504
880104617,0.094727,0.115234,1.041504
880109617,0.090088,0.11499,1.037109
880114617,0.089355,0.116943,1.045166
880119617,0.093018,0.12207,1.039063
880124617,0.095459,0.117432,1.04541
880129617,0.093018,0.120117,1.043457
880134617,0.094238,0.115234,1.049072
880139617,0.093506,0.114746,1.039795
880144617,0.099365,0.116211,1.044434
880149617,0.094727,0.117188,1.042725
880154617,0.093018,0.116699,1.042969
880159617,0.094727,0.116943,1.039063
880164617,0.094482,0.114502,1.042725
880169617,0.094238,0.113525,1.046387
880174617,0.098389,0.116455,1.041016
880179617,0.096191,0.114502,1.040527
880184617,0.095703,0.116211,1.037109
880189617,0.092041,0.116699,1.045654
880194617,0.093018,0.116211,1.041748
880199617,0.094971,0.112549,1.043213
880204617,0.095215,0.116211,1.041016
880209617,0.09668,0.115967,1.04541
880214617,0.091064,0.121094,1.037598
880219617,0.094238,0.117188,1.045898
880224617,0.089111,0.116455,1.049316
880229617,0.095703,0.115723,1.043701
880234617,0.098145,0.115234,1.04248
880239617,0.09375,0.114502,1.040771
880244617,0.093994,0.121094,1.041748
880249617,0.099365,0.116211,1.039795
880254617,0.094482,0.115967,1.028076
880259617,0.104248,0.118164,1.050049
880264617,0.09375,0.119385,1.041748
880269617,0.090576,0.123779,1.039307
880274617,0.07373,0.131348,1.025635
880279617,0.097168,0.10791,1.034424
880284617,0.113525,0.11084,1.054443
880289617,0.10498,0.104736,1.010986
880294617,0.118896,0.111572,1.070557
880299617,0.096436,0.122314,1.041992
880304617,0.089355,0.118164,1.043945
880309617,0.095215,0.124023,1.050537
880314617,0.092285,0.114502,1.04126
880319617,0.09082,0.11084,1.038574
880324617,0.102783,0.108643,1.049316
880329617,0.096191,0.114502,1.035645
880334617,0.093994,0.12085,1.041748
880339617,0.089355,0.123779,1.042236
880344617,0.094482,0.115723,1.039307
880349617,0.094482,0.115234,1.039551
880354617,0.093262,0.111328,1.040771
880359617,0.094971,0.115479,1.043701
880364617,0.099121,0.113281,1.045166
880369617,0.094482,0.115723,1.047363
880374617,0.097412,0.110352,1.042725
880379617,0.093262,0.116943,1.043701
880384617,0.091309,0.118408,1.040283
880389617,0.095703,0.116943,1.040039
880394617,0.098389,0.115234,1.046387
880399617,0.091553,0.119873,1.036133
880404617,0.096436,0.115967,1.035645
880409617,0.098389,0.115723,1.036621
880414617,0.098389,0.121582,1.047363
880419617,0.090332,0.119385,1.044922
880424617,0.091797,0.119385,1.039551
880429617,0.092529,0.119141,1.038818
880434617,0.092529,0.117676,1.045166
880439617,0.084961,0.11792,1.039307
880444617,0.092529,0.109863,1.039063
880449617,0.099854,0.111084,1.048096
880454617,0.102051,0.112061,1.042236
880459617,0.091309,0.120117,1.043457
880464617,0.090576,0.11499,1.037598
880469617,0.094971,0.109619,1.039307
880474617,0.095215,0.103027,1.039551
880479617,0.100098,0.118652,1.043945
880484617,0.093994,0.117432,1.050049
880489617,0.092285,0.114746,1.036621
880494617,0.095459,0.115479,1.043701
880499617,0.098633,0.113525,1.038574
880504617,0.094238,0.11792,1.04126
880509617,0.095947,0.12793,1.040527
880514617,0.097656,0.119873,1.046143
880519617,0.098145,0.114258,1.042725
880524617,0.096924,0.108887,1.041992
880529617,0.101074,0.112061,1.041016
880534617,0.095703,0.11377,1.037842
880539617,0.091309,0.111572,1.04126
880544617,0.089111,0.114502,1.032471
880549617,0.090088,0.110107,1.038086
880554617,0.096191,0.114258,1.050537
880559617,0.093506,0.120361,1.051758
880564617,0.092285,0.116699,1.029297
880569617,0.098145,0.126221,1.056152
880574617,0.098145,0.119873,1.044189
880579617,0.103271,0.121094,1.054688
880584617,0.098877,0.116943,1.052734
880589617,0.099121,0.123779,1.042969
880594617,0.09375,0.119141,1.04126
880599617,0.094238,0.115234,1.052002
880604617,0.090088,0.114746,1.042236
880609617,0.085449,0.11377,1.037842
880614617,0.090576,0.108398,1.041016
880619617,0.099121,0.109375,1.046631
880624617,0.093994,0.112549,1.043213
880629617,0.093994,0.112549,1.038818
880634617,0.095459,0.116699,1.040039
880639617,0.095703,0.123047,1.041016
880644617,0.093994,0.12085,1.039795
880649617,0.093506,0.119629,1.035645
880654617,0.100586,0.117676,1.038818
880659617,0.102539,0.117188,1.044434
880664617,0.096436,0.119141,1.046143
880669617,0.091064,0.117432,1.035645
880674617,0.092529,0.118408,1.048096
880679617,0.092041,0.109375,1.039307
880684617,0.091309,0.113525,1.041504
880689617,0.092529,0.111328,1.041748
880694617,0.098389,0.114258,1.048584
880699617,0.095215,0.112061,1.036621
880704617,0.097168,0.109375,1.038574
880709617,0.092041,0.116455,1.046387
880714617,0.091797,0.121338,1.041748
880719617,0.093018,0.118164,1.044678
880724617,0.097168,0.12207,1.040771
880729617,0.092773,0.118408,1.040527
880734617,0.099365,0.115234,1.042236
880739617,0.092041,0.119873,1.041748
880744617,0.095947,0.120117,1.041016
880749617,0.092529,0.119141,1.038086
880754617,0.093994,0.12085,1.046631
880759617,0.096191,0.116455,1.041992
880764617,0.093262,0.115234,1.046875
880769617,0.091064,0.113281,1.040283
880774617,0.093018,0.112549,1.041748
880779617,0.093994,0.108398,1.037109
880784617,0.097656,0.111328,1.04248
880789617,0.097412,0.119141,1.048584
880794617,0.091553,0.123535,1.037598
880799617,0.086914,0.117188,1.039551
880804617,0.092529,0.121094,1.039063
880809617,0.100342,0.116699,1.036621
880814617,0.108887,0.109619,1.05127
880819617,0.105713,0.119385,1.040039
880824617,0.099609,0.122314,1.040527
880829617,0.099121,0.122559,1.046143
880834617,0.09668,0.11377,1.04834
880839617,0.095947,0.118164,1.035156
880844617,0.103027,0.112549,1.048584
880849617,0.095703,0.115967,1.044189
880854617,0.097168,0.111816,1.035645
880859617,0.094727,0.11792,1.052734
880864617,0.086914,0.117188,1.034668
880869617,0.091309,0.11377,1.042725
880874617,0.098145,0.117432,1.044189
880879617,0.095947,0.116943,1.034424
880884617,0.0979,0.117432,1.037354
880889617,0.09668,0.122559,1.043701
880894617,0.098389,0.117432,1.038574
880899617,0.093018,0.116455,1.045166
880904617,0.098633,0.120117,1.03833
880909617,0.09375,0.112793,1.028564
880914617,0.095215,0.114502,1.044678
880919617,0.09375,0.109863,1.043945
880924617,0.093994,0.112549,1.038574
880929617,0.093262,0.11499,1.051514
880934617,0.089844,0.114502,1.038574
880939617,0.091309,0.112549,1.03833
880944617,0.097412,0.119141,1.05127
880949617,0.088867,0.118896,1.036377
880954617,0.090332,0.113281,1.043213
880959617,0.094727,0.116699,1.04248
880964617,0.097168,0.11377,1.037598
880969617,0.097168,0.120605,1.04248
880974617,0.097168,0.118896,1.047607
880979617,0.094238,0.115967,1.040771
880984617,0.097656,0.120361,1.042236
880989617,0.095215,0.116699,1.035645
880994617,0.09668,0.11084,1.036377
880999617,0.095947,0.11084,1.04126
881004617,0.098145,0.118164,1.041016
881009617,0.093506,0.114258,1.04248
881014617,0.091553,0.111816,1.044434
881019617,0.091797,0.113281,1.043457
881024617,0.092773,0.114746,1.04248
881029617,0.093018,0.120605,1.042969
881034617,0.09082,0.121582,1.038818
881039617,0.094238,0.116943,1.043945
881044617,0.092041,0.114258,1.045898
881049617,0.098145,0.112549,1.04126
881054617,0.097168,0.119629,1.048096
881059617,0.094482,0.118896,1.040527
881064617,0.094971,0.114258,1.040527
881069617,0.102051,0.119385,1.034912
881074617,0.098633,0.113281,1.038574
881079617,0.094727,0.11084,1.03125
881084617,0.094238,0.116699,1.043213
881089617,0.093018,0.112793,1.043213
881094617,0.093994,0.120361,1.03833
881099617,0.098145,0.11377,1.045898
881104617,0.094238,0.118896,1.037354
881109617,0.098633,0.119873,1.038818
881114617,0.098389,0.118408,1.044189
881119617,0.099121,0.115479,1.048096
881124617,0.092529,0.11499,1.033203
881129617,0.095703,0.120361,1.04248
881134617,0.097168,0.118896,1.038818
881139617,0.095947,0.119873,1.037598
881144617,0.093506,0.118896,1.040039
881149617,0.096436,0.116943,1.031738
881154617,0.096436,0.117188,1.041016
881159617,0.09375,0.11499,1.037842
881164617,0.094238,0.108398,1.04126
881169617,0.094971,0.11377,1.036377
881174617,0.090576,0.114502,1.0354
881179617,0.095215,0.113281,1.050537
881184617,0.097168,0.112793,1.046631
881189617,0.088867,0.115723,1.037109
881194617,0.098633,0.115967,1.037598
881199617,0.098389,0.121582,1.044678
881204617,0.095947,0.119629,1.040039
881209617,0.099365,0.118164,1.047607
881214617,0.098389,0.119873,1.048096
881219617,0.098633,0.12207,1.043213
881224617,0.093506,0.123779,1.041504
881229617,0.093018,0.116211,1.042725
881234617,0.094482,0.117676,1.041992
881239617,0.097656,0.117188,1.034668
881244617,0.094238,0.111084,1.041992
881249617,0.096924,0.118652,1.042236
881254617,0.092285,0.119385,1.046143
881259617,0.091797,0.11377,1.048828
881264617,0.096191,0.114502,1.044434
881269617,0.096191,0.116699,1.043701
881274617,0.092529,0.11499,1.034668
881279617,0.098389,0.111572,1.039307
881284617,0.091553,0.119141,1.040527
881289617,0.099365,0.113525,1.045166
881294617,0.094971,0.117676,1.037842
881299617,0.093994,0.113281,1.043701
881304617,0.096191,0.119141,1.041016
881309617,0.093506,0.122314,1.046387
881314617,0.09375,0.12085,1.038574
881319617,0.091064,0.115723,1.042969
881324617,0.094238,0.114746,1.039795
881329617,0.094971,0.117432,1.042969
881334617,0.092041,0.11792,1.040527
881339617,0.098877,0.114014,1.051514
881344617,0.096436,0.115723,1.036377
881349617,0.0979,0.113281,1.045898
881354617,0.094238,0.114502,1.038574
881359617,0.097412,0.117188,1.04126
881364617,0.092041,0.114746,1.037598
881369617,0.096924,0.119141,1.037598
881374617,0.094482,0.112793,1.033203
881379617,0.096924,0.116943,1.037842
881384617,0.097412,0.118652,1.036377
881389617,0.087891,0.119141,1.036621
881394617,0.099121,0.116455,1.034668
881399617,0.093994,0.11792,1.039551
881404617,0.096924,0.116699,1.048584
881409617,0.094971,0.117676,1.046631
881414617,0.091309,0.114746,1.039795
881419617,0.099121,0.11499,1.037354
881424617,0.097168,0.111572,1.039551
881429617,0.094238,0.112305,1.034668
881434617,0.095947,0.113037,1.042725
881439617,0.09668,0.115234,1.039551
881444617,0.097168,0.119629,1.03833
881449617,0.097656,0.121826,1.042969
881454617,0.095703,0.11792,1.0354
881459617,0.093262,0.117432,1.045654
881464617,0.096191,0.115723,1.040771
881469617,0.093994,0.117676,1.043457
881474617,0.092773,0.116455,1.040771
881479617,0.093506,0.115967,1.04248
881484617,0.09668,0.11499,1.037354
881489617,0.095947,0.112305,1.044922
881494617,0.097656,0.112305,1.04126
881499617,0.094727,0.117676,1.041748
881504617,0.092041,0.11499,1.0354
881509617,0.100342,0.111572,1.039551
881514617,0.094482,0.116943,1.037354
881519617,0.088379,0.118408,1.039551
881524617,0.092773,0.119629,1.040283
881529617,0.091064,0.118408,1.037842
881534617,0.094971,0.118896,1.0354
881539617,0.093506,0.119629,1.050781
881544617,0.095215,0.11499,1.035645
881549617,0.096191,0.111084,1.043701
881554617,0.095215,0.119141,1.040039
881559617,0.092529,0.115723,1.04541
881564617,0.094238,0.114258,1.036621
881569617,0.095947,0.109375,1.04541
881574617,0.096436,0.114746,1.043701
881579617,0.089844,0.114014,1.039063
881584617,0.098145,0.115723,1.03833
881589617,0.095215,0.112305,1.043213
881594617,0.094727,0.112793,1.040039
881599617,0.094971,0.116455,1.046875
881604617,0.094238,0.123047,1.041748
881609617,0.095215,0.115479,1.040527
881614617,0.094727,0.11377,1.038818
881619617,0.097656,0.114746,1.044678
881624617,0.091309,0.120361,1.047852
881629617,0.093506,0.116943,1.03833
881634617,0.096436,0.112061,1.041504
881639617,0.101807,0.116943,1.048828
881644617,0.091797,0.117676,1.039795
881649617,0.091797,0.115479,1.03418
881654617,0.093262,0.114746,1.042725
881659617,0.098389,0.114502,1.04248
881664617,0.089844,0.114502,1.040527
881669617,0.095459,0.114502,1.035156
881674617,0.099365,0.115723,1.037354
881679617,0.099609,0.115723,1.043701
881684617,0.095215,0.119629,1.041504
881689617,0.093018,0.116699,1.035156
881694617,0.093506,0.12207,1.040283
881699617,0.092773,0.119629,1.04248
881704617,0.089844,0.119141,1.043701
881709617,0.096436,0.114014,1.041016
881714617,0.097656,0.112305,1.044189
881719617,0.091797,0.115479,1.046143
881724617,0.09082,0.118408,1.04248
881729617,0.088135,0.111816,1.034424
881734617,0.092529,0.113525,1.036621
881739617,0.094727,0.115234,1.040039
881744617,0.096436,0.119873,1.039307
881749617,0.102051,0.112061,1.043701
881754617,0.099121,0.116455,1.046631
881759617,0.095459,0.12085,1.038818
881764617,0.093994,0.115234,1.047119
881769617,0.096191,0.115723,1.036865
881774617,0.10083,0.112793,1.046387
881779617,0.094238,0.114502,1.045166
881784617,0.09082,0.118652,1.043457
881789617,0.095947,0.118408,1.046143
881794617,0.092529,0.113037,1.04541
881799617,0.095215,0.112305,1.042725
881804617,0.097656,0.113281,1.039795
881809617,0.09375,0.115723,1.041016
881814617,0.096436,0.117432,1.041748
881819617,0.09375,0.117188,1.039795
881824617,0.098877,0.11499,1.041992
881829617,0.098389,0.117432,1.044434
881834617,0.097412,0.122559,1.035645
881839617,0.095703,0.119629,1.032227
881844617,0.108154,0.123047,1.049072
881849617,0.09375,0.119385,1.045166
881854617,0.095703,0.115967,1.041992
881859617,0.095215,0.118164,1.04248
881864617,0.089355,0.113525,1.03833
881869617,0.097412,0.115234,1.044189
881874617,0.095215,0.112793,1.041748
881879617,0.097656,0.113037,1.044189
881884617,0.102539,0.109375,1.03833
881889617,0.093018,0.116699,1.039063
881894617,0.094482,0.117188,1.036865
881899617,0.098633,0.120117,1.0354
881904617,0.10083,0.117188,1.038574
881909617,0.096436,0.118408,1.040283
881914617,0.091797,0.121338,1.042969
881919617,0.091309,0.119385,1.039551
881924617,0.092285,0.117676,1.041504
881929617,0.090088,0.116699,1.039795
881934617,0.088379,0.115723,1.034668
881939617,0.094482,0.113037,1.034668
881944617,0.099609,0.11377,1.05249
881949617,0.099365,0.11377,1.040771
881954617,0.096191,0.113281,1.026611
881959617,0.103027,0.118896,1.048096
881964617,0.095947,0.112061,1.043457
881969617,0.102051,0.115723,1.048584
881974617,0.094971,0.118896,1.049561
881979617,0.09082,0.120117,1.032227
881984617,0.093018,0.111328,1.039551
881989617,0.098633,0.110352,1.042236
881994617,0.100586,0.116699,1.039307
881999617,0.096191,0.12085,1.040771
882004617,0.090576,0.119141,1.042725
882009617,0.097412,0.116455,1.044678
882014617,0.094727,0.114014,1.046875
882019617,0.093018,0.115967,1.040771
882024617,0.09375,0.114746,1.035889
882029617,0.100586,0.107666,1.044434
882034617,0.100342,0.118896,1.043701
882039617,0.094238,0.118652,1.043701
882044617,0.095703,0.114502,1.031494
882049617,0.098389,0.11499,1.042236
882054617,0.096924,0.122314,1.039795
882059617,0.101318,0.114258,1.039551
882064617,0.099365,0.115967,1.041504
882069617,0.090088,0.118652,1.040771
882074617,0.093506,0.118652,1.043945
882079617,0.092529,0.11792,1.040527
882084617,0.098145,0.11792,1.039307
882089617,0.099854,0.11084,1.042236
882094617,0.096191,0.114746,1.046143
882099617,0.093018,0.112793,1.043457
882104617,0.097656,0.115479,1.039551
882109617,0.092285,0.118164,1.049805
882114617,0.094727,0.119141,1.035645
882119617,0.097168,0.117188,1.037598
882124617,0.09668,0.116699,1.037109
882129617,0.09375,0.120605,1.042969
882134617,0.098389,0.112305,1.039307
882139617,0.086426,0.120361,1.041992
882144617,0.088135,0.119629,1.042236
882149617,0.0896,0.11084,1.039795
882154617,0.101318,0.111816,1.039307
882159617,0.098633,0.118896,1.045654
882164617,0.094482,0.11792,1.044922
882169617,0.092529,0.120117,1.039063
882174617,0.089844,0.120117,1.043945
882179617,0.098877,0.120605,1.038818
882184617,0.101563,0.118896,1.037354
882189617,0.099609,0.116455,1.035889
882194617,0.096436,0.116455,1.044678
882199617,0.093994,0.118164,1.037354
882204617,0.096924,0.118652,1.037109
882209617,0.09082,0.115479,1.037354
882214617,0.092773,0.118164,1.045654
882219617,0.09082,0.117188,1.040771
882224617,0.09375,0.115234,1.053955
882229617,0.086914,0.120361,1.045654
882234617,0.087646,0.116699,1.036133
882239617,0.0979,0.114014,1.050049
882244617,0.09668,0.116699,1.039551
882249617,0.092773,0.112793,1.033447
882254617,0.093262,0.12207,1.052734
882259617,0.094971,0.118408,1.051758
882264617,0.094238,0.112549,1.038574
882269617,0.103027,0.116211,1.036621
882274617,0.104248,0.103516,1.031494
882279617,0.101074,0.11792,1.064697
882284617,0.081787,0.115479,1.033691
882289617,0.086182,0.114502,1.053467
882294617,0.084229,0.112793,1.045898
882299617,0.090332,0.107178,1.036377
882304617,0.102539,0.108643,1.046875
882309617,0.093994,0.117432,1.035889
882314617,0.101074,0.11499,1.03125
882319617,0.101807,0.115967,1.051025
882324617,0.087158,0.135498,1.046875
882329617,0.08374,0.122803,1.033447
882334617,0.091064,0.118652,1.037598
882339617,0.099365,0.111572,1.036377
882344617,0.092285,0.120605,1.030518
882349617,0.089844,0.119141,1.05542
882354617,0.080566,0.115723,1.019775
882359617,0.093994,0.112549,1.04541
882364617,0.10498,0.112061,1.040039
882369617,0.098877,0.112549,1.025879
882374617,0.103271,0.115479,1.042725
882379617,0.097168,0.12085,1.046875
882384617,0.084229,0.120361,1.034912
882389617,0.093506,0.115723,1.034912
882394617,0.095459,0.125,1.054443
882399617,0.093018,0.113525,1.0354
882404617,0.102783,0.117188,1.046631
882409617,0.093018,0.122559,1.044922
882414617,0.091553,0.11377,1.03125
882419617,0.100098,0.11377,1.049805
882424617,0.086182,0.117432,1.04248
882429617,0.094482,0.109375,1.039063
882434617,0.100098,0.111084,1.048584
882439617,0.092529,0.114502,1.04126
882444617,0.094971,0.11499,1.04126
882449617,0.094727,0.111572,1.042969
882454617,0.095215,0.118896,1.043213
882459617,0.091553,0.120117,1.04248
882464617,0.090332,0.118408,1.033447
882469617,0.0979,0.113037,1.036377
882474617,0.094238,0.113281,1.040283
882479617,0.088379,0.122803,1.046631
882484617,0.087891,0.116943,1.03125
882489617,0.102783,0.114502,1.04126
882494617,0.092773,0.120361,1.04834
882499617,0.087891,0.120361,1.043945
882504617,0.098633,0.115967,1.03833
882509617,0.101807,0.108643,1.045654
882514617,0.096191,0.117432,1.03833
882519617,0.090088,0.116699,1.041748
882524617,0.098633,0.116211,1.03833
882529617,0.103516,0.109863,1.044434
882534617,0.100586,0.121826,1.043457
882539617,0.092529,0.119629,1.038086
882544617,0.094238,0.114502,1.029053
882549617,0.09375,0.115723,1.043213
882554617,0.093262,0.117188,1.046143
882559617,0.086914,0.116455,1.047852
882564617,0.093994,0.11499,1.044434
882569617,0.091064,0.116699,1.04248
882574617,0.092041,0.115234,1.039063
882579617,0.094238,0.11377,1.046875
882584617,0.098389,0.114746,1.046387
882589617,0.094971,0.124023,1.04541
882594617,0.095703,0.116211,1.041016
882599617,0.099121,0.112061,1.037354
882604617,0.103271,0.115723,1.035889
882609617,0.096924,0.114746,1.039063
882614617,0.098145,0.111572,1.036865
882619617,0.099121,0.110596,1.040771
882624617,0.090576,0.118164,1.041992
882629617,0.092285,0.114746,1.043701
882634617,0.095947,0.112305,1.042725
882639617,0.093018,0.116211,1.044678
882644617,0.090088,0.118896,1.039307
882649617,0.094971,0.114258,1.044189
882654617,0.092529,0.116211,1.051514
882659617,0.095947,0.118164,1.04248
882664617,0.099121,0.115234,1.036865
882669617,0.0979,0.117188,1.037842
882674617,0.099609,0.116211,1.040039
882679617,0.093994,0.115967,1.034668
882684617,0.090332,0.118896,1.046875
882689617,0.098633,0.120117,1.038818
882694617,0.096924,0.113525,1.043701
882699617,0.098633,0.115967,1.033936
882704617,0.098633,0.113037,1.054199
882709617,0.088867,0.113525,1.034668
882714617,0.095215,0.116943,1.053467
882719617,0.088379,0.114258,1.032959
882724617,0.098633,0.116943,1.042969
882729617,0.096436,0.11377,1.051514
882734617,0.093262,0.117676,1.025391
882739617,0.102295,0.119141,1.043213
882744617,0.096191,0.116699,1.044678
882749617,0.089355,0.118164,1.03418
882754617,0.091797,0.116455,1.038086
882759617,0.0979,0.119629,1.04248
882764617,0.094482,0.115479,1.040283
882769617,0.095215,0.112305,1.042236
882774617,0.095215,0.121582,1.041748
882779617,0.092773,0.113525,1.043701
882784617,0.092041,0.117188,1.045898
882789617,0.092773,0.11499,1.040771
882794617,0.099365,0.115967,1.050293
882799617,0.0979,0.11499,1.041748
882804617,0.0979,0.119873,1.046875
882809617,0.093018,0.118164,1.042236
882814617,0.094482,0.120117,1.040039
882819617,0.095215,0.12085,1.041016
882824617,0.09375,0.11792,1.041016
882829617,0.094971,0.113525,1.038086
882834617,0.091064,0.118896,1.039063
882839617,0.092773,0.115723,1.041504
882844617,0.093262,0.114014,1.048584
882849617,0.091553,0.114014,1.036133
882854617,0.094238,0.115234,1.046143
882859617,0.089844,0.11377,1.04834
882864617,0.094971,0.119629,1.046387
882869617,0.094727,0.115479,1.035645
882874617,0.100586,0.111572,1.041992
882879617,0.100342,0.116455,1.041992
882884617,0.093506,0.118164,1.037598
882889617,0.099854,0.115479,1.038574
882894617,0.097656,0.119629,1.036377
882899617,0.097412,0.11792,1.037354
882904617,0.094971,0.120361,1.040771
882909617,0.093018,0.116211,1.044922
882914617,0.094727,0.11499,1.051758
882919617,0.090576,0.115234,1.039551
882924617,0.09082,0.112793,1.045654
882929617,0.091309,0.113037,1.045654
882934617,0.094482,0.112793,1.043457
882939617,0.094971,0.111084,1.047363
882944617,0.095215,0.116455,1.042236
882949617,0.090332,0.115479,1.038086
882954617,0.101074,0.118164,1.039795
882959617,0.10083,0.119873,1.043213
882964617,0.095703,0.116943,1.041992
882969617,0.092529,0.127197,1.036621
882974617,0.093018,0.121582,1.039307
882979617,0.098877,0.115479,1.042236
882984617,0.096191,0.112793,1.039063
882989617,0.097168,0.112549,1.044922
882994617,0.094971,0.118408,1.037354
882999617,0.093506,0.115967,1.040039
883004617,0.093994,0.114014,1.044678
883009617,0.097168,0.10791,1.039307
883014617,0.099365,0.116699,1.046387
883019617,0.096191,0.120361,1.041748
883024617,0.091553,0.116455,1.044922
883029617,0.091553,0.117188,1.037598
883034617,0.0979,0.113037,1.046875
883039617,0.097412,0.116455,1.036865
883044617,0.097412,0.12085,1.03418
883049617,0.096436,0.117676,1.04126
883054617,0.095947,0.12085,1.041748
883059617,0.092773,0.119629,1.037842
883064617,0.0896,0.11499,1.04126
883069617,0.095215,0.110352,1.0354
883074617,0.094971,0.11499,1.039307
883079617,0.095459,0.115967,1.043457
883084617,0.097168,0.116211,1.03833
883089617,0.099365,0.114014,1.036133
883094617,0.094971,0.114258,1.047607
883099617,0.09668,0.117676,1.040039
883104617,0.088623,0.115234,1.036621
883109617,0.094971,0.113037,1.029785
883114617,0.092041,0.117432,1.040527
883119617,0.09375,0.117676,1.039063
883124617,0.091064,0.118164,1.041016
883129617,0.091309,0.116943,1.042725
883134617,0.090576,0.116699,1.042236
883139617,0.085693,0.116943,1.034668
883144617,0.0979,0.111328,1.040283
883149617,0.105469,0.109863,1.048828
883154617,0.095947,0.115234,1.034424
883159617,0.095947,0.116211,1.04126
883164617,0.099609,0.115479,1.040283
883169617,0.095947,0.115234,1.041504
883174617,0.097656,0.114258,1.040771
883179617,0.098389,0.115967,1.038574
883184617,0.097412,0.117188,1.043213
883189617,0.09375,0.11377,1.041016
883194617,0.093262,0.12085,1.045654
883199617,0.091553,0.116211,1.046631
883204617,0.093262,0.115234,1.042236
883209617,0.098633,0.11792,1.036621
883214617,0.099365,0.118896,1.046143
883219617,0.092041,0.118408,1.037354
883224617,0.097168,0.120117,1.043701
883229617,0.094727,0.115479,1.041992
883234617,0.091553,0.112549,1.032471
883239617,0.097412,0.115234,1.0354
883244617,0.096191,0.115723,1.039307
883249617,0.095703,0.116211,1.045166
883254617,0.090332,0.114502,1.041748
883259617,0.091797,0.117188,1.037354
883264617,0.093018,0.113037,1.043701
883269617,0.091797,0.115723,1.033447
883274617,0.100342,0.114502,1.04126
883279617,0.099609,0.117432,1.039551
883284617,0.096924,0.120117,1.040039
883289617,0.092041,0.114014,1.041016
883294617,0.096924,0.118164,1.04541
883299617,0.091553,0.121338,1.039795
883304617,0.094238,0.115723,1.041504
883309617,0.099121,0.114746,1.038086
883314617,0.093994,0.111572,1.045898
883319617,0.092285,0.117676,1.041992
883324617,0.094238,0.113281,1.042969
883329617,0.096436,0.112793,1.038086
883334617,0.10083,0.115967,1.042236
883339617,0.099609,0.117188,1.042969
883344617,0.094727,0.119141,1.045166
883349617,0.092041,0.116455,1.046387
883354617,0.092041,0.116943,1.039063
883359617,0.099365,0.117676,1.046631
883364617,0.099121,0.123779,1.034668
883369617,0.095459,0.115479,1.032471
883374617,0.095459,0.114014,1.038574
883379617,0.095459,0.111816,1.040771
883384617,0.097656,0.114502,1.041992
883389617,0.096191,0.117432,1.042236
883394617,0.092285,0.114014,1.035889
883399617,0.095215,0.117676,1.03833
883404617,0.093262,0.113525,1.041748
883409617,0.087402,0.115723,1.046631
883414617,0.09082,0.11377,1.043701
883419617,0.093018,0.118652,1.046143
883424617,0.098389,0.116943,1.037354
883429617,0.09668,0.115723,1.041016
883434617,0.100098,0.115967,1.044434
883439617,0.100098,0.116455,1.036621
883444617,0.095703,0.115479,1.03418
883449617,0.094482,0.121094,1.044678
883454617,0.094971,0.114258,1.033691
883459617,0.094727,0.111572,1.041016
883464617,0.102295,0.113281,1.039307
883469617,0.095703,0.114014,1.039307
883474617,0.091553,0.114746,1.037109
883479617,0.091797,0.119385,1.041504
883484617,0.091553,0.116455,1.042236
883489617,0.094482,0.117188,1.047852
883494617,0.090332,0.116699,1.041748
883499617,0.092529,0.116699,1.043457
883504617,0.092041,0.118896,1.037354
883509617,0.095947,0.116699,1.041016
883514617,0.095459,0.115723,1.036865
883519617,0.093262,0.116943,1.039795
883524617,0.104004,0.114746,1.046875
883529617,0.103027,0.114502,1.039551
883534617,0.095459,0.115967,1.040039
883539617,0.095215,0.11499,1.040771
883544617,0.094727,0.115723,1.041992
883549617,0.092041,0.116699,1.043213
883554617,0.093994,0.111328,1.044678
883559617,0.091309,0.115479,1.042725
883564617,0.093018,0.11499,1.047363
883569617,0.092773,0.114014,1.043457
883574617,0.090576,0.113525,1.042969
883579617,0.095947,0.118652,1.040771
883584617,0.097412,0.112793,1.038086
883589617,0.098389,0.12207,1.037842
883594617,0.094482,0.121338,1.039551
883599617,0.093506,0.121094,1.037842
883604617,0.092773,0.115234,1.039063
883609617,0.095459,0.11499,1.046875
883614617,0.10083,0.118652,1.04248
883619617,0.096191,0.117676,1.04126
883624617,0.094238,0.115967,1.037109
883629617,0.096436,0.115234,1.040283
883634617,0.094482,0.118408,1.045898
883639617,0.092041,0.114502,1.039551
883644617,0.095215,0.111572,1.036621
883649617,0.102051,0.114258,1.042725
883654617,0.094971,0.122559,1.046631
883659617,0.088867,0.119141,1.031494
883664617,0.094971,0.11499,1.043213
883669617,0.097656,0.114258,1.031494
883674617,0.098633,0.117188,1.046875
883679617,0.096191,0.120605,1.049805
883684617,0.098389,0.113281,1.036621
883689617,0.098389,0.112793,1.040771
883694617,0.096191,0.11377,1.038086
883699617,0.09668,0.11792,1.046143
883704617,0.092773,0.118652,1.038574
883709617,0.091553,0.117188,1.033691
883714617,0.095215,0.115967,1.044189
883719617,0.099609,0.116943,1.041748
883724617,0.098633,0.111084,1.039551
883729617,0.092773,0.112061,1.036621
883734617,0.092285,0.123779,1.04126
883739617,0.095215,0.11792,1.039795
883744617,0.088623,0.117188,1.037842
883749617,0.098389,0.114746,1.043945
883754617,0.096436,0.112549,1.039307
883759617,0.093018,0.118652,1.04248
883764617,0.091309,0.119141,1.039551
883769617,0.095703,0.114014,1.040771
883774617,0.094971,0.115479,1.050293
883779617,0.092529,0.118164,1.038086
883784617,0.093506,0.114502,1.045898
883789617,0.095703,0.111328,1.0354
883794617,0.094971,0.115234,1.038086
883799617,0.097656,0.113281,1.042969
883804617,0.098145,0.116699,1.046387
883809617,0.094971,0.114258,1.040771
883814617,0.094971,0.116943,1.046143
883819617,0.100098,0.119385,1.043945
883824617,0.092285,0.118652,1.037354
883829617,0.099365,0.123047,1.050537
883834617,0.089844,0.120117,1.040039
883839617,0.09375,0.119629,1.037598
883844617,0.095215,0.119385,1.036621
883849617,0.092529,0.114746,1.049805
883854617,0.101563,0.11377,1.037354
883859617,0.095947,0.111816,1.040771
883864617,0.096924,0.113281,1.044922
883869617,0.096191,0.118408,1.041016
883874617,0.087646,0.115479,1.04248
883879617,0.095215,0.116943,1.037354
883884617,0.092285,0.109375,1.038818
883889617,0.099365,0.116211,1.046631
883894617,0.0979,0.11499,1.041016
883899617,0.098145,0.116455,1.041504
883904617,0.095459,0.116455,1.043457
883909617,0.094238,0.121094,1.042969
883914617,0.093262,0.121582,1.037354
883919617,0.090088,0.121582,1.039307
883924617,0.098633,0.117188,1.040771
883929617,0.0979,0.118896,1.040771
883934617,0.098145,0.121338,1.039307
883939617,0.093994,0.116943,1.032715
883944617,0.096191,0.115723,1.037842
883949617,0.093506,0.113525,1.050293
883954617,0.094482,0.11499,1.04248
883959617,0.091309,0.115967,1.043457
883964617,0.090332,0.11499,1.045166
883969617,0.09375,0.112549,1.041016
883974617,0.095947,0.110596,1.038086
883979617,0.0896,0.116699,1.039063
883984617,0.099121,0.121338,1.04541
883989617,0.094727,0.116943,1.041992
883994617,0.099121,0.117676,1.039795
883999617,0.097168,0.119629,1.040283
884004617,0.094971,0.115723,1.044678
884009617,0.096191,0.119385,1.044678
884014617,0.096191,0.12085,1.041992
884019617,0.099121,0.115967,1.039795
884024617,0.097412,0.111084,1.043945
884029617,0.095215,0.116211,1.044434
884034617,0.091064,0.117188,1.04248
884039617,0.093018,0.115479,1.041504
884044617,0.094971,0.111572,1.046875
884049617,0.093262,0.114258,1.044922
884054617,0.099609,0.116943,1.043457
884059617,0.099121,0.117676,1.046875
884064617,0.093994,0.119629,1.042236
884069617,0.090088,0.121826,1.036621
884074617,0.0979,0.114746,1.03833
884079617,0.099121,0.118408,1.039307
884084617,0.097412,0.118652,1.042969
884089617,0.094238,0.121826,1.04126
884094617,0.094482,0.116699,1.036865
884099617,0.099609,0.115723,1.045166
884104617,0.093018,0.11499,1.040771
884109617,0.091553,0.111816,1.039795
884114617,0.10083,0.113281,1.044434
884119617,0.098145,0.116211,1.044678
884124617,0.088867,0.117188,1.042236
884129617,0.091309,0.109375,1.038818
884134617,0.099609,0.108887,1.041748
884139617,0.097168,0.116455,1.043213
884144617,0.090088,0.119141,1.039795
884149617,0.100098,0.116211,1.037842
884154617,0.100586,0.119873,1.036621
884159617,0.091309,0.116943,1.040527
884164617,0.099121,0.112305,1.039795
884169617,0.101563,0.117188,1.043945
884174617,0.098877,0.114502,1.04834
884179617,0.09375,0.120117,1.035645
884184617,0.092529,0.111816,1.044189
884189617,0.097412,0.108887,1.041992
884194617,0.101074,0.113037,1.046631
884199617,0.092285,0.117188,1.047363
884204617,0.092285,0.119385,1.038574
884209617,0.09668,0.117432,1.041504
884214617,0.095215,0.11499,1.041992
884219617,0.097168,0.114014,1.04126
884224617,0.09668,0.120117,1.031982
884229617,0.095947,0.118896,1.045654
884234617,0.09375,0.119873,1.044922
884239617,0.094238,0.118408,1.043213
884244617,0.095947,0.115234,1.036865
884249617,0.0979,0.11499,1.049561
884254617,0.093506,0.113525,1.039795
884259617,0.095947,0.117432,1.041992
884264617,0.096924,0.119873,1.047119
884269617,0.096191,0.117188,1.037842
884274617,0.093018,0.112305,1.043213
884279617,0.098145,0.115967,1.043945
884284617,0.094238,0.120361,1.039795
884289617,0.094727,0.11792,1.034912
884294617,0.09668,0.114502,1.039795
884299617,0.098145,0.121094,1.048828
884304617,0.095703,0.118652,1.047852
884309617,0.094482,0.119141,1.046631
884314617,0.096436,0.113037,1.041992
884319617,0.095947,0.117676,1.042236
884324617,0.095459,0.118164,1.039795
884329617,0.096191,0.114746,1.042236
884334617,0.087646,0.113037,1.042969
884339617,0.09668,0.116699,1.038574
884344617,0.09375,0.112305,1.040283
884349617,0.095459,0.120117,1.041992
884354617,0.097412,0.115967,1.041016
884359617,0.095947,0.113525,1.041748
884364617,0.096436,0.115723,1.042969
884369617,0.095215,0.123047,1.042236
884374617,0.095947,0.119629,1.046631
884379617,0.095947,0.115234,1.038818
884384617,0.100098,0.116943,1.046875
884389617,0.0979,0.120361,1.046631
884394617,0.09375,0.122314,1.038574
884399617,0.09668,0.118896,1.04126
884404617,0.098389,0.116699,1.036621
884409617,0.098389,0.113525,1.039795
884414617,0.0979,0.111572,1.039307
884419617,0.102783,0.109619,1.031982
884424617,0.102051,0.117188,1.043945
884429617,0.096436,0.116699,1.046143
884434617,0.094482,0.113281,1.034912
884439617,0.094727,0.11377,1.038574
884444617,0.094971,0.120117,1.038818
884449617,0.094727,0.115234,1.04126
884454617,0.093018,0.117676,1.034912
884459617,0.092285,0.11792,1.040771
884464617,0.094971,0.117676,1.042969
884469617,0.097656,0.115723,1.037842
884474617,0.0979,0.11499,1.047607
884479617,0.093018,0.119141,1.040283
884484617,0.0979,0.114502,1.041992
884489617,0.091553,0.110107,1.038818
884494617,0.092529,0.116699,1.037109
884499617,0.097412,0.112793,1.042236
884504617,0.095459,0.114014,1.041504
884509617,0.095703,0.115723,1.044434
884514617,0.094727,0.115967,1.046387
884519617,0.087158,0.115479,1.040039
884524617,0.091309,0.117432,1.043701
884529617,0.091064,0.117676,1.042236
884534617,0.093994,0.118408,1.039063
884539617,0.092285,0.118896,1.041016
884544617,0.092529,0.115723,1.038818
884549617,0.095947,0.119385,1.037598
884554617,0.099365,0.111572,1.038086
884559617,0.099365,0.114502,1.04248
884564617,0.102295,0.115967,1.045166
884569617,0.095947,0.11377,1.039795
884574617,0.09668,0.115479,1.036865
884579617,0.097168,0.114746,1.03833
884584617,0.093018,0.114746,1.044434
884589617,0.09082,0.112305,1.036865
884594617,0.094238,0.115967,1.040039
884599617,0.094238,0.108643,1.040039
884604617,0.09668,0.117188,1.03833
884609617,0.094727,0.115967,1.039307
884614617,0.098145,0.116699,1.044678
884619617,0.094971,0.117188,1.045654
884624617,0.096436,0.11377,1.041992
884629617,0.09375,0.120361,1.040039
884634617,0.098389,0.11792,1.039551
884639617,0.097656,0.114502,1.036865
884644617,0.095947,0.116943,1.038818
884649617,0.094727,0.118896,1.041504
884654617,0.095459,0.113037,1.049072
884659617,0.097656,0.115234,1.041504
884664617,0.091309,0.114502,1.04126
884669617,0.092529,0.117188,1.051758
884674617,0.089355,0.112305,1.039795
884679617,0.094238,0.112549,1.042236
884684617,0.095947,0.112793,1.042969
884689617,0.096191,0.116699,1.040771
884694617,0.097412,0.116455,1.04126
884699617,0.091553,0.120361,1.043945
884704617,0.095703,0.120117,1.035889
884709617,0.094971,0.117676,1.043457
884714617,0.097412,0.119141,1.043945
884719617,0.095459,0.115234,1.045898
884724617,0.091064,0.121338,1.044434
884729617,0.089111,0.113281,1.036133
884734617,0.096436,0.112061,1.040771
884739617,0.094238,0.112793,1.03418
884744617,0.092529,0.119385,1.03833
884749617,0.092773,0.111572,1.041992
884754617,0.096436,0.116211,1.040283
884759617,0.091309,0.115723,1.044678
884764617,0.093262,0.117432,1.041504
884769617,0.098389,0.118408,1.04248
884774617,0.094727,0.115479,1.039795
884779617,0.097412,0.12085,1.044434
884784617,0.098389,0.117676,1.047852
884789617,0.095215,0.118408,1.048096
884794617,0.100098,0.116943,1.045654
884799617,0.092773,0.114014,1.040283
884804617,0.098145,0.112305,1.036133
884809617,0.098145,0.115479,1.04541
884814617,0.093506,0.117676,1.040283
884819617,0.092285,0.11499,1.044189
884824617,0.092773,0.116211,1.040527
884829617,0.091797,0.111572,1.035889
884834617,0.095215,0.118408,1.040039
884839617,0.097168,0.118652,1.038086
884844617,0.094238,0.117676,1.042725
884849617,0.090332,0.119385,1.046143
884854617,0.094482,0.12085,1.045654
884859617,0.098145,0.12085,1.041016
884864617,0.097168,0.11792,1.044678
884869617,0.095215,0.116455,1.04541
884874617,0.09375,0.11792,1.041748
884879617,0.090576,0.116211,1.042969
884884617,0.093262,0.11084,1.039551
884889617,0.098389,0.115479,1.037598
884894617,0.096436,0.113525,1.04126
884899617,0.094238,0.11499,1.03833
884904617,0.09375,0.115723,1.041504
884909617,0.093506,0.113281,1.043213
884914617,0.096191,0.115723,1.036133
884919617,0.098145,0.114258,1.045898
884924617,0.096191,0.114014,1.038086
884929617,0.096191,0.119385,1.048096
884934617,0.095947,0.120605,1.043213
884939617,0.094971,0.118408,1.04248
884944617,0.093018,0.119385,1.037109
884949617,0.100342,0.114746,1.043457
884954617,0.098877,0.117188,1.043457
884959617,0.09375,0.116211,1.041748
884964617,0.095947,0.116211,1.04126
884969617,0.097412,0.113281,1.039795
884974617,0.091797,0.118164,1.037842
884979617,0.095459,0.114502,1.04126
884984617,0.094238,0.110352,1.038574
884989617,0.091553,0.116211,1.048096
884994617,0.095215,0.119629,1.04541
884999617,0.096191,0.116455,1.042969
885004617,0.097656,0.113525,1.044434
885009617,0.094971,0.120361,1.041748
885014617,0.094727,0.118652,1.035156
885019617,0.095947,0.121094,1.044189
885024617,0.0979,0.122559,1.043945
885029617,0.097656,0.120117,1.037354
885034617,0.092529,0.114258,1.038086
885039617,0.0979,0.118164,1.040527
885044617,0.094482,0.11499,1.04126
885049617,0.089355,0.113037,1.03833
885054617,0.095703,0.11499,1.040771
885059617,0.096191,0.112305,1.040283
885064617,0.092041,0.113037,1.046387
885069617,0.095459,0.114502,1.038574
885074617,0.094238,0.117432,1.04126
885079617,0.094238,0.116699,1.039551
885084617,0.09375,0.120117,1.039551
885089617,0.098877,0.118896,1.04248
885094617,0.094727,0.121338,1.04126
885099617,0.098145,0.120361,1.044678
885104617,0.098877,0.116455,1.044434
885109617,0.095947,0.112549,1.038086
885114617,0.097168,0.117432,1.040527
885119617,0.098877,0.114258,1.037354
885124617,0.09375,0.110596,1.04126
885129617,0.094482,0.111572,1.037598
885134617,0.095459,0.112793,1.04126
885139617,0.093506,0.108398,1.04126
885144617,0.093262,0.116211,1.043457
885149617,0.095703,0.114502,1.044922
885154617,0.092529,0.118408,1.039551
885159617,0.0979,0.118164,1.041992
885164617,0.095703,0.117676,1.040771
885169617,0.094482,0.123779,1.041748
885174617,0.096436,0.117432,1.045654
885179617,0.102539,0.119629,1.039795
885184617,0.101318,0.11377,1.034668
885189617,0.097656,0.118896,1.035889
885194617,0.094727,0.119385,1.041016
885199617,0.092773,0.110352,1.040527
885204617,0.09668,0.114258,1.042725
885209617,0.096191,0.114258,1.044922
885214617,0.098633,0.114746,1.036377
885219617,0.092773,0.11377,1.046143
885224617,0.096924,0.116211,1.044434
885229617,0.096436,0.115479,1.039551
885234617,0.103271,0.118652,1.046875
885239617,0.092529,0.121094,1.044678
885244617,0.094238,0.121338,1.038574
885249617,0.094727,0.118896,1.040283
885254617,0.098145,0.119873,1.039063
885259617,0.096924,0.115234,1.033691
885264617,0.09668,0.118408,1.041992
885269617,0.0979,0.113037,1.03833
885274617,0.094971,0.116455,1.032471
885279617,0.099365,0.113281,1.049561
885284617,0.099121,0.116699,1.043213
885289617,0.098633,0.114014,1.043457
885294617,0.094482,0.116211,1.050537
885299617,0.094971,0.114258,1.051514
885304617,0.096191,0.116455,1.036865
885309617,0.098145,0.116455,1.046143
885314617,0.093018,0.115723,1.043213
885319617,0.092529,0.120361,1.039795
885324617,0.0979,0.11792,1.041748
885329617,0.092529,0.116943,1.037842
885334617,0.098877,0.117676,1.036133
885339617,0.096436,0.114502,1.043213
885344617,0.096924,0.111572,1.040771
885349617,0.093994,0.115234,1.045166
885354617,0.093018,0.112305,1.0354
885359617,0.093994,0.119385,1.040527
885364617,0.093262,0.117676,1.037109
885369617,0.093262,0.114746,1.044189
885374617,0.095215,0.111572,1.043945
885379617,0.095215,0.116455,1.043457
885384617,0.090576,0.119385,1.041504
885389617,0.093994,0.121094,1.040527
885394617,0.097168,0.115967,1.040771
885399617,0.095703,0.117432,1.040039
885404617,0.097412,0.119385,1.043213
885409617,0.097412,0.12085,1.042969
885414617,0.100098,0.121582,1.058105
885419617,0.098389,0.117432,1.049561
885424617,0.096191,0.114014,1.043213
885429617,0.096191,0.118164,1.039307
885434617,0.097412,0.112793,1.039063
885439617,0.098145,0.114014,1.043213
885444617,0.090576,0.114014,1.043945
885449617,0.089844,0.117676,1.043457
885454617,0.097656,0.116943,1.042725
885459617,0.094238,0.11499,1.039307
885464617,0.094482,0.118164,1.040039
885469617,0.097412,0.11499,1.04126
885474617,0.093262,0.114258,1.045898
885479617,0.09375,0.118164,1.037598
885484617,0.098877,0.123779,1.057373
885489617,0.09082,0.115967,1.027832
885494617,0.100098,0.121826,1.0354
885499617,0.099609,0.114502,1.050537
885504617,0.089355,0.117676,1.016113
885509617,0.095947,0.123535,1.04834
885514617,0.096436,0.117432,1.058105
885519617,0.090088,0.112549,1.032715
885524617,0.091797,0.11377,1.028564
885529617,0.094971,0.11499,1.03125
885534617,0.091064,0.11377,1.030518
885539617,0.095459,0.118164,1.043945
885544617,0.095703,0.122314,1.041748
885549617,0.090332,0.114502,1.029297
885554617,0.093994,0.116943,1.048096
885559617,0.087402,0.116943,1.029053
885564617,0.098389,0.117676,1.051025
885569617,0.095947,0.116699,1.036133
885574617,0.097656,0.117432,1.046875
885579617,0.095947,0.116455,1.05127
885584617,0.094727,0.120605,1.042236
885589617,0.092773,0.119873,1.034424
885594617,0.095215,0.113525,1.040039
885599617,0.092529,0.11377,1.040527
885604617,0.09375,0.114258,1.038818
885609617,0.092285,0.11377,1.045898
885614617,0.093506,0.11377,1.034424
885619617,0.099609,0.115723,1.038818
885624617,0.098389,0.111816,1.040527
885629617,0.093994,0.122314,1.040527
885634617,0.094238,0.118164,1.038086
885639617,0.098389,0.117676,1.040283
885644617,0.099121,0.113037,1.042236
885649617,0.098389,0.115723,1.033203
885654617,0.09668,0.116455,1.041992
885659617,0.095215,0.115967,1.041016
885664617,0.093506,0.117188,1.04126
885669617,0.09082,0.113281,1.037109
885674617,0.094482,0.111328,1.046631
885679617,0.095947,0.116699,1.046387
885684617,0.092285,0.115967,1.040771
885689617,0.097412,0.116455,1.034668
885694617,0.095215,0.119873,1.040039
885699617,0.092529,0.119629,1.043457
885704617,0.097412,0.115723,1.039795
885709617,0.093994,0.117188,1.046387
885714617,0.098389,0.11792,1.039307
885719617,0.098633,0.11499,1.038086
885724617,0.095703,0.11792,1.043457
885729617,0.095459,0.114258,1.046387
885734617,0.094238,0.115234,1.03833
885739617,0.093262,0.111816,1.042236
885744617,0.097168,0.111816,1.035156
885749617,0.099121,0.113281,1.043213
885754617,0.093262,0.115479,1.041504
885759617,0.097656,0.115723,1.04126
885764617,0.095947,0.114014,1.039063
885769617,0.095947,0.113525,1.041016
885774617,0.101318,0.119629,1.037598
885779617,0.092041,0.119141,1.042236
885784617,0.091797,0.116699,1.041504
885789617,0.094971,0.116699,1.041992
885794617,0.093018,0.115967,1.037109
885799617,0.092773,0.115723,1.034668
885804617,0.097168,0.116455,1.047363
885809617,0.098633,0.11084,1.04248
885814617,0.095459,0.117676,1.040283
885819617,0.094971,0.113525,1.044189
885824617,0.091553,0.113525,1.039551
885829617,0.094238,0.116455,1.040283
885834617,0.098145,0.119385,1.041504
885839617,0.095703,0.116455,1.043213
885844617,0.095703,0.117432,1.039307
885849617,0.095459,0.115234,1.044678
885854617,0.093506,0.118164,1.041504
885859617,0.092285,0.119385,1.041504
885864617,0.096436,0.115234,1.044678
885869617,0.096436,0.11499,1.040283
885874617,0.091309,0.116211,1.037354
885879617,0.094727,0.114014,1.039551
885884617,0.090576,0.118164,1.044678
885889617,0.094482,0.11499,1.035156
885894617,0.097412,0.11792,1.044189
885899617,0.093994,0.114746,1.041504
885904617,0.095459,0.113525,1.042725
885909617,0.095215,0.118408,1.038818
885914617,0.097656,0.11377,1.034668
885919617,0.102295,0.121826,1.043701
885924617,0.099121,0.120117,1.041504
885929617,0.097656,0.120361,1.039795
885934617,0.098877,0.120361,1.039795
885939617,0.099854,0.117432,1.044678
885944617,0.093506,0.117188,1.042725
885949617,0.094238,0.114746,1.038818
885954617,0.093018,0.115479,1.045898
885959617,0.091797,0.117188,1.046631
885964617,0.091064,0.116211,1.044922
885969617,0.093262,0.117676,1.042236
885974617,0.094482,0.11377,1.037354
885979617,0.092529,0.115723,1.030762
885984617,0.098145,0.115234,1.057373
885989617,0.094971,0.116211,1.037109
885994617,0.094971,0.121826,1.04248
885999617,0.092773,0.116455,1.045166
886004617,0.092529,0.114258,1.041748
886009617,0.090576,0.112305,1.036133
886014617,0.093994,0.115723,1.045166
886019617,0.101318,0.112549,1.041504
886024617,0.101318,0.115967,1.042725
886029617,0.099609,0.113037,1.038818
886034617,0.093262,0.118408,1.044189
886039617,0.094238,0.114014,1.039307
886044617,0.097168,0.114746,1.040283
886049617,0.096436,0.121094,1.044434
886054617,0.092773,0.112305,1.045898
886059617,0.093018,0.115234,1.041504
886064617,0.096436,0.117676,1.042725
886069617,0.091553,0.116455,1.037598
886074617,0.096436,0.119141,1.044678
886079617,0.094482,0.120361,1.037598
886084617,0.095947,0.11792,1.040039
886089617,0.101807,0.119141,1.042969
886094617,0.0979,0.116455,1.036621
886099617,0.097412,0.12085,1.032959
886104617,0.100586,0.113525,1.039307
886109617,0.097168,0.115967,1.041992
886114617,0.096436,0.113525,1.040771
886119617,0.09668,0.123047,1.046387
886124617,0.0896,0.115723,1.032959
886129617,0.093262,0.122803,1.049316
886134617,0.090576,0.115723,1.036133
886139617,0.097656,0.113037,1.043213
886144617,0.094971,0.116943,1.042969
886149617,0.095703,0.117188,1.033203
886154617,0.095215,0.118652,1.043945
886159617,0.099854,0.119385,1.031982
886164617,0.098633,0.116943,1.045166
886169617,0.091797,0.116699,1.037842
886174617,0.097412,0.111084,1.043457
886179617,0.096436,0.119141,1.04834
886184617,0.09375,0.116455,1.040771
886189617,0.095459,0.120361,1.037109
886194617,0.093506,0.116211,1.039551
886199617,0.096924,0.114502,1.037109
886204617,0.0979,0.117432,1.037109
886209617,0.094727,0.119385,1.045166
886214617,0.090576,0.115479,1.041992
886219617,0.092529,0.118164,1.04126
886224617,0.09668,0.115967,1.042969
886229617,0.096436,0.119141,1.041992
886234617,0.091064,0.114502,1.042969
886239617,0.092529,0.112305,1.040039
886244617,0.094238,0.115234,1.036865
886249617,0.098389,0.115967,1.041992
886254617,0.093506,0.111572,1.039551
886259617,0.101807,0.117432,1.03833
886264617,0.09668,0.116211,1.044678
886269617,0.096436,0.115967,1.042236
886274617,0.09668,0.119385,1.034424
886279617,0.093018,0.116211,1.04126
886284617,0.099609,0.119141,1.036621
886289617,0.094238,0.116699,1.044189
886294617,0.097168,0.120117,1.039551
886299617,0.094482,0.121338,1.037354
886304617,0.093018,0.116211,1.043457
886309617,0.09668,0.117676,1.045654
886314617,0.095947,0.115967,1.039795
886319617,0.095947,0.115479,1.0354
886324617,0.094971,0.119141,1.047119
886329617,0.092773,0.115479,1.047852
886334617,0.092773,0.115723,1.042969
886339617,0.095459,0.118408,1.037109
886344617,0.099365,0.11792,1.036621
886349617,0.099121,0.117188,1.042236
886354617,0.100342,0.118408,1.041504
886359617,0.094727,0.114258,1.041016
886364617,0.093506,0.118652,1.037109
886369617,0.090332,0.116455,1.029541
886374617,0.098389,0.115967,1.051758
886379617,0.097412,0.113281,1.040527
886384617,0.10083,0.11499,1.042725
886389617,0.097168,0.119873,1.055176
886394617,0.097168,0.119873,1.03418
886399617,0.10083,0.116211,1.050537
886404617,0.098389,0.115723,1.040527
886409617,0.091797,0.113281,1.035889
886414617,0.092041,0.115723,1.04834
886419617,0.087158,0.11377,1.04248
886424617,0.094727,0.111328,1.041504
886429617,0.091797,0.110596,1.042725
886434617,0.090576,0.110596,1.040283
886439617,0.093262,0.118164,1.044922
886444617,0.092285,0.119141,1.045898
886449617,0.095703,0.117432,1.047119
886454617,0.09668,0.118408,1.046875
886459617,0.099854,0.115234,1.046387
886464617,0.098389,0.11499,1.041504
886469617,0.098389,0.116943,1.050537
886474617,0.101807,0.120361,1.043213
886479617,0.102051,0.116455,1.041748
886484617,0.100098,0.116211,1.039063
886489617,0.097168,0.117432,1.044922
886494617,0.094971,0.115967,1.044189
886499617,0.094238,0.115479,1.039551
886504617,0.093506,0.111572,1.04541
886509617,0.089844,0.109619,1.049072
886514617,0.093506,0.113281,1.049316
886519617,0.092285,0.116211,1.051025
886524617,0.092285,0.116699,1.043213
886529617,0.097168,0.116455,1.045166
886534617,0.093506,0.120117,1.043457
886539617,0.098633,0.118164,1.042236
886544617,0.098145,0.11792,1.049316
886549617,0.097656,0.116455,1.032227
886554617,0.099854,0.118408,1.034668
886559617,0.101318,0.117676,1.04248
886564617,0.096191,0.110352,1.034424
886569617,0.100342,0.11499,1.034912
886574617,0.097656,0.109619,1.039795
886579617,0.091553,0.112305,1.037598
886584617,0.094238,0.110107,1.039307
886589617,0.0979,0.112549,1.052734
886594617,0.092773,0.122803,1.036865
886599617,0.09375,0.124023,1.046875
886604617,0.089355,0.123535,1.030029
886609617,0.096191,0.125,1.041504
886614617,0.093506,0.119629,1.022705
886619617,0.0979,0.12085,1.027588
886624617,0.105225,0.119629,1.037598
886629617,0.104736,0.12915,1.053223
886634617,0.101807,0.123047,1.03833
886639617,0.091309,0.121338,1.018555
886644617,0.091309,0.114258,1.029297
886649617,0.088379,0.120117,1.053955
886654617,0.092773,0.11499,1.048584
886659617,0.094971,0.113281,1.039795
886664617,0.095703,0.102051,1.044678
886669617,0.098389,0.101807,1.050537
886674617,0.101563,0.098877,1.044434
886679617,0.110107,0.099609,1.046143
886684617,0.105469,0.097656,1.05249
886689617,0.096436,0.110352,1.049072
886694617,0.084229,0.108154,1.037354
886699617,0.07251,0.121094,1.0271
886704617,0.074951,0.12085,1.029785
886709617,0.065186,0.134766,1.025879
886714617,0.064697,0.140381,1.035156
886719617,0.070312,0.145996,1.048584
886724617,0.081543,0.148926,1.045166
886729617,0.0896,0.136963,1.051514
886734617,0.098877,0.136719,1.042725
886739617,0.110596,0.130371,1.04248
886744617,0.115479,0.117676,1.053955
886749617,0.116699,0.10791,1.044434
886754617,0.123779,0.10083,1.032227
886759617,0.134033,0.089111,1.027344
886764617,0.135254,0.080322,1.011475
886769617,0.118896,0.081299,1.011719
886774617,0.093506,0.09082,1.034668
886779617,0.075439,0.101563,1.041016
886784617,0.081299,0.102539,1.035156
886789617,0.078613,0.120605,1.047607
886794617,0.073486,0.12793,1.050293
886799617,0.063477,0.134766,1.052979
886804617,0.05835,0.14209,1.063965
886809617,0.061035,0.149902,1.057129
886814617,0.073242,0.14209,1.059814
886819617,0.088623,0.13623,1.054688
886824617,0.093018,0.13501,1.041016
886829617,0.090332,0.123779,1.060547
886834617,0.082275,0.118408,1.047607
886839617,0.081787,0.103271,1.050049
886844617,0.099121,0.101563,1.035889
886849617,0.12793,0.086182,1.020264
886854617,0.144287,0.082764,1.005615
886859617,0.121338,0.088379,1.010986
886864617,0.102783,0.10791,1.04126
886869617,0.086914,0.108643,1.041504
886874617,0.101074,0.113281,1.038574
886879617,0.113281,0.120361,1.04541
886884617,0.101807,0.126953,1.051025
886889617,0.082764,0.135498,1.043701
886894617,0.078613,0.141357,1.067627
886899617,0.064697,0.139893,1.055664
886904617,0.075684,0.134277,1.057373
886909617,0.087646,0.126953,1.049805
886914617,0.093262,0.119141,1.040527
886919617,0.085693,0.105713,1.041748
886924617,0.079102,0.103271,1.030762
886929617,0.077637,0.102539,1.049561
886934617,0.09082,0.102539,1.035645
886939617,0.111816,0.101074,1.025635
886944617,0.126709,0.098389,1.022461
886949617,0.115967,0.105469,1.024414
886954617,0.113525,0.120117,1.042236
886959617,0.099365,0.123535,1.041504
886964617,0.102539,0.129395,1.043457
886969617,0.110596,0.125488,1.040771
886974617,0.106445,0.124268,1.036865
886979617,0.099121,0.124512,1.036865
886984617,0.085205,0.124756,1.040283
886989617,0.078369,0.121826,1.044922
886994617,0.075195,0.115234,1.051025
886999617,0.08252,0.112549,1.049561
887004617,0.084473,0.10791,1.040527
887009617,0.089355,0.109619,1.042236
887014617,0.083252,0.106445,1.043213
887019617,0.082275,0.112305,1.047363
887024617,0.084717,0.11792,1.049805
887029617,0.095459,0.116943,1.050293
887034617,0.103271,0.116699,1.041016
887039617,0.110352,0.125732,1.032959
887044617,0.112549,0.124756,1.038574
887049617,0.10498,0.12207,1.03125
887054617,0.10083,0.123047,1.035645
887059617,0.10498,0.121338,1.033203
887064617,0.106201,0.116455,1.028076
887069617,0.099854,0.113525,1.032959
887074617,0.098389,0.107422,1.036133
887079617,0.087402,0.111084,1.036133
887084617,0.084961,0.108398,1.047363
887089617,0.080078,0.110596,1.04541
887094617,0.087646,0.11377,1.049805
887099617,0.088379,0.113525,1.045166
887104617,0.092529,0.11792,1.046387
887109617,0.08667,0.123779,1.044678
887114617,0.093506,0.121826,1.043457
887119617,0.095947,0.12207,1.061768
887124617,0.089844,0.127197,1.041504
887129617,0.097412,0.120605,1.041748
887134617,0.096191,0.121338,1.033203
887139617,0.100586,0.114746,1.030273
887144617,0.106934,0.109619,1.030762
887149617,0.099121,0.112305,1.032715
887154617,0.097656,0.110596,1.035645
887159617,0.102539,0.112061,1.040039
887164617,0.097412,0.108643,1.039307
887169617,0.096436,0.112061,1.047363
887174617,0.093506,0.111816,1.044922
887179617,0.089355,0.116455,1.043457
887184617,0.09082,0.122559,1.045166
887189617,0.090576,0.123047,1.050781
887194617,0.090088,0.124023,1.038818
887199617,0.095703,0.119385,1.039551
887204617,0.097412,0.119873,1.046387
887209617,0.097656,0.122314,1.042969
887214617,0.095947,0.123047,1.039795
887219617,0.093506,0.114502,1.038086
887224617,0.096191,0.118408,1.036621
887229617,0.096436,0.110352,1.034668
887234617,0.104004,0.106689,1.039795
887239617,0.103516,0.108887,1.04834
887244617,0.099854,0.110352,1.043701
887249617,0.095215,0.116211,1.034424
887254617,0.095459,0.118164,1.043701
887259617,0.097412,0.121582,1.044189
887264617,0.095215,0.119629,1.035645
887269617,0.095703,0.122314,1.04541
887274617,0.091309,0.120117,1.03833
887279617,0.09082,0.118896,1.046387
887284617,0.092285,0.118896,1.049805
887289617,0.095703,0.118652,1.041016
887294617,0.096191,0.115479,1.039063
887299617,0.095215,0.115723,1.041016
887304617,0.090332,0.111084,1.044922
887309617,0.094238,0.112793,1.044922
887314617,0.087402,0.111084,1.040527
887319617,0.091797,0.108398,1.044189
887324617,0.099854,0.109863,1.036621
887329617,0.099854,0.112305,1.039551
887334617,0.0979,0.116699,1.04126
887339617,0.093994,0.117188,1.040039
887344617,0.095215,0.119141,1.041016
887349617,0.095459,0.119873,1.038086
887354617,0.098877,0.117432,1.03833
887359617,0.099365,0.123047,1.040283
887364617,0.101074,0.114014,1.036133
887369617,0.095947,0.119873,1.057861
887374617,0.0896,0.119873,1.041504
887379617,0.086182,0.113525,1.047607
887384617,0.07666,0.113525,1.03418
887389617,0.0896,0.111084,1.041992
887394617,0.092041,0.111328,1.036377
887399617,0.093018,0.109863,1.044189
887404617,0.099121,0.115234,1.042236
887409617,0.100586,0.117676,1.040283
887414617,0.097168,0.122559,1.03125
887419617,0.093994,0.120605,1.037354
887424617,0.098877,0.120361,1.039795
887429617,0.097168,0.119629,1.047119
887434617,0.099121,0.12207,1.049072
887439617,0.093018,0.11792,1.040039
887444617,0.091797,0.118408,1.033691
887449617,0.099365,0.115234,1.036865
887454617,0.093262,0.119385,1.040283
887459617,0.090576,0.113281,1.046387
887464617,0.092529,0.115234,1.04541
887469617,0.09375,0.112549,1.043457
887474617,0.09082,0.111572,1.043945
887479617,0.091797,0.111572,1.036377
887484617,0.096436,0.11377,1.040039
887489617,0.094482,0.117676,1.047119
887494617,0.095703,0.123047,1.036133
887499617,0.093506,0.115723,1.037842
887504617,0.097168,0.122314,1.044189
887509617,0.094482,0.119385,1.034912
887514617,0.102051,0.114746,1.040771
887519617,0.10498,0.115723,1.046143
887524617,0.095947,0.116943,1.035156
887529617,0.095703,0.114502,1.048828
887534617,0.092041,0.115479,1.039551
887539617,0.095215,0.114014,1.039307
887544617,0.094971,0.112305,1.044434
887549617,0.094971,0.109131,1.047119
887554617,0.095459,0.117676,1.045654
887559617,0.089355,0.111328,1.042236
887564617,0.096924,0.113525,1.040771
887569617,0.094727,0.114014,1.03833
887574617,0.096436,0.116699,1.03833
887579617,0.093262,0.116455,1.039063
887584617,0.099609,0.116211,1.042725
887589617,0.095703,0.117188,1.038086
887594617,0.094238,0.119385,1.041504
887599617,0.098389,0.116211,1.040527
887604617,0.094482,0.117188,1.038574
887609617,0.095215,0.116211,1.044922
887614617,0.092773,0.115723,1.04541
887619617,0.094971,0.11499,1.046631
887624617,0.094971,0.118164,1.03833
887629617,0.093018,0.11377,1.034668
887634617,0.09668,0.112549,1.044678
887639617,0.098145,0.114014,1.039795
887644617,0.097412,0.12207,1.037598
887649617,0.095703,0.117188,1.043945
887654617,0.094727,0.121582,1.043213
887659617,0.093262,0.118896,1.039795
887664617,0.096924,0.115967,1.039795
887669617,0.0979,0.118408,1.041748
887674617,0.096191,0.11499,1.044678
887679617,0.092041,0.117432,1.041748
887684617,0.091797,0.115723,1.044678
887689617,0.094727,0.109131,1.044434
887694617,0.093994,0.111328,1.045166
887699617,0.093262,0.11499,1.037598
887704617,0.099609,0.12793,1.046143
887709617,0.091309,0.117188,1.040039
887714617,0.095703,0.11499,1.03125
887719617,0.099609,0.117676,1.047363
887724617,0.094971,0.114502,1.016602
887729617,0.095215,0.115479,1.054443
887734617,0.099365,0.130615,1.060059
887739617,0.087891,0.110352,1.011475
887744617,0.084961,0.117676,1.047607
887749617,0.094482,0.123291,1.052002
887754617,0.09668,0.102295,1.033691
887759617,0.099609,0.123047,1.039551
887764617,0.094727,0.120605,1.045898
887769617,0.097412,0.11377,1.035889
887774617,0.094238,0.115234,1.046631
887779617,0.097168,0.109375,1.045166
887784617,0.099121,0.111572,1.033203
887789617,0.100586,0.120361,1.046631
887794617,0.099609,0.119385,1.058105
887799617,0.096436,0.114258,1.040527
887804617,0.095947,0.115479,1.037354
887809617,0.089844,0.112549,1.018799
887814617,0.094727,0.114258,1.053711
887819617,0.094971,0.125977,1.066406
887824617,0.08667,0.107422,1.027344
887829617,0.09375,0.117188,1.044678
887834617,0.096191,0.120605,1.04541
887839617,0.095703,0.109619,1.034912
887844617,0.095215,0.119873,1.039307
887849617,0.101318,0.113525,1.046875
887854617,0.098145,0.114746,1.042969
887859617,0.095215,0.119385,1.040527
887864617,0.093994,0.113037,1.032471
887869617,0.100342,0.115479,1.029297
887874617,0.100586,0.111816,1.036133
887879617,0.094238,0.11499,1.041748
887884617,0.099609,0.119385,1.048828
887889617,0.092529,0.118652,1.043457
887894617,0.094482,0.11084,1.037109
887899617,0.10083,0.112549,1.037354
887904617,0.094238,0.107422,1.044189
887909617,0.101318,0.128906,1.056396
887914617,0.087158,0.125977,1.05127
887919617,0.090088,0.113037,1.021729
887924617,0.100586,0.113037,1.04126
887929617,0.10083,0.109375,1.047852
887934617,0.103027,0.108398,1.031738
887939617,0.10791,0.11792,1.044678
887944617,0.099121,0.126465,1.041016
887949617,0.086914,0.119141,1.041992
887954617,0.089844,0.117676,1.049805
887959617,0.09082,0.119873,1.040771
887964617,0.089844,0.113281,1.039551
887969617,0.090332,0.117188,1.038574
887974617,0.098145,0.117188,1.03833
887979617,0.090576,0.114014,1.044189
887984617,0.095215,0.119629,1.037598
887989617,0.093506,0.118896,1.036377
887994617,0.104248,0.125977,1.031982
887999617,0.095703,0.121094,1.036377
888004617,0.103516,0.118896,1.03418
888009617,0.094482,0.112793,1.039795
888014617,0.102539,0.122559,1.033691
888019617,0.093262,0.116455,1.028564
888024617,0.102295,0.115479,1.020996
888029617,0.099854,0.123535,1.050293
888034617,0.092529,0.106689,1.026123
888039617,0.094971,0.127441,1.052002
888044617,0.091064,0.116699,1.045654
888049617,0.091064,0.11499,1.039063
888054617,0.0896,0.122314,1.047363
888059617,0.095215,0.110107,1.029053
888064617,0.098389,0.116455,1.034668
888069617,0.099121,0.119873,1.047607
888074617,0.09082,0.121094,1.047119
888079617,0.0896,0.117188,1.04126
888084617,0.095459,0.113281,1.037109
888089617,0.10083,0.111816,1.038086
888094617,0.098633,0.115723,1.038574
888099617,0.088867,0.124512,1.040771
888104617,0.090576,0.115234,1.042725
888109617,0.095459,0.116211,1.033691
888114617,0.093506,0.112793,1.037354
888119617,0.098633,0.115723,1.037842
888124617,0.102051,0.111816,1.041016
888129617,0.0979,0.119629,1.047363
888134617,0.087402,0.119141,1.037842
888139617,0.094482,0.11499,1.041016
888144617,0.093262,0.124268,1.043945
888149617,0.093506,0.117188,1.033936
888154617,0.099854,0.119629,1.044678
888159617,0.099609,0.118164,1.033691
888164617,0.093506,0.119629,1.040039
888169617,0.09668,0.120605,1.042969
888174617,0.097168,0.118164,1.044678
888179617,0.095459,0.112793,1.031982
888184617,0.09375,0.114014,1.048096
888189617,0.095215,0.117432,1.043701
888194617,0.091553,0.115234,1.043945
888199617,0.093506,0.11792,1.046143
888204617,0.094238,0.119141,1.038086
888209617,0.094727,0.116943,1.045898
888214617,0.098633,0.11377,1.038818
888219617,0.097168,0.11499,1.034912
888224617,0.0979,0.117676,1.048584
888229617,0.096436,0.120605,1.037842
888234617,0.096924,0.123291,1.045898
888239617,0.093262,0.122314,1.037354
888244617,0.101074,0.117188,1.035156
888249617,0.099854,0.116455,1.045654
888254617,0.094238,0.114746,1.035156
888259617,0.096436,0.11499,1.049316
888264617,0.089844,0.114014,1.043213
888269617,0.090332,0.112549,1.043945
888274617,0.096924,0.116455,1.046143
888279617,0.09082,0.111084,1.040527
888284617,0.096191,0.114502,1.045898
888289617,0.096924,0.11499,1.043213
888294617,0.089111,0.116943,1.045654
888299617,0.098633,0.116211,1.037354
888304617,0.093018,0.123047,1.043945
888309617,0.091064,0.115723,1.041992
888314617,0.095459,0.118164,1.039307
888319617,0.097168,0.117432,1.039063
888324617,0.095215,0.115723,1.037842
888329617,0.093506,0.117432,1.042725
888334617,0.094482,0.116211,1.039307
888339617,0.093018,0.118652,1.050049
888344617,0.09375,0.11499,1.03833
888349617,0.093018,0.110596,1.041504
888354617,0.088379,0.112793,1.04834
888359617,0.095459,0.116699,1.04248
888364617,0.095215,0.111816,1.043945
888369617,0.090576,0.112793,1.04248
888374617,0.095459,0.116211,1.040039
888379617,0.094971,0.117432,1.043213
888384617,0.0979,0.117432,1.039795
888389617,0.097168,0.121094,1.041992
888394617,0.0979,0.118652,1.037598
888399617,0.099365,0.116211,1.041504
888404617,0.098145,0.114258,1.039063
888409617,0.095947,0.11499,1.043213
888414617,0.093506,0.112793,1.05127
888419617,0.085937,0.115723,1.038818
888424617,0.092041,0.112549,1.042725
888429617,0.093506,0.113037,1.038086
888434617,0.096191,0.112793,1.047363
888439617,0.094238,0.113037,1.044922
888444617,0.096191,0.112793,1.034668
888449617,0.094482,0.117676,1.049561
888454617,0.096436,0.114746,1.034912
888459617,0.094238,0.119629,1.043213
888464617,0.095947,0.116699,1.031006
888469617,0.097412,0.116211,1.045898
888474617,0.097412,0.120117,1.0354
888479617,0.091797,0.115967,1.039063
888484617,0.098389,0.117432,1.04126
888489617,0.095947,0.116211,1.038086
888494617,0.09668,0.116211,1.04541
888499617,0.091553,0.119141,1.036621
888504617,0.095215,0.111572,1.036377
888509617,0.097412,0.120117,1.036377
888514617,0.086426,0.112793,1.043701
888519617,0.093994,0.121582,1.047363
888524617,0.095459,0.12085,1.030518
888529617,0.091309,0.107178,1.037598
888534617,0.102539,0.127686,1.064697
888539617,0.088135,0.104736,1.032227
888544617,0.099609,0.128906,1.050781
888549617,0.090332,0.125732,1.063477
888554617,0.088135,0.106689,1.018555
888559617,0.098145,0.121338,1.041992
888564617,0.108398,0.112305,1.026611
888569617,0.10083,0.128906,1.023682
888574617,0.0896,0.121338,1.02124
888579617,0.095947,0.125977,1.050781
888584617,0.095947,0.113281,1.026123
888589617,0.098633,0.109375,1.031006
888594617,0.101318,0.11792,1.046875
888599617,0.094238,0.111816,1.036621
888604617,0.097656,0.114258,1.035156
888609617,0.094971,0.118164,1.044189
888614617,0.088379,0.112793,1.042969
888619617,0.094727,0.122803,1.040039
888624617,0.089844,0.09668,1.04126
888629617,0.109131,0.123535,1.048096
888634617,0.088867,0.115967,1.046143
888639617,0.102051,0.116211,1.04126
888644617,0.098877,0.111084,1.049072
888649617,0.109619,0.134521,1.039551
888654617,0.08252,0.116943,1.04834
888659617,0.0979,0.123291,1.029053
888664617,0.091797,0.118896,1.053711
888669617,0.100342,0.111328,1.031982
888674617,0.094971,0.115234,1.043945
888679617,0.093262,0.113525,1.038818
888684617,0.090576,0.111328,1.038818
888689617,0.091797,0.112305,1.044189
888694617,0.092773,0.112793,1.032471
888699617,0.095215,0.117432,1.048096
888704617,0.091064,0.116699,1.045654
888709617,0.09082,0.115479,1.042236
888714617,0.090088,0.117676,1.040771
888719617,0.094727,0.120117,1.040527
888724617,0.095703,0.120361,1.037598
888729617,0.097412,0.11792,1.041016
888734617,0.10083,0.120117,1.050537
888739617,0.104004,0.13208,1.04834
888744617,0.08667,0.120605,1.052734
888749617,0.093018,0.116699,1.053467
888754617,0.091064,0.112793,1.046631
888759617,0.088379,0.092529,1.045166
888764617,0.108154,0.122803,1.056396
888769617,0.088379,0.115234,1.054443
888774617,0.089111,0.111084,1.034668
888779617,0.093262,0.116943,1.060303
888784617,0.091064,0.113525,1.037109
888789617,0.093506,0.11499,1.04126
888794617,0.097656,0.118164,1.043701
888799617,0.099854,0.117188,1.033203
888804617,0.095459,0.115967,1.048828
888809617,0.097412,0.118164,1.039795
888814617,0.095947,0.115234,1.043701
888819617,0.097412,0.110107,1.034424
888824617,0.102539,0.124512,1.024414
888829617,0.088867,0.118652,1.041016
888834617,0.090088,0.120117,1.042236
888839617,0.085693,0.108887,1.041748
888844617,0.086914,0.115967,1.046143
888849617,0.088867,0.115479,1.049072
888854617,0.089355,0.114014,1.032471
888859617,0.096924,0.121582,1.065674
888864617,0.082031,0.100586,1.04126
888869617,0.109131,0.128906,1.035645
888874617,0.095703,0.110596,1.05127
888879617,0.099121,0.117676,1.033447
888884617,0.099609,0.128906,1.046875
888889617,0.100098,0.114258,1.030762
888894617,0.099609,0.114502,1.036865
888899617,0.102051,0.111816,1.03833
888904617,0.102783,0.111328,1.041992
888909617,0.099365,0.114258,1.039795
888914617,0.095703,0.112549,1.039551
888919617,0.090576,0.112549,1.039795
888924617,0.095215,0.114014,1.038574
888929617,0.102783,0.113281,1.047119
888934617,0.091064,0.117676,1.037354
888939617,0.088379,0.084961,1.038818
888944617,0.11084,0.131104,1.051514
888949617,0.07251,0.115723,1.057617
888954617,0.081787,0.116455,1.029541
888959617,0.097168,0.126709,1.04834
888964617,0.097412,0.0896,1.055176
888969617,0.104736,0.112793,1.033447
888974617,0.102783,0.12207,1.060791
888979617,0.088867,0.121582,1.031738
888984617,0.090576,0.117188,1.052246
888989617,0.094482,0.119385,1.040283
888994617,0.098633,0.10791,1.048584
888999617,0.102783,0.114746,1.044678
889004617,0.102539,0.118164,1.045166
889009617,0.098389,0.113525,1.040039
889014617,0.09668,0.119385,1.042236
889019617,0.098389,0.121094,1.0354
889024617,0.096191,0.123535,1.044434
889029617,0.094238,0.119629,1.040527
889034617,0.092529,0.115479,1.032227
889039617,0.101074,0.12207,1.04248
889044617,0.09375,0.111084,1.041016
889049617,0.092773,0.119629,1.037109
889054617,0.094971,0.121338,1.047119
889059617,0.093262,0.105225,1.036133
889064617,0.092041,0.11499,1.053223
889069617,0.094482,0.109619,1.044189
889074617,0.092529,0.113037,1.041992
889079617,0.096436,0.114746,1.050537
889084617,0.09668,0.114746,1.038574
889089617,0.095459,0.118652,1.048096
889094617,0.100586,0.116699,1.031738
889099617,0.100586,0.121826,1.040039
889104617,0.096924,0.117676,1.033691
889109617,0.093018,0.116943,1.031982
889114617,0.092773,0.116455,1.043457
889119617,0.094971,0.114746,1.046875
889124617,0.100098,0.116455,1.045898
889129617,0.089355,0.112549,1.036377
889134617,0.094238,0.110352,1.039795
889139617,0.096924,0.11377,1.050049
889144617,0.090332,0.109131,1.047363
889149617,0.097656,0.12207,1.044189
889154617,0.094238,0.115234,1.045166
889159617,0.092529,0.118896,1.046143
889164617,0.095703,0.119141,1.040527
889169617,0.095703,0.121582,1.041992
889174617,0.096436,0.116699,1.035645
889179617,0.092285,0.122314,1.040039
889184617,0.092529,0.115479,1.044434
889189617,0.093262,0.118164,1.029785
889194617,0.094727,0.111572,1.045654
889199617,0.099854,0.111572,1.037598
889204617,0.091309,0.11499,1.04834
889209617,0.093018,0.116455,1.035889
889214617,0.087402,0.123535,1.042969
889219617,0.09375,0.108643,1.051025
889224617,0.097656,0.112549,1.036377
889229617,0.096436,0.121094,1.036133
889234617,0.092285,0.109619,1.049805
889239617,0.093994,0.115967,1.036133
889244617,0.094727,0.125,1.04541
889249617,0.094971,0.108887,1.029785
889254617,0.092773,0.124756,1.043701
889259617,0.094971,0.118408,1.046631
889264617,0.094971,0.109375,1.032959
889269617,0.099854,0.112549,1.043945
889274617,0.101318,0.113525,1.040039
889279617,0.09668,0.10791,1.041992
889284617,0.094238,0.113037,1.042236
889289617,0.091797,0.115479,1.041992
889294617,0.088379,0.115479,1.048584
889299617,0.089844,0.118652,1.038818
889304617,0.0896,0.119629,1.038086
889309617,0.089355,0.121094,1.043213
889314617,0.093506,0.120117,1.047119
889319617,0.095703,0.114746,1.040283
889324617,0.099121,0.123535,1.037842
889329617,0.099365,0.106689,1.045654
889334617,0.098389,0.117676,1.044434
889339617,0.095703,0.112061,1.03833
889344617,0.098633,0.116699,1.03833
889349617,0.098145,0.122559,1.028564
889354617,0.0979,0.115479,1.040039
889359617,0.095947,0.118652,1.042969
889364617,0.092773,0.116943,1.036133
889369617,0.094727,0.123047,1.044189
889374617,0.091797,0.11792,1.041748
889379617,0.096924,0.116699,1.043213
889384617,0.095459,0.115723,1.050049
889389617,0.095459,0.115967,1.04248
889394617,0.095947,0.116943,1.042969
889399617,0.097656,0.11792,1.037109
889404617,0.092285,0.111084,1.040527
889409617,0.097168,0.114258,1.04248
889414617,0.095947,0.11499,1.039063
889419617,0.096191,0.119385,1.037354
889424617,0.092773,0.119629,1.038086
889429617,0.094971,0.11499,1.035156
889434617,0.093994,0.112305,1.044189
889439617,0.10083,0.116699,1.037598
889444617,0.096924,0.11792,1.046631
889449617,0.092285,0.115479,1.042236
889454617,0.095703,0.115234,1.03833
889459617,0.094971,0.118164,1.047363
889464617,0.098389,0.116211,1.04541
889469617,0.09668,0.116943,1.045654
889474617,0.094238,0.118408,1.03833
889479617,0.099121,0.11792,1.041504
889484617,0.095459,0.118896,1.030518
889489617,0.096924,0.113037,1.032959
889494617,0.09668,0.115234,1.044922
889499617,0.092041,0.120605,1.047607
889504617,0.0896,0.112061,1.046143
889509617,0.096191,0.11377,1.033691
889514617,0.090088,0.114746,1.027344
889519617,0.095703,0.121582,1.050049
889524617,0.097412,0.119141,1.056152
889529617,0.089111,0.118896,1.038574
889534617,0.091553,0.111328,1.032227
889539617,0.102051,0.116699,1.054932
889544617,0.105225,0.123779,1.066162
889549617,0.087646,0.107178,1.03833
889554617,0.093018,0.128906,1.043457
889559617,0.092041,0.125488,1.054443
889564617,0.092773,0.106445,1.031738
889569617,0.101807,0.115967,1.047363
889574617,0.101807,0.116211,1.047119
889579617,0.096191,0.116211,1.039063
889584617,0.093994,0.113037,1.037354
889589617,0.094482,0.117188,1.036133
889594617,0.0979,0.117432,1.036865
889599617,0.10083,0.115967,1.038086
889604617,0.099609,0.115234,1.045898
889609617,0.087158,0.122559,1.053223
889614617,0.080078,0.118896,1.037842
889619617,0.091309,0.115723,1.051758
889624617,0.08252,0.117676,1.025879
889629617,0.095459,0.109863,1.032471
889634617,0.0979,0.113525,1.053467
889639617,0.091797,0.117432,1.035645
889644617,0.099854,0.116455,1.053711
889649617,0.09375,0.118652,1.036865
889654617,0.098389,0.118408,1.043457
889659617,0.100586,0.116211,1.050781
889664617,0.094482,0.11377,1.041016
889669617,0.096191,0.115723,1.050537
889674617,0.095215,0.11084,1.040283
889679617,0.098145,0.116455,1.041504
889684617,0.100098,0.116455,1.037842
889689617,0.094727,0.117188,1.035645
889694617,0.097412,0.115479,1.044678
889699617,0.09375,0.116455,1.032227
889704617,0.094727,0.116943,1.045898
889709617,0.093018,0.12085,1.035645
889714617,0.088379,0.114014,1.048096
889719617,0.093262,0.11377,1.044922
889724617,0.093506,0.113281,1.037598
889729617,0.097412,0.116211,1.041504
889734617,0.092285,0.114502,1.037842
889739617,0.095947,0.117188,1.039551
889744617,0.098389,0.115723,1.037842
889749617,0.100586,0.120117,1.047119
889754617,0.095703,0.118896,1.0354
889759617,0.099609,0.116455,1.045166
889764617,0.096436,0.119141,1.036621
889769617,0.098633,0.11792,1.034424
889774617,0.09375,0.11792,1.046143
889779617,0.093018,0.11792,1.046631
889784617,0.093506,0.11499,1.039551
889789617,0.094727,0.112061,1.037109
889794617,0.096191,0.119385,1.039307
889799617,0.092773,0.120117,1.04541
889804617,0.093262,0.115479,1.040039
889809617,0.092041,0.113281,1.035645
889814617,0.094727,0.113525,1.041016
889819617,0.098633,0.118164,1.041748
889824617,0.093018,0.120361,1.031738
889829617,0.104492,0.113525,1.029785
889834617,0.106445,0.116455,1.048584
889839617,0.099365,0.124023,1.056152
889844617,0.087891,0.126709,1.049316
889849617,0.092529,0.119385,1.029785
889854617,0.096924,0.109131,1.04541
889859617,0.102783,0.11499,1.048584
889864617,0.089844,0.118164,1.041016
889869617,0.086914,0.120117,1.056152
889874617,0.097412,0.125,1.085938
889879617,0.078613,0.11084,1.022705
889884617,0.094238,0.108154,1.052002
889889617,0.083008,0.12085,1.043457
889894617,0.08667,0.106201,1.028809
889899617,0.092285,0.117188,1.05127
889904617,0.095947,0.115234,1.043457
889909617,0.101563,0.119385,1.042969
889914617,0.101074,0.115723,1.035156
889919617,0.101807,0.121582,1.031738
889924617,0.10791,0.115479,1.037842
889929617,0.099365,0.125977,1.042725
889934617,0.088623,0.125732,1.041748
889939617,0.102783,0.112793,1.049072
889944617,0.102539,0.120117,1.077393
889949617,0.067383,0.112549,1.009033
889954617,0.090088,0.110107,1.068115
889959617,0.069336,0.121582,1.033936
889964617,0.090088,0.106934,1.037109
889969617,0.102295,0.111084,1.054443
889974617,0.095947,0.104492,1.024902
889979617,0.109375,0.112305,1.05249
889984617,0.098633,0.122314,1.060303
889989617,0.080322,0.13623,1.03125
889994617,0.092285,0.11792,1.029297
889999617,0.104004,0.114258,1.046143
890004617,0.104248,0.105957,1.035645
890009617,0.106201,0.119873,1.040527
890014617,0.098633,0.117676,1.03833
890019617,0.093506,0.116943,1.033447
890024617,0.087891,0.116699,1.05249
890029617,0.081787,0.124268,1.042969
890034617,0.085937,0.10376,1.032471
890039617,0.107178,0.10376,1.058594
890044617,0.10083,0.11084,1.041992
890049617,0.095703,0.124023,1.052979
890054617,0.083008,0.127686,1.033203
890059617,0.089111,0.115723,1.049316
890064617,0.096436,0.116211,1.03833
890069617,0.096924,0.109863,1.039063
890074617,0.096436,0.118164,1.037354
890079617,0.093262,0.115479,1.039551
890084617,0.0979,0.120117,1.035889
890089617,0.098877,0.114746,1.029785
890094617,0.096436,0.113525,1.035889
890099617,0.09668,0.115479,1.044189
890104617,0.095947,0.118896,1.042969
890109617,0.096924,0.118896,1.043457
890114617,0.091797,0.115234,1.037109
890119617,0.094971,0.114258,1.040771
890124617,0.091553,0.11377,1.048584
890129617,0.095215,0.115234,1.042725
890134617,0.094727,0.122803,1.040771
890139617,0.09082,0.123291,1.039307
890144617,0.091797,0.118164,1.036133
890149617,0.101074,0.114502,1.044678
890154617,0.09668,0.115723,1.043701
890159617,0.089355,0.119141,1.040039
890164617,0.095459,0.116943,1.032959
890169617,0.096436,0.110352,1.036865
890174617,0.097168,0.112305,1.050049
890179617,0.093994,0.115479,1.043701
890184617,0.088135,0.120117,1.030762
890189617,0.0896,0.112793,1.035645
890194617,0.093994,0.111572,1.047119
890199617,0.102539,0.11084,1.043213
890204617,0.097412,0.111816,1.04126
890209617,0.0979,0.118408,1.042969
890214617,0.095215,0.127197,1.041504
890219617,0.095703,0.124756,1.042725
890224617,0.0896,0.125244,1.043457
890229617,0.097168,0.117188,1.042725
890234617,0.093262,0.114258,1.0354
890239617,0.09668,0.112305,1.038818
890244617,0.092529,0.114746,1.043701
890249617,0.095947,0.115234,1.038818
890254617,0.094727,0.115479,1.04248
890259617,0.092529,0.116455,1.040527
890264617,0.094482,0.119385,1.041016
890269617,0.094971,0.119629,1.045166
890274617,0.101563,0.115234,1.048828
890279617,0.094971,0.112549,1.040039
890284617,0.096924,0.117432,1.037109
890289617,0.097168,0.116943,1.043213
890294617,0.0979,0.117432,1.038086
890299617,0.092041,0.121094,1.041748
890304617,0.091309,0.125488,1.047119
890309617,0.085693,0.122314,1.040771
890314617,0.092529,0.113037,1.037354
890319617,0.093018,0.113525,1.044678
890324617,0.093018,0.111084,1.03833
890329617,0.095703,0.112793,1.045654
890334617,0.093262,0.111572,1.043213
890339617,0.093994,0.111816,1.041748
890344617,0.099609,0.114746,1.039795
890349617,0.098633,0.118652,1.047852
890354617,0.097656,0.119385,1.042969
890359617,0.093018,0.118896,1.036865
890364617,0.095703,0.119873,1.045166
890369617,0.09375,0.114258,1.043457
890374617,0.092285,0.116211,1.037109
890379617,0.095459,0.113525,1.044434
890384617,0.095703,0.111816,1.044189
890389617,0.099365,0.11377,1.040771
890394617,0.09668,0.115234,1.044189
890399617,0.094482,0.116943,1.046875
890404617,0.092773,0.115234,1.042969
890409617,0.09375,0.114258,1.040527
890414617,0.094482,0.115967,1.039063
890419617,0.095215,0.118896,1.043945
890424617,0.094971,0.115479,1.04126
890429617,0.094482,0.11499,1.033447
890434617,0.093994,0.116211,1.044434
890439617,0.092041,0.115479,1.041748
890444617,0.099365,0.115479,1.043701
890449617,0.097412,0.11499,1.036377
890454617,0.101074,0.112305,1.045166
890459617,0.098877,0.115234,1.040283
890464617,0.098877,0.121094,1.045654
890469617,0.092773,0.118652,1.04541
890474617,0.102295,0.121582,1.039307
890479617,0.09082,0.109863,1.041016
890484617,0.090332,0.119873,1.044922
890489617,0.092529,0.116699,1.030273
890494617,0.112305,0.104248,1.051025
890499617,0.101563,0.116211,1.030029
890504617,0.102783,0.114502,1.049805
890509617,0.100098,0.124512,1.050781
890514617,0.082031,0.119385,1.031982
890519617,0.094482,0.120361,1.053711
890524617,0.081299,0.11792,1.028809
890529617,0.093018,0.116699,1.040527
890534617,0.088867,0.117676,1.038818
890539617,0.093506,0.112549,1.035889
890544617,0.094482,0.112793,1.038086
890549617,0.096191,0.120361,1.045898
890554617,0.09375,0.115234,1.039307
890559617,0.094727,0.114502,1.044678
890564617,0.0979,0.121582,1.039307
890569617,0.093506,0.117432,1.037354
890574617,0.097168,0.114258,1.043701
890579617,0.094482,0.114014,1.044189
890584617,0.092285,0.116699,1.040527
890589617,0.091553,0.118896,1.040771
890594617,0.095703,0.118408,1.040771
890599617,0.102783,0.112549,1.04834
890604617,0.092529,0.115234,1.040283
890609617,0.092285,0.11499,1.045654
890614617,0.093262,0.113525,1.043457
890619617,0.092285,0.114502,1.039795
890624617,0.099121,0.116211,1.047363
890629617,0.0979,0.116211,1.037354
890634617,0.101318,0.11792,1.041504
890639617,0.096924,0.121338,1.044434
890644617,0.099854,0.117676,1.043213
890649617,0.094238,0.115967,1.043457
890654617,0.093262,0.118896,1.039551
890659617,0.091064,0.118896,1.039063
890664617,0.093506,0.117432,1.04541
890669617,0.0979,0.112061,1.044434
890674617,0.095459,0.114014,1.042969
890679617,0.089844,0.115479,1.046631
890684617,0.096436,0.115234,1.045654
890689617,0.090088,0.113037,1.042236
890694617,0.094971,0.116699,1.044189
890699617,0.099854,0.114502,1.057861
890704617,0.093018,0.118896,1.039307
890709617,0.10083,0.112793,1.048828
890714617,0.101318,0.119629,1.067871
890719617,0.080322,0.130615,1.041992
890724617,0.08252,0.116455,1.036133
890729617,0.08667,0.118408,1.041504
890734617,0.095459,0.10791,1.015625
890739617,0.104736,0.112061,1.046387
890744617,0.081299,0.122559,1.017822
890749617,0.111816,0.103516,1.061523
890754617,0.101807,0.128418,1.054688
890759617,0.085937,0.118896,1.022949
890764617,0.105713,0.121094,1.068359
890769617,0.089844,0.117188,1.044678
890774617,0.099365,0.116699,1.052246
890779617,0.090576,0.123047,1.055908
890784617,0.085449,0.120117,1.030518
890789617,0.10083,0.112549,1.047363
890794617,0.0979,0.109375,1.034668
890799617,0.096436,0.120117,1.03418
890804617,0.095215,0.117188,1.036377
890809617,0.087891,0.119385,1.035889
890814617,0.095947,0.115723,1.044189
890819617,0.095215,0.115479,1.038574
890824617,0.090576,0.116943,1.037842
890829617,0.099365,0.113037,1.040771
890834617,0.100098,0.112793,1.052246
890839617,0.092773,0.119141,1.047363
890844617,0.095459,0.119141,1.044189
890849617,0.089111,0.124268,1.04126
890854617,0.089355,0.115479,1.036377
890859617,0.102539,0.113525,1.055664
890864617,0.091064,0.116455,1.032471
890869617,0.098633,0.115479,1.037842
890874617,0.096436,0.118896,1.052979
890879617,0.092285,0.116699,1.03125
890884617,0.096436,0.122314,1.040527
890889617,0.09668,0.113525,1.041504
890894617,0.095947,0.118896,1.043457
890899617,0.09668,0.118896,1.03833
890904617,0.094727,0.114014,1.048584
890909617,0.093506,0.11499,1.039307
890914617,0.093506,0.119385,1.048828
890919617,0.092773,0.115967,1.040283
890924617,0.096191,0.118652,1.040771
890929617,0.094971,0.116699,1.041016
890934617,0.091064,0.112061,1.0354
890939617,0.093262,0.115234,1.044678
890944617,0.092773,0.116211,1.042969
890949617,0.098633,0.114258,1.045898
890954617,0.098145,0.11499,1.041504
890959617,0.099365,0.116699,1.040771
890964617,0.096191,0.12085,1.044678
890969617,0.095947,0.123779,1.041016
890974617,0.089844,0.113281,1.042725
890979617,0.094238,0.112061,1.045654
890984617,0.092773,0.112793,1.039551
890989617,0.101563,0.115723,1.042236
890994617,0.094727,0.115479,1.038574
890999617,0.096436,0.11499,1.044434
891004617,0.096924,0.117432,1.037598
891009617,0.092773,0.116455,1.041016
891014617,0.095459,0.115234,1.039063
891019617,0.098633,0.118896,1.041992
891024617,0.095459,0.118652,1.042969
891029617,0.09375,0.116943,1.039551
891034617,0.092529,0.115479,1.045898
891039617,0.10083,0.116943,1.039551
891044617,0.09375,0.113281,1.041504
891049617,0.092773,0.119629,1.034912
891054617,0.096924,0.118408,1.045654
891059617,0.093018,0.119141,1.038574
891064617,0.089355,0.119385,1.044434
891069617,0.096924,0.116943,1.043213
891074617,0.100342,0.119385,1.044678
891079617,0.097168,0.11377,1.04126
891084617,0.098389,0.11499,1.05127
891089617,0.095215,0.115234,1.043213
891094617,0.094238,0.117432,1.036865
891099617,0.096436,0.114746,1.044434
891104617,0.093018,0.112793,1.042969
891109617,0.093506,0.11792,1.038818
891114617,0.096191,0.115723,1.040039
891119617,0.095703,0.118896,1.040283
891124617,0.091553,0.115723,1.037109
891129617,0.093994,0.112793,1.041992
891134617,0.094482,0.116455,1.039307
891139617,0.0979,0.118652,1.046631
891144617,0.094971,0.117676,1.036377
891149617,0.09375,0.114746,1.040771
891154617,0.099121,0.114014,1.043945
891159617,0.095459,0.119385,1.039063
891164617,0.095215,0.114746,1.04248
891169617,0.091553,0.111816,1.035156
891174617,0.097412,0.114746,1.051514
891179617,0.101074,0.115479,1.041992
891184617,0.099854,0.120361,1.052979
891189617,0.091797,0.118408,1.037354
891194617,0.094727,0.122314,1.044678
891199617,0.091553,0.118896,1.044434
891204617,0.093262,0.115723,1.030029
891209617,0.0979,0.116943,1.046631
891214617,0.093262,0.117432,1.035645
891219617,0.096436,0.116211,1.04834
891224617,0.098633,0.118164,1.046387
891229617,0.094727,0.114746,1.036865
891234617,0.098145,0.11377,1.037354
891239617,0.092041,0.116455,1.043457
891244617,0.092529,0.114258,1.035645
891249617,0.098145,0.113525,1.047607
891254617,0.091797,0.11792,1.036865
891259617,0.096436,0.117432,1.040039
891264617,0.094238,0.115967,1.048096
891269617,0.096436,0.115479,1.042725
891274617,0.091309,0.111328,1.037109
891279617,0.096191,0.12207,1.039063
891284617,0.093262,0.123779,1.052979
891289617,0.100586,0.115234,1.038818
891294617,0.100098,0.119873,1.030762
891299617,0.10376,0.120605,1.032715
891304617,0.095215,0.114746,1.043457
891309617,0.094238,0.114014,1.044434
891314617,0.097168,0.121338,1.05249
891319617,0.085449,0.122314,1.046631
891324617,0.089111,0.114746,1.03833
891329617,0.09375,0.115479,1.048096
891334617,0.095215,0.116211,1.046875
891339617,0.098389,0.113525,1.048828
891344617,0.095459,0.12207,1.038086
891349617,0.093018,0.119141,1.045654
891354617,0.096924,0.117676,1.040283
891359617,0.098633,0.118896,1.042725
891364617,0.091553,0.125,1.053223
891369617,0.075439,0.116455,0.995605
891374617,0.102783,0.105957,1.049316
891379617,0.104492,0.109375,1.025879
891384617,0.107666,0.101318,1.034668
891389617,0.106934,0.126221,1.059082
891394617,0.091797,0.111328,1.034912
891399617,0.091797,0.122803,1.057129
891404617,0.084229,0.117188,1.032715
891409617,0.092773,0.121094,1.065674
891414617,0.081543,0.11792,1.022949
891419617,0.099854,0.108398,1.065674
891424617,0.091309,0.115234,1.037109
891429617,0.106445,0.109131,1.038574
891434617,0.109131,0.123291,1.053711
891439617,0.089355,0.119385,1.023193
891444617,0.104248,0.125488,1.064209
891449617,0.092285,0.123535,1.020264
891454617,0.080811,0.122803,1.028076
891459617,0.098389,0.104248,1.054199
891464617,0.095459,0.114746,1.028076
891469617,0.089355,0.109863,1.043457
891474617,0.099365,0.117676,1.040771
891479617,0.10083,0.11792,1.063721
891484617,0.093262,0.118652,1.02124
891489617,0.101563,0.098877,1.061523
891494617,0.110107,0.130127,1.039063
891499617,0.081543,0.12207,1.052246
891504617,0.094971,0.124268,1.036133
891509617,0.091553,0.122559,1.044434
891514617,0.098389,0.111816,1.034668
891519617,0.100342,0.117432,1.031494
891524617,0.097168,0.111084,1.02832
891529617,0.109131,0.109375,1.031738
891534617,0.101563,0.121094,1.030273
891539617,0.098389,0.115234,1.023926
891544617,0.11084,0.106934,1.04126
891549617,0.120361,0.115723,1.059082
891554617,0.092285,0.117676,1.030029
891559617,0.09082,0.125977,1.040527
891564617,0.089355,0.12207,1.046143
891569617,0.095215,0.114014,1.043701
891574617,0.098145,0.112305,1.032471
891579617,0.096436,0.120361,1.054443
891584617,0.076416,0.112549,1.032715
891589617,0.086182,0.114258,1.045898
891594617,0.07959,0.116455,1.032227
891599617,0.098633,0.115234,1.03418
891604617,0.105713,0.111572,1.026123
891609617,0.112549,0.107422,1.045166
891614617,0.094971,0.125244,1.032959
891619617,0.097412,0.120117,1.040283
891624617,0.091064,0.128174,1.05249
891629617,0.085205,0.120117,1.027832
891634617,0.103027,0.112305,1.052734
891639617,0.114258,0.104248,1.049072
891644617,0.085693,0.128906,1.049072
891649617,0.07251,0.125244,1.029785
891654617,0.083008,0.120117,1.043213
891659617,0.08374,0.114746,1.018799
891664617,0.111328,0.106201,1.043457
891669617,0.098145,0.116943,1.046143
891674617,0.089355,0.116943,1.043457
891679617,0.087891,0.122559,1.049805
891684617,0.08252,0.12085,1.036865
891689617,0.096436,0.11499,1.044922
891694617,0.094971,0.115967,1.05127
891699617,0.086914,0.109131,1.036377
891704617,0.101318,0.111816,1.052734
891709617,0.096191,0.119141,1.025146
891714617,0.10498,0.115479,1.036621
891719617,0.112793,0.118408,1.051758
891724617,0.103271,0.12085,1.047607
891729617,0.090332,0.122314,1.042236
891734617,0.099854,0.121094,1.051758
891739617,0.08374,0.118652,1.040283
891744617,0.089111,0.114014,1.03833
891749617,0.094727,0.105957,1.031982
891754617,0.098877,0.112793,1.058105
891759617,0.092529,0.117432,1.038818
891764617,0.093994,0.117432,1.038818
891769617,0.094482,0.115967,1.052246
891774617,0.088623,0.119141,1.035645
891779617,0.092285,0.118652,1.041504
891784617,0.098389,0.117188,1.041504
891789617,0.097168,0.115479,1.028564
891794617,0.104004,0.115723,1.052979
891799617,0.105957,0.109863,1.036621
891804617,0.079346,0.132324,1.02832
891809617,0.087402,0.123047,1.039063
891814617,0.094238,0.114014,1.029541
891819617,0.092285,0.108154,1.043213
891824617,0.081787,0.107666,1.014648
891829617,0.098145,0.0896,1.011475
891834617,0.086426,0.171143,1.157471
891839617,0.086426,0.112305,1.055908
891844617,0.077881,0.094482,0.945312
891849617,0.086426,0.105713,1.024658
891854617,0.114502,0.146973,1.075195
891859617,0.095703,0.105469,1.037354
891864617,0.104004,0.116943,1.043213
891869617,0.096191,0.137207,1.067627
891874617,0.087158,0.117676,1.036377
891879617,0.098633,0.109863,1.041992
891884617,0.108154,0.108887,1.026367
891889617,0.107666,0.102051,1.008057
891894617,0.104736,0.116211,1.045898
891899617,0.091309,0.128662,1.070313
891904617,0.078369,0.112549,1.049561
891909617,0.085449,0.115479,1.03418
891914617,0.095215,0.11377,1.024902
891919617,0.101563,0.112549,1.04541
891924617,0.093262,0.120117,1.056152
891929617,0.086914,0.124268,1.071289
891934617,0.076416,0.125488,1.048096
891939617,0.081299,0.112793,1.018555
891944617,0.101318,0.107178,1.034912
891949617,0.11377,0.107666,1.033203
891954617,0.111572,0.11084,1.046875
891959617,0.102051,0.117188,1.049805
891964617,0.083008,0.120361,1.05249
891969617,0.087891,0.118164,1.043945
891974617,0.09668,0.108398,1.035156
891979617,0.107422,0.112793,1.039063
891984617,0.107178,0.110352,1.030762
891989617,0.10376,0.116943,1.055908
891994617,0.084961,0.118408,1.049072
891999617,0.080078,0.122559,1.046875
892004617,0.093994,0.122803,1.040771
892009617,0.101318,0.111816,1.032715
892014617,0.112793,0.111816,1.039307
892019617,0.101074,0.118164,1.047852
892024617,0.092285,0.125,1.04541
892029617,0.085449,0.11792,1.044922
892034617,0.087402,0.117188,1.036865
892039617,0.112061,0.107178,1.060547
892044617,0.102539,0.115723,1.02124
892049617,0.094238,0.10376,1.029785
892054617,0.095947,0.125732,1.076172
892059617,0.075928,0.116943,1.03833
892064617,0.085449,0.116211,1.040527
892069617,0.081787,0.122314,1.025879
892074617,0.098633,0.114502,1.041748
892079617,0.109375,0.116211,1.041992
892084617,0.096191,0.116943,1.0354
892089617,0.087646,0.120605,1.038818
892094617,0.084961,0.130615,1.047119
892099617,0.08667,0.121338,1.042236
892104617,0.105957,0.109619,1.039795
892109617,0.099121,0.118408,1.049805
892114617,0.092773,0.109619,1.036377
892119617,0.093262,0.11499,1.064209
892124617,0.082031,0.11084,1.041992
892129617,0.099121,0.105957,1.048584
892134617,0.102051,0.113281,1.048096
892139617,0.103271,0.110596,1.045898
892144617,0.091797,0.117188,1.042725
892149617,0.086914,0.119141,1.045898
892154617,0.089111,0.118652,1.044922
892159617,0.092529,0.121094,1.038086
892164617,0.10498,0.116699,1.04126
892169617,0.101563,0.112793,1.034912
892174617,0.105957,0.119385,1.041504
892179617,0.09375,0.119385,1.042969
892184617,0.090576,0.119385,1.044189
892189617,0.092529,0.115479,1.041748
892194617,0.092773,0.119629,1.039063
892199617,0.097656,0.113525,1.043213
892204617,0.097168,0.114258,1.039063
892209617,0.094482,0.111816,1.046143
892214617,0.091797,0.112305,1.046387
892219617,0.09082,0.116455,1.041504
892224617,0.092529,0.120117,1.045654
892229617,0.099365,0.114258,1.045166
892234617,0.099121,0.119385,1.038086
892239617,0.097168,0.116943,1.037109
892244617,0.098877,0.12085,1.041748
892249617,0.086182,0.119873,1.033203
892254617,0.094482,0.118652,1.04248
892259617,0.095703,0.115967,1.037842
892264617,0.098389,0.114746,1.036377
892269617,0.096191,0.111572,1.04126
892274617,0.088379,0.114258,1.044189
892279617,0.089844,0.114746,1.045898
892284617,0.091064,0.117676,1.046143
892289617,0.095703,0.115479,1.037842
892294617,0.097168,0.111328,1.039063
892299617,0.096924,0.116943,1.039307
892304617,0.097168,0.114502,1.042725
892309617,0.095947,0.12085,1.04541
892314617,0.0979,0.119141,1.039307
892319617,0.100098,0.121094,1.037354
892324617,0.0979,0.118896,1.035889
892329617,0.106201,0.114014,1.048096
892334617,0.095947,0.115234,1.033936
892339617,0.095703,0.117432,1.044678
892344617,0.089355,0.118652,1.050537
892349617,0.088623,0.114258,1.041992
892354617,0.09082,0.11792,1.042236
892359617,0.094238,0.115723,1.044189
892364617,0.093018,0.115479,1.04126
892369617,0.090088,0.113281,1.043213
892374617,0.089844,0.117432,1.04248
892379617,0.094238,0.116699,1.040283
892384617,0.100586,0.116699,1.040039
892389617,0.097412,0.120361,1.039063
892394617,0.099365,0.118408,1.03833
892399617,0.096924,0.119629,1.036133
892404617,0.09668,0.116699,1.042725
892409617,0.09375,0.122559,1.037842
892414617,0.101318,0.11377,1.043213
892419617,0.096924,0.115723,1.042725
892424617,0.096436,0.114258,1.042969
892429617,0.092773,0.114258,1.044678
892434617,0.091553,0.111328,1.045654
892439617,0.094482,0.113281,1.050049
892444617,0.093994,0.11084,1.051514
892449617,0.093018,0.115234,1.043701
892454617,0.092041,0.115479,1.040527
892459617,0.091797,0.114746,1.035645
892464617,0.097168,0.113525,1.03833
892469617,0.098877,0.122559,1.044189
892474617,0.091064,0.123535,1.033691
892479617,0.098145,0.116211,1.03418
892484617,0.100098,0.118408,1.032227
892489617,0.104004,0.115479,1.043457
892494617,0.102539,0.115479,1.038818
892499617,0.102783,0.114502,1.047363
892504617,0.093994,0.119629,1.052246
892509617,0.088867,0.119873,1.04248
892514617,0.081299,0.115967,1.046875
892519617,0.093506,0.102783,1.044922
892524617,0.093994,0.108398,1.042725
892529617,0.095947,0.115723,1.040527
892534617,0.093262,0.116699,1.042725
892539617,0.090576,0.120361,1.046143
892544617,0.098389,0.118408,1.040039
892549617,0.092041,0.12085,1.045898
892554617,0.091064,0.114746,1.033691
892559617,0.097168,0.114258,1.043457
892564617,0.093506,0.110352,1.032227
892569617,0.100098,0.111572,1.037109
892574617,0.096191,0.129883,1.044678
892579617,0.085449,0.104736,1.05542
892584617,0.103027,0.102539,1.02832
892589617,0.089111,0.138916,1.060791
892594617,0.075928,0.115723,1.054688
892599617,0.093506,0.101807,1.006348
892604617,0.106934,0.11377,1.047852
892609617,0.099365,0.115479,1.035889
892614617,0.09375,0.124268,1.047607
892619617,0.089844,0.119629,1.033203
892624617,0.094971,0.121338,1.047363
892629617,0.098389,0.115723,1.043701
892634617,0.094482,0.115234,1.040771
892639617,0.098389,0.120117,1.042236
892644617,0.0979,0.118652,1.039307
892649617,0.095215,0.114258,1.038818
892654617,0.095459,0.125488,1.052979
892659617,0.096436,0.114014,1.049316
892664617,0.097168,0.111084,1.036377
892669617,0.094482,0.111084,1.030029
892674617,0.098877,0.109619,1.044434
892679617,0.097168,0.117432,1.044434
892684617,0.092529,0.115723,1.046387
892689617,0.092285,0.119141,1.043945
892694617,0.088135,0.112793,1.028076
892699617,0.095947,0.114014,1.033203
892704617,0.097168,0.112305,1.037354
892709617,0.096924,0.118896,1.043945
892714617,0.094971,0.121582,1.044434
892719617,0.093018,0.116699,1.039307
892724617,0.097168,0.114746,1.050537
892729617,0.099365,0.115479,1.049072
892734617,0.089355,0.12085,1.043213
892739617,0.087158,0.117432,1.026123
892744617,0.092041,0.113525,1.033936
892749617,0.097412,0.106201,1.037109
892754617,0.100098,0.111084,1.04541
892759617,0.092041,0.119385,1.038574
892764617,0.095947,0.119141,1.036621
892769617,0.098633,0.117432,1.04248
892774617,0.10083,0.115723,1.037842
892779617,0.089844,0.123047,1.05127
892784617,0.085205,0.11792,1.031494
892789617,0.099854,0.110596,1.040039
892794617,0.098389,0.121338,1.038086
892799617,0.092529,0.123535,1.033691
892804617,0.092773,0.115967,1.048096
892809617,0.092285,0.115234,1.035889
892814617,0.08667,0.117432,1.045654
892819617,0.089844,0.115234,1.036621
892824617,0.100586,0.108154,1.039307
892829617,0.107666,0.112793,1.047607
892834617,0.095947,0.120605,1.048584
892839617,0.096436,0.118652,1.04541
892844617,0.09082,0.122803,1.048828
892849617,0.091797,0.114014,1.040283
892854617,0.101563,0.115967,1.032715
892859617,0.099609,0.115479,1.040283
892864617,0.097412,0.119385,1.04248
892869617,0.085205,0.119629,1.047119
892874617,0.0896,0.12085,1.042969
892879617,0.088379,0.106689,1.022705
892884617,0.109863,0.113037,1.051758
892889617,0.106689,0.114258,1.047607
892894617,0.098145,0.109863,1.040039
892899617,0.095947,0.122314,1.06543
892904617,0.079102,0.125977,1.047363
892909617,0.083252,0.120605,1.044922
892914617,0.096191,0.110596,1.042236
892919617,0.100342,0.114746,1.047119
892924617,0.100586,0.115967,1.045166
892929617,0.097168,0.114258,1.034668
892934617,0.102051,0.116211,1.043457
892939617,0.091309,0.126709,1.049805
892944617,0.092773,0.11499,1.035156
892949617,0.102783,0.11377,1.04248
892954617,0.0979,0.112549,1.043213
892959617,0.094971,0.113525,1.040771
892964617,0.091064,0.116943,1.040771
892969617,0.086426,0.116211,1.040283
892974617,0.09375,0.115479,1.040527
892979617,0.092773,0.117432,1.042969
892984617,0.091064,0.116211,1.041016
892989617,0.092773,0.114502,1.042969
892994617,0.094482,0.118408,1.03418
892999617,0.094971,0.119873,1.043213
893004617,0.096191,0.121582,1.039551
893009617,0.097656,0.120605,1.044434
893014617,0.101563,0.116211,1.036621
893019617,0.095703,0.117676,1.037354
893024617,0.096924,0.117432,1.034424
893029617,0.090576,0.11499,1.007813
893034617,0.128418,0.112305,1.053955
893039617,0.138672,0.090332,1.029785
893044617,0.152344,0.124512,1.079102
893049617,0.087891,0.127686,1.022705
893054617,0.081787,0.140381,1.075439
893059617,0.05249,0.145752,1.041992
893064617,0.062012,0.111328,1.025391
893069617,0.083984,0.12085,1.030273
