timestamp_us,x_g,y_g,z_g
83729617,0.097656,0.121582,1.047363
83734617,0.099854,0.119629,1.049805
83739617,0.093994,0.119873,1.048584
83744617,0.085205,0.118652,1.042725
83749617,0.083252,0.109131,1.026611
83754617,0.09082,0.116699,1.035645
83759617,0.095215,0.115479,1.052246
83764617,0.093506,0.112061,1.043213
83769617,0.092529,0.110107,1.031006
83774617,0.093506,0.118164,1.057129
83779617,0.086182,0.125,1.046387
83784617,0.081055,0.112549,1.033203
83789617,0.087158,0.118652,1.031982
83794617,0.089111,0.119141,1.053955
83799617,0.0896,0.112549,1.035645
83804617,0.092529,0.113281,1.039795
83809617,0.084473,0.118652,1.048828
83814617,0.08667,0.117676,1.036621
83819617,0.087158,0.110107,1.024414
83824617,0.094727,0.11084,1.053467
83829617,0.093018,0.121338,1.050537
83834617,0.090088,0.118408,1.047363
83839617,0.092773,0.111816,1.032471
83844617,0.085693,0.115479,1.041748
83849617,0.090576,0.118164,1.037109
83854617,0.092285,0.114502,1.032715
83859617,0.093018,0.121094,1.048584
83864617,0.09375,0.119629,1.054443
83869617,0.088867,0.11499,1.04248
83874617,0.085449,0.11792,1.032959
83879617,0.086426,0.12207,1.044434
83884617,0.089355,0.123779,1.033691
83889617,0.085693,0.111816,1.032959
83894617,0.091797,0.109619,1.037109
83899617,0.09375,0.122559,1.056641
83904617,0.089355,0.118652,1.051025
83909617,0.093262,0.114014,1.033447
83914617,0.09375,0.113281,1.026855
83919617,0.09082,0.116699,1.043457
83924617,0.091309,0.120605,1.057129
83929617,0.090332,0.119385,1.036865
83934617,0.084961,0.10791,1.026855
83939617,0.093994,0.110596,1.030518
83944617,0.091309,0.115967,1.055176
83949617,0.089844,0.118164,1.054688
83954617,0.087402,0.115234,1.037354
83959617,0.084717,0.119629,1.034424
83964617,0.0896,0.121094,1.039795
83969617,0.088867,0.119873,1.039307
83974617,0.090576,0.116943,1.042969
83979617,0.091553,0.123291,1.046875
83984617,0.089355,0.116943,1.037354
83989617,0.094971,0.115967,1.032959
83994617,0.087402,0.116943,1.034912
83999617,0.0896,0.116943,1.045166
84004617,0.08667,0.119385,1.054688
84009617,0.086426,0.111328,1.04126
84014617,0.086914,0.110107,1.04248
84019617,0.085205,0.115234,1.032959
84024617,0.088867,0.116211,1.033936
84029617,0.093262,0.112305,1.050537
84034617,0.090576,0.118896,1.050781
84039617,0.085449,0.119629,1.036377
84044617,0.083496,0.115723,1.026611
84049617,0.092529,0.112305,1.036621
84054617,0.094482,0.118896,1.046143
84059617,0.087891,0.117188,1.042725
84064617,0.08667,0.111816,1.037354
84069617,0.090576,0.115234,1.044922
84074617,0.087891,0.117188,1.040771
84079617,0.083496,0.114258,1.038086
84084617,0.089355,0.118652,1.050537
84089617,0.088623,0.12207,1.04541
84094617,0.091064,0.11499,1.032959
84099617,0.086426,0.119629,1.037109
84104617,0.087646,0.124756,1.044922
84109617,0.088379,0.112305,1.037109
84114617,0.093506,0.118896,1.038818
84119617,0.095215,0.124512,1.051025
84124617,0.09082,0.120117,1.02832
84129617,0.088379,0.113525,1.02417
84134617,0.090088,0.119629,1.052979
84139617,0.085205,0.119385,1.049805
84144617,0.08252,0.114502,1.035156
84149617,0.08374,0.109375,1.031738
84154617,0.094971,0.114014,1.045654
84159617,0.090088,0.112549,1.045166
84164617,0.088623,0.109375,1.039307
84169617,0.086914,0.117188,1.054199
84174617,0.084717,0.121826,1.045654
84179617,0.08374,0.116699,1.0271
84184617,0.081055,0.113037,1.0354
84189617,0.092285,0.118164,1.042725
84194617,0.092285,0.121582,1.050049
84199617,0.094971,0.116699,1.033691
84204617,0.091309,0.120117,1.038086
84209617,0.087402,0.125977,1.047119
84214617,0.094971,0.115234,1.036377
84219617,0.08667,0.116211,1.032227
84224617,0.085205,0.117188,1.04541
84229617,0.091064,0.119873,1.04541
84234617,0.087646,0.114746,1.028467
86764617,0.083252,0.116211,1.04126
86769617,0.081543,0.103027,1.050293
86774617,0.092041,0.104004,1.033447
86779617,0.084229,0.107422,1.042725
86784617,0.085693,0.116943,1.039551
86789617,0.085205,0.119629,1.048096
86794617,0.081543,0.125244,1.0271
86799617,0.084229,0.123779,1.046387
86804617,0.090332,0.124023,1.031494
86809617,0.089844,0.128174,1.038086
86814617,0.087646,0.129395,1.04834
86819617,0.080566,0.124512,1.037598
86824617,0.080811,0.114502,1.039307
86829617,0.085449,0.123047,1.052246
86834617,0.087402,0.116211,1.039795
86839617,0.088135,0.10376,1.023926
86844617,0.095215,0.109863,1.046143
86849617,0.095215,0.114746,1.060059
86854617,0.088135,0.111816,1.037842
86859617,0.083008,0.108154,1.03125
86864617,0.089111,0.122803,1.051514
86869617,0.087402,0.118164,1.03418
86874617,0.094971,0.10791,1.027588
86879617,0.090088,0.123535,1.049316
86884617,0.090576,0.12793,1.046143
86889617,0.084473,0.118164,1.02124
86894617,0.086182,0.127197,1.048096
86899617,0.094971,0.125488,1.049072
86904617,0.087402,0.115723,1.039551
86909617,0.087891,0.112061,1.024902
86914617,0.082764,0.105713,1.023926
86919617,0.085449,0.104492,1.037354
86924617,0.094971,0.113037,1.05542
86929617,0.088135,0.116943,1.066162
86934617,0.088623,0.121338,1.031982
86939617,0.090576,0.115479,1.007813
86944617,0.102051,0.11084,1.02832
86949617,0.100098,0.122559,1.059814
86954617,0.098145,0.123047,1.049072
86959617,0.088867,0.118408,1.036133
86964617,0.090088,0.128418,1.04834
86969617,0.083496,0.112061,1.008057
86974617,0.098633,0.103516,1.037354
86979617,0.0896,0.115967,1.055908
86984617,0.096436,0.121094,1.072021
86989617,0.074951,0.104248,1.012451
86994617,0.078125,0.10376,1.016357
86999617,0.084473,0.117432,1.037109
87004617,0.0896,0.109131,1.047363
87009617,0.092773,0.119629,1.047852
87014617,0.078613,0.125977,1.040771
87019617,0.081299,0.118896,1.02002
87024617,0.090088,0.123535,1.029785
87029617,0.095703,0.123535,1.039795
87034617,0.097412,0.118896,1.040039
87039617,0.100098,0.117432,1.050781
87044617,0.08667,0.121582,1.038574
87049617,0.087891,0.115723,1.036133
87054617,0.087402,0.107178,1.033447
87059617,0.092773,0.12085,1.062012
87064617,0.080566,0.119873,1.044678
87069617,0.075928,0.109131,1.022217
87074617,0.08252,0.111816,1.038818
87079617,0.092041,0.115723,1.056885
87084617,0.089355,0.116699,1.048584
87089617,0.085449,0.122314,1.042725
87094617,0.085449,0.120117,1.043457
87099617,0.088623,0.120361,1.041016
87104617,0.087646,0.117676,1.029297
87109617,0.091797,0.124268,1.044922
87114617,0.092773,0.116699,1.038574
87119617,0.095703,0.114014,1.034424
87124617,0.098877,0.115479,1.032715
87129617,0.093018,0.117676,1.040039
87134617,0.092041,0.115479,1.039795
87139617,0.091553,0.117188,1.044678
87144617,0.08252,0.120605,1.047607
87149617,0.081543,0.118408,1.047607
87154617,0.081543,0.114258,1.041992
87159617,0.089355,0.115967,1.046143
87164617,0.087646,0.117432,1.04126
87169617,0.084961,0.116943,1.04541
87174617,0.082275,0.120361,1.040039
87179617,0.091797,0.119141,1.045898
87184617,0.081787,0.121338,1.040527
87189617,0.092285,0.12207,1.052002
87194617,0.095703,0.119873,1.040771
87199617,0.089844,0.11792,1.032715
87204617,0.091797,0.115479,1.033691
87209617,0.090576,0.111328,1.039795
87214617,0.093262,0.11377,1.044434
87219617,0.094727,0.11499,1.042725
87224617,0.092041,0.114502,1.038574
87229617,0.087158,0.111084,1.039307
87234617,0.085449,0.116943,1.028076
87239617,0.087402,0.113037,1.046387
87244617,0.085449,0.116699,1.037354
87249617,0.087646,0.114502,1.037109
87254617,0.088135,0.123047,1.044434
87259617,0.084961,0.125,1.040771
87264617,0.089355,0.119873,1.040771
87269617,0.094238,0.12085,1.045654
87274617,0.090332,0.124756,1.044678
87279617,0.091797,0.116699,1.042969
87284617,0.087891,0.115234,1.031738
87289617,0.089111,0.119141,1.038574
87294617,0.089111,0.113037,1.038086
87299617,0.091064,0.115234,1.040283
87304617,0.084961,0.11499,1.037842
87309617,0.086426,0.113525,1.044434
87314617,0.086426,0.109863,1.039063
87319617,0.085937,0.117676,1.039063
87324617,0.089355,0.116211,1.046631
87329617,0.089111,0.118652,1.033936
87334617,0.084473,0.120117,1.041016
87339617,0.088623,0.11377,1.043701
87344617,0.088379,0.117188,1.043457
87349617,0.09082,0.119873,1.050293
87354617,0.09082,0.118896,1.033447
87359617,0.09375,0.114258,1.037354
87364617,0.095459,0.120117,1.050537
87369617,0.088135,0.121582,1.038574
87374617,0.093994,0.113037,1.037598
87379617,0.089844,0.118408,1.032959
87384617,0.090332,0.11377,1.042969
87389617,0.0896,0.116699,1.049561
87394617,0.08374,0.118896,1.039551
87399617,0.083252,0.114258,1.036377
87404617,0.083008,0.116455,1.042236
87409617,0.092041,0.121338,1.043213
87414617,0.086426,0.118164,1.036621
87419617,0.088867,0.115479,1.032715
87424617,0.08667,0.118408,1.045654
87429617,0.091064,0.118896,1.036133
87434617,0.092285,0.115234,1.02832
87439617,0.088379,0.113037,1.033203
87444617,0.090332,0.115723,1.044678
87449617,0.090332,0.118896,1.043213
87454617,0.091309,0.11792,1.03418
87459617,0.086914,0.119873,1.040527
87464617,0.08667,0.121094,1.041992
87469617,0.088135,0.120361,1.046631
87474617,0.085693,0.12207,1.039307
87479617,0.083984,0.115234,1.041504
87484617,0.085937,0.115723,1.038818
87489617,0.08667,0.117432,1.039063
87494617,0.091797,0.120117,1.050293
87499617,0.088135,0.118164,1.048096
87504617,0.0896,0.112793,1.037842
87509617,0.09082,0.114746,1.040039
87514617,0.095947,0.115479,1.051025
87519617,0.088623,0.112549,1.044189
87524617,0.087646,0.117188,1.035645
87529617,0.094971,0.118408,1.031006
87534617,0.100342,0.117432,1.045166
87539617,0.09082,0.115723,1.028564
87544617,0.089111,0.12207,1.043213
87549617,0.087158,0.120117,1.036377
87554617,0.092285,0.120361,1.048828
87559617,0.089355,0.118652,1.035156
87564617,0.086426,0.120605,1.046631
87569617,0.082764,0.119629,1.042236
87574617,0.086914,0.111328,1.037842
87579617,0.087891,0.116211,1.03833
87584617,0.0896,0.115723,1.057373
87589617,0.086426,0.115234,1.04248
87594617,0.087646,0.111572,1.030762
87599617,0.090576,0.110596,1.039063
87604617,0.091064,0.117432,1.044678
87609617,0.091064,0.117432,1.040771
87614617,0.091309,0.113281,1.044189
87619617,0.086182,0.123535,1.048096
87624617,0.09082,0.115723,1.039307
87629617,0.087646,0.120361,1.032959
87634617,0.085205,0.121094,1.043457
87639617,0.082275,0.11792,1.046387
87644617,0.088135,0.114746,1.046387
87649617,0.085937,0.113525,1.034424
87654617,0.089355,0.112549,1.035156
87659617,0.089844,0.115967,1.044434
87664617,0.088379,0.113037,1.039795
87669617,0.087158,0.113525,1.039063
87674617,0.086426,0.115479,1.037842
87679617,0.083496,0.115967,1.037598
87684617,0.089111,0.115479,1.04248
87689617,0.087646,0.117676,1.045654
87694617,0.089111,0.114746,1.040039
87699617,0.093994,0.113281,1.043945
87704617,0.0896,0.122559,1.03418
87709617,0.090576,0.115723,1.034424
87714617,0.095459,0.114014,1.044678
87719617,0.088135,0.125488,1.049316
87724617,0.085937,0.114014,1.033936
87729617,0.094238,0.112549,1.038574
87734617,0.094482,0.121338,1.036865
87739617,0.092529,0.117676,1.045166
87744617,0.089844,0.109131,1.040039
87749617,0.086914,0.117432,1.043457
87754617,0.088623,0.114014,1.038086
87759617,0.088623,0.108643,1.032959
87764617,0.094482,0.11499,1.049805
87769617,0.092041,0.118408,1.049072
87774617,0.082764,0.119385,1.043213
87779617,0.082031,0.118652,1.030029
87784617,0.089355,0.114258,1.033447
87789617,0.09375,0.115967,1.04834
87794617,0.092041,0.120361,1.042236
87799617,0.085693,0.119629,1.038086
87804617,0.090332,0.113525,1.037109
87809617,0.090332,0.117432,1.038818
87814617,0.091553,0.113281,1.032471
87819617,0.088623,0.116699,1.041016
87824617,0.0896,0.123535,1.046875
87829617,0.08667,0.121582,1.045898
87834617,0.082031,0.115234,1.029297
87839617,0.084961,0.113281,1.03833
87844617,0.095459,0.116699,1.050293
87849617,0.094727,0.11377,1.044189
87854617,0.0896,0.119385,1.043945
87859617,0.085937,0.122314,1.036133
87864617,0.088623,0.115723,1.032227
87869617,0.095459,0.115723,1.035645
87874617,0.089844,0.119629,1.04248
87879617,0.08374,0.117432,1.04126
87884617,0.085937,0.122314,1.041016
87889617,0.083252,0.115967,1.030273
87894617,0.088135,0.111572,1.0354
87899617,0.0896,0.116943,1.045166
87904617,0.08667,0.115723,1.053711
87909617,0.085693,0.11792,1.047852
87914617,0.087402,0.116943,1.033936
87919617,0.093262,0.111572,1.041504
87924617,0.08667,0.11499,1.038818
87929617,0.095215,0.114258,1.043213
87934617,0.092285,0.117676,1.04541
87939617,0.087646,0.119873,1.044922
87944617,0.0896,0.111816,1.034912
87949617,0.090332,0.115723,1.036133
87954617,0.093506,0.118896,1.045898
87959617,0.084229,0.119141,1.040039
87964617,0.088135,0.114746,1.024902
87969617,0.085205,0.116211,1.047852
87974617,0.086182,0.121094,1.066162
87979617,0.08667,0.117432,1.031494
87984617,0.090576,0.113525,1.035889
87989617,0.088135,0.116699,1.046387
87994617,0.087891,0.118408,1.04541
87999617,0.088623,0.113037,1.032715
88004617,0.08667,0.120117,1.041748
88009617,0.09375,0.121338,1.041016
88014617,0.092529,0.107178,1.032471
88019617,0.089111,0.115723,1.038086
88024617,0.089111,0.121826,1.053711
88029617,0.090576,0.11499,1.047119
88034617,0.085937,0.112305,1.038574
88039617,0.084473,0.117676,1.046875
88044617,0.085205,0.117188,1.044434
88049617,0.08374,0.113037,1.032227
88054617,0.088135,0.118164,1.041504
88059617,0.089355,0.117188,1.046387
88064617,0.082764,0.113281,1.034424
88069617,0.090088,0.116455,1.046387
88074617,0.087646,0.122559,1.044922
88079617,0.09375,0.113281,1.034668
88084617,0.092773,0.115967,1.034668
88089617,0.091309,0.124512,1.047852
88094617,0.094238,0.120361,1.034424
88099617,0.094727,0.115723,1.02832
88104617,0.094238,0.119873,1.042236
88109617,0.092773,0.123535,1.047363
88114617,0.093506,0.112061,1.037598
88119617,0.087402,0.113281,1.038574
88124617,0.085937,0.117676,1.039795
88129617,0.086182,0.111816,1.034912
88134617,0.092285,0.11084,1.041016
88139617,0.091309,0.116699,1.046387
88144617,0.086914,0.116211,1.055664
88149617,0.085937,0.120361,1.037598
88154617,0.087402,0.112549,1.029297
88159617,0.088135,0.117188,1.0354
88164617,0.091309,0.119629,1.046143
88169617,0.09082,0.116211,1.046875
88174617,0.094727,0.118652,1.052979
88179617,0.08374,0.117432,1.028564
88184617,0.088379,0.111816,1.029297
88189617,0.094482,0.116943,1.041016
88194617,0.092773,0.120605,1.055664
88199617,0.084717,0.116455,1.049072
88204617,0.083252,0.110107,1.032227
88209617,0.086914,0.118408,1.03833
88214617,0.085205,0.116943,1.04834
88219617,0.090576,0.115967,1.041748
88224617,0.083008,0.117432,1.042236
88229617,0.088623,0.116699,1.047119
88234617,0.086182,0.120605,1.044678
88239617,0.08374,0.119629,1.034668
88244617,0.09375,0.118652,1.034668
88249617,0.096436,0.114258,1.050537
88254617,0.097168,0.119141,1.046875
88259617,0.089111,0.118164,1.040527
88264617,0.09082,0.112061,1.036865
88269617,0.08667,0.117676,1.032227
88274617,0.087158,0.11792,1.040039
88279617,0.087891,0.115723,1.046387
88284617,0.088867,0.11792,1.044922
88289617,0.086182,0.115234,1.033691
88294617,0.084717,0.115234,1.040527
88299617,0.083496,0.125244,1.058105
88304617,0.085205,0.116699,1.0354
88309617,0.087158,0.113525,1.029785
88314617,0.088379,0.126953,1.05835
88319617,0.091309,0.122559,1.049316
88324617,0.085449,0.104248,1.007324
88329617,0.096191,0.108398,1.037598
88334617,0.09375,0.131104,1.064453
88339617,0.092285,0.117188,1.040283
88344617,0.090576,0.11084,1.017822
88349617,0.094727,0.12207,1.055908
88354617,0.095947,0.122559,1.044434
88359617,0.089111,0.104004,1.01709
88364617,0.088867,0.116943,1.042969
88369617,0.085449,0.124268,1.056885
88374617,0.087402,0.115723,1.047607
88379617,0.081299,0.113037,1.039063
88384617,0.087158,0.114746,1.050049
88389617,0.087891,0.119141,1.039551
88394617,0.084717,0.108154,1.035645
88399617,0.08667,0.119141,1.040771
88404617,0.092773,0.124268,1.052734
88409617,0.091309,0.11792,1.040771
88414617,0.092773,0.11377,1.046143
88419617,0.091064,0.124512,1.046875
88424617,0.089844,0.117676,1.032227
88429617,0.0896,0.113525,1.037354
88434617,0.090088,0.116699,1.045654
88439617,0.082275,0.118896,1.044434
88444617,0.083008,0.114014,1.029785
88449617,0.090088,0.117676,1.043701
88454617,0.089111,0.119385,1.043701
88459617,0.086182,0.113525,1.035889
88464617,0.08667,0.116699,1.051025
88469617,0.083984,0.120117,1.040771
88474617,0.083984,0.117432,1.035645
88479617,0.093506,0.113525,1.043945
88484617,0.092041,0.123535,1.052979
88489617,0.088623,0.119385,1.04248
88494617,0.083008,0.11792,1.037598
88499617,0.088867,0.114502,1.034424
88504617,0.095703,0.111572,1.035645
88509617,0.091553,0.114746,1.041992
88514617,0.08252,0.118896,1.044434
88519617,0.086426,0.115234,1.040527
88524617,0.08374,0.118164,1.046631
88529617,0.088379,0.116943,1.035889
88534617,0.087646,0.108887,1.033447
88539617,0.086426,0.114014,1.044922
88544617,0.094971,0.123047,1.043213
88549617,0.090576,0.118164,1.046875
88554617,0.088379,0.117432,1.039795
88559617,0.090576,0.114746,1.036621
88564617,0.089111,0.114014,1.034912
88569617,0.08252,0.116211,1.042725
88574617,0.084717,0.116455,1.038818
88579617,0.08667,0.112793,1.041016
88584617,0.092285,0.110352,1.039063
88589617,0.088623,0.110107,1.0354
88594617,0.091309,0.115723,1.037842
88599617,0.091797,0.120117,1.047119
88604617,0.087402,0.118896,1.04541
88609617,0.087891,0.115479,1.043457
88614617,0.085205,0.120605,1.0354
88619617,0.090088,0.119873,1.043701
88624617,0.09375,0.11792,1.036377
88629617,0.090332,0.118896,1.044434
88634617,0.091553,0.11792,1.03833
88639617,0.085937,0.116455,1.03833
88644617,0.091797,0.113037,1.032471
88649617,0.093262,0.116455,1.044678
88654617,0.092285,0.115234,1.043213
88659617,0.088867,0.113281,1.033447
88664617,0.088379,0.117432,1.040039
88669617,0.094238,0.117676,1.039795
88674617,0.088623,0.115967,1.041748
88679617,0.084717,0.117432,1.052246
88684617,0.087402,0.121826,1.04834
88689617,0.087158,0.117188,1.045654
88694617,0.08667,0.116699,1.050537
88699617,0.083496,0.119141,1.031738
88704617,0.08667,0.121094,1.037598
88709617,0.091064,0.118652,1.041992
88714617,0.090576,0.118652,1.049805
88719617,0.093994,0.115723,1.037109
88724617,0.09375,0.116455,1.041992
88729617,0.088867,0.118164,1.046631
88734617,0.094482,0.111084,1.040527
88739617,0.092773,0.110352,1.04126
88744617,0.091064,0.120117,1.052246
88749617,0.092041,0.116699,1.040039
88754617,0.080811,0.110107,1.029541
88759617,0.083252,0.116455,1.040039
88764617,0.084961,0.119873,1.040771
88769617,0.086182,0.118652,1.046631
88774617,0.087402,0.11499,1.03833
88779617,0.084961,0.121582,1.040283
88784617,0.087158,0.117188,1.033447
88789617,0.0896,0.115234,1.037354
88794617,0.0896,0.124023,1.04834
88799617,0.092529,0.114746,1.04248
88804617,0.089844,0.117432,1.037354
88809617,0.091064,0.116943,1.037598
88814617,0.090088,0.114746,1.034424
88819617,0.092773,0.117188,1.031006
88824617,0.087158,0.114746,1.0354
88829617,0.087158,0.11792,1.044922
88834617,0.090088,0.111572,1.042236
88839617,0.085205,0.121338,1.044922
88844617,0.084717,0.121338,1.03418
88849617,0.092041,0.120361,1.036865
88854617,0.091797,0.117432,1.04541
88859617,0.088623,0.118164,1.047363
88864617,0.087646,0.115234,1.03125
88869617,0.088867,0.115234,1.04126
88874617,0.090332,0.112305,1.041504
88879617,0.088135,0.116943,1.039551
88884617,0.092041,0.118896,1.042725
88889617,0.088623,0.118652,1.041016
88894617,0.082031,0.115479,1.035156
88899617,0.088867,0.121094,1.037598
88904617,0.094482,0.11792,1.040771
88909617,0.096191,0.11499,1.040283
88914617,0.085693,0.115234,1.044922
88919617,0.091064,0.121094,1.041748
88924617,0.087158,0.123291,1.049072
88929617,0.085937,0.104492,1.024902
88934617,0.098145,0.108398,1.040039
88939617,0.084717,0.119629,1.044434
88944617,0.087158,0.117432,1.041748
88949617,0.085205,0.114502,1.043945
88954617,0.08667,0.11792,1.040527
88959617,0.090332,0.116211,1.047607
88964617,0.089355,0.11499,1.047852
88969617,0.084229,0.116211,1.032715
88974617,0.085205,0.116455,1.033203
88979617,0.085205,0.119629,1.047852
88984617,0.086182,0.116455,1.031494
88989617,0.086426,0.119873,1.035156
88994617,0.093262,0.119629,1.052979
88999617,0.093506,0.122803,1.049561
89004617,0.088867,0.116211,1.028076
89009617,0.093262,0.11792,1.039307
89014617,0.091797,0.123535,1.043457
89019617,0.088623,0.119873,1.042969
89024617,0.084961,0.114014,1.036621
89029617,0.08374,0.119873,1.040039
89034617,0.090088,0.111328,1.044434
89039617,0.083252,0.116455,1.042236
89044617,0.084229,0.111328,1.020996
89049617,0.087402,0.113281,1.041748
89054617,0.091064,0.120361,1.071777
89059617,0.091309,0.114014,1.05127
89064617,0.084961,0.114746,1.025391
89069617,0.085937,0.118652,1.022461
89074617,0.091064,0.123535,1.035645
89079617,0.09668,0.115479,1.046631
89084617,0.091064,0.125244,1.055176
89089617,0.093018,0.124512,1.03418
89094617,0.090332,0.111572,1.032471
89099617,0.093994,0.114746,1.038574
89104617,0.095215,0.11792,1.040527
89109617,0.090332,0.122314,1.044678
89114617,0.088623,0.124512,1.042969
89119617,0.081055,0.121582,1.045654
89124617,0.072998,0.113281,1.032227
89129617,0.088135,0.116455,1.041992
89134617,0.094971,0.11792,1.054199
89139617,0.095947,0.115479,1.033691
89144617,0.091553,0.109863,1.041504
89149617,0.093994,0.122803,1.044678
89154617,0.08374,0.125977,1.04248
89159617,0.086426,0.113037,1.038574
89164617,0.078125,0.113525,1.041504
89169617,0.082275,0.119141,1.041504
89174617,0.09668,0.106934,1.033936
89179617,0.093994,0.103027,1.032471
89184617,0.095947,0.110352,1.046387
89189617,0.094971,0.112793,1.045898
89194617,0.093994,0.110107,1.037354
89199617,0.086426,0.117432,1.046875
89204617,0.083984,0.121338,1.051758
89209617,0.077148,0.122559,1.029297
89214617,0.082764,0.112793,1.021484
89219617,0.091064,0.123779,1.044922
89224617,0.092529,0.121582,1.05542
89229617,0.091309,0.111572,1.03418
89234617,0.090576,0.115234,1.029053
89239617,0.090332,0.12085,1.049805
89244617,0.093506,0.118652,1.050293
89249617,0.085693,0.109375,1.032471
89254617,0.083984,0.114014,1.041016
89259617,0.087646,0.113281,1.04541
89264617,0.085693,0.111328,1.030029
89269617,0.091309,0.116943,1.029785
89274617,0.093018,0.121826,1.057373
89279617,0.09375,0.123291,1.051758
89284617,0.0896,0.125488,1.037109
89289617,0.085937,0.121582,1.039307
89294617,0.085449,0.123779,1.040283
89299617,0.086182,0.117188,1.040039
89304617,0.093018,0.121338,1.055664
89309617,0.092041,0.120361,1.05127
89314617,0.089844,0.114258,1.033936
89319617,0.085449,0.112305,1.030273
89324617,0.0896,0.115967,1.043945
89329617,0.087158,0.109131,1.038086
89334617,0.093994,0.114014,1.045654
89339617,0.085693,0.112793,1.040283
89344617,0.088135,0.110352,1.031006
89349617,0.092773,0.11377,1.039551
89354617,0.083496,0.123779,1.048828
89359617,0.084229,0.123779,1.059326
89364617,0.080078,0.122314,1.033447
89369617,0.082275,0.115234,1.022461
89374617,0.090576,0.121094,1.0354
89379617,0.094238,0.122314,1.047852
89384617,0.096924,0.119385,1.044678
89389617,0.092529,0.118652,1.042969
89394617,0.090576,0.122803,1.047119
89399617,0.088867,0.113281,1.031738
89404617,0.088623,0.110352,1.026611
89409617,0.090332,0.114258,1.035889
89414617,0.097656,0.114258,1.045898
89419617,0.086182,0.114502,1.043701
89424617,0.085205,0.111572,1.027832
89429617,0.083496,0.118408,1.038818
89434617,0.086426,0.117432,1.043213
89439617,0.088867,0.121582,1.03418
89444617,0.087402,0.122314,1.058594
89449617,0.08374,0.131592,1.05957
89454617,0.086426,0.125,1.0354
89459617,0.084961,0.114502,1.023682
89464617,0.094727,0.120361,1.04834
89469617,0.092041,0.117676,1.041748
89474617,0.095215,0.107422,1.036133
89479617,0.092529,0.120117,1.054443
89484617,0.089844,0.117676,1.052979
89489617,0.089111,0.108887,1.031738
89494617,0.091309,0.113525,1.040527
89499617,0.092041,0.118408,1.050049
89504617,0.092529,0.114746,1.043457
89509617,0.087891,0.108154,1.031982
89514617,0.086182,0.121094,1.038574
89519617,0.090088,0.123779,1.039795
89524617,0.086914,0.116699,1.031738
89529617,0.083984,0.123779,1.040283
89534617,0.087402,0.125488,1.044434
89539617,0.084717,0.108398,1.032227
89544617,0.089111,0.112549,1.035889
89549617,0.094727,0.117432,1.039307
89554617,0.089111,0.115234,1.045654
89559617,0.094238,0.111328,1.045898
89564617,0.088135,0.116455,1.04541
89569617,0.091797,0.11499,1.043701
89574617,0.09082,0.112793,1.038086
89579617,0.082764,0.122314,1.047119
89584617,0.090576,0.118896,1.044189
89589617,0.092529,0.117188,1.040039
89594617,0.085937,0.116455,1.038818
89599617,0.0896,0.121094,1.042969
89604617,0.093506,0.119141,1.039551
89609617,0.09375,0.118652,1.040283
89614617,0.088867,0.122803,1.040771
89619617,0.088379,0.117432,1.036133
89624617,0.09375,0.112061,1.037842
89629617,0.089111,0.117432,1.041748
89634617,0.087891,0.121338,1.047852
89639617,0.085449,0.109863,1.041748
89644617,0.085937,0.11499,1.036377
89649617,0.082275,0.11792,1.032715
89654617,0.087158,0.117432,1.041016
89659617,0.089844,0.11499,1.043213
89664617,0.086182,0.116455,1.039795
89669617,0.087158,0.120117,1.047363
89674617,0.088135,0.120361,1.045654
89679617,0.085693,0.11499,1.025879
89684617,0.086182,0.119873,1.03125
89689617,0.093262,0.123535,1.051025
89694617,0.091309,0.118652,1.052246
89699617,0.090088,0.114014,1.023926
89704617,0.094727,0.112305,1.0354
89709617,0.094238,0.11792,1.04834
89714617,0.095703,0.112061,1.04541
89719617,0.087158,0.107666,1.026123
89724617,0.084961,0.11499,1.04541
89729617,0.085449,0.120361,1.052734
89734617,0.082275,0.113281,1.030029
89739617,0.082031,0.114014,1.036865
89744617,0.088867,0.118164,1.047119
89749617,0.091797,0.11792,1.047363
89754617,0.088623,0.115967,1.034424
89759617,0.086914,0.122803,1.042725
89764617,0.086914,0.121338,1.035645
89769617,0.089355,0.117188,1.034912
89774617,0.092529,0.121338,1.034912
89779617,0.08667,0.118652,1.037598
89784617,0.092041,0.112549,1.030518
89789617,0.089844,0.114258,1.040771
89794617,0.090332,0.115967,1.048584
89799617,0.090332,0.113525,1.043213
89804617,0.087891,0.110352,1.03418
89809617,0.090576,0.113037,1.036377
89814617,0.090576,0.112061,1.033936
89819617,0.088135,0.112061,1.048096
89824617,0.087891,0.118408,1.047119
89829617,0.086914,0.118896,1.037109
89834617,0.088135,0.116943,1.047607
89839617,0.089111,0.121582,1.040771
89844617,0.092041,0.118164,1.035889
89849617,0.091064,0.11499,1.043457
89854617,0.090576,0.123047,1.052734
89859617,0.086182,0.120361,1.037354
89864617,0.087158,0.11499,1.036377
89869617,0.088135,0.111328,1.038818
89874617,0.0896,0.113281,1.044434
89879617,0.091797,0.111084,1.037598
89884617,0.090332,0.108154,1.049316
89889617,0.078369,0.122314,1.030029
89894617,0.086914,0.109131,1.040527
89899617,0.083496,0.113037,1.033203
89904617,0.088623,0.111084,1.038086
89909617,0.091553,0.117188,1.047852
89914617,0.08667,0.120361,1.042725
89919617,0.0896,0.115723,1.041992
89924617,0.08667,0.119629,1.0354
89929617,0.088135,0.114014,1.042725
89934617,0.089844,0.125,1.036377
89939617,0.097656,0.116455,1.050049
89944617,0.086182,0.113525,1.044922
89949617,0.091309,0.118652,1.051514
89954617,0.08252,0.113037,1.026855
89959617,0.093506,0.114258,1.058838
89964617,0.084717,0.114258,1.045898
89969617,0.083008,0.112061,1.021973
89974617,0.088623,0.112793,1.029785
89979617,0.088623,0.118652,1.048828
89984617,0.091553,0.120117,1.05249
89989617,0.087158,0.111572,1.031494
89994617,0.086426,0.125488,1.040039
89999617,0.101563,0.114746,1.025391
90004617,0.085693,0.109863,1.036865
90009617,0.097656,0.129395,1.069336
90014617,0.087646,0.119385,1.026367
90019617,0.08667,0.109863,1.027588
90024617,0.088379,0.121338,1.061523
90029617,0.094727,0.127441,1.061035
90034617,0.088623,0.101074,1.013184
90039617,0.092529,0.113281,1.044189
90044617,0.095703,0.125244,1.068115
90049617,0.084717,0.10791,1.030762
90054617,0.086914,0.111572,1.022705
90059617,0.088379,0.12915,1.060547
90064617,0.08667,0.117432,1.03833
90069617,0.093262,0.114746,1.029785
90074617,0.086914,0.116699,1.051514
90079617,0.088135,0.125977,1.056641
90084617,0.084473,0.114258,1.010742
90089617,0.092529,0.114746,1.040039
90094617,0.093018,0.122803,1.054199
90099617,0.092285,0.119141,1.044678
90104617,0.0896,0.114014,1.02417
90109617,0.093994,0.116455,1.052734
90114617,0.083984,0.120117,1.04126
90119617,0.082031,0.112549,1.028809
90124617,0.083008,0.118896,1.052734
90129617,0.080566,0.115967,1.044189
90134617,0.082031,0.112305,1.024414
90139617,0.085937,0.116455,1.046875
90144617,0.084717,0.12207,1.050293
90149617,0.08667,0.112549,1.034912
90154617,0.085693,0.118164,1.043701
90159617,0.089355,0.12207,1.050293
90164617,0.088623,0.11792,1.032715
90169617,0.0896,0.108398,1.033936
90174617,0.099609,0.116943,1.053955
90179617,0.097656,0.11792,1.044189
90184617,0.093018,0.120361,1.035156
90189617,0.093262,0.117676,1.038818
90194617,0.092529,0.118896,1.036133
90199617,0.093506,0.11377,1.049805
90204617,0.088867,0.121094,1.053711
90209617,0.08252,0.119873,1.041992
90214617,0.083984,0.113281,1.03125
90219617,0.082764,0.116211,1.035889
90224617,0.090088,0.115479,1.052002
90229617,0.087402,0.114502,1.052246
90234617,0.086182,0.118164,1.034912
90239617,0.08667,0.113281,1.036865
90244617,0.093262,0.123535,1.038574
90249617,0.092529,0.121338,1.033936
90254617,0.092041,0.112793,1.035889
90259617,0.092529,0.115479,1.04834
90264617,0.093506,0.119629,1.049805
90269617,0.089844,0.116699,1.041016
90274617,0.08374,0.118164,1.037842
90279617,0.087646,0.119141,1.039795
90284617,0.087891,0.114014,1.050293
90289617,0.085205,0.110352,1.035156
90294617,0.083984,0.111816,1.047607
90299617,0.086182,0.115723,1.050293
90304617,0.086182,0.118652,1.038086
90309617,0.087402,0.116211,1.035645
90314617,0.089355,0.116943,1.037354
90319617,0.090332,0.123047,1.046387
90324617,0.0896,0.119629,1.040527
90329617,0.092529,0.125977,1.037842
90334617,0.092773,0.121338,1.043945
90339617,0.094727,0.115967,1.046387
90344617,0.095215,0.117188,1.04248
90349617,0.094971,0.11499,1.042969
90354617,0.084717,0.119141,1.043701
90359617,0.084961,0.113525,1.038818
90364617,0.086182,0.108154,1.041016
90369617,0.091309,0.113281,1.034912
90374617,0.079834,0.111084,1.039795
90379617,0.084961,0.111816,1.047607
90384617,0.086426,0.11377,1.038818
90389617,0.084473,0.114258,1.039307
90394617,0.085693,0.120605,1.052002
90399617,0.091309,0.119629,1.036621
90404617,0.089844,0.119873,1.038086
90409617,0.092285,0.126465,1.039307
90414617,0.095459,0.121826,1.041748
90419617,0.097412,0.116699,1.031738
90424617,0.095215,0.115234,1.044189
90429617,0.091064,0.117676,1.044922
90434617,0.087646,0.115234,1.038818
90439617,0.085449,0.114502,1.047852
90444617,0.089355,0.11499,1.050537
90449617,0.090332,0.117188,1.043213
90454617,0.086182,0.112061,1.04248
90459617,0.091797,0.111816,1.047852
90464617,0.084229,0.111816,1.050049
90469617,0.087891,0.12207,1.042725
90474617,0.084229,0.118408,1.034912
90479617,0.08667,0.120361,1.031494
90484617,0.09375,0.119629,1.033936
90489617,0.099854,0.123291,1.050293
90494617,0.092285,0.119629,1.047363
90499617,0.0896,0.114014,1.028564
90504617,0.088867,0.112793,1.034424
90509617,0.091553,0.118652,1.047363
90514617,0.089355,0.108643,1.033936
90519617,0.092041,0.116211,1.039307
90524617,0.086914,0.121582,1.046631
90529617,0.085449,0.114746,1.049316
90534617,0.08667,0.109619,1.0354
90539617,0.090332,0.114014,1.036377
90544617,0.086182,0.120605,1.048096
90549617,0.087402,0.115234,1.035889
90554617,0.08667,0.121582,1.042969
90559617,0.088623,0.118652,1.044922
90564617,0.087402,0.113525,1.021973
90569617,0.085937,0.11377,1.038574
90574617,0.093018,0.125244,1.056641
90579617,0.090576,0.118652,1.041748
90584617,0.089844,0.11084,1.02417
90589617,0.089111,0.115723,1.0271
90594617,0.095215,0.121094,1.052734
90599617,0.084473,0.111084,1.040771
90604617,0.085693,0.121338,1.051758
90609617,0.078369,0.12207,1.041992
90614617,0.085449,0.10791,1.02002
90619617,0.091797,0.111816,1.04248
90624617,0.09375,0.121338,1.05957
90629617,0.085693,0.118652,1.041992
90634617,0.087402,0.116211,1.034668
90639617,0.085449,0.124756,1.044189
90644617,0.089111,0.115967,1.040527
90649617,0.094971,0.109619,1.032715
90654617,0.095215,0.120117,1.046875
90659617,0.091797,0.123047,1.046875
90664617,0.091553,0.111816,1.038086
90669617,0.087158,0.116699,1.042236
90674617,0.089844,0.119385,1.04126
90679617,0.093994,0.11792,1.048096
90684617,0.091797,0.113037,1.049805
90689617,0.086182,0.117188,1.046387
90694617,0.084473,0.11499,1.038086
90699617,0.09082,0.112305,1.043213
90704617,0.087891,0.119629,1.046143
90709617,0.088867,0.116699,1.03418
90714617,0.094727,0.116211,1.038574
90719617,0.091797,0.118896,1.045166
90724617,0.087646,0.123535,1.042236
90729617,0.085449,0.113525,1.029297
90734617,0.092773,0.113281,1.03833
90739617,0.089111,0.115967,1.049072
90744617,0.089355,0.116699,1.037842
90749617,0.089111,0.112793,1.041504
90754617,0.086914,0.115967,1.044922
90759617,0.086914,0.114746,1.030518
90764617,0.086914,0.117188,1.041504
90769617,0.088135,0.119629,1.056641
90774617,0.086914,0.119873,1.049561
90779617,0.088135,0.11499,1.02832
90784617,0.08667,0.119629,1.031738
90789617,0.092773,0.122803,1.046143
90794617,0.092773,0.116211,1.04126
90799617,0.092041,0.113281,1.041016
90804617,0.090576,0.122803,1.040771
90809617,0.086182,0.111328,1.032471
90814617,0.090576,0.113281,1.035889
90819617,0.08667,0.112549,1.041748
90824617,0.084473,0.115479,1.041992
90829617,0.08667,0.116943,1.044678
90834617,0.087646,0.119141,1.037842
90839617,0.088135,0.116211,1.042969
90844617,0.086182,0.118652,1.043457
90849617,0.092041,0.120117,1.039307
90854617,0.092041,0.123047,1.049316
90859617,0.090088,0.119873,1.047852
90864617,0.093262,0.121826,1.036133
90869617,0.094482,0.119629,1.038086
90874617,0.089844,0.115723,1.038818
90879617,0.093018,0.116455,1.035156
90884617,0.090576,0.111084,1.045654
90889617,0.090088,0.120361,1.043701
90894617,0.087402,0.118652,1.034668
90899617,0.083984,0.114502,1.033691
90904617,0.087646,0.115479,1.041504
90909617,0.089844,0.11499,1.044678
90914617,0.08374,0.116699,1.034668
90919617,0.090088,0.10791,1.042236
90924617,0.088867,0.120117,1.049072
90929617,0.096191,0.117188,1.052246
90934617,0.0896,0.119629,1.029541
90939617,0.09375,0.120361,1.041748
90944617,0.092041,0.125,1.043213
90949617,0.09082,0.115479,1.028809
90954617,0.097412,0.115234,1.030518
90959617,0.094482,0.119873,1.055176
90964617,0.088867,0.118896,1.039307
90969617,0.086182,0.115234,1.037598
90974617,0.089355,0.111084,1.032227
90979617,0.089355,0.115723,1.052734
90984617,0.085937,0.116699,1.032715
90989617,0.086182,0.112061,1.029297
90994617,0.087158,0.11792,1.046387
90999617,0.095703,0.114258,1.05127
91004617,0.088379,0.115234,1.040527
91009617,0.087891,0.114746,1.040283
91014617,0.089844,0.123779,1.04248
91019617,0.091553,0.119873,1.04541
91024617,0.094971,0.111084,1.033447
91029617,0.098145,0.121826,1.048828
91034617,0.084717,0.120605,1.051758
91039617,0.085205,0.115234,1.043701
91044617,0.081299,0.113281,1.028076
91049617,0.096191,0.115967,1.043457
91054617,0.096436,0.115234,1.046875
91059617,0.090332,0.118652,1.039551
91064617,0.086182,0.120605,1.041992
91069617,0.088623,0.118896,1.044678
91074617,0.087158,0.117676,1.035645
91079617,0.088623,0.118408,1.04126
91084617,0.087158,0.119873,1.040527
91089617,0.08252,0.123047,1.04126
91094617,0.089355,0.116699,1.038574
91099617,0.092285,0.112061,1.04126
91104617,0.090332,0.115479,1.040771
91109617,0.083984,0.115479,1.038818
91114617,0.086914,0.11792,1.044678
91119617,0.083496,0.111572,1.046631
91124617,0.081299,0.118652,1.033203
91129617,0.088867,0.114258,1.040527
91134617,0.090088,0.114258,1.034668
91139617,0.0896,0.116455,1.047119
91144617,0.087402,0.120117,1.039307
91149617,0.091553,0.11792,1.036377
91154617,0.09375,0.116455,1.037109
91159617,0.087891,0.120117,1.043701
91164617,0.087891,0.114746,1.027588
91169617,0.093262,0.11499,1.05957
91174617,0.090332,0.124756,1.049561
91179617,0.090088,0.104736,1.013428
91184617,0.090576,0.106689,1.021973
91189617,0.099121,0.130371,1.069824
91194617,0.087158,0.118164,1.04541
91199617,0.08374,0.101807,1.004883
91204617,0.092773,0.117676,1.042969
91209617,0.087158,0.123047,1.050781
91214617,0.089355,0.110107,1.044434
91219617,0.089111,0.126953,1.071533
91224617,0.082275,0.125,1.064453
91229617,0.084473,0.106934,1.025391
91234617,0.083496,0.112061,1.028564
91239617,0.090576,0.121826,1.052979
91244617,0.092773,0.114502,1.038818
91249617,0.088135,0.118164,1.039307
91254617,0.080566,0.117188,1.039307
91259617,0.088379,0.115723,1.026367
91264617,0.095459,0.117188,1.037842
91269617,0.097168,0.119629,1.05249
91274617,0.094482,0.118164,1.040771
91279617,0.088379,0.11377,1.043945
91284617,0.083008,0.120117,1.039063
91289617,0.090332,0.116699,1.033936
91294617,0.09082,0.112549,1.038574
91299617,0.090088,0.115967,1.053467
91304617,0.084473,0.117188,1.045898
91309617,0.085205,0.111084,1.029785
91314617,0.085205,0.114014,1.042236
91319617,0.090332,0.114746,1.042236
91324617,0.088867,0.114746,1.042236
91329617,0.090332,0.116699,1.043701
91334617,0.090088,0.115723,1.042236
91339617,0.091064,0.118164,1.041748
91344617,0.091064,0.112305,1.030762
91349617,0.089111,0.117432,1.035156
91354617,0.09375,0.115723,1.042236
91359617,0.088867,0.118408,1.036133
91364617,0.08667,0.112305,1.044678
91369617,0.088623,0.120361,1.046631
91374617,0.083984,0.120605,1.044922
91379617,0.084473,0.113037,1.040283
91384617,0.091797,0.116943,1.050049
91389617,0.090088,0.122559,1.044922
91394617,0.087646,0.111328,1.030518
91399617,0.087891,0.108154,1.040283
91404617,0.086182,0.121826,1.048828
91409617,0.090332,0.119873,1.041992
91414617,0.091064,0.109131,1.023682
91419617,0.092773,0.12085,1.055664
91424617,0.091309,0.129395,1.051025
91429617,0.087891,0.11377,1.034668
91434617,0.090088,0.112549,1.030762
91439617,0.089844,0.121338,1.049072
91444617,0.091553,0.118164,1.038574
91449617,0.087891,0.114258,1.050049
91454617,0.092773,0.123047,1.056396
91459617,0.084717,0.116455,1.043213
91464617,0.085937,0.111572,1.030273
91469617,0.085205,0.119873,1.03833
91474617,0.089355,0.124268,1.054688
91479617,0.089355,0.115967,1.0271
91484617,0.090332,0.116699,1.030029
91489617,0.093506,0.119141,1.042236
91494617,0.095703,0.111572,1.043945
91499617,0.090576,0.11377,1.034912
91504617,0.09082,0.11499,1.058838
91509617,0.085693,0.116211,1.045654
91514617,0.087158,0.116455,1.040039
91519617,0.091064,0.114258,1.034424
91524617,0.088623,0.114502,1.033936
91529617,0.090088,0.110107,1.039795
91534617,0.091553,0.115723,1.039795
91539617,0.088379,0.116699,1.046631
91544617,0.084717,0.115723,1.03125
91549617,0.084229,0.11792,1.037842
91554617,0.085937,0.118408,1.038818
91559617,0.087646,0.119629,1.044678
91564617,0.088623,0.123535,1.039307
91569617,0.087402,0.119629,1.044434
91574617,0.083984,0.121826,1.040527
91579617,0.088623,0.11499,1.041748
91584617,0.091797,0.117676,1.041992
91589617,0.087646,0.11499,1.036377
91594617,0.0896,0.111572,1.037598
91599617,0.0896,0.113037,1.040283
91604617,0.092041,0.116455,1.045654
91609617,0.091797,0.115479,1.047363
91614617,0.088867,0.115967,1.036133
91619617,0.090332,0.115479,1.038818
91624617,0.091064,0.124756,1.037842
91629617,0.091797,0.118896,1.043457
91634617,0.085937,0.121338,1.0354
91639617,0.087646,0.119141,1.039063
91644617,0.0896,0.112549,1.034668
91649617,0.099854,0.112061,1.048828
91654617,0.087891,0.109375,1.046875
91659617,0.09082,0.109375,1.034668
91664617,0.087891,0.11084,1.042969
91669617,0.084961,0.112305,1.048096
91674617,0.084961,0.113281,1.040283
91679617,0.087646,0.114502,1.034424
91684617,0.091064,0.120605,1.04541
91689617,0.09082,0.121338,1.045654
91694617,0.083496,0.122559,1.036621
91699617,0.087646,0.124023,1.031738
91704617,0.096191,0.119141,1.042725
91709617,0.088867,0.119141,1.039551
91714617,0.086182,0.122803,1.036865
91719617,0.08374,0.118408,1.029785
91724617,0.093018,0.111084,1.039063
91729617,0.094727,0.109863,1.039307
91734617,0.09668,0.109863,1.057373
91739617,0.094727,0.120361,1.041992
91744617,0.088379,0.11084,1.038574
91749617,0.088623,0.118408,1.041504
91754617,0.084473,0.114258,1.045898
91759617,0.08667,0.116943,1.039063
91764617,0.083984,0.111816,1.036865
91769617,0.088135,0.124512,1.043213
91774617,0.087646,0.121582,1.03418
91779617,0.086426,0.121094,1.032715
91784617,0.09082,0.118652,1.044189
91789617,0.090088,0.120117,1.052246
91794617,0.09082,0.119141,1.043457
91799617,0.093262,0.117432,1.039307
91804617,0.083252,0.111328,1.036133
91809617,0.088867,0.115967,1.041504
91814617,0.087646,0.113281,1.041504
91819617,0.091797,0.113281,1.040527
91824617,0.088623,0.11792,1.035889
91829617,0.089844,0.111328,1.044434
91834617,0.091064,0.113525,1.044678
91839617,0.084229,0.120605,1.032715
91844617,0.090576,0.117676,1.040527
91849617,0.084961,0.119385,1.039551
91854617,0.091064,0.118164,1.038574
91859617,0.09082,0.119873,1.035156
91864617,0.091553,0.114258,1.042236
91869617,0.09082,0.114746,1.037842
91874617,0.094727,0.123535,1.053467
91879617,0.089111,0.125,1.039551
91884617,0.074219,0.116699,1.028564
91889617,0.091797,0.112549,1.042725
91894617,0.095215,0.109131,1.046631
91899617,0.091797,0.112549,1.036865
91904617,0.09082,0.117188,1.043457
91909617,0.084229,0.116455,1.031982
91914617,0.096191,0.11377,1.036865
91919617,0.09375,0.118652,1.043213
91924617,0.092285,0.119873,1.04248
91929617,0.086182,0.123047,1.037842
91934617,0.088867,0.120605,1.052734
91939617,0.091553,0.118652,1.048096
91944617,0.085937,0.117188,1.033447
91949617,0.080322,0.118408,1.030273
91954617,0.088135,0.122559,1.047607
91959617,0.085449,0.113037,1.035645
91964617,0.088379,0.110596,1.047607
91969617,0.0896,0.121582,1.047119
91974617,0.088135,0.118652,1.04248
91979617,0.088867,0.108154,1.034912
91984617,0.094238,0.112061,1.04834
91989617,0.093262,0.116211,1.050293
91994617,0.08667,0.115234,1.034912
91999617,0.08667,0.120117,1.02832
92004617,0.087158,0.12085,1.05127
92009617,0.096191,0.117676,1.044678
92014617,0.091797,0.115967,1.04248
92019617,0.07959,0.122314,1.036621
92024617,0.084717,0.120361,1.030273
92029617,0.085693,0.116211,1.027588
92034617,0.084473,0.118164,1.035645
92039617,0.090332,0.119385,1.037109
92044617,0.0896,0.112061,1.03833
92049617,0.097168,0.115479,1.04834
92054617,0.095215,0.112305,1.054688
92059617,0.089355,0.109863,1.041016
92064617,0.085937,0.116211,1.043945
92069617,0.089111,0.119873,1.048584
92074617,0.089844,0.116699,1.036133
92079617,0.09082,0.116943,1.03833
92084617,0.087891,0.116699,1.041992
92089617,0.088379,0.115479,1.038086
92094617,0.090088,0.115479,1.045898
92099617,0.09082,0.115723,1.031738
92104617,0.089111,0.124268,1.045654
92109617,0.08667,0.116211,1.036621
92114617,0.089111,0.114258,1.039551
92119617,0.088867,0.11499,1.036621
92124617,0.088135,0.115479,1.044922
92129617,0.091553,0.114014,1.04126
92134617,0.086426,0.11499,1.039795
92139617,0.089111,0.117432,1.042236
92144617,0.091797,0.115967,1.041016
92149617,0.091553,0.116943,1.041016
92154617,0.093994,0.119629,1.039795
92159617,0.086914,0.117188,1.032715
92164617,0.089844,0.119873,1.036133
92169617,0.09082,0.121338,1.039307
92174617,0.087646,0.119629,1.043213
92179617,0.092041,0.119385,1.05542
92184617,0.086426,0.118896,1.039551
92189617,0.084473,0.115479,1.036621
92194617,0.0896,0.116699,1.043945
92199617,0.088379,0.120361,1.050537
92204617,0.086914,0.112793,1.037354
92209617,0.092529,0.114502,1.035645
92214617,0.088135,0.120361,1.054688
92219617,0.088867,0.114502,1.039063
92224617,0.090088,0.115967,1.041992
92229617,0.089355,0.117188,1.041748
92234617,0.085449,0.119385,1.037354
92239617,0.091309,0.115479,1.035156
92244617,0.085693,0.119141,1.040039
92249617,0.088379,0.119629,1.043945
92254617,0.086182,0.11499,1.038086
92259617,0.078125,0.113525,1.041016
92264617,0.090088,0.121338,1.049072
92269617,0.080078,0.112305,1.031982
92274617,0.086426,0.121338,1.044189
92279617,0.082275,0.116211,1.036377
92284617,0.091064,0.116455,1.047363
92289617,0.090088,0.112061,1.028809
92294617,0.089355,0.117432,1.037598
92299617,0.095215,0.111816,1.041016
92304617,0.093506,0.116699,1.036865
92309617,0.095703,0.115479,1.043457
92314617,0.093994,0.115723,1.031982
92319617,0.098145,0.116455,1.049805
92324617,0.091309,0.115479,1.038086
92329617,0.093262,0.116699,1.036865
92334617,0.094971,0.117432,1.049561
92339617,0.092285,0.116211,1.038086
92344617,0.091064,0.114746,1.041504
92349617,0.089111,0.114746,1.043457
92354617,0.089111,0.119629,1.039551
92359617,0.089844,0.121582,1.039551
92364617,0.09082,0.116943,1.041016
92369617,0.088867,0.121582,1.047119
92374617,0.088379,0.114502,1.039063
92379617,0.087402,0.121582,1.036621
92384617,0.093018,0.119141,1.04541
92389617,0.08667,0.118408,1.039307
92394617,0.087402,0.11499,1.043701
92399617,0.087158,0.120117,1.045654
92404617,0.081543,0.115723,1.038574
92409617,0.089355,0.114258,1.043945
92414617,0.088379,0.114502,1.032471
92419617,0.093018,0.117432,1.040039
92424617,0.088867,0.116699,1.0354
92429617,0.092041,0.118652,1.047119
92434617,0.087891,0.115967,1.03833
92439617,0.087646,0.11792,1.034668
92444617,0.088135,0.118164,1.029541
92449617,0.091797,0.121582,1.050781
92454617,0.087158,0.12207,1.052246
92459617,0.08374,0.114258,1.016846
92464617,0.089355,0.110352,1.031982
92469617,0.088623,0.122559,1.060303
92474617,0.090576,0.118408,1.046875
92479617,0.081787,0.112793,1.018799
92484617,0.091797,0.115479,1.039307
92489617,0.099365,0.11792,1.056152
92494617,0.095215,0.111572,1.027344
92499617,0.097656,0.114258,1.043457
92504617,0.09375,0.12085,1.05542
92509617,0.084473,0.116943,1.032959
92514617,0.08667,0.109131,1.031494
92519617,0.089355,0.118408,1.049072
92524617,0.090576,0.12085,1.046631
92529617,0.08252,0.116699,1.039551
92534617,0.084229,0.11377,1.035645
92539617,0.088867,0.116699,1.042236
92544617,0.095947,0.122559,1.048828
92549617,0.092041,0.125732,1.056885
92554617,0.083496,0.123535,1.031006
92559617,0.084229,0.115234,1.026123
92564617,0.08374,0.125488,1.045166
92569617,0.09082,0.125244,1.051758
92574617,0.089844,0.111328,1.032715
92579617,0.093262,0.108887,1.038818
92584617,0.094482,0.114502,1.049805
92589617,0.092773,0.103271,1.035645
92594617,0.093506,0.102051,1.035156
92599617,0.092041,0.115723,1.052734
92604617,0.088135,0.116211,1.050537
92609617,0.08252,0.11499,1.029297
92614617,0.082275,0.121094,1.043701
92619617,0.088867,0.126709,1.049072
92624617,0.084229,0.12793,1.047119
92629617,0.083984,0.127686,1.040527
92634617,0.082764,0.125,1.042725
92639617,0.085205,0.118408,1.040039
92644617,0.088623,0.114258,1.035645
92649617,0.091309,0.112549,1.04126
92654617,0.093018,0.113281,1.03833
92659617,0.089355,0.110596,1.04248
92664617,0.088867,0.108887,1.031494
92669617,0.088379,0.106934,1.034912
92674617,0.092529,0.113037,1.077881
92679617,0.087891,0.118896,1.04541
92684617,0.086182,0.105713,1.000244
92689617,0.089844,0.107666,1.040527
92694617,0.094971,0.144287,1.099854
92699617,0.087402,0.128174,1.047363
92704617,0.07959,0.108154,1.004883
92709617,0.0896,0.127686,1.045654
92714617,0.094238,0.13623,1.06543
92719617,0.091797,0.111572,1.026123
92724617,0.088867,0.109619,1.034668
92729617,0.08667,0.128418,1.056641
92734617,0.088867,0.108398,1.030029
92739617,0.085937,0.098145,1.020996
92744617,0.099609,0.11499,1.054443
92749617,0.087402,0.122314,1.067139
92754617,0.086914,0.11084,1.030273
92759617,0.084961,0.107178,1.032715
92764617,0.083252,0.12793,1.055664
92769617,0.086182,0.124023,1.035645
92774617,0.092041,0.113037,1.033936
92779617,0.092285,0.11792,1.040283
92784617,0.093994,0.125977,1.044678
92789617,0.089844,0.111816,1.024658
92794617,0.08667,0.111572,1.023193
92799617,0.099365,0.124023,1.054688
92804617,0.088379,0.118652,1.061768
92809617,0.090332,0.117188,1.044922
92814617,0.081543,0.108154,1.003906
92819617,0.088623,0.104736,1.010254
92824617,0.10083,0.11499,1.077637
92829617,0.086426,0.130859,1.073975
92834617,0.074951,0.117676,1.02002
92839617,0.074219,0.108643,1.005615
92844617,0.092529,0.126221,1.047607
92849617,0.101807,0.124756,1.055908
92854617,0.095947,0.115967,1.035889
92859617,0.087891,0.122559,1.055176
92864617,0.083008,0.124268,1.047363
92869617,0.080566,0.116455,1.015869
92874617,0.092773,0.108643,1.023193
92879617,0.100342,0.118896,1.057617
92884617,0.101807,0.114502,1.05127
92889617,0.086426,0.101563,1.032959
92894617,0.08252,0.102539,1.037109
92899617,0.084961,0.115479,1.039307
92904617,0.0896,0.111328,1.049561
92909617,0.098877,0.114746,1.056885
92914617,0.091309,0.116211,1.047607
92919617,0.082764,0.115479,1.030273
92924617,0.083008,0.118652,1.018555
92929617,0.088623,0.127197,1.046631
92934617,0.091797,0.123047,1.055176
92939617,0.0896,0.122803,1.040527
92944617,0.087402,0.123047,1.032227
92949617,0.091309,0.118896,1.031006
92954617,0.084717,0.111572,1.02832
92959617,0.084961,0.118408,1.046875
92964617,0.087646,0.118896,1.052002
92969617,0.085937,0.103516,1.02124
92974617,0.093018,0.104004,1.057617
92979617,0.096191,0.130615,1.075684
92984617,0.081055,0.112305,1.021484
92989617,0.089111,0.088623,0.990479
92994617,0.094727,0.125488,1.092529
92999617,0.092773,0.1521,1.106934
93004617,0.087158,0.111328,0.990967
93009617,0.081299,0.091309,0.990479
93014617,0.106201,0.136963,1.07373
93019617,0.105225,0.135986,1.059814
93024617,0.091553,0.100098,1.011475
93029617,0.08374,0.121582,1.048096
93034617,0.085205,0.133057,1.060791
93039617,0.085449,0.105713,1.01416
93044617,0.091553,0.101807,1.024414
93049617,0.095215,0.122314,1.077637
93054617,0.081543,0.119629,1.063477
93059617,0.080078,0.103027,1.015137
93064617,0.083496,0.120117,1.039307
93069617,0.092773,0.125244,1.049561
93074617,0.092041,0.116211,1.032715
93079617,0.094971,0.118652,1.036377
93084617,0.094727,0.126953,1.055664
93089617,0.086914,0.118164,1.023682
93094617,0.085937,0.111816,1.016846
93099617,0.091797,0.124512,1.05249
93104617,0.096191,0.118164,1.05542
93109617,0.086182,0.104248,1.037354
93114617,0.087158,0.108154,1.027832
93119617,0.092773,0.12085,1.05127
93124617,0.089844,0.105469,1.043701
93129617,0.089111,0.118896,1.053467
93134617,0.082031,0.119873,1.041016
93139617,0.083252,0.116699,1.034424
93144617,0.080078,0.110596,1.022949
93149617,0.100586,0.111816,1.008057
93154617,0.0979,0.108887,1.098389
93159617,0.096924,0.143799,1.081543
93164617,0.079102,0.114258,1.000732
93169617,0.086426,0.09082,0.973389
93174617,0.103516,0.11792,1.072021
93179617,0.096924,0.148437,1.107666
93184617,0.0896,0.116699,1.018311
93189617,0.076904,0.097656,0.989502
93194617,0.082275,0.124512,1.064453
93199617,0.098145,0.130859,1.051514
93204617,0.081055,0.100098,1.025146
93209617,0.085449,0.114746,1.050293
93214617,0.083008,0.133301,1.065674
93219617,0.079346,0.109619,1.019531
93224617,0.077148,0.106689,1.030762
93229617,0.094971,0.121826,1.056885
93234617,0.091797,0.114502,1.043945
93239617,0.091064,0.106934,1.033203
93244617,0.088379,0.12207,1.04126
93249617,0.0896,0.122803,1.042725
93254617,0.092529,0.110107,1.033447
93259617,0.095459,0.116211,1.043945
93264617,0.094238,0.118896,1.041016
93269617,0.09082,0.109863,1.04248
93274617,0.089111,0.114014,1.038574
93279617,0.089844,0.118652,1.045166
93284617,0.086914,0.116211,1.047363
93289617,0.087646,0.118652,1.046143
93294617,0.083984,0.115479,1.043213
93299617,0.085205,0.115723,1.039551
93304617,0.093018,0.113525,1.046387
93309617,0.091309,0.115479,1.049072
93314617,0.087402,0.114502,1.043213
93319617,0.088623,0.111328,1.038574
93324617,0.089355,0.117676,1.029785
93329617,0.093994,0.111084,1.048828
93334617,0.091797,0.11499,1.036133
93339617,0.086426,0.110596,1.026123
93344617,0.092773,0.118164,1.043701
93349617,0.084961,0.115723,1.040283
93354617,0.093262,0.110107,1.004883
93359617,0.091797,0.109863,1.081299
93364617,0.090088,0.139648,1.102051
93369617,0.08252,0.115479,0.99585
93374617,0.087158,0.08252,0.979248
93379617,0.100098,0.128662,1.084961
93384617,0.09375,0.147949,1.091309
93389617,0.085937,0.098877,0.987793
93394617,0.086426,0.095459,1.022461
93399617,0.092773,0.137939,1.093262
93404617,0.092041,0.113525,1.015381
93409617,0.094238,0.080078,0.991211
93414617,0.096191,0.121826,1.073486
93419617,0.0896,0.140625,1.088135
93424617,0.078125,0.099365,1.013672
93429617,0.077148,0.099121,1.000977
93434617,0.091309,0.12793,1.0625
93439617,0.094238,0.121582,1.057373
93444617,0.08667,0.103027,1.018066
93449617,0.088135,0.124023,1.053223
93454617,0.093018,0.132568,1.055664
93459617,0.092529,0.109375,1.018555
93464617,0.093262,0.107178,1.029297
93469617,0.096191,0.122314,1.060059
93474617,0.093506,0.11792,1.046387
93479617,0.085693,0.107666,1.024658
93484617,0.084961,0.119385,1.031738
93489617,0.090088,0.114502,1.046143
93494617,0.085693,0.112793,1.036621
93499617,0.093994,0.114258,1.044678
93504617,0.082275,0.116455,1.046143
93509617,0.081787,0.112061,1.030518
93514617,0.087158,0.12085,1.041504
93519617,0.088867,0.119385,1.046143
93524617,0.085449,0.118652,1.045166
93529617,0.086426,0.11792,1.039551
93534617,0.092773,0.119873,1.042236
93539617,0.086182,0.107178,1.024658
93544617,0.09375,0.119141,1.052002
93549617,0.090088,0.125244,1.071533
93554617,0.090088,0.121582,1.026611
93559617,0.090576,0.106445,1.013428
93564617,0.100342,0.112305,1.050537
93569617,0.093262,0.121582,1.053467
93574617,0.095947,0.104736,1.043213
93579617,0.084717,0.115479,1.026123
93584617,0.084961,0.116211,1.03833
93589617,0.091064,0.115234,1.029053
93594617,0.096191,0.109619,1.035645
93599617,0.071777,0.125,1.105713
93604617,0.080322,0.13208,1.0354
93609617,0.081787,0.087158,0.98877
93614617,0.083496,0.105957,1.040283
93619617,0.097412,0.137207,1.089844
93624617,0.094238,0.11377,1.031738
93629617,0.086426,0.099121,1.014404
93634617,0.092041,0.128662,1.061279
93639617,0.095215,0.124756,1.049316
93644617,0.089844,0.098633,1.001709
93649617,0.10083,0.116943,1.057129
93654617,0.091553,0.133301,1.06543
93659617,0.088135,0.115479,1.028564
93664617,0.080566,0.108154,1.018066
93669617,0.086914,0.127197,1.059814
93674617,0.080322,0.120361,1.045166
93679617,0.080566,0.102783,1.027588
93684617,0.083252,0.113037,1.044922
93689617,0.079834,0.118652,1.04541
93694617,0.085449,0.106445,1.029297
93699617,0.086914,0.114014,1.034668
93704617,0.092773,0.115967,1.051758
93709617,0.08667,0.112305,1.041504
93714617,0.092041,0.113281,1.016602
93719617,0.095459,0.121338,1.051514
93724617,0.099854,0.132568,1.072754
93729617,0.082764,0.114746,1.023193
93734617,0.092041,0.096436,0.991699
93739617,0.093506,0.116211,1.052002
93744617,0.091309,0.131104,1.091797
93749617,0.089844,0.115234,1.039551
93754617,0.081787,0.101318,1.015869
93759617,0.087158,0.125977,1.056396
93764617,0.085449,0.125,1.053467
93769617,0.088867,0.101807,1.021973
93774617,0.087402,0.116211,1.054932
93779617,0.08374,0.127197,1.047607
93784617,0.08667,0.112305,1.032471
93789617,0.085693,0.108643,1.017822
93794617,0.091553,0.121826,1.055176
93799617,0.095459,0.124268,1.055176
93804617,0.093262,0.11377,1.031006
93809617,0.091064,0.119629,1.049072
93814617,0.089111,0.122559,1.032471
93819617,0.084473,0.114258,1.026367
93824617,0.092773,0.115479,1.050537
93829617,0.090576,0.122314,1.06543
93834617,0.087646,0.121094,1.036377
93839617,0.081543,0.115967,1.019775
93844617,0.086426,0.117432,1.054443
93849617,0.092529,0.124023,1.057129
93854617,0.088867,0.109619,1.028809
93859617,0.088379,0.118408,1.037598
93864617,0.088135,0.120117,1.048584
93869617,0.096436,0.113037,1.03833
93874617,0.088379,0.115723,1.037109
93879617,0.088623,0.116455,1.040039
93884617,0.085205,0.119385,1.046143
93889617,0.087158,0.115479,1.041748
93894617,0.09082,0.111084,1.02832
93899617,0.090332,0.116455,1.039307
93904617,0.086182,0.121338,1.052246
93909617,0.090576,0.114746,1.042236
93914617,0.0896,0.111572,1.033936
93919617,0.086914,0.121338,1.049561
93924617,0.093018,0.116211,1.046387
93929617,0.086426,0.115723,1.027588
93934617,0.088867,0.120361,1.034668
93939617,0.090088,0.128174,1.069824
93944617,0.087158,0.123535,1.025879
93949617,0.084473,0.103516,1.00293
93954617,0.09082,0.113525,1.044434
93959617,0.100342,0.128174,1.071045
93964617,0.084717,0.113281,1.047607
93969617,0.083008,0.10376,1.036377
93974617,0.087402,0.12207,1.04126
93979617,0.092773,0.107422,1.017822
93984617,0.096924,0.107666,1.017578
93989617,0.097656,0.11792,1.050537
93994617,0.093994,0.131104,1.065918
93999617,0.08667,0.125732,1.034668
94004617,0.088867,0.121582,1.024414
94009617,0.094727,0.119629,1.031738
94014617,0.091797,0.11792,1.043945
94019617,0.091553,0.118652,1.042236
94024617,0.082764,0.119385,1.047363
94029617,0.08667,0.118896,1.046875
94034617,0.085205,0.11792,1.048096
94039617,0.091309,0.112305,1.03833
94044617,0.091797,0.108887,1.039795
94049617,0.09668,0.113037,1.048828
94054617,0.091797,0.119873,1.055908
94059617,0.083984,0.117676,1.041016
94064617,0.089355,0.114502,1.032227
94069617,0.091553,0.115479,1.054199
94074617,0.091064,0.117676,1.047607
94079617,0.092041,0.11499,1.033203
94084617,0.086426,0.115723,1.031738
94089617,0.078369,0.114014,1.029053
94094617,0.093262,0.124023,1.054199
94099617,0.082764,0.123535,1.074707
94104617,0.084473,0.116455,1.042969
94109617,0.090332,0.097656,1.004639
94114617,0.094971,0.100586,1.021484
94119617,0.100586,0.121826,1.065918
94124617,0.089111,0.124512,1.050049
94129617,0.08374,0.108887,1.026855
94134617,0.081543,0.115967,1.026611
94139617,0.094238,0.116943,1.034424
94144617,0.095703,0.114746,1.030273
94149617,0.094727,0.116943,1.046875
94154617,0.088379,0.131104,1.060547
94159617,0.078613,0.119629,1.039307
94164617,0.082764,0.112305,1.021484
94169617,0.09082,0.123047,1.047852
94174617,0.094238,0.120605,1.064209
94179617,0.097656,0.110107,1.038818
94184617,0.088623,0.114258,1.039551
94189617,0.085449,0.118164,1.033691
94194617,0.087891,0.113525,1.032959
94199617,0.088379,0.108887,1.0354
94204617,0.101807,0.11499,1.057861
94209617,0.096436,0.114258,1.064941
94214617,0.090332,0.116211,1.02002
94219617,0.090576,0.108643,1.016602
94224617,0.09082,0.125488,1.052734
94229617,0.086426,0.128906,1.061768
94234617,0.085449,0.11792,1.035889
94239617,0.087158,0.116455,1.033936
94244617,0.083984,0.123535,1.042969
94249617,0.086182,0.113281,1.035645
94254617,0.083496,0.108154,1.032471
94259617,0.087402,0.119629,1.051758
94264617,0.088379,0.118164,1.054199
94269617,0.083252,0.109375,1.031738
94274617,0.090332,0.110352,1.034424
94279617,0.0896,0.115723,1.04541
94284617,0.090576,0.11792,1.047363
94289617,0.084473,0.115967,1.031006
94294617,0.086914,0.111572,1.017578
94299617,0.096924,0.111328,1.062012
94304617,0.096191,0.141602,1.074707
94309617,0.082031,0.116211,1.011719
94314617,0.094238,0.101318,1.012451
94319617,0.099854,0.128174,1.072998
94324617,0.088379,0.130127,1.057861
94329617,0.08252,0.104736,1.003418
94334617,0.080322,0.107178,1.03833
94339617,0.093018,0.133301,1.083008
94344617,0.081787,0.112549,1.036621
94349617,0.079346,0.09375,1.009277
94354617,0.094482,0.122559,1.064453
94359617,0.094482,0.127441,1.065674
94364617,0.090576,0.108643,1.040283
94369617,0.095215,0.115479,1.037598
94374617,0.095703,0.127197,1.050781
94379617,0.09668,0.118652,1.039063
94384617,0.095459,0.110596,1.02417
94389617,0.091064,0.120117,1.045654
94394617,0.094727,0.118164,1.053711
94399617,0.08667,0.110352,1.032959
94404617,0.082031,0.110107,1.03125
94409617,0.091064,0.111572,1.040527
94414617,0.088623,0.114014,1.049072
94419617,0.091064,0.11377,1.05835
94424617,0.086182,0.125244,1.05542
94429617,0.072998,0.11084,1.040527
94434617,0.089355,0.113037,1.025146
94439617,0.087891,0.125488,1.042969
94444617,0.087402,0.119385,1.04834
94449617,0.094971,0.119141,1.043701
94454617,0.088135,0.126221,1.031738
94459617,0.092773,0.118164,1.037354
94464617,0.093262,0.120117,1.030273
94469617,0.091553,0.10791,1.035889
94474617,0.098145,0.121582,1.052979
94479617,0.087646,0.115479,1.037109
94484617,0.088867,0.109619,1.037598
94489617,0.081543,0.118896,1.03418
94494617,0.090088,0.11377,1.051025
94499617,0.087646,0.115479,1.040527
94504617,0.085937,0.111816,1.044678
94509617,0.084229,0.120361,1.030762
94514617,0.095703,0.113281,1.033936
94519617,0.0979,0.116211,1.039307
94524617,0.099609,0.129395,1.086914
94529617,0.083496,0.128418,1.027832
94534617,0.092529,0.105713,0.998779
94539617,0.096436,0.118652,1.040283
94544617,0.101074,0.131592,1.075195
94549617,0.085937,0.113281,1.025879
94554617,0.079102,0.104736,1.040283
94559617,0.084961,0.123779,1.049805
94564617,0.089844,0.109375,1.043457
94569617,0.088379,0.099121,1.019775
94574617,0.089355,0.118164,1.054932
94579617,0.0896,0.126709,1.058838
94584617,0.071533,0.106201,0.994873
94589617,0.084961,0.103027,1.023193
94594617,0.096924,0.141357,1.131104
94599617,0.093018,0.148682,1.051025
94604617,0.089355,0.0896,0.945312
94609617,0.0979,0.094727,0.995361
94614617,0.109863,0.146484,1.126709
94619617,0.097168,0.134277,1.078369
94624617,0.078857,0.0979,1.012451
94629617,0.078613,0.113037,1.0271
94634617,0.090088,0.115723,1.028564
94639617,0.095947,0.094727,1.018799
94644617,0.094482,0.108398,1.062744
94649617,0.091797,0.137451,1.104736
94654617,0.067139,0.120117,1.039063
94659617,0.073242,0.10376,0.997803
94664617,0.080322,0.125977,1.034424
94669617,0.096924,0.132324,1.060791
94674617,0.098877,0.11792,1.046875
94679617,0.0896,0.130127,1.040283
94684617,0.078613,0.128174,1.038574
94689617,0.084473,0.11792,1.02417
94694617,0.096436,0.113525,1.037598
94699617,0.107178,0.117432,1.060303
94704617,0.097412,0.113281,1.057617
94709617,0.088135,0.10791,1.029785
94714617,0.084473,0.106445,1.026611
94719617,0.085205,0.109131,1.04541
94724617,0.09082,0.107178,1.051025
94729617,0.0896,0.113281,1.045166
94734617,0.087402,0.117676,1.053955
94739617,0.086182,0.118896,1.026367
94744617,0.084961,0.118896,1.02832
94749617,0.084229,0.128906,1.050537
94754617,0.085205,0.126953,1.040039
94759617,0.084961,0.115967,1.019043
94764617,0.093994,0.120361,1.05249
94769617,0.092285,0.125732,1.062256
94774617,0.090576,0.108887,1.027588
94779617,0.084473,0.106445,1.025391
94784617,0.087402,0.118652,1.058594
94789617,0.09082,0.115479,1.044434
94794617,0.085205,0.102051,1.027588
94799617,0.090088,0.114746,1.046143
94804617,0.0896,0.117432,1.042236
94809617,0.08667,0.105469,1.028076
94814617,0.081787,0.113037,1.027344
94819617,0.091553,0.124756,1.04541
94824617,0.087646,0.116699,1.036133
94829617,0.095459,0.11377,1.036133
94834617,0.093994,0.128662,1.058594
94839617,0.089111,0.137939,1.046143
94844617,0.087646,0.108643,1.014893
94849617,0.094727,0.116699,1.041748
94854617,0.094238,0.124023,1.062744
94859617,0.098389,0.114746,1.030518
94864617,0.091064,0.101318,1.020508
94869617,0.092773,0.115967,1.051025
94874617,0.086914,0.116211,1.047607
94879617,0.084473,0.101318,1.026367
94884617,0.084473,0.109375,1.047852
94889617,0.086182,0.115967,1.054443
94894617,0.087891,0.113281,1.034668
94899617,0.087158,0.114014,1.033203
94904617,0.084473,0.125977,1.044434
94909617,0.092773,0.121094,1.037598
94914617,0.086914,0.119141,1.03418
94919617,0.093018,0.119629,1.043213
94924617,0.095703,0.123779,1.046631
94929617,0.092041,0.115234,1.036621
94934617,0.090088,0.116455,1.044678
94939617,0.084717,0.112061,1.025391
94944617,0.084961,0.106201,1.049316
94949617,0.092529,0.127441,1.074707
94954617,0.085205,0.117188,1.028809
94959617,0.093994,0.098389,0.999512
94964617,0.097656,0.117188,1.072998
94969617,0.090088,0.147217,1.0979
94974617,0.082275,0.114502,1.021484
94979617,0.07373,0.097412,1.000732
94984617,0.087158,0.134766,1.058594
94989617,0.094727,0.133057,1.047363
94994617,0.090332,0.100342,1.018555
94999617,0.095703,0.122314,1.053467
95004617,0.088623,0.135254,1.065186
95009617,0.080811,0.104248,1.01123
95014617,0.083984,0.106934,1.016602
95019617,0.092529,0.128174,1.054688
95024617,0.088867,0.120605,1.0625
95029617,0.084229,0.102539,1.031494
95034617,0.085205,0.118896,1.045654
95039617,0.082764,0.121094,1.039551
95044617,0.085693,0.11377,1.03418
95049617,0.096191,0.111816,1.046143
95054617,0.09082,0.127197,1.057129
95059617,0.086426,0.120605,1.032715
95064617,0.082275,0.116455,1.028076
95069617,0.093506,0.119629,1.038574
95074617,0.095703,0.123535,1.043213
95079617,0.093262,0.116943,1.031738
95084617,0.091797,0.122803,1.052734
95089617,0.090088,0.124512,1.057861
95094617,0.083496,0.111084,1.024658
95099617,0.083496,0.105713,1.018066
95104617,0.090332,0.115479,1.050537
95109617,0.089355,0.118164,1.058838
95114617,0.084717,0.111816,1.042969
95119617,0.083252,0.114258,1.041016
95124617,0.086182,0.120117,1.039063
95129617,0.087158,0.114502,1.030029
95134617,0.090576,0.119629,1.038574
95139617,0.090088,0.123047,1.04541
95144617,0.096191,0.124023,1.048584
95149617,0.086426,0.116943,1.024658
95154617,0.087891,0.118896,1.037109
95159617,0.094971,0.121094,1.038086
95164617,0.092285,0.111572,1.045898
95169617,0.089111,0.113281,1.041992
95174617,0.089844,0.112305,1.038818
95179617,0.08374,0.116943,1.037598
95184617,0.089111,0.11499,1.040527
95189617,0.089111,0.114746,1.043945
95194617,0.090576,0.11499,1.048828
95199617,0.085205,0.113525,1.048584
95204617,0.088135,0.114746,1.038574
95209617,0.088379,0.118164,1.036621
95214617,0.089844,0.115479,1.040771
95219617,0.091797,0.12085,1.044922
95224617,0.090088,0.121826,1.046875
95229617,0.093506,0.125,1.050781
95234617,0.092773,0.121826,1.043701
95239617,0.094482,0.116699,1.03125
95244617,0.088135,0.113281,1.043213
95249617,0.088623,0.116699,1.047852
95254617,0.096436,0.118164,1.043945
95259617,0.090088,0.110352,1.033447
95264617,0.089355,0.116943,1.04834
95269617,0.088379,0.11499,1.034424
95274617,0.088379,0.114258,1.037354
95279617,0.088623,0.12207,1.045166
95284617,0.088623,0.120361,1.049561
95289617,0.085937,0.115967,1.033691
95294617,0.085937,0.114014,1.033691
95299617,0.086426,0.122559,1.039795
95304617,0.086426,0.118164,1.027344
95309617,0.086426,0.115967,1.03833
95314617,0.094971,0.130371,1.049805
95319617,0.089111,0.125732,1.068604
95324617,0.091309,0.120117,1.043701
95329617,0.093018,0.106201,1.023682
95334617,0.097168,0.112061,1.052979
95339617,0.095215,0.119873,1.053711
95344617,0.09375,0.110352,1.030762
95349617,0.083984,0.108154,1.023438
95354617,0.092041,0.124023,1.047852
95359617,0.092041,0.117676,1.043457
95364617,0.09668,0.11084,1.027832
95369617,0.089355,0.118652,1.057373
95374617,0.089111,0.127441,1.05835
95379617,0.085693,0.113525,1.03418
95384617,0.087402,0.110107,1.033936
95389617,0.0896,0.120605,1.046875
95394617,0.093506,0.111816,1.052246
95399617,0.091553,0.108154,1.036865
95404617,0.091309,0.114502,1.055664
95409617,0.088379,0.115479,1.045166
95414617,0.084717,0.114014,1.035156
95419617,0.088135,0.114746,1.035645
95424617,0.09082,0.12207,1.063232
95429617,0.09375,0.124756,1.048096
95434617,0.087158,0.110107,1.02002
95439617,0.087646,0.113525,1.036621
95444617,0.098389,0.131592,1.0625
95449617,0.085449,0.118164,1.044189
95454617,0.086914,0.109619,1.030273
95459617,0.094971,0.119873,1.056396
95464617,0.088867,0.121338,1.038086
95469617,0.090332,0.102539,1.023926
95474617,0.088623,0.116211,1.043701
95479617,0.09082,0.125977,1.059082
95484617,0.083496,0.11377,1.0271
95489617,0.080566,0.110352,1.031982
95494617,0.087158,0.123779,1.053223
95499617,0.085205,0.11377,1.043701
95504617,0.085205,0.114746,1.038086
95509617,0.085693,0.121338,1.045898
95514617,0.087646,0.124268,1.046143
95519617,0.08252,0.114014,1.02124
95524617,0.091309,0.115479,1.043213
95529617,0.096924,0.124023,1.051025
95534617,0.094482,0.11377,1.041504
95539617,0.093506,0.114502,1.033691
95544617,0.090576,0.120117,1.054199
95549617,0.089844,0.116943,1.041504
95554617,0.088135,0.114258,1.037354
95559617,0.091797,0.114502,1.05127
95564617,0.084961,0.119629,1.053223
95569617,0.084229,0.112305,1.035156
95574617,0.081787,0.115234,1.030273
95579617,0.084961,0.114502,1.039063
95584617,0.088867,0.115723,1.050293
95589617,0.085937,0.121826,1.033447
95594617,0.095947,0.121338,1.045898
95599617,0.093262,0.121094,1.044189
95604617,0.090576,0.119385,1.034424
95609617,0.098633,0.117432,1.029053
95614617,0.099609,0.119873,1.043457
95619617,0.096436,0.124512,1.045654
95624617,0.091553,0.112793,1.041016
95629617,0.088867,0.116455,1.037109
95634617,0.095947,0.120117,1.048828
95639617,0.090088,0.112793,1.046387
95644617,0.086426,0.116211,1.036865
95649617,0.082764,0.114014,1.040283
95654617,0.084229,0.115723,1.045898
95659617,0.088135,0.115723,1.046143
95664617,0.087891,0.118164,1.038818
95669617,0.092041,0.116455,1.035889
95674617,0.085205,0.11792,1.043213
95679617,0.085937,0.119385,1.040283
95684617,0.0896,0.116211,1.03833
95689617,0.091797,0.118164,1.039307
95694617,0.093506,0.122559,1.044922
95699617,0.091553,0.115723,1.04248
95704617,0.087646,0.115234,1.041016
95709617,0.086182,0.112793,1.037109
95714617,0.087891,0.120117,1.044678
95719617,0.088135,0.115479,1.038086
95724617,0.088867,0.112549,1.037842
95729617,0.088867,0.120117,1.045166
95734617,0.083252,0.118652,1.040527
95739617,0.089844,0.120361,1.044922
95744617,0.083252,0.119873,1.038574
95749617,0.093018,0.115723,1.040527
95754617,0.091797,0.112549,1.043213
95759617,0.097168,0.118164,1.044189
95764617,0.089111,0.118896,1.035645
95769617,0.090088,0.109619,1.028076
95774617,0.091064,0.114258,1.035645
95779617,0.095459,0.122314,1.066162
95784617,0.077393,0.121094,1.038574
95789617,0.088623,0.108643,1.011963
95794617,0.089111,0.118652,1.0354
95799617,0.090332,0.129395,1.062744
95804617,0.085693,0.12207,1.050537
95809617,0.083984,0.112793,1.029053
95814617,0.089355,0.126953,1.041748
95819617,0.093506,0.12207,1.042969
95824617,0.085937,0.110596,1.021484
95829617,0.095459,0.116943,1.044189
95834617,0.094971,0.117432,1.063232
95839617,0.088379,0.106689,1.035889
95844617,0.09082,0.109863,1.030762
95849617,0.092041,0.119873,1.049561
95854617,0.088623,0.114258,1.041748
95859617,0.092285,0.112549,1.044922
95864617,0.0896,0.119629,1.03833
95869617,0.085449,0.114746,1.047119
95874617,0.080811,0.118408,1.045898
95879617,0.085937,0.119629,1.037109
95884617,0.093506,0.119141,1.040039
95889617,0.088379,0.122314,1.041504
95894617,0.09082,0.116699,1.053467
95899617,0.092529,0.119873,1.050293
95904617,0.091553,0.114746,1.032959
95909617,0.095215,0.110596,1.049805
95914617,0.093018,0.116211,1.043457
95919617,0.087402,0.113281,1.044434
95924617,0.089111,0.110596,1.042969
95929617,0.091553,0.116699,1.042725
95934617,0.088623,0.115479,1.046875
95939617,0.088135,0.11499,1.045654
95944617,0.082764,0.11792,1.04541
95949617,0.088135,0.118408,1.04248
95954617,0.086914,0.117188,1.043701
95959617,0.083984,0.121094,1.034668
95964617,0.086914,0.11792,1.040039
95969617,0.0896,0.121826,1.03833
95974617,0.081299,0.115967,1.032227
95979617,0.091309,0.114258,1.017334
95984617,0.092773,0.114502,1.056152
95989617,0.090088,0.133301,1.088623
95994617,0.084961,0.112793,1.020752
95999617,0.079834,0.096191,0.995605
96004617,0.089355,0.115479,1.054932
96009617,0.097656,0.128174,1.082764
96014617,0.087646,0.115479,1.055908
96019617,0.08252,0.115479,1.018799
96024617,0.083008,0.117188,1.017578
96029617,0.087891,0.116455,1.0354
96034617,0.093018,0.112793,1.054932
96039617,0.095459,0.119141,1.056396
96044617,0.086182,0.119873,1.038574
96049617,0.083008,0.116211,1.026123
96054617,0.088623,0.110352,1.031494
96059617,0.094971,0.117432,1.050293
96064617,0.092773,0.121094,1.05127
96069617,0.094482,0.112793,1.045654
96074617,0.086914,0.121582,1.041992
96079617,0.082031,0.108643,1.023682
96084617,0.093506,0.118896,1.055664
96089617,0.087402,0.121338,1.0354
96094617,0.096924,0.111084,1.052002
96099617,0.088867,0.119873,1.035156
96104617,0.092041,0.118408,1.034424
96109617,0.08667,0.115723,1.035156
96114617,0.094238,0.117188,1.049072
96119617,0.094238,0.115479,1.038086
96124617,0.091309,0.115234,1.050293
96129617,0.089844,0.113281,1.040283
96134617,0.085449,0.117188,1.037842
96139617,0.090088,0.115723,1.033447
96144617,0.090332,0.119141,1.054688
96149617,0.084717,0.121582,1.051758
96154617,0.085449,0.115234,1.041504
96159617,0.087891,0.120605,1.04248
96164617,0.088867,0.116699,1.043457
96169617,0.0896,0.116943,1.044434
96174617,0.090576,0.113525,1.045166
96179617,0.087646,0.116211,1.047607
96184617,0.09375,0.11377,1.049316
96189617,0.092529,0.116699,1.046143
96194617,0.084473,0.119873,1.030029
96199617,0.092285,0.107422,1.02417
96204617,0.095703,0.116211,1.051025
96209617,0.0896,0.121094,1.048828
96214617,0.084717,0.113525,1.027588
96219617,0.090576,0.116455,1.036133
96224617,0.088867,0.123291,1.047852
96229617,0.084473,0.115967,1.038086
96234617,0.089844,0.115234,1.036133
96239617,0.092285,0.122314,1.063232
96244617,0.083252,0.123291,1.033203
96249617,0.084229,0.112793,1.03418
96254617,0.093018,0.12085,1.047852
96259617,0.0896,0.116455,1.043701
96264617,0.090576,0.114258,1.039307
96269617,0.0896,0.111084,1.051025
96274617,0.08667,0.109375,1.037598
96279617,0.088379,0.115967,1.044434
96284617,0.090332,0.114502,1.039551
96289617,0.091064,0.115234,1.04541
96294617,0.091553,0.114014,1.05249
96299617,0.088135,0.123047,1.032471
96304617,0.085937,0.118164,1.0354
96309617,0.093262,0.118652,1.04248
96314617,0.091553,0.120605,1.031982
96319617,0.092285,0.120605,1.041748
96324617,0.093994,0.11792,1.052002
96329617,0.083496,0.114502,1.039551
96334617,0.0896,0.112061,1.040527
96339617,0.092285,0.116943,1.041016
96344617,0.089111,0.111816,1.046875
96349617,0.089355,0.111816,1.043213
96354617,0.093506,0.114258,1.047607
96359617,0.083496,0.118896,1.040283
96364617,0.090088,0.112305,1.041504
96369617,0.090576,0.119629,1.049561
96374617,0.089355,0.120605,1.044189
96379617,0.091797,0.115967,1.036865
96384617,0.091797,0.124268,1.041504
96389617,0.090088,0.118408,1.035645
96394617,0.091309,0.112061,1.031006
96399617,0.092773,0.119873,1.03833
96404617,0.09082,0.110596,1.026611
96409617,0.094482,0.119629,1.039063
96414617,0.089355,0.115479,1.053467
96419617,0.087402,0.118652,1.047607
96424617,0.077637,0.112305,1.014893
96429617,0.09082,0.098633,1.033936
96434617,0.088623,0.136475,1.115479
96439617,0.083496,0.124756,1.0354
96444617,0.082275,0.082031,0.950928
96449617,0.092773,0.109131,1.060547
96454617,0.097168,0.156006,1.107666
96459617,0.090332,0.119873,1.018066
96464617,0.08667,0.087158,1.001221
96469617,0.090332,0.137207,1.065186
96474617,0.099121,0.13623,1.052979
96479617,0.0896,0.093506,0.994385
96484617,0.09082,0.120117,1.056885
96489617,0.086182,0.137939,1.088379
96494617,0.080322,0.105469,1.02124
96499617,0.081055,0.099609,1.014648
96504617,0.086182,0.123291,1.060303
96509617,0.093018,0.119141,1.062988
96514617,0.085937,0.109131,1.024414
96519617,0.086914,0.120117,1.042725
96524617,0.091553,0.126221,1.053223
96529617,0.088135,0.111084,1.020996
96534617,0.094482,0.117188,1.0354
96539617,0.104248,0.126465,1.058594
96544617,0.093262,0.117676,1.039307
96549617,0.096924,0.114502,1.028809
96554617,0.090576,0.119141,1.04248
96559617,0.091797,0.120117,1.039063
96564617,0.087891,0.108643,1.038574
96569617,0.09082,0.120605,1.047363
96574617,0.088623,0.114258,1.045166
96579617,0.09082,0.112793,1.032715
96584617,0.077637,0.115234,1.041016
96589617,0.084229,0.119385,1.050293
96594617,0.08667,0.120117,1.046387
96599617,0.084717,0.113037,1.031494
96604617,0.090576,0.118896,1.05249
96609617,0.0896,0.120117,1.048096
96614617,0.089844,0.117188,1.039307
96619617,0.09375,0.118652,1.038086
96624617,0.093994,0.122803,1.035645
96629617,0.0896,0.112305,1.036377
96634617,0.091309,0.110596,1.030029
96639617,0.093994,0.116699,1.045166
96644617,0.095459,0.12085,1.049561
96649617,0.088135,0.116455,1.0354
96654617,0.082275,0.114502,1.0354
96659617,0.0896,0.117188,1.04126
96664617,0.087158,0.118652,1.04541
96669617,0.092041,0.117188,1.043701
96674617,0.087646,0.117188,1.049072
96679617,0.084229,0.119873,1.046631
96684617,0.088135,0.115234,1.035889
96689617,0.087891,0.121338,1.036621
96694617,0.090332,0.121094,1.042969
96699617,0.094971,0.119873,1.037598
96704617,0.09082,0.116211,1.036133
96709617,0.087646,0.11792,1.030273
96714617,0.092285,0.116943,1.048828
96719617,0.09375,0.117432,1.041748
96724617,0.089355,0.120117,1.051514
96729617,0.090088,0.117676,1.045654
96734617,0.090332,0.114258,1.041504
96739617,0.09082,0.118896,1.036865
96744617,0.095703,0.116699,1.052734
96749617,0.091309,0.121582,1.046631
96754617,0.086182,0.118896,1.032959
96759617,0.091797,0.115723,1.036621
96764617,0.09082,0.112305,1.03833
96769617,0.088867,0.115723,1.040771
96774617,0.089111,0.118164,1.034424
96779617,0.091797,0.116455,1.05127
96784617,0.087158,0.124023,1.033691
96789617,0.091309,0.112549,1.036621
96794617,0.082764,0.121094,1.030273
96799617,0.089111,0.115234,1.049561
96804617,0.084717,0.121826,1.041992
96809617,0.094238,0.128662,1.07251
96814617,0.087402,0.130127,1.065918
96819617,0.084961,0.117188,1.028076
96824617,0.095459,0.106689,1.040771
96829617,0.102051,0.108643,1.049316
96834617,0.096191,0.112793,1.035156
96839617,0.096924,0.112061,1.040039
96844617,0.084961,0.119385,1.044922
96849617,0.086426,0.12207,1.039307
96854617,0.091553,0.114746,1.032715
96859617,0.089111,0.119629,1.051758
96864617,0.089111,0.121094,1.042969
96869617,0.086182,0.112549,1.036133
96874617,0.087158,0.113525,1.030518
96879617,0.085693,0.12207,1.047119
96884617,0.077637,0.119873,1.043213
96889617,0.085937,0.122803,1.044434
96894617,0.090576,0.116943,1.045654
96899617,0.090332,0.115723,1.037598
96904617,0.081543,0.114746,1.035156
96909617,0.0896,0.115479,1.048828
96914617,0.092041,0.114746,1.043945
96919617,0.095703,0.114746,1.045898
96924617,0.094971,0.111572,1.046387
96929617,0.092041,0.118164,1.043457
96934617,0.093506,0.115723,1.035645
96939617,0.093262,0.117188,1.042236
96944617,0.091797,0.118164,1.050537
96949617,0.092773,0.120361,1.043213
96954617,0.082764,0.121338,1.040283
96959617,0.092285,0.118652,1.038574
96964617,0.088379,0.114746,1.039063
96969617,0.085693,0.11792,1.044434
96974617,0.09082,0.118164,1.041992
96979617,0.087158,0.114014,1.040039
96984617,0.087646,0.116211,1.051514
96989617,0.092285,0.113525,1.044189
96994617,0.088135,0.113525,1.030029
96999617,0.099854,0.115723,1.052246
97004617,0.092285,0.115967,1.036865
97009617,0.098145,0.119873,1.05127
97014617,0.08667,0.117432,1.043945
97019617,0.088623,0.122314,1.029297
97024617,0.092529,0.114502,1.050781
97029617,0.083496,0.121094,1.035889
97034617,0.087891,0.121582,1.05127
97039617,0.087891,0.119385,1.046875
97044617,0.081787,0.114502,1.023438
97049617,0.088867,0.118164,1.044434
97054617,0.097168,0.115479,1.047607
97059617,0.086182,0.114258,1.03833
97064617,0.090576,0.115234,1.032471
97069617,0.092285,0.114502,1.044189
97074617,0.089111,0.112305,1.034424
97079617,0.090332,0.114502,1.043457
97084617,0.092041,0.115723,1.036865
97089617,0.094727,0.119629,1.040283
97094617,0.093018,0.12085,1.044922
97099617,0.088867,0.116699,1.039795
97104617,0.088135,0.119385,1.044189
97109617,0.082764,0.115234,1.03418
97114617,0.08667,0.114502,1.029785
97119617,0.087158,0.12207,1.045654
97124617,0.089844,0.121094,1.05249
97129617,0.085693,0.118652,1.047607
97134617,0.084473,0.116455,1.031738
97139617,0.085937,0.108643,1.02832
97144617,0.094727,0.11377,1.047607
97149617,0.09668,0.113281,1.041016
97154617,0.089111,0.111572,1.025146
97159617,0.095459,0.110352,1.026611
97164617,0.094727,0.121826,1.039795
97169617,0.093262,0.122803,1.055908
97174617,0.092285,0.115723,1.040527
97179617,0.088379,0.11084,1.031738
97184617,0.088379,0.125488,1.038086
97189617,0.094482,0.115723,1.046143
97194617,0.088135,0.119141,1.037109
97199617,0.093506,0.125732,1.06543
97204617,0.08252,0.120117,1.060791
97209617,0.076416,0.112549,1.032471
97214617,0.08252,0.113525,1.026123
97219617,0.095703,0.112549,1.052002
97224617,0.094971,0.111328,1.049072
97229617,0.087402,0.117432,1.040771
97234617,0.08374,0.114746,1.033447
97239617,0.095459,0.116455,1.045166
97244617,0.089844,0.116943,1.034912
97249617,0.091309,0.119873,1.036133
97254617,0.092529,0.12085,1.035645
97259617,0.099365,0.114258,1.044678
97264617,0.091064,0.12207,1.045654
97269617,0.089844,0.112305,1.044678
97274617,0.087158,0.117188,1.03833
97279617,0.08667,0.121338,1.050537
97284617,0.087891,0.119141,1.033203
97289617,0.092285,0.113281,1.032471
97294617,0.087402,0.11084,1.044678
97299617,0.078613,0.117432,1.044678
97304617,0.080811,0.112549,1.033447
97309617,0.093262,0.108643,1.042969
97314617,0.091064,0.115479,1.050537
97319617,0.082031,0.122559,1.035889
97324617,0.086914,0.11377,1.028809
97329617,0.097412,0.118896,1.041748
97334617,0.087891,0.126465,1.050781
97339617,0.080566,0.124512,1.033447
97344617,0.094482,0.117188,1.039307
97349617,0.095459,0.118652,1.045898
97354617,0.089111,0.117676,1.037109
97359617,0.090088,0.117432,1.039063
97364617,0.094238,0.116699,1.039551
97369617,0.085205,0.117188,1.040039
97374617,0.0896,0.11499,1.035156
97379617,0.087402,0.114258,1.028809
97384617,0.087402,0.115479,1.035645
97389617,0.088135,0.122559,1.05957
97394617,0.083252,0.114258,1.034912
97399617,0.087891,0.109131,1.036621
97404617,0.095703,0.118652,1.045654
97409617,0.088135,0.124023,1.047607
97414617,0.091064,0.117676,1.046143
97419617,0.089111,0.114258,1.04248
97424617,0.088135,0.118164,1.041748
97429617,0.090332,0.123779,1.037109
97434617,0.090332,0.112061,1.030029
97439617,0.093506,0.110352,1.039795
97444617,0.091553,0.120605,1.07959
97449617,0.087891,0.12085,1.057373
97454617,0.088867,0.103271,1.01001
97459617,0.089111,0.102295,1.026367
97464617,0.095215,0.127441,1.074219
97469617,0.093018,0.117188,1.053955
97474617,0.090332,0.106934,1.02002
97479617,0.087402,0.123047,1.041748
97484617,0.091309,0.122803,1.049316
97489617,0.093506,0.105957,1.020996
97494617,0.094971,0.121338,1.04248
97499617,0.094727,0.126953,1.073486
97504617,0.089111,0.12207,1.040771
97509617,0.083984,0.113525,1.010498
97514617,0.094727,0.117676,1.048828
97519617,0.092529,0.117432,1.050781
97524617,0.087402,0.113525,1.043213
97529617,0.087646,0.119629,1.041504
97534617,0.084229,0.120605,1.037842
97539617,0.085693,0.109375,1.032227
97544617,0.088867,0.115234,1.029541
97549617,0.093018,0.123535,1.050537
97554617,0.090088,0.121826,1.042236
97559617,0.089111,0.118652,1.037842
97564617,0.088135,0.115967,1.047607
97569617,0.091064,0.124023,1.044434
97574617,0.091797,0.114746,1.029053
97579617,0.0896,0.116211,1.051025
97584617,0.09082,0.121094,1.048096
97589617,0.082275,0.11499,1.028809
97594617,0.08374,0.111816,1.044922
97599617,0.090088,0.118164,1.040771
97604617,0.093262,0.111816,1.050293
97609617,0.087891,0.108887,1.027344
97614617,0.092285,0.114258,1.039551
97619617,0.087402,0.114746,1.042236
97624617,0.083984,0.117188,1.029053
97629617,0.0896,0.11792,1.05127
97634617,0.099365,0.123291,1.049561
97639617,0.091553,0.108154,1.018555
97644617,0.099854,0.119873,1.054199
97649617,0.092529,0.119873,1.044189
97654617,0.091064,0.12207,1.055908
97659617,0.088623,0.112305,1.025146
97664617,0.093262,0.110596,1.035645
97669617,0.098145,0.118652,1.058105
97674617,0.084717,0.114014,1.032227
97679617,0.086914,0.108154,1.03418
97684617,0.088379,0.118652,1.049805
97689617,0.084961,0.116211,1.028564
97694617,0.086182,0.114502,1.037598
97699617,0.083252,0.114746,1.039551
97704617,0.088867,0.128174,1.055176
97709617,0.081299,0.115967,1.038086
97714617,0.084961,0.117432,1.0271
97719617,0.088379,0.12085,1.040771
97724617,0.092041,0.113525,1.049072
97729617,0.092529,0.122559,1.055664
97734617,0.090088,0.114014,1.033691
97739617,0.09082,0.111572,1.037842
97744617,0.090332,0.112549,1.030518
97749617,0.090576,0.111328,1.039307
97754617,0.093262,0.114746,1.040527
97759617,0.088867,0.112549,1.038818
97764617,0.086426,0.108887,1.040527
97769617,0.085693,0.119141,1.037354
97774617,0.086182,0.115967,1.035889
97779617,0.083008,0.121338,1.035889
97784617,0.088867,0.121094,1.047363
97789617,0.086914,0.121094,1.042236
97794617,0.088135,0.121094,1.038818
97799617,0.086182,0.119141,1.041748
97804617,0.087891,0.117432,1.04541
97809617,0.091064,0.115479,1.036621
97814617,0.085449,0.119385,1.036133
97819617,0.092041,0.114014,1.039063
97824617,0.092285,0.115234,1.032959
97829617,0.084473,0.11084,1.040283
97834617,0.086426,0.114502,1.042969
97839617,0.091553,0.114746,1.039307
97844617,0.090088,0.113281,1.0354
97849617,0.087646,0.116943,1.045654
97854617,0.089844,0.117188,1.043945
97859617,0.087891,0.119385,1.033203
97864617,0.088379,0.118896,1.035645
97869617,0.086182,0.120605,1.038086
97874617,0.084961,0.117676,1.024658
97879617,0.081543,0.108154,1.011963
97884617,0.091309,0.108154,1.065918
97889617,0.094238,0.144043,1.081055
97894617,0.085693,0.111084,1.008057
97899617,0.09375,0.099854,1.030762
97904617,0.10083,0.130371,1.095947
97909617,0.093018,0.120117,1.053223
97914617,0.093506,0.090576,0.986328
97919617,0.097168,0.112793,1.033936
97924617,0.095703,0.128174,1.066895
97929617,0.090576,0.110352,1.025635
97934617,0.086182,0.116699,1.03125
97939617,0.090576,0.135254,1.074707
97944617,0.081299,0.119385,1.039551
97949617,0.08252,0.104736,1.004883
97954617,0.084229,0.118652,1.046143
97959617,0.085205,0.125244,1.068604
97964617,0.083984,0.106934,1.031738
97969617,0.084229,0.11499,1.032959
97974617,0.083984,0.123535,1.050293
97979617,0.088867,0.115234,1.031738
97984617,0.094482,0.108887,1.023438
97989617,0.099121,0.114258,1.046387
97994617,0.098633,0.118652,1.051025
97999617,0.090332,0.112305,1.028809
98004617,0.08667,0.114014,1.036377
98009617,0.091797,0.127197,1.043213
98014617,0.0979,0.117432,1.049072
98019617,0.089844,0.114258,1.029785
98024617,0.088379,0.119629,1.036865
98029617,0.082031,0.114258,1.035889
98034617,0.080811,0.117188,1.045654
98039617,0.07666,0.125,1.046875
98044617,0.085937,0.119141,1.053955
98049617,0.08252,0.110107,1.029785
98054617,0.084961,0.111084,1.034668
98059617,0.090576,0.118896,1.05249
98064617,0.094727,0.121094,1.043701
98069617,0.090576,0.11377,1.043457
98074617,0.096191,0.123047,1.049805
98079617,0.093018,0.122314,1.038818
98084617,0.100342,0.106689,1.018066
98089617,0.098145,0.111084,1.040527
98094617,0.101318,0.121582,1.058105
98099617,0.087402,0.115479,1.031982
98104617,0.081055,0.115723,1.037598
98109617,0.086182,0.121826,1.041016
98114617,0.086914,0.115967,1.033936
98119617,0.092285,0.108154,1.045166
98124617,0.090332,0.116455,1.054688
98129617,0.086182,0.122314,1.046387
98134617,0.079102,0.120117,1.028076
98139617,0.083496,0.12207,1.0354
98144617,0.086182,0.121094,1.043945
98149617,0.092041,0.115479,1.042725
98154617,0.095215,0.113525,1.039551
98159617,0.092285,0.11792,1.043945
98164617,0.092041,0.120605,1.036377
98169617,0.091309,0.116699,1.037842
98174617,0.0896,0.114746,1.051758
98179617,0.098145,0.114258,1.04126
98184617,0.087891,0.114502,1.035645
98189617,0.08374,0.110352,1.026367
98194617,0.084961,0.114502,1.045654
98199617,0.08667,0.128418,1.063965
98204617,0.080322,0.135254,1.061523
98209617,0.076416,0.10791,1.025879
98214617,0.092041,0.112549,1.03125
98219617,0.093994,0.130371,1.070557
98224617,0.090088,0.120605,1.035645
98229617,0.091797,0.10498,1.014648
98234617,0.092773,0.121826,1.051514
98239617,0.089111,0.128174,1.052979
98244617,0.09082,0.106201,1.026611
98249617,0.09668,0.11084,1.037354
98254617,0.092529,0.116699,1.05542
98259617,0.087158,0.108643,1.049805
98264617,0.080811,0.108643,1.036865
98269617,0.080566,0.122314,1.049561
98274617,0.080811,0.115479,1.036377
98279617,0.087646,0.113281,1.045166
98284617,0.095703,0.132568,1.063965
98289617,0.087402,0.120117,1.025879
98294617,0.0896,0.110107,1.02002
98299617,0.095459,0.126953,1.052979
98304617,0.092041,0.125244,1.061279
98309617,0.087402,0.109375,1.02832
98314617,0.093018,0.113281,1.036377
98319617,0.099365,0.119629,1.058105
98324617,0.097656,0.10791,1.03125
98329617,0.092773,0.105713,1.028076
98334617,0.085693,0.119629,1.060547
98339617,0.088379,0.121826,1.041748
98344617,0.087646,0.10376,1.028809
98349617,0.090088,0.120361,1.038818
98354617,0.092529,0.128174,1.048828
98359617,0.082031,0.120117,1.040039
98364617,0.083496,0.116699,1.038086
98369617,0.085937,0.124023,1.052002
98374617,0.087402,0.115234,1.043945
98379617,0.088135,0.116943,1.024902
98384617,0.091797,0.124023,1.043701
98389617,0.089355,0.121338,1.061768
98394617,0.085693,0.109619,1.025391
98399617,0.092041,0.095215,1.008545
98404617,0.096436,0.112793,1.056641
98409617,0.093506,0.126709,1.0625
98414617,0.083496,0.107422,1.022949
98419617,0.093262,0.112305,1.033203
98424617,0.083008,0.121582,1.04834
98429617,0.085449,0.115234,1.032227
98434617,0.0896,0.113037,1.032959
98439617,0.089111,0.132568,1.05957
98444617,0.086914,0.124268,1.054199
98449617,0.084961,0.109619,1.020996
98454617,0.082764,0.105713,1.029053
98459617,0.093994,0.120605,1.052734
98464617,0.087402,0.116943,1.039307
98469617,0.093018,0.114746,1.03125
98474617,0.095703,0.117188,1.047607
98479617,0.089355,0.115967,1.049561
98484617,0.090332,0.11499,1.029785
98489617,0.088379,0.119385,1.040283
98494617,0.091553,0.124512,1.055176
98499617,0.084717,0.121338,1.049805
98504617,0.084961,0.119141,1.033447
98509617,0.081543,0.124512,1.039063
98514617,0.08667,0.121094,1.049561
98519617,0.086914,0.111816,1.038086
98524617,0.089355,0.119141,1.041504
98529617,0.09375,0.119141,1.052734
98534617,0.0896,0.114746,1.033447
98539617,0.090088,0.111572,1.032715
98544617,0.097412,0.119385,1.03418
98549617,0.091553,0.112549,1.04248
98554617,0.094971,0.11377,1.044434
98559617,0.089844,0.118896,1.039551
98564617,0.08667,0.12085,1.035645
98569617,0.093018,0.116455,1.038086
98574617,0.089111,0.120605,1.038818
98579617,0.092529,0.118164,1.055908
98584617,0.084229,0.119141,1.051025
98589617,0.081787,0.118652,1.032959
98594617,0.088867,0.115234,1.03418
98599617,0.090088,0.116699,1.035645
98604617,0.092041,0.11499,1.045898
98609617,0.10083,0.120361,1.020508
98614617,0.090088,0.112549,1.055664
98619617,0.092529,0.12915,1.065186
98624617,0.08667,0.119141,1.019775
98629617,0.087402,0.0979,1.003418
98634617,0.094971,0.120361,1.069336
98639617,0.090576,0.12915,1.075684
98644617,0.085693,0.10791,1.015869
98649617,0.08252,0.114746,1.020264
98654617,0.090088,0.130371,1.059326
98659617,0.088379,0.119873,1.0354
98664617,0.088379,0.102051,1.02832
98669617,0.092285,0.120361,1.0625
98674617,0.087158,0.120117,1.042725
98679617,0.090332,0.107422,1.022705
98684617,0.085693,0.115234,1.036621
98689617,0.094238,0.126953,1.061523
98694617,0.088379,0.113525,1.035156
98699617,0.093506,0.109131,1.041992
98704617,0.085937,0.125488,1.030029
98709617,0.087646,0.109619,1.034668
98714617,0.085693,0.118896,1.047119
98719617,0.089111,0.117432,1.045166
98724617,0.087646,0.121826,1.055664
98729617,0.085449,0.114746,1.024414
98734617,0.090576,0.119629,1.03833
98739617,0.089355,0.122559,1.047363
98744617,0.089844,0.119873,1.040039
98749617,0.083252,0.118896,1.033203
98754617,0.087646,0.123779,1.044189
98759617,0.083496,0.116455,1.036377
98764617,0.089355,0.109375,1.033691
98769617,0.091553,0.118652,1.049805
98774617,0.086182,0.121826,1.046143
98779617,0.084961,0.114746,1.042725
98784617,0.089111,0.117188,1.037842
98789617,0.090332,0.124756,1.04248
98794617,0.091309,0.119873,1.038818
98799617,0.092529,0.118652,1.040039
98804617,0.091553,0.117676,1.036865
98809617,0.087158,0.115967,1.040283
98814617,0.084229,0.115967,1.028809
98819617,0.095947,0.11792,1.044189
98824617,0.088135,0.121094,1.043213
98829617,0.085449,0.117432,1.034424
98834617,0.085205,0.118164,1.034668
98839617,0.08252,0.117188,1.027832
98844617,0.084961,0.115234,1.037598
98849617,0.087402,0.125732,1.063965
98854617,0.087646,0.122559,1.044678
98859617,0.080566,0.102051,0.999512
98864617,0.088623,0.112061,1.029785
98869617,0.0896,0.131592,1.074463
98874617,0.084229,0.121338,1.048584
98879617,0.083008,0.11377,1.031738
98884617,0.087646,0.122559,1.043457
98889617,0.095947,0.117676,1.048584
98894617,0.097656,0.108887,1.024902
98899617,0.092285,0.118164,1.051025
98904617,0.091553,0.126221,1.0625
98909617,0.084717,0.113281,1.019531
98914617,0.085205,0.106689,1.025146
98919617,0.095947,0.119629,1.055176
98924617,0.093018,0.119385,1.051514
98929617,0.085937,0.107178,1.028809
98934617,0.083496,0.117188,1.031738
98939617,0.082275,0.123047,1.046631
98944617,0.083496,0.117188,1.026367
98949617,0.087891,0.121582,1.037109
98954617,0.091309,0.124023,1.049805
98959617,0.090332,0.118896,1.039795
98964617,0.087646,0.115723,1.028076
98969617,0.084229,0.119385,1.030518
98974617,0.091797,0.118408,1.040039
98979617,0.094482,0.11792,1.04541
98984617,0.092529,0.124268,1.038086
98989617,0.09082,0.11792,1.036865
98994617,0.094482,0.110352,1.03418
98999617,0.094238,0.113037,1.047607
99004617,0.087891,0.117676,1.057861
99009617,0.088623,0.116211,1.047119
99014617,0.084961,0.118408,1.040283
99019617,0.091309,0.119385,1.052002
99024617,0.089355,0.120605,1.032471
99029617,0.087158,0.112549,1.046387
99034617,0.088135,0.122803,1.050537
99039617,0.08667,0.118896,1.036865
99044617,0.086914,0.112549,1.033203
99049617,0.085937,0.12085,1.049316
99054617,0.088867,0.117432,1.046875
99059617,0.088867,0.11499,1.032227
99064617,0.089355,0.119629,1.038086
99069617,0.08667,0.116943,1.040283
99074617,0.092285,0.114502,1.041748
99079617,0.089111,0.115479,1.041748
99084617,0.091064,0.120361,1.046875
99089617,0.088867,0.122314,1.036621
99094617,0.090576,0.118164,1.041504
99099617,0.091553,0.114746,1.037109
99104617,0.088135,0.117432,1.041504
99109617,0.091064,0.117432,1.045166
99114617,0.086182,0.119629,1.04541
99119617,0.087402,0.116699,1.043457
99124617,0.086426,0.117188,1.035645
99129617,0.087646,0.111084,1.035889
99134617,0.090576,0.118652,1.041016
99139617,0.092773,0.120605,1.045898
99144617,0.087158,0.119141,1.0354
99149617,0.087402,0.112305,1.021729
99154617,0.0896,0.119629,1.04248
99159617,0.095459,0.126221,1.063965
99164617,0.087646,0.122803,1.055908
99169617,0.087158,0.115723,1.022217
99174617,0.091553,0.114014,1.028564
99179617,0.096924,0.113281,1.04541
99184617,0.095947,0.11377,1.045166
99189617,0.091309,0.110107,1.034912
99194617,0.086914,0.120361,1.044922
99199617,0.083252,0.117676,1.040527
99204617,0.081787,0.114258,1.022217
99209617,0.092041,0.112793,1.03833
99214617,0.094727,0.119629,1.060303
99219617,0.088867,0.118408,1.048584
99224617,0.082764,0.118164,1.026855
99229617,0.09082,0.118408,1.043945
99234617,0.087891,0.120361,1.030518
99239617,0.097412,0.117676,1.040527
99244617,0.098633,0.121338,1.055176
99249617,0.091797,0.120605,1.037354
99254617,0.089844,0.12085,1.031006
99259617,0.086426,0.117432,1.032959
99264617,0.089844,0.113525,1.041992
99269617,0.091309,0.116211,1.047607
99274617,0.087402,0.116211,1.049805
99279617,0.07373,0.12085,1.033691
99284617,0.073486,0.116455,1.033691
99289617,0.083008,0.118896,1.043945
99294617,0.092041,0.117188,1.06543
99299617,0.091309,0.120605,1.054688
99304617,0.084229,0.116943,1.032959
99309617,0.086914,0.110352,1.037109
99314617,0.090088,0.114502,1.03125
99319617,0.096191,0.103027,1.018555
99324617,0.100586,0.105957,1.030518
99329617,0.105225,0.120361,1.055664
99334617,0.095459,0.117432,1.043213
99339617,0.096191,0.104004,1.011719
99344617,0.094971,0.110107,1.029297
99349617,0.092773,0.12207,1.051758
99354617,0.093994,0.118652,1.028076
99359617,0.080322,0.115723,1.074951
99364617,0.080322,0.14209,1.063477
99369617,0.079346,0.107422,1.001465
99374617,0.081543,0.099365,1.012939
99379617,0.089355,0.131104,1.085938
99384617,0.087891,0.128906,1.063965
99389617,0.080078,0.103027,1.009277
99394617,0.07666,0.118652,1.035156
99399617,0.087646,0.134766,1.063721
99404617,0.095703,0.11084,1.013428
99409617,0.095459,0.108154,1.031738
99414617,0.0979,0.128174,1.066162
99419617,0.088379,0.11792,1.036377
99424617,0.089844,0.10498,1.016602
99429617,0.090088,0.118408,1.04126
99434617,0.097412,0.121582,1.054932
99439617,0.091553,0.112549,1.034912
99444617,0.085205,0.116211,1.042969
99449617,0.084961,0.120361,1.045898
99454617,0.085693,0.112793,1.036621
99459617,0.083496,0.123291,1.045898
99464617,0.090332,0.117188,1.043945
99469617,0.09082,0.115723,1.036133
99474617,0.085449,0.118164,1.042969
99479617,0.086426,0.121582,1.042969
99484617,0.087158,0.11792,1.040039
99489617,0.093994,0.117676,1.036133
99494617,0.095459,0.120605,1.04126
99499617,0.092041,0.118408,1.045654
99504617,0.089111,0.11084,1.032227
99509617,0.091553,0.11499,1.044189
99514617,0.089355,0.121582,1.036621
99519617,0.090576,0.115723,1.038818
99524617,0.09082,0.119141,1.040039
99529617,0.091309,0.11499,1.041016
99534617,0.086426,0.11792,1.036377
99539617,0.085693,0.116455,1.039063
99544617,0.085937,0.12207,1.036865
99549617,0.084961,0.111328,1.030273
99554617,0.087158,0.118652,1.043457
99559617,0.093018,0.125244,1.06958
99564617,0.081787,0.120605,1.037109
99569617,0.08374,0.106201,1.007813
99574617,0.092773,0.118164,1.041016
99579617,0.095459,0.126709,1.069092
99584617,0.084961,0.117188,1.037109
99589617,0.0896,0.112549,1.026611
99594617,0.090332,0.121582,1.05127
99599617,0.089355,0.12207,1.039063
99604617,0.087646,0.106201,1.019531
99609617,0.092529,0.117432,1.044922
99614617,0.091064,0.122314,1.059326
99619617,0.085205,0.112305,1.031006
99624617,0.083008,0.111572,1.020264
99629617,0.089355,0.122559,1.069336
99634617,0.091309,0.120117,1.043701
99639617,0.082764,0.106689,1.021729
99644617,0.085205,0.121582,1.051514
99649617,0.081787,0.127686,1.050537
99654617,0.08667,0.109619,1.021729
99659617,0.082764,0.112549,1.037598
99664617,0.094727,0.123047,1.050781
99669617,0.085693,0.116699,1.049805
99674617,0.08667,0.11084,1.020996
99679617,0.085449,0.119873,1.043457
99684617,0.088135,0.117676,1.047119
99689617,0.091064,0.115234,1.033691
99694617,0.094238,0.108887,1.041992
99699617,0.0896,0.118164,1.053467
99704617,0.0896,0.120117,1.047852
99709617,0.078613,0.116699,1.026367
99714617,0.086426,0.118164,1.032959
99719617,0.089844,0.116699,1.04541
99724617,0.09082,0.118408,1.044189
99729617,0.092041,0.120117,1.048096
99734617,0.088135,0.121582,1.042236
99739617,0.086426,0.118896,1.038818
99744617,0.087158,0.121582,1.03833
99749617,0.094238,0.118164,1.046631
99754617,0.092041,0.118652,1.041992
99759617,0.089355,0.119629,1.037354
99764617,0.091309,0.116455,1.040527
99769617,0.088135,0.114502,1.040283
99774617,0.087158,0.118164,1.036133
99779617,0.089355,0.114746,1.041748
99784617,0.088379,0.114746,1.036133
99789617,0.086914,0.116455,1.037598
99794617,0.084717,0.112793,1.039307
99799617,0.084229,0.115234,1.041748
99804617,0.085693,0.115967,1.042236
99809617,0.087402,0.117188,1.037598
99814617,0.087646,0.114746,1.036865
99819617,0.084961,0.115967,1.037842
99824617,0.093262,0.116699,1.038818
99829617,0.088623,0.118652,1.03418
99834617,0.0896,0.125,1.047852
99839617,0.09668,0.128174,1.056152
99844617,0.091553,0.122314,1.045166
99849617,0.091064,0.114258,1.032959
99854617,0.093262,0.11377,1.034668
99859617,0.092285,0.112061,1.051514
99864617,0.092773,0.109131,1.030273
99869617,0.087402,0.107178,1.052734
99874617,0.08252,0.120605,1.052002
99879617,0.08374,0.117432,1.045654
99884617,0.081787,0.117188,1.030273
99889617,0.083008,0.117188,1.03125
99894617,0.091309,0.11377,1.04541
99899617,0.086426,0.118896,1.0354
99904617,0.086182,0.120605,1.044678
99909617,0.083008,0.124512,1.04834
99914617,0.08374,0.124756,1.036865
99919617,0.091553,0.111572,1.034668
99924617,0.088623,0.11499,1.046143
99929617,0.088867,0.116211,1.045654
99934617,0.087891,0.113037,1.032227
99939617,0.085205,0.114014,1.039795
99944617,0.092773,0.116455,1.048584
99949617,0.091064,0.116943,1.033936
99954617,0.09375,0.114746,1.045166
99959617,0.094238,0.115723,1.044678
99964617,0.089355,0.115479,1.044678
99969617,0.089355,0.119141,1.043945
99974617,0.084961,0.121094,1.044678
99979617,0.087646,0.12085,1.05542
99984617,0.09375,0.115967,1.039795
99989617,0.091309,0.120117,1.036133
99994617,0.09082,0.125,1.058594
99999617,0.092285,0.121094,1.036621
100004617,0.086182,0.114502,1.024658
100009617,0.092285,0.124756,1.060791
100014617,0.091797,0.120605,1.056152
100019617,0.085205,0.104492,1.025146
100024617,0.088623,0.109863,1.038818
100029617,0.090332,0.120605,1.056396
100034617,0.084961,0.111084,1.037354
100039617,0.083008,0.116943,1.032471
100044617,0.087158,0.120117,1.050537
100049617,0.086182,0.115967,1.039795
100054617,0.084473,0.113037,1.026123
100059617,0.087402,0.119385,1.042969
100064617,0.090088,0.119629,1.047852
100069617,0.087646,0.115967,1.032227
100074617,0.08374,0.12207,1.039551
100079617,0.0896,0.122559,1.048584
100084617,0.087646,0.113525,1.040527
100089617,0.092285,0.11377,1.03125
100094617,0.08667,0.116211,1.031006
100099617,0.092773,0.112793,1.024414
100104617,0.089844,0.120605,1.080566
100109617,0.084717,0.130859,1.053467
100114617,0.08252,0.104492,1.002197
100119617,0.091309,0.10083,1.026123
100124617,0.100342,0.129883,1.078369
100129617,0.086182,0.115723,1.062256
100134617,0.085693,0.11084,1.03125
100139617,0.077637,0.126221,1.049805
100144617,0.078857,0.115967,1.017334
100149617,0.09375,0.103027,1.017578
100154617,0.103271,0.130371,1.100342
100159617,0.083252,0.142578,1.072266
100164617,0.084717,0.101563,0.980225
100169617,0.083984,0.101318,1.027588
100174617,0.092041,0.139893,1.08667
100179617,0.097656,0.123291,1.039307
100184617,0.094727,0.088867,1.001221
100189617,0.09375,0.12793,1.057373
100194617,0.091309,0.138428,1.049805
100199617,0.08374,0.095947,1.003174
100204617,0.0896,0.112549,1.043213
100209617,0.09668,0.133057,1.079834
100214617,0.088623,0.105469,1.029053
100219617,0.079102,0.098389,1.008545
100224617,0.085449,0.127686,1.053955
100229617,0.090332,0.115723,1.046143
100234617,0.086182,0.108887,1.043213
100239617,0.083252,0.125732,1.057617
100244617,0.089111,0.12207,1.033691
100249617,0.087402,0.109375,1.023438
100254617,0.093506,0.123535,1.040039
100259617,0.088379,0.124268,1.052979
100264617,0.091309,0.111816,1.042236
100269617,0.094238,0.110596,1.036377
100274617,0.090576,0.118408,1.033203
100279617,0.093262,0.11377,1.039307
100284617,0.094727,0.115967,1.040527
100289617,0.093018,0.119141,1.049561
100294617,0.089844,0.11499,1.041504
100299617,0.084717,0.11377,1.033691
100304617,0.085449,0.119629,1.045654
100309617,0.082275,0.120117,1.045654
100314617,0.087891,0.116943,1.035889
100319617,0.0896,0.123047,1.045898
100324617,0.086182,0.125488,1.041504
100329617,0.089844,0.121338,1.033936
100334617,0.09082,0.119873,1.032227
100339617,0.097412,0.113037,1.047852
100344617,0.102539,0.124268,1.048096
100349617,0.098145,0.121094,1.035156
100354617,0.097656,0.111328,1.029541
100359617,0.0979,0.122559,1.043457
100364617,0.093506,0.118408,1.045654
100369617,0.088623,0.107666,1.028564
100374617,0.090576,0.111328,1.03418
100379617,0.082275,0.117676,1.051514
100384617,0.086182,0.113037,1.04126
100389617,0.084961,0.118652,1.032227
100394617,0.080566,0.122803,1.05542
100399617,0.085449,0.125244,1.031006
100404617,0.085205,0.125244,1.066406
100409617,0.085449,0.145264,1.071045
100414617,0.086914,0.114014,0.994385
100419617,0.093506,0.093018,1.007813
100424617,0.100586,0.125732,1.083496
100429617,0.100098,0.130127,1.069336
100434617,0.084473,0.095459,1.014648
100439617,0.084473,0.107178,1.022949
100444617,0.089111,0.124756,1.060791
100449617,0.090576,0.104248,1.032227
100454617,0.086914,0.097656,1.031494
100459617,0.09082,0.121094,1.061035
100464617,0.083008,0.121826,1.051758
100469617,0.072998,0.112061,1.012451
100474617,0.088135,0.118652,1.026367
100479617,0.094482,0.13208,1.067139
100484617,0.097412,0.127197,1.050781
100489617,0.093262,0.117188,1.019531
100494617,0.093262,0.122803,1.035889
100499617,0.091064,0.122559,1.045166
100504617,0.09375,0.111572,1.032959
100509617,0.090332,0.11377,1.034668
100514617,0.093262,0.118652,1.054199
100519617,0.09375,0.108398,1.042725
100524617,0.08667,0.106445,1.029053
100529617,0.081299,0.116943,1.046387
100534617,0.08667,0.117432,1.055908
100539617,0.081543,0.115234,1.041748
100544617,0.080811,0.116699,1.014893
100549617,0.089355,0.120117,1.050049
100554617,0.091309,0.135742,1.084717
100559617,0.079346,0.128662,1.031738
100564617,0.088135,0.10376,0.992187
100569617,0.094238,0.118652,1.060303
100574617,0.094971,0.135986,1.08252
100579617,0.092529,0.11377,1.034424
100584617,0.087402,0.106201,1.001709
100589617,0.095703,0.122559,1.062256
100594617,0.091309,0.111572,1.030762
100599617,0.09668,0.091553,1.014893
100604617,0.094971,0.116211,1.070557
100609617,0.083008,0.135986,1.081787
100614617,0.081543,0.102051,1.019531
100619617,0.085205,0.09668,1.004639
100624617,0.091064,0.123535,1.064697
100629617,0.094971,0.122803,1.066895
100634617,0.089355,0.11084,1.024902
100639617,0.08374,0.121582,1.04541
100644617,0.08374,0.129883,1.063232
100649617,0.084717,0.113037,1.021973
100654617,0.094971,0.110107,1.040771
100659617,0.094971,0.125732,1.064209
100664617,0.093018,0.113281,1.042725
100669617,0.090576,0.110352,1.025635
100674617,0.091553,0.112549,1.034668
100679617,0.091064,0.119385,1.041016
100684617,0.09082,0.111572,1.032227
100689617,0.087891,0.109619,1.05127
100694617,0.088623,0.118652,1.039307
100699617,0.08374,0.113281,1.041504
100704617,0.083984,0.107666,1.028564
100709617,0.090088,0.118408,1.048096
100714617,0.092285,0.121094,1.047852
100719617,0.091797,0.119385,1.043945
100724617,0.090332,0.120605,1.037109
100729617,0.08667,0.12085,1.035645
100734617,0.09375,0.119873,1.032959
100739617,0.09668,0.120605,1.041748
100744617,0.095215,0.118164,1.048584
100749617,0.091797,0.112793,1.039063
100754617,0.088867,0.113525,1.03833
100759617,0.086914,0.110596,1.035156
100764617,0.09082,0.113037,1.043213
100769617,0.088623,0.11499,1.042725
100774617,0.08374,0.116455,1.040039
100779617,0.085693,0.115479,1.030762
100784617,0.083252,0.115723,1.046387
100789617,0.093994,0.122559,1.039795
100794617,0.089844,0.114746,1.050293
100799617,0.091309,0.124512,1.048096
100804617,0.086426,0.125244,1.040283
100809617,0.086426,0.111328,1.034668
100814617,0.092285,0.120117,1.048096
100819617,0.088623,0.120117,1.047363
100824617,0.093018,0.116943,1.030273
100829617,0.084717,0.110596,1.026123
100834617,0.089111,0.114746,1.040283
100839617,0.088623,0.116211,1.035889
100844617,0.091797,0.113525,1.03418
100849617,0.090576,0.119629,1.035156
100854617,0.084229,0.118408,1.038574
100859617,0.088135,0.111816,1.029541
100864617,0.08667,0.112061,1.039307
100869617,0.094727,0.126953,1.057373
100874617,0.087402,0.130615,1.054688
100879617,0.090576,0.119141,1.022217
100884617,0.091309,0.11377,1.021973
100889617,0.096924,0.127686,1.050781
100894617,0.093506,0.123291,1.039307
100899617,0.093994,0.108887,1.028564
100904617,0.094238,0.118652,1.045654
100909617,0.090332,0.119629,1.033691
100914617,0.090332,0.108154,1.021973
100919617,0.083984,0.114502,1.057129
100924617,0.092529,0.11792,1.052002
100929617,0.08667,0.10498,1.021729
100934617,0.083496,0.110596,1.038574
100939617,0.089844,0.125244,1.05835
100944617,0.086182,0.116211,1.037842
100949617,0.085937,0.115967,1.033447
100954617,0.090332,0.126221,1.048584
100959617,0.087891,0.126709,1.045654
100964617,0.088379,0.118896,1.031494
100969617,0.09082,0.121826,1.037354
100974617,0.089844,0.120117,1.047363
100979617,0.09082,0.114502,1.044922
100984617,0.087891,0.111572,1.031006
100989617,0.09082,0.110107,1.04541
100994617,0.093994,0.114502,1.046387
100999617,0.095215,0.114014,1.056152
101004617,0.087646,0.118164,1.037842
101009617,0.094727,0.110352,1.030273
101014617,0.093018,0.112793,1.045898
101019617,0.086182,0.124268,1.06543
101024617,0.090576,0.124756,1.035156
101029617,0.087646,0.107666,1.020752
101034617,0.09375,0.123535,1.045898
101039617,0.092773,0.128174,1.039551
101044617,0.093994,0.114014,1.032227
101049617,0.091797,0.118164,1.041992
101054617,0.090332,0.127441,1.055664
101059617,0.089355,0.118408,1.041016
101064617,0.085937,0.106201,1.019287
101069617,0.085693,0.11377,1.062256
101074617,0.089111,0.124512,1.054443
101079617,0.087646,0.10791,1.031738
101084617,0.085205,0.113037,1.042969
101089617,0.090332,0.117676,1.041992
101094617,0.089111,0.10791,1.031982
101099617,0.08374,0.117676,1.030762
101104617,0.091309,0.122559,1.048584
101109617,0.09082,0.11792,1.039551
101114617,0.089355,0.116943,1.036377
101119617,0.087891,0.117432,1.047363
101124617,0.0896,0.111572,1.039551
101129617,0.087891,0.121094,1.035645
101134617,0.084229,0.115234,1.052002
101139617,0.087402,0.121094,1.031982
101144617,0.084717,0.110107,1.037109
101149617,0.094727,0.116455,1.042725
101154617,0.102295,0.12085,1.048828
101159617,0.097412,0.114014,1.035889
101164617,0.101074,0.125,1.039795
101169617,0.095947,0.121582,1.04541
101174617,0.097168,0.120605,1.030518
101179617,0.088379,0.119629,1.032227
101184617,0.088135,0.121582,1.040283
101189617,0.08252,0.115234,1.038086
101194617,0.083252,0.115967,1.035156
101199617,0.077881,0.113525,1.031982
101204617,0.084961,0.116455,1.050781
101209617,0.081055,0.111816,1.041748
101214617,0.084961,0.114258,1.04541
101219617,0.089111,0.120605,1.048096
101224617,0.091309,0.118408,1.038574
101229617,0.091797,0.115234,1.035889
101234617,0.093018,0.120605,1.04541
101239617,0.094238,0.122559,1.043701
101244617,0.094971,0.123291,1.034424
101249617,0.098877,0.121338,1.018799
101254617,0.105713,0.11377,1.037109
101259617,0.10083,0.133545,1.101318
101264617,0.09375,0.120605,1.021484
101269617,0.076416,0.086182,0.981934
101274617,0.086182,0.117188,1.047852
101279617,0.08374,0.138916,1.092529
101284617,0.07959,0.10083,1.016602
101289617,0.078613,0.093994,1.008789
101294617,0.087158,0.131104,1.068359
101299617,0.091553,0.114502,1.03418
101304617,0.088379,0.097168,1.019287
101309617,0.093994,0.12915,1.065674
101314617,0.09375,0.134766,1.062744
101319617,0.085205,0.112793,1.020996
101324617,0.084473,0.115234,1.017578
101329617,0.09668,0.128662,1.060303
101334617,0.093018,0.119873,1.046631
101339617,0.092041,0.105957,1.027588
101344617,0.093994,0.12207,1.050537
101349617,0.087402,0.115234,1.046631
101354617,0.084229,0.106934,1.030518
101359617,0.087158,0.112061,1.051025
101364617,0.091309,0.118164,1.054688
101369617,0.092285,0.109131,1.043701
101374617,0.08374,0.114258,1.032471
101379617,0.086426,0.12207,1.048096
101384617,0.085693,0.117676,1.04126
101389617,0.094482,0.123779,1.042725
101394617,0.087402,0.130859,1.041992
101399617,0.09082,0.123291,1.043701
101404617,0.0896,0.117188,1.039551
101409617,0.089844,0.119385,1.045898
101414617,0.088867,0.115723,1.041992
101419617,0.092529,0.116455,1.044678
101424617,0.093994,0.115479,1.044922
101429617,0.092041,0.109619,1.042969
101434617,0.0896,0.110596,1.045166
101439617,0.087158,0.116943,1.045654
101444617,0.087158,0.117432,1.045654
101449617,0.091309,0.119629,1.040039
101454617,0.09082,0.115479,1.039063
101459617,0.090576,0.116699,1.036133
101464617,0.093018,0.124756,1.060547
101469617,0.084961,0.126953,1.040283
101474617,0.087158,0.115723,1.019287
101479617,0.090332,0.12207,1.046387
101484617,0.089844,0.129395,1.045898
101489617,0.093018,0.11377,1.026855
101494617,0.087646,0.109131,1.037354
101499617,0.096924,0.121338,1.058838
101504617,0.086426,0.11499,1.037354
101509617,0.092529,0.101563,1.018066
101514617,0.092773,0.114746,1.044189
101519617,0.092041,0.119873,1.053467
101524617,0.088623,0.110352,1.032471
101529617,0.0896,0.112793,1.041504
101534617,0.087646,0.125488,1.053955
101539617,0.08667,0.11377,1.034668
101544617,0.091553,0.119385,1.046875
101549617,0.0896,0.119629,1.04541
101554617,0.08667,0.115723,1.040771
101559617,0.087402,0.112793,1.036865
101564617,0.086914,0.113037,1.039063
101569617,0.091309,0.115967,1.045654
101574617,0.089355,0.11377,1.047852
101579617,0.081299,0.112061,1.041748
101584617,0.084717,0.109619,1.034668
101589617,0.085937,0.114258,1.040771
101594617,0.086914,0.121094,1.037598
101599617,0.085205,0.111328,1.027832
101604617,0.089355,0.117676,1.041748
101609617,0.088379,0.125488,1.064697
101614617,0.083496,0.123047,1.040527
101619617,0.087158,0.114258,1.03125
101624617,0.088623,0.122559,1.039551
101629617,0.094238,0.116943,1.03418
101634617,0.091309,0.113525,1.034424
101639617,0.089355,0.127441,1.057129
101644617,0.088867,0.12207,1.050781
101649617,0.086914,0.105469,1.023926
101654617,0.088379,0.107422,1.03125
101659617,0.099609,0.114014,1.051758
101664617,0.089844,0.106689,1.052002
101669617,0.085449,0.11499,1.038818
101674617,0.084473,0.116943,1.033691
101679617,0.084229,0.126709,1.04541
101684617,0.086426,0.123047,1.040527
101689617,0.088379,0.119141,1.029297
101694617,0.093506,0.115234,1.040527
101699617,0.092529,0.124268,1.039795
101704617,0.088867,0.12207,1.041992
101709617,0.091064,0.119141,1.041504
101714617,0.091309,0.125244,1.045654
101719617,0.090332,0.116455,1.044678
101724617,0.088867,0.107178,1.02832
101729617,0.092529,0.111816,1.032715
101734617,0.09082,0.112793,1.039795
101739617,0.089111,0.116943,1.041748
101744617,0.080322,0.111572,1.038818
101749617,0.085205,0.118896,1.046143
101754617,0.088623,0.120361,1.037109
101759617,0.084473,0.118652,1.032715
101764617,0.088379,0.120117,1.04541
101769617,0.090576,0.122314,1.052734
101774617,0.087158,0.123047,1.046875
101779617,0.088135,0.119873,1.043701
101784617,0.085937,0.12085,1.036865
101789617,0.090088,0.116943,1.038086
101794617,0.09375,0.113525,1.03418
101799617,0.092529,0.119873,1.051758
101804617,0.086914,0.112549,1.041016
101809617,0.088135,0.115234,1.033447
101814617,0.085937,0.111816,1.041016
101819617,0.091553,0.118164,1.043701
101824617,0.092285,0.114746,1.044189
101829617,0.091309,0.120117,1.045654
101834617,0.087402,0.124268,1.043457
101839617,0.084961,0.11792,1.036133
101844617,0.090332,0.119629,1.034424
101849617,0.094238,0.125977,1.049072
101854617,0.092773,0.12207,1.049316
101859617,0.093018,0.117676,1.039795
101864617,0.085937,0.116455,1.035156
101869617,0.090088,0.116943,1.039795
101874617,0.084229,0.116455,1.044678
101879617,0.088379,0.105469,1.040039
101884617,0.088135,0.108398,1.033691
101889617,0.088867,0.112549,1.041748
101894617,0.086182,0.110107,1.044922
101899617,0.083496,0.109375,1.042725
101904617,0.091309,0.112549,1.040527
101909617,0.096436,0.120605,1.042725
101914617,0.094971,0.118652,1.028809
101919617,0.09375,0.120117,1.041748
101924617,0.092041,0.12207,1.038574
101929617,0.096191,0.121826,1.041748
101934617,0.091309,0.122559,1.038818
101939617,0.090576,0.12207,1.04834
101944617,0.094238,0.120361,1.044678
101949617,0.084717,0.114258,1.037842
101954617,0.084473,0.11377,1.043457
101959617,0.076416,0.109375,1.030762
101964617,0.091064,0.110352,1.029785
101969617,0.084717,0.11792,1.084229
101974617,0.077393,0.127197,1.054932
101979617,0.08667,0.105469,0.996338
101984617,0.08252,0.111572,1.041748
101989617,0.095703,0.141602,1.07666
101994617,0.095703,0.124756,1.036621
101999617,0.090332,0.111328,1.031738
102004617,0.092041,0.138184,1.061523
102009617,0.090332,0.12793,1.031738
102014617,0.091797,0.098633,1.007568
102019617,0.099854,0.12085,1.056885
102024617,0.094727,0.128418,1.080322
102029617,0.087402,0.099121,1.019043
102034617,0.079102,0.10083,1.018555
102039617,0.092285,0.115967,1.059082
102044617,0.09082,0.114746,1.055908
102049617,0.086914,0.103027,1.028076
102054617,0.089111,0.119385,1.048828
102059617,0.08667,0.122559,1.049316
102064617,0.089844,0.116211,1.026123
102069617,0.094971,0.125,1.042725
102074617,0.097412,0.124023,1.055664
102079617,0.096924,0.122314,1.046631
102084617,0.09375,0.115234,1.039795
102089617,0.087891,0.120117,1.029053
102094617,0.093994,0.112305,1.035156
102099617,0.094238,0.114258,1.037109
102104617,0.092773,0.109375,1.049316
102109617,0.085693,0.112793,1.039551
102114617,0.085693,0.11084,1.042725
102119617,0.082275,0.112793,1.044189
102124617,0.086182,0.110596,1.054199
102129617,0.087158,0.114502,1.05542
102134617,0.082764,0.126221,1.050781
102139617,0.085937,0.123047,1.039795
102144617,0.093506,0.120117,1.037354
102149617,0.087646,0.123779,1.039795
102154617,0.094727,0.119629,1.044189
102159617,0.088379,0.118652,1.03833
102164617,0.095459,0.119385,1.033203
102169617,0.091797,0.112305,1.043213
102174617,0.092285,0.112061,1.042725
102179617,0.090332,0.11377,1.037598
102184617,0.091797,0.109131,1.043701
102189617,0.084229,0.110352,1.046631
102194617,0.081299,0.11084,1.044678
102199617,0.082031,0.114502,1.038086
102204617,0.088867,0.11377,1.045898
102209617,0.086914,0.123291,1.043457
102214617,0.087402,0.118164,1.041748
102219617,0.087646,0.125244,1.039063
102224617,0.086182,0.125732,1.035156
102229617,0.0896,0.120117,1.03418
102234617,0.0896,0.122803,1.035645
102239617,0.096191,0.118896,1.040283
102244617,0.090332,0.114502,1.03418
102249617,0.092529,0.114502,1.038818
102254617,0.093506,0.112305,1.043945
102259617,0.089355,0.107178,1.047119
102264617,0.091064,0.114746,1.037842
102269617,0.087158,0.117432,1.043457
102274617,0.088867,0.115723,1.036621
102279617,0.087402,0.118164,1.042725
102284617,0.090576,0.119873,1.044434
102289617,0.088379,0.118408,1.037842
102294617,0.093018,0.119141,1.030273
102299617,0.0896,0.119385,1.041748
102304617,0.091309,0.120117,1.036377
102309617,0.090576,0.115967,1.041992
102314617,0.094727,0.11084,1.044922
102319617,0.093018,0.115967,1.033203
102324617,0.091553,0.113037,1.03833
102329617,0.090332,0.113525,1.034668
102334617,0.092285,0.114258,1.042969
102339617,0.093262,0.114746,1.040039
102344617,0.089844,0.116211,1.044189
102349617,0.088867,0.117188,1.043213
102354617,0.087891,0.119385,1.042969
102359617,0.089355,0.121582,1.050049
102364617,0.08374,0.121826,1.035889
102369617,0.088623,0.118164,1.038086
102374617,0.090332,0.117432,1.037354
102379617,0.091553,0.115967,1.043457
102384617,0.090576,0.117676,1.039063
102389617,0.09375,0.119141,1.037842
102394617,0.0896,0.118164,1.050293
102399617,0.088623,0.116211,1.03125
102404617,0.087891,0.104004,1.032227
102409617,0.090576,0.115479,1.049805
102414617,0.091553,0.116211,1.048096
102419617,0.087402,0.111572,1.036377
102424617,0.085205,0.107422,1.036133
102429617,0.090576,0.118652,1.045898
102434617,0.082275,0.122559,1.040039
102439617,0.088623,0.117432,1.036865
102444617,0.092285,0.125977,1.043945
102449617,0.091309,0.125732,1.039551
102454617,0.096924,0.115234,1.034424
102459617,0.088623,0.118408,1.037354
102464617,0.094238,0.117188,1.041016
102469617,0.089844,0.115967,1.032471
102474617,0.0896,0.114258,1.042236
102479617,0.086182,0.122314,1.054932
102484617,0.083008,0.11792,1.041748
102489617,0.08252,0.112061,1.036865
102494617,0.093262,0.115234,1.051514
102499617,0.09082,0.119385,1.043701
102504617,0.085449,0.118896,1.034912
102509617,0.086426,0.118896,1.042236
102514617,0.093506,0.121826,1.05127
102519617,0.087402,0.118164,1.032471
102524617,0.087158,0.119385,1.029053
102529617,0.092773,0.122559,1.050781
102534617,0.093018,0.117188,1.047363
102539617,0.086914,0.110596,1.015381
102544617,0.085693,0.105957,1.051758
102549617,0.093994,0.122803,1.05542
102554617,0.087891,0.107422,1.033447
102559617,0.087158,0.108398,1.029053
102564617,0.094238,0.123047,1.048584
102569617,0.092529,0.116699,1.033691
102574617,0.09375,0.108154,1.025879
102579617,0.098389,0.123779,1.056641
102584617,0.093994,0.126953,1.05249
102589617,0.091309,0.114014,1.027344
102594617,0.093018,0.118896,1.041016
102599617,0.094238,0.123291,1.054688
102604617,0.088867,0.116211,1.035889
102609617,0.088135,0.114502,1.034668
102614617,0.086182,0.117432,1.043945
102619617,0.086914,0.11499,1.037842
102624617,0.085205,0.112061,1.0354
102629617,0.087158,0.115967,1.047607
102634617,0.087158,0.112061,1.044434
102639617,0.080566,0.114746,1.039795
102644617,0.085693,0.116211,1.04248
102649617,0.090576,0.118652,1.04248
102654617,0.0896,0.119873,1.041504
102659617,0.090088,0.117676,1.040527
102664617,0.093506,0.121826,1.04541
102669617,0.092285,0.121094,1.046143
102674617,0.086182,0.118408,1.031006
102679617,0.092773,0.118896,1.050049
102684617,0.087158,0.118408,1.030518
102689617,0.086182,0.114014,1.036621
102694617,0.086914,0.11084,1.042236
102699617,0.081055,0.115967,1.04248
102704617,0.085937,0.114258,1.041016
102709617,0.088867,0.117188,1.042236
102714617,0.091064,0.113525,1.032715
102719617,0.092041,0.11084,1.033936
102724617,0.091797,0.123779,1.062988
102729617,0.09375,0.130859,1.056396
102734617,0.086182,0.112305,1.016113
102739617,0.09375,0.112061,1.02832
102744617,0.098389,0.123535,1.058594
102749617,0.090576,0.115723,1.051514
102754617,0.086914,0.111816,1.030762
102759617,0.087646,0.121094,1.046143
102764617,0.082031,0.119385,1.048828
102769617,0.078613,0.111572,1.029053
102774617,0.088867,0.112793,1.035889
102779617,0.089355,0.117188,1.054199
102784617,0.082764,0.122314,1.035645
102789617,0.084961,0.116211,1.033691
102794617,0.089355,0.116943,1.035645
102799617,0.094971,0.118896,1.037109
102804617,0.100342,0.118164,1.031982
102809617,0.094727,0.12207,1.055908
102814617,0.086914,0.125244,1.045654
102819617,0.082031,0.111572,1.023926
102824617,0.086426,0.109375,1.031738
102829617,0.0896,0.118408,1.043213
102834617,0.092041,0.112549,1.040527
102839617,0.088135,0.11499,1.04126
102844617,0.083008,0.115967,1.043945
102849617,0.084229,0.112549,1.040039
102854617,0.087646,0.113037,1.037109
102859617,0.085937,0.116699,1.047119
102864617,0.085693,0.123779,1.049072
102869617,0.086426,0.12085,1.039063
102874617,0.087402,0.11792,1.042236
102879617,0.093994,0.11792,1.040039
102884617,0.093994,0.120361,1.035156
102889617,0.098145,0.114746,1.046387
102894617,0.097168,0.116699,1.042236
102899617,0.098633,0.116211,1.038818
102904617,0.091309,0.113037,1.025391
102909617,0.090576,0.116699,1.044922
102914617,0.091064,0.12207,1.042236
102919617,0.081543,0.111328,1.027588
102924617,0.084473,0.115234,1.036621
102929617,0.084473,0.125488,1.064941
102934617,0.081055,0.114502,1.049072
102939617,0.083984,0.117432,1.033691
102944617,0.08374,0.124268,1.062988
102949617,0.087402,0.122559,1.052246
102954617,0.086426,0.11499,1.038086
102959617,0.092285,0.12085,1.036133
102964617,0.098389,0.116943,1.057373
102969617,0.096924,0.122803,1.055908
102974617,0.089111,0.11377,1.022461
102979617,0.0896,0.11377,1.028076
102984617,0.094727,0.109375,1.047119
102989617,0.088623,0.112793,1.044922
102994617,0.093018,0.106934,1.04541
102999617,0.085693,0.11084,1.045898
103004617,0.085449,0.116943,1.049805
103009617,0.087646,0.120605,1.040283
103014617,0.083008,0.114746,1.031738
103019617,0.094971,0.125732,1.046143
103024617,0.089111,0.119629,1.044189
103029617,0.086914,0.11499,1.044922
103034617,0.0896,0.124268,1.031006
103039617,0.088623,0.114258,1.031006
103044617,0.098877,0.118896,1.058594
103049617,0.092773,0.118408,1.054932
103054617,0.089355,0.109131,1.03125
103059617,0.09082,0.11084,1.041748
103064617,0.091797,0.118408,1.046875
103069617,0.090088,0.114014,1.038086
103074617,0.092285,0.109131,1.037842
103079617,0.090576,0.121582,1.05127
103084617,0.089111,0.119141,1.037354
103089617,0.086182,0.116943,1.030273
103094617,0.089111,0.122559,1.038086
103099617,0.089844,0.124756,1.04541
103104617,0.092285,0.115479,1.04126
103109617,0.094727,0.117188,1.046631
103114617,0.087891,0.121094,1.046143
103119617,0.085449,0.114258,1.031738
103124617,0.088135,0.115234,1.033447
103129617,0.087891,0.12207,1.042725
103134617,0.091064,0.115479,1.053955
103139617,0.087402,0.114258,1.04834
103144617,0.085449,0.111328,1.04126
103149617,0.087402,0.114502,1.040283
103154617,0.087891,0.115234,1.040283
103159617,0.084473,0.118408,1.044922
103164617,0.090088,0.122559,1.049072
103169617,0.087158,0.116455,1.044922
103174617,0.08667,0.119141,1.03125
103179617,0.088135,0.122559,1.042236
103184617,0.093262,0.118896,1.035889
103189617,0.092773,0.114014,1.042969
103194617,0.088623,0.114746,1.046631
103199617,0.086426,0.115967,1.042236
103204617,0.088379,0.113281,1.042725
103209617,0.091553,0.116211,1.033203
103214617,0.090088,0.116455,1.040771
103219617,0.090332,0.114014,1.042236
103224617,0.0896,0.112549,1.037598
103229617,0.086914,0.117188,1.042236
103234617,0.090332,0.119629,1.046143
103239617,0.087891,0.119873,1.039307
103244617,0.0896,0.122314,1.043945
103249617,0.090088,0.12085,1.043457
103254617,0.089844,0.122803,1.039307
103259617,0.090576,0.116211,1.03833
103264617,0.09082,0.117676,1.045166
103269617,0.092773,0.116943,1.042725
103274617,0.087646,0.114258,1.034912
103279617,0.089355,0.115967,1.044189
103284617,0.0896,0.11499,1.046143
103289617,0.0896,0.114746,1.037109
103294617,0.0896,0.110596,1.025391
103299617,0.087158,0.11377,1.036621
103304617,0.094971,0.116211,1.054199
103309617,0.092041,0.110352,1.043457
103314617,0.085449,0.114746,1.035645
103319617,0.086426,0.116943,1.03125
103324617,0.090576,0.116211,1.03125
103329617,0.093262,0.123047,1.034912
103334617,0.093018,0.124512,1.043945
103339617,0.090332,0.123535,1.036865
103344617,0.084961,0.118408,1.040283
103349617,0.087402,0.118896,1.038574
103354617,0.086914,0.120117,1.03418
103359617,0.088135,0.113037,1.042969
103364617,0.086426,0.116699,1.057617
103369617,0.088135,0.116699,1.040283
103374617,0.086426,0.112793,1.040039
103379617,0.08374,0.108887,1.037354
103384617,0.089844,0.11792,1.048828
103389617,0.092041,0.116455,1.04541
103394617,0.092041,0.118652,1.044189
103399617,0.089844,0.121826,1.03418
103404617,0.088867,0.119873,1.040527
103409617,0.088379,0.122559,1.025391
103414617,0.090332,0.121582,1.043457
103419617,0.094482,0.121582,1.056396
103424617,0.087646,0.122314,1.029541
103429617,0.090088,0.113281,1.032715
103434617,0.091797,0.117188,1.038574
103439617,0.090576,0.116211,1.043213
103444617,0.09375,0.113525,1.034424
103449617,0.087891,0.111328,1.035645
103454617,0.087891,0.116943,1.044678
103459617,0.089844,0.115479,1.043457
103464617,0.082275,0.110352,1.033447
103469617,0.085937,0.118896,1.041748
103474617,0.073242,0.122314,1.043213
103479617,0.079834,0.124268,1.026367
103484617,0.099609,0.113281,1.046875
103489617,0.113281,0.122559,1.037842
103494617,0.114258,0.11792,1.048584
103499617,0.109131,0.129639,1.064941
103504617,0.08667,0.125977,1.049072
103509617,0.079346,0.121582,1.038574
103514617,0.086914,0.111572,1.029541
103519617,0.088867,0.108643,1.04248
103524617,0.091797,0.108154,1.04126
103529617,0.091309,0.10791,1.042725
103534617,0.08667,0.111328,1.043945
103539617,0.090088,0.118408,1.038574
103544617,0.087891,0.117432,1.035889
103549617,0.088379,0.116455,1.047852
103554617,0.087891,0.123291,1.046631
103559617,0.080322,0.119629,1.038086
103564617,0.089111,0.118652,1.037109
103569617,0.09082,0.117676,1.047119
103574617,0.092041,0.121338,1.036621
103579617,0.0896,0.110596,1.032959
103584617,0.088379,0.117188,1.039551
103589617,0.092529,0.121094,1.046143
103594617,0.089844,0.117676,1.036377
103599617,0.088623,0.115723,1.037354
103604617,0.083252,0.116211,1.049316
103609617,0.091309,0.113525,1.042236
103614617,0.088867,0.113037,1.041504
103619617,0.090576,0.117676,1.047119
103624617,0.092773,0.119385,1.049072
103629617,0.091553,0.114014,1.032715
103634617,0.090088,0.117676,1.044434
103639617,0.088867,0.119629,1.046631
103644617,0.08374,0.113525,1.034912
103649617,0.080566,0.119873,1.034424
103654617,0.084717,0.118408,1.037354
103659617,0.09082,0.114014,1.043945
103664617,0.087158,0.113281,1.038086
103669617,0.087891,0.117676,1.045898
103674617,0.091064,0.118896,1.044678
103679617,0.084473,0.118896,1.037842
103684617,0.083008,0.118408,1.038574
103689617,0.089844,0.120117,1.039307
103694617,0.092285,0.117432,1.040527
103699617,0.093994,0.125977,1.040039
103704617,0.089355,0.119141,1.029785
103709617,0.100342,0.112549,1.052734
103714617,0.103027,0.12085,1.046143
103719617,0.088867,0.103271,1.020996
103724617,0.091309,0.11499,1.042236
103729617,0.093262,0.120361,1.05835
103734617,0.087402,0.111328,1.033203
103739617,0.086182,0.111816,1.039551
103744617,0.087646,0.124268,1.05957
103749617,0.083496,0.114014,1.035156
103754617,0.087646,0.104004,1.023682
103759617,0.094482,0.125,1.048584
103764617,0.089844,0.124268,1.05542
103769617,0.085937,0.112061,1.027832
103774617,0.09082,0.122559,1.035156
103779617,0.094971,0.120117,1.049561
103784617,0.093994,0.118408,1.028809
103789617,0.091309,0.116211,1.036377
103794617,0.093994,0.124756,1.044434
103799617,0.089355,0.119385,1.041504
103804617,0.086182,0.111328,1.034424
103809617,0.090576,0.117188,1.041748
103814617,0.094238,0.114746,1.041992
103819617,0.091064,0.114502,1.03418
103824617,0.09375,0.115723,1.046387
103829617,0.088379,0.118408,1.045166
103834617,0.084473,0.117676,1.032959
103839617,0.084717,0.118408,1.03833
103844617,0.092529,0.121826,1.054199
103849617,0.090332,0.123535,1.036865
103854617,0.090088,0.111816,1.03833
103859617,0.088135,0.119873,1.044189
103864617,0.08667,0.125488,1.041748
103869617,0.085693,0.119141,1.039551
103874617,0.086914,0.118652,1.044189
103879617,0.088623,0.11084,1.03833
103884617,0.090088,0.113037,1.036865
103889617,0.090576,0.111328,1.044189
103894617,0.087891,0.112549,1.040283
103899617,0.089844,0.114014,1.031738
103904617,0.092529,0.116699,1.046387
103909617,0.09082,0.121094,1.048584
103914617,0.09375,0.113525,1.018311
103919617,0.093018,0.115967,1.044189
103924617,0.095215,0.12915,1.067383
103929617,0.090088,0.123047,1.018555
103934617,0.080566,0.109375,0.998535
103939617,0.091064,0.126221,1.052979
103944617,0.0896,0.137695,1.067627
103949617,0.083008,0.114502,1.034912
103954617,0.08252,0.113525,1.033447
103959617,0.086426,0.126221,1.060059
103964617,0.084473,0.113037,1.030518
103969617,0.083252,0.107178,1.022217
103974617,0.086182,0.118408,1.064209
103979617,0.081787,0.119629,1.046875
103984617,0.085449,0.109863,1.023193
103989617,0.084717,0.115234,1.029785
103994617,0.091309,0.126953,1.048584
103999617,0.09375,0.115234,1.04126
104004617,0.090576,0.119385,1.040527
104009617,0.092041,0.122803,1.043213
104014617,0.085449,0.116943,1.023438
104019617,0.092529,0.112549,1.014648
104024617,0.0896,0.11792,1.045654
104029617,0.099365,0.128906,1.076416
104034617,0.089844,0.114502,1.010986
104039617,0.088379,0.089355,1.001465
104044617,0.097168,0.123047,1.073486
104049617,0.089355,0.131592,1.076904
104054617,0.084961,0.098877,1.010498
104059617,0.086426,0.113037,1.034668
104064617,0.085693,0.136719,1.084717
104069617,0.086182,0.114502,1.028076
104074617,0.089355,0.10083,0.99585
104079617,0.092041,0.130127,1.072754
104084617,0.089111,0.131592,1.06543
104089617,0.082764,0.100098,1.008301
104094617,0.089355,0.115967,1.029297
104099617,0.093018,0.134521,1.058105
104104617,0.091797,0.115723,1.033203
104109617,0.092041,0.104736,1.023193
104114617,0.092529,0.127686,1.056641
104119617,0.084961,0.120605,1.036377
104124617,0.088623,0.103027,1.017334
104129617,0.095947,0.120361,1.049316
104134617,0.083496,0.127197,1.072754
104139617,0.084229,0.112305,1.017578
104144617,0.086426,0.106201,1.009766
104149617,0.088135,0.123291,1.072998
104154617,0.092773,0.124268,1.05835
104159617,0.087158,0.106934,1.02002
104164617,0.089355,0.114746,1.032715
104169617,0.095215,0.127686,1.044434
104174617,0.097168,0.106934,1.023926
104179617,0.103271,0.110107,1.032715
104184617,0.098389,0.122803,1.064209
104189617,0.089844,0.12207,1.025635
104194617,0.096924,0.105957,1.023682
104199617,0.095459,0.111816,1.040283
104204617,0.093506,0.112305,1.045166
104209617,0.086426,0.120117,1.020996
104214617,0.097168,0.122314,1.046387
104219617,0.085205,0.124512,1.05127
104224617,0.075439,0.123779,1.02832
104229617,0.070068,0.118164,1.037842
104234617,0.072266,0.134033,1.05127
104239617,0.072754,0.132568,1.033691
104244617,0.076172,0.122803,1.050293
104249617,0.077148,0.128906,1.042236
104254617,0.077393,0.118652,1.036133
104259617,0.085937,0.114746,1.045654
104264617,0.091797,0.124023,1.059082
104269617,0.091797,0.113525,1.046387
104274617,0.093506,0.103271,1.029541
104279617,0.100586,0.106934,1.031006
104284617,0.10498,0.109375,1.043701
104289617,0.09668,0.119385,1.057861
104294617,0.091064,0.126953,1.068115
104299617,0.09082,0.113525,1.02832
104304617,0.086426,0.102783,1.007568
104309617,0.099609,0.115479,1.033691
104314617,0.09375,0.117676,1.05127
104319617,0.08667,0.115967,1.038086
104324617,0.085693,0.124512,1.050781
104329617,0.071045,0.131104,1.042969
104334617,0.077148,0.117188,1.034668
104339617,0.082031,0.119629,1.041016
104344617,0.093994,0.116211,1.067139
104349617,0.098145,0.125244,1.052246
104354617,0.078369,0.107666,1.009033
104359617,0.081299,0.10791,1.024658
104364617,0.084473,0.127441,1.082764
104369617,0.085205,0.115967,1.025635
104374617,0.091309,0.101563,1.00293
104379617,0.101074,0.123779,1.064453
104384617,0.101318,0.134033,1.0625
104389617,0.092529,0.111328,1.014404
104394617,0.087158,0.118164,1.03125
104399617,0.087402,0.131104,1.057373
104404617,0.093018,0.111084,1.03833
104409617,0.090576,0.105957,1.023438
104414617,0.084473,0.128662,1.051514
104419617,0.077393,0.120605,1.040039
104424617,0.083008,0.108887,1.02124
104429617,0.077881,0.122803,1.043213
104434617,0.081299,0.121826,1.040771
104439617,0.085449,0.101318,1.02417
104444617,0.087158,0.110352,1.024658
104449617,0.095459,0.126465,1.056641
104454617,0.094727,0.118652,1.050537
104459617,0.094482,0.113037,1.029053
104464617,0.097412,0.116455,1.033691
104469617,0.10083,0.119873,1.049805
104474617,0.095215,0.11792,1.034912
104479617,0.091553,0.117676,1.026367
104484617,0.084473,0.119141,1.034668
104489617,0.08374,0.12085,1.03833
104494617,0.084717,0.116943,1.039307
104499617,0.088135,0.118896,1.042725
104504617,0.08252,0.119873,1.047852
104509617,0.080811,0.118164,1.054199
104514617,0.082764,0.112549,1.03833
104519617,0.083984,0.118408,1.041748
104524617,0.083496,0.121826,1.053223
104529617,0.086426,0.116699,1.036377
104534617,0.093994,0.117432,1.036133
104539617,0.101318,0.11792,1.049072
104544617,0.088379,0.118652,1.036621
104549617,0.089111,0.121338,1.032959
104554617,0.090576,0.118896,1.039795
104559617,0.091064,0.112305,1.041016
104564617,0.087891,0.11499,1.031982
104569617,0.088135,0.112793,1.041748
104574617,0.089111,0.114258,1.036621
104579617,0.091553,0.114258,1.039307
104584617,0.087646,0.117188,1.055664
104589617,0.078125,0.117432,1.039063
104594617,0.083984,0.113281,1.039063
104599617,0.094238,0.116455,1.045898
104604617,0.089111,0.118652,1.047607
104609617,0.090088,0.119385,1.045654
104614617,0.088135,0.116943,1.033447
104619617,0.087891,0.113525,1.021484
104624617,0.093262,0.112549,1.044922
104629617,0.089844,0.122314,1.070801
104634617,0.0896,0.128906,1.048584
104639617,0.085937,0.105469,1.006836
104644617,0.093018,0.111084,1.036133
104649617,0.094238,0.132568,1.075195
104654617,0.092529,0.115234,1.036865
104659617,0.091797,0.103271,1.0271
104664617,0.085937,0.123291,1.076172
104669617,0.091553,0.132812,1.047852
104674617,0.085693,0.101563,1.006836
104679617,0.093018,0.115967,1.043213
104684617,0.085693,0.130371,1.068848
104689617,0.078369,0.11377,1.031006
104694617,0.086914,0.107666,1.025635
104699617,0.089111,0.124268,1.063965
104704617,0.091064,0.119629,1.039795
104709617,0.091797,0.107666,1.017334
104714617,0.089844,0.11792,1.050049
104719617,0.096436,0.127197,1.054932
104724617,0.088379,0.110596,1.029053
104729617,0.089844,0.112305,1.033203
104734617,0.091797,0.125977,1.048828
104739617,0.091309,0.110596,1.035156
104744617,0.092529,0.110107,1.031738
104749617,0.091309,0.122803,1.045654
104754617,0.086914,0.116699,1.043213
104759617,0.092041,0.110596,1.040771
104764617,0.086182,0.115234,1.039551
104769617,0.088623,0.116699,1.041992
104774617,0.08667,0.11377,1.037842
104779617,0.09082,0.12207,1.041016
104784617,0.083984,0.122559,1.048584
104789617,0.084961,0.116699,1.038086
104794617,0.08374,0.113037,1.043701
104799617,0.089355,0.121582,1.04541
104804617,0.086426,0.118408,1.043457
104809617,0.083496,0.115479,1.040771
104814617,0.092285,0.122314,1.047852
104819617,0.089111,0.114502,1.046143
104824617,0.085693,0.112549,1.029785
104829617,0.090576,0.116943,1.039307
104834617,0.087402,0.114502,1.052002
104839617,0.0896,0.11792,1.035645
104844617,0.088867,0.108643,1.029297
104849617,0.09082,0.115234,1.047119
104854617,0.088379,0.125,1.059326
104859617,0.092773,0.118164,1.037598
104864617,0.081299,0.113037,1.027588
104869617,0.092529,0.119385,1.050537
104874617,0.0896,0.117432,1.04126
104879617,0.090088,0.105713,1.032471
104884617,0.091553,0.118896,1.049316
104889617,0.088867,0.12207,1.052246
104894617,0.08667,0.11499,1.03125
104899617,0.091309,0.107178,1.026855
104904617,0.094482,0.122559,1.050537
104909617,0.08667,0.124268,1.057861
104914617,0.083008,0.118896,1.052734
104919617,0.08667,0.107178,1.008789
104924617,0.091309,0.11377,1.037842
104929617,0.095215,0.125,1.062256
104934617,0.09375,0.112793,1.039307
104939617,0.08252,0.110107,1.020996
104944617,0.087402,0.124268,1.047607
104949617,0.088623,0.120605,1.041504
104954617,0.088379,0.111816,1.022705
104959617,0.088867,0.121826,1.048584
104964617,0.087646,0.124023,1.060791
104969617,0.086182,0.115967,1.034912
104974617,0.087158,0.113037,1.017822
104979617,0.088867,0.11792,1.042236
104984617,0.0896,0.120361,1.060059
104989617,0.085449,0.12085,1.047363
104994617,0.083984,0.123047,1.035156
104999617,0.085937,0.11084,1.039307
105004617,0.089355,0.112549,1.04541
105009617,0.0979,0.114746,1.037109
105014617,0.095215,0.113525,1.038574
105019617,0.094727,0.120117,1.044922
105024617,0.091309,0.116455,1.036133
105029617,0.086426,0.119141,1.032959
105034617,0.087891,0.118652,1.036377
105039617,0.089844,0.119873,1.046387
105044617,0.092773,0.114502,1.039307
105049617,0.086182,0.117188,1.049072
105054617,0.084717,0.115234,1.036377
105059617,0.083252,0.111816,1.031494
105064617,0.085449,0.115723,1.040527
105069617,0.0896,0.123047,1.055908
105074617,0.083984,0.119385,1.039795
105079617,0.092041,0.11377,1.033203
105084617,0.0896,0.123291,1.047119
105089617,0.092529,0.115723,1.037598
105094617,0.096191,0.112793,1.035889
105099617,0.0896,0.119385,1.047119
105104617,0.084961,0.12207,1.043213
105109617,0.092285,0.111328,1.031982
105114617,0.091797,0.117676,1.042236
105119617,0.089844,0.112549,1.053223
105124617,0.086182,0.114258,1.035156
105129617,0.087891,0.115723,1.035645
105134617,0.084473,0.119629,1.042236
105139617,0.089111,0.116943,1.047607
105144617,0.086914,0.115723,1.031738
105149617,0.088867,0.118896,1.047852
105154617,0.086182,0.12207,1.04248
105159617,0.089355,0.119629,1.041992
105164617,0.088135,0.118408,1.039551
105169617,0.087158,0.116943,1.046387
105174617,0.088623,0.118652,1.039795
105179617,0.089111,0.114502,1.043213
105184617,0.089355,0.121582,1.043945
105189617,0.085937,0.116211,1.042236
105194617,0.084473,0.114746,1.035889
105199617,0.085205,0.116211,1.036865
105204617,0.090332,0.120117,1.04541
105209617,0.092285,0.118164,1.046875
105214617,0.092529,0.121582,1.049561
105219617,0.08667,0.116699,1.042725
105224617,0.091309,0.121338,1.040771
105229617,0.088867,0.114014,1.029053
105234617,0.091309,0.112549,1.032959
105239617,0.08252,0.115479,1.046143
105244617,0.092041,0.128662,1.047607
105249617,0.084473,0.118652,1.03125
105254617,0.083252,0.104736,1.026123
105259617,0.087402,0.113525,1.040771
105264617,0.088379,0.130615,1.063721
105269617,0.084717,0.115234,1.035645
105274617,0.0896,0.104736,1.036865
105279617,0.083496,0.118896,1.036865
105284617,0.088379,0.119873,1.040283
105289617,0.091797,0.108887,1.030029
105294617,0.098877,0.112061,1.043457
105299617,0.086182,0.124268,1.065674
105304617,0.087891,0.116943,1.024658
105309617,0.088379,0.105713,1.017578
105314617,0.099121,0.126221,1.057373
105319617,0.093506,0.12793,1.061035
105324617,0.089355,0.112061,1.025146
105329617,0.083496,0.117188,1.022705
105334617,0.08667,0.124756,1.050537
105339617,0.084473,0.11377,1.034912
105344617,0.084229,0.106689,1.033936
105349617,0.092041,0.124268,1.064941
105354617,0.088623,0.119385,1.054199
105359617,0.081299,0.11084,1.035156
105364617,0.085693,0.115967,1.031006
105369617,0.091309,0.118896,1.05542
105374617,0.093018,0.117188,1.043945
105379617,0.090576,0.119873,1.033447
105384617,0.09082,0.118652,1.03418
105389617,0.088623,0.123779,1.03833
105394617,0.093994,0.12085,1.034668
105399617,0.095703,0.121338,1.0354
105404617,0.094238,0.116211,1.045898
105409617,0.088867,0.116699,1.037842
105414617,0.091064,0.113037,1.037109
105419617,0.082275,0.115967,1.038086
105424617,0.084473,0.113281,1.044434
105429617,0.087158,0.115723,1.047852
105434617,0.087402,0.117676,1.055176
105439617,0.087158,0.116455,1.035889
105444617,0.09082,0.112549,1.037598
105449617,0.091064,0.121338,1.04541
105454617,0.093994,0.127197,1.050537
105459617,0.09082,0.118652,1.040283
105464617,0.090576,0.116455,1.036621
105469617,0.092529,0.125,1.044434
105474617,0.090332,0.117432,1.032227
105479617,0.090332,0.115234,1.040283
105484617,0.091309,0.120605,1.056885
105489617,0.084961,0.118408,1.044189
105494617,0.084961,0.114014,1.030762
105499617,0.078613,0.115967,1.040527
105504617,0.078857,0.111328,1.027832
105509617,0.093506,0.118408,1.061035
105514617,0.093994,0.131348,1.088623
105519617,0.090088,0.122559,1.054443
105524617,0.087402,0.103027,1.006104
105529617,0.098877,0.113037,1.034912
105534617,0.106934,0.123779,1.054688
105539617,0.095215,0.111084,1.028076
105544617,0.090088,0.111084,1.029053
105549617,0.098877,0.132812,1.093018
105554617,0.083008,0.128906,1.036621
105559617,0.08374,0.096436,0.973389
105564617,0.093506,0.10083,1.033447
105569617,0.102295,0.135986,1.114502
105574617,0.082275,0.12085,1.055908
105579617,0.072021,0.096191,1.010254
105584617,0.075195,0.119141,1.030029
105589617,0.088135,0.124268,1.050781
105594617,0.094727,0.111816,1.02832
105599617,0.091797,0.118896,1.057129
105604617,0.086914,0.129639,1.064697
105609617,0.081787,0.116699,1.01709
105614617,0.085205,0.11377,1.014648
105619617,0.092285,0.120361,1.042725
105624617,0.104492,0.122803,1.064209
105629617,0.098145,0.115967,1.043457
105634617,0.087402,0.114502,1.026367
105639617,0.087891,0.116699,1.035645
105644617,0.088623,0.114258,1.040283
105649617,0.087158,0.115967,1.051025
105654617,0.098145,0.12085,1.047607
105659617,0.086426,0.111572,1.043945
105664617,0.085693,0.112305,1.032227
105669617,0.085937,0.118408,1.033936
105674617,0.087158,0.117188,1.052246
105679617,0.088867,0.129883,1.056641
105684617,0.090576,0.117676,1.035889
105689617,0.087158,0.118652,1.041016
105694617,0.091553,0.121826,1.039307
105699617,0.093018,0.120361,1.046143
105704617,0.089844,0.109131,1.032227
105709617,0.087402,0.117432,1.048828
105714617,0.088867,0.119141,1.044189
105719617,0.088135,0.111572,1.036377
105724617,0.091064,0.112793,1.040283
105729617,0.088379,0.116943,1.050293
105734617,0.087891,0.115479,1.039795
105739617,0.086426,0.115967,1.034912
105744617,0.090332,0.123535,1.042236
105749617,0.09375,0.120605,1.036133
105754617,0.093018,0.115234,1.033936
105759617,0.094238,0.119629,1.049316
105764617,0.0896,0.124023,1.043457
105769617,0.086426,0.11792,1.033691
105774617,0.082764,0.11792,1.03418
105779617,0.084717,0.118896,1.041016
105784617,0.08667,0.105713,1.016602
105789617,0.090332,0.111572,1.053467
105794617,0.084961,0.125732,1.080566
105799617,0.088135,0.122803,1.027344
105804617,0.075928,0.105957,1.038818
105809617,0.093994,0.135254,1.060059
105814617,0.092285,0.116455,1.047852
105819617,0.097412,0.104736,1.014893
105824617,0.096191,0.125732,1.053711
105829617,0.090088,0.125,1.047607
105834617,0.088379,0.10083,1.012695
105839617,0.089355,0.110107,1.03418
105844617,0.090332,0.12085,1.057373
105849617,0.085937,0.114746,1.047852
105854617,0.08667,0.111328,1.031738
105859617,0.077393,0.112549,1.045166
105864617,0.081787,0.109863,1.039307
105869617,0.083008,0.113525,1.058105
105874617,0.08252,0.124512,1.044678
105879617,0.089844,0.113525,1.039795
105884617,0.092041,0.115234,1.039307
105889617,0.093994,0.127686,1.047607
105894617,0.099854,0.119873,1.038818
105899617,0.093506,0.120605,1.05127
105904617,0.090576,0.117188,1.037354
105909617,0.093262,0.117188,1.03125
105914617,0.095459,0.106689,1.024658
105919617,0.094727,0.111084,1.037842
105924617,0.088623,0.114258,1.047852
105929617,0.079834,0.115234,1.041016
105934617,0.084473,0.111572,1.04126
105939617,0.084473,0.114258,1.046875
105944617,0.076172,0.113525,1.031982
105949617,0.080811,0.109131,1.023438
105954617,0.085205,0.126953,1.056396
105959617,0.091553,0.129395,1.054932
105964617,0.088379,0.124512,1.031738
105969617,0.087891,0.116211,1.033203
105974617,0.094482,0.128662,1.055176
105979617,0.090088,0.12207,1.035156
105984617,0.091064,0.116211,1.029541
105989617,0.091309,0.114746,1.052002
105994617,0.091064,0.112549,1.045654
105999617,0.089844,0.111572,1.036377
106004617,0.092773,0.109863,1.045898
106009617,0.087891,0.113525,1.050537
106014617,0.088867,0.114746,1.036621
106019617,0.087402,0.113037,1.038086
106024617,0.083984,0.11792,1.05127
106029617,0.079102,0.119629,1.040771
106034617,0.090576,0.116211,1.036133
106039617,0.09375,0.121826,1.041992
106044617,0.091064,0.119385,1.04126
106049617,0.088379,0.117432,1.036865
106054617,0.088867,0.114014,1.014404
106059617,0.0896,0.11377,1.013428
106064617,0.085693,0.119385,1.020508
106069617,0.093018,0.118896,1.068115
106074617,0.093506,0.126709,1.101318
106079617,0.087158,0.112305,1.040527
106084617,0.085693,0.084229,0.981689
106089617,0.099854,0.095215,1.013428
106094617,0.10498,0.120117,1.083984
106099617,0.097168,0.122559,1.06958
106104617,0.081543,0.115723,1.037842
106109617,0.07373,0.128174,1.0271
106114617,0.085693,0.121094,1.012451
106119617,0.093262,0.110352,1.010254
106124617,0.095703,0.121582,1.057861
106129617,0.088623,0.131348,1.071045
106134617,0.074707,0.125732,1.037109
106139617,0.070801,0.118652,1.012207
106144617,0.083008,0.110352,1.028076
106149617,0.097656,0.11499,1.049316
106154617,0.106934,0.116455,1.064941
106159617,0.095703,0.116455,1.057129
106164617,0.091797,0.109375,1.031006
106169617,0.081543,0.108887,1.012939
106174617,0.093018,0.115967,1.030029
106179617,0.102295,0.117432,1.053467
106184617,0.101318,0.118408,1.051758
106189617,0.087891,0.122559,1.039795
106194617,0.079346,0.125244,1.043457
106199617,0.084229,0.124023,1.031006
106204617,0.083496,0.115479,1.038086
106209617,0.089111,0.123535,1.056152
106214617,0.088379,0.124023,1.059326
106219617,0.086914,0.111816,1.030762
106224617,0.086914,0.105225,1.020508
106229617,0.090088,0.116455,1.050537
106234617,0.087158,0.113281,1.041748
106239617,0.093262,0.108398,1.041748
106244617,0.09668,0.116455,1.048828
106249617,0.092285,0.112549,1.035156
